patient_id,shared_0,shared_1,shared_2,shared_3,shared_4,shared_5,shared_6,shared_7,shared_8,shared_9,shared_10,shared_11,shared_12,shared_13,shared_14,shared_15,shared_16,shared_17,shared_18,shared_19,shared_20,shared_21,shared_22,shared_23,shared_24,shared_25,shared_26,shared_27,shared_28,shared_29,shared_30,shared_31,shared_32,shared_33,shared_34,shared_35,shared_36,shared_37,shared_38,shared_39,shared_40,shared_41,shared_42,shared_43,shared_44,shared_45,shared_46,shared_47,shared_48,shared_49,shared_50,shared_51,shared_52,shared_53,shared_54,shared_55,shared_56,shared_57,shared_58,shared_59,shared_60,shared_61,shared_62,shared_63
TCGA-3M-AB46,-0.014039391,-0.017798122,0.0031201455,-0.031170644,-0.017584343,-0.012409523,-0.010274776,-0.006381425,-0.014559977,0.009036116,0.33388144,-0.014439182,-0.011894472,0.033275876,-0.021340821,-0.010559759,0.06441529,-0.010494,-0.021350324,-0.053919427,0.014215993,0.00859354,0.5273781,-0.0069426913,0.22545537,-0.019907663,-0.0464973,-0.003413395,0.02397094,-0.030669538,0.086046204,-0.029123306,0.0364229,0.0063863,-0.06491724,-0.024382733,-0.025186725,-0.021153376,0.0061049294,-0.018807504,0.79609245,-0.01232692,-0.03280905,0.70384485,-0.01751189,0.070175126,0.40657878,-0.023393387,-0.017613443,0.010814968,0.18576999,-0.044640146,-0.0037492048,0.08757532,-0.021190124,-0.013107181,-0.013098658,0.35100147,-0.024515783,-0.014287259,-0.013342425,-0.014657006,-0.013690349,1.1493133
TCGA-B7-5816,-0.016820708,-0.027724039,0.0022649849,-0.06291454,-0.017889908,0.025767483,-0.013015547,-0.020490391,-0.007077886,-0.014872194,0.3402179,-0.032765664,-0.0035569835,0.038647164,-0.029887319,-0.012364497,0.12737931,0.008454729,-0.03825303,-0.06996751,-0.014922643,0.0021051422,0.5632968,-0.0066052154,0.12281464,-0.029060911,-0.0484102,-0.014483692,-0.008708866,-0.041212596,0.13521919,-0.06531802,0.007850378,-0.014684403,-0.08442963,-0.028263874,-0.02916618,0.062466487,-0.023917992,-0.03170758,0.90019894,-0.014362975,-0.03494112,0.84912276,-0.01771288,0.069119126,0.52460176,-0.024743732,-0.014342854,-0.013982391,0.23190835,-0.06765546,-0.006659684,0.192687,-0.014613847,-0.01786372,-0.013332966,0.38287085,-0.029584464,-0.0120414235,-0.012586707,-0.021025972,-0.014884265,1.2913804
TCGA-B7-5818,-0.024265233,-0.017010339,0.018880665,-0.08463302,-0.021545129,0.011958493,-0.01821332,-0.021383563,-0.018452361,-0.004905864,0.3513257,-0.02979367,-0.01649062,-0.002006721,-0.020273348,-0.015552902,0.1403825,-0.023264894,-0.036244374,-0.06817099,-0.01333659,0.0038375177,0.51172197,-0.015376064,0.22637534,-0.030941408,-0.053613245,0.0145283695,-0.01928538,-0.043818966,0.06831501,-0.036164213,0.08761476,0.01772885,-0.10264043,-0.044334393,-0.030597908,0.006728356,-0.02501324,-0.028821735,0.85033303,-0.007141129,-0.027758552,0.8536427,-0.019571804,0.050419144,0.5545038,-0.021901855,-0.012302004,-0.015340554,0.20522046,-0.070329145,-0.009846328,0.2318154,0.006702313,0.027555522,-0.011648957,0.41348457,-0.02904366,-0.015814945,-0.020467479,-0.024995258,-0.01838168,1.2728828
TCGA-B7-A5TI,-0.017978378,-0.021282539,-0.013300726,-0.036238555,-0.01736573,0.017920101,-0.006517958,-0.012157325,0.026367044,-0.007860181,0.3107223,-0.0035761185,0.0045163482,0.004118106,-0.033917814,-0.008541541,0.100815505,-0.014233537,-0.018389499,-0.054973714,-0.008311391,0.014755378,0.59613717,0.018030431,0.11097137,-0.026366806,-0.036050577,0.035375796,-0.00889194,-0.03160448,0.08786448,-0.055627234,0.14083982,-0.006430677,-0.07309425,-0.0058300514,-0.0328135,0.0061056917,-0.014250657,-0.019574607,0.7867146,-0.01397711,-0.037921622,0.6917151,-0.0066939695,0.011899271,0.42163005,-0.016457967,-0.011974176,-0.013019277,0.2539902,-0.051950976,-0.02015027,0.10708508,-0.008740792,-0.0056575527,-0.019709112,0.37025133,-0.017633853,-0.008219694,-0.019101955,-0.020031868,-0.009621063,1.1435875
TCGA-B7-A5TJ,-0.018958053,0.008449277,0.010072038,-0.08403049,-0.015988624,-0.002495879,0.0014429323,-0.013321394,-0.019917909,0.014378582,0.25683334,-0.031314775,0.0023046175,0.0012983135,-0.020845454,0.014645406,0.044603042,-0.020823497,-0.040826008,-0.06875904,-0.008873084,0.014880528,0.48913026,-0.015626606,0.14082775,-0.023041017,-0.066416994,0.014352836,-0.016902467,-0.03609429,0.12405923,-0.063044816,0.023706509,0.0012509865,-0.10575626,-0.035098992,-0.052351877,0.003475449,-0.015326317,-0.031104961,0.78837836,-0.015711324,-0.028163433,0.6757791,-0.027279723,0.04923781,0.39763337,-0.021180836,-0.013218685,-0.013075928,0.1614092,-0.08188829,-0.018513896,0.112327546,0.0018743689,0.011711685,-0.014849753,0.30014068,-0.02922744,-0.015123706,-0.013303089,-0.032842204,-0.009114606,1.0375617
TCGA-B7-A5TK,-0.011526269,-0.019005636,0.007930399,-0.051116012,-0.011695114,0.010668192,0.011623435,-0.013654852,-0.010040584,0.0029790606,0.2856443,-0.02482494,0.0082472,-0.0032159877,-0.021362437,-0.008203603,0.05790089,-0.009077905,-0.027094238,-0.057679564,-0.009971272,0.0012717933,0.45255506,-0.007765095,0.0983696,-0.0243865,-0.04690273,-0.008686724,-0.0010094438,-0.034090124,0.09908314,-0.05433072,0.0015568916,-0.008569352,-0.075790904,-0.023638258,-0.04091177,-0.010165876,-0.014986642,-0.019133324,0.71090627,-0.013355451,-0.036933765,0.63255346,-0.013865759,0.008585056,0.4503111,-0.014560762,-0.0078109484,-0.0064801183,0.16444656,-0.062951386,-0.011902615,0.18728988,-0.007367537,-0.015881103,-0.015815485,0.28942776,-0.0221652,-0.020858508,-0.0084406,-0.020840732,-0.016783392,1.007099
TCGA-B7-A5TN,-0.015486866,-0.018200662,-0.01431138,-0.037290365,-0.010621547,0.018634796,-0.013339171,-0.011873811,-0.01238686,-0.010515378,0.31002653,-0.017675867,0.0029206725,0.019441484,-0.030570125,-0.00822005,0.04062406,-0.01028296,-0.014684977,-0.05710622,-0.00454198,0.063162856,0.44852585,-0.0071062036,0.031684946,-0.02048907,-0.04210171,-0.0067660576,0.010094749,-0.044348523,0.10553351,-0.043587115,0.032510966,-0.0050599063,-0.06618619,-0.01611489,-0.034312896,-0.010727121,-0.018685954,-0.020000651,0.6853936,-0.0133579355,-0.04347864,0.7136274,-0.0159813,0.019576624,0.29330772,-0.017663918,-0.017278057,0.0067944247,0.26619384,-0.059276633,-0.016201315,0.096763484,-0.017414065,-0.017531417,-0.017797194,0.24137574,-0.023607325,-0.004202952,-0.010532519,-0.0027060665,-0.007267357,0.95805943
TCGA-BR-6452,-0.018452864,-0.02433492,-0.011262629,-0.07859747,-0.018411204,0.026380468,-0.011023765,-0.017114656,-0.017625691,-0.012335591,0.38605362,-0.03185241,-0.0064136405,-0.002239089,-0.030559339,-0.007150958,0.1244594,-0.010818626,-0.044090133,-0.078219235,-0.015439867,0.02535495,0.55205774,-0.017380897,0.16355646,-0.024647638,-0.06507204,-0.015532088,-0.019298058,-0.040470872,0.14665085,-0.06351536,0.082334235,-0.016389618,-0.10951494,-0.03500347,-0.033709556,-0.01873378,-0.020219553,-0.03131136,0.95801246,0.011437247,-0.042441674,0.8830497,-0.022490274,0.058580786,0.5269942,-0.020745907,-0.015504625,-0.018583877,0.21863452,-0.08018626,-0.015822235,0.17704011,-0.011932674,-0.010473874,-0.016662136,0.36869913,-0.027150871,-0.0009134975,-0.019666618,-0.026494056,-0.015816726,1.4315557
TCGA-BR-6453,-0.010718939,-0.021163233,0.022380918,-0.04734282,-0.010024782,-0.011445286,-0.012872377,-0.011232568,-0.0122508835,-0.0073703844,0.3528208,-0.025870752,-0.0024634814,0.011942355,-0.026760181,0.0059176385,0.07128412,-0.010796569,-0.024484241,-0.057688817,-0.011196394,0.012573227,0.51295,-0.008341646,0.053893276,-0.023449754,-0.045186043,-0.012924295,-0.007948671,-0.025224593,0.09468889,-0.05451916,-0.002412321,0.0057908045,-0.07244102,-0.023937695,-0.009734986,-0.009574842,-0.011339719,-0.01780941,0.7219167,-0.015087547,-0.035707492,0.6059552,-0.016296923,0.023203716,0.41132957,-0.0195743,-0.008134869,-0.014552577,0.07742348,-0.055116408,-0.010133786,0.19843003,-0.0078067835,-0.015207301,-0.009017341,0.32230785,-0.021517757,-0.019070152,-0.008279808,-0.016555544,-0.017468916,1.1072204
TCGA-BR-6455,-0.01895932,-0.02371727,-0.008696032,-0.071490616,-0.017976167,-0.01538662,-0.018663328,-0.015590381,-0.01485215,-0.004897749,0.40210092,-0.040973045,-0.012680713,-0.01638524,-0.024467211,-0.00904341,0.15309726,-0.02221103,-0.04087345,-0.084682405,-0.017574228,0.029108638,0.49540854,-0.015475031,0.1963816,-0.025664529,-0.06582093,-0.010873929,-0.009042882,-0.035510916,0.105164215,-0.059630856,0.005144692,-0.007240722,-0.102068126,-0.036161184,-0.034028642,-0.0122610275,-0.016230103,-0.014666036,0.82102656,-0.02445978,-0.037144653,0.6783741,-0.026272252,0.013132292,0.56129766,-0.02887744,-0.011253847,-0.008125294,0.07888403,-0.08041692,-0.016096475,0.18367077,-0.013256099,0.0103056105,-0.019360695,0.3497549,-0.03583527,0.012821723,-0.024786921,-0.029451948,-0.020375581,1.3188952
TCGA-BR-6456,-0.0033862568,-0.0056589227,-0.0040468303,-0.029385066,-0.008118435,0.016248597,-0.004099091,-0.012624221,-0.011820169,-0.013586348,0.3260067,-0.032213815,0.010560313,0.004053414,-0.026128309,-0.012628116,0.059684917,0.033876263,-0.015820598,-0.057571113,-0.00640425,0.017246492,0.42540017,0.01379553,0.039025992,-0.024690691,-0.033509545,-0.0027026117,0.046067838,-0.036371358,0.10920951,-0.052429825,0.009567132,-0.007919394,-0.06760619,-0.018313397,-0.023357831,0.0025486052,-0.012454057,-0.016756922,0.6556027,-0.013391682,-0.050745342,0.62562627,-0.008432684,0.030423617,0.36724362,-0.022021046,-0.008550192,-0.006092256,0.19383913,-0.05130985,-0.007983881,0.18034926,-0.0037270838,-0.015662014,-0.01411825,0.31027743,-0.024583288,-0.0077779866,-0.010933382,-0.020092696,-0.014120666,0.9632954
TCGA-BR-6457,-0.005838536,-0.031241486,0.00790853,-0.040952265,-0.012381079,-0.0032701162,-0.011138061,-0.015869312,-0.0084066,-0.00819296,0.23195723,-0.040434696,-0.014071027,0.013780945,-0.030960483,0.0045305765,0.0135823,0.011816817,-0.024000857,-0.064204216,-0.013594622,0.022102682,0.45929623,-0.0023077538,0.042169746,-0.024660984,-0.03492779,-0.013583781,-0.008377017,-0.034324806,0.10586446,-0.06110134,0.0013038665,-0.005986787,-0.07029515,-0.01791258,-0.017148467,-0.00033540948,-0.019524511,-0.02019371,0.5820893,-0.014303223,-0.058417607,0.5497968,-0.013315842,0.010756156,0.30193198,-0.0156119615,-0.009713398,-0.0076367566,0.117195934,-0.07031915,-0.0059954897,0.2325497,-0.012245751,-0.024082296,-0.011547947,0.25745392,-0.020294199,-0.015101195,-0.012116808,-0.017871618,-0.01356536,0.89437956
TCGA-BR-6458,-0.011924756,-0.021589782,-0.0065382523,-0.056200728,-0.014577333,-0.0065750764,0.0034941575,-0.015170981,-0.010007811,-0.009839283,0.32150576,-0.03222719,-0.011384113,0.02371737,-0.034450762,-0.008453205,0.057058167,-0.008608469,-0.02982509,-0.053379275,-0.009436303,0.03297257,0.5157146,-0.011926954,0.02861303,-0.022514366,-0.04270047,-0.012300085,-0.0081538595,-0.036020294,0.17571318,-0.054642394,0.00024451292,-0.013366692,-0.07744107,-0.017068055,-0.03896062,-0.01286008,-0.017323997,-0.027868273,0.7656336,-0.021018125,-0.04138871,0.71988916,-0.004722412,0.047690235,0.4687525,-0.01734464,-0.017411036,-0.010057218,0.11490272,-0.06930944,-0.023480996,0.17940083,0.0044143926,-0.011035472,-0.013938906,0.37131882,-0.0340217,-0.00712838,-0.014642455,-0.022221763,-0.021588625,1.2360265
TCGA-BR-6563,-0.006996094,-0.027031386,-0.0056821005,-0.04112568,-0.009195647,0.025790993,-0.00850875,-0.005709952,-0.0016038651,-0.012566196,0.27832323,-0.03029094,0.0032085355,0.0052810493,-0.027009357,0.018471546,0.019105468,0.027723838,-0.022609126,-0.055613525,-0.009496114,0.04405099,0.39708593,0.01846462,0.02187927,-0.021518452,-0.043110773,-0.010663793,-0.011412811,-0.03307234,0.14304066,-0.054111503,0.00045962655,0.0018747393,-0.0714592,-0.0150445625,-0.01987985,-0.00046348805,-0.015777387,-0.018438904,0.626274,-0.01136557,-0.04953397,0.5563098,-0.012723155,0.0049072285,0.3294236,-0.010483202,-0.010574119,-0.007070871,0.12026143,-0.061324287,-0.011143412,0.16286816,-0.009354748,-0.019155983,-0.0076394333,0.27055126,-0.014173519,-0.02168957,0.0068769534,-0.015298773,-0.015191716,0.8792219
TCGA-BR-6564,-0.0035860506,-0.029969374,0.0010169933,-0.02292806,-0.009368338,-0.012640785,-0.011797158,-0.011029424,-0.015271143,-0.0032068724,0.20235899,-0.034310717,-0.0026917239,0.021301396,-0.033700474,-0.008287394,0.018445253,0.028737258,-0.016586477,-0.05189128,-0.011421889,0.053854253,0.37176865,-0.005142536,0.023696302,-0.02454901,-0.02031966,-0.008761525,-0.0036008486,-0.029280873,0.17467384,-0.06428015,0.010796558,-0.00863372,-0.054593526,-0.009034356,-0.021887545,0.0029243347,-0.006158674,-0.020233838,0.6034409,-0.008779818,-0.053036593,0.4993018,-0.016640594,0.007963844,0.33537006,-0.015850589,-0.005200186,-0.00796037,0.16440019,-0.056402758,-0.006471426,0.14792469,-0.0069944737,-0.020583536,-0.012273527,0.20590177,-0.020177398,-0.012147132,-0.013538041,-0.022372633,-0.01500902,0.85746634
TCGA-BR-6565,-0.02017903,-0.01852256,0.011839364,-0.023231216,-0.011876689,0.015098322,-0.008350287,-0.009186822,0.0187305,-0.0008112045,0.3622991,-0.01571564,-0.01147468,0.0099685155,-0.029524852,-0.0051759924,0.06472796,-0.005900971,-0.012509586,-0.0501515,-0.004931628,0.011229973,0.43029752,-0.0061325207,0.08502909,-0.01935311,-0.03406725,-0.004272462,0.00087988656,-0.02140378,0.15256855,-0.036090776,-0.0014888811,-0.0017642069,-0.05138716,-0.013337639,-0.019522348,-0.005868732,-0.01439767,0.0027109114,0.6446401,-0.008772287,-0.03163646,0.56649727,-0.006986534,0.016439404,0.37171656,-0.019539565,-0.012250336,0.009104414,0.1508545,-0.040075198,-0.013748167,0.09128252,-0.008312197,-0.0093345735,-0.015632514,0.32057422,-0.01586031,-0.008767632,-0.009471541,-0.01337434,-0.010056388,0.97844434
TCGA-BR-6566,-0.02207954,-0.01847003,-0.0009592443,-0.060740758,-0.014761503,0.016629342,-0.009078062,-0.016629001,-0.014684973,-0.013470435,0.35915685,-0.022891743,0.001205548,0.011333139,-0.023388315,-0.008459532,0.116177164,-0.010964662,-0.034920905,-0.05021226,-0.013413226,0.043810766,0.520927,-0.008307966,0.12145279,-0.02344612,-0.05255359,-0.012932454,-0.011483286,-0.028274525,0.12889226,-0.05573882,0.05233916,-0.012442848,-0.08313688,-0.025320755,-0.017122582,-0.0043235766,-0.020119736,-0.02701787,0.87621343,0.005478589,-0.024949923,0.76452696,-0.011671657,0.051693738,0.47695512,-0.02289788,-0.007162136,-0.011158239,0.17777981,-0.057637755,-0.016366363,0.16202642,-0.010485629,-0.0064486777,-0.014782296,0.3759594,-0.02650131,-0.011237154,-0.012183677,-0.023971017,-0.017246004,1.2001494
TCGA-BR-6705,-0.02181303,-0.024577936,0.014542915,-0.04238924,-0.01745633,-0.008942588,-0.013864629,-0.018220756,-0.0149440775,-0.011776968,0.2837422,-0.04561285,-0.011682002,0.009263795,-0.03925404,0.008120122,0.042576917,0.008518955,-0.029401848,-0.07428109,-0.009380973,0.0022555585,0.5850487,0.009430595,-0.011487823,-0.04182776,-0.037879724,-0.022321098,-0.005715197,-0.043096803,0.19609696,-0.07713497,-0.020600848,-0.004622131,-0.09009004,-0.0125607215,-0.021157099,0.06568247,-0.024376728,-0.025668636,0.7713365,-0.01897191,-0.07109725,0.675603,-0.011468258,0.008014146,0.42984837,-0.02770235,-0.012796423,-0.013331891,0.16034058,-0.08360434,-0.011349287,0.22936204,-0.013238751,-0.02508908,-0.002720921,0.29864484,-0.029475225,-0.0036955057,-0.009470244,-0.015189813,-0.02091358,1.1012647
TCGA-BR-6706,-0.011243723,-0.03230379,0.0046631135,-0.050996177,-0.015175232,-0.001963737,0.0042253127,-0.016237915,-0.01113806,0.0039439197,0.3330062,-0.0332819,-0.01087208,-0.005417934,-0.026348706,0.0053298604,0.035964865,0.002434061,-0.024097992,-0.06617421,-0.01195691,0.006320135,0.5106731,-0.005896418,0.072272494,-0.026058268,-0.045456886,0.0057855956,-0.00798086,-0.0405558,0.12263261,-0.061967894,-0.0066557196,-0.004413208,-0.08398779,-0.024449114,-0.039521888,0.0046995683,-0.015441237,-0.020823477,0.7320297,-0.018039443,-0.053041965,0.6344465,-0.018446228,0.0014194837,0.43979433,-0.020275455,-0.011601059,-0.002060792,0.16579133,-0.06865413,-0.013554276,0.2238459,-0.012366999,-0.021488663,-0.0101144435,0.3691913,-0.026872616,-0.016622394,-0.011653169,-0.022764364,-0.018772138,1.1003242
TCGA-BR-6707,-0.01929715,-0.02072179,-0.007193298,-0.06931358,-0.021692704,0.0077451565,-0.013019285,-0.0101611605,-0.016357992,0.01585333,0.45119992,-0.028426286,-0.016291315,-0.011343548,-0.0273767,-0.0130004,0.120995864,-0.021359444,-0.0402821,-0.08061061,-0.018902846,0.019463744,0.5654266,-0.021175897,0.18339735,-0.026505157,-0.06942813,-0.013288887,-0.016872317,-0.034406688,0.18796961,-0.05329545,0.053637847,-0.009424689,-0.097023755,-0.034544986,-0.020177336,-0.016912539,-0.023726659,-0.020663945,0.83841586,-0.02413211,-0.031692874,0.77741194,-0.021589614,0.059046768,0.5690613,-0.020621937,-0.007175916,-0.01814881,0.12645285,-0.077911615,-0.011059759,0.22849306,-0.014579326,-0.00085195014,-0.019328797,0.38037762,-0.028259153,-0.0051320996,-0.022363026,-0.028065173,-0.016783621,1.4368038
TCGA-BR-6709,-0.014943019,-0.024395118,0.017501816,-0.018656015,-0.009927418,-0.005215806,-0.0065389653,0.0051465943,-0.0065302737,-0.012265368,0.31019545,-0.0337899,-0.014013315,-0.0025212811,-0.037289836,-0.019866029,0.10386645,0.060592107,-0.027023867,-0.05255156,0.007044537,0.05895076,0.60381496,-0.011323405,0.06249076,-0.022271514,-0.027544178,0.039087027,-0.009649161,-0.060640052,0.10990035,-0.059152037,-0.014393296,-0.013603916,-0.07543457,0.09530005,-0.028908957,-0.009164502,-0.023325043,-0.021900179,0.8355214,-0.026101673,-0.05261848,0.7695435,-0.01252906,0.06755087,0.6357758,-0.016800512,-0.006925785,-0.011740278,0.13125204,-0.054673508,-0.016041711,0.24281529,-0.015846215,-0.020483483,-0.016659245,0.49321,-0.022168223,-0.011899452,-0.013392076,-0.025535498,0.011718599,1.2757802
TCGA-BR-6710,0.010942073,-0.014256196,-0.0065580644,-0.012372786,0.0007855125,0.0031041573,-0.007074404,-0.002475586,-0.0026110501,0.010869268,0.21803817,-0.013707966,0.019255543,0.017832508,-0.017474977,0.013268952,0.016807154,-0.008901817,-0.0068208855,-0.032885045,-0.0044062803,0.0032108165,0.30779594,0.007355432,0.109647855,-0.0135179795,-0.01852477,0.009488855,-0.007185554,-0.012521082,0.10804761,-0.02821629,0.015410805,0.008883564,-0.02719677,-0.011943357,-0.013734246,0.018802678,-0.0063613933,-0.012096331,0.4259706,-0.003615772,-0.02293977,0.38897407,-0.008419536,0.051016726,0.20833418,-0.0039031752,-0.00549581,-0.0049454654,0.09059793,-0.030971877,0.0060655954,0.0677542,-0.00348238,-0.010173274,-0.0052512623,0.21471256,-0.00929008,-0.010636728,-0.008363713,-0.008489547,-0.0109907985,0.6813686
TCGA-BR-6801,0.00693186,-0.02732815,0.008541327,-0.04611963,-0.0124956295,0.002656956,0.0031784554,-0.0022976303,-0.01442069,0.014427815,0.42156053,-0.007783049,-0.017353294,-0.0035727283,-0.023889098,0.01308829,0.10103097,-0.009294396,-0.022896148,-0.04743848,-0.008085296,0.035521194,0.49106085,-0.007627095,0.1531039,-0.0057133096,-0.037921473,0.006428038,-0.020988753,-0.023194704,0.052242838,-0.041461118,0.030617183,-0.008455495,-0.061507203,-0.034260627,-0.042777084,0.014928377,-0.024578808,-0.024833232,0.69496465,0.016306398,-0.032708883,0.7451269,0.010485152,-0.0041744635,0.39082143,-0.0049867565,-0.013198223,0.03708021,0.15238997,-0.043068103,0.023491208,0.13692413,-0.008817118,-0.012796579,-0.00952577,0.2785113,-0.033563957,-0.016731506,-0.01631294,-0.020254176,-0.016175792,1.1173145
TCGA-BR-6802,-0.008161191,-0.017933292,-0.0054375613,-0.053737387,-0.014460599,0.0019438369,-0.010869972,-0.013389145,-0.010738306,-0.0075080628,0.28767797,-0.020191314,0.023412488,0.011215949,-0.021241732,-0.016229458,0.11223408,-0.011217585,-0.028690748,-0.05442292,-0.008993229,0.00013064973,0.51491505,-0.011037469,0.13638307,-0.016276287,-0.054055728,-0.012289893,-0.00998001,-0.025873166,0.19500378,-0.054650176,0.038522325,-0.0035631298,-0.075691305,-0.023725986,-0.04008661,0.0038792477,-0.014893983,-0.022370176,0.7757905,-0.01527416,-0.030906405,0.7001168,-0.014069645,0.061927848,0.43342048,-0.01564706,-0.0046743257,-0.007882375,0.20651042,-0.060442273,-0.012743982,0.13837022,-0.0065843044,-0.0061650313,-0.011346557,0.31385493,-0.021428818,-0.01262776,-0.014749865,-0.021606935,-0.017636726,1.1289113
TCGA-BR-6803,-0.007266229,-0.030595802,0.003682797,-0.028074272,-0.013689993,0.0037935372,-0.010704553,-0.011323008,-0.010346301,-0.0049708914,0.26042068,-0.03377885,0.007901,-0.0060376083,-0.02738783,-4.1600317e-05,0.05630883,0.0024960495,-0.024124475,-0.051416196,-0.012332523,0.04189977,0.4345724,0.0042209188,0.054978978,-0.025137916,-0.026644502,0.002557666,-0.011663445,-0.028459381,0.15005672,-0.06030246,-0.005641598,-0.007658882,-0.058793016,-0.010331015,-0.028658442,0.007457798,-0.013455905,-0.0232357,0.6385008,-0.011022495,-0.051595744,0.5129621,-0.013864585,0.00017053541,0.28522786,-0.014709858,-0.007799936,-0.0028945678,0.14659157,-0.055522252,-0.0005141024,0.13196018,-0.00592208,-0.021368062,-0.009412256,0.22715598,-0.017055899,-0.0048316526,-0.013821198,-0.019605635,-0.019974863,0.8991552
TCGA-BR-6852,-0.017718457,-0.0205298,-0.0071660927,-0.06425708,-0.017199824,-0.00944896,-0.009601581,-0.016149139,-0.012197789,-0.010999034,0.3363632,-0.029583938,-0.007823288,0.014122025,-0.021355655,-0.009112228,0.08638048,-0.01070914,-0.034655467,-0.06618619,-0.012919247,0.03749767,0.50280684,-0.012010294,0.16345458,-0.019842321,-0.053913455,-0.010629843,-0.011150773,-0.031464987,0.19544686,-0.059644483,0.067466095,-0.014528146,-0.09042294,-0.025771167,-0.04878729,0.004504662,-0.01651443,-0.025590595,0.83229935,-0.016357051,-0.034075268,0.7681577,-0.012277933,0.039836388,0.44187784,-0.017414913,-0.012086716,-0.007296332,0.18221118,-0.067992106,-0.014295697,0.13376865,0.004096196,-0.013788283,-0.01048363,0.35056514,-0.027193755,-0.01728332,-0.015590152,-0.024640225,-0.020165848,1.1940615
TCGA-BR-7196,-0.009071441,-0.030862983,-0.007816444,-0.04684303,-0.007277476,0.014744888,-0.009744483,-0.013543045,-0.005916951,-0.010260612,0.3315672,-0.040849548,-0.0085100215,0.010777101,-0.028799135,-0.010023787,0.0105214855,0.008800485,-0.02796233,-0.07320911,-0.014083812,-0.00036076352,0.4614539,0.007508528,0.060398683,-0.029595595,-0.045126002,-0.007591865,-0.013153654,-0.039818343,0.072016485,-0.06601083,-0.0028578402,-0.011094762,-0.08762139,-0.02146574,-0.026154503,0.008898766,-0.020565124,-0.020071879,0.63340175,-0.019255396,-0.06338144,0.5856715,-0.015786715,0.0029177968,0.38420546,-0.013600489,-0.011119805,-0.0005650867,0.1378459,-0.0741303,-0.011387583,0.22664763,-0.010475291,-0.023286184,-0.014238991,0.31295243,-0.020386992,-0.014293974,0.0065595917,-0.0166463,-0.016983002,0.983555
TCGA-BR-7197,-0.016737103,-0.021004967,-0.0035473455,-0.042796806,0.001005349,0.0003982966,-0.016997645,-0.010777989,-0.005860486,0.017455664,0.32273394,-0.02027484,-0.011038093,0.005768817,-0.028345725,-0.002213017,0.033265606,0.01793277,-0.03854723,-0.05023054,0.028000336,0.003910442,0.40624914,-0.011162363,0.14376885,-0.017854933,-0.03864657,0.005509626,-0.003008857,-0.026231524,0.12819827,-0.045111854,-0.009508905,-0.0029119335,-0.0732616,-0.01923969,-0.013142144,-0.015570168,-0.0213441,-0.020183746,0.7558324,-0.006830833,-0.031026332,0.658216,-0.010247102,0.013546336,0.33960086,-0.0072798906,-0.009981775,-0.0036364696,0.18620047,-0.045779943,-0.020804835,0.11248828,-0.012467615,-0.013692119,-0.0042932066,0.30457038,-0.023555595,-0.011738237,-0.006029785,-0.014855979,-0.0076122577,1.0335218
TCGA-BR-7703,-0.01320881,-0.013683347,-0.0053729555,-0.08321945,-0.017513286,-0.0013160808,-0.015549986,-0.018491838,-0.024726909,-2.6647002e-05,0.33805197,-0.03091557,0.009835421,-0.007974317,-0.022101054,-0.007918884,0.094303556,-0.018858222,-0.05020399,-0.075064525,0.012985486,0.046835035,0.43173292,-0.008651514,0.22141264,-0.025090123,-0.06937571,-0.008686675,-0.012536111,-0.034254506,0.077493,-0.060815133,0.118659765,-0.0062135477,-0.09931246,-0.0450429,-0.052116446,-0.009330181,-0.017396769,-0.031559214,0.8218826,0.0018533524,-0.027369183,0.70632374,-0.018666718,0.036668364,0.45487422,-0.017804254,-0.013843827,-0.0065131807,0.15566134,-0.07930732,-0.01786052,0.13255012,-0.010801517,0.016679341,-0.012335297,0.33729082,-0.025751136,-0.01712107,-0.021903053,-0.026634622,-0.015702732,1.1768779
TCGA-BR-7704,-0.009119602,-0.027581245,-0.013882661,-0.04373552,-0.0020718607,0.00761618,-0.012246629,-0.008275842,-0.019477328,0.0007894227,0.34780234,-0.022483652,0.006435412,-0.0006396915,-0.02535307,-0.01209072,0.09675178,0.016840551,-0.027882423,-0.05794389,-0.008927207,0.014593342,0.50930786,-0.0011317863,0.17001714,-0.02599578,-0.048251756,-0.0035509143,0.0061841337,-0.028382175,0.16721895,-0.047875196,0.03795024,0.004953118,-0.07940656,-0.025543971,-0.036199924,0.013173909,-0.018842123,-0.017719764,0.71301824,-0.0046894005,-0.03866721,0.6933911,-0.004638956,0.010088459,0.38430363,-0.015449725,-0.0072068665,-0.0030828358,0.19503036,-0.048302777,-0.017472342,0.08666584,-0.010151477,-0.0087347925,-0.011049165,0.2715199,-0.02364356,-0.0121610435,-0.014490865,-0.019493297,-0.015708016,1.0696408
TCGA-BR-7707,-0.01749656,-0.019927148,-0.0059175156,-0.071930125,-0.017456729,0.031496048,-0.002212985,-0.01981028,-0.014759778,0.0061491784,0.3867122,-0.02960944,0.010130128,0.015419062,-0.022674952,-0.011930432,0.14625546,-0.012672436,-0.04331533,-0.07638846,-0.009394347,0.022181638,0.5008975,-0.011036722,0.16780302,-0.02383522,-0.06702646,-0.011441642,0.005481029,-0.035768103,0.11672273,-0.062470417,0.048554078,-0.009039035,-0.097056426,-0.030245718,-0.046211537,-0.011360008,-0.019189162,-0.022899583,0.91223156,0.022633806,-0.026227217,0.8102586,-0.023031358,0.06805898,0.48809063,-0.023386912,-0.012925882,-0.009809918,0.1518696,-0.07206026,-0.008322193,0.14293256,-0.00786926,0.02078335,-0.015280675,0.38175255,-0.02499664,-0.012115563,-0.011779488,-0.021108637,-0.018256215,1.3315406
TCGA-BR-7715,-0.0013736725,-0.024567753,-0.014318205,-0.064166,-0.015700193,0.017945755,-0.009894588,-0.010778319,-0.019130673,-0.0058519556,0.32439542,-0.025236608,-0.007633448,0.0096029155,-0.024604836,-0.0113667585,0.119344,-0.015833415,-0.044422954,-0.05924595,-0.019348817,0.00011958438,0.471071,-0.00823776,0.07249643,-0.019761039,-0.053112935,-0.00918693,0.01761336,-0.039463535,0.07121188,-0.061892793,0.005065323,-0.0002472964,-0.09524576,-0.04282303,-0.038723014,-0.0012499527,-0.0136880595,-0.029005416,0.6915843,-0.017798942,-0.037953705,0.65722954,-0.01780568,0.0026293884,0.38245457,-0.007091332,-0.008683155,0.010562149,0.075516015,-0.075815246,-0.014169709,0.09814941,-0.015021272,-0.014648832,-0.011361344,0.31495804,-0.032626085,-0.01657298,-0.015699962,-0.025660293,-0.011771319,0.95239365
TCGA-BR-7716,-0.007712024,-0.022842553,-0.0044579087,-0.0113842,-0.0045880834,0.020596841,-0.008458335,-0.008774088,-0.0008779452,0.012956214,0.27829963,-0.017770056,0.0022929288,-0.00979693,-0.024271078,-0.005175199,0.011305268,0.0030557404,-0.018025689,-0.052317444,-0.007597869,0.03291393,0.34524786,-0.008817989,0.1380567,-0.014582606,-0.025008015,-0.004322244,0.014598662,-0.023242282,0.13406053,-0.04413063,0.022614783,-0.004053308,-0.05614611,-0.006799314,-0.028732028,0.0017541081,0.0026632538,-0.018360276,0.58269775,-0.0022814437,-0.029175749,0.52709067,-0.0035137036,0.035526417,0.34911388,-0.0035701375,-0.007838282,-0.002525468,0.14889273,-0.041833855,-0.011762206,0.0835382,-0.0073353685,-0.00718564,-0.012981183,0.24435705,-0.010078034,-0.011500574,-0.0030174975,-0.009961695,-0.0066750725,0.8972178
TCGA-BR-7717,-0.015317541,-0.004759879,-0.009471052,-0.04696331,-0.0056828447,0.012679117,-0.005796459,-0.013242088,-0.011191944,-0.009406413,0.27446154,-0.02344552,-0.00059412234,0.003133963,-0.022865064,-0.003414786,0.027345292,0.0044186907,-0.04042079,-0.05460979,-0.008175406,0.007280278,0.4356271,-0.0073326263,0.09786725,-0.024422761,-0.04791521,-0.0088984165,0.0008458998,-0.0274852,0.05008312,-0.052091114,0.0010507628,-0.008798425,-0.080926836,-0.028563265,-0.018131144,-0.00838291,-0.013598504,-0.027256735,0.64739,-0.016017646,-0.02262424,0.5300468,0.007611681,0.0031594192,0.30336398,-0.016563108,-0.016886698,-0.008686251,0.060753256,-0.058439225,-0.009611854,0.15049082,-0.013763564,-0.0069723018,-0.008590762,0.23311505,-0.028543996,-0.0081122015,-0.0020089438,-0.01595211,-0.015528605,0.9415531
TCGA-BR-7722,0.00045427633,-0.004981069,0.010266262,-0.032418516,-0.009366698,-0.010752905,-0.013319595,-0.009829687,-0.0017564927,0.072283134,0.23261756,-0.022090387,0.0014151358,-0.007629231,-0.028713375,0.006900555,0.050970394,-0.015263644,-0.0137694515,-0.041257847,0.011550228,0.007965418,0.444376,-0.009704582,0.20935932,-0.012948706,-0.043412246,0.028057918,-0.009750589,-0.025131397,0.060388103,-0.043919474,0.08091087,0.0070785503,-0.05164736,-0.016696911,-0.022095982,0.010824004,-0.013228901,-0.018473454,0.72464406,0.017401848,-0.032897267,0.52332175,-0.009489179,0.025153827,0.3374877,-0.016155757,0.0012961766,0.0016261488,0.223885,-0.049697414,-0.016545774,0.05737547,0.010016827,-0.018635605,-0.010344309,0.30433166,-0.016347542,-0.0070565115,-0.010511525,-0.01912171,-0.00972453,0.9678099
TCGA-BR-7723,-0.02897406,-0.06026508,-0.0023612082,0.0042217635,0.025732895,-0.012528934,-0.012416049,-0.020782065,-0.0058896057,-0.06516146,0.37915862,-0.041814283,-0.015892612,0.14247313,-0.044153996,-0.012817114,0.016199,-0.043617282,-0.023241252,-0.05559231,-0.023552012,-0.03173204,0.4499694,0.029105436,0.07177876,-0.033682227,-0.0351619,-0.013289544,0.15842429,-0.049259983,0.16247013,-0.04904358,-0.03525308,-0.011889025,-0.07263203,-0.008956153,-0.037693642,-0.02689847,-0.009737876,-0.0223602,0.67121136,-0.012186348,-0.05488614,0.4232594,-0.030178625,-0.015676873,0.49732172,-0.032994714,0.021453286,-0.025987051,0.042323504,-0.041449334,0.14282805,0.13947749,-0.022589838,-0.024123436,-0.010179268,0.5137371,-0.022802833,-0.015759293,-0.016434912,0.018014492,-0.03600618,0.92280644
TCGA-BR-7851,-0.014995472,-0.021204112,0.009939729,-0.076799855,-0.014711654,0.0047310567,-0.014275294,-0.014789917,-0.016081449,0.0036370363,0.33959892,-0.025139233,0.004296901,1.2269476e-05,-0.022684071,-0.009577883,0.111933544,-0.014295272,-0.043483343,-0.08466844,-0.019773344,0.014735724,0.43524322,-0.010123273,0.17454544,-0.025670169,-0.06586702,-0.01105977,-0.015733503,-0.041592747,0.119574636,-0.06391494,0.094379306,-0.0149564035,-0.10372312,-0.026033495,-0.052681975,-0.009943636,-0.017740719,-0.018620225,0.7896519,-0.01487481,-0.03568059,0.7533798,-0.016320743,0.037471615,0.48714954,-0.016442502,-0.011879726,-0.0090981815,0.13576913,-0.084362,-0.017488983,0.1744442,0.00011044578,-0.010786749,-0.015978146,0.40546548,-0.026550192,-0.013113024,-0.016963582,-0.017427012,-0.021094663,1.1387467
TCGA-BR-7901,-0.005268893,-0.028971445,-0.009275677,-0.015926689,-0.0100221215,0.012113444,-0.0066932957,-0.0002953664,-0.0074595157,0.028244095,0.28141418,-0.00817382,-0.0077728457,0.004758436,-0.023936655,0.010076364,0.024263494,-0.005339548,-0.014602294,-0.043883037,-0.008443131,-0.0042047715,0.36317256,0.010621421,0.089165494,-0.020414043,-0.0312142,0.032387707,0.014590609,-0.03206753,0.13833235,-0.03528877,-0.0085173575,-0.0042586243,-0.05242962,-0.017944816,-0.02543345,-0.006180847,-0.013427709,-0.009257373,0.5735446,-0.010264842,-0.04377853,0.46855587,-0.007148722,0.000847123,0.28531408,-0.00956636,-0.0061392672,-0.0054637464,0.14669825,-0.04266821,-0.011164295,0.08500196,-0.00430067,-0.01577512,-0.014648316,0.2530168,-0.017263675,-0.008119658,-0.008706385,0.004398483,0.015774326,0.8904546
TCGA-BR-7957,-0.008499106,-0.023792591,-0.0048574386,-0.03867794,-0.010784897,0.019975685,-0.0059352433,-0.009942715,-0.013689822,-0.011936848,0.32157463,-0.04841264,-0.00628693,0.01401381,-0.037412155,0.003346756,0.05833313,0.019184679,-0.026252685,-0.07366493,-0.012832156,0.007177785,0.4730671,0.0023169364,0.027168375,-0.029056415,-0.046456046,-0.0125822285,-0.010614628,-0.04061866,0.12999296,-0.06892508,-0.0141938245,-0.012965432,-0.094093695,-0.018494165,-0.031464726,-0.0042192987,-0.021917326,-0.020629814,0.67839813,-0.014053432,-0.06847521,0.599662,-0.010113386,-0.012372885,0.3470749,-0.01928595,-0.009338727,-0.0054859607,0.16354756,-0.08211476,-0.006541221,0.15664345,-0.010095978,-0.021973215,-0.0065553635,0.2996902,-0.019207984,-0.015683588,-0.00012103608,-0.018526055,-0.021909904,0.9266008
TCGA-BR-7958,-0.012843385,-0.016901545,0.016912056,-0.06995507,-0.017183388,0.026132926,-0.013530659,-0.0142839085,-0.016942147,-0.012489879,0.31712136,-0.034091674,0.00031704828,-0.004545262,-0.025638025,-0.011242628,0.10425009,-0.0032104114,-0.03955856,-0.08010873,-0.012329508,0.00019372383,0.48967338,-0.012898505,0.16812642,-0.026962828,-0.06059229,-0.010506396,-0.016559005,-0.040079176,0.09941863,-0.056699835,0.017600311,-0.011476347,-0.09799685,-0.035864487,-0.033583347,-0.009581835,-0.019773621,-0.022125453,0.7324196,-0.017971113,-0.03683881,0.677112,-0.019476771,0.041952655,0.46988988,-0.017825415,-0.00957226,-0.00685352,0.17565414,-0.07697342,-0.01459522,0.17912006,-0.0066606537,-0.01583374,-0.015266253,0.35664874,-0.02766809,-0.017202957,-0.008295445,-0.022334103,-0.022553412,1.1013494
TCGA-BR-7959,-0.010694012,-0.03709824,-0.013672328,-0.06745256,-0.013925325,0.011383171,-0.009397572,-0.015416901,-0.019839521,-0.0017805165,0.27690327,-0.04552683,-0.0023371293,0.008502915,-0.04005684,-0.0020486838,0.03235853,0.035036597,-0.03810252,-0.07891415,-0.01756629,0.03899046,0.48114964,-0.010578349,0.041724775,-0.0067784786,-0.0520764,-0.0085677225,-0.0074417763,-0.04212221,0.106092446,-0.06636684,-0.0065684114,-0.014597645,-0.09166881,-0.026588568,-0.040169653,-0.013373148,-0.011219898,-0.027316075,0.69755447,-0.018981308,-0.05873255,0.632264,-0.018974723,0.0061362362,0.3420084,-0.015717197,-0.008767088,-0.011672254,0.07725533,-0.07813938,-0.015718991,0.1579791,-0.010691039,-0.023738775,-0.011466697,0.24897835,-0.024533236,-0.009120801,-0.007629549,-0.01914224,-0.019572966,0.9524758
TCGA-BR-8058,-0.013250368,-0.025887232,-0.012821768,-0.032981873,-0.015607135,0.006766114,-0.008897856,-0.0115989875,-0.012551235,0.0022261764,0.3440536,-0.027051415,-0.0025676535,0.01225239,-0.034515865,-0.006085612,0.096638635,0.035868537,-0.023608679,-0.057950854,-0.010629989,0.041543007,0.53830415,-0.01046565,0.118515916,-0.021623481,-0.03477009,0.00012305449,-0.019890303,-0.03201772,0.16617545,-0.050173074,0.00881534,-0.006840939,-0.07670156,-0.0143959075,-0.019019056,-0.010346448,-0.016576761,-0.025291532,0.840536,-0.011552982,-0.045865726,0.75574434,-0.008608235,0.039688535,0.47719473,-0.014599096,-0.0112611465,-0.010999002,0.18437317,-0.057415694,-0.00827721,0.13707271,-0.007934824,-0.00924351,-0.010018769,0.38619408,-0.020004895,-0.016750455,-0.011262756,-0.023578934,-0.030031823,1.2055421
TCGA-BR-8059,-0.0071155513,-0.029867131,-0.006433753,-0.035509966,-0.0061431294,0.011115752,-0.007353281,-0.011353646,-0.004329161,-0.009652936,0.27840596,-0.023679068,-0.0036063036,0.024368916,-0.03987726,0.0002621631,0.06916099,-0.0045997044,-0.029810842,-0.04617954,-0.0065863756,0.01547863,0.4461866,0.00085444306,0.08966218,-0.021548906,-0.035856195,-0.003548313,-0.0056598326,-0.031199168,0.094899036,-0.043380953,-0.0065576723,-0.006478358,-0.06737456,-0.016649837,-0.028034199,-0.00563372,0.012993964,-0.022953013,0.64635205,-0.010890073,-0.038681116,0.6405962,-0.014345715,-0.0040283776,0.36785632,-0.009014871,-0.008423496,-0.0131188985,0.1667409,-0.05013799,-0.013998452,0.07656358,-0.005571439,-0.012560505,-0.011088874,0.31338522,-0.017366912,-0.01144572,-0.008789469,-0.011831461,-0.011091953,0.8841562
TCGA-BR-8060,-0.013559473,-0.036284007,-0.0062009664,-0.005641593,-0.003979972,0.03408492,-0.006802146,-0.00039423164,-0.01432511,-0.012468115,0.16346198,-0.025031859,0.0012366306,0.008629667,-0.038167298,0.00036019832,0.030677086,0.0515546,-0.019998733,-0.06439035,-0.014304055,-0.005608201,0.20740184,0.010906652,0.15972003,-0.009411989,-0.010886341,0.06284738,-0.01063026,-0.03208443,0.09675838,-0.0315964,-0.014731195,-0.0120910825,-0.059578985,-0.0036079844,-0.024979189,-0.0058271457,0.011330042,-0.013256274,0.534745,-0.008721928,-0.05778536,0.3408118,-0.0055055805,0.0070511107,0.36588454,-0.015184902,-0.014406708,-0.008747639,0.04713793,-0.044981398,-0.011632254,0.12928535,-0.017249456,-0.023528608,-0.010496136,0.20177549,-0.022392392,-0.011464476,-0.013247835,0.004820593,-0.011205654,0.91420937
TCGA-BR-8078,-0.023412477,-0.025569735,0.005084263,-0.0871205,-0.023861248,0.011845811,-0.0068527157,-0.015950756,-0.018388584,0.011914225,0.41798896,-0.04273874,0.0043896516,0.016177863,-0.02918879,-0.00980388,0.10576999,-0.012596561,-0.053930793,-0.09027528,-0.019743484,0.0010329352,0.49695206,-0.019469084,0.22204946,-0.03072923,-0.07738491,-0.0079769,-0.020415738,-0.045285724,0.1493485,-0.073807806,0.1414479,-0.014799929,-0.12069124,-0.03918252,-0.06024093,-0.009973122,-0.023940703,-0.026640136,0.96763253,0.008019618,-0.03664122,0.85330915,-0.02823785,0.057202764,0.52988005,-0.021784643,-0.015561894,-0.01009497,0.1785105,-0.09219191,-0.015537035,0.11199744,-0.0036302714,-0.01890252,-0.018717783,0.3812917,-0.026922148,-0.014326304,-0.021776324,-0.034320496,-0.022437649,1.3227415
TCGA-BR-8080,-0.0063550603,-0.032873582,-0.0037170583,-0.03981008,-0.0053135385,0.0039497684,-0.011195676,-0.018002314,-0.01090044,-0.013924954,0.31729215,-0.04574117,0.00431076,0.015728926,-0.030163527,-0.00016531348,0.03987943,0.020849377,-0.028539445,-0.067868955,-0.013593703,0.02698708,0.55146325,0.0025198425,0.029762827,-0.025975741,-0.040435366,-0.004399605,-0.0122198835,-0.041359447,0.14867604,-0.057811018,-0.0069965776,-0.006070351,-0.078832775,-0.013683828,-0.02843451,-0.00710673,-0.008304128,-0.018986829,0.68446016,-0.014947665,-0.052928485,0.6514432,-0.012907207,-0.013267653,0.3564692,-0.018050326,-0.014773937,-0.0053964322,0.13195308,-0.07125758,-0.021235751,0.15737587,-0.00940641,-0.020442815,-0.012077628,0.28898436,-0.024179004,-0.014579622,-0.0063304473,-0.02049128,-0.013136022,1.0039792
TCGA-BR-8081,-0.016045973,-0.023616476,0.0009156568,-0.071229436,-0.009560666,0.017490176,-0.012547748,-0.013047362,-0.014174785,-0.011846917,0.36868528,-0.032180317,0.0034134039,0.024124935,-0.027331708,-0.00042220973,0.08574048,0.015845452,-0.04190055,-0.07601335,-0.0136081325,0.031150382,0.5088822,-0.00884857,0.1556299,-0.027618103,-0.058438525,-0.006979119,-0.014355716,-0.041854754,0.123620294,-0.064116895,0.029827844,-0.015292466,-0.09781872,-0.029070625,-0.049804296,0.019494615,-0.018923916,-0.025810849,0.8721953,-0.014561724,-0.03504513,0.7808315,-0.0175924,0.004982414,0.45751363,-0.022214463,-0.014667696,-0.004250964,0.2125317,-0.07403723,-0.017028738,0.11900233,-0.006747071,-0.013936896,-0.014463149,0.3971794,-0.023514934,-0.016480183,-0.013748212,-0.023361778,-0.021725262,1.1893673
TCGA-BR-8284,-0.018828142,-0.024079345,-0.0068746856,-0.067668915,-0.017155971,0.008699872,-0.01429965,-0.018865587,-0.02054122,-0.009463784,0.40746453,-0.035857223,0.0010935483,0.005345067,-0.030607669,-0.0089256,0.09037875,-0.005264767,-0.04359729,-0.08559982,-0.016893785,0.0053249206,0.5453393,-0.01265112,0.12597314,-0.028691089,-0.06176722,-0.009585366,-0.011595377,-0.040592477,0.19034097,-0.06081509,0.015238593,-0.015148761,-0.10293482,-0.02680869,-0.036357142,-0.009350907,-0.01946079,-0.021042291,0.85828567,-0.021991057,-0.037327442,0.78147227,-0.010195586,0.006213769,0.44096205,-0.024879426,-0.0119235385,-0.012584831,0.12560299,-0.08874108,-0.015467312,0.09715898,-0.011061575,-0.014677417,-0.013833638,0.33182245,-0.031029567,-0.01767633,-0.0092154,-0.02571388,-0.023117598,1.2358319
TCGA-BR-8286,-0.01639182,0.0054581612,-0.011159892,-0.080981776,-0.018445183,0.022524387,-0.008084397,-0.011624307,-0.013980234,-0.012345155,0.40128762,-0.03805615,-0.00778639,0.010993053,-0.02654257,-0.01516053,0.11473423,-0.010771086,-0.03707424,-0.068822004,-0.009923261,0.031737693,0.46013868,-0.013267577,0.20017931,-0.02895213,-0.06726044,-0.012316106,-0.012263933,-0.043729007,0.04760378,-0.05127252,0.07843568,-0.030952241,-0.09555432,-0.031123735,-0.042762477,0.0026126788,-0.028680293,-0.031096479,0.84077775,-0.02584955,-0.047867067,0.72215855,-0.027489977,-0.01466194,0.45676196,-0.029063733,-0.017518865,-0.011921222,0.05218593,-0.072031975,-0.01750076,0.07785152,-0.019381732,-0.012686418,-0.009254277,0.38924527,-0.008142704,-0.015348639,-0.011527813,-0.028317716,-0.017962655,1.2184267
TCGA-BR-8289,-0.015437579,-0.019792441,-0.019116715,-0.043421596,-0.016140807,-0.002300382,-0.014438249,-0.008689939,-0.017553393,-0.017375425,0.30725962,-0.01782113,-0.0019144272,0.038472146,-0.032269105,-0.0041327253,0.06700905,-0.007117909,-0.027196703,-0.064286366,-0.024532888,-0.0052897995,0.47499752,0.014674365,0.11474499,-0.025921902,-0.050251395,0.023061201,0.014357831,-0.055583708,0.07764901,-0.055406082,-0.011758132,0.0002331608,-0.08477321,-0.023074893,-0.040351793,-0.0023473275,-0.0217757,-0.021690127,0.7931301,-0.0099651525,-0.03604958,0.633811,-0.027378067,-0.0068972996,0.47722918,-0.008264706,-0.015221905,-0.0063115438,0.076269805,-0.057865117,-0.00879851,0.09997972,-0.0045242365,-0.020192966,-0.019415181,0.28334635,-0.027050775,-0.019312479,-0.020859174,-0.015513847,-0.022698967,1.0631859
TCGA-BR-8291,-0.013796008,-0.03154252,-0.008308134,-0.017033216,0.009275036,0.015848566,-0.008234121,-0.006955147,-0.0052643935,-0.009275723,0.32081708,-0.034693412,-0.005384196,0.06851193,-0.041454706,0.0111004785,0.06305938,0.026391694,-0.010480413,-0.055772424,-0.011551949,0.036179192,0.48114634,0.042713393,0.04467132,-0.025756683,-0.039539047,0.0025077984,-0.015087781,-0.035504412,0.11180889,-0.05037403,0.004696432,-0.008579739,-0.06928457,-0.0130626,-0.02756393,0.015110202,-0.02013027,-0.0131325675,0.6508348,-0.006798614,-0.06196224,0.6082456,-0.006791272,0.0011026394,0.3443401,-0.014950043,-0.013610953,-0.008074926,0.16315006,-0.0579599,-0.006771071,0.17786479,-0.011762244,-0.02206896,-0.011908373,0.30979472,-0.011576177,-0.020736352,-0.0041499212,-0.0065682083,-0.016744811,1.0291808
TCGA-BR-8295,-0.026326282,-0.034118064,0.01747096,0.065940164,-0.005070513,0.00241529,0.032759465,0.010261243,-0.010327304,-0.02612205,0.12402966,-0.023646219,-0.012468379,-0.009608539,-0.023273734,0.019613774,-0.008861981,-0.019456161,-0.016199343,-0.056252837,-0.01633679,-0.014895247,0.30429262,-0.010825486,0.060776036,-0.01975722,-0.037876412,0.014884343,0.20150092,-0.024474815,0.14620228,-0.040580884,-0.018018294,-0.006919507,-0.050262786,0.016334113,-0.04061055,-0.039550103,-0.030189106,-0.013070425,0.5041436,-0.009754026,-0.037293047,0.35417438,-0.0063238544,0.014099751,0.26141077,-0.015061012,-0.004877107,-0.02681971,0.061067816,-0.040916063,-0.0054381695,0.084822506,-0.029114274,-0.014748004,0.00028294977,0.22158241,-0.009003291,-0.015637875,-0.019483715,-0.018099958,-0.028708491,0.8660736
TCGA-BR-8296,-0.013995988,-0.016273512,-0.004035577,-0.06305213,-0.01669588,-0.012345945,-0.012835941,-0.013247614,-0.013418795,-0.0076795416,0.32584998,-0.033003297,-0.0134945465,0.035604775,-0.024168493,0.002590906,0.10705516,-0.011535,-0.024330331,-0.068581745,-0.015340732,-0.005624353,0.53451234,-0.009457613,0.16701049,-0.0211345,-0.051840276,-0.003061783,-0.018237108,-0.034959465,0.189939,-0.05721705,0.048925713,0.0027445103,-0.08792521,-0.010646883,-0.045508288,-0.01540863,-0.02092717,-0.028120583,0.93021107,-0.014499528,-0.03860365,0.753179,-0.017001875,0.03608536,0.52516735,-0.021588711,-0.013009313,0.0062896893,0.14720175,-0.07107722,-0.015511444,0.10064734,-0.010723603,-0.023729265,-0.009581074,0.42696425,-0.029464465,-0.02031169,-0.01590425,-0.023705851,-0.020723352,1.1418291
TCGA-BR-8297,-0.0038529811,-0.03231736,-0.0074634976,-0.05156296,-0.007742783,0.014449207,-0.0048538013,-0.01639604,-0.017335275,-0.011555616,0.27133304,-0.03938187,0.0037393519,0.0068130693,-0.025659386,-0.001216705,0.047440313,0.0126933735,-0.029971998,-0.07221232,-0.019212518,0.0032345583,0.4059673,-0.010124994,0.075032145,-0.023906082,-0.049260035,-0.016397044,-0.011780895,-0.040436693,0.12758377,-0.06508533,-0.007338484,-0.006956579,-0.07463212,-0.025129624,-0.037740037,-0.001590345,-0.01354188,-0.018020494,0.63518274,-0.013641278,-0.053482942,0.49593538,-0.023721788,-0.008565569,0.27344996,-0.009210972,-0.011374319,-0.008494826,0.05639721,-0.07962629,-0.011167151,0.12897593,-0.0021601063,-0.02138871,-0.015352666,0.2103436,-0.02556273,-0.014446216,-0.008665172,-0.022627799,-0.018447137,0.8252417
TCGA-BR-8361,-0.008342175,-0.020475982,-0.009141207,-0.077068366,-0.022461195,0.0034382152,-0.009932611,-0.018101975,-0.01771339,0.03069146,0.39093417,-0.033088174,-0.01563558,0.012527184,-0.02682874,-0.0015797213,0.025510812,-0.0154982805,-0.049658302,-0.0781554,0.018969476,0.03638313,0.47388867,-0.018489039,0.19855437,-0.020327413,-0.0675461,-0.024366898,-0.01613988,-0.0414195,0.1265018,-0.06704747,0.06832558,-0.01920659,-0.110170215,-0.032889716,-0.023741705,-0.013914852,-0.010838487,-0.02753631,0.9014162,0.018168477,-0.011319634,0.8369589,-0.019861974,0.06638,0.46059895,-0.019799907,-0.013408788,-0.0060131736,0.21356563,-0.08196175,-0.015576769,0.081196725,-0.014195086,-0.009354439,-0.016212855,0.4036985,-0.034019984,-0.008912493,-0.019358596,-0.030297922,-0.021861795,1.2395511
TCGA-BR-8362,0.00066080416,-0.026082395,-0.013925301,-0.061758973,-0.01678121,0.010987654,-0.008662874,-0.018369697,-0.014554573,-0.014015328,0.42312473,-0.033700444,-0.010714289,0.01979391,-0.028376572,0.045826305,0.047298398,-0.0021679034,-0.0401474,-0.07589406,-0.010386439,-0.002291175,0.4467877,-0.013407709,0.16027361,-0.020712519,-0.06072794,0.028982405,-0.012410511,-0.044066712,0.053377096,-0.060613066,0.051875748,-0.008957531,-0.096309416,-0.033462074,-0.04921128,0.03686863,-0.017546613,-0.03092144,0.7989947,-0.019447844,-0.04886933,0.7108934,-0.014745384,-0.00023523485,0.43209523,-0.008400947,-0.01719632,-0.0064112083,0.101182595,-0.09003544,-0.015792789,0.16199422,-0.009319729,-0.009379956,-0.010478454,0.24519688,-0.029628348,-0.009528711,-0.008968625,-0.024322975,-0.017485939,1.1480613
TCGA-BR-8364,-0.011861753,-0.040987868,-0.0068216436,-0.027713854,-0.0076944,0.0104779145,-0.004755764,-0.011852171,-0.0061516436,-0.012921262,0.27635893,-0.03932598,-0.000756862,0.01173347,-0.03866772,0.0171807,0.023610648,0.009712394,-0.01960466,-0.0633739,-0.018045325,0.042669594,0.4642889,0.028844902,0.048241213,-0.028540373,-0.031845808,0.0035922318,-0.014025097,-0.04030726,0.20292902,-0.06574281,-0.005448165,-0.009109697,-0.07165236,-0.01032193,-0.026843566,-0.008744286,-0.013647815,-0.027564721,0.6211046,-0.010675735,-0.07096267,0.5366742,-0.013940448,-0.005050226,0.31572992,-0.011442479,-0.0064900937,-0.0041072895,0.1505316,-0.06892175,-0.0058128797,0.09802084,-0.006566258,-0.026387323,-0.0013912357,0.27201858,-0.018835783,-0.013154985,-0.013304055,-0.01644974,-0.021510934,0.87895447
TCGA-BR-8365,-0.007721142,-0.047274996,-0.007279617,-0.03509837,-0.004592741,0.003616869,-0.008546197,-0.013582818,-0.013545185,-0.006359027,0.29301128,-0.047028273,0.0018305825,0.005384352,-0.031277947,0.0022739992,0.039339013,0.024424085,-0.02239251,-0.06257284,-0.019390244,0.025320448,0.4458679,0.006533439,0.04324126,-0.03125579,-0.035967764,-0.009618675,-0.012166645,-0.039289415,0.21246947,-0.060074277,0.0042694407,-0.0054807393,-0.06695433,-0.0140134115,-0.030119846,-0.00045118388,-0.014545269,-0.021546476,0.65804654,-0.008711796,-0.07544566,0.5070196,-0.018979844,-0.0039693885,0.30467528,-0.015823286,-0.011514517,-0.0071127256,0.17643552,-0.06945581,-0.010328336,0.11262334,-0.0060160505,-0.02978205,-0.01859195,0.19681558,-0.0173329,-0.0099031115,-0.009480823,-0.017992528,-0.02009381,0.8731669
TCGA-BR-8367,-0.009124534,-0.030031536,-0.00585703,-0.055925675,-0.008806722,0.005698476,-0.010494297,-0.01909482,-0.01449855,0.0013714512,0.3349585,-0.034828596,0.002143675,0.0056287413,-0.032217078,0.012738312,0.060045566,0.004653603,-0.03241825,-0.074418396,-0.019948,0.019181048,0.42425376,-0.011229499,0.057933785,-0.026835723,-0.05593665,-0.003019309,-0.013516511,-0.041068856,0.09660612,-0.06371381,-0.011318902,-0.007882785,-0.097679086,-0.01921479,-0.043212637,-0.009380703,-0.0069565596,-0.023756046,0.63452196,-0.017345605,-0.06082726,0.5566031,-0.022358665,0.001875279,0.37662208,-0.0063190092,-0.0068539674,-0.008550978,0.06985776,-0.08481744,-0.012244709,0.14827184,-0.010458201,-0.017673576,-0.0056490335,0.23974746,-0.021524802,0.0037969793,-0.0077252835,-0.0121388575,-0.019318951,0.93531907
TCGA-BR-8368,-0.0075861076,-0.024888106,-0.016825438,-0.078529924,-0.027851332,-0.016085168,-0.0129188085,-0.015942598,-0.01796211,0.0038284457,0.4146126,-0.028520092,0.00917657,-0.0036553151,-0.034528878,0.0033766606,0.16639015,-0.011319752,-0.043360278,-0.08377309,-0.009169896,0.006081028,0.41817367,-0.018644666,0.2806863,-0.026068034,-0.07214127,-0.00956939,-0.011166537,-0.03202465,0.15710312,-0.06811062,0.11701192,-0.008651579,-0.11246463,-0.030932944,-0.057609454,0.0053994018,-0.017514637,-0.026931845,1.0065938,0.03203874,-0.033050817,0.8729457,-0.021754188,0.033697207,0.46199667,-0.023803305,-0.01569122,-0.010733584,0.1306673,-0.08798881,-0.020819467,0.048442297,-0.011101825,-0.0038409038,-0.010094076,0.33421403,-0.030094925,-0.015016852,-0.019413829,-0.032786775,-0.021827338,1.282709
TCGA-BR-8369,-0.012671787,-0.018689018,-0.009151148,-0.055092685,-0.011753228,0.0075680637,-0.009035137,-0.016954195,-0.012715045,-0.0068944534,0.30787414,-0.030976176,0.004189629,0.017275032,-0.030296206,0.007394892,0.03299228,0.00618346,-0.036087215,-0.07046772,-0.012282496,-0.010900261,0.45560718,-0.0019636697,0.08892384,-0.019873679,-0.054966345,-0.0045047393,-0.015164984,-0.03701676,0.14767946,-0.05354563,-0.0007752422,-0.010602502,-0.08234097,-0.02172358,-0.04467404,-0.008683414,-0.012120287,-0.029615255,0.6951127,-0.014708135,-0.039459974,0.59276426,-0.012170391,0.0033549159,0.3901931,-0.014898281,-0.012763228,0.00849199,0.13565229,-0.0745077,-0.011202629,0.15959378,-0.012849053,-0.01854746,-0.01661708,0.268075,-0.025838483,-0.0028669548,-0.009084652,-0.021380704,-0.017953943,1.059564
TCGA-BR-8371,-0.0062190196,-0.031743057,-0.0034350413,-0.03517293,-0.009885989,0.0097324755,-0.0053150407,-0.013512859,-0.012088798,0.002554115,0.244284,-0.027656794,0.005487771,0.006246346,-0.027739154,0.010933969,0.04134687,0.007518325,-0.017580036,-0.059764702,-0.025865814,0.008651678,0.42335975,0.023857368,0.03621479,-0.024450503,-0.035880417,0.009312042,-0.007905369,-0.031009302,0.17614788,-0.04884477,-0.016840413,-0.005510023,-0.053402625,-0.009202378,-0.032596137,-0.014257553,-0.01480414,-0.011144062,0.57787216,-0.005932487,-0.05592297,0.43544707,-0.024201997,-0.00969748,0.2907753,-0.009083314,-0.009646704,0.008849494,0.05810622,-0.060793184,-0.0065915585,0.11987169,-0.007126094,-0.02621986,-0.014365984,0.21935034,-0.017083881,-0.012340518,-0.00080244266,-0.012066427,-0.022135152,0.7575474
TCGA-BR-8372,-0.01843629,-0.022113195,-0.007300144,-0.09056493,-0.014043522,-0.007986644,-0.017968837,-0.017912984,-0.020723164,-0.014253491,0.37191406,-0.029948078,0.011863169,-0.001434593,-0.024426114,-0.015028974,0.15487339,-0.012954256,-0.045539822,-0.09487227,-0.015843825,0.0039537065,0.43124777,-0.020772401,0.25599885,-0.024221934,-0.08149862,0.017075423,-0.017308217,-0.037557736,0.087036364,-0.0745689,0.098694175,-0.009317688,-0.12329419,-0.041247807,-0.07159712,-0.01705352,-0.029713247,-0.029664787,0.96581876,0.03197946,-0.032444693,0.8014914,-0.029123535,0.032969534,0.5282811,-0.027414743,-0.011838844,-0.007778504,0.17380178,-0.0908051,-0.017258463,0.07070187,-0.0055927713,0.0016194023,-0.013863216,0.3576275,-0.030582258,-0.017635806,-0.017891472,-0.02960163,-0.023534913,1.3413388
TCGA-BR-8373,0.037216805,-0.035031803,-0.012599926,-0.050252438,-0.02127545,0.009376189,0.016959336,-0.017192595,-0.014111316,0.005745829,0.40086967,-0.03273866,-0.024523877,0.00621939,-0.029432558,0.065441675,0.07241031,0.022590335,-0.028080875,-0.07224647,-0.015166605,0.027500281,0.42271632,-0.016200248,0.15349275,-0.026704237,-0.039730363,0.010046557,0.013587514,-0.03774406,0.11844668,-0.053798713,-0.01258825,0.06005082,-0.08727664,-0.012417448,-0.029120397,-0.010728088,-0.015259709,-0.019485638,0.7857867,0.012690162,-0.047746543,0.70282197,-0.019518109,0.019943615,0.35401493,-0.010393979,-0.014809552,-0.015282176,0.20002264,-0.07886898,-0.019563625,0.11488092,-0.018180773,-0.0147005245,-0.020177228,0.4002257,-0.032277893,-0.015392082,-0.021724904,-0.011358788,-0.01560363,1.1267314
TCGA-BR-8381,-0.010623915,-0.017666178,-0.0057564704,-0.069594085,-0.015540128,0.016617097,-0.011114023,-0.014752032,-0.011966173,-0.011433871,0.37327087,-0.03551323,-0.014307761,0.012969002,-0.024372205,-0.010820329,0.09019262,0.004273805,-0.035637062,-0.07738763,-0.009556566,0.02589206,0.5307056,-0.011451708,0.15705168,-0.023510449,-0.06145032,-0.0070299148,-0.012624036,-0.04379182,0.12010378,-0.05900085,0.023635207,-0.00963047,-0.09832774,-0.034598436,-0.04087642,0.01130174,-0.018516935,-0.020321295,0.8240809,-0.019859515,-0.042285275,0.756587,-0.020057417,0.016581645,0.48441517,-0.019011663,-0.011197726,-0.007469867,0.22459501,-0.07418491,-0.012566887,0.16765036,-0.011531222,-0.015146265,-0.0123151485,0.39326555,-0.022751981,-0.01403622,-0.013567049,-0.025998676,-0.01902638,1.2028998
TCGA-BR-8382,-0.012115952,-0.012322907,-0.0036813365,-0.061133474,-0.013409558,0.022510493,-0.0048823543,-0.013413126,-0.0054442165,-0.0014686622,0.34959102,-0.030333413,-0.0028094482,0.015216811,-0.022269059,0.0034421815,0.09653126,-0.006771251,-0.038504444,-0.071503416,-0.012146495,0.0026978054,0.47355646,-0.005496613,0.16566429,-0.022653513,-0.0543209,0.00236955,-0.012732713,-0.031502195,0.105382144,-0.056070033,0.022828225,-0.015371975,-0.093152225,-0.028299397,-0.044917434,-0.009641811,-0.011288911,-0.022457369,0.8496583,0.012850043,-0.032808065,0.77044356,-0.0109882,0.015052289,0.46726146,-0.02149221,-0.011536009,-0.0091219405,0.15837172,-0.07149323,-0.012905341,0.18741482,-0.010546007,-0.011356277,-0.010721602,0.37267545,-0.022878226,-0.008319961,-0.009522294,-0.023415977,-0.020046,1.1627792
TCGA-BR-8384,-0.0067897616,-0.029887578,-0.009454835,-0.037435926,-0.007076268,0.0039830403,-0.0051445602,-0.015345082,-0.015005999,-0.00089851907,0.26406944,-0.044041812,0.003339901,0.012170577,-0.03121816,0.0015727435,0.036013182,0.008305183,-0.022420187,-0.07262741,-0.014893793,0.0019653132,0.4105469,0.01054009,0.012289276,-0.02069866,-0.041549075,-0.017104566,-0.012355303,-0.04013949,0.16425529,-0.0653566,-0.015241355,-0.0045211012,-0.076185405,-0.018991973,-0.027857862,-0.0052781114,-0.015726216,-0.014921987,0.5333818,-0.008383094,-0.0774558,0.43007767,-0.017703727,-0.012341638,0.28463688,-0.0021143444,-0.0052025076,-0.009022636,0.03384307,-0.08476283,-0.011379305,0.19229901,-0.006347619,-0.029777776,-0.0119005395,0.15600987,-0.017652474,-0.017717011,-0.0021142503,-0.015283912,-0.018595606,0.72333527
TCGA-BR-8483,-0.017742084,-0.01095367,-0.017731931,-0.06958554,-0.007942574,0.011663786,-0.011659219,-0.0135052595,-0.025321528,0.039361075,0.28865576,-0.026853025,-0.011625031,0.007984129,-0.02142307,0.005553924,0.07186565,-0.013170753,-0.026567642,-0.06304863,-0.016128022,-0.0032825859,0.41392618,0.0064228056,0.09260806,-0.03026867,-0.058996998,-0.0048153005,-0.006103484,-0.04095466,0.13111581,-0.060799107,6.0820166e-05,-0.013505298,-0.08502367,-0.028018909,-0.041844137,0.0018485846,-0.014874194,-0.019335736,0.75940627,-0.020666404,-0.02934256,0.6353075,-0.011885895,0.0002724956,0.42245406,-0.01752913,-0.011252271,-0.01913609,0.1508255,-0.06562109,-0.022821726,0.1147555,-0.016162472,-0.009911942,-0.019876342,0.41120893,-0.041067842,-0.012569688,-0.011597576,-0.024790749,-0.013646412,1.0244672
TCGA-BR-8484,-0.00049129897,-0.018295,-0.016556334,-0.043583065,-0.00903815,0.0027787974,0.003317688,-0.011124304,-0.013253955,0.041803066,0.40553588,-0.028909206,0.00071959104,-0.015069196,-0.030142289,-0.008622364,0.05764854,-0.016372224,-0.017461447,-0.060185187,-0.009972449,0.029292822,0.46934447,-0.008406635,0.14947695,-0.018525835,-0.044991054,-0.0011970217,-0.0061668395,-0.0360835,0.10935095,-0.040454883,0.076088116,-0.011259276,-0.067947134,-0.015411342,-0.030400824,0.04046694,-0.015570799,-0.016670685,0.7326734,-0.007756222,-0.038290348,0.7706632,-0.011829166,0.01744728,0.3351038,-0.012167992,-0.014762486,-0.004595711,0.13640325,-0.059226274,-0.011966526,0.11240866,-0.012887534,-0.012233291,-0.018746838,0.35812676,-0.021845296,-0.005167607,-0.009860828,-0.009149433,-0.014852695,1.1069205
TCGA-BR-8485,-0.015383845,-0.02936329,-0.0071466425,-0.040642507,-0.016565591,0.027210075,-0.0049942825,-0.010891506,-0.014230988,0.015555025,0.3633297,-0.02452967,0.00024842215,0.012319635,-0.033589937,-0.0068968935,0.03478852,-0.013175584,-0.02037293,-0.065707065,0.013909229,0.027804384,0.3872443,-0.009506539,0.18304339,-0.021278428,-0.041580986,-0.0044968263,-0.009478841,-0.029495742,0.08402899,-0.039805546,0.006959007,-0.0095131975,-0.073974416,-0.021952244,-0.038366187,0.0047121723,-0.015585758,-0.019300574,0.8015011,-0.007777368,-0.039652307,0.6908507,-0.010056947,0.03453413,0.39849472,-0.024257345,-0.009273734,-0.0095042605,0.18205634,-0.05046141,-0.019462481,0.089439325,-0.014149729,-0.014417768,-0.019880442,0.37642902,-0.022753598,-0.009761321,-0.014971994,-0.016063198,-0.0117503265,1.1328359
TCGA-BR-8487,0.0037108392,-0.018290695,-0.011796049,-0.095009275,-0.020304423,0.0043187016,-0.013108165,-0.015252182,-0.024167784,0.0087339105,0.34611505,-0.039151955,-0.009096944,0.00038936548,-0.017234776,-0.008098584,0.120505854,-0.018553825,-0.057847343,-0.081931174,-0.015103964,0.037736088,0.4296166,-0.014110571,0.2626865,-0.026736565,-0.07560484,-0.014215361,-0.025109053,-0.040092498,0.06380257,-0.071919955,0.12411591,-0.01562112,-0.11214793,-0.043758344,-0.048110418,0.011699669,-0.02584555,-0.024938585,0.8592246,0.010763347,-0.029967804,0.7409605,-0.023422288,0.026092188,0.48258927,-0.020607164,-0.011954721,-0.0074982857,0.105136365,-0.09216357,-0.014633631,0.06841031,-0.014331063,-0.019543895,-0.010144914,0.35066164,-0.033218686,-0.01630876,-0.018406872,-0.029555943,-0.019085215,1.1735137
TCGA-BR-8588,-0.0132872695,-0.021656133,-0.00567934,-0.060863364,-0.012050266,0.016884916,-0.008406506,-0.018900184,-0.013029009,0.0032785516,0.35849118,-0.033490922,-0.001003057,0.028551584,-0.024748296,0.009071272,0.064481005,-0.0034115033,-0.03869884,-0.06863178,-0.011099821,0.01645043,0.55466646,-0.007754478,0.1330806,-0.025206525,-0.05204943,-0.011294082,-0.013378194,-0.031660043,0.16281727,-0.060189575,-0.00082590093,-0.0022060717,-0.09033886,-0.023666851,-0.03901768,0.0036461493,-0.01762525,-0.023476854,0.8302417,-0.014467822,-0.043787517,0.7450403,-0.015213297,0.017311286,0.4623366,-0.02009952,-0.012230249,-0.01143378,0.1755873,-0.066591576,-0.015132293,0.15957147,-0.009620248,-0.012620589,-0.013249556,0.3910293,-0.019608747,-0.014568675,-0.0032568777,-0.020408224,-0.016648045,1.1385701
TCGA-BR-8589,-0.015637677,-0.015767317,0.0058496827,-0.071068816,-0.020090349,0.018185629,-0.0014454115,-0.014378372,-0.015748426,-0.016438648,0.38688684,-0.034234878,0.0034853714,-0.011688458,-0.027132317,-0.015191524,0.09557967,-0.016548844,-0.04915524,-0.086211905,-0.017543154,0.028272204,0.4821159,-0.01920927,0.27106437,-0.02529867,-0.07398388,-0.012181136,-0.014536073,-0.04367461,0.0753718,-0.064364836,0.092154145,-0.014319594,-0.10934377,-0.033850554,-0.034095682,-0.0151536185,-0.01904864,-0.02588141,0.86033714,0.034818314,-0.024606302,0.8164787,-0.02482884,0.020600475,0.53475815,-0.02103304,-0.012137806,-0.007392529,0.15864629,-0.081066094,-0.017360423,0.16182664,-0.0040711244,0.025929881,-0.013518944,0.39764732,-0.024287628,-0.020068603,-0.019986559,-0.02882774,-0.020414842,1.2702469
TCGA-BR-8590,0.02476896,-0.030468008,-0.0053751124,-0.03146515,0.00040626992,0.008695525,-0.005883621,-0.016954366,-0.0050395327,-0.009251641,0.37138015,-0.031808693,0.0033918219,0.008746234,-0.03362318,-0.007239857,0.038852718,0.014846636,-0.01721803,-0.06351207,-0.01611586,0.0022307779,0.4239285,0.004540567,0.056971837,-0.028213292,-0.036487125,-0.0060018897,-0.012204514,-0.03524303,0.15300985,-0.049361598,-0.008256046,-0.0054967157,-0.06753616,-0.015334713,-0.028864127,-0.008242586,-0.014245266,-0.014027014,0.595561,-0.0020863966,-0.056332245,0.57595456,-0.007906905,-0.0040852367,0.3431461,-0.013526304,-0.010750378,-0.0059051835,0.1763861,-0.059479862,-0.01639464,0.085093364,-0.0077478494,-0.02177069,-0.01805333,0.25688994,-0.018718606,-0.010424665,-0.0027098837,-0.008022899,-0.013217701,0.9453026
TCGA-BR-8591,-0.016355542,-0.021577189,-0.005116676,-0.08323611,-0.01660207,0.014123441,-0.011377072,-0.01178119,-0.016144045,-0.00944169,0.36030114,-0.036789495,-0.0004197535,-0.0050617713,-0.019952219,-0.009013904,0.11276006,-0.014055208,-0.046857003,-0.082076415,-0.011088125,-0.0013069354,0.4505846,-0.010523681,0.20599663,-0.026585024,-0.07071629,-0.010501444,-0.012281469,-0.040740244,0.10323153,-0.06310123,0.0775421,-0.018408885,-0.1071677,-0.037462004,-0.054028273,-0.0015884504,-0.020313235,-0.021542015,0.8147253,-0.008011492,-0.034902304,0.7476113,-0.024462847,0.022860961,0.47046512,-0.019026972,-0.012363267,-0.0057223355,0.16639796,-0.08450024,-0.01855867,0.12651056,-0.011890877,-0.011695386,-0.015268345,0.3428622,-0.025094874,-0.009680893,-0.012896701,-0.027571436,-0.019242818,1.115874
TCGA-BR-8592,-0.0052903034,-0.037966847,-0.0012010052,-0.055825908,-0.009205131,0.0014868272,-0.00464332,-0.01300682,-0.017347623,-0.0066418834,0.2968612,-0.041175183,-0.0030933428,0.0049157334,-0.029560586,0.0020823176,0.023682402,0.0029175836,-0.030178785,-0.07382353,-0.017148048,0.027494546,0.4185602,0.002957267,0.016835444,-0.030924316,-0.043594263,-0.0142023405,-0.006796767,-0.037396766,0.17759074,-0.07189497,-0.014179978,-0.013767395,-0.082837,-0.019869292,-0.03905968,-0.008985669,-0.020310346,-0.022944208,0.65213835,-0.014333729,-0.0688356,0.5134889,-0.020071473,-0.0073789693,0.33664876,-0.016217418,-0.010458415,-0.010125178,0.08846677,-0.08559747,-0.016364023,0.16137545,-0.009557266,-0.025510086,-0.014475673,0.25182807,-0.028043224,-0.018289821,-0.0058988696,-0.019491466,-0.018926814,0.9381193
TCGA-BR-8676,-0.020956926,-0.014651479,-0.009142484,-0.08548807,-0.020220662,-0.010361468,-0.014623524,-0.015558161,-0.019612327,0.053889,0.46455938,-0.0317962,0.03870286,-0.013087869,-0.029958257,-0.0118269855,0.16131213,-0.029062022,-0.04855384,-0.0839331,-0.017845115,-0.0012200614,0.569819,-0.016387701,0.25132248,-0.022204248,-0.067301445,0.0046670483,-0.012512352,-0.032469682,0.106455445,-0.05559975,0.053372916,0.03523089,-0.10294315,-0.04500255,-0.05206326,-0.021059372,-0.017418355,-0.028683703,0.91572726,-0.020707523,-0.032818675,0.7489861,-0.029343214,0.058471452,0.57895094,-0.031056909,-0.012966049,-0.014857922,0.16765437,-0.07617447,-0.008734241,0.1324353,-0.02041367,0.024050748,-0.014557618,0.43065622,-0.030252729,-0.020556325,-0.029999338,-0.026229007,-0.020421883,1.4533515
TCGA-BR-8677,-0.021288456,-0.02849649,-0.008118147,-0.042677768,-0.018447284,-0.0022465838,-0.011856078,-0.015197271,-0.007758406,-0.012285281,0.3496582,-0.03576655,-0.01780033,0.030122498,-0.03328149,-0.0122580035,0.102565736,0.0052473247,-0.025253762,-0.06530171,-0.010562716,0.031244151,0.5099595,0.0150170885,0.11327219,-0.02770446,-0.049605176,-0.015661443,-0.01040262,-0.042693846,0.13334279,-0.06025336,-0.0054244613,-0.018148618,-0.09063186,-0.013285503,-0.025596885,0.028958138,-0.0210705,-0.024707448,0.92127717,-0.01425868,-0.05392112,0.7866427,-0.0032997201,0.013192698,0.5361782,-0.024667624,-0.0125965215,-0.00810151,0.17694163,-0.07031396,-0.015122429,0.14351413,-0.017265173,-0.022518069,-0.013521878,0.35768533,-0.026144579,-0.018708196,-0.014398894,-0.01446424,-0.021550678,1.2459977
TCGA-BR-8678,-0.010400099,-0.030742288,-0.0054515824,-0.0323966,0.0024319813,0.0119970245,-0.00917154,-0.0047658365,-0.019773517,-0.026418922,0.36360723,-0.015467539,0.029517945,0.04255356,-0.02928724,-0.014665106,0.10686709,-0.019653143,0.0069031753,-0.058237754,-0.014527524,-0.007777272,0.50423145,-0.015013742,0.2109792,-0.01264495,-0.056700986,0.006432981,0.014397966,-0.02954309,0.09008295,-0.046518266,-0.007072504,0.043887176,-0.08390887,-0.017109787,-0.031183098,-0.020883493,-0.026019152,-0.027254008,0.8684876,0.022029843,-0.038452704,0.96149194,-0.016052201,0.06939043,0.5957988,-0.008687682,-0.01617954,-0.0086308345,0.093179114,-0.052337825,-0.023088753,0.09209008,-0.02089706,-0.019798636,-0.012496058,0.4106418,-0.031951085,-0.018486144,-0.017668571,-0.011616498,-0.015914325,1.3377202
TCGA-BR-8680,-0.009848771,-0.0128443325,-0.0031528445,-0.07628991,-0.018710595,0.017554373,0.006530308,-0.027994644,-0.015716901,-0.0011172821,0.3963616,-0.03094222,0.018458977,-0.006572694,-0.030238308,-0.008506176,0.1478171,-0.014382331,-0.00621693,-0.07724066,-0.0045595868,0.04019319,0.5334767,-0.012320189,0.22975636,-0.032126542,-0.07475926,-0.0034359754,0.0046147257,-0.04027681,0.022932172,-0.06526103,-0.0059558884,-0.021870332,-0.10742825,-0.032047503,-0.06372845,-0.013726926,-0.019691456,-0.029402785,0.9626988,0.0012530489,-0.031064585,0.91043293,-0.03208957,0.047041565,0.5269977,-0.019630946,-0.025376111,0.013066307,0.20997581,-0.063615166,-0.026980989,0.062911585,-0.017330388,0.019305583,-0.010832753,0.3847917,-0.03687217,0.0026471224,-0.01948516,-0.017966224,-0.009255055,1.2507365
TCGA-BR-8682,0.012657319,-0.03197348,-0.0028581927,-0.06379488,-0.008744596,-0.007086388,-0.011005507,-0.00940804,-0.016502284,-0.0013927469,0.26771665,-0.038671203,0.0006773344,0.007538541,-0.024507312,0.024555787,-0.0035723995,-0.008062443,-0.03819124,-0.069151625,-0.01141072,0.018457793,0.40910584,-0.010377911,0.087008886,-0.014715256,-0.052815627,-0.011470622,-0.012260816,-0.039300628,0.09327366,-0.05696186,0.0028328833,-0.013764985,-0.099147044,-0.023234773,-0.041630395,0.022907503,-0.002633193,-0.019226221,0.60566217,-0.011175587,-0.05225198,0.6461849,-0.01842606,-0.010049034,0.32115245,-0.018149331,-0.015320713,-0.011565777,0.12324156,-0.08429036,-0.01668537,0.09470549,-0.0013725149,-0.015976686,-0.013747576,0.2110934,-0.028063515,-0.009968429,-0.0043011825,-0.014951741,-0.0171853,0.89187753
TCGA-BR-8683,-0.009398366,-0.024084354,0.0047239363,-0.045554504,-0.013525464,0.011812126,-0.013011915,-0.009104612,-0.007937913,-0.00777893,0.29746583,-0.029625691,-0.0025760618,0.011269212,-0.03827388,-0.01663172,0.026298968,-0.017130593,-0.030038033,-0.0676225,-0.007413749,0.010091049,0.4529162,-0.0053749485,0.06803391,-0.020807136,-0.047035158,-0.008677022,-0.01100647,-0.050496683,0.119405724,-0.047530927,0.0032710168,-0.011229474,-0.09846057,-0.025252819,-0.044268183,0.0059179775,-0.015318058,-0.025272466,0.6542827,-0.016370345,-0.053740945,0.6836926,-0.018040206,0.00094625656,0.38804293,-0.0073566167,-0.0190165,-0.009216497,0.108003944,-0.07289679,-0.021438742,0.0902799,-0.006856509,0.033692803,0.020649565,0.3258065,-0.035660982,-0.019059481,-0.009838769,-0.013833656,-0.010469137,1.0335994
TCGA-BR-8686,-0.019186389,-0.02575443,-0.008675973,-0.07595159,-0.019882997,-0.0015720273,-0.015111892,-0.017090676,-0.01894603,0.012255975,0.39456895,-0.04255124,-0.0070458013,0.028052878,-0.027295042,0.0055718455,0.086298704,-0.01923311,-0.040580135,-0.08308382,-0.01207076,-0.0075848633,0.50674653,-0.012735536,0.113131434,-0.029087367,-0.062109288,-0.014490543,-0.019591572,-0.050967254,0.085337654,-0.06870853,0.019746827,0.0017980819,-0.106546804,-0.028875971,-0.05194821,0.02244936,-0.023167262,-0.027856648,0.8568425,-0.019570984,-0.053895634,0.7248019,-0.023043381,0.01677319,0.45610914,-0.018760838,-0.009188911,-0.012216724,0.10868764,-0.081824526,-0.015296727,0.12341511,-0.00876244,-0.023268826,-0.019909255,0.38731855,-0.030566644,-0.024805749,-0.011611414,-0.02313035,-0.022906087,1.1781385
TCGA-BR-8687,-0.010725941,-0.024345692,-0.014297075,-0.018707464,-0.012047806,0.011430701,-0.0030664615,0.009043253,-0.009199133,-0.0051188786,0.33333525,-0.020775113,-0.018955052,0.015863702,-0.023229737,0.0132990135,0.014754292,-0.008318057,-0.02352576,-0.04609341,0.0075682555,0.042538997,0.43333036,-0.009508746,0.22354609,-0.01745392,-0.032032203,0.052905004,-0.023394614,-0.02764782,0.06654002,-0.038519695,0.052086696,-0.0074021164,-0.057117805,-0.022528194,-0.03353443,0.0060806973,-0.014510412,-0.029097097,0.8291367,-0.0063597844,-0.033604197,0.6551923,-0.008779265,0.027675558,0.3737255,-0.01570068,-0.009495104,-0.01561086,0.21368721,-0.04214053,-0.012407756,0.047888204,-0.009790734,0.013262159,-0.0025577336,0.31561685,-0.018943965,-0.013450983,-0.017754536,-0.011926766,-0.0067826807,1.0836837
TCGA-BR-8690,-0.0044143987,-0.010966088,-0.01009359,-0.04724909,-0.017388996,-0.0013770696,-0.006028696,-0.0150230825,-0.0065028686,-0.003861875,0.37536734,-0.01600718,-0.00992327,0.008060251,-0.028126277,0.0149015365,0.060664803,0.025344148,-0.024994677,-0.05497367,-0.005889759,0.013959167,0.55346864,0.023021085,0.13471603,-0.018764619,-0.043248713,0.0005364143,-0.008502198,-0.021230875,0.09056072,-0.045309003,0.024124274,-0.0015805797,-0.072495475,-0.014070431,-0.02314958,-0.007707198,-0.015276879,-0.025978344,0.8787007,-0.017877571,-0.033923473,0.7495773,-0.008064386,0.008911812,0.48098361,-0.02112304,-0.0092176,-0.012929114,0.21501131,-0.059498675,-0.018320285,0.1047001,-0.015380412,-0.011979011,-0.01134991,0.3518965,-0.022643086,-0.013721462,-0.0147041995,-0.016152661,-0.017960573,1.294115
TCGA-BR-A44T,-0.01388794,-0.021599563,0.0017916802,-0.03745652,-0.00812465,0.004087584,-0.006361642,-0.01382035,-0.0074198307,-0.008370188,0.36640108,-0.01963073,0.008893552,-0.0027004494,-0.024554761,0.0039056689,0.07344787,0.008488672,-0.021309795,-0.05363495,-0.008662794,0.04136078,0.46596864,0.029977314,0.110609606,-0.024496758,-0.0365707,0.0148784425,-0.0071975496,-0.029371828,0.23229963,-0.047782306,0.0017895458,-0.009441664,-0.056867532,-0.011418782,-0.03292018,-0.013685211,-0.013572207,-0.01863383,0.7705039,-0.012493383,-0.049959745,0.59320974,-0.013101125,0.025888974,0.4419579,-0.016767144,-0.004993001,-0.011132887,0.13689783,-0.051418938,-0.012742843,0.08685241,-0.006377709,-0.0246401,-0.019085962,0.29747427,-0.017691443,-0.020632125,-0.011731748,-0.02346122,-0.01703955,1.0481095
TCGA-BR-A44U,-0.0048618293,0.008184539,-0.012469163,-0.07546832,-0.015790066,-0.009182704,-0.016544547,-0.017795434,-0.013166525,0.015585456,0.33027276,-0.022467706,0.0112833595,0.0068105087,-0.018027622,0.021885617,0.11472669,-0.014060479,-0.045855902,-0.05031956,-0.007211235,0.0039429544,0.47571075,0.015967853,0.099974215,-0.029680112,-0.05646488,-0.006752515,-0.0015024955,-0.027527083,0.017691722,-0.052194454,0.013579662,8.659283e-05,-0.09235433,-0.034034092,-0.042167604,-0.015641082,-0.018438123,-0.027919814,0.85095596,-0.018579641,-0.031767324,0.61923474,-0.010691996,0.015308529,0.47946924,-0.017474119,-0.011616624,-0.014718007,0.1723558,-0.07864846,-0.022765953,0.13849841,-0.013938084,-0.016343577,-0.010977785,0.32453775,-0.0290363,-0.015613641,-0.0135404635,-0.021790305,-0.018121416,1.0713245
TCGA-BR-A452,-0.013138014,-0.0019867206,0.034980476,-0.039068624,0.0075471494,-0.008760876,-0.009789777,-0.0107053425,0.010678662,0.03934726,0.3358307,0.08168238,0.028714217,-0.012206974,-0.035040736,-0.011163141,0.042969473,-0.019692985,-0.022590423,-0.035845295,-0.018973334,-0.008613496,0.60496366,-0.015836935,0.06958955,0.0019792244,-0.05654764,0.0020428794,-0.0075067165,-0.029609313,0.12295408,-0.036860432,0.034974363,0.08174776,-0.069273464,-0.022386689,-0.028474722,-0.018745882,-0.024982337,-0.018633597,0.7573371,-0.00043804944,-0.03488558,0.64460504,-0.018072302,0.013559785,0.5140245,-0.0011853003,-0.012434635,-0.0009212157,0.2050195,-0.03978457,-0.0057081236,0.0982218,0.020593261,0.026166879,-0.017689766,0.34766614,-0.023267122,-0.018898226,-0.01354034,-0.011383975,-0.017160788,1.2408864
TCGA-BR-A453,-0.0022937043,-0.030066174,0.011286703,-0.035078246,-0.013157679,0.0069652786,-0.010303172,-0.012333004,-0.0053301393,-0.013987246,0.15548676,-0.03832361,0.011939944,0.005209184,-0.02881578,-0.0017584134,0.0620271,0.00622329,-0.01777258,-0.061718367,-0.011953711,0.0062367767,0.37280548,0.009012549,0.025437359,-0.02800452,-0.030742858,-0.017075261,-0.0025370747,-0.03378538,0.11158535,-0.056764867,-0.014064191,-0.0100598615,-0.058694616,-0.018622559,-0.029844224,0.004543436,-0.020915413,-0.01436782,0.5345822,-0.0067645046,-0.059269257,0.41195697,-0.01718188,-0.005354463,0.28448924,0.00045212125,-0.009275466,-0.008764297,0.04497942,-0.06951074,-0.012179604,0.141337,-0.002436779,-0.020940695,-0.015749764,0.122543186,-0.018202892,-0.01984266,0.00095517724,-0.01577516,-0.014776343,0.73894256
TCGA-BR-A4CS,-0.005575312,-0.009872177,0.003966919,-0.06268565,-0.008570665,-0.012109966,-0.007103904,-0.011045711,-0.011992482,0.04802054,0.22338724,-0.032756,0.024784768,0.015426893,-0.031032555,-0.0021454191,0.08694494,-0.010253156,-0.02345425,-0.058590427,-0.0036745628,0.004007108,0.46373925,-0.008225805,0.13301471,-0.016578536,-0.038254336,-0.019795235,0.0034246806,-0.02707076,0.15920669,-0.056640945,-0.009764417,0.01882622,-0.07719187,-0.03187492,-0.036187157,-0.017761407,-0.016397733,-0.024967045,0.76442623,-0.010598377,-0.029711232,0.53372073,-0.015971534,0.018057588,0.3217907,-0.027315948,-0.006610532,-0.0010929774,0.11265226,-0.05587747,-0.0036181137,0.09291806,-0.012453968,-0.0143819265,-0.016743818,0.3787136,-0.02723064,-0.010485314,-0.018803341,-0.017204478,-0.017445643,1.0889348
TCGA-BR-A4IU,-0.013450757,-0.026180308,-0.0019005458,-0.05745611,-0.008814784,-0.010218645,-0.009756349,-0.019981194,-0.018513538,-0.008929927,0.33210504,-0.043621026,0.009236418,0.0072097094,-0.031787332,-0.005139443,0.11174871,-0.0035052341,-0.034788273,-0.06525271,-0.017948136,0.001790095,0.44684938,-0.0032655955,0.024630096,-0.022909079,-0.047009617,-0.0121800015,-0.006073093,-0.03460068,0.24143142,-0.05737321,-0.0011409386,-0.013823483,-0.08679166,-0.024261551,-0.041735187,-0.011209339,-0.01997198,-0.021188272,0.7439859,-0.022031777,-0.062874,0.60871446,-0.0129952,0.005973117,0.37319773,-0.018678658,-0.0055233776,-0.013125158,0.13039443,-0.07815854,-0.013067693,0.12881888,-0.0056549963,-0.023231924,-0.015154197,0.21821868,-0.027914543,-0.021214604,-0.0031185625,-0.023938648,-0.021617984,0.95761436
TCGA-BR-A4IV,-0.00977158,-0.03228298,0.010992321,-0.030717393,0.0050324746,-0.0041902754,-0.007183282,-0.00897076,-0.011493715,-0.008756373,0.25992596,-0.03713878,0.005496335,0.014444851,-0.034891278,-0.0064165797,0.052306652,0.0041417796,-0.023879347,-0.05832067,-0.020644316,-0.0003528461,0.44962448,0.0037036943,-0.002426223,-0.011247514,-0.029501278,-0.014410985,-0.003501256,-0.043398015,0.17012188,-0.053989697,-0.01597902,-0.0055202562,-0.06643786,-0.014808934,-0.026737276,-0.0065511186,-0.023835532,-0.012006318,0.5565206,-0.008419806,-0.07266063,0.3893669,-0.014506077,-0.0099627655,0.32826453,-0.014561575,-0.010233614,-0.0097155105,0.15217885,-0.07666264,-0.011064629,0.1715462,-0.00968362,-0.032656252,-0.021712877,0.108543016,-0.018283054,-0.01890215,0.0019650338,-0.011000685,-0.0150252115,0.76241744
TCGA-BR-A4IY,-0.020383984,-0.0021313243,-0.007591385,-0.07858355,-0.010269827,0.011830204,-0.013472106,-0.018671338,-0.016436758,-0.009311108,0.2781363,-0.040068254,-0.0077970084,-0.0016057743,-0.036507186,-0.012895326,0.08849421,0.009991875,-0.050090834,-0.07569734,-0.015011572,0.019540668,0.52559996,-0.014517255,0.09736521,-0.030174688,-0.055415403,-0.009927066,-0.008051425,-0.042861298,0.15130338,-0.062113196,0.038317814,-0.017666344,-0.094672725,-0.03439134,-0.042896524,-0.01169542,-0.027056891,-0.02974315,0.753509,-0.027507361,-0.043949455,0.69600457,-0.020281667,0.0074712536,0.49270308,-0.021442436,-0.0056949593,-0.0073935287,0.20304143,-0.07318793,-0.013722116,0.17304298,-0.007918408,-0.02472721,-0.01079352,0.3374804,-0.028327592,-0.022449058,-0.008465195,-0.023516359,-0.02453123,1.0912944
TCGA-BR-A4IZ,-0.02291968,-0.02796516,0.011608347,-0.042848382,-0.020567209,-0.011324363,-0.006879951,-0.02227934,-0.018747926,-0.024792265,0.43449494,-0.055687964,-0.0128359655,0.024727274,-0.043667972,-0.0038108537,0.0919934,0.008578729,-0.031172011,-0.06196577,-0.015360968,0.01705248,0.5920768,0.025420697,0.010907076,-0.032210935,-0.036755577,-0.016830605,-0.014885363,-0.053779494,0.23539476,-0.07639834,-0.014396559,-0.011079215,-0.09173953,-0.014464508,-0.01781774,-0.0026146867,-0.038060673,-0.022706205,0.81890553,-0.009319811,-0.07389262,0.59745646,-0.008864064,0.021903617,0.48112318,-0.020397997,-0.014497938,0.030263837,0.26887506,-0.084084734,-0.0105586145,0.21083824,-0.012771336,-0.043772552,-0.023974244,0.3099199,-0.02457065,-0.0056839315,-0.0076299785,-0.017341966,-0.025243532,1.16547
TCGA-BR-A4J2,-0.011173747,-0.030465845,0.010342324,-0.045645997,-0.013204402,-0.0054530455,-0.0104336,-0.015626933,-0.013608988,-0.0065176794,0.33650428,-0.04299666,0.0064407783,0.0073774112,-0.03647519,0.0019915947,0.04539117,0.0026110068,-0.031269483,-0.07178037,-0.012953505,-0.0029742692,0.50521004,-0.0083200205,0.024693312,-0.024205487,-0.04903055,0.0065143825,-0.009230457,-0.040186107,0.15901414,-0.06420187,-0.012235165,0.018113453,-0.09408968,-0.025342226,-0.034739487,-0.0081848875,-0.024483241,-0.019412732,0.60775346,-0.017803028,-0.064207755,0.5824069,-0.012657644,0.002992685,0.40008122,-0.022138719,-0.00664133,-0.004200344,0.15206544,-0.0820764,-0.013679357,0.22899844,-0.006157615,-0.028716978,-0.016786292,0.33985394,-0.023997901,-0.015270479,0.01186115,-0.015755506,-0.024759665,0.9710208
TCGA-BR-A4J5,-0.019219726,-0.028005995,0.004934338,-0.05607599,-0.011216627,-0.0057679373,-0.00684095,-0.011710083,-0.012850614,-0.0074262563,0.2904923,-0.036743637,0.0053965724,0.029757388,-0.031320527,0.002202148,0.07512902,-0.011793724,-0.029722292,-0.07651959,-0.010470549,0.009610872,0.4984778,0.02788372,0.03490395,-0.024245296,-0.050376453,-0.010729513,-0.011183682,-0.04413326,0.1792269,-0.060019802,0.032364536,-0.008981587,-0.08040444,-0.025017628,-0.025731508,-0.013125641,-0.020614084,-0.021043798,0.68830544,-0.01968436,-0.05726429,0.57614154,-0.018232495,-0.0107651455,0.3910814,-0.015418118,-0.012554069,-0.0064496817,0.23466909,-0.07798877,-0.007251385,0.19911194,-0.008695781,-0.019955538,-0.013360478,0.24909253,-0.027422449,-0.021145165,-0.0049618157,-0.013732108,-0.017635578,0.9564781
TCGA-BR-A4J7,-0.0166452,-0.025258783,-0.012384264,-0.046643447,-0.005926205,-0.0032319177,-0.010859075,-0.011025037,-0.011627203,0.003066165,0.30646548,-0.025773289,0.011383151,0.011353541,-0.034890622,0.02821912,0.007110232,-0.011909966,-0.026651997,-0.06348052,-0.021299673,0.019441538,0.470387,0.0015867633,0.014599064,-0.025784697,-0.04648624,-0.0032175272,0.013669249,-0.03792271,0.21234798,-0.051898643,0.022336397,-0.0120877735,-0.06747698,-0.027483394,-0.03214999,-0.007704015,-0.019627139,-0.02042243,0.689625,-0.011461129,-0.06698164,0.66709554,-0.019150916,-0.01640533,0.38794625,-0.019027213,-0.008840555,0.0018014698,0.18334262,-0.06754745,-0.012461713,0.14460802,-0.008768655,-0.020554375,-0.023520492,0.22963876,-0.025076853,-0.015828777,-0.017766476,-0.014970316,-0.008635661,1.0120091
TCGA-BR-A4J8,-0.019138273,-0.011898621,0.007038816,-0.07896485,-0.012385249,-0.01309974,-0.010391959,-0.012230371,-0.018175896,0.004628797,0.33440948,-0.03476037,0.004745742,0.008390796,-0.030372735,-0.0101163825,0.15648285,-0.0119902175,-0.04772139,-0.07450253,-0.012019863,0.008793589,0.44800133,-0.006891774,0.16659924,-0.038371276,-0.055786178,-0.012867529,-0.018075068,-0.03680504,0.107405566,-0.0687056,0.047169372,-0.01742376,-0.0950745,-0.03599942,-0.053062536,-0.014637087,-0.024847213,-0.028882211,0.76872194,-0.026325248,-0.040309798,0.6651145,-0.02194471,0.012204198,0.4726807,-0.024356013,-0.00870437,0.004301382,0.140317,-0.07775812,-0.008152803,0.08142565,-0.016034551,-0.019062407,-0.013046613,0.29898867,-0.03545713,-0.015823632,-0.011495434,-0.017437901,-0.024018463,1.0425438
TCGA-BR-A4PD,-0.015830826,-0.025408763,-0.022520209,-0.053817358,-0.015921054,0.025245035,-0.014428818,-0.012835009,-0.01875534,-0.0022525303,0.46092832,-0.026256278,-0.019545827,0.01563837,-0.03267527,-0.008230098,0.19053504,-0.006314384,-0.004827096,-0.05851063,-0.008171724,0.040399384,0.46908265,-0.015291397,0.12932158,-0.020369142,-0.04075072,-0.006717408,0.036236357,-0.039898906,0.16093658,-0.043686844,0.023231257,-0.0033720406,-0.06654545,-0.0087506585,-0.035615742,-0.012990307,-0.021366421,-0.032824695,0.9237139,-0.014892399,-0.03516615,0.8185575,-0.0065366477,0.07435165,0.56309325,-0.023249349,-0.0037685824,-0.017875586,0.17095318,-0.05414477,-0.0048049735,0.06305474,-0.028331932,-0.006150113,-0.014917964,0.48045886,-0.021121588,-0.020007655,-0.021737901,-0.033518896,-0.018559478,1.4122428
TCGA-BR-A4PE,-0.02868209,-0.019000081,0.010212173,-0.09281319,-0.013953058,0.012927574,-0.021197904,-0.019096125,-0.022617524,-0.004557759,0.3450175,-0.03127824,-0.015359218,0.006458346,-0.028179262,-0.020293893,0.11852769,-0.022328224,-0.045781195,-0.086946785,-0.012201052,-0.013379987,0.44176608,-0.027594486,0.19152242,-0.033324797,-0.07661399,0.0055679213,-0.017550653,-0.046991993,0.14804551,-0.0626167,0.101447314,0.008205885,-0.11859983,-0.040863253,-0.060761407,-0.018520191,-0.026029252,-0.024101086,0.8936994,-0.014323346,-0.028048174,0.75544727,-0.031030247,0.085017376,0.52445924,-0.024573732,-0.016038295,0.0005607242,0.18538946,-0.090442635,-0.009117004,0.14877872,-0.015909571,-0.018799582,-0.0041679884,0.37848854,-0.02889449,-0.007858133,0.0031515914,-0.028683515,-0.02424187,1.2793226
TCGA-BR-A4PF,-0.024549084,-0.018831927,-0.017080171,-0.08460215,-0.012815473,-0.0024917787,-0.019437492,-0.015840672,-0.028690923,0.02563814,0.3950597,-0.032193817,0.022221712,-0.018181693,-0.020269161,-0.011331658,0.20968401,-0.019111961,-0.045836747,-0.07486373,-0.023522617,-0.011867026,0.4944999,-0.018540625,0.2120868,-0.020950573,-0.06750129,-0.0026236172,-0.008970782,-0.04333559,0.09644892,-0.07101914,0.07876239,0.055474423,-0.10327269,-0.035913713,-0.057583265,-0.0150580015,-0.020183608,-0.03096632,0.9647513,-0.025755506,-0.037087537,0.7765317,-0.020144686,0.059401706,0.55774117,-0.030595269,-0.009971304,-0.011240756,0.15395154,-0.064445205,-0.015411205,0.121093154,-0.021450743,-0.019913798,-0.022508087,0.4330688,-0.02766872,-0.01618438,-0.015189772,-0.01941899,-0.020959765,1.2327698
TCGA-BR-A4QI,-0.009633956,-0.011856247,-0.0028332842,-0.08903942,0.00066159945,-0.0066743186,-0.0041272803,-0.0272956,-0.023595277,-0.020594958,0.32285944,-0.038552746,0.017650614,-0.004309164,-0.026787149,0.0013096228,0.11590319,-0.020367883,-0.057071183,-0.07923491,-0.0048814835,-0.012833331,0.35924572,-0.021227906,0.11688632,-0.03382091,-0.06585908,-0.0008197427,-0.013812915,-0.04311771,0.15565561,-0.0649268,0.018597683,-0.021889972,-0.10858912,-0.037333596,-0.05708209,0.0017455872,-0.01489388,-0.029166397,0.7755827,-0.026474707,-0.03329823,0.70951164,-0.022729566,0.0141652655,0.41769338,-0.020047672,-0.009130951,-0.0069249272,0.2231665,-0.089039914,-0.011626393,0.14663929,0.004979643,-0.01934896,-0.011979494,0.35233516,-0.027048029,-0.0099644195,-0.019218156,-0.020699387,0.0089998655,1.0098445
TCGA-BR-A4QL,-0.016943527,-0.021069657,-0.0009522084,-0.09509275,-0.0173735,-0.0132874865,-0.014167969,-0.01281298,-0.028480466,0.006271554,0.44607902,-0.026546493,0.0044880863,0.0075691706,-0.022422366,0.016120493,0.19258273,-0.009829306,-0.05779786,-0.08012417,-0.01475827,0.030465927,0.39435506,-0.01912805,0.15074775,-0.03075953,-0.08457138,0.0028461646,-0.022281691,-0.03652221,0.1583913,-0.06093342,0.09821379,-0.015890075,-0.11294375,-0.04135171,-0.066899,-0.025313081,-0.021154191,-0.038389236,0.8757038,0.0025265682,-0.031851888,0.7968247,-0.02935352,0.06108652,0.503695,-0.023921028,-0.009148905,-0.015748365,0.20875743,-0.086202495,-0.01435471,0.0076328954,-0.011049381,-0.000827373,-0.017932827,0.31994843,-0.03326195,-0.01214423,-0.0239537,-0.032580785,-0.008001418,1.2349852
TCGA-BR-A4QM,-0.018651986,-0.013165763,0.0056949914,-0.08804106,-0.018284377,-0.0019638916,-0.001820778,-0.014024478,-0.017040575,0.021401197,0.32302263,-0.031199358,-0.0072784205,-0.012050204,-0.02430823,0.039418682,0.10963881,-0.018328363,-0.04384546,-0.07155526,-0.008346206,0.03262709,0.45978802,-0.021942105,0.15446769,-0.021130068,-0.062175013,-0.004539286,-0.011677582,-0.032654084,0.09897509,-0.05792468,0.103771314,-0.009233326,-0.09040686,-0.03933593,-0.05099558,-0.012661384,-0.012835491,-0.02984672,0.9013196,-0.021394689,-0.03449822,0.6750518,-0.023783384,0.010553926,0.49834293,-0.023719441,-0.0067550177,-0.010916932,0.13395123,-0.076291434,-0.010368836,0.03989851,-0.0027065335,0.0010524895,-0.017012984,0.32141784,-0.032614592,-0.023250643,-0.021450942,-0.028544571,-0.018695278,1.0830622
TCGA-CD-5798,-0.0072176494,-0.005005569,0.0012296173,-0.030703925,-0.008343578,0.0123152435,-0.0037368275,-0.014646303,-0.009323157,-0.0033012256,0.17135082,-0.015471958,-0.0027086937,0.0048025474,-0.026943792,0.0040893033,0.0071681254,-0.0079871565,-0.017797511,-0.04804513,-0.010244557,0.024668224,0.4089548,0.005971529,0.049242493,-0.017173843,-0.029352996,-0.008686116,-0.0026016238,-0.02812501,0.06794043,-0.044015847,-0.00788815,-0.009308789,-0.058264434,-0.012888448,-0.012778954,-0.0032087187,-0.013154464,-0.014324814,0.55773944,-0.0030061426,-0.03791995,0.53356636,-0.012484405,-0.0017203265,0.23575965,-0.009356921,-0.008365306,-0.011857827,0.13108863,-0.04906351,-0.010640829,0.10870431,-0.005462313,-0.013952584,-0.0109263295,0.25053847,-0.014594448,-0.010748352,-0.0123835895,-0.015617851,-0.009571479,0.7476938
TCGA-CD-5799,-0.010527911,0.006286026,0.0029168418,-0.03293154,-0.010826112,0.019351466,-0.007813947,-0.007344727,-0.0024897903,-0.0055064606,0.38008463,-0.01275287,-0.011441946,0.03665032,-0.030570015,-0.007243041,0.10919045,-0.01116967,-0.019446408,-0.040523477,-0.009693177,0.036388047,0.5311785,0.0042749587,0.071801886,-0.017506467,-0.035041258,-0.0070978664,-0.007468427,-0.02393834,0.04908803,-0.0412668,0.05854894,-0.009458589,-0.054875057,-0.019586412,-0.020678481,0.06531207,-0.013583863,-0.023934253,0.7706207,0.02482759,-0.019897353,0.7532059,-0.017904004,0.020705063,0.41320562,-0.01789654,-0.008026486,-0.0083843935,0.1319036,-0.039018214,-0.009732383,0.14494143,-0.0084059825,0.0075312727,-0.008882844,0.28717408,-0.018025618,0.0064257677,-0.010759931,-0.0078977235,-0.009035129,1.1311778
TCGA-CD-5800,-0.02921028,-0.023594968,-0.011696199,-0.03078731,-0.016930576,-0.01322291,-0.012431448,-0.02101953,-0.016958704,-0.012873001,0.3854683,-0.015547963,-0.0044984426,0.04851488,-0.028864872,0.0086941235,0.04215228,-0.02029911,-0.010758954,-0.055889003,-0.010915724,-0.01131025,0.54142505,0.0033470197,0.07240305,-0.020950453,-0.03405659,-0.0015531336,-0.006616597,-0.0334455,0.16129702,-0.053254243,-0.009252125,-0.0018642873,-0.07199089,-0.01699339,-0.044976845,-0.0063318377,-0.022757608,-0.030427072,0.8038528,0.016479624,-0.032811627,0.78217745,-0.017397964,0.045898613,0.5455391,-0.021354882,-0.0016479286,-0.010691336,0.1833143,-0.04451946,-0.015892457,0.16271906,-0.017748771,-0.014563144,-0.0077889627,0.40609503,-0.02144906,-0.019885387,-0.01862972,-0.022805123,-0.019166145,1.2832602
TCGA-CD-5801,-0.019945204,-0.012153887,0.020102601,-0.06349189,-0.013700636,-0.0005990374,-0.0037420704,-0.017437005,-0.016279487,-0.01379631,0.3465257,-0.022368545,-0.012472855,0.0007396953,-0.033380605,-0.008036176,0.15220234,-0.020582918,-0.021190546,-0.066562094,-0.016945565,0.011649291,0.5474346,-0.013031701,0.16551086,-0.024204236,-0.04985699,-0.007158801,-0.017094776,-0.032797612,0.1105279,-0.04881179,0.081274815,-0.010041734,-0.07933384,-0.031024326,0.0036988128,-0.0047698836,-0.01938713,-0.021432478,0.81083417,-0.019821825,-0.024330158,0.8070302,-0.018852945,0.029566117,0.5628537,-0.020812731,-0.017925616,-0.015743736,0.1651839,-0.049410354,-0.010414733,0.26194194,-0.0033689388,0.013145268,-0.017251268,0.40074816,-0.02687907,-0.017390613,-0.009834383,-0.022844942,-0.013276086,1.2884372
TCGA-CD-5803,-0.012536998,-0.027395815,0.026941508,-0.030057617,-0.013309229,0.01821421,-0.0069209896,-0.018972863,-0.0061631445,-0.009982566,0.29104885,-0.039983347,-0.0070742974,-0.0077466452,-0.035174843,0.01899975,0.069666535,0.016604958,-0.022376971,-0.058243513,-0.015447326,0.026464866,0.50135064,-0.004665759,0.03413202,-0.026874602,-0.031737797,-0.0072758384,-0.009794473,-0.03265596,0.14879715,-0.055025067,0.0011190181,-0.011333203,-0.07388544,-0.012436969,-0.0074122343,-0.008727649,-0.017143002,-0.023580903,0.7202041,-0.008847717,-0.054700106,0.66432065,-0.00958182,0.007898739,0.41158676,-0.017590057,-0.010538073,-0.011062932,0.19356084,-0.05518572,-0.004348427,0.17726643,-0.007981705,-0.017392997,-0.0102442615,0.30713663,-0.018906917,-0.012060106,-0.0108650625,-0.015247155,-0.0139719155,1.0516994
TCGA-CD-5813,-0.017933827,-0.0402769,-0.001603144,-0.019572547,-0.014761832,-0.0016382486,0.042279538,-0.014490409,-0.0075854547,-0.013216384,0.25253785,-0.038673054,-0.018733662,0.033016827,-0.03982268,-0.00820061,0.061209533,0.003122395,-0.01411886,-0.06475521,-0.020629916,0.03499954,0.5883829,-0.017396409,-0.0026920298,-0.03125582,-0.036545157,-0.015428102,-0.009886242,-0.043889582,0.08210345,-0.06831683,0.024660474,0.0030684099,-0.07078135,-0.022541447,-0.013344995,0.07727243,-0.028989997,-0.028717592,0.69321996,-0.016666738,-0.06563878,0.6643351,-0.020729542,0.049126808,0.34973875,-0.021781292,-0.01618614,-0.017651062,0.15811685,-0.07135864,-0.009422636,0.19090442,-0.015104324,-0.027160421,-0.003010373,0.36868483,-0.017447703,-0.015615261,-0.012653377,-0.023357715,-0.017452406,1.0938038
TCGA-CD-8524,-0.008686449,-0.026837647,-0.014345311,-0.056087304,-0.009993987,0.017564181,0.016962145,-0.022194527,-0.005700129,-0.0073142676,0.33999008,-0.036744915,0.0006414898,-0.0077083707,-0.02748633,0.019327436,0.014079294,0.014389956,-0.037586372,-0.067361996,0.011036075,0.04097738,0.45253807,-0.009461754,0.09194453,-0.030778656,-0.05359182,-0.010997067,-0.004918827,-0.042051688,0.14279875,-0.061309204,-0.0064558377,-0.0047876276,-0.087081,-0.022551198,-0.024196181,-0.0124546485,-0.013373485,-0.030368598,0.76069367,-0.019123044,-0.049669933,0.7488788,-0.016890185,-0.014719642,0.47732273,-0.018289562,-0.012001371,-0.008216982,0.14585248,-0.0777855,-0.018392637,0.13565856,-0.010275336,-0.022069521,-0.01386489,0.3209207,-0.029220996,-0.0065097096,-0.008889107,-0.018636532,-0.010827761,1.0974622
TCGA-CD-8525,-0.010496022,-0.019491386,-0.008919729,-0.02790953,-0.013040741,0.010223219,-0.0077495743,-0.0067960247,-0.002948512,-0.0064282417,0.3500154,-0.018359616,0.0002882966,0.020597037,-0.023267798,0.007859468,0.033487495,-0.0037018594,-0.01592777,-0.047035307,0.0011810567,0.04958287,0.4676581,0.001021045,0.10360548,-0.021362647,-0.031864893,0.009595387,-0.0027196016,-0.029984731,0.15378243,-0.04130173,-0.00459681,-0.008457194,-0.061218932,-0.015063398,-0.04252983,-0.017029947,-0.010724882,-0.025379281,0.811077,-0.005143136,-0.0361532,0.649933,-0.011259558,0.016822623,0.43130726,-0.018140454,-0.012265952,-0.0031444924,0.23592323,-0.038687356,-0.011165498,0.085099965,-0.014091499,-0.014998917,-0.012462358,0.3168197,-0.01687906,-0.014337667,-0.01922493,-0.014923713,-0.0072057904,1.1050696
TCGA-CD-8526,-0.01350822,-0.027044924,0.024333268,-0.011963458,-0.012241898,0.014435697,-0.010376792,-0.0043873093,-0.0053803236,0.003601322,0.3076013,-0.022337105,-0.007822291,0.0122470595,-0.025870401,-0.006742006,0.02656272,0.016541513,-0.013550198,-0.04689168,-0.01511188,0.0031753383,0.43820035,-0.009081162,0.07044212,-0.024283048,-0.03867569,0.00084714894,0.03288833,-0.023605006,0.16940698,-0.047079373,-0.006122524,-0.011128504,-0.06460885,-0.009694267,-0.037160955,-0.021942027,-0.012124742,-0.017920414,0.6856447,-0.0061715543,-0.040515058,0.60544384,-0.011134203,0.038843777,0.4053074,-0.016423078,-0.010364933,-0.005225715,0.15872885,-0.051034465,-0.017813142,0.10924698,-0.016609674,-0.0134023875,-0.008096847,0.26907775,-0.017312879,0.0011339458,-0.012534661,-0.01824894,-0.013284204,1.0567521
TCGA-CD-8527,-0.013615405,-0.023507664,-0.01798343,-0.04816533,-0.014916358,0.01952869,0.007966443,-0.016505918,-0.005639538,-0.0051333047,0.33094335,-0.01598416,-0.018522784,0.008055329,-0.018689457,-0.006356246,0.12654668,0.0012658769,-0.03490174,-0.063374996,0.006973719,0.00092533836,0.4283628,-0.00025594048,0.20621309,-0.025763592,-0.040278126,-0.00555844,-0.011393955,-0.04013697,0.07923514,-0.04685685,-0.0064606653,-0.0051454124,-0.083219856,-0.020182755,-0.03598821,0.0069526285,-0.008869759,-0.029026724,0.7839161,0.005735106,-0.040061723,0.75657606,-0.018856782,0.04760831,0.44157165,-0.008232862,-0.010099231,0.0107069025,0.093368605,-0.05291909,0.004887754,0.04984537,-0.021455215,-0.020025102,-0.015205433,0.3526445,-0.024561068,-0.0045979535,-0.036221404,-0.020213388,0.010135401,1.036711
TCGA-CD-8528,-0.024126045,-0.03209874,0.007458152,-0.0930197,-0.03442561,-0.008748837,-0.019203959,-0.024906855,-0.02672299,-0.0152518395,0.36043584,-0.03635855,0.0012576042,0.017199147,-0.039032288,-0.01786013,0.16194801,-0.022376606,-0.03322091,-0.088089615,-0.017947024,0.011607051,0.49951965,-0.017620007,0.2792365,-0.02599562,-0.08026044,0.0046604816,0.00084302534,-0.036284044,0.14727746,-0.06794528,0.036918417,-0.0249882,-0.11799991,-0.03881305,-0.059300423,0.034956697,-0.0209546,-0.032992285,1.070801,0.059862226,-0.025881179,0.8892593,-0.034106757,0.061127707,0.56650406,-0.031861655,-0.006390919,0.0036774678,0.167667,-0.09150717,-0.005030255,0.068134464,-0.022280598,0.000993818,-0.014628445,0.40660486,-0.034893636,-0.020654248,-0.019075152,-0.031331226,-0.020260714,1.5028632
TCGA-CD-8529,-0.0059386524,-0.027613675,-0.011853329,-0.033106852,-0.022092672,-0.012409959,-0.017901594,-0.013638956,0.010906548,-0.005212976,0.30415258,-0.02909365,0.014465575,0.018842187,-0.031843394,-0.008068396,0.03960446,0.04224032,0.012519184,-0.05499427,-0.0066312514,-0.0015043754,0.5462717,-0.013844183,0.13002953,-0.02286399,-0.040576406,-0.006539707,-0.01358718,-0.038086236,0.14888982,-0.045045577,0.01964925,0.02122174,-0.078999236,-0.025466993,-0.030402832,0.010908187,-0.01092287,-0.022237483,0.78837574,0.05925097,-0.047646232,0.7955065,-0.016224906,0.044884205,0.49921334,-0.019464266,-0.011602137,-0.011635081,0.16424268,-0.06343764,-0.017978998,0.1506662,-0.01254542,-0.01752014,1.0550953e-05,0.33483613,-0.031101532,-0.013620854,-0.021114903,-0.011998564,-0.010103179,1.1857908
TCGA-CD-8530,0.04840295,-0.017091643,0.0011806157,-0.031800695,-0.010962315,-0.006033152,-0.00883124,-0.018067896,-0.011670884,-0.004421409,0.3833341,-0.036378104,-0.003987113,0.03723163,-0.036679074,0.008059433,0.013520776,0.028227719,-0.02447281,-0.05685681,-0.008097784,0.0063225674,0.59714377,-0.011632429,0.076141424,-0.028372183,-0.04357655,-0.0184185,-0.010790511,-0.038166426,0.093447104,-0.054735925,-0.0030979076,-0.0005025652,-0.07896526,-0.01740136,-0.030969534,0.0074520353,-0.013901485,-0.018408809,0.79255855,0.029693551,-0.0633647,0.7611456,-0.01721598,0.009434413,0.43125963,-0.024351662,0.011195842,-0.0072345696,0.1683081,-0.07277303,-0.016690753,0.15280499,-0.011195572,-0.01886012,-0.008916022,0.31130588,-0.027758108,-0.015675817,-0.009671858,-0.013564007,-0.013762584,1.2393048
TCGA-CD-8531,-0.024045188,-0.01973914,0.060501516,-0.098029435,-0.019115945,0.0233575,0.006460241,-0.03135684,-0.024349803,-0.020336056,0.39271048,-0.04186114,0.014256936,-0.021310763,-0.023710709,-0.019322027,0.09548225,-0.022365063,-0.04659575,-0.078071386,-0.01435139,0.0008424991,0.47377956,-0.023826297,0.24093346,-0.03538755,-0.0779953,-0.009990355,-0.018334102,-0.05362042,0.092277914,-0.06912765,0.054470114,-0.017550476,-0.12094465,-0.037527688,-0.060271233,-0.02896028,-0.027372375,-0.030874029,0.8175993,-0.021134987,-0.03251859,0.7694233,-0.029814135,0.04827261,0.52234477,-0.02665729,-0.0058665937,0.017267762,0.18677463,-0.08891775,-0.014122922,0.14165217,-0.010803018,-0.019525649,-0.016522719,0.41690463,-0.03274707,-0.019437352,-0.025064666,-0.025805939,-0.022693165,1.1854265
TCGA-CD-8532,-0.0033919644,-0.024296463,-0.0031742617,-0.020754615,-0.016088927,-0.0025613168,-0.010714884,-0.008227618,0.020236801,-0.0020567828,0.26891896,-0.018702544,0.02016848,-0.0019120725,-0.032072946,-0.010476658,0.12050595,-0.015814751,-0.018026521,-0.052839298,-0.011967154,0.02542015,0.46993825,-0.0077007585,0.14866987,-0.0025750948,-0.040799476,0.0037819522,-0.018815335,-0.028703006,0.15586126,-0.045053095,0.061279804,-0.008483154,-0.064353436,-0.01978076,-0.029572424,0.013712512,-0.015311915,-0.015776293,0.7018443,-0.0038938094,-0.03397317,0.70782006,-0.010510852,0.05611746,0.41796923,0.0006606104,-0.008847067,-0.009648302,0.16737835,-0.05172144,0.015162298,0.077404365,-0.011337641,0.00059589744,-0.01148576,0.3676191,-0.013523479,-0.016754858,-0.011294572,-0.0005640334,-0.014608118,1.0697262
TCGA-CD-8533,-0.020936634,-0.036701147,-0.022677576,-0.0758942,-0.013497968,-0.010447968,-0.015131459,-0.018300526,-0.017379021,-0.0038183753,0.3992978,-0.022532284,-0.018839683,-0.016569767,-0.024709383,0.045302793,0.12376176,-0.022071082,-0.0536078,-0.080489144,-0.0092898235,-0.014900503,0.49102655,-0.010786728,0.08128686,-0.011648016,-0.0661921,-0.005598548,-0.0071372353,-0.049891658,0.084080786,-0.070800826,0.0051522786,0.021688227,-0.12080899,-0.044660922,-0.05455079,-0.027643787,-0.025171727,-0.030015023,0.75793695,-0.020593954,-0.058673277,0.67416954,-0.016861126,0.099553645,0.44800326,-0.02239901,-0.0047375215,-0.015983963,0.17114191,-0.081141725,-0.018577,0.19070141,-0.023440162,-0.0144943325,0.0066134473,0.38105282,-0.03655838,-0.018952295,-0.022009486,-0.021671178,-0.018909028,1.1469402
TCGA-CD-8534,-0.008269795,-0.017976776,-0.0046921987,-0.058158513,-0.013581226,-0.00085532176,-0.0030388222,-0.024620198,-0.015207476,0.005668444,0.38073236,-0.022495262,0.011028603,0.020047784,-0.033998646,0.013013568,0.017849725,-0.009925224,-0.03356332,-0.07323209,-0.006808186,0.011016678,0.42809653,0.009556062,0.068296835,-0.020623114,-0.05336082,0.007871582,-0.016724456,-0.037096728,0.066042475,-0.051149134,0.014141815,0.00055896235,-0.079773635,-0.030869992,-0.03483098,-0.007885398,-0.008245211,-0.028552324,0.745204,-0.014530795,-0.043226793,0.7168485,-0.013952058,-0.0060657617,0.39020464,-0.01584186,-0.008647267,-0.0102951955,0.15614559,-0.06626199,-0.013229134,0.08471458,-0.01207357,-0.00894753,-0.007028726,0.27317202,-0.027551379,-0.02936944,0.0073368084,-0.01623897,-0.013498042,1.1000264
TCGA-CD-8535,-0.0088309515,-0.033117667,-0.01326851,-0.08999552,0.007832354,0.03596093,-0.02216667,-0.011027189,-0.008211714,-0.024305636,0.4291119,-0.034307055,0.0013534733,-0.01001175,-0.028151426,-0.00953364,0.055516038,-0.018723998,-0.045450933,-0.07728508,-0.002766368,0.0017061578,0.52791524,-0.008539819,0.18298471,-0.030988663,-0.073322475,0.011374764,-0.01073151,-0.04432585,0.08597943,-0.077524826,0.0044533922,-0.021707725,-0.11498694,-0.03585481,-0.050241906,-0.007554161,-0.023100495,-0.026855478,0.92538416,-0.006026905,-0.040163476,0.77491987,-0.028886504,0.08501745,0.5353228,-0.025571994,-0.017486531,-0.0013963766,0.18477073,-0.09481895,-0.019193271,0.06041546,-0.028401313,-0.027828388,-0.013100082,0.28715062,-0.03600709,-0.0077535724,-0.018586976,-0.023510747,-0.021088012,1.2152032
TCGA-CD-8536,-0.015743252,-0.018937884,-0.0014772401,-0.06420091,-0.016724123,-0.0063169426,-0.008920194,-0.01335659,-0.012424445,0.004693035,0.37773204,-0.031132031,-0.0037512854,0.017132375,-0.022753334,-0.009258838,0.059926055,-0.010561529,-0.03884951,-0.06970593,-0.014957577,0.056545395,0.5009514,-0.0108745415,0.17912322,-0.017414227,-0.05956828,-0.00815669,-0.0045050574,-0.029343992,0.08630821,-0.058204606,0.060821895,-0.010742584,-0.097767025,-0.03502899,-0.045355342,-0.0050344793,-0.009439869,-0.026872387,0.8702114,0.023228738,-0.027815763,0.76726854,-0.00930993,0.028313553,0.48810077,-0.0067150686,-0.0076494715,-0.011019725,0.17384264,-0.0775733,-0.013301576,0.12487781,-0.011118434,-0.005738445,-0.018271236,0.34255338,-0.027021889,-0.009485606,-0.015927397,-0.028431179,-0.01058302,1.1943079
TCGA-CD-A486,-0.008908461,-0.017818263,0.00029359432,-0.019887654,-0.0061618215,0.022692831,0.02304616,-0.013107318,0.0038774125,-0.0040072147,0.25966835,-0.012405828,-0.008537852,0.03605586,-0.021904513,0.010725288,0.020496681,-0.011407491,0.011910303,-0.044319514,-0.008611271,0.01982263,0.35354814,-0.009808915,0.09146357,-0.018252686,-0.018962508,-0.005050957,0.029777614,-0.025135165,0.08116027,-0.025664043,-0.012563257,-0.0052011423,-0.049761727,0.057692554,-0.03171951,-0.0011677097,-0.007418749,-0.013725685,0.57747066,-0.004746233,-0.03194038,0.49738538,-0.013700513,0.07301692,0.32873556,-0.012366858,-0.006588828,-0.021932969,0.09284176,-0.036273398,-0.012665967,0.10952679,-0.006091205,-0.01581406,-0.010247216,0.25463155,-0.014840821,-0.012801083,-0.012639119,-0.0058460142,-0.0064729936,0.8844064
TCGA-CD-A487,0.010050716,-0.017268203,-0.011943352,-0.04615748,-0.009772244,0.016640453,-0.0118357465,-0.008167465,-0.011080492,-0.010807959,0.28921002,-0.009054456,0.0075718747,0.009292637,-0.031115882,-0.0077401437,0.13309273,-0.013631772,-0.026756665,-0.061443035,-0.0071474817,-0.0055868686,0.46235275,-0.0004878412,0.085025355,0.01641807,-0.0338155,-0.008277134,0.023725163,-0.030186884,0.08496936,-0.03724655,0.023550507,-0.0048994133,-0.06654315,-0.024503078,-0.03334401,-0.0066567105,-0.011751176,-0.018577905,0.83555955,-0.0074197506,-0.042112127,0.61929923,-0.0177356,0.020259298,0.46999323,-0.019817464,-0.018176243,-0.008671712,0.14258507,-0.057974897,-0.0066799857,0.115296826,-0.016513119,-0.017092504,-0.016578216,0.25718945,-0.02466583,-0.01742668,-0.013768936,-0.013000021,-0.004634519,1.0907946
TCGA-CD-A489,-0.012542294,-0.034375027,-0.015487775,-0.046701144,-0.007449849,0.009288024,-0.006414783,-0.010733441,-0.011297712,-0.00985631,0.30750588,-0.03632067,0.00041833543,-0.00014922302,-0.041269004,-0.003494358,0.06373646,0.012953583,-0.022809386,-0.058077596,-0.010952586,0.025295448,0.4415411,-0.00944794,0.05159665,-0.03107816,-0.046679683,-0.007794208,-0.008952774,-0.05108326,0.10646181,-0.054864503,-0.015679237,-0.018192498,-0.07114859,-0.019619714,-0.03834414,-0.012762823,-0.020019686,-0.025208449,0.56529754,-0.0101352,-0.060296264,0.5309151,-0.021609548,0.014920695,0.30245078,-0.011227918,-0.015948912,0.0071686814,0.07132381,-0.06597772,-0.00835596,0.11258592,-0.011399754,-0.026639786,-0.01391026,0.20565695,-0.02234906,-0.0030435398,-0.016766794,-0.023655588,-0.015084327,0.8439678
TCGA-CD-A48A,-0.007715644,-0.010621678,-0.009880528,-0.085404865,-0.017156705,-0.015705703,0.019952565,-0.026016003,-0.009683737,-0.0008982795,0.33258748,-0.031269137,0.00749783,-0.02155114,-0.034859568,-0.013477506,0.007180096,-0.016565003,-0.045814842,-0.07829475,-0.012363787,-0.008936839,0.5151782,-0.0093370285,0.15331203,-0.025537835,-0.05817814,-0.009857995,-0.014731767,-0.033249937,0.0687291,-0.04928558,-0.0041396176,-0.014547643,-0.09615688,-0.032439705,-0.045106553,-0.0187013,-0.012919243,-0.03334163,0.860916,-0.0127400225,-0.038017727,0.705137,-0.024969999,0.026579808,0.46043634,-0.013814617,-0.018984688,-0.0094824415,0.13136816,-0.06921393,-0.006490265,0.055514246,-0.016593695,-0.015231445,-0.0053610327,0.3019254,-0.042151313,-0.019176431,-0.003924867,-0.02395543,-0.018658381,1.0889449
TCGA-CD-A48C,-0.005044191,-0.0153366495,-0.01045127,-0.078776196,-0.012427209,-0.0014177224,-0.009316416,-0.016838476,-0.016353399,0.0053625205,0.26875097,-0.027201377,0.008903655,0.0009914711,-0.027529776,-0.004065651,0.078202106,-0.013635289,-0.047502615,-0.063733935,-0.008403966,0.007005643,0.42969012,-0.0073264292,0.108560294,-0.030613657,-0.06164751,-0.016393924,-0.005700374,-0.03875605,0.07518512,-0.057452165,0.0005907818,-0.016482415,-0.09942909,-0.03929276,-0.04417938,-0.021696132,-0.017207528,-0.03749511,0.8306114,-0.0128936265,-0.034703985,0.67630523,-0.021163575,0.018625787,0.32701093,-0.019580334,-0.016862981,-0.0109086055,0.16662018,-0.07855117,-0.018256372,0.10858493,-0.020159477,-0.016950812,-0.016277898,0.2764166,-0.03547697,-0.0049188463,-0.023489144,-0.025221368,-0.009896945,1.061191
TCGA-CD-A4MG,-0.026191745,-0.0120049305,-0.001307258,-0.09340845,-0.015064774,-0.011531558,-0.0098612765,-0.017708013,-0.018907614,-0.011764611,0.381068,-0.031377472,0.008044165,0.0015200218,-0.030312303,6.3464046e-05,0.20874217,-0.0045021027,-0.049796928,-0.080614686,-0.0140453465,0.019179821,0.4957995,-0.017472887,0.15643801,-0.027807306,-0.06691253,-0.013026119,-0.013593253,-0.036098793,0.057734393,-0.06892498,0.06419152,-0.012261913,-0.10845009,-0.038001653,-0.05598042,-0.02169235,-0.029261747,-0.034095924,0.90881324,-0.020015266,-0.0389874,0.76417327,-0.026342928,0.034586634,0.5266137,-0.021624887,-0.008179215,-0.00833087,0.19842854,-0.08383919,-0.020031087,0.0961824,-0.012800056,-0.019924846,-0.017813388,0.3080489,-0.033085942,-0.015854402,-0.017350448,-0.03083012,-0.021630857,1.2112231
TCGA-CD-A4MH,-0.017866135,-0.025354458,-0.0019086036,-0.046920132,-0.015953643,0.006585042,0.014369183,-0.014546455,-0.017285258,0.016910333,0.39768815,-0.022661604,-0.008533792,0.014820516,-0.01629064,0.02524356,0.044745483,-0.015047777,-0.025980972,-0.06742688,0.016457483,0.003754934,0.42224014,-0.012257641,0.12705925,-0.016772803,-0.045032926,0.00090299395,0.02737859,-0.029807016,0.07538821,-0.036606956,0.07702366,-0.0068019587,-0.061019924,-0.015385418,-0.039549068,-0.014081863,-0.016673317,7.116236e-05,0.88724065,-0.009464711,-0.036092803,0.5796962,-0.009441352,0.040339805,0.42392913,-0.017134996,-0.010843814,-0.0095429085,0.20100968,-0.045450795,-0.014779922,0.07587688,-0.0072033815,-0.009169432,-0.021174865,0.32690394,-0.024439903,0.0021599098,-0.018304598,0.0005567521,-0.011259573,1.1117086
TCGA-CD-A4MI,-0.014662657,-0.02611637,-0.006363958,-0.06986856,-0.011976373,0.0014785114,-0.0048164735,-0.009793989,-0.010098044,-0.008301044,0.32858643,-0.03518949,0.008682633,-0.005079205,-0.030189073,0.011755198,0.085319884,-0.00080648833,-0.03751009,-0.07765406,-0.017173758,0.014427172,0.44741976,-0.013778631,0.046291284,-0.026369784,-0.051536877,0.0008833641,-0.0067467922,-0.0423619,0.13611944,-0.054228574,0.024441704,-0.008928722,-0.090151966,-0.031155784,-0.035699807,-0.013627956,-0.018674888,-0.019955551,0.66221356,-0.01986906,-0.055101074,0.5426231,-0.022408351,0.0014442871,0.39225385,-0.017923044,-0.01317149,0.008647974,0.17108612,-0.0845557,-0.014889928,0.11964604,-0.007903362,-0.027787745,-0.01341263,0.2577743,-0.018542593,-0.02207518,-0.013404655,-0.018312655,-0.023169342,0.9271125
TCGA-CD-A4MJ,-0.026349144,-0.00017668307,6.290316e-05,-0.09359031,-0.021085136,0.027556736,-0.017263794,-0.016482279,-0.010766282,-0.004889491,0.41148427,-0.037663978,0.03201825,-0.013408175,-0.026683649,-0.010853718,0.120191485,-0.022489177,-0.023677105,-0.06098813,-0.020962326,0.00025398284,0.49011034,-0.02081018,0.22850549,-0.03416182,-0.07567298,0.002298809,-0.014363288,-0.042221177,0.09229809,-0.070057854,0.08773016,-0.017909352,-0.112104684,-0.045196738,-0.06541575,-0.01189522,-0.028637106,-0.030794319,0.91387206,-0.0044691414,-0.033350002,0.8214431,-0.028209653,0.034831405,0.60047704,-0.023346586,-0.011451858,-0.0045765857,0.16770232,-0.09600008,-0.012878028,0.13159755,-0.012251896,-0.020896956,-0.0127142435,0.3380748,-0.033331294,-0.020644337,-0.01794243,-0.028807113,-0.019912947,1.2605028
TCGA-CG-4437,-0.017956976,-0.021154363,0.0068973238,-0.07120925,-0.011370991,-0.0033989851,-0.012747106,-0.013791958,-0.013762253,-0.006369383,0.30692586,-0.024447687,0.015352368,0.0006306856,-0.026479978,-0.010610477,0.11509038,-0.020376896,-0.025688108,-0.07001029,-0.013970326,0.026298922,0.49535537,-0.0065099923,0.13073756,-0.019315416,-0.058590963,-0.010439007,-0.013374877,-0.033294454,0.11414577,-0.058268204,0.025263613,0.021746363,-0.08553931,-0.031429924,-0.048229303,0.028688397,-0.016963877,-0.021585481,0.71886575,-0.016375285,-0.030536648,0.747694,-0.020780332,0.030576907,0.43741357,-0.021706006,-0.014209462,-0.011475928,0.13554384,-0.061619703,-0.011015829,0.21599826,-0.008119945,-0.010850667,-0.016097173,0.36020803,-0.026761472,-0.017212247,-0.011257965,-0.024349693,-0.02017111,1.0874029
TCGA-CG-4441,-0.012749685,-0.02335305,-0.008884609,-0.050055955,-0.021823132,-0.006206331,-0.01355069,-0.01140231,-0.016934473,-0.0023619244,0.3397689,-0.027088035,-0.01353869,0.0069863335,-0.022395322,-0.018004037,0.1254645,0.00435194,-0.02654991,-0.04924892,-0.007902997,0.0833997,0.48945913,-0.012092761,0.052639656,-0.024865698,-0.047647595,-0.015123715,0.06295353,-0.032031946,0.092432685,-0.045859948,0.03683953,-0.015203068,-0.0799592,-0.027151674,-0.037409186,-0.009067348,-0.016139846,-0.029050462,0.8516733,-0.020112691,-0.04569904,0.7860898,-0.011287085,0.0494532,0.40276137,-0.00797841,-0.014219446,-0.010315588,0.19358805,-0.05826973,-0.014134545,0.20772877,-0.012326587,-0.009611499,-0.011828426,0.36787552,-0.02329658,-0.0074784635,-0.01910232,-0.017515661,-0.015063465,1.2258915
TCGA-CG-5717,-0.008070764,-0.016771737,-0.006671733,-0.02889203,-0.009994312,0.013503713,0.02322512,-0.010558223,-0.008559837,-0.003010182,0.24852626,0.005487459,-0.0082634855,0.00714238,-0.019489776,-0.004926794,0.07740662,-0.0041544354,-0.012704684,-0.038273122,-0.00921316,0.019597689,0.44280535,-0.0074294046,0.01373295,-0.014604226,-0.02961471,0.0009481106,-0.0090110935,-0.024083342,0.1258945,-0.035762824,-0.00070891343,0.0018797916,-0.04775413,-0.013392423,-0.01306942,0.0021488843,-0.01075864,-0.01207679,0.55480206,-0.0091544,-0.02589956,0.594511,-0.011032863,0.024897879,0.29986477,-0.0029893252,-0.0068315063,-0.006152207,0.08982637,-0.03368363,0.0013711764,0.101628445,0.0063837683,-0.008717596,-0.011839883,0.3002795,-0.008569009,-0.01888885,0.010350407,-0.00556099,-0.013882009,0.8473257
TCGA-CG-5718,-0.011043392,-0.02658921,-0.011019722,-0.010855386,-0.019766837,0.004758143,-0.017329654,-0.018761374,-0.018694337,0.027773852,0.28032124,-0.028262991,-0.019020256,0.054802053,-0.027077936,-0.022627585,0.10188902,-0.0079701645,-0.024398971,-0.05224076,-0.009751402,-0.0036104766,0.44050062,-0.011000289,0.15845698,0.0017552897,-0.032338053,-0.008509067,0.018332995,-0.018542137,0.3034899,-0.046361703,0.0011041246,0.005110996,-0.06954858,-0.0034338739,0.0035827104,0.02702884,-0.025359143,-0.018276786,0.7755728,0.01907061,-0.022112653,0.6244937,-0.007379082,0.027549269,0.39329123,-0.028369391,0.020274475,-0.0054975036,0.05542729,-0.032510314,-0.018194646,0.14577602,-0.006593585,-0.006273766,-0.00906723,0.2784308,0.012978831,-0.013281335,-0.01669011,-0.023446742,-0.020009268,1.1526234
TCGA-CG-5719,-0.015140982,-0.0324492,0.0045123403,-0.037510745,-0.013253954,-0.007858095,-0.013130138,-0.011114627,0.0033529778,-0.012748079,0.20311728,-0.015899064,-0.012937426,0.020787338,-0.032274574,-0.008856763,0.06984057,-0.010478724,-0.02193573,-0.03903738,-0.006964007,0.021466797,0.5715575,0.021773562,0.059800446,-0.02476837,-0.035737116,-0.008449449,-0.013034163,-0.030597858,0.16191974,-0.05399234,-0.010947826,-0.0078124544,-0.0728306,-0.023208877,-0.014249864,0.007155588,-0.011272855,-0.025815863,0.8000137,-0.01277536,-0.017258564,0.7246312,-0.014626103,0.0105943745,0.42470646,-0.016893027,-0.010260608,-0.009524776,0.21304014,-0.05531985,-0.012102824,0.20744914,-0.014919318,-0.0153133515,-0.0111126285,0.37724364,-0.026719231,-0.019549435,-0.008498065,-0.020386145,-0.013468232,1.1472181
TCGA-CG-5720,-0.012208406,-0.025001932,-0.0035207914,-0.07045699,-0.013962755,-0.0045634396,-0.016067704,0.0071775047,-0.018273663,-0.006848945,0.32505554,-0.024001803,-0.0077209175,0.014790138,-0.025918141,-0.0016965428,0.092065096,-0.013248099,-0.03596174,-0.06960502,-0.011318838,0.03581339,0.4752577,-0.008641487,0.1370595,-0.023806907,-0.057555012,-0.006115635,-0.010582186,-0.039258458,0.077102765,-0.05798454,0.056157075,-0.0054129492,-0.09024078,-0.02854175,-0.04610959,-0.003941953,-0.014981726,-0.024233095,0.7352612,-0.012218298,-0.033194564,0.6629975,-0.017263092,0.015888732,0.42240342,-0.017145157,-0.011430204,-0.013801495,0.14787787,-0.06784211,-0.010838762,0.15362838,-0.007020695,0.010241842,-0.0048010168,0.33020812,-0.027684482,-0.017430482,-0.015427981,-0.022362435,-0.015995175,1.1369523
TCGA-CG-5721,-0.015413263,0.010238007,-0.0023252647,-0.054451477,-0.015574309,-0.011306714,0.013982882,-0.020253783,-0.0060023363,-0.01365048,0.31781578,-0.023698777,0.00034356443,0.011290243,-0.03385073,0.0069142208,0.11013878,0.0039794873,-0.03855417,-0.05989862,-0.01748067,0.001297025,0.523319,-0.01160663,0.13885577,-0.011080859,-0.05420933,-0.002397462,-0.0059463726,-0.039475754,0.072818734,-0.05283891,0.043516546,-0.014657466,-0.08687374,-0.029029591,-0.039577104,-0.015562262,-0.024119657,-0.010286436,0.82139564,-0.01600587,-0.027380105,0.7923448,-0.014575435,0.038399987,0.43590015,-0.02311324,0.001737728,-0.010039797,0.18131791,-0.058110263,-0.0065320097,0.22941992,-0.004267304,-0.012608583,-0.011306874,0.34246373,-0.029084058,-0.015623526,-0.017388431,-0.019178292,-0.020668782,1.23178
TCGA-CG-5722,-0.016839594,-0.01657957,0.023876876,-0.06329675,-0.010968428,-0.013759445,-0.0084225135,-0.018379858,-0.016021082,-0.012319061,0.3233577,-0.017715804,-0.005095016,0.02756513,-0.025195684,-0.0035330402,0.07963884,-0.015536729,0.007663239,-0.06670804,-0.012823977,0.019920768,0.5155219,-0.010736268,0.11771129,-0.009121958,-0.053200528,-0.013296196,-0.01607754,-0.038051687,0.102448106,-0.06017354,0.025805775,-0.010560117,-0.08487128,-0.026412684,-0.04308471,-0.01508932,-0.020258004,-0.025612157,0.8282409,-0.010614704,-0.031413794,0.7592046,-0.010620674,0.020568268,0.47456646,-0.021418529,-0.007563148,-0.009805347,0.16550487,-0.061910078,-0.010226992,0.18617177,-0.0027226354,-0.016493509,-0.012776118,0.4124079,-0.022627166,-0.021235993,-0.016671661,-0.030263307,-0.015933312,1.2256787
TCGA-CG-5723,-0.014788725,-0.013685786,-0.009728027,-0.04444612,-0.016653169,0.011647926,-0.009388705,-0.018820668,-0.012834687,-0.010918094,0.3320824,-0.009565884,-0.013794152,0.038961206,-0.02726563,-0.004380497,0.10861184,-0.007752351,-0.022656517,-0.054818172,-0.013319713,-0.008641541,0.5342078,-0.01427047,0.123897076,-0.010762222,-0.0437544,-0.008739578,0.0048491945,-0.029512376,0.12238192,-0.04854101,-0.0038201746,-0.011944741,-0.06808855,-0.02953718,-0.020409957,0.006171212,-0.019783407,-0.025176173,0.8120288,0.012891892,-0.023824142,0.7762273,-0.011192098,0.014710984,0.47749162,-0.01307387,-0.00868151,-0.0073732035,0.20203424,-0.045385472,-0.012361722,0.20734257,-0.017583909,-0.014980087,-0.0033931634,0.357573,-0.020474236,-0.010797888,-0.02182461,-0.016632468,-0.009344451,1.1815175
TCGA-CG-5724,-0.022143543,-0.027800243,-0.009282509,-0.06215524,-0.015111436,0.019532753,0.013172544,-0.017373357,0.003176643,-0.011887895,0.35756978,-0.030346248,-0.014304526,0.047617868,-0.030158237,-0.005285985,0.09080874,-0.014666396,-0.040885463,-0.055375993,-0.011589288,0.023660816,0.56618947,-0.0030511627,0.058602843,-0.024251297,-0.050296597,-0.012822246,0.021063756,-0.033389322,0.046360675,-0.060376056,-0.0052289646,-0.019275095,-0.08502523,-0.02909765,-0.039749727,-0.01348783,-0.024600219,-0.028798541,0.87573254,-0.022121198,-0.025354378,0.753319,-0.0208997,0.06880217,0.45110875,-0.027588325,-0.014860881,-0.011637246,0.1688845,-0.059580296,-0.011736122,0.21814305,-0.016707847,-0.014012529,-0.006545785,0.34215164,-0.0043193847,-0.013090325,-0.008135455,-0.028139513,-0.0033683218,1.1814382
TCGA-CG-5725,-0.012708809,-0.025421947,0.02568459,-0.02475385,-0.005434909,0.12481995,-0.00885286,0.044807006,-0.0072086817,-0.008317478,0.28998673,-0.015939064,-0.012228526,0.03371869,-0.024095148,-0.0036473263,0.03134806,-0.018100364,-0.020119539,-0.04799495,-0.002380198,0.0027588205,0.32603422,-0.014037217,0.107757755,-0.0002164999,-0.030541565,0.043873757,0.0011308249,-0.025156876,0.18348277,-0.034297645,-0.013340832,0.03842501,-0.046778303,-0.011882877,-0.006637266,-0.007840486,-0.019445753,0.022647424,0.5801219,-0.008535559,-0.03557655,0.43434376,-0.024586376,0.046539273,0.2455776,-0.0043435656,-0.007035168,0.001395646,0.14715359,-0.029535035,-0.008479504,0.09131282,-0.007839097,-0.013006218,-0.011311982,0.1659016,-0.016133806,-0.0074555716,-0.005904754,-0.011403146,-0.0029644645,0.7571166
TCGA-CG-5726,-0.01930432,-0.016317949,0.02484871,-0.08209334,-0.019728336,-0.014577084,-0.013679441,-0.020105297,-0.014819361,-0.012869962,0.32745558,-0.02855472,-0.0030903432,0.020730268,-0.032318126,-0.001504393,0.10172325,-0.012841249,-0.056792974,-0.07630883,-0.024388693,0.036006726,0.45726275,-0.012859722,0.11879234,-0.02141099,-0.06657969,-0.012167791,-0.009470946,-0.0342809,0.092228994,-0.06172345,0.07947492,-0.01255868,-0.10630601,-0.034322564,-0.04859955,-0.01745353,-0.017513545,-0.028150465,0.8262592,0.015091278,-0.02685129,0.7528129,-0.018056203,0.067889065,0.38739827,-0.02710515,-0.016033776,-0.01543988,0.10545708,-0.07770194,-0.012579929,0.15904918,-0.017688142,0.048592784,-0.010697386,0.31403777,-0.035910137,-0.01717919,-0.020473823,-0.025698908,-0.025650004,1.2731011
TCGA-CG-5732,-0.010425413,-0.017164664,-0.009869106,-0.021719214,0.0011785482,0.022272877,-0.011701943,-0.005907271,-0.010235354,-0.0005361447,0.27266926,-0.01093496,-0.007027258,0.017580036,-0.023469988,0.0103711225,0.028784294,-0.009025315,-0.01390578,-0.04400582,-0.013551297,0.04150665,0.41702196,0.010274827,0.11040911,-0.009081252,-0.03102674,-0.001167496,-0.010119872,-0.025643839,0.09572616,-0.035036564,0.037572946,0.017706899,-0.048640914,-0.01819329,-0.026455592,0.006227512,-0.012314679,-0.020053003,0.5798794,0.039940286,-0.025419649,0.5450324,-0.01630873,0.033774287,0.32100913,-0.013756829,-0.009640031,-0.0115060955,0.10601992,-0.035617404,-0.009952171,0.07988632,0.007259518,-0.007876452,-0.0104942545,0.28288502,-0.01076973,-0.013198717,-0.010123348,-0.006634779,-0.010583177,0.9610698
TCGA-CG-5734,-0.009353757,-0.017471382,0.018157098,-0.04664966,-0.014493786,-0.010669999,-0.0065660765,-0.014627935,-0.013956225,0.0030162986,0.25656232,-0.021405263,-0.007085058,0.0349022,-0.02694219,0.00519413,0.08304825,-0.017334562,-0.026944024,-0.045454465,-0.010681534,0.04400026,0.51955146,-0.009862013,0.0917667,0.0067538302,-0.03859497,-0.014395304,-0.0060969577,-0.024521213,0.07776041,-0.047207657,0.042122893,-0.01053241,-0.05736944,-0.026396379,-0.025202438,-0.007024218,-0.009407892,-0.023061782,0.65694803,-0.008354761,-0.026682649,0.6739171,-0.009970459,0.025934488,0.4013019,-0.016240835,-0.009802264,-0.010833143,0.12984556,-0.044580787,-0.018356059,0.16387145,-0.005981259,-0.004479882,0.0056230496,0.3574447,-0.023332417,-0.01253362,-0.008395658,-0.01911921,-0.014849452,1.0469325
TCGA-D7-5577,-0.022768635,-0.021903466,-0.005771737,-0.07466163,-0.015548562,0.018776536,-0.0041289357,-0.01822135,-0.016453907,-0.0010799611,0.31263813,-0.028672706,-0.012879042,-0.0007369146,-0.026154032,-0.013295576,0.09971002,-0.019384613,-0.043177888,-0.064386874,-0.015453851,0.028513232,0.528764,-0.018665656,0.22639455,-0.027764186,-0.068960086,-0.009905366,-0.015553565,-0.039691363,0.10842331,-0.061631747,0.04816994,-0.012805139,-0.097016975,-0.042184014,-0.03992102,-0.014366058,-0.021257162,-0.031635076,0.8649334,-0.023008721,-0.023790693,0.82731146,-0.019656502,0.050426617,0.5332936,-0.024682896,-0.009700592,-0.010603172,0.15502709,-0.071014345,-0.011473604,0.20255105,-0.0075109154,0.0014820015,-0.016958125,0.37316453,-0.030399384,-0.02085346,-0.0158093,-0.026690345,-0.019798413,1.3035817
TCGA-D7-5578,-0.013423192,-0.018097706,0.033568755,-0.05526934,-0.012002056,-0.0024010614,-0.011406973,-0.01640043,-0.013001204,-0.0002653966,0.33921003,-0.030450333,-0.009813524,0.031633627,-0.022941133,-0.002052445,0.06435022,0.0064609353,-0.030214917,-0.071260184,-0.010773327,0.004256042,0.5049826,-0.011559446,0.14871031,-0.021557476,-0.053684756,-0.008325725,-0.011384378,-0.026100304,0.12310945,-0.05545468,0.034999087,0.012343176,-0.08602556,-0.023626445,-0.020450242,-0.009411876,-0.014043802,-0.023142744,0.75075614,-0.006840521,-0.029841367,0.7133734,-0.012878307,0.017278582,0.493815,-0.018838437,-0.011898369,-0.008824044,0.14039361,-0.06264199,-0.015354451,0.15637591,-0.010207692,-0.008637285,-0.00972721,0.3171608,-0.028943986,-0.016237892,-0.008737713,-0.024348743,-0.010497832,1.1564726
TCGA-D7-6518,-0.00889863,-0.034417715,0.0067109168,-0.042357177,-0.009102756,0.008678424,-0.011370256,-0.010493296,-0.01607694,0.003849206,0.2903036,-0.030512726,-0.006125639,0.004067988,-0.032383446,-0.002148281,0.049394485,0.021412201,-0.02612951,-0.056313038,-0.008585841,0.0380559,0.456155,0.023728391,0.042749733,-0.02695468,-0.038530648,0.0017264206,0.0011992324,-0.036038347,0.08021083,-0.06700269,-0.009054096,-0.0036441132,-0.072798826,-0.014258296,-0.028706271,-0.010730656,-0.01432525,-0.021098819,0.61411816,-0.013114624,-0.057320174,0.5555844,-0.019957189,-0.006420522,0.33955598,-0.014606785,-0.009282692,-0.009993395,0.17283994,-0.057464484,-0.00920777,0.20433095,-0.012926364,-0.023191873,-0.010296321,0.27135813,-0.020109672,-0.0066983597,-0.0072997375,-0.020623129,-0.013038978,0.8952327
TCGA-D7-6519,-0.01854959,-0.032851703,-0.0141635835,-0.03337966,-0.017967118,0.035173703,0.016948532,-0.019693865,-0.009506044,-0.012313766,0.35601884,-0.01335963,-0.006778402,0.03341484,-0.037750322,-0.011883747,0.06127678,-0.0112326015,-0.017346215,-0.054489538,-0.0068120616,0.036857404,0.51779556,-0.014326664,0.13293359,-0.033531763,-0.035421733,0.034928698,-0.0033634007,-0.031041497,0.11453308,-0.05736822,0.022329248,0.016875869,-0.07242991,-0.022786729,-0.038144507,0.006884195,-0.02014059,-0.039557055,0.86158806,0.008134041,-0.039388,0.8627225,-0.026486818,0.09094863,0.5236925,-0.010077108,-0.011160101,-0.013083985,0.30915397,-0.03281507,-0.005941914,0.11563094,-0.010380339,-0.018997032,-0.020315804,0.33510965,-0.025970118,-0.020141348,-0.011069752,-0.01683433,0.006303881,1.2654144
TCGA-D7-6520,-0.020824963,-0.020165015,0.008598745,-0.016379375,-0.018380411,-0.007839528,-0.0059412634,0.02574237,0.018951183,0.0011644855,0.25332594,-0.015462058,-0.0075979256,0.0011461652,-0.03012282,0.00026918016,0.09051808,-0.0048687346,-0.009946281,-0.02411288,-0.011068593,0.055263754,0.4446455,0.050538216,0.10694803,-0.015095192,-0.027409576,-0.0023611987,-0.00922213,-0.024065858,0.087281935,-0.039031476,-0.0045937244,-0.0061735893,-0.042148,-0.010966271,-0.027719982,0.0066384384,-0.016692482,-0.009028497,0.6286851,0.00081346184,-0.03582992,0.5940064,-0.013977715,0.026977127,0.33401775,-0.009547218,-0.0036802045,-0.012625894,0.1595628,-0.030960452,-0.011206363,0.15144387,0.0005563195,-0.015096849,-0.013711462,0.25680426,-0.012558408,-0.006849766,-0.009961376,-0.013697858,-0.008118046,0.99483645
TCGA-D7-6521,-0.013398171,-0.021958552,0.0066448445,-0.04303943,-0.010528458,-0.0039720694,-0.0004634919,-0.0145987375,-0.012130453,-0.002041445,0.27945977,-0.02738703,-0.0027858866,0.005367709,-0.029242935,-0.004534309,0.04627125,-0.011087219,-0.020458594,-0.044573855,-0.011101377,0.031209052,0.44640434,-0.00023523695,0.052280225,-0.02411778,-0.039441302,-0.0070969695,-0.007233576,-0.029312555,0.12227604,-0.043978855,0.0043222103,-0.0047483807,-0.062532306,-0.018274447,-0.027635265,-0.002953173,-0.013395225,-0.015940009,0.6083255,-0.018410327,-0.029659148,0.5476517,-0.008401816,0.010732923,0.36714143,-0.014863567,-0.008238173,-0.008008979,0.10245289,-0.055804767,-0.007475117,0.18918191,-0.0065471316,-0.011148423,-0.009283015,0.2548957,-0.024771646,-0.010448326,-0.008275661,-0.0111126155,-0.017751778,0.9627799
TCGA-D7-6522,-0.011423534,-0.027838467,0.006273549,-0.011168251,-0.009569241,0.0038283821,-0.012399524,-0.013616387,-0.014867463,-0.0047036563,0.34940004,-0.034444675,-0.0010509631,0.023353484,-0.030079577,0.0022748094,0.049188517,0.03390119,-0.017367747,-0.05682295,-0.01228837,0.01219232,0.506971,0.0077507235,0.020573022,-0.024973072,-0.036260165,-0.013853058,-0.0058577354,-0.03240481,0.14899358,-0.057536338,-0.0009580646,-0.003974532,-0.06645282,-0.011482236,-0.03114719,0.05473698,-0.014490435,-0.021527559,0.68091893,-0.011221936,-0.04638789,0.5681266,-0.011869755,0.026896037,0.41359,-0.018594349,-0.01086564,-0.0097358,0.1706166,-0.05676106,-0.006024402,0.22260328,-0.008491144,-0.020871175,-0.008865829,0.31510282,-0.016878003,-0.0019391156,-0.005654681,-0.014819926,-0.013761543,1.0493021
TCGA-D7-6524,-0.014346353,-0.029696977,0.023631856,-0.034633838,-0.012269361,0.0063237483,-0.011442406,-0.012950337,-0.0021462021,-0.009704851,0.268091,-0.03543253,-0.0038706292,0.02693592,-0.031924214,-0.0072858008,0.10373793,0.021871325,-0.025535898,-0.04864651,-0.011368901,0.018467387,0.52690285,0.01194716,0.010404929,-0.027606245,-0.04006896,-0.011878544,-0.0004698136,-0.0388553,0.13859087,-0.05827946,-0.011152417,-0.0018950216,-0.088952884,-0.020859338,-0.0028205533,-0.013010024,-0.014302638,-0.01842573,0.705287,-0.018987132,-0.056424003,0.63225526,-0.01472395,0.0045944233,0.4474802,-0.020640949,-0.0120720975,-0.0139667485,0.17946948,-0.064924195,-0.009783192,0.28722894,-0.013098406,-0.0192694,-0.0070952643,0.34851217,-0.018717192,-0.012862837,-0.0048043355,-0.017723775,-0.013472121,1.0236019
TCGA-D7-6525,-0.013791851,-0.022419717,-0.012396138,-0.06725567,0.026058175,0.025154348,-0.0068542464,-0.022704456,-0.009358154,-0.017812252,0.2679925,-0.024248892,-0.015661726,0.008785999,-0.026920177,-0.007862438,0.07328393,-0.015090533,-0.04056132,-0.064582884,-0.011039016,0.00330046,0.53863245,-0.010236554,0.11841901,-0.024295714,-0.04453164,-0.012243116,-0.013847785,-0.040145185,0.08469043,-0.056239754,-0.001208742,-0.012601857,-0.08232244,-0.027945014,-0.030587655,-0.01763144,-0.02176137,-0.024597099,0.752957,-0.019669175,-0.038466997,0.7871851,-0.012964849,0.04402399,0.47973365,-0.018052133,-0.010985207,-0.0056588254,0.10525797,-0.064858615,-0.019839998,0.10532002,-0.009308838,-0.020375479,-0.00899603,0.33644515,-0.023979576,-0.013914073,-0.012416359,-0.023149854,-0.01494771,1.0801208
TCGA-D7-6526,-0.014076943,-0.015206931,-0.002724012,-0.017165627,-0.01711756,0.011872299,-0.0098783355,-0.0074940207,-0.008630214,-0.0066319034,0.3277862,-0.018246436,0.0073124943,0.0047327694,-0.018945826,0.010861005,0.10774145,0.01118982,-0.018958423,-0.035685625,0.009771857,0.057045873,0.38753846,0.010592206,0.0878859,-0.013975975,-0.03253896,0.0033718976,-0.009896336,-0.012180773,0.10626152,-0.02967636,0.01407389,-0.014638173,-0.04300483,0.019488342,-0.016583564,-0.014255074,-0.020135658,-0.015726034,0.72534883,-0.00852851,-0.033159297,0.6056787,-0.0060477345,0.06544643,0.3482399,-0.018534638,-0.014020955,0.023199271,0.15536496,-0.03371068,-0.0092698345,0.10447055,-0.009906065,0.01839805,-0.0127857,0.23381588,-0.017256984,-0.0028077445,-0.012409765,-0.0095175905,-0.0010857629,1.0406286
TCGA-D7-6527,-0.01526311,-0.016294528,-0.008141977,-0.012325103,-0.010820985,-0.0058966517,-0.013758246,-0.0031257416,-0.008393567,0.062031563,0.30529118,-0.0104191955,-0.011141174,0.01883631,-0.019228574,-0.002556643,0.050776795,-0.013551504,0.013753692,-0.037549026,0.015027011,0.03173278,0.34839126,-0.0074525382,0.10981931,-0.013715296,-0.026072402,0.0097592035,-0.009888921,-0.024852522,0.14485507,-0.031102277,0.018014913,0.018683635,-0.036974657,-0.015182784,-0.022870518,0.016301408,-0.015848916,-0.013664877,0.6051338,-0.008972342,-0.033450738,0.52814585,-0.0065408964,0.03543359,0.28264862,-0.009297751,-0.007923133,-0.007827566,0.12104614,-0.024500389,-0.0043631904,0.1011484,-0.006853543,0.014843138,-0.014571209,0.3195572,-0.011253055,-0.0135882,-0.01798857,-0.010293396,0.0030463836,0.8717618
TCGA-D7-6528,-0.017602967,0.009196379,0.0035268236,-0.067357354,0.0110736,-0.019858893,-0.016167143,-0.018425655,-0.014347959,0.039206803,0.45078164,-0.015527016,-0.009361193,-0.01689059,-0.027479807,-0.023647921,0.26407072,-0.021000382,-0.034033112,-0.06626278,-0.016638251,0.018876573,0.50158805,-0.011563148,0.12334336,-0.021053277,-0.058425635,0.0039050258,0.023101937,-0.029449288,0.099475056,-0.038716473,0.077477045,0.024282936,-0.08666119,-0.02924989,-0.03332013,-0.020998811,-0.017395895,-0.02711021,0.9535902,-0.013439899,-0.03188233,0.7796656,-0.013537421,0.10966108,0.5717927,-0.020503044,-0.0071371696,0.003349998,0.16700967,-0.05847457,-0.006958829,0.20190512,0.005437467,0.0334803,-0.012365846,0.3855459,-0.03312044,0.00872073,-0.020034201,-0.01562588,-0.00964969,1.3840024
TCGA-D7-6815,-0.019876719,-0.02263229,-0.0046265693,-0.049219877,-0.016941698,0.00014429679,-0.024244234,0.0009411592,-0.020232225,-0.0016596541,0.41986907,-0.032151498,-0.015541472,0.005619349,-0.030638507,-0.005278236,0.16037409,0.0041426383,-0.039083928,-0.02992576,-0.013942655,0.113919206,0.487911,-0.019030457,0.1272303,-0.02320787,-0.05126942,0.012602173,-0.0136245,-0.039348762,0.106430724,-0.053451832,0.09852017,-0.010180293,-0.087456256,-0.028267153,-0.0428158,-0.034525596,-0.014907314,-0.026974674,0.8340844,-0.019663604,-0.045074526,0.90147376,-0.00705739,0.013754188,0.48782164,-0.015461475,-0.020000488,-0.011271385,0.19295335,-0.06451258,-0.007521739,0.09529999,-0.016380925,-0.018819768,-0.019242007,0.3136394,-0.026973927,-0.007638174,-0.018426906,-0.02256703,-0.021067,1.1592551
TCGA-D7-6817,-0.015242003,-0.017221611,-0.0076044537,-0.030719778,-0.010903239,0.00929337,-0.008566377,-0.009124909,-0.0070825145,-0.006681306,0.37649328,-0.015513729,-0.0039563887,0.013180767,-0.026930291,-0.0051269056,0.057947367,-0.013585277,0.016362801,-0.05123049,-0.011310308,0.04213672,0.4384426,0.009078531,0.09700753,-0.0014384538,-0.038699426,0.004329943,-0.013146354,-0.022107229,0.19784069,-0.038828894,0.009513538,0.010561401,-0.054383237,0.003381637,-0.02717794,-0.009909953,-0.012784926,-0.015549913,0.7044618,-0.005185611,-0.033937544,0.69851685,-0.010264295,0.070482835,0.37694386,-0.015541928,-0.010135758,-0.00980883,0.14789584,-0.039811715,-0.015908372,0.08019935,-0.0062248316,-0.0028380202,-0.015823206,0.2949126,-0.017666401,-0.004434039,-0.0116660185,-0.012482458,-0.009512639,1.0977603
TCGA-D7-6818,-0.009372419,-0.024859097,0.013819305,-0.033031125,-0.002859993,-0.011978572,-0.009156587,-0.017695727,-0.011322073,-0.0017457665,0.2910618,-0.023560762,-0.0017834957,0.026097177,-0.03385573,-0.012352854,0.042405196,-0.0073345467,-0.013259543,-0.046561085,-0.0034260585,-0.003875591,0.35773283,0.027279573,0.07936943,0.032936223,-0.030937552,-0.011587398,-0.0034982667,-0.028864529,0.09245404,-0.044885337,-0.013630694,0.011368884,-0.05492352,-0.020076003,-0.0140570775,0.048469882,-0.019222358,-0.017184522,0.56842685,-3.291061e-05,-0.05242411,0.49622008,-0.012931418,0.026344242,0.3337804,-0.02629291,-0.011559423,-0.00861386,0.14179893,-0.04457504,-0.012263844,0.13187325,-0.008465987,-0.02040343,-0.009809571,0.25491202,-0.020547522,-0.015555926,-0.009208541,-0.01209599,-0.011400157,0.94964087
TCGA-D7-6820,-0.017172897,-0.01672535,-0.012877901,-0.0006497791,-0.018175356,-0.0082551995,-0.020384502,-0.0136382505,0.025669366,-0.0025904991,0.22817576,-0.01521757,-0.009754173,0.00010648073,-0.028981522,-0.011279188,0.049743265,-0.018386435,0.02583278,-0.045958728,-0.0010659519,0.025455872,0.47520104,0.013531013,0.17850915,-0.01221863,-0.028260337,-0.012032754,-0.020200774,-0.013790904,0.100577384,-0.026118781,0.035124972,0.014964802,-0.05528549,-0.008791231,-0.02700256,0.08996228,-0.02352961,-0.014500636,0.79258484,-0.0036913971,-0.028545832,0.6939957,-0.004387929,0.080823265,0.4083117,-0.015540293,-0.0064078416,-0.009964241,0.1043558,-0.038329884,-0.008264406,0.099722534,-0.017252585,0.032714237,-0.014250009,0.3923356,-0.026071507,-0.017795099,-0.019273456,-0.009391412,-0.007676624,1.0828859
TCGA-D7-6822,-0.0211264,-0.029267333,0.0035643391,-0.06923185,-0.0216886,0.083248384,-0.020203855,-0.021035127,0.0019310154,-0.0052317097,0.32147616,0.0019211434,-0.005768426,0.01381603,-0.033327825,-0.014737177,0.032333717,-0.016824013,-0.03719412,-0.058204886,-0.018100725,-0.0120547395,0.51428336,-0.017212689,0.16326654,-0.014826162,-0.06744862,-0.010981416,-0.01356837,-0.039834622,0.16579787,-0.03316611,-0.0153786335,-0.009320255,-0.0936312,-0.029339455,0.020176504,-0.029336073,-0.021849193,-0.037173565,0.7447607,-0.019414935,-0.033307917,0.75658274,-0.026433405,0.07202295,0.51463604,-0.02177246,-0.009488452,-0.0129766995,0.08120374,-0.07251163,-0.0010706522,0.09672706,-0.01955356,-0.033834495,0.022065036,0.32021934,-0.038357235,-0.011169612,-0.017259376,-0.012227048,0.009246538,1.1931589
TCGA-D7-8570,-0.0125973215,-0.013990544,0.00033133966,-0.061750673,-0.015030993,-0.006947692,-0.004818966,-0.012334441,-0.012810966,-0.0124286935,0.31104663,-0.03449577,-0.003912027,-0.0030071205,-0.021502942,-0.011816235,0.051698897,0.012389984,-0.039036613,-0.06421192,-0.015256843,0.03360163,0.51323533,-0.011497511,0.16841942,-0.020252757,-0.052199885,-0.009718382,-0.015922898,-0.035751976,0.09077219,-0.05272267,0.03215434,-0.012570498,-0.08544113,-0.032597303,-0.025149008,-0.004348297,-0.016384454,-0.021173436,0.7396274,-0.01760525,-0.033100776,0.6588791,-0.017588785,0.02810276,0.47264773,-0.0045291325,-0.007866338,-0.013787369,0.12779248,-0.068591245,-0.010739374,0.19205874,-0.010433634,-0.013023961,-0.0072715995,0.3819994,-0.024141327,-0.019431598,-0.014394106,-0.018624695,-0.017884769,1.110229
TCGA-D7-8572,-0.015844591,-0.03181921,0.0032315152,-0.02875109,0.027024373,0.037524875,-0.0030963116,-0.0065775136,-0.010830838,-0.0072100097,0.41147065,-0.007234837,-0.01657363,0.021280956,-0.03360996,0.0053374856,-0.005094762,-0.00570945,-0.012146677,-0.05923786,-0.009136102,0.0143028945,0.46172556,0.005399164,0.12537353,-0.031060984,-0.04313408,0.010472529,0.034441106,-0.035525646,0.15553354,-0.04643196,-0.013894714,0.024884196,-0.07134678,-0.0031037808,-0.034768112,0.0060018916,-0.020035855,-0.010816905,0.64283824,0.029651323,-0.043908823,0.5957346,-0.014640717,-0.0042951005,0.3804955,-0.012087854,-0.008501118,-0.0052397423,0.17290634,-0.05466257,-0.018216182,0.08268839,-0.015881993,-0.013334547,-0.012176572,0.3768581,-0.020921811,-0.0030448623,-0.014686741,-0.013226938,0.016073138,0.98966444
TCGA-D7-8573,-0.017490668,-0.018011607,-0.0028486964,-0.09047223,-0.023317618,0.012192575,-0.0012710427,-0.015615763,-0.016772386,0.008883649,0.45621532,-0.037284467,0.003719369,0.02416732,-0.024160758,-0.00212546,0.053299546,-0.017252874,-0.03395399,-0.08231295,-0.01199591,-0.00963899,0.47562504,-0.019600924,0.25801206,-0.025098594,-0.07602466,-0.008236939,-0.012913514,-0.037983585,0.10284147,-0.05841165,0.0697187,-0.0038312892,-0.110247806,-0.03827609,-0.06352119,-0.008498585,-0.018852517,-0.033573326,0.880327,-0.011682679,-0.029292839,0.7483373,-0.031085715,0.053903386,0.58024436,-0.022807345,-0.013982327,0.0030517548,0.14162019,-0.085530326,-0.01162138,0.09229942,-0.010670517,0.022789648,-0.011734131,0.3563565,-0.027207535,-0.020147832,-0.024005882,-0.032903798,-0.018408732,1.2134103
TCGA-D7-8574,-0.009908736,-0.02597647,-0.0034764302,-0.048468444,-0.0099949995,0.0032915305,-0.013147704,-0.01369415,-0.011244649,-0.011786568,0.4335333,-0.035222504,-0.013180483,0.037712414,-0.033651255,0.019064829,0.06512076,0.017927757,-0.02749785,-0.06757491,-0.016073015,0.039946456,0.56780785,0.0266328,0.04379798,-0.024951652,-0.05417568,-0.01080943,-0.012172792,-0.048265286,0.14753422,-0.059515838,-0.009074683,-0.008873535,-0.077308014,-0.020448616,-0.034877792,-0.01290622,-0.018239735,-0.01940206,0.7633862,-0.017881172,-0.06539096,0.6957969,-0.021139208,-0.009676144,0.43394023,-0.014057836,-0.009495867,-0.00966966,0.20558667,-0.06869828,-0.010818102,0.14838603,-0.008458611,-0.021772655,-0.016322192,0.3619241,-0.022321964,-0.025210984,0.009531982,-0.0015271895,-0.017735055,1.1739899
TCGA-D7-8575,-0.0016449856,-0.027533697,-0.013076378,-0.050663587,-0.012958935,0.018200412,-0.0021673364,-0.011718877,-0.012894465,0.044642977,0.30067086,-0.02529587,-0.009798286,-0.006381857,-0.0396271,0.0023524254,0.03469575,-0.018402772,-0.0061283675,-0.059617087,-0.0077321455,0.0022788423,0.45378664,-0.014408733,0.10845688,-0.018750472,-0.05037018,0.010302579,-0.013086623,-0.046967793,0.11697222,-0.05776784,0.039216034,-0.01921216,-0.07213854,-0.026432948,-0.031513683,0.0065978575,0.00010359753,-0.029556103,0.69215876,-0.016398717,-0.046305776,0.7351613,-0.019238565,0.07720841,0.43443394,-0.0066024926,-0.017087867,0.022596985,0.10164026,-0.058222517,-0.009894596,0.03626572,0.008183783,-0.002919999,-0.0167952,0.38190395,-0.021235397,-0.018126767,-0.013354968,-0.022825675,-0.014878225,1.0653281
TCGA-D7-8576,-0.016260326,-0.024030201,-0.002980352,-0.042907067,-0.013668953,-0.0034717761,-0.0030370946,-0.005448928,-0.007776399,-0.005111656,0.29830885,-0.018104255,0.011298569,0.014890837,-0.031924337,-0.00897711,0.07344687,-0.009576496,-0.024037162,-0.050443344,-0.011225864,0.036552448,0.45318305,-0.009739404,0.09905255,-0.013617901,-0.04166776,-0.0047728484,-0.007180091,-0.03029015,0.11068839,-0.04862298,0.023324221,-0.0122330235,-0.07047468,-0.016302925,-0.03538334,0.010113664,-0.017306818,-0.029580455,0.7433981,-0.0075274277,-0.035497714,0.71354234,-0.01013385,0.029150803,0.3705958,-0.010652399,-0.013480135,-0.006583802,0.16109888,-0.047951728,0.009889349,0.044731323,-5.4941745e-05,-0.0087640695,-0.0073373164,0.24862704,-0.020490624,-0.010896439,-0.008885421,-0.015559372,-0.018206345,1.0189385
TCGA-D7-8578,-0.0021180576,-0.02264971,0.002362384,-0.03288906,-0.0067268773,0.009317421,-0.008140638,-0.009037681,-0.004978667,-0.0064898273,0.21617004,-0.025921512,-0.00929329,0.024906462,-0.026702901,0.020211907,0.037166595,0.015110602,-0.01727315,-0.053813174,-0.012301463,0.006738453,0.39881927,0.008265042,0.019177565,-0.021947252,-0.034427073,-0.0036058926,-0.004984623,-0.03199822,0.09891828,-0.04639752,-0.008045273,-0.012092419,-0.0510856,-0.0143078845,-0.02023259,0.002667266,-0.013503663,-0.019386517,0.5501267,-0.011785706,-0.049458385,0.5175595,-0.009328134,0.0019436358,0.3075505,-0.01383939,-0.007717384,-0.0072050923,0.14741975,-0.04975745,-0.00069202995,0.12869875,-0.008079076,-0.019136995,-0.0141844,0.2847941,-0.01544699,-0.011886485,-0.008774813,-0.011451248,-0.01204964,0.83234704
TCGA-D7-8579,-0.0028080083,-0.023975668,-0.012577012,-0.055978164,-0.013807837,0.0013087427,-0.004540852,-0.009411769,-0.013676956,-0.00477857,0.3048287,-0.03720384,-0.0008507995,0.009233376,-0.024881406,0.0008264824,0.06611574,0.010524493,-0.03318991,-0.066966414,-0.013653213,0.0045110527,0.43322045,-0.0042043338,0.057890978,-0.02030389,-0.04387433,-0.013183368,-0.011659605,-0.029611705,0.18353438,-0.058422044,-0.0062768203,-0.011053954,-0.08535989,-0.021749033,-0.031237893,-0.003690667,-0.010674331,-0.023494473,0.6669563,-0.016017463,-0.051504232,0.575039,-0.012899199,0.0008107482,0.40084982,-0.011989582,-0.007939171,-0.002163035,0.09722402,-0.07598889,-0.013558518,0.10886286,-0.0088180825,-0.013243979,-0.0059708646,0.26508412,-0.025056064,-0.015251545,-0.0025710699,-0.019890588,-0.01833269,0.93106425
TCGA-D7-A4YT,-0.007997421,-0.032661386,-0.015749495,-0.06047017,-0.016953941,0.015778767,0.04879606,-0.018057562,-0.011937555,0.043006375,0.48688996,-0.005274246,0.0037602803,0.006861396,-0.037036017,0.0015809815,0.09174839,-0.013091236,-0.037350252,-0.033281688,-0.019259486,-0.002872472,0.40268576,-0.011950793,0.26733434,-0.017093299,-0.050330788,-0.0076065864,0.030924557,-0.039912093,0.24408992,-0.051172614,0.0986558,0.01053757,-0.0909614,-0.025306307,-0.039366968,-0.020176727,-0.015757281,-0.016343027,0.76612926,-0.0134065775,-0.052883886,0.7421349,-0.024103727,0.043867826,0.4891278,-0.014434623,0.013946938,-0.019858476,0.25879237,-0.061011232,-0.020920701,0.12904306,-0.0023856126,-0.007668375,-0.015084841,0.4445458,-0.028060524,-0.016209904,-0.019349836,-0.014021718,-0.010093037,1.2134432
TCGA-D7-A4YU,-0.01840182,-0.026072819,-0.012261057,-0.073904246,-0.011151365,0.011078764,-0.012735365,-0.015765684,-0.021748394,-0.01303483,0.3679235,-0.031734332,0.0040635527,-0.012291104,-0.028743042,-0.0062418794,0.08310917,-0.009927073,-0.03789997,-0.08024245,-0.011465607,-0.010913926,0.48204824,-0.014204013,0.12095615,-0.029872525,-0.06950434,-0.013141919,-0.015642848,-0.046386518,0.15255105,-0.06333602,0.07065712,-0.0050123003,-0.10826522,-0.03523764,-0.05730524,-0.01070699,-0.027951464,-0.022624299,0.7796612,-0.025564149,-0.044156,0.6176343,-0.025879744,0.0074969935,0.45182237,-0.019989712,-0.011929739,-0.002888932,0.20626351,-0.081433944,-0.012522284,0.103686884,-0.006396141,-0.017486002,-0.011645898,0.3410625,-0.022277413,-0.018655732,-0.01246809,-0.023306135,-0.017761614,1.102902
TCGA-D7-A4YV,-0.019779181,-0.02524485,-0.016616102,-0.08038999,-0.014712951,-0.0063211774,-0.011824629,-0.024186473,-0.014892948,0.008943986,0.38867146,-0.036471203,0.007458361,0.017999664,-0.026516194,-0.0075615714,0.1620562,-0.013160767,-0.049338978,-0.08036129,-0.009694646,0.018549373,0.4449376,-0.01817632,0.14502448,-0.03173086,-0.0649945,-0.017610548,-0.014215271,-0.041303597,0.16185266,-0.061872803,0.036996257,-0.008700678,-0.10762806,-0.02831282,-0.05699663,-0.01770852,-0.025557797,-0.031436864,0.82557744,-0.023823485,-0.048791252,0.78608793,-0.023921492,0.07237008,0.5102191,-0.022792695,-0.01219641,-0.00582413,0.24047878,-0.08571626,-0.010988886,0.10077939,-0.013156547,-0.015619224,-0.013135662,0.3980014,-0.026400695,-0.018735055,-0.012005468,-0.024407055,-0.022845495,1.182757
TCGA-D7-A4YX,-0.019696452,-0.020139901,0.004552028,-0.09410779,-0.01826494,0.0022166707,-0.019638687,-0.013277099,-0.0181234,-0.0015799608,0.4085287,-0.032647874,0.009207681,-0.008971266,-0.022116128,-0.014069441,0.13963968,-0.028706327,-0.052162502,-0.079371974,-0.016427089,-0.013835911,0.4437878,-0.019189026,0.2407004,-0.028344467,-0.07837218,-0.015522306,-0.015824951,-0.040517896,0.19668873,-0.06556292,0.11576882,0.015959578,-0.11394715,-0.044146802,-0.0660389,-0.012962217,-0.026621656,-0.023770055,0.877311,-0.025683941,-0.03386368,0.7430409,-0.021194726,0.02599886,0.5893762,-0.025332693,0.0017075231,-0.010026162,0.16595751,-0.08762393,-0.011305582,0.11715235,-0.0074352594,0.030784924,-0.0137149505,0.39181298,-0.033265557,-0.021389155,-0.022236448,-0.036689937,-0.025409782,1.2555647
TCGA-D7-A4YY,-0.022592643,-0.025741596,-0.011290577,-0.09863487,-0.017973753,-0.008090527,-0.022271901,-0.021954916,-0.026423667,-0.01417445,0.35443795,-0.04141132,-0.003850961,0.007044181,-0.029354919,-0.0050901044,0.093587965,-0.013445949,-0.061708502,-0.09017193,-0.0149888415,0.021399908,0.4899497,-0.008803974,0.1694085,-0.030434778,-0.07471791,0.019493079,-0.011470508,-0.049679443,0.09613226,-0.07120212,0.0496395,-0.018306026,-0.11622158,-0.04608549,-0.062371008,-0.019161535,-0.023621418,-0.030838,0.8196162,-0.014037345,-0.036725722,0.7445141,-0.030162249,0.024856731,0.5009909,-0.024600618,-0.016910238,-0.011691272,0.1393908,-0.09790534,-0.016412204,0.15009962,-0.0128251705,-0.015570676,-0.008899923,0.3874209,-0.032003134,-0.024734361,-0.014097348,-0.025360215,-0.023496646,1.1921415
TCGA-D7-A4Z0,-0.022093438,-0.014675862,-0.007883641,-0.07373018,-0.011484431,-0.012686641,-0.010257059,-0.01632069,-0.013582572,0.0038637356,0.32199207,-0.03697348,0.009902454,0.012571918,-0.032839946,0.010980493,0.09462392,-0.005720119,-0.043761276,-0.071274176,-0.01793128,0.0017564918,0.52042973,-0.017233668,0.08610177,-0.024474485,-0.055585764,-0.0055066706,-0.012061005,-0.040114358,0.20048276,-0.062297948,0.011146498,0.0058004023,-0.09140645,-0.03083764,-0.04305928,-0.01853476,-0.018228075,-0.03189804,0.8132969,-0.023659078,-0.049286954,0.69963515,-0.011774117,0.021751199,0.4888337,-0.026695624,0.015836827,-0.010823024,0.15292323,-0.07643259,-0.011131673,0.12787338,-0.007833453,-0.014997537,-0.014575489,0.34850973,-0.02601994,-0.015738893,-0.014017925,-0.024030523,-0.019715266,1.112225
TCGA-D7-A6EV,-0.018228384,-0.016476033,-0.017616875,-0.07479415,0.026551105,-0.009822244,-0.0126644485,-0.022765335,-0.021107808,-0.0003927108,0.346094,-0.017470459,0.051443007,-0.018906083,-0.036561996,-0.017675862,0.0715335,-0.016545482,-0.04247219,-0.07891265,-0.019442493,-0.0086365575,0.55982125,-0.010304334,0.17930937,0.003396497,-0.058050252,-0.014340778,-0.014871592,-0.032145813,0.16306141,-0.056007363,0.052994657,0.05127901,-0.09834046,-0.034889214,-0.043208037,-0.019976795,-0.016243795,-0.03092975,0.9008028,-0.002079254,-0.028286064,0.78253603,-0.012367254,0.087392345,0.5194844,-0.024633462,-0.016737599,-0.0139176715,0.15568471,-0.06528226,-0.015217114,0.085253045,-0.002056399,0.034742996,-0.016703526,0.33528137,-0.03353969,-0.016853008,0.0008806982,-0.019970758,-0.015852492,1.2584174
TCGA-D7-A6EX,-0.021975521,-0.014209804,-0.025491983,-0.058431283,-0.013773803,-0.004632578,0.0015264731,-0.020590615,-0.018722247,0.03768644,0.3952155,-0.013730992,-0.0007795645,0.024143487,-0.03759196,0.0011914761,0.036709405,-0.018479027,-0.021349004,-0.048937954,-0.019949911,0.006124916,0.63383025,-0.018407594,0.21943548,-0.023563784,-0.050461337,-0.021455176,0.052049063,-0.046943028,0.1256523,-0.034980908,-0.018072555,0.00676107,-0.08022558,-0.025671333,-0.043032866,-0.02481687,-0.018380083,-0.024588699,0.9013585,-0.022818608,-0.03163879,0.76076233,-0.015700405,-0.013645931,0.55892223,-0.012781138,-0.026880581,0.004731806,0.25402537,-0.053828895,-0.016590536,0.09023757,0.02347074,-0.018798262,-0.014641026,0.4086907,-0.03345395,-0.013289636,-0.019779656,-0.03160931,-0.014945945,1.3737543
TCGA-D7-A6EY,-0.014205833,-0.020381931,-0.008831449,-0.056869704,-0.012725339,-0.015875256,-0.006318393,-0.015604898,-0.010688579,-0.0040483405,0.29950625,-0.0057943035,-0.0018546074,-0.009262446,-0.021379301,-0.004898348,0.060963713,-0.007047564,-0.02894276,-0.06269755,-0.015197708,0.0007784518,0.445567,0.0011065244,0.13008226,-0.019359281,-0.051052466,-0.006901993,-0.007838428,-0.036369734,0.17421484,-0.049991205,0.010410314,-0.00791128,-0.0805879,-0.016617943,-0.03839764,-0.014351521,-0.010783572,-0.026136773,0.7480803,-0.013981976,-0.03288579,0.65905106,-0.014042054,0.011184108,0.49208942,-0.018321423,-0.009565871,-0.004464746,0.18132478,-0.056888502,-0.01063885,0.1547581,-0.0075976243,-0.00777978,-0.020508802,0.38183945,-0.02817149,-0.017474113,-0.011371098,-0.026470829,-0.0136307115,1.0899516
TCGA-D7-A6EZ,-0.021536615,-0.015296722,0.0071454966,-0.08739802,-0.02158644,-0.00063150027,0.00020300888,-0.016043367,-0.014069943,-0.01080508,0.38487864,-0.032407276,0.0073964125,0.009512542,-0.026283767,-0.015083632,0.14019346,-0.017863793,-0.029111503,-0.08521652,-0.011931372,-0.010427654,0.4386076,-0.022326708,0.26584595,-0.022457255,-0.06675735,-0.0107840635,0.014241824,-0.04300627,0.08118968,-0.063182265,0.07362102,0.008628091,-0.10654287,-0.04205117,-0.059105985,-0.007753878,-0.021093769,-0.021903083,0.8465593,-0.024145111,-0.030976966,0.7767863,-0.025325485,0.019432511,0.53005564,-0.02183822,-0.010140037,-0.010262041,0.13803217,-0.079115465,-0.012247302,0.16632529,-0.0143810455,-0.020129984,-0.018739603,0.3613481,-0.030346325,-0.01922689,-0.010485905,-0.03367343,-0.023755457,1.2037637
TCGA-D7-A6F0,-0.031214692,-0.017313018,1.4482066e-06,-0.029522404,-0.013448735,0.008957026,-0.011262549,-0.007216396,-0.011932489,0.011189709,0.33042848,-0.0111476015,0.017970331,-0.007755317,-0.026291542,-0.011266982,0.07410227,0.007419154,-0.014378232,-0.048274726,-0.014414863,0.02195694,0.44486147,-0.00861418,0.11535178,-0.02654106,-0.04060158,-0.008261761,0.05073331,-0.027291365,0.2576577,-0.0408585,-0.006625347,-0.010435991,-0.06388815,-0.01269297,-0.040541198,-0.0132584125,0.0036097933,-0.01591707,0.7128043,-0.011495069,-0.04047868,0.47015473,0.013460352,0.078705564,0.42405385,-0.015132742,-0.008022237,0.0011998052,0.14444709,-0.03515649,0.02242417,0.107545614,-0.01647549,-0.010761006,-0.013218148,0.3108703,-0.020064082,-0.0023500787,-0.0256044,-0.017144972,-0.008026039,1.0736223
TCGA-D7-A6F2,-0.015951704,-0.0035422547,-0.007089143,-0.039403297,-0.0061284425,-0.01725708,-0.012262421,-0.01590266,-0.011792293,0.013347077,0.35148448,-0.020576313,0.0074819177,0.040665112,-0.026091726,0.03323447,0.141572,-0.014313284,-0.017134525,-0.05362565,-0.0052881036,0.043068342,0.49535707,-0.007454152,0.15960112,-0.016090104,-0.041807953,0.046952978,-0.013370975,-0.03067056,0.10997511,-0.036395542,0.037411727,0.004993379,-0.05309487,-0.024330443,-0.03090517,-0.008711234,-0.017597511,-0.014894306,0.7934719,-0.018608985,-0.044382427,0.7253272,-0.0065153614,0.10986211,0.51960385,-0.024909796,-0.0074824337,-0.0014284723,0.22413214,-0.042996973,-0.008823986,0.09858322,-0.010971725,-0.014038823,-0.019621907,0.48733312,-0.021231413,-0.015695896,-0.016651925,-0.01759532,-0.0039613275,1.2300241
TCGA-D7-A747,-0.013903338,-0.027561171,-0.016753256,-0.032293424,0.028533744,0.008620812,0.0023795008,-0.0054261377,-0.0086676385,-0.0056994027,0.23974185,-0.026669843,-0.0031899693,0.004243112,-0.025708992,-0.0013598388,0.043810308,0.008526657,-0.02120876,-0.05706779,-0.013244536,0.022636542,0.33867076,0.0022072005,0.031533457,-0.024833944,-0.036162812,-0.0079676,-0.004581919,-0.029921588,0.15353864,-0.052853018,-0.013047264,-0.0065490855,-0.052034985,-0.012308138,-0.02965932,-0.0067766253,-0.011094125,-0.011977711,0.4698917,-0.013517173,-0.057631448,0.45234048,-0.019694673,0.00021519675,0.20755492,-0.003924587,0.014666639,-0.0055345614,0.03645136,-0.066924684,-0.0057016327,0.1438831,-0.0052991384,-0.018152848,-0.012159846,0.1475186,-0.015749479,-0.018474886,-0.0032600798,-0.01270715,-0.011603879,0.69714034
TCGA-D7-A748,-0.01317274,-0.02493684,-0.00880037,-0.03481289,-0.01722428,-0.010417558,0.023793092,-0.013825052,-0.013021719,-0.011481192,0.30142072,-0.035804592,0.013092366,0.020597469,-0.031723086,-0.0069410857,0.15188722,0.0036748138,-0.02295019,-0.02546134,-0.017220978,0.080781445,0.51540667,0.021853294,-0.001105071,-0.026322674,-0.031929243,-0.004634699,-0.00477297,-0.040632844,0.15731432,-0.051117077,0.014433453,-0.010452453,-0.064933605,-0.010728618,-0.012204783,0.011381365,-0.015692856,-0.020224482,0.83753216,-0.009700537,-0.043121234,0.6622665,0.00019407924,0.019588385,0.44836068,-0.022315148,-0.013711043,-0.014582648,0.19345045,-0.04540076,-0.00019742781,0.14963411,-0.010673873,-0.028204445,-0.014944867,0.34348428,-0.020884149,-0.01624432,0.020137768,-0.021895356,-0.020080103,1.0834898
TCGA-D7-A74A,-0.019375369,-0.022280298,-0.017522149,-0.09168004,-0.004300528,0.0020677955,-0.007833742,-0.028136628,-0.017358994,0.030206166,0.37238914,-0.019555496,-0.0016408898,0.0046755006,-0.01758378,0.0070044342,0.09971406,-0.019290525,-0.043058183,-0.08392002,-0.016307706,0.0007728813,0.47334826,-0.02056619,0.20976692,-0.030319354,-0.062401526,-0.01425894,-0.014640368,-0.047881924,0.12549305,-0.05681216,0.14068492,0.004798951,-0.109677844,-0.044089735,-0.0510946,-0.018885564,-0.021887433,-0.022139434,0.9191785,-0.01544817,-0.0021556914,0.76937234,-0.029827073,0.04579323,0.44315603,-0.022990212,-0.013468637,-0.024051744,0.23165563,-0.07841795,-0.0070607415,0.081479765,-0.014339933,-0.017721547,-0.02528091,0.34429282,-0.026372435,-0.01929977,-0.017145684,-0.030916104,-0.010700325,1.1135256
TCGA-EQ-8122,-0.0038756565,-0.021805264,-0.0034092583,-0.0338703,-0.003784588,0.013642637,-0.0013407554,-0.00694484,-0.008532697,-0.0038250098,0.29320383,-0.02714365,-0.0155562945,0.0024044388,-0.026374765,-0.0006815896,0.009150611,0.0010803072,-0.019693792,-0.048295937,0.03420487,0.044351038,0.48933664,-0.0063713146,0.07962499,-0.016881762,-0.029335657,-0.0028125905,-0.00816227,-0.030527612,0.14181966,-0.051371578,0.04477358,-0.017599091,-0.06503853,-0.01408682,-0.019177709,-0.013501403,-0.017371833,-0.020597994,0.75458264,-0.012114175,-0.031872045,0.58690995,-0.012635265,0.0049554473,0.3525353,-0.017111277,-0.011953065,-0.003770913,0.14042538,-0.05308622,-0.008228315,0.0731487,-0.010317635,-0.007871121,-0.0109305605,0.29493922,-0.02006788,-0.013577877,-0.0140065225,-0.017842723,-0.003486141,0.9884509
TCGA-EQ-A4SO,-0.021810524,-0.02225452,-0.0123808645,-0.035585135,-0.012421969,-0.011251544,-0.017060978,-0.017036412,-0.015444809,0.018582352,0.3148382,-0.0150458375,-0.009368194,-0.008167983,-0.023932995,0.045005366,0.13402455,-0.024421606,-0.015188767,-0.054585323,-0.021340368,0.0305942,0.5011924,-0.011789141,0.24666104,-0.003831786,-0.042902075,0.006520939,-0.015335399,-0.021912204,0.12370001,-0.04042448,0.09710046,0.083894685,-0.069613814,-0.015867546,-0.034687664,0.021959113,-0.01609126,-0.020213958,0.8440556,0.028215505,-0.029945873,0.7854029,-0.009888183,0.05534022,0.45418346,0.0022269879,-0.016407523,-0.006919155,0.26302066,-0.037750132,-0.017246017,0.097928226,0.050239902,0.016620724,-0.021937415,0.4597291,-0.01908318,-0.016272016,-0.027047727,-0.018900774,0.022876862,1.1727629
TCGA-F1-6874,-0.010142853,-0.028057417,-0.0025963536,-0.05196335,-0.02434553,-0.013656414,-0.005901538,-0.014142522,-0.010614253,-0.0047337594,0.31610915,-0.039842427,0.0051657036,-0.012193883,-0.023365956,-0.0102026425,0.16584566,-0.02179526,-0.03292584,-0.05262462,-0.008809058,0.026229419,0.5093204,-0.010795124,0.18073373,-0.024032306,-0.059386328,-0.012089241,-0.018467234,-0.031935774,0.096408606,-0.053240683,0.1193233,-0.010692529,-0.09091891,-0.03155354,-0.03872808,0.022936717,-0.018753711,-0.026043713,0.8092515,-0.017034879,-0.04075808,0.7870903,-0.0128608495,0.038696367,0.4385789,-0.014884122,-0.004261881,-0.009256436,0.14189683,-0.067894354,-0.012818831,0.11756462,-0.0080348,-0.017975442,-0.012484982,0.390021,-0.033854853,0.0093547935,-0.0062694876,-0.029380087,-0.021928547,1.2472305
TCGA-F1-6875,0.0012623467,-0.0151808765,-0.022537595,-0.04098153,-0.012782199,-0.011363056,-0.017708635,-0.014770007,-0.024010064,-0.008723246,0.28170463,-0.016256664,-0.016959,0.15327188,-0.037997548,-0.008918751,0.06539704,-0.016951311,-0.024779608,-0.04425962,-0.017585743,-0.014811452,0.4560479,-0.01646494,0.19334821,-0.012530808,-0.035685666,0.063546225,-0.02227336,-0.036261015,0.1960157,-0.04146269,0.013409859,0.019224655,-0.072375454,-0.022373648,0.002938971,-0.0142658055,-0.01907228,-0.016724251,0.648599,-0.005582404,-0.006827522,0.5693221,-0.016578034,0.021535832,0.49484405,-0.013993165,-0.011950033,0.018288136,0.20222624,-0.051429998,-0.0055425516,0.14460862,0.02383367,-0.006132071,-0.017108854,0.31673762,-0.025445875,-0.012491019,-0.0044822088,-0.010966158,0.024317568,1.030125
TCGA-F1-A448,-0.012634831,-0.022680746,-0.007159034,-0.061925597,-0.014809793,-0.0048422464,-0.01088701,-0.014056686,-0.013258912,-0.0014050098,0.28987923,-0.030338135,0.014900604,0.003695462,-0.026486736,-0.005489316,0.15219939,0.004612984,-0.033087134,-0.066186324,-0.010258277,-0.0018987888,0.50270283,0.0096092,0.13642098,-0.027677622,-0.051592246,-0.01657786,-0.009081723,-0.03800524,0.09980358,-0.058351427,0.0028892048,0.012180492,-0.089582786,-0.030734085,-0.03963707,-0.01605888,-0.014218963,-0.021389239,0.7916601,-0.014565072,-0.04348547,0.7034166,-0.021671813,0.02244727,0.46414286,-0.018133746,-0.012659252,-0.0137143005,0.16941863,-0.071457334,-0.016291909,0.18778805,-0.016011145,-0.0142571805,-0.013383324,0.3786016,-0.021398565,-0.016381621,-0.009851843,-0.021528222,-0.0014745407,1.1102126
TCGA-F1-A72C,-0.0117430175,-0.008606493,0.025151355,-0.037321784,-0.009517921,-0.008089895,-0.006135626,-0.008591935,-0.00433752,-0.0010721991,0.31523383,-0.016112413,0.032674197,0.015541991,-0.03060346,-0.006555042,0.114309266,0.012059242,-0.017018482,-0.057472266,-0.015068704,0.018796934,0.48754537,-0.014877446,0.17526972,-0.008499309,-0.04224123,-0.013332026,-0.0034003204,-0.035289027,0.12880535,-0.043206032,0.030046914,-0.0077751502,-0.059771895,-0.028240528,-0.03123972,-0.0076897345,-0.018083446,-0.01390538,0.767429,-0.008422666,-0.032868914,0.71908534,-0.0140090175,-0.0013808698,0.44392484,-0.011491407,-0.014635729,0.015396751,0.21617332,-0.0405592,-0.009263564,0.11760883,-0.0061408533,-0.016350454,-0.016391277,0.3355435,-0.016158622,-0.011675144,-0.0026671332,-0.0030812463,-0.0034860708,1.1346321
TCGA-FP-7735,-0.0045854915,-0.0157103,-0.0009143365,-0.029559072,0.035356387,0.009069299,-0.0020042867,-0.004803301,-0.010964756,0.045100935,0.19214839,-0.016928688,-0.0018760553,0.00086803315,-0.028659374,0.0073020887,0.07016529,-0.0041637374,-0.017785877,-0.046553016,-0.0058849296,0.0047696065,0.33111858,-0.0064673494,0.14217725,-0.01578408,-0.032201383,-0.008460569,-0.009305567,-0.017518304,0.048882887,-0.038504623,-0.001226218,-0.009357785,-0.05681935,-0.017861111,-0.022922885,0.01428663,-0.008217566,-0.026004314,0.622607,0.03933668,-0.036820352,0.47622782,0.043904014,0.003724705,0.31735158,-0.0068271086,-0.00847194,-0.0026022908,0.1149776,-0.04043694,-0.013211505,0.052950274,-0.0059244037,-0.008529453,0.009889542,0.3011394,-0.019945707,-0.008937395,-0.0033326296,-0.012313406,-0.011525432,0.8258564
TCGA-FP-7829,-0.016181305,-0.024091788,-0.014674709,-0.09344915,-0.016912395,0.017996466,-0.01837793,-0.009369839,-0.020614026,-0.0011290833,0.32185417,-0.035403904,0.0006844462,0.000528309,-0.03259293,-0.0059475135,0.099264875,-0.0041634236,-0.052187294,-0.08288814,-0.015373467,0.033730194,0.38996,-0.004911583,0.18487403,-0.024910992,-0.06884283,-0.009714648,-0.010211317,-0.03717122,0.12828393,-0.069453366,0.024051307,-0.003547445,-0.10844076,-0.03952563,-0.04753716,-0.0038320615,-0.015207591,-0.026570782,0.77884144,-0.023652818,-0.04150919,0.6615764,-0.030920735,0.059701435,0.3870867,-0.025057714,-0.012171406,-0.010930081,0.1431548,-0.09246439,-0.016765483,0.109445855,-0.0083547095,0.009967605,-0.013995599,0.29637724,-0.022814468,-0.011084886,-0.020421676,-0.02548968,-0.022664305,1.0944487
TCGA-FP-7916,-0.010148504,-0.02540607,-0.008792229,-0.06621977,-0.011323207,0.019233279,-0.0014667592,-0.0152567085,-0.010597738,-0.009488221,0.3095398,-0.037236765,-0.012804988,-0.008496578,-0.028588166,0.0004894468,0.04084228,0.0117896125,-0.03723635,-0.07316388,-0.013248676,-0.0053082816,0.48173296,-0.014428221,0.12327732,-0.022765113,-0.056808453,0.0045774756,-0.013224978,-0.04378122,0.14278418,-0.05588779,0.018589687,-0.009230429,-0.09671282,-0.029421581,-0.04166711,-0.012034396,-0.0193328,-0.024900524,0.6792296,-0.023440326,-0.046332076,0.67109364,-0.020323446,-0.0015702784,0.4576323,-0.015896667,-0.010923101,-0.00873963,0.17737931,-0.07728544,-0.01550961,0.20422293,-0.008388508,-0.016281366,-0.012235427,0.4034852,-0.025606846,-0.012316886,-0.007951805,-0.024928192,-0.017308371,1.0776944
TCGA-FP-7998,0.0007917301,-0.025286919,-0.004895982,-0.05268425,-0.013289807,0.010013038,-0.0064219506,-0.016713098,-0.012129251,-0.0058932593,0.284523,-0.036913753,0.00072429515,-0.011141695,-0.02717571,-0.011547163,0.035930097,0.033690885,-0.031689465,-0.06949148,-0.015781507,0.008402607,0.46864206,-0.011865221,0.122028366,-0.024603367,-0.050386343,-0.007862864,-0.0114496,-0.044080622,0.1333164,-0.05547136,0.014578908,-0.009575305,-0.08796751,-0.021831553,-0.023991153,-0.005031157,-0.01449567,-0.021659948,0.64893997,-0.020942703,-0.051339846,0.64176106,-0.015679669,0.018278033,0.41144055,-0.010827885,-0.013393838,-0.002586426,0.1490762,-0.06996444,-0.013073482,0.20602381,-0.0034645507,-0.018160393,-0.01218295,0.33253855,-0.020332605,-0.017322917,-0.009290464,-0.022703234,-0.016576799,1.0370117
TCGA-FP-8099,0.004134083,-0.010112505,-0.018548554,-0.084612615,-0.016802423,-0.017844483,-0.017134693,-0.02373402,-0.009651841,-0.017609578,0.35355896,-0.032906324,0.015727405,-0.023249246,-0.0316316,-0.0012848577,0.08214265,-0.0055652224,-0.044743158,-0.06699009,0.025329154,0.04021739,0.45872188,-0.018184077,0.1402108,-0.023451671,-0.058766253,-0.010979881,-0.016319675,-0.027650386,0.09289972,-0.06126777,0.008033811,-0.01022342,-0.09620371,-0.041726995,-0.038985927,-0.01789674,-0.020119326,-0.03740704,0.86959374,0.0045484714,-0.040360656,0.77020025,-0.022979017,0.03648544,0.43558967,-0.018284429,-0.013952403,0.022813331,0.11591874,-0.0770796,-0.019140922,0.083534464,-0.017072333,-0.018359648,-0.00626444,0.27960294,-0.037005305,-0.01093768,-0.0033616924,-0.00872179,0.0007098941,1.0907464
TCGA-FP-8209,-0.003957603,-0.041672014,0.0015699035,-0.012574492,-0.009170687,0.0058317767,-0.0076987315,-0.0058181873,-0.0132339485,-0.009025032,0.22286046,-0.03794509,0.0022767675,0.006918811,-0.036757007,0.014060328,0.002925299,0.0036813812,-0.013716019,-0.06337005,-0.019568618,0.01746757,0.40092525,-0.0016724432,0.040332112,-0.012396922,-0.031886965,-0.0107333595,-0.011232153,-0.03775572,0.19371222,-0.05017795,-0.0070632566,-0.0023751338,-0.058495134,-0.012957707,-0.016891303,0.014766599,-0.009549099,-0.012472441,0.48544377,-0.008573303,-0.069440894,0.4032364,-0.014023208,-0.013369974,0.26150814,0.007735516,-0.007976556,-0.00563273,0.01973278,-0.07473307,-0.009930484,0.18324992,-0.0029573266,-0.030836644,-0.0129818935,0.20203404,-0.012567422,-0.017597957,-0.005802756,-0.010444903,-0.0173336,0.6816575
TCGA-FP-8210,-0.005968148,-0.026209712,-0.0044413726,-0.03482045,-0.010403174,0.0130584985,-0.008198386,-0.009188848,-0.008584059,-0.0067830207,0.32174027,-0.03917087,-0.0025051446,0.017839048,-0.038332388,0.012271017,0.007069737,0.058601096,-0.020359727,-0.0652606,-0.012370536,0.014934885,0.47365555,0.019382797,0.030839192,-0.024523715,-0.04117611,-0.010463176,-0.010048901,-0.03639977,0.16522181,-0.053341545,-0.0143222,-0.009415385,-0.078627765,-0.0155255515,-0.03117321,-0.009419637,-0.016669812,-0.013705365,0.5862808,-0.013168506,-0.06832009,0.54732716,-0.013633405,-0.0111814365,0.31747437,-0.014644847,-0.0059589753,-0.006577971,0.11089714,-0.071034044,-0.009670547,0.14674655,-0.0058967806,-0.024116674,-0.011547535,0.2856089,-0.01236667,-0.0071225804,0.004877568,-0.012696796,-0.01669754,0.8560562
TCGA-FP-8211,-0.011384422,-0.026327245,0.0026452437,-0.03736753,-0.014794083,-0.010052856,-0.01674719,-0.012888413,-0.0074601667,-0.010571318,0.36751622,0.04511489,0.014578251,0.03232822,-0.030492045,-0.015024758,0.11304474,-0.021626072,-0.014167139,-0.050011024,0.011857725,-0.0066496967,0.58230734,-0.016263442,0.2539431,-0.028999068,-0.04200938,0.0010653985,-0.022232115,-0.03427189,0.097632684,-0.051829703,0.06806825,0.017353902,-0.06498423,-0.03934968,-0.042634755,-0.009685751,-0.019928973,-0.026936978,0.7937595,0.010119907,-0.029846683,0.91536117,-0.016076671,0.059395544,0.54480624,-0.006887099,-0.013151094,-0.0070576505,0.1865191,-0.04371459,-0.0064729005,0.105847836,-0.010227473,-0.008028352,-0.016632782,0.48967248,-0.023725662,-0.01926238,-0.019708272,-0.013415592,-0.015958589,1.314462
TCGA-FP-A4BE,-0.0235615,-0.017139975,0.0065545803,-0.09383618,-0.02252181,-0.0010587682,-0.018181678,-0.017115561,-0.021936096,-0.018666402,0.4205317,-0.036614373,0.03481134,0.0026362515,-0.02961483,-0.009167448,0.18967108,-0.022763232,-0.04794532,-0.0797863,-0.018887632,0.0018328459,0.4846987,-0.018131534,0.2382039,-0.033245683,-0.07493678,-0.012745989,-0.017945316,-0.041428562,0.116705745,-0.06874275,0.13340014,-0.018921653,-0.1134957,-0.0462702,-0.06135797,-0.021686915,-0.028473424,-0.02299209,0.93112785,-0.005870787,-0.03344004,0.80645514,-0.027670305,0.052522425,0.54226595,-0.022369178,-0.015615634,-0.0134561565,0.18829383,-0.08623699,-0.014521055,0.09807155,-0.016514076,0.031696796,-0.01532856,0.40067285,-0.032500256,-0.014804532,-0.030397419,-0.028643478,-0.019478468,1.2884748
TCGA-FP-A4BF,-0.014075089,-0.01952461,-0.010565931,-0.060881168,-0.018966727,0.019745806,0.045232013,-0.02084853,-0.011439884,-0.0047992985,0.3743405,-0.03517866,-0.010834786,-0.010788776,-0.027051687,-0.009950947,0.09364706,-0.0067980345,-0.03220985,-0.040513873,-0.011105036,0.013482925,0.47055757,-0.015245952,0.06418281,-0.023339372,-0.055324115,-0.010783808,-0.008706832,-0.043731473,0.08004357,-0.054346465,0.013868898,-0.014851503,-0.0782705,-0.034261275,-0.03422337,0.0046814885,-0.018631104,-0.022651618,0.7842715,-0.018318208,-0.042259607,0.7005129,-0.017803578,0.007958712,0.4451815,-0.022159427,-0.011471894,-0.011912426,0.15171462,-0.07163333,-0.01980752,0.15672171,-0.010548218,-0.018624946,-0.018681718,0.31179726,-0.028546546,-0.014210215,-0.017839633,-0.020866908,-0.01401876,1.1091485
TCGA-FP-A9TM,-0.010386515,-0.01458783,-0.0071883625,-0.064497635,-0.0104894,0.002885399,-0.007685528,-0.017434891,-0.012544112,-0.007885158,0.33810312,-0.02867934,0.0070010666,-0.0036283983,-0.024237059,0.01118176,0.10739176,-0.011274426,-0.03633628,-0.060268894,-0.011675447,0.0018004074,0.47583544,-0.011178491,0.1423571,-0.017794594,-0.057761893,-0.0093677575,-0.013356276,-0.03063218,0.10199635,-0.043966457,0.060224444,-0.0050214157,-0.07910843,-0.033526324,-0.041726142,-0.012809695,-0.012305921,-0.020405145,0.7236702,-0.020925978,-0.029982373,0.7185226,-0.02040089,0.05258157,0.44819117,-0.015442335,-0.00814168,-0.0077139074,0.10603907,-0.06475369,-0.013054315,0.10286765,-0.008544756,-0.013279974,-0.012581602,0.33711135,-0.021019269,-0.012334175,-0.015574019,-0.01950929,-0.017890407,1.1058156
TCGA-HF-7132,-0.009279357,-0.023074586,-0.007934069,-0.0624293,-0.015115136,0.005288369,0.0022726848,-0.016592285,-0.011728287,-0.010213773,0.3407936,-0.026893944,0.0115521755,-0.0076988107,-0.024440251,-0.01004223,0.08752236,-0.011199697,-0.035066582,-0.07086754,-0.012485029,0.014898213,0.42765114,-0.010869876,0.19509003,-0.017358584,-0.058192704,0.012541404,-0.011813273,-0.033861637,0.13881256,-0.059213288,0.055490635,0.0045403065,-0.08956977,-0.028818253,-0.04486859,-0.005776629,-0.016510632,-0.022877296,0.7340492,-0.016130472,-0.03841738,0.71158564,-0.01906185,0.02912521,0.46802476,-0.0144575555,-0.008839791,-0.008057977,0.15429002,-0.068431064,-0.011024633,0.12669148,-0.0059951823,-0.015397305,-0.009895864,0.3801646,-0.021404753,-0.016556332,-0.01352297,-0.02119219,-0.02016509,1.1535571
TCGA-HF-7133,-0.017381784,-0.03210201,-0.015518252,-0.018343829,-0.016092833,0.003199676,-0.015174797,-0.013795747,-0.012816213,0.052345283,0.3143533,-0.022663457,-0.009486619,0.022866901,-0.03866393,-0.01275195,0.11724832,0.0033279378,-0.0213212,-0.058136903,-0.011600645,0.010551221,0.44058782,-0.00848859,0.16944249,-0.018405605,-0.032396406,-0.0148542095,-0.004966907,-0.031212099,0.05890641,-0.049552523,0.034064937,-0.014435746,-0.07160339,-0.012050353,0.0012895875,0.006298174,-0.01598649,-0.027099404,0.818704,-0.0032318858,-0.036577456,0.71658564,-0.015074531,0.040958535,0.4338625,-0.008389659,-0.012172787,-0.008743116,0.13546169,-0.04709454,-0.006400343,0.04698957,-0.017177653,-0.0154160075,-0.008787981,0.40324998,-0.021865554,-0.012850588,0.007929002,-0.017123522,-0.020551095,1.122183
TCGA-HF-7134,-0.018987034,-0.026340455,-0.008310208,-0.08242427,-0.0115570985,-0.0038738325,-0.0200409,-0.01349349,-0.02091033,0.020483041,0.30440181,-0.0340742,0.00031473232,-0.013388847,-0.022472821,-0.009285648,0.1310877,0.0024603875,-0.048508063,-0.07538351,-0.017983979,0.02255249,0.47245038,-0.012805934,0.24088328,-0.028418714,-0.07280687,-0.0021961203,-0.010898712,-0.037439734,0.06194574,-0.062527165,0.07560563,0.026207525,-0.11102836,-0.038679395,-0.04068894,-0.015343054,-0.02362887,-0.025488103,0.75146854,-0.02533819,-0.033187456,0.6416865,-0.028162716,0.032463007,0.43010387,-0.023300754,-0.01915761,-0.017403264,0.12647018,-0.090660125,-0.015388724,0.06448696,-0.017858827,0.003309532,-0.016816521,0.3839802,-0.033652633,-0.008167798,-0.012522193,-0.028224004,-0.010472224,1.0842638
TCGA-HF-A5NB,-0.026551604,-0.01876222,-0.014874044,-0.10006043,-0.036824983,-0.0060048033,-0.014934681,-0.020834763,-0.019917615,-0.0004549299,0.48626173,-0.031501193,0.021968702,-0.0104216505,-0.029513946,-0.005389345,0.25812668,-0.0348195,-0.050096296,-0.08566302,-0.02213606,0.040119894,0.4401095,-0.01137983,0.29653922,-0.025546474,-0.084018685,-0.010429245,-0.015704544,-0.03810015,0.06588871,-0.07345029,0.25997472,-0.01634959,-0.13063341,-0.025151458,-0.057382274,0.026130272,-0.026061784,-0.033210516,0.9874655,0.021973632,-0.032620005,0.93160325,-0.013438295,0.032295894,0.54852974,-0.03274339,-0.014086352,-0.020012455,0.11940861,-0.08672124,-0.013784269,0.053211994,-0.00090864394,0.020620773,-0.005701928,0.39071703,-0.040369134,0.012472147,-0.028617213,-0.041633997,-0.030540476,1.3911715
TCGA-HJ-7597,-0.008947467,-0.021486592,0.012286941,-0.0328143,-0.010564093,0.0020031282,0.027578603,-0.008040581,-0.009483552,0.00333946,0.22489083,-0.019813122,-0.0034401878,-0.0037151126,-0.02162521,0.003518427,0.028038774,-0.0075316885,-0.01684089,-0.048168913,-0.00943114,0.013351525,0.4112298,-0.011109432,0.15410908,-0.017374098,-0.03466268,-0.0025229116,0.0037910214,-0.027355704,0.15755765,-0.050697766,0.05900947,-0.011199365,-0.062013797,-0.018344266,-0.019258048,-0.010825946,-0.0051891617,-0.025892626,0.7349931,-0.0054603964,-0.02877407,0.67233413,-0.013483745,0.08857149,0.43019038,-0.011454882,0.0150989685,-0.009634204,0.22361696,-0.041371286,-0.00789519,0.07121798,0.004775123,-0.009695081,-0.015333333,0.3855555,-0.01564706,-0.00023021188,0.0074893087,-0.020379039,-0.016000452,1.02456
TCGA-HU-8238,-0.011569364,-0.01189265,-0.0010644783,-0.07235664,-0.009673451,-0.0066385674,-0.0138683375,-0.011368853,-0.022582836,0.011138093,0.3306669,-0.038585432,0.00166548,0.01770331,-0.026834514,0.014966775,0.14095339,0.0077397116,-0.048755232,-0.06824526,-0.007861882,0.012604734,0.5138456,-0.013359331,0.2189334,-0.014336783,-0.055729106,-0.015450268,-0.017438395,-0.039265558,0.08814375,-0.057674833,0.033456124,-0.016586933,-0.08774698,-0.032323748,-0.04671615,-0.014158578,-0.016939431,-0.027370177,0.8024054,-0.0023329528,-0.03080199,0.71956855,-0.017506689,0.017785609,0.44340238,-0.019668132,-0.014732941,-0.010238783,0.1515964,-0.075075164,-0.012929756,0.10969773,-0.013133028,0.0011444013,-0.013973171,0.30532748,-0.025520692,-0.011199776,-0.015916085,-0.02141926,-0.010023442,1.011773
TCGA-HU-8243,-0.007824909,-0.020988286,-0.009812521,-0.06155646,-0.018946053,-0.0050089965,-0.0065997536,-0.016503016,-0.011081013,0.030807527,0.33961397,-0.041010275,-0.024063705,0.014379576,-0.036170684,0.074993305,0.04472751,0.01275834,-0.013304598,-0.062898174,-0.010755741,0.023033848,0.5089892,-0.014875103,0.18476182,-0.027533902,-0.056041308,-0.011920196,-0.011305522,-0.033286378,0.087921396,-0.04445503,0.0314303,0.0028242636,-0.088715345,-0.024659818,-0.036715284,-0.012107885,-0.021113066,-0.02397995,0.8468371,-0.011032837,-0.03897916,0.6438405,-0.019408934,0.09275139,0.41529107,-0.016846228,-0.008242261,-0.0014346489,0.044246625,-0.073400855,-0.014235468,0.07291901,-0.019949997,0.0032244825,-0.009544387,0.3474508,-0.036237434,-0.012843743,-0.021828879,-0.013302792,-0.02224975,1.1952703
TCGA-HU-8244,0.0062639695,-0.02007373,0.013958418,-0.10095699,-0.016539436,-0.015120837,-0.023625828,-0.02158618,-0.031934932,0.014749643,0.32653382,-0.032077465,0.009443508,-0.0035919303,-0.020806305,0.0021735746,0.08748844,-0.014575982,-0.05621815,-0.084162824,-0.008032701,0.018385842,0.41249353,-0.02283344,0.21401365,-0.030106902,-0.07410969,-0.0056300424,-0.020520864,-0.03645866,0.11371529,-0.06533029,0.1835071,-0.012791916,-0.11563133,-0.044774234,-0.05310537,-0.014645876,-0.015102078,-0.035243098,0.8833386,-0.0032718533,-0.025573548,0.70336646,-0.027339838,0.05060923,0.48959655,-0.017621536,-0.020000895,-0.0023855516,0.17105782,-0.093037456,-0.016070805,0.0414872,-0.009286427,0.015394144,-0.01535697,0.28230083,-0.032095466,-0.005494112,-0.022627896,-0.030465588,-0.02269332,1.0961798
TCGA-HU-8249,-0.017922578,-0.03727061,0.0061372053,-0.06712,-0.012725641,-0.002202547,0.027896795,-0.026972963,-0.019962616,0.049920276,0.42935744,-0.014913056,0.0052651865,-0.00012865727,-0.029001303,0.041545946,0.06027842,-0.020261738,-0.0416844,-0.075968616,-0.015276576,0.0063045234,0.49707252,-0.021115234,0.24936911,-0.017489178,-0.057644803,-0.015924279,-0.011944834,-0.043374717,0.11810242,-0.06725201,0.051856585,0.018218998,-0.10524526,-0.049301293,-0.047631204,-0.010993071,-0.007260062,-0.023637123,0.93924,-0.015758611,-0.03288816,0.6573101,-0.018072478,-0.0037167892,0.44891262,-0.021751424,-0.024108568,-0.010389173,0.21997426,-0.068376295,-0.021302354,0.15030648,0.02261654,0.00050449464,-0.02461565,0.40266347,-0.021209763,-0.009504854,-0.011030047,-0.029391205,-0.008357561,1.2577193
TCGA-HU-8602,-0.02461392,-0.023896787,-0.0113352705,-0.083141275,-0.009186132,0.049174696,-0.01802357,-0.017718378,-0.017843068,0.029414358,0.4336788,-0.034366217,-0.01123474,-0.009451262,-0.025197618,0.0062901713,0.13780993,-0.018489191,-0.04250279,-0.08164746,-0.010884884,-0.0078036105,0.5724723,-0.019309044,0.28155994,-0.022496523,-0.07341203,-0.010902114,-0.012366593,-0.041199468,0.13601907,-0.06379033,0.052813645,0.017134413,-0.116793945,-0.040282525,-0.060276087,-0.018390574,-0.02838689,-0.025009012,1.0236399,0.065200254,-0.034498837,0.9084781,-0.025556903,0.09894949,0.6038997,-0.031324983,-0.008933188,0.0043282006,0.19976309,-0.08793007,-0.01579325,0.14901006,-0.01399504,0.0033978326,-0.015087903,0.44861656,-0.028672569,-0.0059155477,-0.020394348,-0.025918692,-0.02004263,1.4363451
TCGA-HU-8604,-0.015564465,-0.019333044,-0.0023523255,-0.06807589,-0.016432462,0.010491931,-0.0008967533,-0.015358042,-0.015376561,-0.008355742,0.34072044,-0.02640288,0.02015827,-0.0135972025,-0.025502898,-0.0040759733,0.17866573,0.020026315,-0.03900765,-0.07467744,-0.012536169,0.0039455965,0.45140296,-0.011427473,0.15320681,-0.024005968,-0.056218825,0.00016617807,0.03145904,-0.03219132,0.11847216,-0.06100996,0.020722998,-0.009788906,-0.09985827,-0.02829856,-0.04057417,-0.018233271,-0.010920435,-0.02394792,0.90025616,0.005789158,-0.036960073,0.77354276,-0.015666611,0.015073238,0.51635754,-0.016439006,-0.012801571,-0.008888677,0.17717963,-0.068532094,-0.018396473,0.17888418,-0.01073557,-0.012441812,-0.018690556,0.35317662,-0.026263865,-0.021068482,-0.00961314,-0.026101869,-0.01827418,1.1418641
TCGA-HU-8608,-0.012655723,-0.021830179,0.009646448,-0.075247,-0.021266177,0.022146927,-0.015242531,-0.019366262,-0.0184386,0.020688869,0.34033382,-0.03327101,0.006895423,0.007563258,-0.025885358,-0.018858742,0.09776768,0.008728782,-0.038330782,-0.08359432,-0.010420856,-0.009304441,0.50676984,-0.012206074,0.24878344,-0.026679404,-0.074155115,-0.011900506,0.00052980613,-0.03969428,0.16047296,-0.057270743,0.08948522,-0.0025154022,-0.108667776,-0.03285702,-0.050518066,-0.015922975,-0.017390462,-0.02008552,0.7850276,-0.019478811,-0.03533354,0.7846609,-0.020765968,0.057263143,0.51332784,-0.01965636,-0.01213707,-0.013025647,0.1867336,-0.08086021,-0.017282704,0.18488304,-0.007632812,-0.01198891,-0.01506521,0.4440329,-0.022967134,-0.018497221,-0.014795514,-0.025335437,-0.025323397,1.2432764
TCGA-HU-A4G2,-0.022576734,-0.0025255634,-0.0065841633,-0.089921966,-0.019863116,0.0092922,-0.022223704,-0.008602043,-0.027053706,0.042712208,0.41904765,-0.0389324,-0.017865596,0.026173357,-0.036666214,-0.016980283,0.19482505,-0.017559137,-0.05672229,-0.0897077,-0.016671509,0.03127873,0.5035693,-0.022135079,0.20360163,-0.029936783,-0.074930795,-0.01412333,-0.022580462,-0.040004846,0.06397638,-0.06996219,0.082003124,-0.008433243,-0.121622816,-0.04624503,-0.047921605,-0.024979832,-0.026870798,-0.04039793,0.9518659,-0.023004254,-0.031363733,0.74075025,-0.02307468,0.03727576,0.50228083,-0.019644793,-0.017656993,-0.013381753,0.14777975,-0.099476025,-0.01614923,0.10111469,-0.01659502,-0.026417995,-0.004692251,0.3785291,-0.037060235,-0.02561628,-0.020724658,-0.032988932,-0.020792173,1.378099
TCGA-HU-A4G3,-0.015875092,-0.01246588,-0.00080951676,-0.06506208,-0.008604226,-0.0115050785,-0.011767006,-0.018152282,-0.018496946,-0.0006921976,0.3140558,-0.028450832,0.0126940645,0.011483625,-0.021983944,-0.0076478,0.111533806,-0.0148250945,-0.041520003,-0.059303567,-0.0158984,-0.006521817,0.45264724,-0.012890257,0.12760179,-0.018054232,-0.054826066,-0.013607224,-0.011522975,-0.031072166,0.053233385,-0.052876353,0.057315774,-0.012083661,-0.087169334,-0.036324468,-0.043082617,-0.0066714934,-0.014383651,-0.034115683,0.71503866,-0.024839014,-0.035609018,0.6185825,-0.02049494,0.016942281,0.37635434,-0.0043429527,-0.019545881,-0.011359734,0.101253755,-0.07180975,-0.012843201,0.037032098,0.00060457434,-0.008268672,-0.012339104,0.30534115,-0.0058125705,-0.008092177,-0.015377326,-0.020139549,-0.003936288,0.97197825
TCGA-HU-A4G6,-0.02028872,-0.018276144,-0.014326275,-0.1057628,-0.023366628,0.028958946,-0.022305766,-0.020361071,-0.027107619,0.041054346,0.49157083,-0.04023424,-0.01306862,-0.0022163219,-0.028264908,-0.020393481,0.1157308,-0.032728523,-0.06755076,-0.09301956,-0.01758524,-0.010623818,0.4521641,-0.023300061,0.29687035,-0.03346659,-0.0826844,-0.018726356,-0.0144458795,-0.04277721,0.054909505,-0.06526793,0.14549439,0.00035274262,-0.12901859,-0.04601724,-0.07211336,-0.007346196,-0.023414232,-0.032649543,0.9216956,-0.008449085,-0.03089112,0.7712028,-0.033114616,0.050186805,0.5579369,-0.025521383,-0.016691772,-0.015716566,0.08459039,-0.103379756,0.027702078,0.09577155,-0.016847035,0.038136825,-0.012403287,0.37121594,-0.037277266,-0.026097504,-0.024959933,-0.03422123,-0.016883815,1.2799554
TCGA-HU-A4G8,-0.0162303,-0.031810448,-0.011412096,-0.08120571,-0.027569365,0.009177207,-0.013679115,-0.0241588,-0.01392947,-0.019488916,0.4769112,-0.027597629,0.035688166,-0.013962787,-0.027550861,-0.0077435127,0.12331499,-0.014410682,-0.053173307,-0.08066265,-0.008920881,0.0003888209,0.58135754,-0.012831859,0.13254479,-0.02290555,-0.076444045,0.0057989825,-0.020112043,-0.04033432,0.1850268,-0.06897384,0.029034002,-0.008176086,-0.11281478,-0.034574583,-0.055431664,-0.020164348,-0.020088,-0.033825565,1.015707,0.0080698915,-0.035266116,0.93670267,-0.0197188,0.05455866,0.55519754,-0.018407442,-0.013361812,-0.013089273,0.1669386,-0.09029058,-0.0057116514,0.10062823,-0.015294382,-0.007980311,-0.004864506,0.41629332,-0.029048266,-0.0156232705,-0.018307718,-0.030410616,-0.016436137,1.4518151
TCGA-HU-A4G9,-0.012310736,-0.011830429,-0.007075294,-0.105900966,-0.019541604,-0.0061129485,-0.016312787,-0.020241518,-0.02532391,-0.003461929,0.3243373,-0.04191793,0.020441784,-0.008971821,-0.020428987,0.018824225,0.094760396,-0.023958623,-0.06563013,-0.08557404,-0.011978522,-0.0052048303,0.43953222,-0.015607595,0.23787278,-0.02019428,-0.079885155,-0.0154044945,-0.0140988175,-0.03719782,0.10635641,-0.06905363,0.17177175,-0.014688907,-0.1188108,-0.041141342,-0.06333575,-0.0050214105,-0.011566405,-0.025025578,0.87506497,-0.016001865,-0.028771292,0.7457553,-0.028457379,0.031668767,0.47568876,-0.009180821,-0.01721305,-0.013126157,0.14548449,-0.094140545,-0.014584903,0.03697948,-0.0026170393,0.008263181,-0.013824843,0.35713893,-0.035981894,-0.008808015,-0.029621007,-0.03377364,-0.02536225,1.1921831
TCGA-HU-A4GC,-0.015227072,-0.020845871,-0.012355608,-0.075082794,-0.0092238635,-0.0142927235,-0.015123418,-0.020962667,-0.022551559,0.02515369,0.32063252,-0.03403729,-0.0060964767,0.01586874,-0.028817112,0.010974624,0.12557155,-0.01897254,-0.045157947,-0.07229286,-0.015299493,0.020643428,0.4903177,-0.018623825,0.11932534,-0.008387677,-0.06136744,-0.00094000436,-0.017153844,-0.036862426,0.110064626,-0.0586651,0.07240765,-0.008375345,-0.0961916,-0.037902977,-0.04515221,-0.012372004,-0.016623618,-0.037561174,0.9191108,-0.01780783,-0.03392138,0.75508595,-0.020822262,0.012630684,0.44061705,-0.016038526,-0.013890482,-0.013516819,0.14351308,-0.07801568,-0.018445017,0.085841075,-0.0048463163,-0.010158678,-0.008085905,0.3257057,-0.025902819,-0.009910576,-0.018798146,-0.02161642,-0.026694389,1.230026
TCGA-HU-A4GD,-0.01947187,-0.012485522,-0.01518207,-0.05992976,0.025405299,-0.011449361,-0.009066394,-0.021205887,-0.013426405,0.04245088,0.47085202,-0.029443692,0.011221092,0.038523987,-0.027294151,-0.0011742478,0.14687197,-0.021102218,-0.037657592,-0.07405129,-0.009597015,-0.0006313622,0.51901,-0.022064228,0.22784159,-0.00797578,-0.060699604,-0.010399102,-0.018913584,-0.022643643,0.12738581,-0.04803819,0.060250904,0.0057273842,-0.083529234,-0.035786595,-0.047782622,-0.021220244,-0.02447156,-0.029031366,0.8449394,-0.015685514,-0.040539894,0.8129962,-0.023175683,0.024267947,0.5674742,-0.010723713,-0.016511744,-0.013609234,0.24761528,-0.063352115,-0.017529404,0.052318327,0.007040603,-0.011560786,-0.025494067,0.38050783,-0.036021344,-0.024074472,-0.021237308,-0.017161196,-0.014287759,1.2797178
TCGA-HU-A4GF,-0.015218567,-0.023133304,-0.007410967,-0.04195306,-0.009529843,-0.00084215123,-0.013381887,-0.005840131,-0.01857026,0.037526168,0.32546863,-0.01910458,0.009242731,-0.008878073,-0.026048027,-0.0089912005,0.05197283,-0.012533654,-0.028125621,-0.05517863,-0.0118018,-0.00935284,0.52800864,-0.01845619,0.15413462,-0.0043772403,-0.046396453,-0.0031908043,-0.007960533,-0.027022518,0.10124518,-0.03624199,0.026187684,0.019687193,-0.069800764,-0.03040118,-0.035449676,-0.015080972,-0.015457722,-0.012521246,0.84466183,-0.015478366,-0.035966184,0.6966229,-0.012169551,0.071111664,0.4616112,-0.016136691,-0.019406471,-0.010358905,0.19249201,-0.04737906,-0.017361894,0.10960486,-0.009956623,-0.008369135,-0.018798644,0.35092825,-0.026347004,-0.016496222,-0.019309763,0.006272804,-0.015053832,1.2209167
TCGA-HU-A4GH,-0.008656165,-0.0138930045,-0.005109543,-0.030386887,-0.006845854,0.0033365083,-0.0053743073,-0.011819656,-0.010986242,-0.0027966718,0.26779568,-0.015207356,0.013240159,0.008751485,-0.01985887,0.039266262,0.03391214,-0.009737285,-0.018938195,-0.044104997,0.005733556,0.020799693,0.37585557,-0.013105722,0.17636304,-0.013649935,-0.037057307,-0.0026726865,-0.005090184,-0.022394821,0.075658895,-0.034246184,0.020816134,-0.007569354,-0.05222837,0.003196965,-0.025764443,0.007197815,-0.012928131,-0.013126062,0.6582475,0.014148992,-0.025764948,0.57761395,-0.008838259,0.016200311,0.28834695,-0.014187152,-0.012304999,-0.008307012,0.14091109,-0.033242993,-0.01740005,0.08491344,-0.0047106976,0.0044283774,-0.0071155312,0.22815174,-0.018463382,-0.009070333,-0.0067615584,-0.01188443,-0.00852274,0.98599267
TCGA-HU-A4GJ,-0.015527682,-0.015381031,-0.0037654797,-0.06310168,-0.0092924405,-0.013205811,-0.012410892,-0.022717498,-0.014122387,-0.008458935,0.41198778,-0.039234217,0.02257584,-0.007863792,-0.033418972,0.018125294,0.098699555,-0.008611599,-0.035007536,-0.07100632,-0.015397616,-0.0052795187,0.5403021,-0.017642416,0.090868756,-0.02193835,-0.055406164,0.008232165,-0.010932793,-0.040147226,0.24095887,-0.055318885,0.08896454,-0.0015120071,-0.086739555,-0.027492292,-0.044043314,-0.021858588,-0.020711245,-0.027761182,0.8467432,-0.024020841,-0.044047214,0.70764613,-0.015109593,0.03057969,0.5219438,-0.027699608,-0.007757032,-0.0102948155,0.18876806,-0.06560787,-0.015281011,0.10544333,0.010509455,-0.021677237,-0.010971468,0.4757831,-0.019765329,-0.01786831,-0.014927795,-0.02341642,-0.024030587,1.2105117
TCGA-HU-A4GN,-0.020445425,-0.013110584,-0.000381938,-0.07849702,-0.015143824,-0.0024717548,-0.013279847,-0.012057161,-0.012855776,0.0015161554,0.36511979,-0.032517765,0.0075586364,0.028187854,-0.023350729,-0.007177606,0.13469683,-0.020540982,-0.04378798,-0.080051035,-0.011811702,-0.009686807,0.4689418,-0.009638388,0.19234928,-0.022590991,-0.06910124,-0.0028779767,-0.01841614,-0.03841297,0.12412213,-0.060032193,0.13158008,-0.020474296,-0.09843803,-0.035538174,-0.05987174,0.0010054829,-0.021653134,-0.024098502,0.90434414,0.018140668,-0.032123066,0.7902264,-0.02482101,0.05684228,0.48704642,-0.02301648,-0.010348583,-0.009881632,0.17657888,-0.07475416,-0.010417163,0.13951892,-0.011183965,0.014248342,-0.011963843,0.38552052,-0.03177083,-0.013646494,-0.018798307,-0.026015542,-0.024407683,1.1807808
TCGA-HU-A4GP,-0.020096,-0.012124754,-0.008987047,-0.08334768,-0.016263168,0.004122556,-0.024783079,-0.021315577,-0.020196859,0.01914117,0.35113817,-0.02858107,0.0017273026,-0.00801947,-0.034023874,0.003639083,0.14171183,-0.01714786,-0.054117028,-0.07727587,-0.009639591,-0.012814827,0.42389503,-0.015672067,0.10960051,-0.0017859787,-0.07125776,-0.016173424,-0.014135487,-0.041639563,0.11379792,-0.063281916,0.07091135,-0.014147233,-0.09781027,-0.039852384,-0.04472003,-0.01864852,-0.02062242,-0.034861572,0.83980215,0.0061385185,-0.03369308,0.67927325,-0.009317137,0.005597458,0.3997202,-0.025300484,-0.016472204,0.0063617304,0.11459914,-0.08926488,-0.026357718,0.06966127,-0.015915912,0.011007473,-0.014444893,0.28652698,-0.033760417,-0.015308653,-0.01992247,-0.021342754,-0.029039279,1.0905505
TCGA-HU-A4GT,-0.023117086,-0.019754378,-0.0036611524,-0.100893214,-0.02013637,0.0034508011,-0.021321736,-0.0235227,-0.02745665,0.0085828155,0.48545605,-0.041208,0.0066181,-0.015608452,-0.03465061,0.031717565,0.14487384,-0.016168645,-0.06464636,-0.08715752,-0.019593554,0.009673905,0.4364196,-0.020281523,0.26507717,-0.027477894,-0.08724883,-0.0076560155,-0.022520969,-0.037333354,0.07629685,-0.07335442,0.11241581,-0.012152152,-0.13388255,-0.04769029,-0.07017118,-0.025676847,-0.02247427,-0.036251508,1.0664424,0.024757657,-0.031497005,0.8303378,-0.023050103,0.011164821,0.52602535,-0.025433214,-0.014149617,-0.00793171,0.16801882,-0.09820635,-0.021555938,0.052766368,0.008961364,0.041258287,-0.01448921,0.39611846,-0.0326837,-0.025810152,-0.02406344,-0.03634696,-0.023148198,1.2869585
TCGA-HU-A4GU,-0.015080713,-0.022275848,-0.008237742,-0.10219485,-0.017130448,0.0006746743,-0.019046005,-0.01727929,-0.0074154623,0.00045836833,0.41934407,-0.040043082,-0.002969941,-0.00250884,-0.024708826,-0.011394616,0.14665581,-0.0054361224,-0.062267017,-0.06947729,-0.011542039,0.0064005046,0.43825868,-0.024542557,0.23701462,-0.033363633,-0.0841033,-0.0041100425,-0.006338938,-0.041713685,0.021407498,-0.068603545,0.108045846,-0.016375892,-0.12418515,-0.053203702,-0.06943219,-0.018411085,-0.021528885,-0.030636163,0.901842,-0.003990609,-0.036526635,0.75683486,-0.028787429,0.025739674,0.50769067,-0.023006234,-0.0073833102,-0.009069459,0.13994417,-0.098413885,-0.01588346,0.075993694,-0.003748469,-0.0030106772,-0.010179872,0.31126314,-0.039287515,-0.010549046,-0.021869233,-0.02627286,-0.01702716,1.1552364
TCGA-HU-A4GX,-0.019446159,-0.020967092,-0.0047974843,-0.059924092,-0.021121413,-0.0027018543,-0.0142009845,-0.014901583,-0.021648426,-0.001961792,0.38613045,-0.028623888,0.010340873,-0.0054818005,-0.02236127,0.013527233,0.15193456,-0.010153109,-0.038663086,-0.07308374,-0.011827744,0.018809205,0.4816901,-0.010687815,0.16112112,-0.021926299,-0.05284868,-0.0060425317,-0.013419423,-0.031408273,0.08199509,-0.05440487,0.07153612,-0.024708163,-0.09681661,-0.034950335,-0.047888607,-0.008880244,-0.019490674,-0.028496765,0.8917958,0.004288747,-0.03137261,0.7921376,-0.00491166,0.013682747,0.48321724,-0.020728238,-0.008806248,-0.010498542,0.19240311,-0.05632256,-0.013629612,0.058323503,-0.01768138,0.010293081,-0.016539374,0.4102068,-0.026318884,-0.011593927,-0.025876949,-0.029127609,-0.016316583,1.1769742
TCGA-HU-A4H0,-0.027021155,-0.020456962,0.016530555,-0.09901068,-0.018014116,0.0039416226,-0.024685763,-0.019818593,-0.021091532,-0.013492477,0.46044594,-0.03614129,-0.013789145,-0.018208621,-0.026237283,-0.013698697,0.120333634,-0.028491009,-0.059237316,-0.089261904,-0.013049738,-0.013419706,0.48114163,-0.020241108,0.23503143,-0.031152233,-0.0792119,0.001333122,-0.020973377,-0.045123313,0.15207021,-0.063932315,0.1550225,-0.004493396,-0.120156884,-0.048634864,-0.063542925,-0.016213583,-0.027682688,-0.024548803,0.91671884,-0.025908537,-0.031216225,0.7318716,-0.029522479,0.04256154,0.60281765,-0.024641765,-0.01793223,0.014641032,0.19910778,-0.093159355,-0.009502238,0.15227194,0.0037518893,0.006126277,-0.011853041,0.4332052,-0.034902763,-0.020947663,-0.025203247,-0.0350332,-0.022435937,1.2798196
TCGA-HU-A4H2,-0.008813827,-0.020940712,-0.014230358,-0.06632213,-0.018029807,-0.01080366,-0.015148643,-0.013333193,-0.011937153,0.03700729,0.36489546,-0.030993002,-0.02234782,0.00598136,-0.02502362,0.05010639,0.13160372,-0.017859682,-0.03453431,-0.06373593,-0.0056997132,0.040094428,0.4372745,-0.02086688,0.13196495,-0.015582489,-0.050127167,-0.009091239,-0.006898421,-0.029116102,0.14553994,-0.05352878,0.15533808,0.00012345798,-0.08534341,-0.024797667,-0.039840713,-0.005358058,-0.013647094,-0.020680279,0.9847969,-0.014202142,-0.037900835,0.7294122,-0.016585419,0.045980006,0.49878144,-0.01789816,-0.011808807,-0.00861964,0.07081418,-0.068158016,-0.017425118,0.12835199,-0.012719648,0.019548582,-0.010385015,0.32598087,-0.0343955,-0.013837586,-0.024484858,-0.02793788,-0.022944067,1.2467439
TCGA-HU-A4H3,-0.020935364,-0.025908977,-0.011820165,-0.095100336,-0.02280061,0.01907701,-0.016114186,-0.024898034,-0.020468188,0.0023852428,0.3747504,-0.030246112,-0.0036556672,0.039168946,-0.030478165,-0.01151533,0.09125036,-0.021775872,-0.05922029,-0.086110376,-0.021264434,-0.015288208,0.53263706,-0.020274825,0.20537439,-0.01812096,-0.07234565,0.0044420417,-0.017174635,-0.03849874,0.0886328,-0.069601394,0.087228045,-0.0037110054,-0.11699145,-0.04156856,-0.058419343,-0.0026936093,-0.02391994,-0.038086798,1.0355713,-0.019946387,-0.028503042,0.8615248,-0.022612883,0.05679906,0.5587008,-0.023171313,-0.013927271,-0.016918711,0.17150557,-0.09016432,-0.013775606,0.07947639,-0.019784901,-0.015482272,-0.017897855,0.38042653,-0.035556555,-0.017901327,-0.018853009,-0.02730911,-0.019083293,1.3126771
TCGA-HU-A4H4,-0.01967181,-0.015202857,0.002051643,-0.07643201,-0.008560097,-0.0072228583,-0.013692452,-0.021454755,-0.022436077,0.0037590945,0.31430867,-0.029423827,0.016376575,-0.013027919,-0.03163614,-0.001806047,0.155631,-0.01650163,-0.044266004,-0.07339657,-0.0120208785,-0.009249128,0.57638675,-0.016975291,0.16520011,-0.02476031,-0.07000998,-0.016880436,-0.004318985,-0.037632436,0.16722,-0.06330538,0.07651465,0.011077705,-0.099372834,-0.030557968,-0.043018874,-0.0141404355,-0.022422764,-0.023549182,0.9122433,-0.018975183,-0.037048385,0.7118749,-0.021941092,0.034110326,0.508798,-0.026038125,-0.013113091,-0.008350049,0.21816304,-0.081383385,-0.013194731,0.1604312,-0.00828528,-0.011515885,-0.01917168,0.36665392,-0.030348072,-0.01864457,-0.01627615,-0.024945736,-0.01914426,1.3089764
TCGA-HU-A4H5,-0.016455324,-0.032158226,-0.013000286,-0.028219273,-0.01035203,0.021861464,-0.014816686,-0.0019611483,-0.008165877,0.025062568,0.3685906,-0.015309437,0.014868606,-0.017327737,-0.028568849,0.078220844,0.027775213,-0.012701706,-0.016083073,-0.048449032,-0.009246575,-0.009674562,0.47851944,-0.01944798,0.22454041,-0.017792733,-0.03887046,0.0007151924,-0.00953975,-0.029772617,0.13256699,-0.037050493,0.0432716,0.046578992,-0.074085504,-0.020300029,-0.041423306,-0.004583677,-0.012673411,-0.013572574,0.7302015,0.001000271,-0.03961659,0.60103345,-0.02686086,0.07306254,0.38881522,-0.0060928315,-0.016267426,-0.0062713535,0.25359067,-0.04812053,-0.0047029993,0.11002456,-0.00981245,-0.015639376,-0.02458239,0.2805497,-0.02172045,-0.019003384,-0.01639884,-0.0112387445,-0.011052614,0.9529449
TCGA-HU-A4H6,-0.021019509,-0.017263874,-0.009298191,-0.08003626,-0.013861315,-0.014247341,-0.015503439,-0.017314192,-0.020463122,0.0126527,0.32336563,-0.033347346,0.0131014865,0.015615908,-0.026454825,-0.004600593,0.11603588,-0.018633658,-0.047967426,-0.07171354,-0.01172839,-0.00841143,0.5342018,-0.017115306,0.15286782,-0.022346264,-0.058765493,-0.0062642125,-0.010525601,-0.03689267,0.21265003,-0.057833176,0.054153584,0.005352673,-0.09861895,-0.037897293,-0.054603174,-0.018893639,-0.018565841,-0.03319682,0.92137575,-0.02293359,-0.039057672,0.71880984,-0.024825683,0.044934835,0.50258994,-0.024442578,-0.010334388,-0.009657738,0.18801728,-0.07773681,-0.011269135,0.11255617,-0.007544401,-0.017020954,-0.011989108,0.42210126,-0.028505761,-0.025187803,-0.014426252,-0.02306378,-0.021640383,1.2213469
TCGA-HU-A4HB,-0.014097348,-0.0055387905,-0.0061811698,-0.042059407,-0.0077844094,-0.012526594,-0.008978254,-0.016891435,-0.013126634,0.0034133173,0.36720178,-0.022740545,0.009847216,0.0038702898,-0.028795237,-0.0033027527,0.121256046,-0.014690641,-0.026494306,-0.061791427,-0.015362956,-0.0029612097,0.45203143,-0.011702235,0.1194919,0.0016676858,-0.049553618,0.005768925,-0.009254843,-0.03743225,0.11596675,-0.045730807,0.07714692,-0.00848019,-0.07157785,-0.024201827,-0.038402285,-0.011326813,-0.014866486,-0.025502566,0.68861234,-0.012087614,-0.038713675,0.64216053,-0.010473998,0.019196717,0.4264472,-0.012846785,-0.0068880743,-0.0076798378,0.13606355,-0.056738887,-0.010777896,0.11845609,-0.0047758967,-0.011681421,-0.013913345,0.34631124,-0.017817374,-0.0124881705,-0.012372222,-0.016167024,-0.019327678,1.0185403
TCGA-HU-A4HD,-0.017195418,-0.012245824,0.012371035,-0.043087248,-0.00822674,-0.008078281,0.010421371,-0.013471264,0.0093597025,0.023454912,0.36480033,-0.009118956,0.002854321,0.0039252117,-0.02334755,-0.004264763,0.02625029,-0.009923889,-0.020286027,-0.037120283,-0.007222271,-0.006412898,0.49991328,-0.012527468,0.11278049,-0.020442693,-0.035006493,0.007670844,-0.008859068,-0.027240422,0.14244431,-0.03516374,0.031741578,0.016453944,-0.058951385,-0.023555594,-0.03183925,-0.012313195,-0.010834336,-0.02452278,0.74635416,-0.0074159447,-0.03087356,0.56158096,-0.007851501,0.068941504,0.4275114,0.033266626,-0.006585892,-0.009689808,0.23323467,-0.03583417,-0.0076549733,0.06757804,-0.009735914,-0.015018236,-0.008940565,0.3159052,-0.017385855,-0.014039237,-0.017500557,-0.017092854,-0.0044909148,1.0164192
TCGA-IN-7806,0.0054109492,-0.021337152,-0.014961487,-0.038830597,-0.0111514265,0.016982134,-0.016393254,-0.012102336,-0.016910123,-0.0039719385,0.31587416,-0.018701812,0.0016441466,0.0013474836,-0.018569184,0.012018165,0.14824708,-0.010580523,-0.032811094,-0.057792477,-0.0073520746,0.02022098,0.49613047,0.008620115,0.0960355,-0.014030011,-0.042363133,-0.010352297,-0.012112447,-0.022493366,0.13515012,-0.041269764,0.013185486,0.07179139,-0.06913027,-0.010762537,-0.033828005,0.010687418,-0.011130072,-0.013721539,0.63534814,0.0052753314,-0.03833145,0.6256174,-0.01062411,0.010542127,0.32557005,-0.0030921588,-0.021017957,0.01452652,0.09257577,-0.053854305,-0.020922441,0.08648861,-0.005387279,0.046092685,-0.014455121,0.26831183,-0.020898435,-0.0027791678,-0.002086035,-0.014190254,-0.006571811,0.95152694
TCGA-IN-7808,-0.015568402,-0.021749955,-0.013100265,-0.05339335,-0.022213774,0.009913532,-0.008615056,-0.01620013,-0.015303394,0.006353039,0.37586957,-0.02390141,-0.0032300698,0.00043169805,-0.017152177,0.0073873186,0.03461225,-0.00988706,-0.029287564,-0.062448144,-0.009135136,0.011302232,0.53278285,0.000501886,0.1104834,-0.019838413,-0.05106763,0.018699301,-0.015728548,-0.03443113,0.22050224,-0.05390993,0.0017773458,-0.0046609575,-0.07198667,-0.031038534,-0.035957664,-0.015269996,-0.019171022,-0.011715427,0.7560258,-0.0067196162,-0.03032225,0.67255104,-0.013199315,0.07229271,0.42299634,-0.02365799,-0.011530715,-0.014022869,0.106763855,-0.06087725,-0.0047854213,0.13765682,-0.008623168,-0.021275062,-0.0133071365,0.429417,-0.017654974,-0.026289798,-0.004149151,-0.020275962,-0.019239297,1.1454914
TCGA-IN-8462,-0.012099989,-0.018748231,-0.0073087476,-0.07822175,-0.011455913,0.0030940913,-0.012937177,-0.011034104,-0.014880316,-0.0028693667,0.28224966,-0.034718283,0.0076163625,-0.006950168,-0.031148307,0.008270834,-0.0025007469,-0.008764708,-0.04359866,-0.06826787,-0.010615481,0.0037348394,0.46870998,-0.011024233,0.11762989,-0.015887883,-0.052739836,-0.0116333505,-0.012833588,-0.033114623,0.059403874,-0.059414297,-0.00093407696,-0.00081486325,-0.08913064,-0.027839726,-0.014678406,-0.005220377,-0.0064750817,-0.02901498,0.7398878,-0.00663513,-0.03305944,0.6385084,-0.021688297,0.009280449,0.34732345,-0.01538787,-0.012078658,-0.007947018,0.057584554,-0.07010783,-0.009588108,0.08700798,0.0038905335,-0.01924798,-0.014307195,0.21970758,-0.016687887,-0.0186515,-0.016575055,-0.014652852,-0.020362435,0.93289685
TCGA-IN-8663,-0.016093204,-0.033038605,-0.02456407,-0.10926904,-0.019453607,-0.004262883,-0.00288154,-0.01877354,-0.0027566701,0.011217609,0.40248442,-0.038767528,0.0006928444,-0.014873725,-0.03600807,-0.011441109,0.11286093,0.02153721,-0.058730345,-0.07698187,-0.008850222,0.071514286,0.40675676,-0.010902533,0.11190678,-0.02885652,-0.07049714,-0.0128169,-0.01645392,-0.061951146,0.069949836,-0.0728717,-0.00010401655,-0.016579552,-0.10069784,-0.037372943,-0.057216853,-0.013121085,-0.030981408,-0.03859459,0.7427141,-0.034029134,-0.03162578,0.64509284,-0.023771314,0.0683774,0.41925663,-0.023426807,-0.00712057,-0.008625124,0.075102046,-0.10684949,-0.017523158,0.078543395,-0.018285234,-0.026488649,-0.013203895,0.24108037,-0.016677484,-0.015075605,0.009315424,-0.02908965,-0.015759727,1.0070865
TCGA-IN-A6RI,-0.014625207,-0.02082982,-0.0007332384,-0.020216163,0.004805654,0.0080352,-0.018108454,-0.008455138,-0.012612328,0.0068648197,0.36908722,-0.014387661,0.03120205,0.008203218,-0.024587829,0.04530534,0.07739302,-0.015602942,-0.013445295,-0.04375101,-0.010325149,-0.0029004167,0.40233332,-0.013228877,0.20784447,-0.017307628,-0.04193186,0.044216964,0.0047081104,-0.016805712,0.10707283,-0.030389825,0.05525866,0.035276346,-0.054673046,-0.0059110317,-0.033735394,-0.0071801525,-0.018079862,-0.015419417,0.6519629,0.107581005,-0.022410193,0.60866916,-0.008205388,0.061829075,0.26660466,-0.00967011,-0.011189578,0.016721841,0.12160934,-0.03548841,-0.013578219,0.052808568,-0.004080923,0.014660817,-0.00967823,0.29153898,-0.013686467,-0.013477458,-0.018118553,-0.0048345486,-0.009017721,0.997452
TCGA-IN-A6RJ,-0.00821262,-0.009180702,-0.0070731975,-0.04418373,-0.014627036,0.019375589,0.022262542,-0.012863784,-0.0063578207,-0.011893554,0.25898919,-0.015523747,0.021470243,-0.0058722785,-0.02297794,0.036688156,0.12191118,-0.013394916,-0.03070898,-0.04012045,-0.010456673,0.014271196,0.3755994,-0.012173008,0.032656517,-0.0048781577,-0.036834296,-0.002989197,-0.009549087,-0.022331811,0.14289857,-0.037576146,0.00015080566,-0.002760646,-0.05543311,-0.022535956,-0.03178424,-0.01243295,-0.010257893,-0.017986486,0.5715454,-0.015080527,-0.020646175,0.55702305,-0.012352681,0.064258024,0.32265776,0.011867637,-0.010816432,-0.008802604,0.08087384,-0.044988472,0.027976647,0.12087942,-0.0045224847,-0.004592817,-0.015726466,0.26063582,-0.016126182,-0.02553009,-0.006905799,-0.010294908,-0.015517662,0.8648302
TCGA-IN-A6RL,-0.008083789,-0.023546308,-0.010886926,-0.047823988,-0.017322905,0.008087661,-0.0073678656,-0.018706301,-0.009893976,0.010287386,0.29959536,-0.013618937,0.0052061146,-0.0010516164,-0.033216465,-0.0046161963,0.113860086,-0.009501226,-0.03220429,-0.047359303,-0.008930529,0.0027478752,0.44599408,-0.020133268,0.12348899,0.032754377,-0.0328809,-0.010938093,-0.0077190646,-0.025429957,0.12900706,-0.040793695,0.009948386,0.013525437,-0.06514113,-0.021199515,-0.019613858,-0.005273287,-0.016066218,-0.020911433,0.70431334,-0.0055529675,-0.03381505,0.62078875,-0.01485119,0.02178417,0.41734833,-0.012222627,-0.009399169,-0.015326004,0.06899458,-0.05490177,-0.014645886,0.08598889,-0.011985945,-0.008066539,-0.016452588,0.2897832,-0.026362594,-0.014607557,-0.013506817,-0.015369526,-0.013988187,1.0556343
TCGA-IN-A6RN,0.009028658,-0.016005885,-0.014926381,-0.019203799,-0.0100157,-0.008108033,-0.012401811,-0.008779291,-0.009946769,0.03395476,0.3136323,-0.020901997,-0.0143390745,0.046934355,-0.02265428,0.037761122,0.058897376,-0.008796632,-0.015340848,-0.039074596,-0.0033980983,0.035039797,0.37910843,-0.008327076,0.1393041,-0.016752489,-0.027870841,0.0058935443,-0.014451813,-0.015721615,0.10676196,-0.034525346,0.041073613,-0.00024499476,-0.052064367,-0.00838465,-0.018810108,-0.0045868,-0.012552681,-0.02598109,0.6743592,0.0155413225,-0.03063576,0.53751105,-0.011334706,0.056145765,0.37385398,-0.006029542,-0.015960442,-0.010807934,0.13613233,-0.038855784,-0.011033038,0.045898013,0.007777122,0.0046564247,-0.0033452916,0.31500876,-0.01155557,-0.009510523,-0.011578627,-0.004192792,-0.016031737,0.9500117
TCGA-IN-A6RR,-0.010237699,-0.026739476,-0.019017074,-0.07032729,-0.013763482,-0.012666971,-0.007856033,-0.03190551,-0.01689953,0.016612247,0.45151877,-0.022770584,0.006929732,-0.004975052,-0.030929906,-0.007820768,0.058681093,-0.013945223,-0.04290759,-0.062201448,-0.0105122775,0.004572745,0.47908133,-0.021229992,0.15093717,-0.023921734,-0.057776883,-0.00839404,-0.022553487,-0.037685864,0.12654288,-0.054766774,0.02116352,-0.026186548,-0.10097854,-0.04135241,-0.044070307,-0.018981753,-0.014518561,-0.03215909,0.837795,-0.027600078,-0.033235494,0.80336344,-0.013896732,0.027373828,0.438267,-0.023970798,-0.010464646,-0.0059058536,0.09486593,-0.07638215,-0.011788372,0.14346996,-0.008906462,-0.018376349,-0.016921107,0.29037315,-0.033531874,-0.025007473,-0.023438513,-0.018530805,-0.012681572,1.1451768
TCGA-IN-A6RS,-0.019340511,-0.013802585,-0.0027903065,-0.05870094,-0.009368646,-0.0035403313,-0.01698945,-0.019190112,-0.016034734,0.01651374,0.32267493,-0.026484178,0.00074616756,-0.008941371,-0.024889987,-0.005970049,0.08050187,-0.0098415315,-0.03402556,-0.05988483,-0.009750484,0.013030927,0.4689168,-0.011298318,0.1330588,-0.012661367,-0.056167938,-0.019140543,0.010586819,-0.026328072,0.13459754,-0.039152108,0.038112372,0.042495992,-0.08993866,-0.025932323,-0.021804383,-0.009399634,-0.016096141,-0.020084979,0.7972009,-0.0025749002,-0.030831564,0.6722794,-0.017434131,0.02028928,0.47360408,-0.011731638,-0.012927795,-0.011119916,0.10945252,-0.07913326,-0.016582677,0.13804841,-0.0095119225,0.017960439,-0.010435561,0.3188858,-0.02715998,-0.0042299177,-0.015949627,-0.020547356,-0.0031640439,1.1074232
TCGA-IN-A7NR,-0.0074282456,-0.013286423,-0.0039459052,-0.03571167,-0.012821553,-0.010037956,0.008696705,-0.015908651,-0.00682214,0.013359107,0.24792647,-0.01766435,0.02217144,-0.0042334716,-0.025675021,0.00854302,0.07820801,-0.0064827963,-0.026240937,-0.039416343,-0.013433716,0.0057036327,0.43561614,-0.0070979716,0.079703405,-0.011218984,-0.029774116,-0.0048328824,-0.006411558,-0.01831995,0.10939339,-0.037073344,0.022214543,-0.0074594016,-0.057337876,-0.012423558,-0.027277466,-0.008066785,-0.011372987,-0.020941757,0.63068736,-0.008798245,-0.028112601,0.5477349,-0.0065256446,0.023649808,0.3774257,-0.008897437,-0.006533898,-0.010532209,0.09132476,-0.039753713,-0.013116901,0.08341248,0.0008685929,-0.008679817,-0.0118306,0.28508854,-0.019104928,-0.013877904,-0.0066763507,-0.019114971,-0.019196115,0.9657222
TCGA-IN-A7NT,-0.017788813,-0.02905092,-0.013180492,-0.05528965,-0.020806728,0.05399785,-0.008627576,-0.0132156825,-0.008502984,-0.024052374,0.35156798,-0.018464118,-0.014625379,-0.0033108834,-0.028434223,-0.007113143,0.21057574,-0.00895256,-0.029941168,-0.064599395,-0.014980106,0.051639296,0.49597386,-0.024001848,0.087551944,-0.027511343,-0.0384117,0.007838493,0.047718745,-0.032198723,0.2028217,-0.046426512,-0.009313482,-0.016447358,-0.08299031,-0.023613948,-0.040737763,-0.010005936,-0.01865004,-0.022379827,0.8594986,-0.020179179,-0.028184496,0.78242487,-0.02024252,0.07130757,0.46029246,-0.015331179,-0.004702919,-0.009755723,0.1269531,-0.057308443,-0.0124149695,0.12796953,-0.012899599,-0.018942822,-0.014527593,0.26960224,-0.00075483974,-0.009088382,-0.015143424,-0.020426204,0.016292252,1.1689268
TCGA-IN-A7NU,-0.01730086,-0.013387734,-0.009075223,-0.057172853,-0.009166629,-0.003078929,-0.010510425,-0.01586269,-0.002438985,-0.0020163278,0.20601447,-0.015421191,0.011642907,-0.002253104,-0.023423845,-0.0068658493,0.06545124,-0.007282719,-0.033423632,-0.04904589,-0.0051818034,-5.7861675e-05,0.4960366,-0.011955777,0.08868942,-0.024719164,-0.044144217,-0.009413242,0.008189071,-0.029313304,0.12698969,-0.047857314,0.02567604,-0.014101771,-0.08084179,-0.02575119,-0.035608523,-0.013445655,-0.013539582,-0.024010684,0.66562223,-0.019910285,-0.029647328,0.64452016,-0.0064828144,0.0077799177,0.3401299,-0.014166002,-0.017254468,0.01368833,0.13894227,-0.056561016,-0.018509855,0.1318055,-0.0071807657,-0.011498233,-0.0075966297,0.27441972,-0.02699787,-0.014228951,-0.008005034,-0.016921226,-0.018351387,0.9636179
TCGA-IN-AB1V,-0.007398516,-0.011855883,-0.0040266407,-0.0274684,-0.012716861,0.0045730444,0.01169323,-0.017283477,-0.0053315605,0.013459654,0.23635203,-0.016555157,0.017077241,0.013819462,-0.01893631,0.031829055,0.055033177,-0.008002938,-0.008658754,-0.041167278,0.014172643,0.008839488,0.4466124,-0.008160199,0.040254965,0.02301373,-0.02438565,-0.0035553519,-0.009393634,-0.022617066,0.13740009,-0.031038826,0.0064772596,-0.005461587,-0.043379247,-0.016125435,-0.020962179,0.00357677,-0.009518096,-0.014076391,0.64470613,0.0032984768,-0.024340117,0.6145461,-0.014176131,0.051629685,0.23768397,-0.004423164,0.010550526,-0.008097349,0.09513545,-0.03241264,-0.008309681,0.08487963,-0.00779414,-0.011489433,-0.018900245,0.2797988,-0.021394618,-0.012022745,-0.0070838616,0.017097015,-0.010612732,0.8331531
TCGA-IN-AB1X,-0.011066657,-0.022990813,-0.0076157046,-0.059472598,-0.015869752,0.005034757,0.0016378658,-0.016689632,-0.005485728,-0.009238388,0.30700725,-0.025642827,0.01853008,0.0017693343,-0.023355734,0.010993464,0.06950913,-0.010145407,-0.033023726,-0.0582231,-0.007302366,-0.0049773864,0.5109006,-0.015378983,0.14528382,-0.023690436,-0.05216321,0.0041422495,-0.010260144,-0.040336885,0.1360222,-0.05786506,0.059886456,-0.0001689475,-0.08526784,-0.009992885,-0.049134664,0.008765112,-0.016237468,-0.023011394,0.81884843,-0.013077653,-0.036457747,0.7337127,-0.014023652,0.040210713,0.4570405,-0.013727011,-0.009276653,-0.009532323,0.15013911,-0.062830426,-0.0075806454,0.16087103,-0.010071328,-0.014514124,-0.015183006,0.38817328,-0.016091248,-0.013799625,-0.009198596,-0.018592134,-0.020572586,1.1333311
TCGA-IP-7968,-0.009637602,-0.030363034,-0.012052554,-0.061183486,-0.019277751,0.008047015,-0.007146568,-0.020105531,-0.0074515846,0.0013617703,0.24100669,-0.03193823,-0.018042443,0.0054377513,-0.02318849,-0.015441677,0.12727135,-0.011601159,-0.03502844,-0.062334847,-0.009256853,-0.002022543,0.47631007,-0.01722078,0.13889284,-0.020290222,-0.05333274,-0.011518957,-0.0037448322,-0.040731877,0.08932916,-0.06675805,-0.008893678,-0.015993118,-0.099858284,-0.02192227,-0.017588288,-0.004227267,-0.026381984,-0.040756084,0.7613275,-0.013230147,-0.051632866,0.7334857,-0.024098035,0.019452164,0.40532175,-0.012481764,-0.00794585,-0.01355514,0.11083776,-0.07379167,-0.015163958,0.18262127,-0.013489687,-0.0143998265,-0.0155150425,0.3698699,-0.023730755,-0.010398155,-0.009413265,-0.020259783,0.0119096,1.0612097
TCGA-KB-A6F7,-0.023035625,-0.026352625,-0.010660197,-0.021985613,-0.020780073,-0.012955442,-0.00215333,-0.0063879127,-0.008660473,-0.0066902726,0.30647516,-0.017077228,0.021297555,0.0050536958,-0.036246046,-0.0004245725,0.023889778,0.0009458016,-0.01438772,-0.04943313,-0.015386696,0.0024010786,0.34127188,-0.014276413,0.13692546,-0.02539273,-0.042000044,-5.8146892e-05,0.06048294,-0.017940512,0.21525475,-0.038388688,0.023052117,-0.0019361142,-0.055966333,-0.01448842,-0.03578297,-0.02542236,-0.019835044,-0.016249685,0.69704723,-0.004778336,-0.03108766,0.48404518,-0.007825498,0.008691316,0.38432878,-0.014616101,-0.007189439,-0.0104914,0.11615826,-0.03506702,-0.010531144,0.08494022,-0.01724162,-0.007935622,-0.014651371,0.31500506,-0.010970145,-0.013547368,-0.017755102,-0.0151230395,-0.021655673,1.0417926
TCGA-KB-A93J,0.006901972,-0.01891907,-0.01088414,-0.043685824,-0.019679831,-0.0075922064,-0.008205459,0.014804688,-0.015092147,-0.004320996,0.39486784,-0.020972006,0.010935699,0.00464241,-0.031910315,-0.019775685,0.123331524,-0.017133739,-0.021430202,-0.054084174,-0.00896937,0.050328653,0.4195965,-0.0023919637,0.21565625,0.023043785,-0.046445403,0.023841253,-0.0081240665,-0.034904756,0.052001804,-0.04765892,0.057796188,0.010337215,-0.06959913,-0.023540236,-0.035488598,0.012338415,-0.01855304,-0.017210893,0.74481833,-0.014136344,-0.031048056,0.7875066,-0.009333971,0.08200034,0.41151908,0.012062714,-0.0058426745,-0.0064043324,0.195144,-0.049798068,-0.023648879,0.08110832,-0.002630651,-0.0073291,-0.01804175,0.48290044,-0.024516545,-0.01808696,-0.017179808,-0.013590901,-0.01706206,1.0900053
TCGA-MX-A5UG,-0.00441813,-0.016693942,0.003879618,-0.04100201,-0.005907286,0.0036060843,-0.008182261,-0.011732229,-0.014674647,-0.009592133,0.34571683,-0.04255495,0.005713025,0.016847363,-0.03703796,-0.0025396459,0.10014231,0.0071616704,-0.023154134,-0.07068301,-0.012523441,0.013171956,0.44191182,0.012407623,0.0087855365,-0.02433815,-0.04172323,-0.015823934,-0.009837275,-0.043053612,0.16761106,-0.06002246,-0.011418365,-0.006807632,-0.080490775,-0.019097555,-0.035591383,-0.012516973,-0.018518208,-0.0152571,0.6206638,-0.020498281,-0.070037805,0.5332812,-0.01296928,-0.0061817956,0.3866473,-0.01675092,-0.012797715,-0.007361048,0.13626844,-0.07273334,-0.014282266,0.20933722,-0.0062990207,-0.025168885,-0.009088861,0.32729298,-0.01935735,-0.0077702836,0.009448811,-0.016216345,-0.013549309,0.96470916
TCGA-MX-A5UJ,-0.010195189,-0.023062434,-0.0021833302,-0.06807831,-0.013659209,0.0024255025,-0.011323097,-0.015168494,-0.012198003,-0.007700707,0.32558936,-0.030296851,0.010717949,-0.005740721,-0.02379106,-0.0053362157,0.1092193,-0.010724137,-0.042577714,-0.07194954,-0.015874034,-0.009440236,0.48672217,3.3396296e-05,0.081319906,-0.026798172,-0.05256737,-0.016882516,-0.013392543,-0.03233786,0.08650665,-0.06626165,0.006752572,-0.009272567,-0.09359421,-0.027791342,-0.048589475,-0.01742253,-0.016670324,-0.022662964,0.7780268,0.0033447072,-0.037931506,0.68284297,-0.015082989,0.001776984,0.4420693,-0.019172218,-0.010690603,-0.008938974,0.12272238,-0.08011831,-0.0132481195,0.17485815,-0.0038766651,-0.015081303,-0.018785302,0.29557955,-0.02823799,-0.012932225,-0.015915532,-0.02669406,-0.01783279,1.0868669
TCGA-MX-A663,-0.007948673,-0.03642748,0.020373646,-0.016880227,-0.0056311106,-0.007716774,-0.004015104,-0.010116396,-0.004836496,0.006708369,0.2190736,-0.035357513,-0.0005671936,0.022788523,-0.029670274,-0.009140138,0.047330834,-0.012094014,-0.0109578185,-0.035337463,-0.020068178,-0.0056739408,0.41650316,0.043758277,0.013988989,-0.026740374,-0.02941316,0.0010849824,0.03860952,-0.032152217,0.119007744,-0.051206358,-0.018120795,-0.0027520824,-0.055514816,-0.0119654955,-0.033508275,-0.00015942869,-0.01903161,-0.016105082,0.56931275,-0.006914024,-0.055477224,0.41896647,-0.011178054,0.008009147,0.284009,-0.021574453,-0.007319876,-0.009569125,0.1316617,-0.052047834,-0.012469133,0.14133836,-0.005243601,-0.017547758,-0.013565196,0.2996313,-0.016087655,-0.009144018,-0.0020582413,-0.016552439,-0.014207985,0.86345416
TCGA-MX-A666,-0.013919605,-0.018002212,0.019911453,-0.026207462,-0.012325037,-0.006201031,-0.011520577,-0.009786328,-0.004184376,0.004301451,0.28961968,-0.017810162,0.015821198,-0.0054886807,-0.027718415,-0.009054014,0.05012368,-0.017258102,-0.010082493,-0.037378777,-0.016036939,-0.002271694,0.4439938,0.026114557,0.053051267,-0.01374102,-0.041613154,-0.00625351,0.03324452,-0.025826683,0.18523815,-0.037832677,0.011537562,0.040783845,-0.05587975,-0.017710712,-0.035473786,-0.01719187,-0.018406648,-0.012005281,0.6280372,-0.015221678,-0.03471977,0.55027616,-0.013045691,0.014755303,0.3808222,-0.017313898,0.0004916163,-0.007573402,0.1920805,-0.04373178,-0.009173917,0.16221786,-0.006667186,-0.0072768982,-0.012985326,0.3079851,-0.011596115,-0.014667245,-0.01791224,-0.011575074,-0.0083565125,0.99762297
TCGA-R5-A7O7,-0.012528882,-0.010443947,-0.015779475,-0.049069125,-0.0007896777,0.053872183,0.012762137,-0.009610551,-0.0072120917,0.049127206,0.33707127,-0.0061473995,-0.010276385,-0.0076899724,-0.01989629,-0.00600646,0.053166904,-0.008527568,-0.021640934,-0.052438837,-0.006428627,0.006713545,0.49067536,-0.011862459,0.1496676,-0.02122573,-0.0360348,-0.012321559,-0.0045602866,-0.025403742,0.12003696,-0.042930067,0.016708948,-0.007889578,-0.07328239,-0.026451744,-0.019537156,0.012351106,-0.019574188,-0.02721139,0.7774643,-0.015350664,-0.029106833,0.6255608,-0.009780175,0.0009048369,0.40782887,-0.008064651,-0.010563773,0.0012520761,0.1407394,-0.0548869,-0.017026905,0.12332699,-0.014496019,-0.006587579,-0.0152454125,0.30277002,-0.028607477,-0.015519361,-0.008967491,-0.019522617,-0.0075238245,1.085899
TCGA-R5-A7ZE,-0.013139999,-0.015566401,-0.014161537,-0.03666132,-0.017079815,0.019156964,-0.00879206,-0.020354236,-0.014508454,0.006984003,0.29166618,-0.014746694,0.020489654,0.006546914,-0.018671727,-0.008206555,0.069325656,0.022956092,-0.029840343,-0.041703053,-0.010230064,-0.006505918,0.40116617,-0.014532015,0.15301609,-0.012293895,-0.02776207,-0.008659883,-0.009387717,-0.016816733,0.08369516,-0.04152829,0.003544704,0.011303428,-0.064643115,-0.015448131,-0.020926684,-0.0020876257,-0.01264739,-0.020382576,0.7620916,0.002649189,-0.02955188,0.60869217,-0.014080076,0.0686784,0.40811902,-0.022230292,-0.013606191,-0.0070635774,0.21256708,-0.038908705,-0.0063055092,0.07698721,-0.0014797668,0.0026199012,-0.011104717,0.30871493,-0.0040273797,0.009348983,-0.008129724,-0.015064897,-0.008309288,1.1092751
TCGA-R5-A7ZF,-0.017696163,-0.0151882805,0.019672152,-0.042982593,-0.0065354505,-0.015530369,-0.010787674,-0.010242511,-0.0027939111,-0.009921122,0.35587323,-0.007734904,0.010482744,0.008497707,-0.023557976,0.002837455,0.064508356,-0.0007155384,-0.028395843,-0.04752823,-0.015489176,-0.004631159,0.5615735,-0.0026375789,0.18864858,-0.018478017,-0.040754903,-0.0023250845,-0.0069641685,-0.019731205,0.18187684,-0.042432427,0.024816234,0.023262525,-0.07472229,-0.023158548,-0.03926137,-0.017659236,-0.018788997,-0.015863122,0.8457433,0.022173308,-0.030571185,0.7995846,-0.0039281254,0.03098382,0.5169846,-0.016213946,-0.00851191,0.0057454007,0.1754455,-0.0445965,-0.0063703153,0.0812211,-0.010767778,-0.009490835,-0.013844859,0.43445724,-0.019938484,-0.01259231,-0.0029327348,-0.021495031,-0.008620827,1.1769772
TCGA-R5-A7ZI,-0.023847,-0.015504912,-0.008122884,-0.03719912,-0.020613166,-0.0006488969,-0.0109869335,-0.014337866,-0.011330499,0.035388954,0.36017218,-0.02014333,0.018557888,-0.013495615,-0.023156798,-0.013205252,0.13285738,-0.013507765,-0.024862355,-0.048975363,-0.0064598965,0.062081274,0.55841315,-0.016015109,0.21189493,-0.016314551,-0.043754425,-0.0057747196,-0.016146604,-0.02348456,0.14457075,-0.03308131,0.0443108,-0.0046070153,-0.063459575,-0.017930496,0.0068058427,-0.011672045,-0.01021733,-0.02108334,0.9523591,-0.002508007,-0.018261638,0.7995386,-0.0054113846,0.064166635,0.5119228,-0.008479361,-0.0065970095,0.009696696,0.1399203,-0.04082066,-0.007713232,0.12893131,-0.009331882,-0.008651158,-0.018209875,0.3995422,-0.023690946,-0.019817159,-0.018373288,-0.027218863,-0.01891953,1.3335031
TCGA-R5-A7ZR,-0.018701714,-0.026750244,-0.021724192,-0.03913582,-0.023855077,0.017020889,-0.012678499,-0.015965847,-0.01630283,0.021936702,0.37704343,-0.019427754,0.009365276,0.010073092,-0.018721728,-0.0044223857,0.10541265,-0.019079406,-0.037460186,-0.04868474,0.047756985,0.057191055,0.4806978,-0.018735657,0.07578259,-0.002181409,-0.04843571,0.027014807,-0.018358365,-0.013851246,0.12676634,-0.040666234,0.007772298,0.01980501,-0.064239234,-0.029950839,-0.030476527,-0.017608099,-0.014704494,-0.022579893,0.90847874,0.006249725,-0.035853483,0.70024204,-0.0167659,0.08095303,0.4021887,-0.004996849,0.009392956,-0.006542532,0.069001146,-0.046239763,-0.009615854,0.06849815,-0.020067573,0.0048958715,0.0077375174,0.27706987,-0.026430607,-0.012735769,-0.017919935,-0.019899188,-0.016517736,1.2056265
TCGA-R5-A805,-0.015055643,-0.015466446,-0.009298645,-0.045278367,-0.007308366,-0.015556756,-0.0048334575,-0.021364372,-0.007237498,0.0071809157,0.23947611,-0.025490992,0.017164042,-0.0118492525,-0.024187244,-0.017657518,0.10905202,-0.015416491,-0.014559235,-0.031203132,-0.010942367,-0.010206426,0.4834491,-0.010473167,0.075379,-0.022957392,-0.032636162,-0.009830799,-0.003532016,-0.020467985,0.0824172,-0.040351726,0.09070158,-0.0018338615,-0.07670987,-0.029368106,-0.031676907,-0.016380925,-0.010768456,-0.036359888,0.6134962,-0.019957468,-0.0368035,0.6673081,-0.012522277,0.02398431,0.45097703,-0.011958417,-0.010413894,-0.010082123,0.14037591,-0.058561813,-0.01011357,0.23060945,-0.019346008,0.0042015496,-0.013422545,0.31953028,-0.026786728,-0.01151536,-0.013401162,-0.008897312,-0.0141068455,1.0039853
TCGA-RD-A7BS,0.010088646,-0.01844038,-0.015345443,-0.039301537,-0.009679566,0.015772328,-0.00068763515,-0.007217092,-0.009188052,-0.012480726,0.26882964,-0.021388788,0.00861602,-0.0068400293,-0.028649397,0.0050720167,0.029716123,-0.0066886065,-0.024121,-0.045114685,0.00046481285,0.009595423,0.4538534,-0.0051611695,0.09354526,-0.01428882,-0.03315368,-0.007400007,0.009630452,-0.026456717,0.1433889,-0.03903385,-0.008144619,-0.00996965,-0.05747392,-0.013189583,-0.018137824,-0.009025476,-0.008549288,-0.015972361,0.6475727,-0.008750244,-0.042253688,0.5561882,-0.017662376,0.019086631,0.3638801,-0.015629197,-0.0068429434,0.0042205015,0.116021685,-0.046371035,-0.011624252,0.076121375,-0.0050454754,-0.013335852,-0.011087032,0.24900039,-0.018201564,-0.020214822,-0.012295567,-0.0120793,-0.0136278365,0.84879136
TCGA-RD-A7BW,-0.008369535,-0.03402894,-0.013982212,-0.027608613,-0.0045669223,0.002846674,-0.0037165806,-0.012856143,-0.005097217,-0.009883344,0.24117029,-0.041435774,0.009331913,-0.0042067203,-0.0331086,0.013130013,0.009471117,0.0077412887,-0.020463431,-0.053791456,-0.014819818,0.013698142,0.4084648,0.0060136663,0.032765485,-0.034103043,-0.031123102,0.010311886,-0.005096931,-0.035050116,0.2206322,-0.055780426,0.0009105876,-0.007432328,-0.0563718,-0.01258458,-0.02803879,-0.011966477,-0.01280176,-0.019940857,0.58452106,-0.010533104,-0.068114474,0.4206118,-0.013708934,0.0022782441,0.28622994,-0.018795978,-0.009459099,-0.0022843527,0.15450084,-0.05627228,-0.0098563675,0.061655153,-0.0054247584,-0.029887583,-0.020585284,0.14374672,-0.0165822,-0.019736597,0.0042646127,-0.013280193,-0.01432191,0.77139914
TCGA-RD-A7C1,-0.023472687,-0.022780716,-0.015238954,-0.06322904,0.010170074,0.0009092912,-0.010443939,-0.014829193,-0.015119667,0.010997437,0.3490302,-0.03277546,0.039463967,0.0012485259,-0.03058617,0.012246481,0.09600881,-0.013383176,-0.03486081,-0.06415639,-0.008337391,0.006047612,0.52918726,-0.014296558,0.16342497,-0.023265637,-0.06058985,-0.014573583,-0.010919342,-0.034943376,0.16363156,-0.05481533,0.007849228,0.013417011,-0.08475122,-0.02546112,-0.046898313,-0.012966614,-0.017701326,-0.024322795,0.83234096,-0.014238145,-0.040313736,0.7330762,-0.024522264,0.064339414,0.4161111,-0.012851563,-0.01369004,-0.0010503037,0.08972561,-0.06529655,-0.0073538716,0.11800797,-0.01460542,-0.011313792,-0.011689622,0.36008626,-0.02740553,-0.01795016,-0.017745476,-0.025782537,-0.017835364,1.1591768
TCGA-RD-A8MV,-0.008014669,-0.01874087,-0.006767581,-0.044245176,-0.013914121,0.004657751,-0.00345298,-0.014945243,-0.0041453866,0.03974491,0.26674142,-0.020086808,0.022849312,-0.008609833,-0.023640867,-0.0012649177,0.08942756,-0.011917143,-0.030484458,-0.048619706,-0.008051025,0.0025066133,0.4967611,-0.0072836787,0.12807587,-0.0139926355,-0.047252588,-0.011191686,-0.007283411,-0.027979378,0.06518198,-0.0383348,0.028619621,0.021463117,-0.069530554,-0.022071993,-0.034198415,-0.012707637,-0.014063971,-0.019865049,0.7096133,-0.005535665,-0.025847716,0.6583427,-0.0077082845,0.030191908,0.36711273,-0.014151834,-0.011332689,-0.001865017,0.13884358,-0.05292909,-0.012729088,0.12394951,-0.008198657,-0.01948652,-0.01159207,0.37867454,-0.023259277,-0.013772305,-0.009463388,-0.0147375455,-0.014277029,1.0496483
TCGA-RD-A8MW,-0.009403967,-0.018181514,-0.007300199,-0.022163361,-0.006917895,0.003928177,-0.0073514823,-0.0016019652,0.014285091,0.008046826,0.23097418,-0.01893418,0.0035640993,0.027824048,-0.02423498,-0.013849322,0.08357329,-0.006370595,-0.0069702966,-0.049527325,-0.008237384,0.023658648,0.35931978,-0.0075598094,0.13155687,-0.024419427,-0.022001315,0.017025981,0.015263017,-0.030154305,0.12872072,-0.030462222,-0.0034447066,0.025769621,-0.04128982,-0.013711637,-0.026909294,0.0009755427,-0.008712311,-0.014089555,0.54206556,-0.0019067945,-0.036355205,0.5650506,-0.010526139,0.04261313,0.32804447,-0.013220046,-0.009437616,-0.0029819203,0.18873549,-0.031597346,-0.01247951,0.10242263,-0.004836786,-0.01296984,-0.0171744,0.34219858,-0.0107706105,-0.009607198,0.00038670818,-0.011115836,0.016469516,0.8310947
TCGA-RD-A8N0,-0.008314714,-0.023539456,-0.004696864,-0.036599904,0.015055327,-0.004494382,-0.0062904013,-0.012309659,-0.0052310773,-0.005544994,0.35647798,-0.028120546,0.019600108,-0.007165591,-0.0257461,0.016568646,0.058511302,-0.0033065458,-0.020407116,-0.051838227,-0.012651006,0.057750594,0.46626556,0.0069860867,0.08630095,-0.023604296,-0.039686933,-0.0032588565,-0.008349134,-0.026810218,0.1766577,-0.044090528,0.007266905,-0.013202743,-0.06234623,-0.013501837,-0.028777897,-0.016136013,-0.012516966,-0.01784894,0.7183068,-0.012464432,-0.043131266,0.58041763,-0.010798188,0.009634025,0.40117228,-0.02009489,-0.0075912355,-0.0054960116,0.1554903,-0.052575886,-0.010576073,0.08552176,-0.0054398417,-0.018102389,-0.0091075115,0.3581387,-0.016255958,-0.015246954,0.00463616,-0.01573045,-0.018676821,1.0440199
TCGA-RD-A8N1,-0.0033522425,-0.008864346,-0.0076067736,-0.024524609,-0.009540679,-0.008148316,-0.011284675,-0.008730575,-0.002447195,0.016056716,0.28530446,-0.01742332,0.04639125,-0.009910929,-0.0261716,-0.012161002,0.06738602,-0.004720578,-0.015021328,-0.043374617,-0.010402994,0.030366164,0.48243394,0.027363546,0.1197692,-0.01765711,-0.039981686,0.025850719,0.0012860808,-0.029874872,0.14154112,-0.037709672,0.025703505,0.007650022,-0.049482536,-0.01596082,-0.027590577,-0.005538785,-0.013562884,-0.011869849,0.6820026,-0.010150272,-0.0432457,0.6276401,-0.011621155,0.0355009,0.37743843,-0.0149213895,-0.008394484,-0.011239674,0.14255746,-0.042822856,-0.01204104,0.116788775,-0.0011644962,-0.012621133,-0.016055401,0.400502,-0.009430535,-0.014480333,-0.006620472,-0.014672681,-0.015501274,0.9937115
TCGA-RD-A8N2,-0.00795438,-0.031876,-0.008938895,-0.013597933,-0.004350784,0.009400686,-0.004194153,-0.0034944755,-0.0060426956,-0.0084141195,0.1858083,-0.030902918,0.018967064,-0.0006089746,-0.025598578,0.011579257,0.024847725,0.034504175,-0.0126144625,-0.04489775,-0.011835251,0.01935478,0.26850802,0.014225405,0.015641822,-0.026734505,-0.016841937,-0.006736437,-0.0069390824,-0.03200108,0.14345053,-0.04546473,-0.011119179,-0.007717187,-0.043735795,-0.009271149,-0.020004818,-0.0013396642,-0.0091853645,-0.01295599,0.43165964,-0.006131524,-0.05835346,0.305318,0.009612275,0.0033066375,0.19186436,0.0036642794,-0.00967519,-0.00938792,0.04345676,-0.054892145,-0.0038865553,0.10565142,0.0029729614,-0.026450476,-0.007801006,0.10659324,-0.012273625,-0.012881309,-0.008327148,-0.010794943,-0.013247155,0.56124467
TCGA-RD-A8N4,-0.005117997,-0.03229367,-0.0014919913,-0.021428093,-0.005462232,0.015264947,-0.002813577,-0.0090675475,-0.012235561,-0.012024301,0.19230321,-0.036808837,0.013992442,-0.010829097,-0.028880736,0.02092333,0.025854226,0.01331261,-0.018434353,-0.053584255,-0.01494032,0.015070983,0.3106451,0.01571975,0.06083014,-0.023760615,-0.023600446,-0.010616263,-0.0027950844,-0.027564023,0.16495027,-0.048494894,0.0063864286,-0.008148335,-0.046674777,-0.008962775,-0.026719088,0.008933301,-0.013840877,-0.019750964,0.5213751,0.0065980796,-0.05708808,0.326123,-0.013986176,-0.0027993678,0.24405167,0.0091485195,-0.010937674,-0.008742083,0.052904096,-0.058309115,-0.0050736726,0.12597762,-0.00073089264,-0.023341395,-0.011022697,0.18425293,-0.015703049,-0.017197615,-0.007112366,-0.013710075,-0.016397964,0.7068073
TCGA-RD-A8N5,-0.008553759,-0.021659143,-0.0021448932,-0.026692552,-0.008845208,0.006003138,-0.003384523,-0.0064190375,0.007370258,-0.0011024182,0.2186207,-0.025632307,0.005304389,0.009779531,-0.027025644,-0.005724333,0.023423558,-0.00043804618,-0.01821256,-0.044437513,-0.007373223,-0.0050054817,0.48844433,-0.00880632,0.09655239,-0.021484355,-0.023110712,-0.007863577,0.030224318,-0.025984872,0.07958692,-0.038594004,0.017931847,-8.40663e-05,-0.05328647,-0.021925967,-0.023774588,-0.008560382,-0.009111853,-0.020605627,0.630648,-0.0065360134,-0.050204065,0.5048729,-0.010809594,0.021753578,0.33676875,-0.017154815,-0.012868524,-0.005766238,0.14813907,-0.048432842,-0.013478458,0.100866035,-0.0060102446,-0.015810763,-0.012001285,0.29899418,-0.019806724,-0.014233233,0.004636223,-0.011536751,0.01537619,0.8721945
TCGA-RD-A8N6,-0.010475088,-0.028279645,-0.016930636,-0.019996574,-0.0061086025,0.0033821017,0.006654638,-0.013784126,-0.010219236,0.0056024515,0.29151517,-0.027701978,-0.0036459086,0.012297379,-0.025505457,0.028511245,-0.008708947,-0.009913638,-0.01837773,-0.044791643,-0.014140715,0.032959715,0.3649593,0.0074635167,0.087974265,-0.022807753,-0.034317464,0.006042633,-0.01055842,-0.036204644,0.1491193,-0.043163065,0.00029084226,-0.0074428236,-0.045396548,-0.0069957664,-0.026357817,0.007263648,-0.017321192,-0.016424853,0.51688325,0.0008708122,-0.04600911,0.43293792,-0.015913164,0.02961469,0.28474444,-0.01714342,-0.0159573,-0.008542885,0.12459175,-0.04471627,0.005473641,0.10582915,-0.004767644,-0.008656853,-0.015437957,0.23370999,-0.020086367,-0.0068626376,-0.009948887,-0.012683035,-0.008817471,0.8340666
TCGA-RD-A8N9,-0.0026256046,-0.033835176,-0.00026748073,-0.033540588,-0.0043956055,0.0016092472,-0.0026385381,-0.014823616,-0.0045480607,-0.008207839,0.23707627,-0.036883887,-0.009926152,0.0081525445,-0.030202325,-0.0054140333,0.022831252,0.040073983,-0.024438491,-0.05757582,-0.014324759,0.06717091,0.4203962,-0.0021026433,0.083232485,-0.009438215,-0.032742333,-0.010841562,-0.005748795,-0.043370023,0.07505474,-0.05316476,0.011631198,-0.012340582,-0.07161288,-0.019259436,-0.020296622,-0.0033852076,-0.011236806,-0.0214758,0.6021975,-0.010097482,-0.05754152,0.6115338,-0.011041715,-0.0008439217,0.343356,-0.01645616,-0.014946807,0.0037668669,0.16995186,-0.06053465,-0.012664748,0.123300016,-0.013612667,-0.026310772,-0.011357147,0.25654402,-0.02688608,-0.012678637,-0.0069744666,-0.011615302,-0.012186283,0.9570918
TCGA-RD-A8NB,-0.009986187,-0.020080894,-0.004067734,-0.045062654,-0.0035252436,0.0041989377,-0.009166721,-0.015246006,-0.0049541504,6.398512e-05,0.3145789,-0.030581601,0.005176995,0.021794066,-0.023973927,-0.0051311855,0.05207231,-0.0020812736,-0.030273149,-0.06246935,-0.012584843,-0.005679476,0.47878155,-0.00056370767,0.07076512,-0.021169335,-0.046541583,-0.011339633,-0.010528001,-0.034547955,0.17050114,-0.051934317,0.0024373177,0.0061560096,-0.079472154,-0.019143092,-0.037653096,-0.015600845,-0.01361722,-0.01569159,0.75376904,-0.010734666,-0.045742918,0.64331555,-0.011817381,0.014781544,0.40278292,-0.017619323,-0.012316266,-0.0068927566,0.16162351,-0.06455925,-0.011227516,0.17865223,-0.007582984,-0.010777017,-0.011909323,0.32695982,-0.021324351,-0.013841901,-0.011123946,-0.021082435,-0.017731193,1.0954835
TCGA-SW-A7EA,-0.010298569,-0.01825738,-0.0015542499,-0.08261052,-0.01439354,0.008270897,-0.014024096,-0.016429339,-0.017604053,-0.012862074,0.27872115,-0.02963201,0.0028302893,0.014754887,-0.020416114,-0.0022776732,0.06117502,-0.012013898,-0.047806613,-0.067747205,-0.014210929,0.03968419,0.46412647,-0.011723924,0.1720755,-0.021578975,-0.05989351,-0.0042985044,-0.014063072,-0.039387424,0.1303937,-0.06019618,0.047657937,-0.017132942,-0.093246564,-0.03677879,-0.05078446,-0.014599939,-0.01503746,-0.029493753,0.7826244,0.0051420145,-0.027752362,0.7078438,-0.018261615,0.039152108,0.4490583,-0.021637533,-0.00931664,-0.0068684556,0.16714573,-0.07242456,-0.012027369,0.10207469,-0.006240525,-0.020457048,-0.015075069,0.32401392,-0.024848709,-0.01736191,-0.011828268,-0.029312674,-0.017794913,1.0319608
TCGA-SW-A7EB,-0.008476046,-0.019162897,-0.011551322,-0.023652263,-0.010021278,-0.01135047,0.005297347,-0.010237379,-0.010952639,0.034807347,0.35100085,-0.019771524,0.025252813,0.013561915,-0.020853302,0.0020769099,0.00534694,-0.017323904,-0.009561037,-0.04258831,-0.017767912,0.025206728,0.43651563,0.0046910252,0.122577325,0.005595304,-0.031052427,0.04202997,0.028902415,-0.010179892,0.08282797,-0.035247196,0.006344634,0.009575713,-0.05213097,-0.013577457,-0.03427829,0.013611617,-0.012698928,-0.012683048,0.60212195,-0.0052860472,-0.005877029,0.53948945,-0.0077814236,0.04174696,0.326406,-0.012418473,-0.0045887087,-0.008958935,0.12461808,-0.038089603,-0.010929552,0.07334767,-0.010251222,-0.009389797,-0.010908751,0.32342228,-0.016631985,-0.014995793,-0.00998557,-0.0064522764,-0.011792023,0.988091
TCGA-VQ-A8DT,-0.020027911,-0.018604398,-0.016517295,-0.06972172,-0.022151118,0.002804575,-0.012507878,-0.015868912,-0.013773348,0.03538489,0.37435353,-0.026738545,0.015863668,-0.009627234,-0.021241903,0.013615597,0.13068472,-0.011841068,-0.042706735,-0.051574998,-0.015806653,0.008386463,0.5316938,-0.009715853,0.19796565,-0.019014606,-0.060818676,0.010943189,-0.016901791,-0.029221514,0.11379036,-0.052214462,0.08198497,-0.0034559332,-0.09380104,-0.03240952,-0.040080033,-0.01920005,-0.019920165,-0.02068165,0.7700432,-0.019558374,-0.033749424,0.7510472,-0.021179795,0.06809824,0.46975172,-0.016352981,-0.013460839,-0.008740673,0.10519819,-0.07428407,-0.0113976635,0.115245044,-0.01379999,-0.001807827,-0.009168535,0.35219818,-0.027245017,-0.0132490825,-0.017736869,-0.02219126,-0.0182857,1.1538887
TCGA-VQ-A8DU,-0.005626061,-0.02033728,-0.012271907,-0.019440522,-0.012930287,-0.0049591465,0.022629382,-0.010869341,-0.0036264928,0.0067817913,0.27783912,-0.017785447,0.0009004453,0.075986974,-0.0273384,0.017024979,0.08450933,-0.01748535,-0.012691163,-0.047034487,-0.012374327,0.08239624,0.38166738,0.011214003,0.09568177,-0.020414196,-0.039534457,-0.0021950204,-0.005999266,-0.026565596,0.07401961,-0.034468472,0.014515361,0.014998329,-0.046232313,-0.014074881,-0.028302835,-0.005573322,-0.01501617,-0.010216805,0.64488804,-0.0003049306,-0.04098424,0.54892945,-0.014744427,0.053911068,0.39639956,-0.0120574115,-0.009788501,-0.01071162,0.14761093,-0.035114445,0.046663053,0.098667085,-0.006775121,-0.00845897,-0.01170022,0.29724547,-0.009344707,-0.014415499,0.002089345,0.0010514056,-0.012477206,0.9922277
TCGA-VQ-A8DV,-0.016758673,-0.024530996,-0.017606143,0.02787939,0.015446002,0.029684534,-0.008427304,0.030712508,-0.01285021,0.0023291472,0.22025293,-0.01519338,0.0650735,-0.006956394,-0.029450968,-0.015784554,0.045063335,-0.027368017,-0.0047926954,-0.038859684,-0.01154462,-0.016039982,0.34085736,-0.0012376849,0.15856445,-0.016303912,-0.02943604,0.010478949,0.07196743,-0.0005308222,0.11214362,-0.024415992,-0.009534594,0.044731505,-0.0438565,-0.017883146,-0.023170862,0.0045038555,-0.01886928,-0.009409425,0.4735489,0.040135432,-0.030001177,0.34592238,-0.011784275,0.08175146,0.18339999,-0.018103363,0.004296202,-0.01560057,0.00778721,-0.040217202,0.033842396,0.030681593,-0.01115803,-0.017422901,-0.016122788,0.2415402,-0.023464914,-0.008107873,-0.008253094,-0.006437121,-0.005102644,0.85826904
TCGA-VQ-A8DZ,-0.015048208,-0.010062946,-0.005175749,-0.016379086,-0.012675224,-0.0056481315,-0.012603049,0.01134492,-0.012365057,0.065375045,0.20591506,-0.016003966,0.019499099,-0.0047688363,-0.026359577,-0.006504385,0.043727566,-0.007916868,-0.01857343,-0.031167105,-0.012824919,1.242329e-05,0.35380286,-0.005493574,0.17377473,-0.017375112,-0.029272977,0.00862091,-0.0029049611,-0.017301152,0.10722302,-0.009845313,-0.0044643283,0.070060626,-0.044908404,-0.017220115,-0.013406955,-0.009074236,-0.0063986043,-0.011854904,0.5929564,-0.0029851508,-0.029814951,0.45710492,-0.008471287,0.09939156,0.30365074,-0.01146248,-0.009207693,0.022113133,0.13824663,-0.034445018,-0.0097580105,0.09817169,-0.0009783893,-0.00954951,-0.015019482,0.2252625,-0.011816288,-0.007605742,-0.015004631,-0.006531832,0.013768245,0.9247283
TCGA-VQ-A8E0,-0.0070837536,-0.01754052,-0.017736863,-0.014001682,-0.014446715,0.0063490104,-0.0106334,0.023777945,-0.0065184133,0.011777014,0.22696826,0.04086403,-0.007373549,0.02432784,-0.02449127,-0.009962269,0.07138862,-0.013031852,-0.0006899759,-0.05107438,-0.012892556,-0.007344353,0.32641894,-0.007609536,0.19336356,-0.015410314,-0.032862373,0.021650547,-0.014471815,-0.02516485,0.06574248,-0.027534641,0.05872358,0.0069644107,-0.05668654,-0.019453917,-0.033785403,0.019923685,-0.02146675,-0.018447066,0.65287435,-0.006424647,-0.027997967,0.66928846,-0.00924149,0.045509562,0.32665357,-0.0073874104,-0.007115753,0.02638089,0.1890201,-0.029979566,-0.00664643,0.10439348,-0.009343725,-0.011449602,-0.010990211,0.27733713,-0.019177258,-0.016190674,-0.016624294,-0.010421996,-0.003329136,0.9023011
TCGA-VQ-A8E2,-0.018348258,-0.03651006,-0.0056872386,-0.015060233,-0.011438324,0.0680827,0.009119036,0.049096365,-0.007681492,0.013989678,0.30897176,0.010566483,-0.0001314939,-0.008607062,-0.033429682,-0.006744714,0.012557574,-0.018766657,-0.015773708,-0.057886228,0.0011315029,0.017408898,0.41771904,0.0026786753,0.080198176,-0.025756702,-0.033568934,0.0069614304,0.045493744,-0.029953072,0.11052706,-0.049573,-0.009464018,0.0026745708,-0.060766023,-0.0093536135,-0.0045311972,-0.0133907115,-0.016058156,-0.01381791,0.6243075,0.015515203,-0.054678455,0.5116568,-0.018848283,0.09427947,0.40763813,-0.008702988,-0.007282204,-0.010460549,0.1803937,-0.043948624,0.034662522,0.114714965,-0.012480162,-0.018044528,-0.011856353,0.3303155,-0.019178126,-0.0127066355,-0.016758384,-0.009065168,-0.009608545,0.922747
TCGA-VQ-A8E3,-0.01017453,-0.014018885,-0.0042345547,-0.07109091,-0.017083181,0.004725163,-0.010987505,-0.018662065,-0.009933416,-0.011301678,0.32681644,-0.025046445,0.0046832548,-0.010285035,-0.021547403,-0.009881617,0.09574054,-0.010435127,-0.044773776,-0.06122773,-0.011655317,0.009351351,0.43945444,-0.020318199,0.16454813,-0.019182228,-0.06570574,-0.015924325,-0.0113947,-0.03049571,0.08261877,-0.051187955,0.076504946,-0.02024259,-0.093474716,-0.03738227,-0.05146057,-0.018095365,-0.015354915,-0.01847756,0.74086154,-0.011643514,-0.033405747,0.71623933,-0.018145481,0.01915287,0.5003787,-0.017457316,-0.017532237,0.0061263805,0.15469375,-0.068131536,-0.012697073,0.10421474,-0.014917377,-0.012644304,-0.014782166,0.36593682,-0.02828743,-0.016426628,-0.014702761,-0.01669281,-0.017288191,1.2059639
TCGA-VQ-A8E7,-0.009047655,-0.012689965,0.001562044,-0.070192955,-0.009109917,0.0048416397,-0.018036043,-0.013263769,-0.002581215,0.0009974153,0.2940038,-0.02674501,-0.0047064107,-0.0037219673,-0.027013259,-0.0054328255,0.08176365,-0.013526646,-0.038119588,-0.05085934,-0.011647061,-0.0009841853,0.46142304,-0.013576092,0.12206061,-0.020499423,-0.051393777,-0.011521158,-0.013648216,-0.034953672,0.071921,-0.043879807,0.0041499194,-0.009942901,-0.08516455,-0.01839718,-0.037981637,-0.022452768,-0.012236451,-0.025228977,0.74030006,-0.018103296,-0.025573913,0.65050507,-0.019720718,0.017393641,0.4664827,-0.023054155,-0.011925317,-0.0072459383,0.11230336,-0.06701324,-0.010497355,0.18333313,-0.011686472,-0.0076259077,-0.016267007,0.31382886,-0.018170461,-0.015345851,-0.010988712,-0.015994228,-0.017561154,1.0406754
TCGA-VQ-A8P2,-0.024108088,-0.019139186,-0.012234215,-0.11127565,-0.031592283,-0.020665321,-0.019621417,-0.020881224,-0.025005762,0.06716653,0.45168158,-0.03841419,0.088230595,-0.005939154,-0.027878363,-0.009719606,0.15677336,-0.019398652,-0.06664032,-0.09990731,-0.026262151,0.034533218,0.52686876,-0.023195084,0.3104614,-0.035709836,-0.08995046,-0.014871049,-0.01772217,-0.0377933,0.12323007,-0.08244928,0.19471917,0.03347909,-0.13947049,-0.055452455,-0.07640043,0.0010604495,-0.02630243,-0.033348635,1.1443231,0.05258376,-0.03514453,0.98050225,-0.022824038,0.10702829,0.60234916,-0.026269045,-0.017273031,-0.020329319,0.18373604,-0.11132086,-0.02089826,0.064110786,0.009503863,0.03252044,-0.017499875,0.47643507,-0.040634952,-0.016027022,-0.030482098,-0.03727941,-0.016669229,1.5861857
TCGA-VQ-A8P3,-0.014059291,-0.020234803,-0.0066987425,-0.07759064,-0.01713135,0.02030989,-0.0065542655,-0.015711723,-0.008426561,0.0003632198,0.3390336,-0.033604234,0.017587038,-0.009050244,-0.026786482,-0.013147408,0.05280541,-0.010978731,-0.036963735,-0.06607312,-0.010299684,0.045496415,0.43831065,-0.014235302,0.2151705,-0.02469665,-0.06388275,-0.011763044,-0.008874721,-0.034382135,0.064646035,-0.057602376,0.057255324,-0.014174242,-0.088984296,-0.03309831,-0.028498214,0.01714943,-0.015720453,-0.0248169,0.7865554,0.008677999,-0.035640176,0.75316966,-0.0083781835,-0.005784334,0.42239434,-0.023159346,-0.009077891,-0.01353376,0.11222629,-0.06967624,-0.014320573,0.06473932,-0.00660754,-0.011745966,-0.012271902,0.35230246,-0.02634324,-0.022487996,-0.0058065783,-0.026122268,-0.0063692974,1.0840843
TCGA-VQ-A8P5,-0.013846379,-0.015938502,-0.011172555,-0.05096727,-0.017777039,0.007140066,-0.012786236,-0.00792025,0.0076301266,-0.010032065,0.323179,-0.029847763,0.025225906,-0.00080753956,-0.026655752,-0.007835723,0.19805019,-0.010706099,-0.032757,-0.06369231,-0.010298392,-0.019537203,0.5161901,-0.012172716,0.1296134,-0.016688438,-0.053830482,0.008872196,-0.009953428,-0.028966572,0.13322401,-0.049473748,0.012499884,-0.015014208,-0.07666972,-0.035454314,-0.026916094,0.021804053,-0.016226497,-0.0155638615,0.7364906,-0.013544093,-0.04177114,0.728814,-0.013379477,0.019096296,0.44500655,-0.020553872,-0.011140926,0.009282831,0.16017802,-0.061412558,-0.010969935,0.16359326,-0.021700416,-0.014391458,-0.007455798,0.339277,-0.03235253,-0.016860105,-0.0063327383,-0.01875361,-0.009948831,1.0973854
TCGA-VQ-A8P8,-0.013087512,-0.017231056,-0.0020537823,-0.0581669,-0.013508838,0.004846166,-0.010860978,-0.017881636,-0.0143351555,0.001478197,0.30363852,-0.034000494,0.0066888016,0.01637192,-0.022856187,0.004718194,0.076391995,-0.008467732,-0.03362927,-0.06318798,-0.0116008045,0.0007687347,0.45209128,-0.0020314367,0.10422109,-0.02012707,-0.05386471,-0.0019512053,-0.012599806,-0.03234153,0.1187044,-0.054256883,0.030590266,-0.013510103,-0.08513105,-0.023425197,-0.037582856,-0.013205949,-0.01531733,-0.02340913,0.7695973,-0.0147039555,-0.04226318,0.63906854,-0.016119335,0.0205036,0.43636957,-0.016324187,-0.010210771,-0.004061492,0.16899554,-0.06659654,-0.011922874,0.1224389,-0.009315047,-0.010946883,-0.008868125,0.32073697,-0.020320138,-0.015576443,-0.008600133,-0.020766892,-0.018654512,1.0783771
TCGA-VQ-A8PB,-0.01627657,-0.020293325,-0.011501158,-0.065545894,-0.016434086,0.0043511535,-0.015934799,-0.01992187,-0.013903118,-0.008800872,0.332766,-0.026544679,0.010519601,0.017685056,-0.021567142,-0.008201037,0.06590977,-0.009137535,-0.04002826,-0.07711957,-0.013054756,-0.0029580772,0.46792072,-0.01936862,0.18894908,-0.02238546,-0.059549518,-0.01596193,-0.008422739,-0.031042475,0.10863271,-0.05933413,0.046819016,-0.011761353,-0.09795496,-0.017634403,-0.04287301,-0.0110522695,-0.014434528,-0.015344331,0.82623255,-0.015312816,-0.032530297,0.8055403,-0.01365997,0.061667442,0.44243425,-0.01719046,-0.00926236,-0.0073324824,0.22784124,-0.07349196,-0.018622156,0.07793982,-0.015771225,-0.012350579,-0.008886375,0.2807813,-0.033159427,-0.00056628266,-0.019702362,-0.023299258,-0.020201575,1.2383099
TCGA-VQ-A8PC,-0.0070597576,-0.021193746,9.132782e-05,-0.04410061,-0.013262214,-0.0065018986,-0.00484225,-0.012840884,-0.010386827,0.00021449197,0.25373065,-0.02923948,0.005739257,0.01894778,-0.026157122,0.013515378,0.07885569,-0.004928082,-0.025994875,-0.05498277,-0.014838464,0.008963386,0.48535872,-0.009359062,0.08761731,-0.018660428,-0.047293875,-0.007369203,-0.008998732,-0.027642112,0.095352545,-0.050454143,0.008781334,-0.00827379,-0.07087019,-0.022044247,-0.04050985,-0.0149182845,-0.012995383,-0.01999805,0.64484084,-0.015584385,-0.033727676,0.6130804,-0.013268207,0.011410835,0.39359164,-0.018081184,-0.008476315,-0.005078676,0.1313693,-0.05934824,-0.015139541,0.16858129,-0.0032675345,-0.011378924,-0.012105258,0.36599344,-0.019050714,-0.013729358,-0.004052936,-0.012553727,-0.014786486,1.0563506
TCGA-VQ-A8PD,-0.009782391,-0.023807736,0.022530936,-0.04241016,0.0014477612,-0.0059277704,-0.01323157,-0.014060902,-0.010419851,-0.00037401577,0.30934006,-0.033756353,0.0106940605,0.009748714,-0.027844671,0.011623547,0.08029585,-0.013315873,-0.027911745,-0.05823965,-0.012998622,0.006375035,0.5019603,-0.010555642,0.097390994,-0.0150749525,-0.04060868,-0.010296245,-0.007875269,-0.036904465,0.20157892,-0.046590492,0.007308812,0.0029497384,-0.07735597,-0.026129344,-0.038153622,-0.013918215,-0.011644272,-0.015081631,0.6577592,-0.01548655,-0.05071305,0.6443316,-0.014485241,-0.0042560343,0.42682892,-0.017135693,-0.013108816,-0.010072788,0.17664781,-0.0632925,-0.013214748,0.22587815,-0.008733925,-0.013879739,-0.009799387,0.35624096,-0.019786257,-0.013506884,-0.0044529773,-0.017376913,-0.01228963,1.0572509
TCGA-VQ-A8PE,-0.011106633,-0.015311815,0.0048382934,-0.031311974,-0.017740825,0.05601275,-0.0034683105,-0.0055313557,-0.009460312,0.001007066,0.33315176,-0.014757964,0.037193276,-0.009652835,-0.02207115,-0.0065086912,0.04187005,-0.006518473,-0.013297907,-0.045652676,-0.015556367,0.014518,0.4550036,-0.013855106,0.099085405,-0.012688693,-0.036713235,0.026578745,0.04282431,-0.02259678,0.095127866,-0.032989014,0.011700799,0.037058793,-0.054853573,-0.015080424,-0.033407964,-0.016533528,-0.012282737,0.0022672042,0.58766127,-0.013647677,-0.027121015,0.4986977,-0.0121483,0.01793088,0.3229422,-0.016431112,0.010111917,-0.006644978,0.10750887,-0.057464965,-0.0075929253,0.05928162,0.0013136356,-0.010255294,-0.01683655,0.27017415,-0.01244168,-0.0074403994,-0.0088963155,-0.011968318,0.0147591345,0.9915848
TCGA-VQ-A8PF,-0.014379405,-0.02292259,-0.0053119133,-0.06187085,-0.021091478,-0.0028042262,-0.0028849328,-0.01954488,-0.014256999,-0.0058067013,0.33605972,-0.035941467,-0.010820648,-0.005192637,-0.025038494,-0.011374317,0.10232143,-0.0033901893,-0.034097288,-0.070080474,-0.01219878,0.003469028,0.48383027,-0.016628532,0.1605167,-0.022899248,-0.05558607,-0.008118581,-0.014998289,-0.04433127,0.16198464,-0.05396855,0.03531559,-0.0070565245,-0.09569755,-0.032519054,-0.044226933,-0.009610323,-0.018742602,-0.0246858,0.71665585,-0.02276817,-0.045553178,0.7075951,-0.016181158,0.015034808,0.49076864,-0.01764413,-0.011886997,-0.008766597,0.14438598,-0.077343106,-0.014706804,0.21989654,-0.010295547,-0.017349094,-0.01588597,0.3849792,-0.02473669,-0.02179655,-0.0127256,-0.023969734,-0.015589473,1.1696109
TCGA-VQ-A8PH,-0.016703043,-0.01838375,-0.0026055262,-0.018242978,-0.014162243,0.008734069,-0.014182853,0.011131293,-0.0135501735,0.008284522,0.3007007,-0.0082426965,0.045098055,-0.0056946985,-0.021198828,-0.008142363,0.0803727,-0.013391286,-0.014633188,-0.04542316,-0.015864156,0.04920741,0.46332312,-0.006123188,0.021413691,-0.013921609,-0.049848348,0.04265656,0.0049027633,-0.020567346,0.070357285,-0.033338994,0.014763704,-0.0032139723,-0.045557316,-0.02228408,-0.027930258,0.0033275723,-0.018007915,-0.013921597,0.6926346,-0.00902049,-0.03533107,0.58447224,-0.009394221,0.11316558,0.39302725,-0.009063356,-0.014275208,-0.0045965225,0.114788555,-0.038711824,0.0026331674,0.08897683,-0.02232115,-0.011444831,-0.018046983,0.30827534,-0.008398939,-0.0069770403,-0.014745685,-0.006458596,0.04336557,1.048857
TCGA-VQ-A8PJ,-0.01005236,-0.023135057,-0.017635949,-0.019553624,-0.01496101,0.01529031,-0.014060594,0.052901737,-0.015030245,0.022540739,0.27840376,-0.010140553,0.01655027,0.00874698,-0.017099604,0.0050596716,0.034551013,-0.016242513,-0.0038703452,-0.040578038,-0.012926252,0.048308894,0.40250266,-0.0014612745,0.10655685,-0.0126354955,-0.042092875,-0.002291608,-0.0074795308,0.012799829,0.13641429,-0.03317604,0.011351712,0.07229181,-0.049525686,-0.007936127,-0.027719086,-0.007969437,-0.015775194,-0.011744131,0.64664984,-0.0067033125,-0.029865947,0.54937685,-0.01840806,0.12226022,0.28507033,-0.007684275,-0.008244836,-0.009680902,0.10786684,-0.04037168,0.008062758,0.089112505,-0.01205164,-0.0070412215,-0.012684984,0.18818867,-0.019073157,-0.010451619,-0.0150699355,-0.00692349,-0.004410989,1.0061362
TCGA-VQ-A8PK,-0.008218776,0.012256804,-0.012935312,-0.034375213,0.0048793685,-0.005796628,-0.012408803,-0.011130769,-0.0066999285,-0.003076083,0.26317784,-0.0059521124,0.008498955,0.023339877,-0.017401867,-0.009220779,0.038469303,-0.0042183427,-0.011955367,-0.04464285,-0.009209416,-0.0016601789,0.42365897,-0.008395063,0.13907973,-0.013438677,-0.026674276,-0.0021191319,0.01892108,-0.026572444,0.15341362,-0.024332624,0.006694078,0.0052608196,-0.04254677,-0.020574467,-0.036748752,-0.008688271,-0.022723686,-0.015524688,0.588092,-0.0074713374,-0.030881213,0.4950164,-0.0023498484,0.08268836,0.3486449,-0.011242394,0.016240021,-0.0074456795,0.19179668,-0.031950504,-0.010616225,0.16006766,-0.012987923,-0.009060224,-0.0137292575,0.24109197,-0.013953153,-0.0105879735,-0.0044645634,-0.009616703,0.018484427,0.9240836
TCGA-VQ-A8PM,-0.004474608,-0.010266537,-0.0103585515,-0.025541907,-0.0084504085,-0.00486956,-0.008002317,-0.009853439,-0.007595947,-0.0018583739,0.28849638,-0.02395345,0.021507407,0.0020949207,-0.023714645,0.009289359,0.08635163,-0.0127382865,-0.011332623,-0.045882143,-0.011094095,-0.0008314317,0.38911897,-0.010463612,0.09962563,-0.01690098,-0.032776486,-0.0026883557,0.0019439994,-0.02570615,0.12459503,-0.03132634,0.017860556,0.013812609,-0.054043904,-0.01938824,-0.03119952,-0.0073589506,-0.011866089,-0.014479604,0.59611875,-0.011328846,-0.042503566,0.53593343,-0.014145471,0.033420328,0.34087914,-0.010494441,-0.010450644,-0.00874687,0.14969754,-0.045277465,-0.01006642,0.15889782,-0.008966401,-0.015448271,-0.0128223095,0.3299299,-0.0111716,-0.009847033,-0.009811376,-0.018323777,-0.0113691315,0.9192755
TCGA-VQ-A8PO,-0.018063908,-0.017058332,0.0032206036,-0.06870167,-0.023969885,-0.007742303,-0.01129903,-0.020587955,-0.017997853,-0.0054689343,0.37301445,-0.026559217,-0.01082824,0.016842328,-0.025752308,-0.0076232296,0.15453383,-0.012678974,-0.03925103,-0.0753732,-0.012060759,0.005064469,0.46330953,-0.010359416,0.18611398,-0.018947113,-0.061511327,-0.006558,-0.01439835,-0.03915357,0.1528502,-0.06102407,0.059138685,0.0003073006,-0.090654,-0.040926315,-0.05240323,0.0073198406,-0.020185474,-0.028868422,0.85981727,-4.601106e-05,-0.032584444,0.75492525,-0.019749243,0.044229634,0.4996193,-0.021808967,-0.0059586787,-0.007853951,0.21163844,-0.07370882,-0.0136887,0.1448637,-0.0073469607,0.004590585,-0.015941655,0.3261885,-0.02556374,-0.014317195,-0.01211131,-0.020525027,-0.016445342,1.2240655
TCGA-VQ-A8PP,-0.005088845,-0.0257186,-0.0077001755,-0.07434706,-0.016742023,0.0034288545,-0.007147662,-0.02265902,-0.014308748,0.0075910203,0.31752765,-0.03139962,0.008848531,0.011210956,-0.023480412,-0.008122464,0.11214344,0.044652328,-0.038403623,-0.06694204,-0.005733832,0.02432929,0.51906353,-0.016087607,0.14309268,-0.023174938,-0.056634746,-0.01581101,-0.008646249,-0.052994948,0.11719886,-0.05630267,0.0022374792,-0.01109249,-0.08574577,-0.030242141,-0.035305634,-0.0140739335,-0.015235516,-0.027641041,0.8455808,-0.015480021,-0.040628143,0.73384976,-0.017301226,0.05582115,0.5134827,-0.020058734,-0.00695158,-0.011433366,0.23293987,-0.06865278,-0.009403318,0.15323102,-0.012392448,-0.018807793,-0.016155018,0.32483572,-0.020066826,0.0059198216,-0.014278894,-0.024336,-0.014829372,1.1148138
TCGA-VQ-A8PQ,-0.015041523,-0.025775695,-0.009530893,-0.02887484,-0.008182482,-0.0059183873,-0.007875418,-0.019417373,-0.006253699,0.0141307805,0.40982482,-0.024350561,-0.0014263112,0.011073233,-0.034124643,0.010104866,0.043917857,0.031416383,-0.0170412,-0.055442244,-0.012500219,0.027281437,0.45196027,0.022302717,0.067364804,-0.022911213,-0.03701388,0.036667816,-0.012775176,-0.046775497,0.19275042,-0.049394574,0.02277662,-0.008210827,-0.06352583,-0.0059558004,-0.03800806,-0.010087888,-0.02051688,-0.018008702,0.74226743,-0.01730001,-0.048058897,0.6212222,-0.011640676,0.036141988,0.43575716,-0.019172516,-0.005118771,-0.0073403628,0.16687079,-0.056730382,-0.005274393,0.085757285,-0.009116511,-0.024831723,-0.010852518,0.42068356,-0.01999807,-0.0015081428,0.00058823836,-0.020435287,-0.019343417,1.093957
TCGA-VQ-A8PU,0.00913278,-0.02051346,-0.007962826,-0.040484495,-0.009841417,0.0010548118,-0.012351625,-0.012689764,-0.011580134,0.019046115,0.2411945,-0.018344818,0.022341482,0.009452123,-0.024589593,-0.0020957736,0.14477132,-0.01634374,-0.013788959,-0.048018567,-0.007306384,0.0115969395,0.4578811,-0.019817498,0.14197657,-0.009747079,-0.033049367,0.020523995,-0.010218887,-0.026880953,0.14761794,-0.041353222,0.13713954,0.0077488716,-0.062103234,-0.02771723,-0.041481115,-0.017698143,-0.015775464,-0.012647664,0.80933726,-0.013969141,-0.030132795,0.65952694,-0.0024776561,0.09311691,0.3782586,-0.01204849,-0.0109341135,-0.0002839591,0.12512158,-0.05739942,-0.0073108366,0.080774225,-0.01602478,-0.009820295,-0.019147132,0.3604412,-0.024991138,-0.012025738,-0.008257082,-0.012515838,-0.003848129,1.1113155
TCGA-VQ-A8PX,0.0058231605,-0.015821207,-0.0068646087,-0.024353085,-0.015331333,-0.005216372,-0.0076698847,-0.0086055035,-0.010833239,0.014182113,0.30153307,-0.009657351,0.023004895,0.0057467436,-0.01765539,-0.009049666,0.07572665,-0.013246832,-0.014583391,-0.043446694,-0.015112106,0.0072337496,0.4480247,-0.01347642,0.2009725,-0.01296194,-0.041049507,0.02212683,-0.009786972,-0.024290703,0.12258511,-0.020844353,0.06592017,0.01848865,-0.04813419,-0.021928731,-0.029730283,0.0002838453,-0.019610476,-0.010422405,0.6720653,-0.005712029,-0.014292261,0.6685766,-0.011943794,0.039206512,0.38584936,-0.013418169,-0.0076399846,-0.005685557,0.15066838,-0.036493905,-0.002919494,0.1250867,0.0055540516,-0.0062628835,-0.018325256,0.38286495,-0.019993175,-0.014465343,-0.01946785,-0.007501247,-0.007556703,1.0812964
TCGA-VQ-A91A,-0.0153693445,-0.029909562,-0.004748149,-0.045855157,-0.016754925,0.010945564,-0.004463557,-0.01378052,-0.015050615,-0.011511841,0.31857806,-0.037566505,0.0034339158,0.03656388,-0.0327997,-0.008477112,0.09639991,0.044274192,-0.030775405,-0.06813798,-0.010917072,-0.0012720278,0.4734564,-0.012629552,0.07771247,-0.01820727,-0.043889508,-0.015729275,0.015945647,-0.04625611,0.09843576,-0.057233326,-0.008037809,-0.00992444,-0.08540128,-0.024632562,-0.037324034,-0.014695581,-0.016030146,-0.023731366,0.73904395,-0.021464653,-0.046158224,0.6325742,-0.014332321,0.013087582,0.43277583,-0.015633129,-0.013756553,-0.006586304,0.13946465,-0.075837,-0.015073571,0.17851934,-0.013105253,-0.019603077,-0.006441489,0.2925946,-0.015904598,-0.017994473,-0.0071749366,-0.020771744,-0.007230775,1.0230422
TCGA-VQ-A91D,-0.014979795,-0.020968132,-0.006347892,-0.07530814,-0.01515279,0.011511838,-0.017985824,-0.015540807,-0.017424196,0.017110776,0.33592677,-0.031595767,0.014823146,0.0072784373,-0.018085372,-0.011510958,0.08136576,-0.017478699,-0.041440193,-0.068077646,-0.008052217,0.014731807,0.44719923,-0.01584005,0.10688056,-0.025243945,-0.060579322,0.0012012087,0.017953131,-0.03868508,0.07519691,-0.05486121,0.022825904,-0.013514121,-0.09856474,-0.03655463,-0.050837345,-0.014918919,-0.019911442,-0.016725073,0.7022157,-0.014749196,-0.032856468,0.6720121,-0.019449852,0.070311405,0.43773025,-0.022935892,0.0041244403,-0.0077166697,0.13493714,-0.07964441,-0.011220964,0.13892144,-0.009783647,-0.008426446,-0.015978657,0.31926307,-0.02878675,-0.0074623805,-0.015097026,-0.028680239,-0.016354028,0.99306583
TCGA-VQ-A91E,-0.014360245,-0.016425215,-0.009964127,-0.06504898,-0.016571572,-0.010765246,-0.014138939,-0.018390391,-0.01666799,-0.009918306,0.3703747,-0.02574094,0.012140144,0.014326872,-0.018311698,-0.0050723418,0.11195336,-0.011355369,-0.03467095,-0.06661935,-0.015129089,0.010813435,0.5102218,-0.020216385,0.20694089,-0.01727404,-0.055401765,-0.008541016,-0.013285885,-0.034105107,0.20121142,-0.054163385,0.0891009,0.008582429,-0.08481683,-0.024339173,-0.049063373,-0.013565997,-0.011829498,-0.028823188,0.9061601,0.009587147,-0.025719412,0.7929623,-0.015530274,0.06565177,0.48501787,-0.014010141,-0.009820455,-0.010252909,0.15056312,-0.068948306,-0.016140945,0.117725715,-0.012272169,-0.0029005893,-0.016148385,0.40718105,-0.016752284,-0.0111176465,-0.021381898,-0.028002696,-0.023217646,1.2421727
TCGA-VQ-A91K,-0.016381662,-0.013410345,-0.0026199813,-0.0899538,-0.019233096,0.0018396731,0.008504684,-0.018010404,-0.019191025,-0.0017211686,0.27795434,-0.036379363,0.0038068292,0.0064123496,-0.023869667,-0.010755556,0.06860762,-0.012680238,-0.057763476,-0.07944485,-0.017780181,0.032308333,0.3594493,-0.013277452,0.20051777,-0.023208205,-0.065300316,-0.008194235,-0.014301399,-0.037759613,0.059536327,-0.060920335,0.0923613,-0.016153084,-0.10288107,-0.037707936,-0.05908108,-0.010243438,-0.018974349,-0.03154348,0.72429514,-0.011812058,-0.03356195,0.7357417,-0.022049308,0.03125529,0.41963255,-0.018399995,-0.011945627,-0.009750142,0.13418648,-0.08239516,-0.010821225,0.14437002,-0.00851307,-0.005432382,-0.014896306,0.31469488,-0.02793612,-0.015274799,-0.010019559,-0.025039999,-0.021308769,1.0196612
TCGA-VQ-A91N,-0.0132717,-0.023512824,-0.015481876,-0.04734449,-0.012302554,-0.009440871,0.0020786626,-0.019271461,-0.009512952,0.025604593,0.33938497,-0.02222119,-0.00072961394,-0.007921035,-0.036926787,-0.00086759625,0.15237899,-0.011073435,-0.028260008,-0.05341812,-0.022355385,0.026126776,0.46540904,-0.013762977,0.19947082,-0.015990464,-0.028994199,0.06865029,-0.014718495,-0.031100806,0.08693361,-0.04354843,0.013818954,0.00095258304,-0.064394295,-0.02880069,-0.034553014,-0.0199952,-0.016073268,-0.02619935,0.79234195,-0.011795148,-0.037725978,0.79890335,-0.005912518,0.027848417,0.49087894,-0.024761224,-0.01226216,-0.015127193,0.19287916,-0.048779804,-0.021643512,0.0941356,-0.01865335,-0.007477993,-0.018579181,0.39639866,-0.033286154,-0.013149082,-0.01572295,-0.0073950924,0.010864872,1.2278489
TCGA-VQ-A91Q,-0.015860053,-0.024269655,-0.016374636,-0.037301905,-0.012328884,-0.0059149284,-0.0113460105,-0.014916056,-0.010876778,-0.013774467,0.30836838,-0.023769673,-0.004624583,0.030644504,-0.030664098,-0.009207408,0.022737518,0.0012659496,-0.012262662,-0.04914216,0.018227344,-0.012051103,0.4423227,0.009602282,0.12074286,-0.02609199,-0.036197536,0.023622492,-0.014080651,-0.038342245,0.16347867,-0.0530918,0.018134259,0.028036926,-0.06848389,-0.027882488,-0.03606075,0.044575687,-0.01035671,-0.023465749,0.73542804,-0.012743,-0.054830186,0.72837985,-0.016577898,0.009022382,0.4270631,-0.010915967,-0.0104780905,-0.0059264107,0.20329273,-0.040688097,0.0013962,0.20897712,-0.020319676,-0.017269306,-0.010408436,0.31548905,-0.022605034,-0.011782883,0.0052254186,-0.020943575,0.037142158,1.0790963
TCGA-VQ-A91S,-0.010727399,0.013154784,-0.019859467,-0.067210734,-0.006857658,-0.009151307,-0.011176935,-0.029723084,-0.015387913,0.02523072,0.4449344,-0.028528232,0.05033689,-0.011001054,-0.021403575,0.021295853,0.06419909,-0.02264393,-0.035551604,-0.058720693,-0.016685447,0.002899793,0.562601,-0.010741046,0.26583362,-0.011274443,-0.061142568,0.010135385,0.019927526,-0.043412022,0.17021546,-0.05338944,0.035697095,0.030720571,-0.07826653,-0.028402023,-0.044758596,-0.018370692,-0.012104188,-0.01931356,0.8243058,-0.025472675,-0.0358416,0.8688594,-0.019345608,0.058821972,0.55956113,-0.018855743,-0.010269537,-0.008000213,0.18332037,-0.07084631,-0.009156658,0.15903652,-0.0026069945,-0.0033127088,-0.013614972,0.47221467,-0.02690675,-0.01020738,-0.02487135,-0.023868093,-0.010339266,1.3506166
TCGA-VQ-A91U,-0.010008074,-0.028479617,-0.015856646,-0.045815814,-0.015059089,0.00530719,0.011749597,-0.021533197,-0.019310761,0.031115698,0.3794877,-0.017858906,0.018728022,0.012935508,-0.030373264,-0.0091798585,0.0713052,-0.016379453,-0.026278943,-0.05896231,-0.015165909,-0.01647671,0.45556346,-0.01792165,0.103587866,-0.0116033405,-0.046906963,0.010050871,0.007764114,-0.031500887,0.10911206,-0.045573138,0.056739036,0.10955774,-0.07096456,-0.015984219,-0.028837996,-0.0066278623,0.007969958,-0.0024264418,0.740055,-0.0086975815,-0.03437698,0.5937313,-0.013128191,0.03422437,0.4028709,-0.010526816,-0.010429914,0.0027143958,0.1072305,-0.057617694,-0.018660007,0.07380897,-0.00013058097,-0.022642678,-0.011682627,0.4119628,-0.025539026,-0.014923052,-0.012093338,-0.009892809,0.0012600133,1.161447
TCGA-VQ-A91V,-0.0059341677,0.0038461806,-0.023504598,-0.07986448,-0.020941189,-0.007924514,-0.011370575,-0.021717219,-0.009606668,-0.008992934,0.33408976,-0.029246539,0.010231191,-0.00031256024,-0.027177213,0.008810492,0.16886345,-0.014324177,-0.045269616,-0.056864813,-0.013343758,0.00058593845,0.49500299,-0.019358415,0.16027886,-0.008694129,-0.053579397,0.008080149,-0.026074495,-0.031008821,0.040616874,-0.046906687,0.05905039,-0.0063748676,-0.092716776,-0.0057865083,-0.048346482,-0.016183803,-0.02241879,-0.033675604,0.76784265,-0.015977403,-0.03260544,0.7232277,-0.019147998,0.06399919,0.328848,-0.011682234,-0.012392816,-0.012207477,0.07792616,-0.07567428,-0.008162064,0.11315,-0.018854262,-0.01008489,-0.020757724,0.35896465,-0.02584313,-0.01254485,-0.0111492425,-0.02212353,-0.018170962,1.138848
TCGA-VQ-A91W,0.0008814186,-0.021113086,-0.0027583481,-0.06489793,-0.016246317,0.01361873,-0.014629401,-0.014306387,-0.01484529,0.023061695,0.39236176,-0.035056885,0.008432165,0.027365763,-0.021495536,-0.018686716,0.16906524,-0.005599888,-0.04488941,-0.07066429,-0.015112568,-0.013853123,0.42250234,-0.021686114,0.12224643,-0.024035338,-0.05285961,-0.010514707,0.0036102738,-0.041746818,0.10723594,-0.054384638,0.04043221,0.027993439,-0.08274083,-0.035952307,-0.04705123,-0.019548517,-0.0198356,-0.028190799,0.7177791,-0.019861283,-0.03256558,0.6840454,-0.019448932,0.07192942,0.44290394,-0.020203516,-0.014350725,-0.006011951,0.1199262,-0.07720782,0.004036351,0.13977848,-0.011701025,-0.011889507,-0.022307526,0.34564126,-0.026636928,-0.018551843,-0.014344007,-0.024670385,-0.015778057,1.1079456
TCGA-VQ-A91X,-0.0056343675,-0.008293316,-0.0057546627,-0.061751634,-0.01651157,-0.014741232,-0.022663975,-0.0094189355,-0.014048152,0.026605394,0.3932317,-0.027023755,0.0072987108,0.00614864,-0.014045456,0.07312475,0.06707369,-0.014036389,-0.04243921,-0.056388613,-0.009767837,0.011137342,0.4317021,-0.015679706,0.18102257,-0.015000023,-0.0503063,-0.0073399013,-0.010119492,-0.026924092,0.050953314,-0.034472592,0.01188377,0.07916644,-0.07279637,-0.027631631,-0.04757926,-0.008687208,-0.019590773,-0.012680998,0.86671364,-0.020851986,-0.014957135,0.68995064,-0.016129717,0.03355857,0.46867657,-0.015620122,-0.00977378,-0.0056733703,0.08420622,-0.060239434,-0.012795147,0.0659668,0.0068668975,0.021694627,-0.008408971,0.34390756,-0.03737109,-0.007023275,-0.014652678,-0.02756586,-0.022932466,1.149766
TCGA-VQ-A91Y,-0.005168797,-0.027512971,-0.007944439,-0.015753241,-0.0016010553,0.008569538,-0.0049799755,0.013280027,-0.0049973284,0.021034941,0.26648706,-0.02815165,0.0039544613,0.006715061,-0.025880959,0.005596841,0.022285206,0.0066917636,-0.0070394175,-0.0500018,-0.014396955,0.005787755,0.34138158,0.018189557,0.035957776,-0.020854767,-0.025788367,0.012064132,-0.0044548656,-0.029137103,0.12689336,-0.03700122,-0.0077859843,0.001949815,-0.043338977,-0.0121200085,-0.025700556,-0.0039604004,-0.017304473,-0.01239536,0.48661265,0.0037590303,-0.05587437,0.42446226,-0.008563612,0.012840164,0.18998662,-0.0048805242,-0.009579901,-0.0060478393,0.082539685,-0.048746195,-0.006161856,0.1387446,0.0057543516,-0.0177881,-0.013002006,0.17807245,-0.010174476,-0.012577273,0.006105505,-0.008599313,-0.0065187104,0.6473258
TCGA-VQ-A91Z,-0.012284731,-0.03367794,-0.012236815,-0.044200674,-0.031459186,-0.0018296568,0.034174077,-0.018556744,0.014171667,-0.018144812,0.2984898,0.004092311,0.0031126402,-0.012493614,-0.01508278,-0.0066496516,0.13611746,-0.014606898,-0.034961488,-0.051181942,-0.0072144764,-0.010359239,0.37026095,-0.010430582,0.241815,-0.015612693,-0.04221522,0.10239773,0.021624997,-0.03777555,0.07522873,-0.026082788,-0.008262706,0.043248072,-0.07052064,-0.01955558,-0.034767084,-0.02805498,-0.018324366,-0.018040039,0.580702,-0.009338439,-0.030439477,0.6493583,-0.019155804,0.07562859,0.40097642,-0.0153850615,-0.013273464,-0.015881844,0.10513708,-0.05654165,-0.021952638,0.1754368,-0.01692282,-0.014984739,-0.016883817,0.29702622,-0.0304326,0.0062232995,-0.020233413,-0.0055022314,-0.012042715,0.9985022
TCGA-VQ-A922,-0.008367943,-0.0319584,-0.0060349754,-0.014459861,-0.0054478636,0.019651502,0.010479702,0.001300935,-0.000748939,-0.00037540216,0.30122718,-0.014036419,-0.0140757235,0.033987258,-0.021134377,-0.0059993677,0.026807204,-0.0043362956,-0.010606019,-0.05271315,-0.0042526526,0.024397347,0.3698184,0.019881712,0.04507518,-0.022022594,-0.023773344,0.027773704,0.018620325,-0.027385363,0.14040342,-0.040827814,-0.009275124,0.01163421,-0.051765274,-0.016125984,-0.033189453,-0.009716496,-0.015702207,-0.012750677,0.53704524,-0.013816534,-0.049691774,0.4285735,-0.013382433,0.023942778,0.2525898,-0.008022075,-0.008206493,-0.003616021,0.16552044,-0.04335309,0.0057063005,0.11144299,-0.0078578545,-0.02076365,-0.012471614,0.24018183,-0.014292732,-0.013183668,-0.008050156,-0.010073911,0.018411674,0.74339104
TCGA-VQ-A924,-0.01637383,-0.00978955,0.012320553,-0.06790535,-0.01925192,0.004679567,-0.013637871,-0.01763324,-0.012309384,0.0027834019,0.3936677,-0.02398205,0.0018286642,0.0074032806,-0.019795317,-0.01079438,0.10110262,-0.008712443,-0.022479882,-0.06874177,-0.0132165635,0.019922951,0.45859796,-0.01108865,0.14552712,-0.027022092,-0.05792145,-0.008460099,-0.006280224,-0.036161214,0.12055804,-0.05333539,0.05627142,-0.00943578,-0.090592586,-0.034000695,-0.049747948,-0.013816842,-0.018956453,-0.0232881,0.8044962,0.012994394,-0.03316084,0.7349783,-0.018117594,0.02437435,0.48296165,-0.017981475,-0.013750931,-0.007277134,0.17716816,-0.0682948,-0.014300145,0.16942516,-0.009804519,-0.010817765,-0.01744304,0.41091743,-0.024841651,-0.013016005,-0.015008973,-0.01863559,-0.019433046,1.167768
TCGA-VQ-A925,-0.0021274046,-0.021162452,-0.019673616,-0.027825074,-0.011767014,-0.0024557784,-0.01001858,-0.020545514,-0.015632935,0.06786885,0.27975464,-0.018674288,0.014867942,0.060656913,-0.023224132,-0.0052840244,0.058793448,-0.006886213,-0.023226837,-0.04053937,0.014152252,0.03465063,0.4118253,-0.013186714,0.057900123,-0.009202805,-0.030892555,-0.009557667,-0.014270198,-0.015167523,0.119046785,-0.046219394,0.020643616,0.0011766998,-0.045546506,-0.021865401,-0.026639964,-0.00017994852,-0.010551147,-0.017225029,0.6743252,-0.010738402,-0.036522035,0.61236984,-0.021564197,0.10264899,0.39324194,-0.008955051,-0.014860358,-0.008287466,0.13029504,-0.045494623,-0.013077578,0.081476554,-0.010672051,-0.014823299,-0.016646858,0.2966435,-0.021391746,-0.013740122,-0.026885848,-0.007278093,-0.011756452,1.0063181
TCGA-VQ-A927,-0.011357129,-0.016600413,0.006486767,-0.03351674,-0.008129138,-0.007435239,-0.009014914,-0.010967565,-0.0048574205,0.018817918,0.29065764,-0.024811639,0.01358085,0.021057064,-0.02373182,0.007549831,0.10335599,-0.0078605665,-0.017735388,-0.040981017,-0.009850312,0.01854454,0.50667465,-0.0072282883,0.078672975,-0.014900789,-0.034091532,-0.010188319,-0.0084728645,-0.023202356,0.13748586,-0.033899367,0.019024229,-0.0037367968,-0.05563654,-0.019588802,-0.02829156,-0.00810948,-0.012407975,-0.020437494,0.67629945,-0.010218687,-0.03804041,0.5670809,-0.007813393,0.021966917,0.3969788,-0.008817913,-0.009575864,-0.006972277,0.14623027,-0.044187896,-0.010064865,0.16922075,-0.0050162436,-0.012068187,-0.006628633,0.30212677,-0.018866403,-0.013737919,-0.012537496,-0.010869386,-0.0075442577,1.0048604
TCGA-VQ-A928,-0.017363645,-0.028308893,-0.014815468,-0.033368148,-0.014464412,0.015588624,-0.0120530855,-0.011383168,-0.015691282,-0.012622394,0.37693113,-0.028793218,-0.016821489,0.022614665,-0.022876384,-0.012415217,0.022779575,0.0008506279,-0.020963877,-0.063549064,-0.010255134,0.039021913,0.5102771,0.007646289,0.1423876,-0.013180736,-0.041618228,-0.0092351055,-0.009806384,-0.04577089,0.039500456,-0.050630987,-0.0057249954,-0.008266395,-0.059609883,-0.018500755,-0.019286677,0.0063294778,-0.012913033,-0.025538396,0.6751441,-0.014821801,-0.044426292,0.7378,-0.014967164,0.041479975,0.3111136,-0.014484013,-0.010506473,-0.011195446,0.17332722,-0.05495453,-0.013046969,0.075562805,-0.020333812,-0.012075198,-0.020012159,0.34995914,-0.0010460056,-0.012288975,-0.0065594637,-0.01491955,-0.009700421,1.0058064
TCGA-VQ-A92D,-0.015924625,-0.018637983,0.030192884,-0.08645507,0.019410377,0.039447345,-0.015632777,-0.01881305,-0.0091011245,-0.010399318,0.26265135,-0.037878506,0.00050579873,0.0148586305,-0.023187911,-0.007824515,0.024790945,-0.019007668,-0.051138297,-0.07044235,-0.003600145,0.004425247,0.48323876,-0.022211421,0.1744059,-0.028183002,-0.06935414,-0.014566653,-0.0145891225,-0.045782894,0.14227006,-0.052680727,0.0135630425,-0.016850289,-0.09827261,-0.040844303,-0.052781917,-0.0019205527,-0.016102085,-0.030408744,0.7644682,-0.029037785,-0.033634264,0.7215688,-0.026089411,0.07625674,0.42436388,-0.016050123,-0.007403508,-0.0067500575,0.11122474,-0.08251472,-0.008863455,0.12635839,-0.0033779675,-0.0141940275,-0.012401298,0.30776876,-0.024139501,0.008314795,-0.0174191,-0.021915242,-0.011876065,1.0153438
TCGA-VQ-A94O,-0.01769118,-0.014224158,0.00062793447,-0.021039672,-0.02023805,-0.0035399399,-0.0042713825,-0.008101644,-0.016567694,0.06230101,0.25901806,-0.013779086,-0.003666069,0.0023466432,-0.024912164,0.007689882,0.011845696,-0.009619538,-0.012260969,-0.032697845,-0.008771747,-0.003731156,0.40584278,-0.012605731,0.048010163,-0.015564084,-0.03705353,0.015781168,0.04725116,0.02628716,0.1768406,-0.008489081,-0.0073002493,0.031851508,-0.04549493,-0.01959717,-0.0127816405,0.0014571659,0.01768339,-0.00564373,0.59387386,0.006575094,-0.032572664,0.50458914,-0.010663531,0.061524015,0.31513053,-0.012411787,0.043878272,0.028769141,0.20734194,-0.04022856,-0.011775397,0.10182913,-0.008894069,0.010450377,-0.013094124,0.2574638,-0.015204247,-0.005629359,-0.01815958,-0.012844194,-0.0050465916,0.89896125
TCGA-VQ-A94P,0.002956374,-0.039589018,-0.011037576,-0.024493374,-0.0075547984,0.011041591,-0.0051416135,-0.007070464,-0.0059336154,-0.00566349,0.1911713,-0.04710053,0.0020858124,0.005546298,-0.02844831,0.0026967982,0.042653993,0.0009353319,-0.016921194,-0.05718597,-0.023794768,0.005647449,0.39082298,0.011799999,0.020633196,-0.0319769,-0.027087757,-0.018363122,0.018914713,-0.03582508,0.08493108,-0.055117615,-0.012137797,-0.0047398256,-0.05354131,-0.013132732,-0.03059703,0.0038263695,-0.016211662,-0.013120119,0.414689,-0.0116896015,-0.08208547,0.39467627,-0.012138867,-0.01242543,0.24208888,0.0005571878,-0.012854511,-0.0018128179,0.039074864,-0.07422673,-0.0051712827,0.16440678,-0.011084746,-0.028317733,-0.009352951,0.12575708,-0.018519804,-0.018941171,-0.0054097446,-0.0090281,-0.013923316,0.65510535
TCGA-VQ-A94R,-0.016077248,-0.0319563,-0.0145450225,-0.06607729,-0.02158684,0.013182651,0.0025239098,-0.009288205,-0.00818914,-0.0082053915,0.37395167,-0.02679874,-0.0045214063,0.010906697,-0.024917692,-0.003182393,0.10546203,0.013975868,-0.03634888,-0.069302306,-0.010350085,0.047577895,0.45600545,0.0065446557,0.11793329,-0.02366768,-0.059445895,0.004043715,-0.00674157,-0.045887154,0.121638596,-0.058457516,-0.00087241374,-0.0020655952,-0.09029074,-0.028142173,-0.04428231,-0.013322992,-0.020990215,-0.0195651,0.7077598,-0.026352737,-0.039972402,0.6994474,-0.017873436,-0.008992279,0.37358811,-0.026518552,-0.012774341,-0.004233795,0.14426073,-0.07667606,-0.017753605,0.14293557,-0.017924998,-0.0123005435,-0.01438635,0.33548868,-0.04068947,-0.013821645,-0.0063081337,-0.01961782,-0.031231957,1.1412739
TCGA-VQ-A94T,-0.00484335,-0.035763722,-0.013118385,-0.056541026,0.0034935907,0.011701791,-0.008073219,-0.02117404,-0.021280771,-0.008820418,0.3145583,0.021968635,0.0058022705,0.0065414067,-0.017924203,-0.0060458826,0.08575724,-0.019233752,-0.033974737,-0.05047591,-0.018055102,0.004179557,0.5073917,-0.029330775,0.17578661,-0.010963667,-0.04877679,0.053396933,-0.00011941651,-0.024489943,0.1121756,-0.055409998,0.07439556,-0.005454898,-0.06866138,-0.033776317,-0.04907848,-0.014730991,-0.019848455,-0.016468948,0.8123487,-0.008021256,-0.026620962,0.7022753,-0.016060384,0.10884543,0.4206538,0.0904963,-0.015859194,0.0052878777,0.12766236,-0.052497905,-0.012955736,0.05372011,-0.016817048,-0.01423946,0.021002108,0.37011513,-0.013232497,-0.012651007,-0.014107315,-0.016605636,-0.009652201,1.0650622
TCGA-VQ-A94U,-0.013005053,-0.022091491,0.0042878916,-0.0744709,0.0035399897,-0.0064415247,-0.020102523,-0.013406942,-0.013808701,0.0015473897,0.31911933,-0.03252339,0.011789834,0.012813579,-0.02654907,0.012475975,0.1479724,-0.010375203,-0.037508942,-0.08127397,-0.012912992,-0.0023295889,0.50852406,-0.019411944,0.10674944,-0.02462735,-0.062196158,-0.018137384,-0.011628794,-0.043109275,0.062152524,-0.059897825,-0.0073817777,0.009121038,-0.09494536,-0.024622988,-0.046376802,-0.027619947,-0.023686541,-0.02702713,0.7313545,-0.021250054,-0.053494163,0.6890289,-0.018438814,-0.0028326241,0.46259484,-0.02102573,-0.014284687,-0.010375187,0.10679422,-0.07904666,-0.01015732,0.1538094,-0.023534022,-0.020777233,-0.010222473,0.3688293,-0.029240467,-0.014409998,-0.020327628,0.0073748417,-0.011458244,1.2239879
TCGA-VQ-AA64,-0.009187617,-0.012568669,-0.004496497,-0.036898926,-0.010188598,0.024888571,-0.007563359,-0.015272696,-0.0052369004,-0.002232723,0.24299237,-0.022768574,6.197684e-05,0.01491828,-0.03276904,-0.013029052,0.039231054,0.006126534,-0.024678022,-0.043402776,-0.009771696,-0.0025349874,0.4276724,-0.0015039183,0.16258112,-0.02262008,-0.031668037,0.0055005606,-0.0077285017,-0.046381943,0.14682454,-0.04602772,0.0038108425,0.0020909496,-0.061315037,-0.015570713,-0.02817482,-0.006372975,-0.015242616,-0.024723716,0.604613,-0.013969529,-0.051857106,0.6702188,-0.014780988,0.027405364,0.4349181,-0.012711084,-0.01328822,-0.0052172057,0.2856434,-0.046906013,-0.011697858,0.14323875,-0.01043919,-0.02151084,-0.017765813,0.29923213,-0.022041632,-0.017382775,-0.011095196,-0.009870506,-0.0041538817,1.0511098
TCGA-VQ-AA68,-0.0110921655,-0.011703469,-0.018274887,-0.07478836,-0.014252273,1.7835293e-05,-0.010892347,-0.024432616,-0.007968471,0.0014388217,0.23496823,-0.027464908,0.013013965,0.0038682953,-0.021751951,-0.008864688,0.092419684,-0.018493447,-0.025821177,-0.062211886,-0.014075947,-0.008755747,0.40897098,-0.008737664,0.13568765,-0.014266646,-0.055188663,0.0436427,-0.011914909,-0.035006497,0.086868234,-0.042259105,0.010645509,-0.0034923898,-0.080479845,-0.034126792,-0.041967608,-0.020351902,-0.022168856,-0.04302016,0.68121964,-0.019246362,-0.02565042,0.6281785,-0.019868184,0.06433842,0.36670402,-0.019106276,-0.009672791,-0.002227571,0.11566097,-0.07259946,-0.014138463,0.04276307,-0.0092063695,-0.0037977844,-0.015552843,0.33295566,-0.022205373,-0.01297625,-0.01920857,-0.014619409,-0.024026094,1.0343771
TCGA-VQ-AA69,-0.024471493,-0.02220339,0.0027157543,-0.10542192,-0.025465723,0.016469648,-0.015661124,-0.026970142,-0.029630724,0.0076559475,0.45658743,-0.035917,0.00604913,0.028940683,-0.02002179,-0.017209157,0.14735347,-0.020096766,-0.055913582,-0.09383385,-0.016871408,-0.009216016,0.42660925,-0.03093414,0.2867573,-0.03037511,-0.08677115,0.026330022,-0.01723244,-0.04888331,0.08098905,-0.06501663,0.12707108,0.017706448,-0.119543076,-0.047887255,-0.034339845,-0.016568806,-0.02491721,-0.020408437,0.9850314,-0.028356157,-0.03562939,0.80012906,-0.02922498,0.109785944,0.6009091,-0.02860603,-0.011877757,0.019646624,0.18898077,-0.10103609,-0.015304902,0.14857574,-0.017897656,-0.013196436,-0.021374013,0.3994084,-0.036163818,-0.017972725,-0.017341865,-0.03794064,-0.024760757,1.3863598
TCGA-VQ-AA6A,-0.014854141,-0.021648385,-0.014654715,-0.05045242,-0.017548185,0.03626417,-0.011726679,-0.01847082,-0.010354458,0.059519403,0.37068036,-0.0033036387,0.00035607314,0.0033017546,-0.024653872,-0.004681616,0.09020896,-0.008801833,0.00015350292,-0.06333301,-0.013750844,-0.0058935094,0.42265105,-0.016326923,0.108506545,-0.025475264,-0.040190086,-0.0040931553,-0.01612455,-0.02748293,0.09806093,-0.021778189,0.0013796089,0.004699502,-0.06525701,-0.011841132,-0.039298914,0.030348007,-0.006296507,-0.022870714,0.74693346,0.002164932,-0.031178057,0.6821445,-0.0067511303,0.072791144,0.4177453,-0.010323267,-0.008035321,0.044372257,0.13264465,-0.053083934,-0.011926864,0.068980716,-0.020622905,0.010974541,-0.018912453,0.27462155,-0.031278364,0.03581985,-0.014489702,-0.01372976,-0.024562545,1.2065874
TCGA-VQ-AA6B,-0.016609326,-0.005839527,-0.015372114,-0.06825306,-0.008600141,-0.01926251,-0.0071224375,-0.019430093,-0.016948458,0.00043511298,0.32559216,-0.029840691,0.016057072,0.003413082,-0.017280985,0.0073000295,0.19640587,-0.012609158,-0.036773644,-0.06782185,-0.011328719,0.011055758,0.4256161,-0.007076059,0.14461982,-0.01450098,-0.058732357,-0.0026186993,0.015087662,-0.032823164,0.09741922,-0.051578958,0.042697813,-0.0015169432,-0.07807478,-0.025240904,-0.041641735,-0.011037241,-0.007826449,-0.011601172,0.82894164,-0.017633263,-0.03929861,0.65082073,-0.016512023,0.041742645,0.41489595,-0.008890672,-0.021707121,-0.015840754,0.1535174,-0.061289523,-0.019104894,0.07299818,0.017361075,-0.006561614,-0.013419585,0.39901462,-0.026751917,-0.009464469,-0.01469872,-0.019334659,-0.018120343,1.0701187
TCGA-VQ-AA6D,-0.009716842,-0.024966292,-0.013691557,-0.04368182,-0.02403399,0.006466295,-0.015719127,0.017259464,-0.012714498,0.008721568,0.38082784,-0.027751472,-0.0046247365,0.016268447,-0.018464614,-0.008760129,0.085838825,-0.011628107,-0.019307874,-0.05449239,0.02328377,0.016066097,0.5241414,-0.015991295,0.17571075,-0.021383766,-0.034945987,0.03422341,0.011820238,-0.026855728,0.098930806,-0.03884639,0.046354182,0.02460176,-0.06832889,-0.021437054,-0.045197595,-0.0071559283,-0.02294335,-0.027543448,0.877535,-0.0045523765,-0.037410464,0.77347684,-0.014541335,0.066261575,0.4583668,-0.020041134,-0.011588027,-0.012980543,0.27000022,-0.04181897,-0.015422493,0.13059624,-0.01474995,-0.016216012,-0.01211226,0.34543195,-0.028023034,-0.01032425,-0.016237408,0.00038572028,-0.012340743,1.2325453
TCGA-VQ-AA6F,0.004210332,-0.014396815,-0.0068285204,-0.028009012,-0.011090772,0.002351213,-0.005959834,-0.012051518,-0.0021125288,0.019684672,0.31849554,-0.018053802,0.008758024,0.0030389219,-0.018804394,-0.009141943,0.11974779,-0.016614836,-0.0108663095,-0.035212584,-0.011234183,-0.0044363984,0.4366089,-0.010043221,0.11348243,0.021721967,-0.038037922,0.0021648968,-0.005091974,-0.0195078,0.07172008,-0.02945103,0.06922035,0.0022899397,-0.060046047,-0.022412637,-0.031100107,-0.0052201073,-0.0094249705,-0.018709807,0.67021346,-0.008482581,-0.029896477,0.6224071,-0.012719632,0.059829257,0.40105295,-0.00599634,-0.011153535,0.005863897,0.20684041,-0.03993333,-0.015905637,0.11586868,-0.008568322,-0.0072702467,-0.009900536,0.30627072,-0.018194087,-0.0061869994,-0.010573724,-0.013117109,-0.011620818,0.93905914
TCGA-VQ-AA6G,-0.016533934,-0.018313754,-0.012980001,-0.077722445,-0.01703175,-0.0015009346,-0.013561647,-0.017276859,-0.010266564,-0.0056336625,0.2208391,-0.026089642,0.021437645,-0.0031015268,-0.027975615,0.00051407435,0.07670528,-0.01318639,-0.039295483,-0.05309976,-0.014515155,-0.011851627,0.41542077,-0.01151883,0.15681183,-0.016574837,-0.057461046,-0.0063218507,-0.014702162,-0.038063843,0.08530136,-0.045179218,0.04751397,-0.011812575,-0.088099316,-0.03107708,-0.049177684,-0.013268273,-0.017476737,-0.02390215,0.61932456,-0.0237359,-0.027178407,0.5697413,-0.0008516535,0.06464228,0.35819957,-0.008945297,-0.011547473,-0.0054697804,0.097883865,-0.0760556,-0.008584747,0.16824487,-0.008198427,-0.005174798,-0.01885714,0.29721662,-0.021054327,-0.012294681,-0.016972443,-0.009811302,-0.017456027,0.93372524
TCGA-VQ-AA6I,-0.015876122,-0.015960084,-0.0049091857,-0.06148059,-0.013923228,-0.003122223,-0.010751258,-0.011175549,-0.018535333,0.00016322453,0.30356997,-0.029305585,0.004588477,0.004809353,-0.023467824,-0.005523941,0.1234649,-0.011739232,-0.03466204,-0.06053432,-0.006040686,-0.0070808576,0.46648437,-0.0092654135,0.1364328,-0.018126218,-0.055473886,-0.0024284925,-0.0152248535,-0.03899731,0.102607235,-0.036605775,0.035986222,-0.018000837,-0.082053326,-0.023462033,-0.045219135,-9.653892e-05,-0.018207312,-0.012813457,0.7334975,-0.020619456,-0.030775312,0.66138893,-0.015219913,0.051036607,0.47330222,-0.01645443,-0.013262516,0.009519206,0.08769518,-0.06371642,-0.009599967,0.14933993,-0.009390521,-0.005694584,-0.016381972,0.3260717,-0.02612874,0.0016735122,-0.015383609,-0.024555806,-0.012457554,1.0744324
TCGA-VQ-AA6J,-0.009680033,-0.016869064,-0.0062040854,-0.04312118,-0.014525325,-0.00801664,-0.007021792,-0.009311013,-0.0063353498,-0.006990716,0.24964723,-0.017723171,0.004372219,0.00041666115,-0.025129564,0.0091739,0.107684776,0.011659717,-0.029083196,-0.051244713,-0.010046594,0.00077912526,0.53269374,-0.011300941,0.1321969,0.0038169352,-0.04779001,0.0060562077,0.007929353,-0.029387582,0.11586833,-0.040984593,0.018406766,0.002998379,-0.06503663,-0.023124188,-0.028410114,-0.015820172,-0.013343234,-0.02033522,0.76506037,-0.01863942,-0.031483784,0.6248662,-0.014316058,0.031152656,0.40671292,-0.007832168,-0.009421793,0.0008311579,0.11039865,-0.052428685,-0.013448872,0.123741955,-0.008772949,-0.016106147,-0.015800834,0.37742847,-0.023455812,-0.017828785,-0.011165546,-0.013892774,-0.016796434,1.0981569
TCGA-VQ-AA6K,-0.0027266776,-0.02279082,-0.010666771,-0.026464807,-0.011860843,-0.000105910935,-0.006031475,-0.008065256,-0.014177462,-0.007878672,0.24189514,-0.024134412,-0.006844484,0.00868658,-0.02738389,-0.0058891475,0.018747943,-0.013436074,-0.015352139,-0.042306107,-0.003986532,0.003443459,0.4392178,-0.0066659264,0.05374433,-0.018251482,-0.032581463,0.037038412,-0.00993129,-0.01915668,0.06212671,-0.046118002,0.073452614,-0.007563815,-0.050927576,-0.017248567,-0.008936632,-0.005497607,-0.007259613,-0.018332295,0.6128388,-0.007645128,-0.028955746,0.56374276,-0.0113056665,0.036073074,0.3596294,0.012714358,-0.007494392,-0.008192778,0.11543663,-0.046602964,0.037290122,0.14578274,-0.0072321133,-0.010023224,-0.008541579,0.25735316,-0.016070485,-0.004818553,-0.0029682666,-0.0068265893,-0.016542163,0.9379703
TCGA-ZA-A8F6,0.0032331888,-0.02369827,-0.009778346,-0.042122323,-0.011531719,0.0020986006,-0.00776345,-0.012179762,-0.010075998,-0.0022315213,0.30329385,-0.019606417,-0.0008716504,-0.0060785217,-0.02892004,-0.0089130085,0.08450961,-0.0021639508,-0.031408634,-0.053343758,-0.00885223,0.01690063,0.362106,0.009578861,0.10305282,-0.01937246,-0.04507009,-0.0072429487,-0.013379701,-0.02585521,0.12244168,-0.05117563,-0.00067939074,0.0059893047,-0.067280814,-0.020038066,-0.035733737,0.012056876,-0.008256099,-0.017424788,0.6400893,-0.011469149,-0.043481715,0.588243,-0.009218559,0.0019266433,0.30638063,-0.007924986,-0.0033824462,-0.008323067,0.098062485,-0.058117285,-0.013470771,0.07464253,-0.0039466396,-0.012116537,-0.0088815605,0.24675581,-0.022101337,-0.022836773,-0.006535075,-0.012921592,-0.017527355,0.9054369
