patient_id,priv_meth_0,priv_meth_1,priv_meth_2,priv_meth_3,priv_meth_4,priv_meth_5,priv_meth_6,priv_meth_7,priv_meth_8,priv_meth_9,priv_meth_10,priv_meth_11,priv_meth_12,priv_meth_13,priv_meth_14,priv_meth_15,priv_meth_16,priv_meth_17,priv_meth_18,priv_meth_19,priv_meth_20,priv_meth_21,priv_meth_22,priv_meth_23,priv_meth_24,priv_meth_25,priv_meth_26,priv_meth_27,priv_meth_28,priv_meth_29,priv_meth_30,priv_meth_31,priv_meth_32,priv_meth_33,priv_meth_34,priv_meth_35,priv_meth_36,priv_meth_37,priv_meth_38,priv_meth_39,priv_meth_40,priv_meth_41,priv_meth_42,priv_meth_43,priv_meth_44,priv_meth_45,priv_meth_46,priv_meth_47,priv_meth_48,priv_meth_49,priv_meth_50,priv_meth_51,priv_meth_52,priv_meth_53,priv_meth_54,priv_meth_55,priv_meth_56,priv_meth_57,priv_meth_58,priv_meth_59,priv_meth_60,priv_meth_61,priv_meth_62,priv_meth_63
TCGA-3M-AB46,-0.029904544,0.29294035,0.552244,-0.35845438,0.09228223,0.7793331,0.58144385,-0.09024528,0.94590497,0.17283794,-0.013002611,-0.026524542,-0.14742225,-0.099857144,1.2889318,0.13971223,0.22040595,1.6179041,-0.1961183,-0.09116671,0.38658753,-0.013752985,-0.019452957,0.18993156,0.1623405,0.9450257,-0.08314692,-0.035141006,0.80175436,-0.054481525,-0.0065209465,-0.111568294,0.0031457432,0.06318071,-0.22198911,-0.1610361,-0.10289182,-0.056116827,1.0975145,-0.12660673,-0.01703251,-0.05240438,1.0038497,-0.0016775628,-0.06900331,0.41821426,0.4358219,-0.049422324,0.6283472,0.028339844,-0.004871188,-0.1543046,0.13673022,-0.011495293,1.1249343,0.7113495,1.0977818,0.060081366,-0.14754142,-0.012686198,0.10793278,-0.0076751127,-0.08330273,-0.008332151
TCGA-B7-5816,-0.08356311,-0.0022898787,0.13130474,-0.7366212,0.47701597,1.478132,1.0799373,-0.13870727,1.3340001,0.37912354,-0.01187324,-0.124223106,-0.2602221,-0.19255888,2.153018,0.34837797,0.37382057,-0.0021519219,-0.48596224,-0.27428356,0.6022375,0.05348987,-0.021066252,0.32672492,-0.003968956,1.1437956,-0.21085158,0.032916933,1.6830626,-0.10640999,-0.04182722,-0.2860285,0.076945685,0.3878243,-0.46181542,-0.3033732,-0.19573803,-0.13542174,2.4517097,-0.25152627,-0.023502214,-0.097380586,1.6572449,-0.025905991,-0.05003453,0.112168536,-0.037358224,-0.09063058,1.1474316,0.18087538,-0.015709985,-0.35690442,0.75821126,-0.017840464,2.4974253,1.514959,1.8295745,-0.01190314,-0.27541676,-0.09585859,0.6199648,-0.021166552,-0.1516726,-0.031497184
TCGA-B7-5818,-0.10586486,0.0852018,0.08430761,-1.0424592,0.5267409,1.9314849,1.6698096,-0.2176172,1.8409308,0.63029635,-0.029552227,-0.17374687,-0.3955318,-0.27009743,2.9836051,0.36408326,0.55090827,-0.0065320483,-0.70407474,-0.3919022,1.2795179,0.10990013,-0.013629004,0.24289955,-0.016474398,1.5863051,-0.2705401,-0.008653524,2.130138,-0.16498888,-0.054814275,-0.40349236,0.06799292,0.3861849,-0.6370681,-0.48141655,-0.28739902,-0.16268024,3.5097983,-0.3374444,-0.026852623,-0.14855626,2.3554852,-0.050199207,-0.058448106,0.19489782,-0.031995054,-0.11465321,1.5119117,0.024627525,-0.032083,-0.51708543,1.2081734,-0.032296844,3.5289805,2.134657,2.812633,-0.019560857,-0.37965012,-0.15225862,0.23573667,-0.02573706,-0.23297666,-0.027315332
TCGA-B7-A5TI,-0.02835211,0.4424638,0.64873505,-0.3434555,-0.02567713,0.7543545,0.56249803,-0.051963806,0.7203519,0.28948787,-0.018737646,-0.04057462,-0.1626456,-0.08688866,1.4759656,0.16957523,0.16047774,1.1134441,-0.21243787,-0.084389225,0.39670634,-0.043234386,-0.026770461,0.07575426,0.15509081,0.8055541,-0.090664126,-0.0013927907,0.65295476,-0.08716736,-0.028150365,-0.124788895,-0.023679897,0.061299957,-0.21972123,-0.14878118,-0.11255189,-0.049623966,1.3200155,-0.1347757,-0.010108322,-0.040418915,0.97248083,-0.019983483,-0.05831181,0.41550678,0.17901435,-0.04077184,0.4006065,-0.011417599,0.07324831,-0.16646332,0.09932508,0.06016305,1.0531374,0.55314213,1.2511758,-0.022112828,-0.1275138,-0.019922933,-0.007878147,-0.04011818,-0.06648477,-0.014558989
TCGA-B7-A5TJ,-0.116495304,0.19849509,-0.007878549,-1.114135,0.5744838,2.0075774,1.7001321,-0.20750645,2.039935,0.6066827,-0.04449857,-0.171059,-0.4102225,-0.2957103,3.0404184,0.40711132,0.62979865,0.096568696,-0.75615335,-0.4199747,1.3275588,-0.0076637627,-0.0054766196,0.18570422,-0.0022479955,1.9282712,-0.3047822,-0.015566299,2.1346798,-0.18410593,-0.058805674,-0.41274294,-0.0059664072,0.22514684,-0.6640751,-0.5093044,-0.32651016,-0.1838192,3.5747962,-0.36286065,-0.015848568,-0.15238504,2.484947,-0.03542313,-0.082414374,0.1838641,-0.03751631,-0.107670344,1.646379,0.30278626,0.079619825,-0.5517543,1.2353917,-0.0370688,3.5131795,2.3767421,2.8507638,-0.024243884,-0.38380238,-0.16488637,-0.0019274027,-0.020357523,-0.23476525,-0.016485697
TCGA-B7-A5TK,-0.06144301,-0.002619021,0.24784032,-0.6253033,0.34785634,1.3646299,0.9838301,-0.12971292,1.2085015,0.5248559,-0.008015302,-0.11164105,-0.23389803,-0.16776328,1.8344823,0.25432292,0.38448396,-0.009496341,-0.41356474,-0.22858344,0.5655483,0.11252068,-0.009641,0.2163237,-0.012210567,0.83850044,-0.17138402,0.022833884,1.4086492,-0.0926727,-0.021588663,-0.24973312,0.073128596,0.44670653,-0.38910848,-0.2538935,-0.17768207,-0.10583426,2.0748184,-0.2124372,-0.011007211,-0.061603725,1.3055555,-0.03817297,-0.050977256,0.045721434,-0.019846361,-0.08147364,0.90729886,0.15819961,-0.011391555,-0.30762357,0.732545,-0.029305816,2.0912337,1.3009092,1.6010227,-0.023048745,-0.22273846,-0.0982201,0.5293478,-0.012059818,-0.13527219,-0.01632276
TCGA-B7-A5TN,-0.02289517,0.35766664,0.7953229,-0.38260266,0.008252798,0.78930557,0.9027584,-0.06463468,0.72691035,0.2126702,-0.03192011,-0.019899609,-0.1478881,-0.095576935,1.5561355,-0.0067659724,0.13944192,1.3240017,-0.2220674,-0.10223664,0.30450368,-0.019616123,0.13549812,0.16231586,-0.015795546,0.82756,-0.07813152,-0.011118213,0.88895607,-0.08132401,-0.04831352,-0.12025937,-0.03365478,0.009960242,-0.23646016,-0.15895908,-0.106032036,-0.057312217,1.4944322,-0.12220263,0.061010655,-0.04205261,1.0914406,-0.007743151,-0.054489907,0.617308,0.094276026,-0.043537714,0.77333957,-0.01139425,-0.0025598137,-0.16629584,0.43925437,-0.00579922,1.2019316,0.66676307,1.3483349,-0.0020902292,-0.14992921,-0.03644945,0.0031233802,-0.009342117,-0.09326474,0.070560604
TCGA-BR-6452,-0.09752516,0.17153783,0.15478642,-0.94997275,0.45641965,1.9009824,1.5300161,-0.18390362,1.7815149,0.46518108,-0.01794178,-0.14288805,-0.333866,-0.24279605,2.7844825,0.3369476,0.53363806,0.05015223,-0.62136734,-0.3404096,0.98395526,-0.00014470964,-0.021704102,0.3333117,-0.0030149613,1.5266819,-0.27030322,0.0315364,1.879249,-0.15985048,-0.0520005,-0.37076756,0.039116293,0.27902853,-0.59819025,-0.4167792,-0.27388236,-0.15842755,3.105712,-0.3271148,-0.029608889,-0.12778454,2.124507,-0.04134531,-0.06801755,0.12654246,-0.028975371,-0.12217369,1.4233892,0.19341412,-0.019828742,-0.47583547,0.9602946,-0.02486003,3.1391501,1.9056119,2.5480592,-0.010444014,-0.33409297,-0.13315782,0.44580233,-0.02957946,-0.21204774,-0.03536717
TCGA-BR-6453,-0.05858623,-0.002571646,0.074210085,-0.5528992,0.30627376,1.0520012,0.87093276,-0.103185736,0.98805827,0.55211645,-0.0050333254,-0.09175932,-0.18722779,-0.13169143,1.660892,0.21473646,0.32765558,-0.0065194666,-0.36406723,-0.21159485,0.4874207,0.052304976,-0.011207537,0.102723174,0.0085457675,0.98332417,-0.15321295,0.065199904,1.2877856,-0.07544086,-0.018980032,-0.22806011,0.13315907,0.21410476,-0.333378,-0.23977967,-0.16111238,-0.10703363,1.7406954,-0.18025368,-0.012202251,-0.06677721,1.2760168,-0.027548475,-0.046752498,-0.0075491816,-0.025360314,-0.058534916,0.67491317,0.29680824,-0.0014423227,-0.27470466,0.5473833,-0.017894082,1.7921228,1.1439987,1.3964938,-0.01628749,-0.18594383,-0.09205397,-0.0012083407,-0.008062951,-0.11389496,-0.022208197
TCGA-BR-6455,-0.09461472,0.062014967,0.10652165,-0.941346,0.39254576,1.9177024,1.6679574,-0.16451631,1.6983187,0.6261165,-0.02178363,-0.14673565,-0.3556685,-0.24896021,2.8251452,0.3075448,0.43893763,-0.00084528973,-0.6445727,-0.350652,1.0658009,0.104629785,-0.011578488,0.06248886,-0.009238887,1.5003511,-0.24398184,-0.0057124957,1.9730706,-0.1415941,-0.06660835,-0.3545172,0.0040883124,0.47309175,-0.55788827,-0.42902985,-0.28254607,-0.14821331,3.2395496,-0.29793978,-0.02723592,-0.11972617,2.0173206,-0.043081388,-0.05029471,-0.0034750812,-0.04206995,-0.090975724,1.3088545,0.27924347,-0.023583604,-0.46175838,1.083783,-0.01910269,2.968109,1.9422326,2.4412072,-0.027229076,-0.34312126,-0.14847247,0.13417627,-0.0330123,-0.21036203,-0.014225692
TCGA-BR-6456,-0.03174312,-0.0023003852,0.37731865,-0.27527836,0.112314634,0.78921044,0.58772194,-0.04465485,0.49725336,0.10695494,-0.001312673,-0.049239423,-0.10837545,-0.086199656,1.1607641,0.11184507,0.30444613,0.18514356,-0.16720118,-0.10035058,0.078075565,-0.00045396984,-0.0312707,0.26259357,-0.012242009,0.28517786,-0.09223096,-0.0003118213,0.66723746,-0.052338034,-0.019176694,-0.104593515,0.07784434,0.45109922,-0.18461592,-0.07744407,-0.09003758,-0.049148437,1.0822344,-0.11367605,-0.010809722,-0.02573722,0.6052784,-0.010139129,-0.021951465,0.033109434,-0.008172198,-0.054602016,0.26668438,0.051712304,0.050743297,-0.1249182,0.22960609,0.12420914,1.0254118,0.44009632,0.9041695,-0.014534985,-0.11512282,-0.0148697635,1.1189802,-0.018951824,-0.04351274,-0.013128522
TCGA-BR-6457,-0.045722537,0.09247261,0.05116675,-0.4618187,0.24220628,0.8822979,0.792961,-0.09028152,0.9355442,0.472064,-0.01113899,-0.08242938,-0.16749932,-0.09684525,1.4048622,0.23142824,0.26903537,0.0490293,-0.29913193,-0.1745491,0.419422,0.03437613,-0.015169948,0.10438995,0.035330612,0.8584236,-0.13052522,-0.007991252,1.1194446,-0.061825782,-0.0067998855,-0.19634192,0.076584764,0.21197857,-0.2904818,-0.19989522,-0.13326363,-0.083435915,1.532106,-0.15907238,-0.01602806,-0.044495776,1.0179057,-0.025255946,-0.04015517,0.07636803,-0.014629654,-0.03818369,0.5893977,0.36285213,0.13274142,-0.22926009,0.4405868,-0.016794043,1.4348289,0.98683125,1.1915637,-0.009155007,-0.15864143,-0.064150326,-0.0033619255,-0.010536774,-0.093858935,-0.0165484
TCGA-BR-6458,-0.046971165,0.0778704,0.13566579,-0.6013161,0.15031156,1.3400679,1.0630372,-0.081548564,1.1869783,0.11412969,-0.015165572,-0.07731112,-0.21674328,-0.1376154,1.8765106,0.13822702,0.38657182,0.33847398,-0.3694283,-0.21719685,0.41019812,-0.0030512947,-0.018082311,0.10835982,0.11032347,1.1191968,-0.18447922,-0.0015663877,1.2365931,-0.07564383,-0.023832748,-0.22991402,0.051544983,0.12129403,-0.37798113,-0.24088071,-0.17026624,-0.09610058,2.0802145,-0.2029707,-0.010170664,-0.07277524,1.4845773,-0.036136672,-0.06352507,0.056241125,-0.030464265,-0.07032183,0.782495,0.66714734,0.18921219,-0.32536212,0.5610722,0.18185364,1.9206549,1.3253173,1.6435775,-0.008526593,-0.22012062,-0.08902138,0.4419985,-0.018578228,-0.12445562,-0.021042576
TCGA-BR-6563,-0.04015502,0.072857045,0.31845576,-0.45773697,0.16865876,0.9935713,0.78080934,-0.09913682,0.91603136,0.61720955,-0.00934874,-0.07815726,-0.16071087,-0.11163273,1.5239754,0.21919867,0.35596588,0.17970109,-0.28373066,-0.15745582,0.31833106,0.0034720749,-0.009546445,0.122107305,0.06520125,0.744447,-0.11781448,1.0997523e-05,1.0308583,-0.06368634,-0.010072238,-0.18947694,0.020655464,0.2505958,-0.28561276,-0.18365175,-0.13469063,-0.0871157,1.5129559,-0.15033816,-0.008314872,-0.05045856,1.0882643,-0.0121070845,-0.054646283,0.061303213,-0.025514513,-0.04987178,0.6346726,0.30378658,0.0572118,-0.23083392,0.47780904,-0.009365778,1.4472024,0.9045548,1.194878,-0.019436333,-0.15315376,-0.07738732,0.27188525,-0.01255915,-0.09541101,-0.029101327
TCGA-BR-6564,-0.033462364,0.020996548,0.2666558,-0.22584398,0.039407816,0.6574439,0.31049103,-0.06414845,0.39138559,-0.007986016,0.05220546,-0.05624766,-0.09037948,-0.06808182,0.8923814,0.3591534,0.21276364,0.39574978,-0.13635159,-0.06161679,0.04816985,-0.00093626603,-0.012001126,0.54679877,-0.015444483,0.05822536,-0.07900468,-0.008473407,0.571804,-0.056764897,-0.008401319,-0.07721072,-0.0042589554,0.39136666,-0.16059141,-0.055659264,-0.046421677,-0.037076343,0.8375688,-0.08363194,-0.01923478,-0.021084836,0.5902022,0.077067845,-0.022624224,0.107503146,-0.0009409256,-0.069005385,0.36364043,-0.008867298,-0.0027521995,-0.09614055,0.20727463,0.12032855,0.8573668,0.46895024,0.73237216,-0.0051610367,-0.10364165,-0.021985732,1.3729479,-0.017364267,-0.03778511,-0.014724815
TCGA-BR-6565,-0.009082271,0.10102162,0.3444128,-0.18025897,0.08638292,0.50945026,0.32071608,-0.018180324,0.33796754,0.22517154,-0.008869017,-0.026144518,-0.076083876,-0.042684823,0.80439913,0.043588232,0.19139706,0.41137993,-0.11382264,-0.050109923,0.06205427,-0.013712041,-0.020279117,0.08070559,0.02844211,0.34403613,-0.05865817,0.09770254,0.5182057,-0.03720325,-0.0006340802,-0.07737042,0.033544265,0.24391164,-0.12189801,-0.06595493,-0.0730198,-0.034239996,0.71824116,-0.07032148,-0.0066981763,-0.03035712,0.5790704,-0.014073213,-0.025781209,0.056582764,0.16178611,-0.026265496,0.111374795,0.024833675,-0.004490877,-0.09931082,0.14908828,0.07296411,0.55148345,0.17064595,0.7602539,-0.0035874497,-0.067975186,-0.015240236,0.114941195,-0.025670512,-0.027461827,-0.0063368143
TCGA-BR-6566,-0.07730961,0.07503233,0.090711,-0.7517027,0.40931213,1.6093746,1.2257915,-0.1450029,1.3544852,0.52074826,-0.011442382,-0.12557341,-0.27918586,-0.19397753,2.3419092,0.29764685,0.53385806,-0.0051381695,-0.48987386,-0.27544305,0.6675039,-0.0020057664,-0.008945448,0.30443642,-0.017057683,1.1101655,-0.21517526,0.12963748,1.5432318,-0.123986915,-0.03933637,-0.29953337,0.07128525,0.3855709,-0.47543,-0.32466024,-0.2045571,-0.13255899,2.512909,-0.26533282,-0.017206423,-0.09422566,1.6392227,-0.030008001,-0.062718116,0.06986331,-0.02575466,-0.0897503,1.0488396,0.30757424,-0.008597917,-0.37238368,0.91455966,-0.009838484,2.5148864,1.5204496,2.0041263,-0.02203335,-0.27672237,-0.11385655,0.6189591,-0.020088617,-0.16270061,-0.021513179
TCGA-BR-6705,-0.063449465,0.004776002,-0.0006289814,-0.4547279,0.35499,1.0473231,0.83223236,-0.08513377,0.902013,0.111950725,-0.011144627,-0.08971,-0.1602233,-0.11732743,1.5341399,0.29408944,0.26322794,0.1402773,-0.29667068,-0.16389175,0.3243617,-0.0017891091,-0.008831968,0.21507835,0.011447478,0.72242737,-0.13726816,0.012481816,1.0478346,-0.070796445,-0.0152118,-0.18113516,0.024733864,0.26999828,-0.29575494,-0.17248142,-0.12813306,-0.0845617,1.6251034,-0.16134867,-0.013282053,-0.06411767,1.1047853,-0.019981911,-0.02159168,0.09901796,-0.024944205,-0.076341555,0.66371846,0.3198296,0.05354832,-0.22626208,0.5719505,-0.019014454,1.540946,1.020465,1.2671006,-0.00023264922,-0.16549808,-0.058849305,0.94490665,-0.030467222,-0.08217932,-0.013762742
TCGA-BR-6706,-0.053641003,0.003690035,0.124520734,-0.56841654,0.3094947,1.1632248,0.9364217,-0.11680498,1.0374604,0.5555695,-0.0071738376,-0.09443506,-0.21007255,-0.14502648,1.7207572,0.17985624,0.2773996,-0.008908446,-0.3687174,-0.21414761,0.48498493,0.074513786,-0.00666929,0.12986515,-0.0022800881,0.8342586,-0.16659908,0.02025102,1.2003849,-0.07645063,-0.024821792,-0.21743563,0.16441274,0.2941717,-0.34859547,-0.2378652,-0.16461782,-0.09331422,1.9489856,-0.18866916,-0.009674898,-0.066041246,1.196488,-0.039023247,-0.033255283,-0.00856389,-0.031023085,-0.06509773,0.7674334,0.31618935,-0.0038770244,-0.2766026,0.63900363,-0.008154223,1.8529881,1.1879581,1.4342132,-0.017636567,-0.1969684,-0.09374806,0.3677109,-0.019370126,-0.11576648,-0.02625084
TCGA-BR-6707,-0.08338485,0.089210935,0.067688346,-0.8558629,0.4449739,1.7366283,1.4146924,-0.16769025,1.5688094,0.5152832,-0.014371934,-0.14282306,-0.32707042,-0.21594064,2.469173,0.23347986,0.39046946,0.08327357,-0.5766729,-0.30420712,0.98537624,-0.0009512678,-0.005924105,0.1696785,-0.0016119529,1.3583221,-0.23522806,-0.0075880634,1.7962524,-0.11743655,-0.055815596,-0.3140545,0.1570833,0.34501022,-0.5106233,-0.37881747,-0.2544782,-0.13315848,2.899101,-0.28011218,-0.020168798,-0.10965053,1.8885988,-0.029437358,-0.061593026,0.20937802,-0.025048986,-0.0983408,1.248295,0.15608752,-0.01863677,-0.4101576,0.9305098,-0.031993564,2.8450153,1.7004457,2.1704297,-0.017371194,-0.29814342,-0.12841295,0.085672736,-0.01852382,-0.18803416,-0.024039144
TCGA-BR-6709,-0.047520224,-0.0055554667,0.41642997,-0.39933202,0.25324887,1.1044064,0.7933141,-0.080344014,0.6861785,0.17529163,0.10272989,-0.073194735,-0.15086268,-0.12712458,1.5599087,0.24643472,0.37357277,0.5947413,-0.24157909,-0.13179013,0.17101079,-0.006465569,-0.019602371,0.3755819,-0.010584081,0.4875943,-0.11993177,0.087962426,0.9031763,-0.09587505,-0.019821566,-0.15127756,-0.0014474228,0.3635052,-0.26323918,-0.13026172,-0.11850388,-0.05797815,1.4375833,-0.1631266,-0.014414939,-0.04281726,0.9733996,-0.010878286,-0.056745406,0.05244574,-0.003060144,-0.083630174,0.53976876,0.004970897,-0.010865825,-0.1916586,0.42720863,-0.003682211,1.4131905,0.75399995,1.4248657,-0.022092016,-0.1678835,-0.038332712,1.3838224,-0.025762131,-0.079165086,-0.024811197
TCGA-BR-6710,-0.0135193635,-0.006581361,0.15994394,-0.08717625,-0.0006959787,0.1834246,0.07896028,-0.024231583,0.21218815,0.1034105,-0.00096990785,-0.018358823,-0.036261063,-0.026430855,0.35875803,0.016700266,0.049664505,0.24097723,-0.047246713,-0.025973743,0.07163553,-0.00033925698,-0.0069246464,0.10748226,-0.005348628,0.20187885,-0.016249113,-0.002851607,0.23416635,-0.02028971,-0.0025762517,-0.027607802,0.062458463,0.06768117,-0.04791231,-0.02998787,-0.032669816,-0.022951076,0.2940595,-0.027138669,-0.002712447,-0.014547278,0.31062603,0.00868473,-0.018512184,0.11047846,0.036919758,-0.010777193,0.09572193,-0.0019854566,-0.0070738206,-0.038757082,0.050007835,-2.4290755e-06,0.22043893,0.1402972,0.3806631,-0.008071959,-0.023608183,-0.014796654,0.08599845,-0.014030414,-0.008023624,-0.002853787
TCGA-BR-6801,-0.06402663,0.1277434,0.35613507,-0.48874578,0.059106957,1.012661,0.9468422,-0.07917112,1.1115367,0.02705471,-0.03832745,-0.061382115,-0.21138786,-0.148277,1.739563,0.20259452,0.28341964,0.96095645,-0.29813954,-0.15590255,0.4295179,-0.013281307,-0.05358684,0.25260594,-0.031256124,0.842185,-0.12961073,-0.015906688,1.0189862,-0.11374342,-0.047669653,-0.1748464,0.03577484,0.16109416,-0.30574778,-0.22149634,-0.15738462,-0.07867083,1.8949357,-0.18392287,-0.016984748,-0.035483003,1.3872901,-0.027811466,-0.06945265,0.21207784,0.25744295,-0.0443819,0.8189937,0.32230264,-0.023080999,-0.24967872,0.25458834,0.3154634,1.4373035,0.92625827,1.5493145,-0.026702592,-0.1679978,-0.05123725,0.38920498,-0.029140746,-0.11627133,-0.038024902
TCGA-BR-6802,-0.046228763,0.06970853,0.11028734,-0.6283784,0.23536018,1.2987679,1.0428146,-0.12579797,1.2753972,0.5372721,0.056910396,-0.09998081,-0.22910975,-0.1586562,1.9649256,0.31886703,0.2850422,0.09407656,-0.4057966,-0.21737516,0.5530644,-0.0033593343,-0.016650949,0.13113743,-0.0013192643,1.0186251,-0.18150464,0.07912282,1.3943126,-0.095005535,-0.027006308,-0.24797562,0.07521117,0.19800794,-0.39317566,-0.2734308,-0.1815737,-0.10556284,2.1418555,-0.209161,-0.033709843,-0.07228303,1.2982295,-0.033012047,-0.054660995,0.09357488,-0.03150433,-0.06301107,0.9259898,0.42216212,0.09093441,-0.31358454,0.89726555,-0.016065676,1.9507749,1.3994299,1.6758167,-0.0070216893,-0.22918263,-0.08309684,0.21982355,-0.022844126,-0.12950759,-0.0260591
TCGA-BR-6803,-0.03313231,-0.0005393468,0.16883117,-0.26628873,0.05913384,0.8392522,0.32854992,-0.059112143,0.38426137,0.0023609009,0.07893918,-0.065100275,-0.10149127,-0.07566684,1.0193931,0.31031677,0.20305376,0.21163309,-0.15255547,-0.08318496,-0.0020182324,-0.0048598694,-0.010850275,0.6005887,-0.0032931198,0.124545366,-0.08868157,-0.0014368858,0.6289956,-0.0542985,-0.014356467,-0.09091096,-0.008254669,0.4104831,-0.18940313,-0.078371875,-0.058660526,-0.0527789,0.897517,-0.10488725,-0.011541361,-0.038725354,0.5226446,-0.00028347058,-0.01914946,0.19965033,-0.005361157,-0.057038475,0.4649078,0.093272835,0.01573656,-0.11499774,0.3404835,0.19120483,0.9688644,0.5647735,0.8734404,-0.011522275,-0.11256981,-0.026804378,1.3874109,-0.024925686,-0.03956644,-0.016965482
TCGA-BR-6852,-0.0729341,-0.0026947611,0.17736898,-0.77637666,0.45346946,1.5951252,1.2352318,-0.15091167,1.426434,0.49820465,-0.0052287206,-0.12796356,-0.2854969,-0.20374246,2.264838,0.3619496,0.4511361,-0.014188654,-0.51257557,-0.2870567,0.7144645,0.061151683,-0.015102687,0.27005976,-0.01654569,1.1270837,-0.2233386,0.12766573,1.6820084,-0.11529972,-0.03368701,-0.3047385,0.023059811,0.43720612,-0.48428068,-0.32369697,-0.21623492,-0.12725005,2.5646398,-0.2622143,-0.013489044,-0.09369804,1.6145145,-0.03959516,-0.058917146,-0.00502757,-0.041106816,-0.10324124,1.0848795,0.25842834,-0.010425544,-0.37468797,0.9423583,-0.012633613,2.5596304,1.6325653,2.0100946,-0.0077488306,-0.28407887,-0.124135554,0.6407392,-0.014766778,-0.15958153,-0.025327608
TCGA-BR-7196,-0.053064913,0.03399966,0.20168957,-0.5687497,0.27743068,1.1521811,0.8317034,-0.121847354,1.0602094,0.66740793,-0.0066479803,-0.09790709,-0.21091373,-0.1422413,1.6966285,0.18420257,0.24880438,-0.016212499,-0.3753062,-0.21576524,0.5240221,0.09004061,-0.007295443,0.14879185,0.024070654,0.9073842,-0.16015634,0.008679092,1.2989403,-0.07377996,-0.021789698,-0.22135253,0.14617679,0.2823794,-0.34133056,-0.24187341,-0.16841774,-0.09945503,1.8249087,-0.18286939,-0.008846148,-0.06140845,1.2451688,-0.032293137,-0.038593143,-0.007275831,-0.027823856,-0.06374931,0.7353284,0.20723839,-0.013114308,-0.27914685,0.62601244,-0.023534913,1.8601193,1.1059337,1.4161423,-0.021797946,-0.19527154,-0.09362011,0.18432981,-0.008308093,-0.12013819,-0.018891487
TCGA-BR-7197,-0.058476128,0.19001807,0.40084383,-0.49638277,0.053199906,0.97280264,0.90070343,-0.07443597,1.0619178,0.236055,-0.0330465,-0.071008466,-0.19179484,-0.133045,1.6737918,0.3601211,0.18114999,0.8485122,-0.29094702,-0.16022018,0.19707243,0.042251132,-0.018767098,-0.012960784,0.0093105845,0.9215204,-0.1450821,0.043348804,0.92049026,-0.06696762,0.20983782,-0.16683887,-0.038563948,0.57523865,-0.3111875,-0.2127564,-0.13298228,-0.07194198,1.9525458,-0.17637323,-0.005073761,-0.062032163,1.2492633,-0.010605142,-0.046552803,-0.00088690745,-0.0066615627,-0.053691786,0.70240283,0.69647545,0.4745637,-0.24902058,0.44995528,0.7736007,1.4198183,0.87866074,1.5723237,-0.010645253,-0.20367794,-0.029017298,0.20131788,-0.029999942,-0.07884477,-0.007372185
TCGA-BR-7703,-0.09143939,0.16833685,-0.011971016,-1.0388364,0.50016856,2.0186925,1.574889,-0.20726807,1.944262,0.6336515,-0.014366482,-0.15262587,-0.3886192,-0.27856404,2.9467444,0.26502666,0.64969337,-0.0017773722,-0.712513,-0.3972635,1.2975929,0.12550662,-0.004476756,0.23708113,-0.0135091785,1.6661146,-0.28881952,-0.014941371,2.0168703,-0.15490006,-0.0489877,-0.39718866,0.029870674,0.2652078,-0.63339317,-0.48178482,-0.30734003,-0.16404787,3.3935,-0.3457282,-0.023142902,-0.1495995,2.3900342,-0.037760295,-0.07268866,0.15076573,-0.027931636,-0.11513337,1.4676434,0.11733389,-0.006493491,-0.5220687,1.2257028,-0.039682116,3.3882039,2.1551878,2.7306473,-0.016888907,-0.36327335,-0.1600159,0.10229406,-0.01830295,-0.2244871,-0.018330557
TCGA-BR-7704,-0.04583541,0.108267404,0.56813943,-0.3847737,0.13464984,1.0123247,0.72813034,-0.07246528,0.83222306,-0.0063474006,-0.016499655,-0.059951503,-0.13969786,-0.11609149,1.690612,0.107265905,0.20988241,0.66877216,-0.2333465,-0.13235532,0.09973909,-0.025737299,-0.045822125,0.35312876,-0.0113743795,0.6015014,-0.111487925,0.16383643,0.8774491,-0.07789828,-0.040428642,-0.14317897,-0.0141702,0.34486586,-0.26048818,-0.15277357,-0.13760537,-0.04733952,1.513708,-0.13018234,-0.0033248921,-0.042159386,1.1230503,-0.006868812,-0.06743188,0.23503284,-0.019069985,-0.06597084,0.6105677,0.04486769,0.0032186974,-0.19320436,0.42030618,0.23483685,1.2483616,1.0136728,1.4110658,-0.0068463623,-0.15012616,-0.023338705,1.297513,-0.04085406,-0.07060255,0.09044113
TCGA-BR-7707,-0.09425088,0.0064914348,0.08335547,-0.93217134,0.51409405,1.8436389,1.4394495,-0.18233642,1.7184261,0.5874346,-0.012836531,-0.16067885,-0.33931676,-0.24488918,2.6271358,0.24102838,0.51889837,-0.012014217,-0.63234705,-0.3370971,0.911238,0.11703825,-0.013345706,0.26608613,-0.014800876,1.4135406,-0.2617835,0.062918454,1.9845849,-0.1435077,-0.051992472,-0.36105585,0.0056438595,0.34243387,-0.5672739,-0.41006324,-0.26141843,-0.1549307,3.1443763,-0.30897528,-0.026238775,-0.12314083,2.042637,-0.046429273,-0.06414453,0.019666024,-0.032288443,-0.11192286,1.3285546,0.10457194,-0.022988124,-0.4520076,1.079304,-0.025641566,3.0986016,1.9409237,2.4183235,-0.01816569,-0.3280813,-0.13971175,0.45759675,-0.016230168,-0.20182951,-0.026418647
TCGA-BR-7715,-0.07015734,0.43331078,0.24924044,-0.8401103,0.008692799,1.6125431,1.4602937,-0.13528237,1.6672966,0.19345143,-0.0328061,-0.1039085,-0.31988618,-0.19871937,2.6794517,0.26296142,0.16853136,0.9542466,-0.53955734,-0.29200587,1.0069664,0.0610101,-0.021583583,-0.020201853,-0.0006376583,1.449802,-0.2481039,-0.029391909,1.7170779,-0.12463751,-0.038667355,-0.29703727,-0.011221171,0.4263603,-0.52184576,-0.38174176,-0.2572516,-0.112464525,2.896155,-0.27270496,0.003951531,-0.12029357,2.2458506,-0.011899765,-0.07413684,0.2738396,-0.0143553605,-0.09391254,1.2700155,0.57755417,0.22027206,-0.44263768,0.90489364,0.20661995,2.74867,1.719861,2.365387,-0.019936362,-0.31119412,-0.08888694,-0.023234893,-0.0017721726,-0.18986455,-0.019307613
TCGA-BR-7716,-0.024725499,0.035733193,0.53142935,-0.19898228,0.070680514,0.63667667,0.42475322,-0.03946897,0.44395173,0.013991876,-0.0015712694,-0.04298688,-0.07716017,-0.067135476,0.98035145,0.09037613,0.19428019,0.33994636,-0.12305464,-0.05471555,0.03693412,-0.012575122,-0.0052728816,0.27754346,-0.013421744,0.2356688,-0.06421239,0.024575729,0.46404913,-0.046819873,-0.010102197,-0.08251769,-0.0034835495,0.35812485,-0.15206279,-0.05254811,-0.054941375,-0.029143063,0.8021759,-0.07488267,-0.0073211775,-0.024041353,0.49054635,-0.002880494,-0.03692259,0.14446421,-0.0014840238,-0.045996353,0.2748286,0.06540464,0.08072826,-0.092389375,0.2414899,0.13067976,0.67265874,0.38230327,0.71109766,-0.0074741393,-0.08765857,-0.013109594,1.0218415,-0.011975782,-0.038443163,-0.011639164
TCGA-BR-7717,-0.08120461,0.3509183,-0.013640589,-0.77892536,0.30550507,1.5565122,1.3492749,-0.13882397,1.5472002,0.13891591,-0.02985037,-0.099499375,-0.2554169,-0.18419488,2.2033403,0.17696221,0.48999837,0.32154024,-0.5035989,-0.2796981,0.8418596,-0.00027522296,-0.0074439133,0.046025276,0.06562136,1.5519567,-0.22812854,-0.008430502,1.5480458,-0.118408024,-0.035552748,-0.30081308,-0.0101195555,-0.018454215,-0.4827679,-0.34805557,-0.22136493,-0.14059292,2.5149846,-0.24671195,-0.012569502,-0.12003213,1.8331344,-0.018662699,-0.038800653,0.24979888,-0.028077116,-0.0731738,1.207354,0.7744668,0.11627339,-0.39177963,0.78185177,-0.011933912,2.4979703,1.688771,2.143895,-0.0008045275,-0.27325398,-0.11606558,-0.0054469826,-0.030874902,-0.14928152,-0.02377648
TCGA-BR-7722,-0.0093186,0.2294403,0.31311324,-0.27406332,0.065754436,0.57387143,0.50378186,-0.07301181,0.74909097,0.20306066,-0.0103262365,-0.022631947,-0.12553905,-0.05694533,1.0757815,0.3408089,0.12950857,0.9000429,-0.1587053,-0.08207957,0.19251904,-0.020182071,-0.022934027,0.5149564,0.002038878,0.42574248,-0.08318838,-0.022447178,0.5953417,-0.059112664,0.08886652,-0.10103706,-0.000535794,0.2649012,-0.17321524,-0.11676281,-0.06775867,-0.04910675,1.0654087,-0.118758455,-0.045166925,-0.049893767,0.9118107,0.18752633,-0.033563446,0.43798155,0.22268933,-0.03170577,0.291168,-0.0030021598,-0.019658726,-0.12652592,0.1180983,0.31575227,0.8311509,0.55304277,0.79027164,-0.016098391,-0.1173737,-0.005448571,0.05559774,-0.01421719,-0.05436259,-0.025927594
TCGA-BR-7723,-0.011191537,0.17654285,0.34918866,-0.19074194,0.09730005,0.3044315,0.28481632,-0.03702421,0.40169403,0.5704598,0.0331939,-0.038001616,-0.070824966,-0.058139373,0.7166532,0.07504589,-0.0009456395,0.31020182,-0.09116655,-0.04002497,0.24959713,-0.007962498,-0.0065455562,0.098933436,-0.0012783777,0.11228715,-0.042189773,-0.018539365,0.4640933,-0.037761148,0.065597385,-0.06592675,-0.006655284,0.48779857,-0.089602225,-0.07582931,-0.068197414,-0.02611877,0.5784961,-0.057912808,-0.018859915,-0.01150152,0.5934875,0.048733152,-0.023462873,-0.0065352814,-0.0013417039,-0.0373033,0.07278034,-0.02340045,-0.009257755,-0.056922168,0.06357067,0.15099083,0.6689304,0.52659136,0.85305023,-0.041415744,-0.061286807,-0.035114385,0.34056565,-0.012713628,-0.036269948,-0.0042021433
TCGA-BR-7851,-0.0968045,0.09256249,0.122455776,-1.0023248,0.537255,1.8995465,1.7415563,-0.19056568,1.8153304,0.48136082,-0.024534697,-0.15546697,-0.37055868,-0.24714378,2.87132,0.31723762,0.49447057,0.13261726,-0.67089695,-0.35775682,1.1134067,0.05246423,-0.019048816,0.05688695,-0.018837871,1.5843792,-0.27550742,0.10996807,2.0846505,-0.15572129,-0.06612962,-0.38909793,0.14934382,0.2216502,-0.6050683,-0.44610333,-0.27895886,-0.17250761,3.311131,-0.32902417,-0.016014455,-0.13234632,2.2264266,-0.046301823,-0.072740816,0.18733798,-0.029815871,-0.11838072,1.4577526,0.09416999,-0.022817368,-0.5014846,1.2009718,-0.0466707,3.279802,1.9198877,2.5554507,-0.02138751,-0.351194,-0.14738317,0.20886193,-0.01802416,-0.22605379,-0.02865689
TCGA-BR-7901,-0.011379767,0.12877327,0.50841117,-0.12358806,0.00053658104,0.25858667,0.21325384,-0.015460739,0.3309935,0.08809099,-0.0033960142,-0.019660166,-0.060102034,-0.025208643,0.65243363,-0.003980324,-0.001995379,0.37830597,-0.07162077,-0.032938015,0.16959415,-0.013852976,-0.0032401101,0.10193299,-0.009349549,0.3690682,-0.034895126,0.027726034,0.29688478,-0.022607861,-0.0077325613,-0.039628036,0.061505947,0.19392447,-0.06533926,-0.04411788,-0.041026533,-0.011732019,0.551097,-0.027029416,0.07712968,-0.0286056,0.37480855,0.054925106,-0.0320539,0.16698174,-0.00030040144,-0.028184313,0.08600001,-0.0052562146,0.028295783,-0.06445523,-0.000466734,0.17249456,0.3327809,0.14916286,0.44125974,-0.0124105355,-0.032531533,-0.0122952545,0.14413834,-0.013566752,-0.018820414,-0.007812686
TCGA-BR-7957,-0.05642401,-0.0049298406,0.08557488,-0.494695,0.27333963,1.092315,0.82935053,-0.087949336,0.84614605,0.21907881,-0.0014748825,-0.09667828,-0.17235304,-0.1294714,1.5295093,0.29358244,0.33046296,-0.013646561,-0.3123757,-0.17394851,0.26239455,0.16841276,-0.018252073,0.2779754,-0.003674921,0.65291303,-0.1483091,0.09620398,1.1347544,-0.070619784,-0.017380983,-0.20409282,0.025678243,0.3933539,-0.31929433,-0.17910187,-0.1211909,-0.10327672,1.6776283,-0.17885533,-0.013834186,-0.060712647,1.0686707,-0.021130672,-0.036875963,-0.016433295,-0.027078846,-0.07676523,0.72247183,0.26354486,-0.002852912,-0.23271286,0.60251534,-0.0038474493,1.6978999,1.0203642,1.2665964,-0.014807935,-0.18384062,-0.074192725,0.8794092,-0.018826451,-0.09432324,-0.020555908
TCGA-BR-7958,-0.092091985,0.12542263,0.15210432,-0.9189192,0.55666554,1.799804,1.5062053,-0.18420649,1.7509925,0.6615455,-0.027221167,-0.15075831,-0.35751438,-0.23694976,2.6318445,0.2489163,0.4767765,-0.0016469647,-0.61926836,-0.3461928,1.0602522,0.08821021,-0.0054205083,0.21239065,-0.007697089,1.4195638,-0.24984221,0.025277555,1.9373876,-0.13943778,-0.05433206,-0.35132274,-7.23891e-05,0.356478,-0.56309193,-0.41143328,-0.2698017,-0.13868214,3.0980546,-0.29972634,-0.013501166,-0.11620654,2.0193079,-0.040983863,-0.05700198,0.115654245,-0.03098373,-0.10688006,1.3597728,0.16992833,-0.017708449,-0.44796768,1.0296007,-0.032681335,3.0432985,2.000893,2.3867342,-0.010989769,-0.32436073,-0.14495012,0.21021126,-0.02246668,-0.1999367,-0.019506691
TCGA-BR-7959,-0.08036795,0.21127847,0.037284005,-0.7732575,0.24200651,1.5990818,1.3058807,-0.15044986,1.561377,0.29941067,-0.035507265,-0.13206579,-0.2691984,-0.18685131,2.3421605,0.39600798,0.49253425,0.9697201,-0.4922657,-0.28522587,1.0476673,-0.0073809214,-0.011487162,0.13974522,0.14884698,1.2619137,-0.19851555,-0.015490184,1.6122546,-0.13055442,-0.024968935,-0.2912079,-0.030186882,0.025541984,-0.465878,-0.32819948,-0.19889751,-0.117687166,2.5889266,-0.26233992,-0.01844868,-0.08073,1.8033789,-0.021897411,-0.05263536,0.37611908,-0.019419229,-0.07726943,1.124078,0.3282408,-0.002627961,-0.3690358,0.8353856,-0.020862078,2.5312474,1.6649952,2.1044736,-0.0116439685,-0.27785644,-0.0780591,0.48163503,-0.023192136,-0.14542912,-0.023196263
TCGA-BR-8058,-0.04031148,0.036117114,0.12625693,-0.33913887,0.06815388,0.9949845,0.523666,-0.08434839,0.7087032,0.050606392,0.046132684,-0.061048497,-0.13039397,-0.086445175,1.4176471,0.4540161,0.23550002,0.6176726,-0.19804244,-0.107127704,0.10755652,-0.009209453,-0.010879182,0.8025827,0.007369057,0.38312435,-0.10945014,-0.01536974,0.779246,-0.075905375,-0.008809109,-0.13185525,-0.005992754,0.34231052,-0.24251445,-0.11675705,-0.07850039,-0.05862555,1.2291749,-0.14264096,-0.013659946,-0.041138634,0.7643259,-0.008520681,-0.03272719,0.29256642,0.10288854,-0.070377134,0.690109,0.06529664,-0.0049675927,-0.14875261,0.46858218,0.097246006,1.3043562,0.6777681,0.95779717,-0.0086421715,-0.15564035,-0.03966215,1.333811,-0.009223203,-0.05656425,-0.011025275
TCGA-BR-8059,-0.0019762288,0.33740467,0.16341496,-0.3609676,0.119497694,0.8769213,0.62956655,-0.07441446,0.7488221,0.14588979,-0.007894166,-0.06562615,-0.13733307,-0.082977824,1.4788901,0.23842978,0.13332355,1.0667181,-0.2320031,-0.12996003,0.43000966,-0.0036940505,-0.02291042,-0.0011918618,0.072112575,0.7212132,-0.10690959,-0.010506298,0.7550985,-0.06275224,-0.023324434,-0.14346729,-0.017734444,0.26306805,-0.21758305,-0.14275564,-0.10280313,-0.06887114,1.3215863,-0.13261881,-0.0076153236,-0.05935585,0.98546636,-0.018399686,-0.060190894,0.21620034,-0.001013757,-0.04497305,0.49420223,0.38581097,0.03466478,-0.17196095,0.2641276,0.3724614,1.226587,0.7870424,1.1815765,-0.012437805,-0.14914092,-0.040075902,0.04841805,-0.03519691,-0.0640453,-0.012705326
TCGA-BR-8060,-0.029201863,-0.010087556,0.29962826,-0.15198731,0.042285986,0.51701665,0.25190434,-0.0014290881,0.30076715,-0.007893349,-0.014182833,-0.021583494,-0.044831827,-0.03815818,0.7356951,0.004584545,-0.00059339235,0.16469325,-0.08878686,-0.031991012,0.09987807,-0.020416623,-0.00040824266,0.06312581,-0.00858999,0.19648486,-0.050349988,0.119188406,0.46114552,-0.030895019,-0.010075988,-0.06925234,0.018779205,0.20187193,-0.10927422,-0.0390715,-0.054765582,-0.016969947,0.4125833,-0.056146055,-0.009891233,-0.022429524,0.32247216,0.14035818,-0.029211525,0.10282309,-0.00986069,-0.03341217,0.299481,0.090118855,0.22824176,-0.07271481,0.27800322,0.20077462,0.62392354,0.3111068,0.55428964,-0.015860792,-0.06227481,-0.0025953262,0.8262644,-0.015348901,-0.030887945,-0.006027297
TCGA-BR-8078,-0.11178094,0.15070508,0.0692105,-1.1720645,0.6236816,2.330005,1.9112813,-0.22773412,2.176146,0.44609395,-0.031266928,-0.18170288,-0.46015158,-0.31433758,3.2726765,0.28833672,0.7031842,-0.0033605953,-0.8042459,-0.4178268,1.4036345,0.11510609,-0.00805883,0.27231392,-0.03015477,1.8062196,-0.3196312,0.07918692,2.3298566,-0.19475847,-0.07454492,-0.4432583,-0.0007159017,0.42058593,-0.72593296,-0.53722245,-0.33621824,-0.17387922,3.9106784,-0.3850944,-0.029773315,-0.15493254,2.6010337,-0.049610708,-0.074648514,0.16822128,-0.023954215,-0.1343317,1.7223396,0.06552112,-0.020525245,-0.57595104,1.3411275,-0.03302301,3.8133411,2.4194586,3.126375,-0.029969055,-0.4167765,-0.18290786,0.39127454,-0.021016013,-0.26542062,-0.021319384
TCGA-BR-8080,-0.045332715,0.060164407,0.26026085,-0.49089947,0.11688189,1.2771657,0.7726596,-0.08955631,1.0669758,0.1688416,0.08062931,-0.07690962,-0.17709355,-0.13416897,1.7936823,0.19592391,0.2552556,0.49426228,-0.31262913,-0.1554778,0.26762098,0.101892546,-0.024599059,0.2947536,-0.007950387,0.73258597,-0.15796654,0.17201881,1.3331103,-0.08880358,-0.019704627,-0.19585451,-0.0061012614,0.43044126,-0.33293885,-0.19024615,-0.13496415,-0.07551115,1.7990353,-0.17517069,-0.019305246,-0.0527074,1.2681544,-0.016073609,-0.05683899,0.2162252,0.09732102,-0.07182834,0.76329994,0.3913451,0.08020166,-0.2249198,0.5985525,0.0013305042,1.6905271,1.1248486,1.6276327,-0.00497612,-0.19966297,-0.057230175,1.0154748,-0.015512933,-0.1027086,-0.019487938
TCGA-BR-8081,-0.08455225,0.09122581,0.20533326,-0.8734689,0.43632144,1.8150977,1.4632784,-0.1661887,1.714429,0.37377164,-0.014146203,-0.14006548,-0.33333406,-0.22911029,2.5566137,0.33098572,0.49168548,-0.00814538,-0.58349097,-0.31494787,0.84001476,0.036231503,-0.018939467,0.3055745,-0.016722608,1.2765065,-0.23890482,0.24338698,1.8393463,-0.13421433,-0.044020705,-0.33621326,0.02475255,0.4683884,-0.54665035,-0.36818346,-0.24760886,-0.1386048,2.829228,-0.29305938,-0.023543281,-0.110950045,1.8654429,-0.038303692,-0.063530706,0.057173878,-0.03580892,-0.10492694,1.2840104,0.16769584,-0.012732563,-0.42358994,1.038908,-0.021428278,2.9060872,1.8307186,2.3078125,-0.0059825066,-0.31113622,-0.1337841,0.5864092,-0.020461267,-0.19090958,-0.020538522
TCGA-BR-8284,-0.07872998,0.213794,0.01653253,-0.8362649,0.45324144,1.7901967,1.321525,-0.15117042,1.6192746,0.08133793,-0.012764818,-0.12775145,-0.3337422,-0.20778847,2.676224,0.5262336,0.42192248,0.69640607,-0.55498594,-0.2852657,0.84906846,-0.011406525,0.03689705,0.53745395,-0.0054558697,1.4456718,-0.24237776,0.018375918,1.8337071,-0.14921449,-0.046281215,-0.31634292,-0.021274377,0.5640199,-0.54414845,-0.33980343,-0.23168352,-0.14334565,2.6542144,-0.3085621,-0.010385661,-0.115447044,2.0160444,-0.018944753,-0.06833933,0.39383644,-0.029032964,-0.10683557,1.39872,0.31042078,-0.011647581,-0.40915185,1.02976,-0.019697027,2.8243449,1.8228539,2.2635663,-0.0039658216,-0.3130257,-0.10948292,0.6841528,-0.039940316,-0.17077135,-0.014533669
TCGA-BR-8286,-0.09241863,0.46464732,-0.021492282,-0.9086179,0.2752995,1.8594279,1.5220653,-0.18061838,1.799454,0.12503043,-0.0241561,-0.13208473,-0.3360931,-0.21719812,2.6851714,0.40586904,0.59760094,0.5331233,-0.6095372,-0.3122886,1.1837373,-0.01984663,0.06789343,0.16202222,0.2567571,1.7322115,-0.25401542,-0.022309829,1.3787829,-0.16173252,-0.04524878,-0.3357525,0.030380193,-0.0077661434,-0.5494704,-0.40525195,-0.26083025,-0.12813525,2.8687835,-0.3177815,0.082169965,-0.14195427,2.3194416,-0.022739898,-0.0681263,0.44873303,-0.02844056,-0.07543635,1.3737879,0.7106431,0.18524764,-0.45940304,0.9772754,-0.029037714,2.9001997,2.1203148,2.5440106,-0.011453569,-0.3105707,-0.101396106,0.042756706,-0.03202427,-0.19884041,-0.019285817
TCGA-BR-8289,-0.002414289,0.28734794,0.40254262,-0.46661434,-0.0065336116,1.203056,0.67465997,-0.100389354,1.3037827,0.16996175,-0.016353868,-0.05847503,-0.23793407,-0.12943701,1.9464438,0.54258376,0.14550635,1.7888134,-0.28424487,-0.16130106,0.6414938,-0.04483002,-0.026968906,0.06357517,0.30663183,1.0445527,-0.12259668,-0.034115583,1.1803849,-0.09505242,-0.041045632,-0.18506676,-0.025517106,0.04463654,-0.29000196,-0.20788617,-0.16128017,-0.037147716,1.6408826,-0.12752941,0.02949014,-0.052801818,1.2024556,0.20345485,-0.07607022,0.58084464,0.065972626,-0.04176074,0.7974095,-0.0034287896,0.029726082,-0.2341024,0.15494804,-0.00035906566,1.6036376,1.0060025,1.5052438,-0.022119528,-0.1944997,-0.009540754,-0.016880218,-0.016720064,-0.11653755,-0.021844063
TCGA-BR-8291,-0.013190368,0.081967264,0.15484093,-0.11117864,-0.0110875955,0.21258329,0.11266762,-0.026252279,0.32323727,0.15866561,-0.0013818849,-0.018248916,-0.058402743,-0.019799719,0.5832155,0.07695826,0.08163834,0.49722642,-0.06680911,-0.038468774,0.12125181,-0.006482144,-0.008923918,0.20206262,-0.0026865613,0.20569864,-0.030291528,-0.008335309,0.220833,-0.02195192,-0.0067559974,-0.046694454,-0.00044150354,0.16051033,-0.06901954,-0.045133475,-0.051125765,-0.032174524,0.47895283,-0.0352801,-0.005609157,-0.018320575,0.41476545,-0.0068549374,-0.010950313,0.18171245,0.13005137,-0.010870312,0.0903728,0.034855615,-0.005552815,-0.057104774,0.021606285,0.045240715,0.35355973,0.19984412,0.4382696,-0.0068119927,-0.042448815,-0.0210818,0.10362317,-0.010222484,-0.015131782,-0.0065771304
TCGA-BR-8295,-0.018567624,-0.0072027245,0.3255133,-0.14671443,0.22053178,0.4461295,0.24268487,-0.022894947,0.327919,-0.008075875,-0.0010919062,-0.029352078,-0.050972696,-0.045874786,0.6457448,0.079456195,0.10097163,0.028166752,-0.08880583,-0.04717327,-0.0040812874,-0.008245312,-0.00088887906,0.37634528,-0.0052548847,0.08279917,-0.06062874,0.15762791,0.403797,-0.033162955,0.022964314,-0.054506976,0.008365782,0.29005757,-0.112902425,-0.028997868,-0.03877672,-0.02526771,0.5475083,-0.060165446,-0.013437099,-0.019685572,0.40402627,-0.005187478,-0.024846807,-0.0065796426,-0.0072179856,-0.03954616,0.15529093,0.065134436,-0.00041563195,-0.06313307,0.13615893,0.0046180533,0.5794161,0.2831577,0.43174064,-0.005095717,-0.06699561,-0.022297967,0.9971696,-0.00859411,-0.028712912,-0.0053922497
TCGA-BR-8296,-0.06891377,0.059914537,0.28554493,-0.73675746,0.25685742,1.5847536,1.2372644,-0.13508633,1.3602915,0.28658792,-0.0045736744,-0.12587447,-0.27473935,-0.18168437,2.2658694,0.48268884,0.40054402,0.08071603,-0.47423717,-0.24342363,0.64192176,0.12310715,-0.004711204,0.30219996,-0.014613079,0.9982828,-0.19882403,-0.004913591,1.509964,-0.13282876,-0.052616067,-0.2673122,0.09360744,0.47987828,-0.47126517,-0.30030817,-0.20674554,-0.11648907,2.5232701,-0.23600213,-0.025118813,-0.088231064,1.5886347,-0.031617668,-0.04821678,0.10582131,-0.019775162,-0.10722113,1.122852,0.16517355,-0.022538897,-0.35590157,0.9156404,-0.016747352,2.3835702,1.5745314,1.9591813,-0.011093537,-0.271683,-0.090728186,0.91692895,-0.019506559,-0.1528279,-0.02436679
TCGA-BR-8297,-0.060385477,0.21301068,0.022487145,-0.679202,0.26980603,1.3742728,1.0191426,-0.11508721,1.3250268,0.3820198,-0.023121245,-0.11262965,-0.24240766,-0.17347227,2.0746841,0.26375726,0.21763642,0.288398,-0.4504581,-0.2446544,0.70464045,0.10173382,-0.0158509,-0.0077130958,0.2188521,1.18859,-0.2042605,-0.005030483,1.413184,-0.094464324,-0.022926966,-0.26683283,-0.008736136,0.24686785,-0.41685674,-0.2979543,-0.19658022,-0.10629517,2.316813,-0.22885354,-0.027913248,-0.07423716,1.6096351,-0.020149807,-0.05749578,0.08976633,-0.017305557,-0.07157828,0.94263345,0.5507409,0.10909426,-0.33531865,0.71574885,-0.0053347,2.0878744,1.3036555,1.7677705,-0.013286282,-0.23553824,-0.09945785,0.08734809,-0.025511969,-0.13893278,-0.030222941
TCGA-BR-8361,-0.094835274,0.12906848,-0.012043904,-0.9694943,0.4768985,1.9942899,1.7221621,-0.18495782,1.8832074,0.27025446,-0.036433972,-0.14948422,-0.3690156,-0.2576335,2.8109336,0.37258938,0.6027379,0.33317262,-0.64237666,-0.35735694,1.0457315,-0.010081801,-0.0047061406,0.2942371,-0.016853524,1.5464216,-0.27077055,0.030357763,1.9565088,-0.15494604,-0.0656702,-0.36990184,-0.0019082188,0.48787075,-0.6147881,-0.43441686,-0.2758945,-0.152902,3.0933886,-0.31907606,-0.025745664,-0.12301006,2.1227715,-0.043029897,-0.0663198,0.2734654,-0.03997556,-0.09708641,1.4117253,0.48476395,0.12841389,-0.49046585,1.2750858,-0.0095528755,3.231665,2.0583088,2.614389,-0.008262092,-0.3626277,-0.1445245,0.41788852,-0.02454349,-0.20703383,-0.011899586
TCGA-BR-8362,-0.058809448,0.24444121,0.18021324,-0.7726814,0.23652133,1.5713364,1.1231581,-0.13054398,1.5968509,0.21255705,-0.034434456,-0.09655097,-0.28384858,-0.20241964,2.4584708,0.3173292,0.52242225,0.6192436,-0.48401037,-0.27365634,0.76057446,-0.016896395,-0.032516785,0.10819936,0.030826602,1.4234034,-0.19712454,-0.015480681,1.685157,-0.11989905,-0.051951002,-0.29406282,-0.017888699,0.3025497,-0.4690672,-0.33291095,-0.22198121,-0.12418312,2.4374623,-0.25633678,-0.017085006,-0.07898662,1.8784314,-0.017910127,-0.068495356,0.43872273,-0.008474432,-0.07969826,1.1538439,0.44443744,0.34781793,-0.40224972,0.65893424,-0.018910754,2.3970141,1.7941235,2.3262155,-0.0102964295,-0.26179954,-0.10350212,0.52499473,-0.023518471,-0.15360716,-0.009965555
TCGA-BR-8364,-0.04064985,-0.001073562,0.18490288,-0.2256857,0.08395123,0.7531433,0.37915266,-0.057599325,0.34369043,-0.016192589,0.04430855,-0.057083774,-0.08736685,-0.06647048,0.8347547,0.29226634,0.20624787,0.26395977,-0.12898946,-0.07124882,0.026662825,0.030941404,-0.016591033,0.6330874,-0.01174632,0.18568894,-0.08341021,-0.0056361826,0.54151714,-0.05238822,-0.011205116,-0.07780359,-0.0026906484,0.45214212,-0.16027117,-0.058972415,-0.049813367,-0.03634039,0.7719443,-0.093409985,-0.01356599,-0.033966057,0.5626707,-0.0058847195,-0.0128993215,0.2070687,0.020501573,-0.055469334,0.4904178,0.051757194,0.07231263,-0.10404914,0.23895557,0.18982814,0.83524865,0.46157688,0.7703888,-0.0092496155,-0.10405152,-0.021562755,1.3880532,-0.022538314,-0.035426226,-0.015056714
TCGA-BR-8365,-0.034134712,-0.007692408,0.44614422,-0.24376293,0.07698061,0.67219424,0.46061283,-0.056183454,0.45158115,-0.00095504284,0.0052600503,-0.050472952,-0.09645855,-0.0712099,1.0881883,0.17391443,0.2603676,0.38311556,-0.13531242,-0.06949925,0.002908036,-0.013309556,-0.016835937,0.40826744,-0.015758274,0.16884491,-0.072328426,0.04107918,0.51694864,-0.059535544,-0.0125606675,-0.08320547,-0.0061925217,0.36242437,-0.17172666,-0.062423524,-0.06511964,-0.04500744,0.93486595,-0.091242,-0.011823743,-0.026123641,0.59290946,0.012354592,-0.03874403,0.20147173,-0.0057974104,-0.061602112,0.41984525,0.0011555664,0.045563012,-0.10658621,0.27611306,0.18357632,0.8483759,0.4566539,0.87118214,-0.009345347,-0.104239956,-0.034261014,1.2723739,-0.015355319,-0.04224896,-0.020813957
TCGA-BR-8367,-0.06980597,0.28389144,-0.010728356,-0.683788,0.33581835,1.3666657,0.911137,-0.13275662,1.3648715,0.249985,-0.010502698,-0.101673774,-0.24757624,-0.1527107,2.09947,0.32850286,0.34421092,0.60916364,-0.43751502,-0.24109752,0.8293126,-0.0002429694,-0.017518759,0.11131526,0.067333266,1.423332,-0.20520072,-0.005109233,1.522478,-0.09116978,-0.035350386,-0.2680247,-0.020849535,0.14610122,-0.42619333,-0.31189188,-0.20158234,-0.11250397,2.157048,-0.23665576,-0.011562245,-0.0902104,1.6999518,-0.0060828635,-0.055351794,0.30374122,-0.00903215,-0.061113816,1.257648,0.33333308,0.028805079,-0.34926015,0.8317091,-0.02747478,2.140161,1.5262194,1.9369267,-0.012406503,-0.23469093,-0.10376882,-0.019035313,-0.04354951,-0.14302097,-0.015998391
TCGA-BR-8368,-0.104977824,0.23799287,-0.002354915,-1.0172597,0.48193616,2.0451732,1.8505751,-0.15756854,1.8056476,-7.109214e-05,-0.052572545,-0.14488463,-0.37251934,-0.2605988,3.0636132,0.09672997,0.56181717,0.180897,-0.66467357,-0.3632698,1.020608,0.029405832,-0.005167197,-0.012542899,-0.01970782,1.4965317,-0.291994,0.14882469,1.7761558,-0.1691285,-0.074987285,-0.3555872,-0.016148185,0.5297498,-0.63203704,-0.43734166,-0.28896874,-0.14801,3.5123806,-0.35602677,-0.027545897,-0.12673853,2.427222,-0.04861535,-0.065247566,0.0268403,-0.020699747,-0.122913145,1.4550959,0.5158866,0.10705824,-0.51977795,1.3178377,-0.010982029,3.1979976,2.075079,2.7020843,-0.011466265,-0.3651385,-0.14856277,0.4858005,-0.031773057,-0.23060368,-0.023480473
TCGA-BR-8369,-0.07405012,0.232984,0.048649948,-0.738629,0.17704287,1.4988319,1.3261992,-0.1275485,1.4588891,0.088536546,-0.014971897,-0.10854604,-0.27170327,-0.18943018,2.3702667,0.31024483,0.42866784,0.32438734,-0.48000208,-0.2559913,0.5256263,-0.006885078,-0.011106999,0.112740494,-0.002152316,1.2246734,-0.2259336,0.054862842,1.4496931,-0.12703484,-0.02794824,-0.2907559,-0.0031740777,0.15589826,-0.4641554,-0.31357443,-0.21945167,-0.117193274,2.4728844,-0.25136524,-0.01777825,-0.095847115,1.6654683,-0.027406827,-0.06560891,0.20656411,-0.019449575,-0.086715125,1.103317,0.58905816,0.008156301,-0.37180707,0.7872664,-0.022126568,2.4463234,1.5260048,2.0454066,-0.00722699,-0.25692564,-0.105737984,0.424955,-0.026752694,-0.16020444,-0.027743632
TCGA-BR-8371,-0.015606153,0.09194656,-0.0037270288,-0.27117044,0.055771913,0.58855104,0.42696273,-0.05729369,0.5496184,0.22883666,-0.0071983994,-0.04353356,-0.10829329,-0.07036529,0.99403024,0.109991945,0.09460223,0.3730429,-0.17415798,-0.0949746,0.33106217,-0.0026856964,-0.014042717,0.058849417,-0.00075092015,0.4921173,-0.073285066,-0.0067213415,0.66623724,-0.04454581,-0.0049694073,-0.10772144,-0.0031979827,0.16973904,-0.16603841,-0.09967031,-0.08533346,-0.05938075,0.85617363,-0.09793197,-0.0043853214,-0.026189733,0.6485259,-0.009813382,-0.023514077,0.122420296,-0.0077681425,-0.034180008,0.38762474,0.15280606,-0.0073589534,-0.12993841,0.29031008,-0.007843058,0.8764831,0.57883006,0.6834405,-0.010776127,-0.10149925,-0.03621624,0.18027425,-0.017407557,-0.057746686,-0.007699509
TCGA-BR-8372,-0.11373087,0.23064834,0.0076895915,-1.1939954,0.56884736,2.3146245,1.9843949,-0.23626243,2.3491042,0.42675403,-0.020138053,-0.17844094,-0.44905907,-0.3358907,3.238746,0.3291314,0.5273835,0.022686865,-0.8017454,-0.4392929,1.4664261,-0.0019209952,-0.020595506,0.22277845,-0.01523527,1.844392,-0.3213318,0.08304688,2.2042122,-0.18226086,-0.069558606,-0.4488531,-0.004226605,0.3857972,-0.7330994,-0.54058814,-0.33891115,-0.18048455,3.9910681,-0.39589855,-0.03382163,-0.15689309,2.669396,-0.05398927,-0.078453414,0.15343238,-0.030423885,-0.12794912,1.7611315,0.19396962,-0.008604646,-0.59690326,1.4090236,-0.033765256,3.821428,2.5301719,3.1518166,-0.012453598,-0.4235266,-0.17704438,0.1534462,-0.027396223,-0.26315415,-0.022151027
TCGA-BR-8373,-0.062321145,0.366199,0.48340648,-0.5786978,0.109692395,1.3569022,0.95711076,-0.05757696,1.4390733,0.010573057,-0.06254854,-0.08082546,-0.20422328,-0.16742818,1.7916834,0.0892356,0.18466152,1.0149722,-0.3786705,-0.20041113,0.77431464,-0.0270015,-0.024448214,-0.0053335475,-0.004136912,0.81075996,-0.15954182,-0.009233425,0.95706993,-0.10160019,-0.0029180874,-0.21333663,-0.029211788,0.16414034,-0.3835669,-0.1967927,-0.17790924,-0.07973557,1.9477206,-0.19559634,0.23496152,-0.054572623,1.5428817,-0.0048122415,-0.06726711,0.092782035,-0.018343989,-0.094231844,1.0020783,0.43276727,0.21555538,-0.28403625,0.4248024,0.25851965,2.0055797,1.0127747,1.7406266,-0.008173612,-0.2035429,-0.07438999,0.6844861,-0.013004332,-0.12718073,-0.014669577
TCGA-BR-8381,-0.08472279,0.062495373,0.20602793,-0.8375711,0.43945608,1.647345,1.3875873,-0.16703154,1.5386696,0.64921093,-0.020258881,-0.13904005,-0.3102686,-0.21856904,2.3954272,0.2533395,0.44437426,-0.0065302225,-0.56106466,-0.3086295,0.88666743,0.14622132,-0.006823527,0.18259655,-0.0095390575,1.2794864,-0.23148175,0.026473328,1.787335,-0.12453631,-0.0409242,-0.3252043,0.03627029,0.36880654,-0.51601905,-0.3661307,-0.24344812,-0.1385637,2.794909,-0.2883025,-0.015829453,-0.10503178,1.8473116,-0.03466696,-0.062267672,-0.0071964203,-0.027683262,-0.08818097,1.1535068,0.2558202,-0.012278743,-0.4101195,0.9365723,-0.023328273,2.7373164,1.7315131,2.1798987,-0.021442987,-0.2955856,-0.13802406,0.27303255,-0.017625777,-0.18104492,-0.015446642
TCGA-BR-8382,-0.08551554,0.08553805,0.032134395,-0.8156546,0.5008331,1.7246959,1.3844732,-0.14644991,1.4623111,0.35763636,-0.022126384,-0.12923846,-0.29204458,-0.19756314,2.3588085,0.21055874,0.47198853,-0.009417982,-0.5297705,-0.29091945,0.6467185,0.019055184,-0.009707,0.25684625,-0.014892041,1.1614931,-0.24035887,0.04672452,1.5958954,-0.12433256,-0.051428277,-0.31952125,-0.0029506292,0.3252445,-0.5036381,-0.34320053,-0.2349069,-0.1327267,2.747036,-0.2854389,-0.0110164555,-0.09956012,1.7297462,-0.03883814,-0.058649726,-0.00067217054,-0.027117277,-0.10250052,1.230858,0.36328578,-0.0060765296,-0.40401626,0.9267645,-0.01792752,2.6986008,1.6474911,2.2180398,-0.013815338,-0.28490588,-0.12551662,0.73312604,-0.019275729,-0.17062326,-0.030290848
TCGA-BR-8384,-0.04043013,0.12640907,0.01496416,-0.45597544,0.20860317,0.83446425,0.73905325,-0.0858408,0.8304148,0.3938261,-0.006771549,-0.0814342,-0.15467922,-0.10201702,1.3681129,0.10989043,0.094225965,0.15200534,-0.2816914,-0.16226476,0.35625297,0.122714475,-0.014452751,-0.0066766962,0.07195301,0.80087787,-0.13354748,-0.010333094,1.1012366,-0.061890345,-0.0076122745,-0.16775891,0.078491285,0.26735747,-0.27617446,-0.17170429,-0.12809627,-0.08694824,1.4795861,-0.1523764,-0.011298231,-0.048069876,1.056172,-0.019993927,-0.03607401,0.02106769,-0.022900214,-0.053595006,0.6699536,0.43233943,0.12914069,-0.2234962,0.48090374,-0.008524175,1.43079,0.93359816,1.1364386,-0.013336106,-0.15534905,-0.06368972,0.09451244,-0.013299148,-0.08411516,-0.023355767
TCGA-BR-8483,-0.097315356,0.5501952,0.46723017,-0.84681493,0.050311543,1.6479745,1.4970492,-0.13119546,1.8913898,0.21240048,-0.050127435,-0.10050722,-0.34456098,-0.24002197,2.6606302,0.16898666,0.5186201,1.1802115,-0.54529476,-0.30394816,1.3092558,0.20427643,-0.043486208,0.25641006,-0.0036069893,1.7411333,-0.2403429,-0.021056572,1.9932297,-0.15155625,-0.03723332,-0.3306167,-0.015269646,0.25986362,-0.509389,-0.39636704,-0.2944848,-0.11687596,2.7441413,-0.29379818,-0.030933792,-0.10409444,2.4142442,-0.015645964,-0.08388692,0.56705457,-0.019674093,-0.09426921,1.209497,0.040123034,0.05180745,-0.41217333,0.7320942,-0.011594472,2.6697063,1.9204255,2.351002,-0.011868511,-0.32971147,-0.111470066,-0.036366872,-0.0031717941,-0.20368622,0.17300189
TCGA-BR-8484,-0.029421916,0.050586738,0.07312155,-0.3355818,0.16287988,0.8558691,0.7040906,-0.05997708,0.6530786,0.18309222,0.045008346,-0.046379883,-0.1605029,-0.077560775,1.3340586,0.248525,0.30550185,0.8987552,-0.18321045,-0.104706645,0.2572627,-0.02409426,-0.021428546,0.230325,-0.0023089182,0.5256124,-0.10627731,0.12899503,0.69836944,-0.07361442,-0.02142407,-0.13073888,0.2372596,0.24620959,-0.21439305,-0.14457779,-0.12206004,-0.045955434,1.2346793,-0.12569046,-0.010724596,-0.046642393,0.92455536,-0.0148552,-0.046175845,0.35925823,0.27363122,-0.040442493,0.39888272,0.07889959,-0.020083863,-0.17527044,0.2359176,0.16692214,1.0691078,0.692369,1.10476,-0.025454981,-0.12652081,-0.022222195,0.1093059,-0.022389896,-0.064023644,-0.017598037
TCGA-BR-8485,-0.024015412,0.1407279,0.637521,-0.37022036,0.096094035,0.8942991,0.9415012,-0.03556237,0.7909731,0.15056255,-0.018369261,-0.03768873,-0.14187862,-0.10118134,1.380494,-0.0062096324,0.19051638,0.9096073,-0.22409104,-0.113122724,0.38069704,-0.01960818,-0.026048774,0.17882083,-0.011264118,0.5186403,-0.112422936,-0.008415751,0.8071888,-0.084051475,-0.009207139,-0.15468481,-0.005987345,0.47343647,-0.23714785,-0.11953332,-0.11795946,-0.052788418,1.371492,-0.149271,0.023727562,-0.029262805,0.93900925,-0.008810799,-0.044723373,0.19250777,0.03409719,-0.05646075,0.3699026,-0.0023484346,0.19977964,-0.17026636,0.2963604,0.35108036,1.1756529,0.66720945,1.1528636,-0.022276701,-0.12929837,-0.046511605,0.8453701,-0.021164032,-0.0931895,0.007180512
TCGA-BR-8487,-0.10315963,0.240681,0.018780272,-1.2673712,0.6248845,2.5341024,2.1624708,-0.2531121,2.4513526,0.42169866,-0.034453463,-0.18996213,-0.48636794,-0.3206434,3.4552696,0.33364144,0.6292999,0.18622449,-0.8747409,-0.46636873,1.6361306,-0.004393378,-0.02245295,0.47500452,-0.028561404,1.9871229,-0.36687228,0.11319333,2.4530847,-0.20309468,-0.07249027,-0.46283728,-0.021885613,0.46540132,-0.7902553,-0.5661099,-0.3668545,-0.18942145,4.2749233,-0.42572376,-0.033118766,-0.17402314,2.8894873,-0.053203583,-0.08440626,0.17707895,-0.014872315,-0.1498699,1.9458576,0.2587905,0.026887553,-0.6233449,1.4229984,-0.025810272,4.1504345,2.7550375,3.3012073,-0.009414307,-0.45838615,-0.18810412,0.31696147,-0.009001744,-0.28615406,-0.02137721
TCGA-BR-8588,-0.07423121,0.049481265,0.20325685,-0.73190546,0.4317983,1.5734568,1.1736212,-0.13669167,1.3117974,0.3380966,-0.017230088,-0.13587853,-0.2571321,-0.18611604,2.288563,0.26478013,0.5057133,0.08164907,-0.47028533,-0.26545748,0.6311857,0.084410675,-0.01862831,0.35264435,-0.0013664019,1.1052593,-0.21109667,0.08359218,1.5879418,-0.11862341,-0.033262573,-0.28992662,0.00985679,0.3182541,-0.47287616,-0.29568288,-0.19373988,-0.12812762,2.4621043,-0.25062013,-0.02170522,-0.09896807,1.7068192,-0.02089544,-0.049935345,0.087353535,-0.02796275,-0.10298499,1.1155074,0.34405348,-0.0063664964,-0.3494637,0.8011475,-0.009899589,2.4410408,1.5790793,1.9738581,-0.008102289,-0.26300508,-0.09779123,0.8829013,-0.028806848,-0.14672802,-0.016952578
TCGA-BR-8589,-0.09624281,0.13510634,0.23487906,-1.0446166,0.58263856,1.9843111,1.6668811,-0.2123432,1.9367968,0.6231158,-0.014585691,-0.17866269,-0.3980206,-0.27662823,2.9284098,0.33612686,0.60894406,-0.004504279,-0.70967966,-0.38442975,1.2547946,0.090650246,-0.010327831,0.3142404,-0.019276548,1.6182144,-0.28182077,0.0060714935,2.13763,-0.16527084,-0.05863772,-0.4003984,0.033768713,0.32832474,-0.63472575,-0.46821472,-0.29213628,-0.16124254,3.4014583,-0.33855185,-0.026688574,-0.13423987,2.314855,-0.044210665,-0.06615454,0.16394418,-0.026499137,-0.120340765,1.5082505,0.02844954,-0.02560084,-0.506405,1.1884329,-0.037505783,3.3929484,2.1548824,2.7211812,-0.021239161,-0.37115285,-0.16117333,0.32605368,-0.02194328,-0.23069035,-0.023644319
TCGA-BR-8590,-0.022725042,0.11904029,0.54044026,-0.31302884,0.006716316,0.68553686,0.6059748,-0.05626734,0.6984974,0.27975956,-0.004950288,-0.032877307,-0.12867694,-0.073371276,1.3427978,0.08575765,0.2026249,0.835813,-0.17227472,-0.10086769,0.10265441,0.0034826994,-0.0032220737,0.010373468,0.06577951,0.6494636,-0.09110625,-0.010401244,0.76556826,-0.0559421,-0.014934446,-0.13039176,0.017084204,0.21338199,-0.19711582,-0.118611135,-0.098974474,-0.050842393,1.1352901,-0.09935444,0.04435585,-0.021684418,0.84872746,-0.0053626387,-0.039390888,0.14456059,0.07810424,-0.024227517,0.3405153,0.22555172,-0.0024355508,-0.14508215,0.17252015,0.20135215,0.9977561,0.63141817,0.97343314,-0.023284217,-0.108843386,-0.02814945,0.05640081,-0.022133403,-0.05854618,-0.00924566
TCGA-BR-8591,-0.10697796,0.13099466,0.0776234,-1.1081122,0.6108286,2.0770772,1.7981528,-0.21736121,2.052749,0.5793041,-0.023789834,-0.18017647,-0.41936716,-0.29414803,3.0384448,0.2740288,0.5491453,-0.005945437,-0.74658966,-0.41037288,1.2403607,0.10542153,-0.014480807,0.19102529,-0.015001756,1.7615342,-0.30871794,-0.003110513,2.2207873,-0.16067365,-0.06958564,-0.41806886,-0.0007928811,0.4302105,-0.6702308,-0.4975646,-0.3210095,-0.16654555,3.6827378,-0.36877576,-0.021533577,-0.14399438,2.4114797,-0.04336586,-0.07258786,0.12515353,-0.032883015,-0.114426725,1.5959415,0.13565941,-0.018240249,-0.54455495,1.2901838,-0.033002984,3.5742052,2.3568578,2.870269,-0.026331028,-0.39297196,-0.17537354,0.19685829,-0.01823272,-0.24856186,-0.03487363
TCGA-BR-8592,-0.06542166,0.0065504992,0.12964699,-0.60443,0.353885,1.2987899,1.0264282,-0.10559863,1.0967181,0.18609987,-0.011777318,-0.101038985,-0.20297869,-0.14515647,1.8528787,0.23345336,0.32667494,0.06997723,-0.37541327,-0.21100572,0.36100698,0.040381335,-0.020458076,0.31865993,-0.0042907204,0.849403,-0.1870584,0.0016705324,1.248162,-0.09471476,-0.02247943,-0.23549776,0.04590685,0.33710843,-0.38552722,-0.21934788,-0.15364328,-0.101156905,1.9728395,-0.20915957,-0.00958207,-0.068409026,1.3199642,-0.02195615,-0.03818522,0.074491665,-0.024813825,-0.085831225,0.8009369,0.34988165,0.052792028,-0.2902715,0.7413038,-0.016939824,1.9864403,1.2202909,1.6920059,-0.007623506,-0.2081505,-0.08390941,0.92555887,-0.023972688,-0.114931725,-0.027552629
TCGA-BR-8676,-0.09163527,0.09587236,0.16771588,-0.97487134,0.5085656,1.940842,1.6947173,-0.17883742,1.8632143,0.5324358,-0.03397889,-0.16256441,-0.37572813,-0.2474767,2.809034,0.31106535,0.38769835,0.09335661,-0.64747137,-0.3562527,1.1284237,0.18861608,-0.0043772184,0.14468871,0.045782577,1.4853812,-0.26872134,-0.0079369685,2.0310812,-0.14175893,-0.06986033,-0.36226404,-0.0036491833,0.48040587,-0.583258,-0.42877728,-0.28622007,-0.14720713,3.234005,-0.31871226,-0.015489991,-0.13312945,2.1372,-0.052213576,-0.058104333,0.06593082,-0.034490503,-0.10476404,1.367104,0.29822406,-0.015481442,-0.48244688,1.0374262,-0.021778092,3.1843514,1.9146639,2.593974,-0.022465216,-0.34198985,-0.1378359,0.14576763,-0.028185604,-0.21037138,-0.019074915
TCGA-BR-8677,-0.049437862,0.023473196,0.22866093,-0.4928685,0.40304556,1.2925354,0.8908163,-0.09113741,1.0407648,0.009559302,-0.0044661583,-0.07254758,-0.1947379,-0.12548634,1.7409724,0.3172849,0.34053373,0.7804245,-0.31189057,-0.16122548,0.28712136,-0.004783795,-0.007298787,0.5635389,-0.014210211,0.6093119,-0.1580358,-0.0009086087,1.1632913,-0.08498394,-0.02786083,-0.18392576,0.09198848,0.32218,-0.32228518,-0.17259187,-0.14200683,-0.06916448,1.7292982,-0.17108472,-0.0035368372,-0.07260355,1.1019272,-0.018616123,-0.0430824,0.24189861,-0.004462439,-0.100110546,0.8616853,0.07918398,-0.0075515225,-0.23017232,0.5121312,-0.0021647937,1.7134932,1.1232387,1.347829,-0.0038373251,-0.18748039,-0.056210686,1.1320076,-0.027914023,-0.1024485,-0.009725236
TCGA-BR-8678,-0.03386309,0.31024343,0.5659657,-0.41477934,-0.0030273078,1.0850245,0.81304026,-0.054496318,1.0680186,0.16853848,-0.029365813,-0.05492077,-0.17337345,-0.10728673,1.8118459,0.36057052,0.041391253,1.4622694,-0.24900475,-0.1377839,0.54074,-0.022494437,-0.0196947,0.09173724,-0.028045753,0.739617,-0.12928551,-0.0029696387,0.9038194,-0.09276628,-0.028324781,-0.16892399,-0.03045243,0.11920238,-0.24523525,-0.17140286,-0.1569457,-0.049803372,1.3687665,-0.12073588,0.2297922,-0.05913136,1.246415,-0.023612812,-0.06545436,0.23909722,0.18934652,-0.04592792,0.7003081,-0.0052910303,0.5132519,-0.22729483,0.17071693,0.63685393,1.5504855,0.93639237,1.4606832,-0.0008299511,-0.1416723,-0.032047544,0.2236445,-0.04152016,-0.09522493,0.034492977
TCGA-BR-8680,-0.095158,0.4736156,-0.002343655,-0.93228656,0.3211918,1.9623971,1.5765864,-0.15136403,1.887279,0.32601696,-0.0384351,-0.13343237,-0.3462669,-0.25795236,2.9035304,0.26970562,0.49945447,0.9655235,-0.606451,-0.333484,1.1587045,0.08682804,-0.03393452,-0.0026355407,0.032608446,1.9437053,-0.23760019,-0.019739846,1.7430475,-0.1473907,-0.07206052,-0.36279145,0.042242467,0.14025821,-0.5745407,-0.43155184,-0.28062668,-0.1367753,3.1564174,-0.32273003,-0.040678278,-0.11943578,2.359814,-0.010520725,-0.07445862,0.45285654,-0.0032840464,-0.06733554,1.3920711,0.43733677,-0.0021617664,-0.47556755,0.98171616,-0.027412212,3.0219095,1.9439274,2.7590187,-0.021543806,-0.30532378,-0.13487042,0.09839511,-0.033217203,-0.18801825,-0.02582097
TCGA-BR-8682,-0.07781496,0.22956547,-0.0024142799,-0.8017101,0.31282407,1.537537,1.2135109,-0.15916827,1.5860368,0.5335589,-0.027656574,-0.13886133,-0.29273576,-0.21017377,2.3437152,0.38439646,0.45848623,0.22079365,-0.52941793,-0.29985476,0.9276172,0.11071429,-0.025173387,0.21332864,-0.00538441,1.4721652,-0.24035649,-0.008745547,1.8391678,-0.13020541,-0.039531637,-0.3118038,-0.01718137,0.3277564,-0.48356986,-0.3706848,-0.22331195,-0.12624145,2.61039,-0.27368772,-0.019222232,-0.10336893,1.9879681,-0.035466436,-0.059171822,0.19332473,-0.014239984,-0.085270084,1.1347555,0.2938268,0.118790105,-0.39635834,0.96414274,-0.015579653,2.6146443,1.7713602,2.1364856,-0.02163916,-0.29652488,-0.108586445,0.2623759,0.0046810377,-0.16556166,-0.02214933
TCGA-BR-8683,-0.045540676,0.23136544,0.31457987,-0.57426775,0.19573091,1.2992674,1.0444838,-0.10951002,1.4482093,0.41746554,-0.026107078,-0.07967113,-0.23880148,-0.15393546,2.1704276,0.28076342,0.41108975,1.277429,-0.36813414,-0.19237386,0.7619844,-0.026683534,-0.039466597,0.11836642,0.008297842,1.0470397,-0.13386874,-0.008653505,1.0746897,-0.11685997,-0.05584935,-0.23623417,0.10741364,0.11108988,-0.35475576,-0.23321764,-0.17831086,-0.07071112,1.7107644,-0.18495123,0.03218123,-0.075379714,1.6047004,-0.007979123,-0.086651914,0.5666764,-0.0066908184,-0.04647712,0.8168233,0.019341048,-0.026485343,-0.28553793,0.36723652,-0.018680532,1.7049094,1.2852039,1.7884464,-0.012000536,-0.2042444,-0.049174037,-0.015025638,-0.03730377,-0.13883762,-0.018755695
TCGA-BR-8686,-0.097086966,0.060289614,0.20395264,-0.9268369,0.53405565,1.797877,1.5262798,-0.1870278,1.6593281,0.6338077,-0.02246393,-0.1616162,-0.34953296,-0.24143627,2.621918,0.40606052,0.51508147,-0.008571432,-0.6292684,-0.33951184,1.0266328,0.13553746,-0.0076865056,0.25146052,-0.009570638,1.421934,-0.25024232,0.004497782,1.9308232,-0.14520383,-0.050323468,-0.36005655,0.034245964,0.31586456,-0.5688134,-0.41167936,-0.25581983,-0.13930224,2.9954598,-0.30542827,-0.023798624,-0.117481485,2.0275297,-0.042203896,-0.057015218,0.065600485,-0.032690417,-0.10759715,1.3710009,0.1278413,-0.014344414,-0.45732316,1.110474,-0.029401755,3.0334837,1.9260535,2.3740351,-0.023066359,-0.32792887,-0.14172846,0.43705556,-0.020120677,-0.20654047,-0.022573395
TCGA-BR-8687,-0.01606334,0.1940971,0.73432726,-0.26221463,-0.004393871,0.8603758,0.56198716,-0.06672495,0.5597372,-0.015299871,-0.022226406,-0.05137229,-0.11489477,-0.08862335,1.2613773,0.32685468,0.20161851,1.0574526,-0.14204137,-0.078280784,0.112860724,-0.022754846,-0.0053799786,0.40085763,-0.0054811663,0.3373397,-0.08218833,-0.010996709,0.51733434,-0.09026822,-0.014256499,-0.09425668,-0.004374668,0.35662514,-0.2081743,-0.08450286,-0.07207783,-0.03677325,1.2510122,-0.12279391,-0.031533744,-0.041763883,0.7815859,0.1136551,-0.046071522,0.3666829,0.24223565,-0.06439372,0.425244,0.014542777,-0.001760607,-0.11365061,0.12268095,0.32014537,0.9174793,0.46390086,1.0314997,-0.013205669,-0.10812837,-0.008471283,1.289355,-0.021365665,-0.044563748,-0.022290898
TCGA-BR-8690,-0.057507038,0.031012632,0.70363337,-0.47590733,0.17145692,1.1385347,0.8074815,-0.07451265,0.6775244,0.019174842,-0.026996268,-0.09753325,-0.16687803,-0.11467302,1.777571,0.4047822,0.31583884,0.9210568,-0.27283904,-0.12940235,0.123896375,0.042867348,-0.017076453,0.36891273,-0.00043065357,0.6408351,-0.12973005,-0.0009826627,0.956682,-0.08947787,-0.010408151,-0.18731338,-0.008433167,0.27871123,-0.30379865,-0.14385025,-0.10307498,-0.0698557,1.6670288,-0.17182879,-0.0026974801,-0.03660246,1.1970404,-0.0062686168,-0.049432985,0.11673072,-0.006801681,-0.113838635,0.637218,0.2737376,0.016561853,-0.2092361,0.5308709,0.24402131,1.5341146,0.6936434,1.5051664,-0.011313999,-0.17651038,-0.05984653,1.3991632,-0.020771278,-0.08385299,-0.043863367
TCGA-BR-A44T,-0.036908034,-0.006202554,0.28688782,-0.31496295,0.07628184,0.8651997,0.44487885,-0.06694208,0.49318793,0.075970225,0.15992793,-0.06709202,-0.114017025,-0.08710938,1.2705537,0.30651677,0.22408186,0.2182641,-0.18730296,-0.094545044,0.062196873,-0.006614782,-0.012326842,0.58920187,-0.016220579,0.2669359,-0.10263433,0.07943016,0.779506,-0.06385716,-0.012669644,-0.12119531,0.02272698,0.470477,-0.2192291,-0.08759622,-0.07642623,-0.05575311,1.1342512,-0.11689639,-0.020603789,-0.033024143,0.7132804,-0.008091888,-0.03017489,0.061282113,-0.005204521,-0.06883181,0.52739364,0.10184264,-0.0025334267,-0.13747504,0.34413996,0.07718298,1.1375595,0.6169742,1.0009657,-0.011088624,-0.12806754,-0.03148713,1.4577255,-0.029194346,-0.048611015,-0.017050678
TCGA-BR-A44U,-0.09827408,0.3045216,0.20878439,-0.9569769,0.37179664,1.7624288,1.4711257,-0.17685094,1.9692734,0.44313493,-0.05543188,-0.15243906,-0.3301024,-0.21673036,2.7619903,0.42923,0.35278654,0.22305368,-0.6145058,-0.33486167,1.0935483,0.07937654,-0.036917735,0.12089292,0.036430858,1.7086958,-0.26699835,-0.018025769,1.8840559,-0.16609102,-0.04103057,-0.34301525,-0.014312419,0.065227054,-0.58658105,-0.41063505,-0.27311993,-0.1516755,3.0872107,-0.30286595,-0.027502477,-0.1321899,2.251895,-0.019294368,-0.05911836,0.33094448,-0.051695574,-0.098452084,1.4404633,0.6679803,0.21146117,-0.47886458,0.967939,-0.013085437,2.825396,2.0146437,2.6288567,-0.0058897226,-0.3288161,-0.10644523,0.17355794,-0.022895182,-0.18411385,-0.006371539
TCGA-BR-A452,-0.011233077,0.3862853,0.26296875,-0.3462828,-0.0058116736,0.8245751,0.5102741,-0.08742202,0.84181154,0.12921003,-0.0119085405,-0.045199692,-0.14024161,-0.08600276,1.2202576,0.21244296,0.10101042,1.3473952,-0.21462743,-0.09279418,0.45666647,0.001510255,-0.0038335405,0.25265774,0.33410943,0.51802313,-0.09283166,-0.0049318667,0.85927385,-0.08427041,-0.02050465,-0.10363779,-0.009483191,0.13258357,-0.22537103,-0.15269506,-0.07724681,-0.03217946,0.8714128,-0.11455908,-0.018004818,-0.03750982,1.0457897,0.06495613,-0.03190848,0.44088995,0.38788944,-0.0662052,0.6336693,0.28848976,-0.007614424,-0.15726252,0.26266468,-0.021702481,1.0639435,0.728559,1.1064843,-0.026055813,-0.15870602,-0.024927769,-0.0034467548,0.010770062,-0.06487208,-0.043161962
TCGA-BR-A453,-0.04364238,0.08073091,0.060217306,-0.41310596,0.25242144,0.83036333,0.6324293,-0.07891094,0.85021484,0.45222333,-0.010779515,-0.06330707,-0.1388483,-0.09334995,1.2960695,0.12158512,0.14786004,-0.0009106376,-0.2656377,-0.15722795,0.30138594,0.023712933,-0.008152786,0.002551457,0.062367965,0.7549414,-0.12290471,-0.0026867546,0.9034297,-0.053659435,-0.005482122,-0.17036144,0.039657004,0.17664959,-0.25778592,-0.17081022,-0.13424912,-0.07586136,1.409685,-0.14229476,-0.010272336,-0.045828532,0.9647569,-0.018014384,-0.02999929,-0.0041999184,-0.02783979,-0.045693178,0.51591593,0.35183662,0.042264283,-0.21285728,0.519933,-0.019040704,1.2208337,0.818608,1.1206847,-0.00401786,-0.13375695,-0.06443697,0.08587988,-0.011061926,-0.086397074,-0.017826218
TCGA-BR-A4CS,-0.087877795,0.18959436,0.07545431,-0.7014019,0.05826297,1.4877689,1.149358,-0.114894174,1.408237,0.2607925,-0.04498545,-0.09177967,-0.2546054,-0.16134241,2.2592628,0.35331208,0.46668595,0.648893,-0.47388822,-0.2219665,0.82535166,0.26565582,-0.0109640425,0.17058091,-0.006311897,1.3371642,-0.2150899,-0.012157324,1.3947761,-0.1277314,-0.00956821,-0.24553557,-0.01420179,0.05039785,-0.43959197,-0.30649647,-0.1941948,-0.122231,2.1616511,-0.24479912,-0.008201942,-0.0921919,1.8125991,-0.013894278,-0.063107975,0.30415303,-0.0055699106,-0.07580327,1.1829742,0.47799933,0.120925486,-0.3393239,0.7468722,-0.0016915059,2.311531,1.4560652,1.9106122,-0.011965719,-0.22287075,-0.08613688,0.01876928,-0.015869904,-0.13346481,-0.02442092
TCGA-BR-A4IU,-0.040615622,0.12550434,-0.014335342,-0.6147575,0.17218533,1.6075077,1.1005298,-0.12712225,1.1556443,-0.015137008,0.047818825,-0.104108684,-0.26508412,-0.18620133,2.0118036,0.19588576,0.2915825,0.47719806,-0.42439595,-0.21794927,0.5989828,-0.0020858066,-0.0058656535,0.25994933,-0.009790788,0.94697386,-0.17133628,0.030702561,1.3385149,-0.11110019,-0.053339142,-0.22697519,-0.014039794,0.65510184,-0.41868433,-0.24364653,-0.17662144,-0.096652724,2.1287932,-0.21141711,-0.007404627,-0.07053884,1.4048162,-0.0334175,-0.048313823,0.2997414,-0.0071013407,-0.092801385,0.95370287,0.40232906,-0.009782295,-0.28909728,0.7689126,-0.03279991,1.9603776,1.3924652,1.87088,-0.009856887,-0.25318015,-0.07993007,1.1211329,-0.034262493,-0.12380004,-0.014155102
TCGA-BR-A4IV,-0.007379318,0.19701125,0.037612643,-0.28063044,0.12849964,0.68731487,0.47377732,-0.068442926,0.62365216,0.17003644,0.10298006,-0.04819135,-0.11587755,-0.09559252,1.0842086,0.12029255,-0.0003510236,0.31830865,-0.1879072,-0.08989694,0.3376201,0.038490452,-0.008680556,0.046727225,-0.014008867,0.5050947,-0.080797605,-0.009061857,0.6257285,-0.057154913,-0.024779065,-0.08878645,-0.00029867367,0.39407068,-0.18995301,-0.1212795,-0.09643575,-0.043894302,1.0161486,-0.08323128,-0.015576623,-0.028370319,0.62098646,-0.020262238,-0.029942155,0.05828552,0.15262024,-0.035289746,0.40568963,0.4455053,0.004898498,-0.1341485,0.32890338,-0.0012561372,0.7901209,0.6449193,0.8761861,-0.025487041,-0.12469151,-0.052810837,0.15176871,-0.021510495,-0.047676664,-0.017186133
TCGA-BR-A4IY,-0.07629835,0.17041554,-0.013010062,-0.96623766,0.6071003,1.934119,1.6254667,-0.20344102,1.750509,0.47445455,-0.0158196,-0.1654792,-0.37647778,-0.27685595,2.667904,0.15818481,0.5218067,0.016801517,-0.6594896,-0.3750356,1.2718883,0.2803806,-0.0032643662,-0.004863038,-0.040087033,1.5244715,-0.25633517,0.0065130745,1.909204,-0.14092116,-0.06328284,-0.33890304,-0.00601535,0.4886152,-0.58286595,-0.4272743,-0.2810908,-0.13560466,3.1320226,-0.29408917,-0.0023299549,-0.12300997,2.022984,-0.045932002,-0.07257562,0.06913259,-0.024050508,-0.11875035,1.4071374,0.14144155,0.026439222,-0.45984417,1.1771111,-0.041097052,2.8930275,2.0133147,2.5414035,-0.024155831,-0.3559762,-0.15752253,0.051106855,-0.01940128,-0.1998854,-0.027235985
TCGA-BR-A4IZ,-0.035797667,0.07697875,0.11636618,-0.37978727,0.2047219,1.1286384,0.56791127,-0.077740304,0.7081165,0.040297836,0.14453799,-0.07862927,-0.14617965,-0.10775974,1.2904392,0.26864353,0.27991483,0.25344187,-0.24703248,-0.12841256,0.20276847,-0.002095903,-0.006185911,0.48322985,-0.010826062,0.44505462,-0.118519485,0.0033353833,0.8664791,-0.076502986,-0.014901034,-0.14590505,-0.014568535,0.5347535,-0.2680675,-0.12900244,-0.102549456,-0.06210508,1.2913868,-0.13542737,-0.011567491,-0.03958798,0.79318625,-0.014832637,-0.031246278,0.15154111,-0.009098767,-0.077925146,0.60629684,0.31148243,0.05180992,-0.18666479,0.54548645,-0.007763003,1.3234712,0.8736326,1.1305455,-0.014849262,-0.16659953,-0.053957142,1.2845149,-0.032373108,-0.07011086,-0.007992751
TCGA-BR-A4J2,-0.041059297,0.29724115,0.17900199,-0.5621726,0.08114436,1.2878698,1.0025126,-0.1072669,1.0928625,0.29081002,-0.011943099,-0.07490314,-0.21564093,-0.15622249,1.864412,0.16131398,0.25401017,0.39575225,-0.37527063,-0.18631248,0.55742055,0.05695556,-0.008991924,-0.011863293,-0.010583268,1.0635364,-0.15100205,-0.011926989,1.2398199,-0.083074026,-0.020080589,-0.2031097,-0.0061302804,0.3664381,-0.36010876,-0.26399577,-0.17543349,-0.085775875,1.7700168,-0.16861907,-0.017656283,-0.05403161,1.2548517,-0.015470934,-0.058673244,0.18459071,-0.01360917,-0.05988566,0.7127171,0.51960945,0.20027043,-0.29042348,0.63232327,-0.030891353,1.6535323,1.1073234,1.594411,-0.02006822,-0.1992818,-0.09571781,-0.012985024,-0.018335246,-0.11117625,-0.012102133
TCGA-BR-A4J5,-0.05588914,0.16585353,0.09403403,-0.68138456,0.31439358,1.4444041,1.1321126,-0.1211999,1.2685721,0.41668072,-0.018487392,-0.11098906,-0.25950393,-0.19052778,2.036717,0.12121133,0.36389652,0.1002871,-0.46208388,-0.2515559,0.7870635,0.012970064,-0.010385304,-0.006180408,0.049764555,1.2010055,-0.17968617,0.11838256,1.5304277,-0.10385624,-0.031496868,-0.24833862,-0.008564771,0.43101248,-0.42732802,-0.30058414,-0.20005241,-0.10223539,2.3374667,-0.22149806,-0.013493267,-0.07452222,1.508747,-0.028739516,-0.050830014,0.03585562,-0.018793084,-0.069087334,0.9649831,0.4180895,-0.006026832,-0.3288623,0.9173794,-0.03302609,1.9979482,1.3607218,1.7652054,-0.013306518,-0.23982635,-0.11454576,-0.0081736045,-0.014311078,-0.14821093,-0.020553052
TCGA-BR-A4J7,-0.010607321,0.21922326,0.17785855,-0.4289517,-0.0016789908,1.0453337,0.7412174,-0.08765077,1.0347402,0.108810864,-0.0034273358,-0.06774217,-0.19241741,-0.12527719,1.7119735,-0.0016322751,0.058309667,1.0534058,-0.2741538,-0.13610981,0.48677856,-0.022709467,-0.010872899,-0.0021177873,-0.011200189,0.85444325,-0.10103958,-0.004300938,0.93709844,-0.093016915,-0.039163556,-0.13402899,-0.005812853,0.45996004,-0.27476957,-0.18726633,-0.1575141,-0.053962965,1.4065412,-0.14622545,-0.013973809,-0.059846736,1.1046202,-0.0021628616,-0.05693483,0.6025119,0.42217654,-0.06738479,0.6275357,-0.021803677,-0.024267567,-0.19681671,0.25611508,-0.041861292,1.1876398,0.69583786,1.4844722,-0.041576132,-0.16737495,-0.054702844,0.22500247,-0.02851058,-0.08550837,-0.010136888
TCGA-BR-A4J8,-0.10023939,0.22672613,-0.007938194,-0.9658351,0.60213214,2.091176,1.5484084,-0.17416841,1.8468208,0.03202364,-0.043843452,-0.1292812,-0.3850709,-0.27759093,2.8753707,0.14135252,0.58768237,0.39513308,-0.64747643,-0.34085613,1.1958714,-0.018013965,-0.009525343,0.19188331,-0.0021241982,1.5975822,-0.2773471,-0.003999591,1.7367184,-0.18787622,-0.06859962,-0.3439679,-0.029478638,0.36263323,-0.63536805,-0.4266498,-0.2922178,-0.1294733,3.2905266,-0.33363032,-0.02547494,-0.14027427,2.253575,-0.01851579,-0.08125415,0.46056432,-0.022537155,-0.11386545,1.520607,0.47160766,0.053827092,-0.4726455,1.277002,-0.035752814,3.0871136,2.1019354,2.6263518,-0.023922648,-0.35538453,-0.13896966,0.72723,-0.031894196,-0.21503083,-0.03526507
TCGA-BR-A4PD,-0.01596843,0.30265582,0.28422225,-0.51856005,0.043559406,1.407885,0.8540318,-0.08839242,1.1266049,0.05439274,-0.018117437,-0.06935903,-0.19502813,-0.12888367,1.8932983,0.53514534,0.21342546,1.3218199,-0.3393149,-0.13249306,0.5191577,-0.02126894,-0.009253216,0.4577116,0.12045327,0.8657375,-0.1515072,-0.003323815,1.0475338,-0.107999675,-0.02332749,-0.16690286,-0.008664763,0.6837197,-0.32662615,-0.20194398,-0.14858119,-0.06730341,1.7861506,-0.21182635,-0.02481211,-0.065200955,1.3592302,-0.020512493,-0.076123856,0.34106612,0.10367596,-0.065112345,0.92775226,0.32272863,-0.0044411244,-0.24089065,0.5590177,0.25505605,1.741063,1.1194012,1.7253202,-0.02227885,-0.23287301,-0.03584711,0.88658786,-0.04048701,-0.10225,-0.006197419
TCGA-BR-A4PE,-0.108273484,0.25094333,-0.0017826718,-1.1886729,0.5640647,2.4363167,2.0298145,-0.2356488,2.3248477,0.21638802,-0.024574026,-0.18534778,-0.47394925,-0.32763743,3.3453948,0.4336401,0.46741518,0.41238177,-0.8112982,-0.42400432,1.534842,-0.004218715,0.056062445,0.041842043,-0.023004416,1.8769431,-0.3259153,-0.015737703,2.3681931,-0.19152664,-0.058310576,-0.43855911,-0.008256202,0.24524364,-0.7563397,-0.5330124,-0.33291122,-0.18159632,3.7992325,-0.39031208,-0.027186954,-0.1557127,2.5406384,-0.03306664,-0.08885715,0.31346858,-0.029043764,-0.14987001,1.9229836,0.3307214,0.13929513,-0.59190315,1.4817388,-0.05758604,3.8972754,2.4556043,3.1736193,-0.01149057,-0.42116317,-0.17131135,0.28761154,-0.022804657,-0.25126663,-0.037278246
TCGA-BR-A4PF,-0.08543928,0.30627385,0.10645035,-0.9982438,0.44170916,2.2657237,1.585807,-0.17798053,2.1031733,0.22506386,-0.025415111,-0.14457536,-0.3827595,-0.27216092,2.9843304,0.30706656,0.6824211,0.56485695,-0.6607808,-0.34597087,1.1867895,-0.018363765,-0.013424945,0.2926686,0.024726477,1.6698734,-0.27773905,-0.012567279,2.095927,-0.17296939,-0.049119767,-0.37194538,-0.018832287,0.34742326,-0.6386433,-0.44806862,-0.29402813,-0.13230675,3.4724793,-0.32999325,-0.03567967,-0.13900883,2.0937662,-0.03999975,-0.07723917,0.28637558,-0.014598131,-0.10592802,1.4049476,0.45796156,0.08791551,-0.4798212,1.1088157,-0.037388127,3.1780992,2.149162,2.7758245,-0.047683123,-0.36794814,-0.13739595,0.18551502,-0.0267656,-0.21167624,-0.021196304
TCGA-BR-A4QI,-0.10103627,0.41344044,-0.022338396,-1.1611912,0.6928116,2.5054646,1.8504237,-0.22329214,2.2120357,0.42121938,-0.028023725,-0.19352995,-0.46331462,-0.3257891,3.3166535,0.41533485,0.626392,0.37172067,-0.77589554,-0.43939596,1.5655954,-0.016275225,-0.016317597,0.1406574,-0.0074715815,1.9293894,-0.32288724,-0.0040589185,2.2844408,-0.2190759,-0.07301678,-0.43477908,-0.018080046,0.40681106,-0.7268403,-0.526946,-0.3258361,-0.1833737,3.8059015,-0.38199148,-0.024301516,-0.17169787,2.5395617,-0.022979626,-0.090617746,0.40109527,-0.014932099,-0.11204201,1.609555,0.26490465,-0.0025579913,-0.5522386,1.2530205,-0.0399564,3.6155016,2.624158,3.2583907,-0.010661423,-0.4330294,-0.1724451,0.5533868,-0.032864407,-0.23235424,-0.022421328
TCGA-BR-A4QL,-0.0956612,0.44187912,-0.003998516,-1.3009617,0.53688085,2.6481776,2.3499978,-0.22529142,2.6309888,0.12023352,-0.046638325,-0.18967219,-0.49557015,-0.37329087,3.740909,0.4221754,0.70485246,0.5304285,-0.87150425,-0.4613327,1.5754924,-0.020559672,-0.015856637,0.18412025,-0.021604558,2.2683327,-0.36926323,-0.0033726871,2.2600722,-0.21836212,-0.078023456,-0.47905168,-0.014175094,0.21392366,-0.8131346,-0.5912249,-0.36796972,-0.20227352,4.351961,-0.42448425,-0.035551477,-0.17499176,2.8150141,-0.043555155,-0.086925514,0.3616166,-0.025448024,-0.15064582,2.0427933,0.23567829,-0.00465215,-0.64687836,1.504482,-0.03391593,4.182863,2.7391605,3.5713286,-0.016061675,-0.47022057,-0.16255102,0.19045216,-0.05021931,-0.28685164,-0.02156274
TCGA-BR-A4QM,-0.09467987,0.3128788,0.0662556,-1.1163514,0.4536555,2.3229485,1.8396543,-0.21572165,2.0405877,0.26724383,-0.025728537,-0.17267726,-0.42726383,-0.30975708,3.0664318,0.33617547,0.5035965,0.21902514,-0.75602,-0.38789153,1.5442474,0.033519328,-0.008336985,0.166216,-0.015600969,1.8397136,-0.30076572,0.08321707,2.1865153,-0.18376283,-0.07427633,-0.42070732,-0.0020527,0.50793403,-0.7009387,-0.5054397,-0.3154433,-0.17130594,3.6852803,-0.3449942,-0.032466304,-0.14232981,2.4055166,-0.044702016,-0.08719619,0.28190064,-0.024730807,-0.12916385,1.7776352,0.15714864,0.059031025,-0.537822,1.248387,-0.042529978,3.4171197,2.421825,2.9094956,-0.0233148,-0.39195314,-0.17316593,0.25196788,-0.026300503,-0.22865151,-0.025862738
TCGA-CD-5798,-0.031169435,0.114642754,0.2034769,-0.3103678,0.04747296,0.6715645,0.52261496,-0.07109042,0.6490649,0.38436818,-0.011205189,-0.051779844,-0.12177507,-0.074526496,1.0356002,0.23197895,0.1918283,0.42814696,-0.2031797,-0.1277504,0.29146975,0.009146191,-0.010090867,0.09014662,0.11658934,0.5479487,-0.080845356,0.03413603,0.79274255,-0.04884395,-0.010814537,-0.1309457,-0.0007971306,0.17714973,-0.20308362,-0.120481744,-0.09489082,-0.057861786,0.9905587,-0.10969203,-0.0026565802,-0.032582898,0.8363255,-0.01555371,-0.02566926,0.0065109134,-0.013676179,-0.035612755,0.36243588,0.17798626,-0.0050487006,-0.14725624,0.30906978,-0.0083789,0.979905,0.5927705,0.8036304,-0.0078767985,-0.11634471,-0.033020295,0.052358378,-0.02095124,-0.06954327,-0.013599396
TCGA-CD-5799,-0.008364084,0.19746917,0.21007039,-0.23346253,-0.004718054,0.63360745,0.41589022,-0.049057815,0.6264005,0.083260566,-0.0032514015,-0.022846656,-0.09195829,-0.038852546,1.0309408,0.17637168,0.16763726,0.7320501,-0.12646477,-0.04978865,0.14190128,-0.017087834,-0.015948003,0.3428796,0.03403845,0.44174334,-0.06693584,-0.00045618002,0.55063707,-0.04105829,-0.019206638,-0.076544665,-0.003819018,0.11813092,-0.14184558,-0.09821264,-0.073972754,-0.044699825,0.81508905,-0.08830724,-0.03226688,-0.04314972,0.75157887,-0.0016447252,-0.02290456,0.3791147,0.15270033,-0.029086081,0.43446842,-0.010401139,-0.0137194535,-0.12871633,0.14442322,0.09061901,0.7915068,0.47458977,0.8965381,0.121550545,-0.08270717,-0.02413564,0.24822429,-0.018385654,-0.038798,-0.010272918
TCGA-CD-5800,-0.04137672,0.16363227,0.74276406,-0.32947573,0.08041204,0.7249349,0.5520207,-0.058231086,0.4978827,0.21532032,-0.0021114626,-0.043817025,-0.1360438,-0.07334276,1.4308245,0.20880455,0.14530751,0.63177276,-0.21202083,-0.09950663,0.17890577,-0.0068095336,-0.01345216,0.37792385,-0.010580202,0.40095207,-0.09820054,-0.006339123,0.9345406,-0.057421833,-0.015205244,-0.11965739,-0.0043354384,0.3965556,-0.22311799,-0.1158598,-0.08563694,-0.038730867,1.1994509,-0.11124652,-0.0012769621,-0.032166507,0.7665925,0.00045879744,-0.050359752,0.16638863,0.00875026,-0.06396314,0.4674643,0.05305289,0.22488545,-0.14568274,0.29966295,0.17196994,1.1254728,0.7631869,1.1445509,-0.017704977,-0.12689188,-0.022432858,0.96896774,-0.015217954,-0.061493345,-0.023803225
TCGA-CD-5801,-0.07712316,-0.00032678014,0.20255992,-0.74126583,0.4355303,1.429766,1.0689657,-0.16372819,1.2864621,0.7427918,-0.008815665,-0.13486448,-0.2817168,-0.18751724,2.2215757,0.43102655,0.3777342,0.06343534,-0.4855547,-0.2812867,0.7905947,0.02135583,-0.007812362,0.30560678,-0.0011963475,1.1309123,-0.20844994,0.018208459,1.703552,-0.10646544,-0.03631446,-0.28904757,0.10358999,0.26516253,-0.44297153,-0.3235774,-0.21477579,-0.121806554,2.4158013,-0.24542113,-0.013915767,-0.09823222,1.6952311,-0.031445112,-0.04141333,0.045777686,-0.02259401,-0.08936657,1.1369407,0.07572085,-0.023859449,-0.35807857,0.79755753,-0.033352546,2.4346921,1.4929459,1.936785,-0.019785402,-0.26949868,-0.10937571,0.322789,-0.018757166,-0.1646697,-0.039971583
TCGA-CD-5803,-0.037863277,0.04099913,0.11282934,-0.33437842,0.12176529,0.7876583,0.5452705,-0.06910362,0.53682,0.102789864,0.016902545,-0.06807322,-0.12897204,-0.08315658,1.1236415,0.23734888,0.19724071,0.23665436,-0.20887914,-0.122999266,0.09233615,-0.0009855501,-0.0022454725,0.38952863,0.009925269,0.35531378,-0.11203766,0.114320286,0.79287446,-0.05675134,-0.017518153,-0.129903,-0.007057064,0.30979073,-0.22368069,-0.11054416,-0.0968542,-0.06337369,1.1212265,-0.11826692,-0.02354698,-0.043074343,0.81433356,-0.004090946,-0.024099737,0.041516453,-0.010787255,-0.061217435,0.5143483,0.14559259,-0.0009941673,-0.155543,0.50057125,0.013054261,1.1085765,0.6536608,0.9891828,-0.0022130595,-0.14989614,-0.02781997,0.94330204,-0.017446106,-0.06613731,-0.035118934
TCGA-CD-5813,-0.036640022,0.077647105,0.071640864,-0.3571827,0.077147834,0.7635132,0.40686655,-0.090975605,0.68510336,0.1325298,-0.014398731,-0.043197185,-0.11963011,-0.07967317,1.2478405,0.10217717,0.02025912,0.5826454,-0.21019621,-0.086771406,0.3837951,-0.0047662817,-0.02157318,0.16321945,0.027546585,0.6372067,-0.091316335,0.026947286,0.7622655,-0.064604774,-0.011682666,-0.1267767,0.003817305,0.027539447,-0.22525583,-0.1558154,-0.12263244,-0.053086985,1.1538078,-0.12043659,-0.02022884,-0.042810585,1.0636464,-0.0039933487,-0.0443629,0.23381548,0.30459106,-0.055333603,0.56863576,0.11447275,-0.0065439194,-0.16399977,0.21942534,-0.02599743,1.0393146,0.69759196,1.0221578,-0.016678553,-0.12303902,-0.041142788,-0.00032028183,-0.0057451497,-0.08976446,-0.020360047
TCGA-CD-8524,-0.055875015,0.26874092,0.23249385,-0.75327414,0.27960628,1.5603099,1.3534104,-0.123826854,1.2975695,0.20419835,-0.0069531663,-0.13652267,-0.25741073,-0.18220197,2.3411548,0.36320814,0.27066872,0.36937526,-0.48290727,-0.266983,0.710997,0.021019407,-0.013520879,-0.02152968,-0.014216608,1.1965654,-0.24583626,0.06393087,1.3873241,-0.1206542,-0.014644702,-0.27439424,-0.0010036938,0.55633223,-0.45789677,-0.30163306,-0.21150306,-0.13203758,2.5784996,-0.23749867,-0.015209245,-0.0966842,1.5926702,-0.023340318,-0.05783514,0.021666061,-0.027109373,-0.107482664,1.1890819,0.8618902,0.36667374,-0.36163506,0.7987596,0.16131619,2.2851467,1.567981,2.066081,-0.018673016,-0.26727736,-0.10543596,0.49595565,-0.02018342,-0.14476846,-0.021521924
TCGA-CD-8525,-0.027472809,0.02784741,0.6650193,-0.24879394,0.13415958,0.87758225,0.43727404,-0.04882965,0.5193727,-0.008948869,0.073591776,-0.03539596,-0.08213138,-0.071826994,1.1396934,0.16811363,0.21581979,0.57791245,-0.13687748,-0.064119495,-0.0015241646,-0.0037491068,-0.018209336,0.4671498,-0.010992177,0.2385939,-0.07841236,0.026864387,0.6125291,-0.056078304,-0.0048270836,-0.10078175,0.0814095,0.4706543,-0.17952214,-0.056081135,-0.061754253,-0.04260348,0.8940899,-0.10420678,-0.010776127,-0.01759619,0.54043156,-0.001289945,-0.03563078,0.2188674,0.06010472,-0.07163005,0.44832292,-0.0018279087,0.1194375,-0.09705928,0.19680856,0.21713352,0.9889828,0.5013255,0.7402716,-0.015846975,-0.10259086,-0.03661145,1.4361477,-0.029516859,-0.039903216,-0.016187504
TCGA-CD-8526,-0.027444128,-0.0066683306,0.18885949,-0.16669436,0.108537205,0.622579,0.33656418,-0.031185785,0.3765859,-0.009883343,0.05571627,-0.04344892,-0.058387686,-0.058130678,0.7474855,0.14396569,0.13641089,0.07603728,-0.08441428,-0.05026735,-0.01014395,0.0030548982,-0.010562114,0.4275175,-0.012523864,-0.0026119824,-0.05653354,0.05584586,0.34983876,-0.032587625,-0.0030563083,-0.067162864,-0.0057242415,0.33622947,-0.12514971,-0.02606904,-0.043036826,-0.027580535,0.6326905,-0.058745474,-0.016514136,-0.01678612,0.3987652,0.031675413,-0.0073947296,0.041206673,0.02737843,-0.054102134,0.26386675,0.06913526,0.024234759,-0.07220159,0.23096286,0.18724895,0.67161256,0.30742592,0.5882424,-0.0056355223,-0.06716742,-0.014853883,1.394872,-0.016835025,-0.025244897,-0.0098784
TCGA-CD-8527,-0.072044626,0.1477821,1.1592332,-0.6488926,0.10819565,1.5854867,1.335265,-0.10096394,1.295217,0.4765883,-0.02862283,-0.106742755,-0.23152255,-0.16637413,2.41968,0.4215661,0.22974083,1.2970673,-0.39599463,-0.2163379,0.5730166,0.042401828,-0.036151964,-0.01885287,-0.00040533353,1.3432611,-0.17843033,-0.020427128,1.3602706,-0.11090013,-0.020441918,-0.2757958,-0.025107613,0.53917295,-0.39291403,-0.25301278,-0.1582928,-0.07039221,2.2456143,-0.23603919,-0.00539213,-0.055108417,1.6603531,0.20239249,-0.07870292,0.0835624,-0.013206497,-0.08712243,1.2085083,0.17947555,0.30521265,-0.33266297,0.5505637,0.33990407,1.8349891,1.2409608,2.094837,-0.014771459,-0.22412784,-0.049083762,0.50510055,-0.048153546,-0.12401418,-0.012748641
TCGA-CD-8528,-0.098263286,0.23786709,0.17171763,-1.1002859,0.5468957,2.2142243,1.7170699,-0.18995063,2.1791956,0.33897525,-0.030578336,-0.17888159,-0.4144744,-0.2888307,3.2115068,0.4699485,0.6134063,0.16231903,-0.7420343,-0.39322767,1.2671225,-0.004760235,-0.012111163,0.24931437,-0.017472498,1.8041295,-0.2914289,0.0913555,2.174548,-0.19301794,-0.06104798,-0.41477022,-0.00018199757,0.26624298,-0.6824542,-0.48759958,-0.29548535,-0.17018835,3.5329213,-0.36361322,-0.03757915,-0.15121198,2.4385836,-0.043866288,-0.091996856,0.34203404,-0.036252894,-0.12895645,1.7028822,0.2844097,-0.014096069,-0.54359716,1.4239575,-0.021601971,3.5548766,2.3288147,2.9802237,-0.014688538,-0.39986572,-0.14995235,0.40123203,-0.029297698,-0.2314327,-0.027333109
TCGA-CD-8529,-0.031046435,0.19691482,0.48869047,-0.35537976,0.13893966,0.7418247,0.7074047,-0.06298118,0.76202047,0.42652914,-0.0062011518,-0.037813406,-0.13038684,-0.09952702,1.4054189,0.13690534,0.18933748,0.8316398,-0.198758,-0.11532191,0.3895678,-0.007162127,-0.011423046,-0.0022293804,0.03458083,0.5887278,-0.08846088,0.011743147,0.7473777,-0.0662218,-0.0056559886,-0.11783037,0.009256728,0.26859194,-0.23437126,-0.14612937,-0.111173265,-0.04878443,1.278662,-0.11857716,-0.00668176,-0.036899302,1.0512534,-0.024802634,-0.059376903,0.11921911,0.18855664,-0.069321476,0.31339437,0.3671635,0.041073963,-0.1576723,0.25455567,0.058237173,1.1470915,0.62381774,1.0879494,-0.012695829,-0.12957446,-0.042211466,0.080374055,-0.013086935,-0.08776459,-0.019732773
TCGA-CD-8530,-0.015742803,0.31761178,0.29601318,-0.3379989,0.050090533,0.7573265,0.58549815,-0.04620383,0.8006696,0.18332969,-0.017607,-0.04360156,-0.13058609,-0.07986104,1.3887223,0.09546851,0.14782633,0.79675746,-0.19952157,-0.102148436,0.18495066,-0.008092904,-0.018240882,-0.003376846,0.060955416,0.7530164,-0.096112125,-0.0011760421,0.7995144,-0.05547442,-0.0037349877,-0.1265251,0.16862544,0.18804142,-0.2080045,-0.146386,-0.12178699,-0.04254417,1.2793139,-0.12152393,-0.0047110226,-0.039653074,0.8725612,-0.006496941,-0.059987333,0.07002652,0.12101413,-0.04566717,0.44364104,0.4988513,0.15338244,-0.17483287,0.25467655,0.13582006,1.034331,0.58891046,1.0652571,-0.0044705095,-0.12981269,-0.036649577,-0.01223776,-0.024670748,-0.07314513,-0.015382409
TCGA-CD-8531,-0.13494046,0.29382262,0.09846616,-1.2970146,0.81027836,2.4801571,2.0354717,-0.2255568,2.5308213,0.56606936,-0.02930974,-0.19840081,-0.48991075,-0.34233838,3.5564065,0.45801023,0.7662052,-0.004194911,-0.9011442,-0.47175127,1.6851764,0.022707075,0.02756468,0.35175508,-0.007057658,1.8025721,-0.36326495,-0.006112519,2.3567047,-0.21246712,-0.06827014,-0.48785597,0.21041232,0.15102649,-0.7854983,-0.57584137,-0.36375433,-0.19020496,4.1727786,-0.41032726,-0.026680825,-0.1778606,3.015167,-0.046091713,-0.06406439,0.23170839,-0.043444905,-0.16524768,1.971148,0.18104126,-0.03687902,-0.6254458,1.5991582,-0.050520983,4.245917,2.689266,3.248718,-0.022729142,-0.4531954,-0.17536704,0.39451358,-0.025066389,-0.2780306,-0.029198483
TCGA-CD-8532,-0.019125907,0.10221475,0.3687748,-0.27490684,0.16894993,0.5889276,0.3502049,-0.06281979,0.6015286,0.16613576,-0.0027975636,-0.032162648,-0.12525606,-0.07236232,1.184229,0.2557127,0.0930208,1.171201,-0.15269874,-0.06964667,0.22552267,-0.0090584485,-0.0065740175,0.17589705,0.26152667,0.54977256,-0.06386327,-0.008364753,0.49718192,-0.07288394,-0.008248734,-0.09294903,0.031378783,0.1634108,-0.18079548,-0.11820679,-0.08079092,-0.057857014,1.0804526,-0.093674526,-0.019647822,-0.04291973,0.9478405,-0.005906368,-0.04069067,0.52001464,0.18389562,-0.03116495,0.5385864,-0.007474284,-0.024733962,-0.13023423,0.15756059,0.19673286,1.0172784,0.4377888,0.98163074,-0.011579764,-0.10177781,-0.032601368,-0.00350115,-0.042069536,-0.063523054,-0.025877038
TCGA-CD-8533,-0.12140038,0.5373765,0.44666985,-1.0196116,0.48633054,2.0343137,1.8861392,-0.1712117,1.9864087,-0.0012283536,-0.06508918,-0.12285954,-0.362139,-0.23789166,3.0371566,0.296845,0.6544621,0.72300225,-0.66225445,-0.36451957,1.2204456,0.019356325,-0.030639285,0.2091201,-0.0064523206,1.9935347,-0.29521152,-0.021261508,1.9650232,-0.17870343,-0.04699191,-0.39464676,-0.0024127536,-0.0020299756,-0.64082164,-0.43242797,-0.28429174,-0.16985886,3.3533483,-0.33679554,0.094374314,-0.13789104,2.4793499,-0.027493576,-0.0848523,0.5238367,-0.010560957,-0.121747576,1.5031736,0.5671554,0.16839568,-0.51378435,1.0841641,-0.014515561,3.2972057,2.0962536,2.9737751,-0.0064914823,-0.3404034,-0.09250193,0.035207056,-0.024418151,-0.2168297,-0.052348103
TCGA-CD-8534,-0.043908827,0.21139023,-0.003715175,-0.66638577,0.27926618,1.2703408,1.1345714,-0.13702242,1.531577,0.26698437,-0.036149155,-0.09394457,-0.25521168,-0.1829742,2.307513,0.3909619,0.30589467,1.470632,-0.41283318,-0.20894335,0.7615581,-0.027408177,-0.055712152,0.22672926,0.1198733,1.229093,-0.15988395,-0.01924525,1.5249914,-0.08165465,-0.035962384,-0.28013515,-0.011972543,0.26520258,-0.41910562,-0.2860827,-0.2211471,-0.08563063,2.1395402,-0.2533248,-0.0022604112,-0.07237729,1.6490465,-0.022407472,-0.08428308,0.5910078,0.36799788,-0.057223212,1.1410797,-0.0021219265,-0.01612819,-0.3414511,0.6087494,-0.0038973899,2.0856483,1.3720719,1.9658428,-0.014893788,-0.24721573,-0.062393315,-0.02601855,-0.06234129,-0.1577572,-0.014605457
TCGA-CD-8535,-0.13491027,0.21907884,0.13209164,-1.2106369,0.44108948,2.3521178,2.1327446,-0.17664196,2.2472837,0.27590495,-0.07286343,-0.20017469,-0.44920132,-0.30661026,3.419447,0.6454426,0.44173196,0.7563344,-0.81254417,-0.44866982,1.4672987,0.17500816,-0.012159838,-0.024085136,-0.006986609,1.9553927,-0.35807094,-0.040491425,2.1481557,-0.19739677,-0.037970345,-0.4311579,-0.019729182,0.47321606,-0.73657984,-0.54178715,-0.3154276,-0.16430183,4.107213,-0.38331625,-0.027336298,-0.15457748,2.9393983,-0.016016403,-0.09635156,-0.01823796,-0.03362478,-0.162413,2.098969,1.0185252,0.5534345,-0.6031653,1.2361658,0.23672713,4.200671,2.4404347,3.1256294,-0.019730167,-0.42805362,-0.15124606,0.3361287,-0.0007096706,-0.27299845,-0.041422505
TCGA-CD-8536,-0.07035717,0.14831628,-0.009154486,-0.8065112,0.28278023,1.6065559,1.3251474,-0.160594,1.5190871,0.29047444,-0.015098748,-0.1148529,-0.29656228,-0.20027454,2.4897442,0.23938698,0.40343216,0.5440493,-0.5186855,-0.29855427,0.8743102,0.00019402057,-0.01906578,0.010312723,-0.0036339518,1.2752826,-0.21986437,-0.0018483847,1.6456066,-0.09153349,-0.03356773,-0.2965897,-0.0064196712,0.52237105,-0.505856,-0.3474891,-0.24079438,-0.14838848,2.7467496,-0.27118492,-0.020346968,-0.09648442,1.7998856,-0.030538151,-0.05599984,0.21163407,-0.012690089,-0.0647571,1.1029363,0.64828855,0.0013263989,-0.41890365,1.019678,-0.007464133,2.4211311,1.7091341,2.4678822,-0.019387329,-0.29483503,-0.11588702,-0.032419544,-0.016623564,-0.16973023,-0.006889246
TCGA-CD-A486,-0.010729411,0.016622111,0.36841893,-0.11572333,0.03864979,0.28291795,0.17550418,-0.0067242803,0.5081284,0.1464952,-0.020362768,-0.0124806855,-0.03192141,-0.017912932,0.39623675,-0.005641898,-0.010303903,0.4242848,-0.08179356,-0.04176918,0.09642011,-0.017973451,-0.0022895972,0.08742074,-0.008509777,0.20774427,-0.027646929,-0.009895525,0.29953086,-0.015789043,0.036922455,-0.0554092,-0.013772744,0.19252521,-0.07445271,-0.038547415,-0.038265325,-0.024561811,0.4444299,-0.042098068,0.010564845,-0.010603993,0.4826973,-0.0025788888,-0.036360353,-0.008980086,-0.008813447,-0.019647298,0.031360034,0.009888813,0.14074281,-0.06225158,0.07020141,-0.0002465168,0.44503903,0.2344163,0.3502589,-0.0055613737,-0.043417696,-0.00054399244,0.20369825,0.058414996,-0.024858765,-0.0042446903
TCGA-CD-A487,-0.03408092,0.2359143,0.27815148,-0.48096606,0.17523056,0.965534,0.8749687,-0.088744126,1.3756295,0.3583034,-0.03643009,-0.08564178,-0.1950854,-0.12425003,1.7883488,0.33491275,0.2837476,1.2132157,-0.3010428,-0.16353492,0.4880817,-0.013688043,-0.028093338,0.13577524,-0.00046916786,0.7885863,-0.13698255,-0.034386497,1.1030682,-0.072554596,-0.010834637,-0.21018855,-0.013886446,0.25414997,-0.30707392,-0.21266387,-0.13474743,-0.051528852,1.6491551,-0.18938325,-0.012619175,-0.03972279,1.3230311,-0.004390524,-0.041338734,0.27645332,-0.0033388648,-0.03530301,0.8149653,0.37195018,0.13799895,-0.24564062,0.37727478,-0.0053448947,1.5507556,1.0184097,1.4242306,-0.014106544,-0.18797249,-0.026689706,0.15718588,-0.0019885092,-0.10418325,-0.0059623444
TCGA-CD-A489,-0.043043803,0.34060082,-0.028041204,-0.4819923,-0.006198225,1.0300796,0.70009077,-0.09613259,1.3316965,0.06349109,-0.030669762,-0.041297097,-0.19333725,-0.12266218,1.6009271,0.24941984,0.22801362,1.0779799,-0.3082552,-0.16601413,0.6594257,-0.031601,-0.0027064541,0.28996742,0.13292818,0.9361909,-0.13026243,-0.009678978,0.875833,-0.085748844,-0.036382318,-0.17730635,-0.035092708,0.038792916,-0.28487372,-0.22569647,-0.15378083,-0.07048018,1.7524043,-0.16651474,0.031017285,-0.05939115,1.3943536,-0.008542969,-0.06671833,0.6853635,0.1635491,-0.050809015,0.8282974,0.35166222,0.082708776,-0.2438536,0.5276924,-0.014459389,1.5476462,1.067884,1.5722218,-0.0026619453,-0.15858428,-0.04324653,-0.003314779,-0.026330028,-0.098615855,-0.016620984
TCGA-CD-A48A,-0.08742254,0.32961187,0.15219115,-0.9064712,0.48568502,1.8664985,1.4477247,-0.1897413,1.8369877,0.36755463,-0.039308187,-0.13925102,-0.34656107,-0.21748148,3.114501,0.4494206,0.17773686,1.7954444,-0.5726913,-0.29890722,1.3138034,-0.023051113,-0.051634617,0.5457193,0.032076567,1.787541,-0.22729234,-0.02487881,1.8743488,-0.15633157,-0.05849565,-0.3648964,-0.006473992,-0.010831473,-0.53955,-0.41051337,-0.2648519,-0.09880657,2.7388093,-0.3125499,-0.020139394,-0.14389811,2.2356737,-0.0047878856,-0.09852354,0.79252887,-0.0031284888,-0.09427454,1.3398893,-0.008129166,0.08925079,-0.42723113,0.9427436,-0.0032967292,2.8762844,1.9166496,2.615024,0.16713633,-0.32969666,-0.084810555,-0.0063738436,-0.043050356,-0.19508357,0.0716195
TCGA-CD-A48C,-0.110716395,0.56152695,0.15808716,-0.9818322,0.28542763,2.0873587,1.9898275,-0.16241376,1.9105842,-0.0041340212,-0.053029694,-0.12805353,-0.34680784,-0.2375429,3.167994,0.42454454,0.60505223,1.0328223,-0.6700968,-0.34019944,1.0212872,-0.015577934,-0.011947265,0.14205259,-0.023587571,1.7099452,-0.27290294,-0.019768149,1.6794617,-0.16086295,-0.065864794,-0.39634538,-0.008510301,0.1421726,-0.6342844,-0.42072415,-0.26918632,-0.15005538,3.4478488,-0.31571656,-0.029650128,-0.14511074,2.4127433,-0.03261886,-0.08801917,0.2548961,-0.028859887,-0.10656019,1.5166814,0.6754675,0.27779296,-0.51898074,0.95556426,0.08906592,3.1230488,2.1260173,2.7664816,0.2654951,-0.33072042,-0.09984087,0.30525482,-0.038695622,-0.22026323,-0.012525159
TCGA-CD-A4MG,-0.099911414,0.15919322,-3.118031e-05,-1.1564401,0.622824,2.3463502,2.0595887,-0.21348608,2.3157015,0.20494044,-0.031732034,-0.17949031,-0.4275011,-0.3149445,3.3211765,0.28397837,0.63660645,0.38254073,-0.7916018,-0.43436337,1.4286044,-0.001189509,-0.017166784,-0.00087079685,-0.011468253,1.861009,-0.3167679,0.07244569,2.212865,-0.19263242,-0.056943316,-0.43767762,-0.014461211,0.59084374,-0.72323817,-0.52315986,-0.34023362,-0.17022388,4.0035744,-0.39298522,-0.035116468,-0.14753532,2.5298297,-0.04378011,-0.08176139,0.2190726,-0.033393424,-0.123930074,1.852681,0.3375789,-0.007133235,-0.56987995,1.3673916,-0.022104667,3.5942981,2.4591422,3.1747804,-0.016458323,-0.42292404,-0.15936804,0.23683077,-0.031804085,-0.24475697,-0.023373324
TCGA-CD-A4MH,-0.02368042,0.14804478,0.60867524,-0.38293105,0.14950871,1.1515433,0.7836578,-0.0707125,0.77806425,-0.00518332,-0.008076449,-0.051324096,-0.1832595,-0.12967819,1.522673,0.057989653,0.2709271,0.67091954,-0.2501889,-0.09765842,0.31896806,-0.0212319,-0.0046896744,0.34059858,-0.014248555,0.5226126,-0.11619426,0.092895985,0.7898386,-0.07914515,-0.026787499,-0.14554928,-0.01813351,0.7130251,-0.259893,-0.12400714,-0.113906,-0.03521828,1.6580871,-0.14683203,-0.0074864062,-0.027387401,0.928132,-0.031144202,-0.04757641,0.19172859,0.20648433,-0.07672205,0.5562781,0.03859191,0.040908635,-0.16597489,0.31518576,0.090710156,1.2743455,0.7321874,1.3000933,-0.03352032,-0.17967027,-0.043671723,1.2947724,-0.038820837,-0.07948419,0.030860018
TCGA-CD-A4MI,-0.068956874,0.21323301,-0.01285252,-0.86611575,0.40079838,1.7237545,1.4383017,-0.1863581,1.6627386,0.38905254,-0.020181961,-0.13135214,-0.33973873,-0.24906991,2.4643102,0.1669561,0.40994102,-0.006635899,-0.58062476,-0.3218567,1.0249348,0.10022947,0.021546248,-0.00029233974,-0.008530365,1.49052,-0.23461914,0.014097214,1.6959774,-0.13397527,-0.046422534,-0.30995163,-0.0049251653,0.53564787,-0.527512,-0.4086759,-0.25113806,-0.12644322,2.9240541,-0.26814404,-0.016299687,-0.10627395,1.8905268,-0.044319354,-0.05119834,-0.0016088396,-0.02664167,-0.10166388,1.2860069,0.24736376,-0.006334796,-0.4207363,1.1180199,-0.030388845,2.7470262,1.7751979,2.2382975,-0.02043961,-0.3292764,-0.1568185,0.07370603,-0.018245844,-0.18296683,-0.021429121
TCGA-CD-A4MJ,-0.11028194,0.20888212,-0.0032376822,-1.244979,0.65515083,2.3864865,1.9831408,-0.24785475,2.3412569,0.46963942,-0.025401358,-0.19811791,-0.48927805,-0.34016445,3.3630922,0.2859803,0.5875499,-0.003302682,-0.85861295,-0.4621935,1.5787182,0.11897065,-0.009429716,0.21538867,-0.029661477,1.9546484,-0.33033785,0.072655916,2.381513,-0.19854872,-0.07754267,-0.46428385,-0.013141021,0.5134161,-0.7643075,-0.5715665,-0.35866556,-0.18155508,4.0773582,-0.3979191,-0.027640684,-0.1674969,2.7073512,-0.050715208,-0.07845529,0.14171551,-0.030803263,-0.14213638,1.7906747,0.064565524,-0.015276523,-0.6096945,1.5053288,-0.053509083,3.9655592,2.689737,3.2499745,-0.025132254,-0.449743,-0.19753055,0.2914164,-0.017841967,-0.26929304,-0.028426996
TCGA-CG-4437,-0.08203786,0.04705532,0.14715126,-0.8426148,0.4387797,1.5855993,1.3518592,-0.16868608,1.6472405,0.6679303,-0.014350987,-0.14682196,-0.3155621,-0.21385954,2.4163325,0.3492051,0.41897073,0.037637513,-0.5671107,-0.31407103,0.9251519,0.03314258,-0.01456963,0.13307655,-0.006097213,1.3716351,-0.23612098,0.008385107,1.8345686,-0.12369096,-0.03857318,-0.32511902,0.14615062,0.16653542,-0.502029,-0.37153706,-0.23562022,-0.14218603,2.6784575,-0.28274256,-0.024603898,-0.107722096,1.8980283,-0.03205704,-0.058591824,0.081575274,-0.020271776,-0.09241042,1.2173365,0.22804391,-0.021495726,-0.41557214,0.8971799,-0.026946804,2.8756325,1.7076904,2.0688362,-0.020950882,-0.2914145,-0.13625816,-0.00035162046,-0.019371267,-0.19454482,-0.028869336
TCGA-CG-4441,-0.032145657,0.37331823,0.13460968,-0.5225315,0.0802503,1.1027395,0.9681798,-0.10127657,1.0965711,0.12365614,-0.023379853,-0.053230256,-0.1980084,-0.1360788,2.0070755,0.20004252,0.03582509,1.4462703,-0.33691198,-0.17919199,0.5321757,-0.03044263,-0.0050026043,0.08290027,-0.015182878,1.1702224,-0.13511552,-0.010231599,0.99590737,-0.11101512,-0.025317386,-0.19205067,0.0039779916,0.18028954,-0.3445637,-0.24301243,-0.15616687,-0.061107334,1.8581601,-0.171451,-0.012572746,-0.07173304,1.470565,-0.012301051,-0.047552362,0.30490577,0.14332995,-0.07172752,0.7069196,0.15134339,0.06559241,-0.27154168,0.47162503,-0.010002962,1.7362481,1.1848062,1.7060028,-0.005434444,-0.18014072,-0.037845958,0.005029116,-0.033796385,-0.13195713,-0.010981233
TCGA-CG-5717,-0.022173302,-0.0017626524,0.17441294,-0.24151984,0.09636144,0.53176874,0.4340717,-0.065003775,0.41960832,0.29563212,0.040615007,-0.04764652,-0.09153258,-0.048633955,0.87013006,0.21381629,0.13795371,0.35050422,-0.15092099,-0.089831375,0.14778426,0.023443647,-0.002045189,0.15320393,-6.3317224e-05,0.4583083,-0.05787949,-0.006372958,0.59003395,-0.039972275,-0.0072956546,-0.09152155,-0.0022473268,0.15354228,-0.14263417,-0.098301776,-0.069608085,-0.055452276,0.7346508,-0.07518657,-0.0016764071,-0.020624124,0.62642753,-0.011613953,-0.016788984,0.1584257,-0.0165136,-0.03327789,0.33415598,0.118361026,-0.0037079842,-0.1138371,0.20743056,-0.00130598,0.7813602,0.4958955,0.6478438,-0.005274331,-0.08138376,-0.026734075,0.051251233,-0.018683117,-0.04641126,-0.018740049
TCGA-CG-5718,-0.048686095,-0.002558084,0.35556152,-0.2581469,0.068704315,0.6415943,0.45683232,-0.057580907,0.51287854,-0.0014120194,-0.0022599935,-0.043553773,-0.110528246,-0.07085123,1.0083227,0.14548168,0.11216164,0.41823292,-0.151145,-0.09402376,0.21418218,-0.0039615305,-0.016954843,0.56065536,-0.008200139,0.27009603,-0.09873741,0.022828424,0.47603565,-0.04671807,-0.0147649115,-0.094664,-0.010379615,0.23062603,-0.19213614,-0.097611055,-0.06476323,-0.023847366,1.0250477,-0.1072995,-0.013310718,-0.039159015,0.6634765,-0.0094160205,-0.03551973,0.2632497,-0.0032516718,-0.05393086,0.49776468,-0.011893687,-0.0001488572,-0.13051571,0.32112527,0.21488558,1.0038174,0.5810962,0.88721323,-0.0017955856,-0.113019064,-0.020256115,1.1361716,-0.010999178,-0.05776738,0.020458207
TCGA-CG-5719,-0.04452677,0.0620059,0.3009785,-0.38644892,0.015912822,0.85475314,0.57186085,-0.0783089,0.7216253,0.15699062,-0.0064668246,-0.06371224,-0.14720418,-0.096822605,1.4270775,0.37939095,0.11410367,0.65838,-0.23727174,-0.12827313,0.28429326,-0.018725203,-0.015546679,0.4640544,0.040258627,0.5836518,-0.09760188,-0.0105272755,0.83973116,-0.089400016,-0.013025067,-0.13867679,-0.0018931422,0.30994692,-0.25787884,-0.15037142,-0.09585537,-0.080025636,1.3290653,-0.14926249,-0.018753676,-0.034434106,0.99853224,-0.0066729286,-0.03991809,0.28785717,-0.0019447744,-0.066502325,0.5844551,0.115779206,-0.0036832558,-0.18657492,0.4132466,0.11680075,1.4832702,0.74617445,1.1131712,-0.014599444,-0.15893357,-0.035702407,0.6239644,-0.032495122,-0.08624195,-0.024724288
TCGA-CG-5720,-0.08822181,0.12624137,0.01052944,-0.84367895,0.370899,1.6365086,1.3875612,-0.16846316,1.5116597,0.4546875,-0.027854545,-0.13869402,-0.29453442,-0.20998915,2.3513951,0.32874843,0.39811787,0.14849025,-0.5573415,-0.30772534,0.9094618,0.083932176,-0.018028846,0.087652,0.053184543,1.417749,-0.2188601,-0.0066741467,1.7529883,-0.10799777,-0.056152076,-0.31569812,0.083037324,0.16581473,-0.51584214,-0.37631124,-0.22896133,-0.15075676,2.7238798,-0.27403474,-0.017506855,-0.10123696,1.9315512,-0.03231039,-0.05582734,0.18282567,-0.027285445,-0.07833304,1.194073,0.23489904,-0.011354687,-0.41563138,0.9299325,-0.023368552,2.751107,1.6442136,2.1502469,-0.03158242,-0.28778762,-0.1172804,0.05597599,-0.01696096,-0.18203087,-0.03217762
TCGA-CG-5721,-0.0744095,-0.00059118186,0.10562214,-0.67631537,0.3463745,1.2461317,0.8908152,-0.121327005,1.3336964,0.42709234,-0.008900633,-0.107756995,-0.24442719,-0.15137295,1.8945792,0.45477596,0.29459116,0.37631124,-0.43037197,-0.2309206,0.58777946,-0.0043567563,-0.027859578,0.32188714,0.009432819,1.0343999,-0.19993411,0.01288069,1.6300039,-0.10848677,-0.028121963,-0.25339022,-0.010376765,0.12517385,-0.43099904,-0.2758566,-0.18116072,-0.12683585,2.268897,-0.21391158,-0.0070941136,-0.0787787,1.6066082,-0.032763805,-0.04162903,0.34069765,-0.021988293,-0.08644332,0.9922702,0.38917947,-0.0076205856,-0.31991515,0.6569197,-0.0071380856,2.3353498,1.4000185,1.8287071,0.05915298,-0.25124347,-0.08470277,0.30931085,-0.009597727,-0.13391656,-0.02849367
TCGA-CG-5722,-0.07455837,0.04572135,0.22818533,-0.6672684,0.31510088,1.380973,1.1120448,-0.13855354,1.1443312,0.3521998,-0.0048215287,-0.12572259,-0.24295364,-0.17315769,2.0094976,0.29698566,0.35072494,-0.012092207,-0.4355471,-0.24799803,0.47697887,0.08546742,-0.0057954923,0.513078,-0.0028318737,0.77864677,-0.19427423,0.011516094,1.5023726,-0.102873705,-0.029327128,-0.26081017,0.009858817,0.44461772,-0.4211134,-0.2727657,-0.17681237,-0.11942879,2.148993,-0.2374591,-0.020704033,-0.07924513,1.5349653,-0.0238353,-0.036591813,0.061757684,-0.029643822,-0.10742515,1.044596,0.06479587,-0.009896076,-0.31584784,0.73989713,-0.012511283,2.2981126,1.3383292,1.7732543,-0.017570727,-0.24999435,-0.10671222,1.0111,-0.02722376,-0.13859509,-0.033677958
TCGA-CG-5723,-0.05427536,0.22585848,0.35827115,-0.4400727,0.2388787,0.80202883,0.88467646,-0.087882005,0.86085397,0.32823914,-0.030787304,-0.07933248,-0.17299703,-0.116709724,1.457713,0.20477214,0.24579881,1.0474951,-0.24496806,-0.15621696,0.47825438,-0.019739863,-0.02197658,0.038400985,0.095292546,0.82768744,-0.110354535,-0.0041313074,0.8867016,-0.06009686,-0.017739927,-0.15694337,0.02132877,-0.003791465,-0.26541525,-0.19246916,-0.13912427,-0.06558112,1.3869406,-0.14453457,-0.010740538,-0.0729382,1.1770865,-0.003758277,-0.051614493,0.4426477,0.18475834,-0.046859033,0.54060465,0.18771258,-0.00340489,-0.20959984,0.3491209,-0.0014906323,1.275453,0.8134631,1.3486093,-0.016410844,-0.15021922,-0.055269685,-0.009628556,-0.01892872,-0.10051324,-0.021727605
TCGA-CG-5724,-0.081058644,0.4495649,-0.009062961,-0.83586293,0.14881359,1.6275891,1.4141818,-0.1404755,1.5230845,0.27945235,-0.034123678,-0.13454016,-0.29042992,-0.19174366,2.6421654,0.6031075,0.36025977,0.40117434,-0.56573015,-0.31608143,0.93368506,0.1287796,-0.010507619,-0.0004462665,0.122320384,1.6121519,-0.22765164,-0.017363964,1.6265911,-0.14173861,-0.019821918,-0.31509742,0.0049359724,-0.008460234,-0.5077813,-0.38751718,-0.21818458,-0.15319772,2.7572477,-0.2633536,-0.039322197,-0.13033634,2.0964441,-0.01452522,-0.06973659,0.26809502,-0.027780546,-0.064655654,1.2025671,0.7797639,0.36794025,-0.42315888,1.016172,-0.0010635247,2.899051,1.6527576,2.0748434,-0.0035124947,-0.29297966,-0.10472715,-0.01940505,-0.029260773,-0.17904113,-0.03288597
TCGA-CG-5725,-0.006591373,0.020785585,0.61755306,-0.08494224,0.10084906,0.1109937,0.1521477,-0.016586883,0.33399853,0.0988729,-0.011956646,-0.019388108,-0.045422927,-0.012827187,0.44047406,0.037747897,0.11476373,0.47676092,-0.058900207,-0.031481594,0.13905826,0.011068851,-0.003185706,0.0987213,-0.0008593245,0.10215244,-0.026823377,0.03681514,0.34033123,-0.021921761,0.074765995,-0.037447754,-0.004125987,0.028160045,-0.053388387,-0.035420403,-0.025860084,-0.02423361,0.40972787,-0.023282835,-0.0011973195,-0.007710463,0.32943657,0.06488873,-0.015397367,-0.0024668935,-0.0147434315,-0.02174773,0.21191734,-0.0070385444,-9.714104e-05,-0.024929268,0.057416916,0.34376058,0.35136408,0.15907404,0.29299647,0.028089475,-0.022282606,-0.016039986,0.121536106,-0.0029979756,-0.016033627,-0.0028567892
TCGA-CG-5726,-0.119932584,0.36224145,-0.0048793224,-1.0894281,0.2999468,2.0707724,1.8574628,-0.1759846,2.0259967,0.028780697,-0.07297348,-0.15424769,-0.37886617,-0.27837658,3.182602,0.07037569,0.65130705,0.5350653,-0.70973235,-0.3735599,1.126956,-0.005035451,-0.028250499,0.097023785,0.12768061,1.9015657,-0.31427357,-0.010926838,2.1320643,-0.16142651,-0.058107764,-0.39823285,-0.022702709,0.2327856,-0.67782235,-0.46657774,-0.2918814,-0.17508599,3.4071295,-0.37315756,-0.013256024,-0.14441065,2.640445,-0.030731961,-0.07750042,0.49561518,-0.018096624,-0.10791033,1.6901429,0.42443645,0.09566654,-0.5580146,1.1139605,-0.031069396,3.3633497,2.1926854,2.9129846,-0.0083839735,-0.37249225,-0.117443755,0.0074899644,-0.023270281,-0.22681908,-0.024542475
TCGA-CG-5732,-0.019507099,0.20412183,0.24400899,-0.21999955,0.029588522,0.5381638,0.3362363,-0.042806193,0.47231215,0.17354323,0.11713259,-0.023334743,-0.093003035,-0.046574138,0.90118885,0.011181947,0.13063891,0.5270063,-0.13908707,-0.054692876,0.29060572,-0.0093661705,-0.008694901,0.26322567,-0.008674967,0.3450362,-0.06057545,-0.012883377,0.49915755,-0.043922074,-0.009581256,-0.07679081,-0.006005632,0.026892282,-0.14095323,-0.09376582,-0.07418628,-0.032705266,0.7383986,-0.056841653,-0.010333155,-0.025076726,0.69262606,-0.004249539,-0.032763354,0.20893832,0.108218536,-0.022849943,0.31895706,0.055469964,0.14176746,-0.101838194,0.16723754,0.07195787,0.5317171,0.41987252,0.6917102,-0.007901031,-0.08617261,-0.026831647,0.1597645,-0.019048722,-0.032135826,-0.020889232
TCGA-CG-5734,-0.04085901,0.1613178,0.098761365,-0.46753606,0.11746698,0.89780164,0.7776685,-0.08546475,0.8295825,0.4184886,-0.01749788,-0.07123411,-0.16337046,-0.10447263,1.5265698,0.25649038,0.34322733,0.5361557,-0.29149988,-0.15398291,0.46272913,0.027088918,-0.023820229,0.11084838,0.04196843,0.7932673,-0.12654144,-0.010665883,1.0429476,-0.07384778,-0.016734282,-0.17583379,0.08324439,0.1795692,-0.2948993,-0.19967107,-0.14729992,-0.08286296,1.603573,-0.15098853,-0.014775884,-0.05173374,1.24543,-0.01080002,-0.03886005,0.13795136,0.065984756,-0.04422464,0.74563015,0.43490458,0.0711074,-0.22813268,0.5375259,-0.0060916827,1.3543916,0.9110796,1.2130532,-0.013058387,-0.16529655,-0.05679301,0.09919492,-0.01737734,-0.10392132,-0.01568365
TCGA-D7-5577,-0.10337619,0.057751186,0.14661102,-0.9637479,0.543632,1.8534052,1.4804688,-0.19652338,1.7106702,0.61478555,-0.015135552,-0.17408815,-0.36320585,-0.25432852,2.8387196,0.38376972,0.542866,-0.014088044,-0.64622897,-0.35334846,1.1331556,-0.0017962359,-0.0052354136,0.38521865,-0.01720682,1.3404127,-0.2640143,-0.0057968483,1.9958491,-0.15981983,-0.051099468,-0.38124746,0.008554168,0.33268872,-0.58494526,-0.4183495,-0.2626304,-0.15549514,3.2426007,-0.32495737,-0.021420132,-0.13839564,2.1597366,-0.035620615,-0.05624637,0.23456438,-0.03045157,-0.114067905,1.4306707,0.013327692,-0.026315704,-0.4676976,1.0077385,-0.03261561,3.244558,2.0077186,2.4674263,-0.016074108,-0.34542203,-0.13958786,0.59995794,-0.027962549,-0.21459725,-0.032563496
TCGA-D7-5578,-0.07350764,0.12076058,0.3231281,-0.6919369,0.38317347,1.3863503,1.2223018,-0.12424598,1.2741437,0.31237647,-0.021950534,-0.111605994,-0.23434284,-0.17737608,2.2571344,0.17019358,0.32055312,0.1449452,-0.41697717,-0.2368835,0.62021536,0.08152765,-0.025850598,-0.005716875,0.07791796,1.165938,-0.19436352,-0.014402884,1.2453505,-0.10141587,-0.031642083,-0.2683712,0.11573163,0.4123061,-0.41604742,-0.2949106,-0.20054224,-0.13556789,2.2713788,-0.23529656,-0.0021710028,-0.09117781,1.5532906,-0.021916,-0.054647554,-0.0046642493,-0.023755664,-0.06560455,0.88185596,0.5554493,0.113783225,-0.33320022,0.65330213,0.071455024,2.165025,1.3173554,1.8253021,-0.018315217,-0.2461946,-0.09372513,0.3980806,-0.022558032,-0.13986497,-0.027265925
TCGA-D7-6518,-0.03877759,-0.0012694269,0.09150505,-0.47549817,0.2801164,1.1069114,0.7541402,-0.08300781,0.89210683,0.4283756,-0.0033106746,-0.080748625,-0.15330836,-0.09617585,1.4453765,0.2956028,0.23456405,0.23109761,-0.28561056,-0.17521618,0.44737536,0.03598623,-0.028611764,0.1730186,0.18594164,0.72583574,-0.13961321,0.018052239,0.9254425,-0.07039341,-0.006086303,-0.19097315,-0.010493297,0.28459695,-0.28755292,-0.18130498,-0.115175486,-0.10020202,1.4832774,-0.16756503,-0.019737726,-0.05397543,1.0471234,-0.018339386,-0.02693358,0.15277348,-0.0059431917,-0.054318216,0.7278787,0.29699898,-0.0021197645,-0.22344379,0.40776148,0.05534163,1.5740995,1.0884931,1.3728831,-0.010521377,-0.15984446,-0.06694682,0.451837,-0.017622596,-0.07963154,-0.030105326
TCGA-D7-6519,-0.019695511,0.14685558,0.60975367,-0.2854925,0.14594904,0.8284904,0.44509774,-0.085289344,0.6505445,-0.026403433,-0.04223326,-0.04026531,-0.12471818,-0.08461298,1.4226348,0.22475158,0.12826239,1.6047379,-0.13662818,-0.096196376,0.46558267,-0.0012790058,-0.018233147,0.43908563,-0.002080416,0.38033563,-0.066195026,-0.03358462,0.48319718,-0.07391716,-0.022396578,-0.121459834,-0.0029612593,0.38273287,-0.20831175,-0.09595938,-0.08161451,-0.034468394,1.1756271,-0.12402979,-0.03477038,-0.039645273,1.0343977,-0.024343193,-0.018319763,0.4754064,0.4404677,-0.06778194,0.43129346,-0.038772415,-0.012407667,-0.12403412,0.033002123,0.17415795,1.1469215,0.70892197,1.2280842,-0.030662118,-0.12800471,-0.023451576,0.927149,-0.032584563,-0.07987224,-0.014560473
TCGA-D7-6520,-0.011047312,0.1875568,0.1814866,-0.10701217,0.087877795,0.32279053,0.20275007,-0.01650926,0.33289427,0.061333343,-0.01518017,-0.025563035,-0.03116925,-0.027267853,0.67453,0.10246303,-0.0073852385,0.5003942,-0.054355234,-0.028454443,0.11831853,-0.010789057,-0.013601995,0.095797956,-0.008712016,0.0949685,-0.036722068,-0.000205698,0.27756867,-0.022664629,-0.0058577326,-0.030020526,0.049341764,0.24282263,-0.075660035,-0.045515973,-0.034758937,-0.015418909,0.49421456,-0.02997872,-0.01776763,-0.019338338,0.34967124,-0.006209587,-0.017695798,0.13904111,0.1965592,-0.026522448,0.13559195,-0.0077364775,0.09439351,-0.048482943,-0.003200221,0.2766518,0.3412006,0.26053652,0.5731047,-0.02240044,-0.041906532,-0.0039449497,0.4096796,-0.019337557,-0.015589203,-0.014903096
TCGA-D7-6521,-0.039602987,-0.003304317,-0.001913492,-0.37824216,0.29562378,0.73023957,0.565557,-0.083431475,0.90204185,0.26637784,-0.013685635,-0.059448242,-0.12881006,-0.090679646,1.2717565,0.25678632,0.2794524,0.6538722,-0.24018478,-0.13202016,0.4522697,-0.0096447645,-0.020384496,0.40616,0.041865118,0.7182695,-0.12619849,-0.016640594,0.78041434,-0.052900877,-0.016375357,-0.145906,0.045127302,0.10777631,-0.24997829,-0.15815291,-0.10363877,-0.079602785,1.287711,-0.1432807,-0.004520603,-0.06063621,1.1456324,-0.02197621,-0.030699162,0.2837193,0.20904091,-0.052709706,0.67920786,0.23240015,-0.0076499875,-0.20383917,0.37614718,-0.022993362,1.2379714,0.80535364,1.2485896,-0.01107956,-0.14458996,-0.032900255,0.30929554,-0.021830734,-0.08400759,-0.0077185924
TCGA-D7-6522,-0.029240478,-0.0060148495,0.12216905,-0.33352298,0.18346176,0.71277857,0.5229958,-0.06604915,0.6124928,0.38437474,0.06372631,-0.059063893,-0.119054995,-0.077498585,1.1106791,0.11766949,0.16479342,-0.003936702,-0.21053873,-0.124753974,0.16592434,0.028022416,-0.006937196,0.18187451,8.855807e-05,0.4904407,-0.09704592,0.083156705,0.86080694,-0.042423304,-0.011408791,-0.13395098,0.111428276,0.22138314,-0.20937076,-0.12300892,-0.093934245,-0.06663673,1.0848894,-0.10579218,-0.0062896432,-0.041832726,0.76817733,-0.01860891,-0.027959112,-0.008584759,-0.012815909,-0.039081115,0.3536458,0.2535231,-0.00026315506,-0.1605251,0.38422188,-0.013580139,1.0521258,0.672617,0.8805826,-0.010062476,-0.1162672,-0.05040607,0.35926032,-0.015183334,-0.062364157,-0.018780781
TCGA-D7-6524,-0.06221656,-0.006522413,-0.0011810925,-0.54893464,0.3724882,0.99279726,0.79781115,-0.110960625,1.0317514,0.57847685,-0.009648365,-0.09719062,-0.18698682,-0.13191524,1.6044693,0.1921852,0.20693055,-0.015364687,-0.36653635,-0.21737042,0.5011108,0.07863278,-0.0076507456,0.05985716,0.03772137,0.9392111,-0.15381029,0.01703997,1.2419442,-0.06848573,-0.012450579,-0.21767996,0.120110326,0.20267855,-0.33169487,-0.2385581,-0.15084502,-0.10632342,1.8116329,-0.18320322,-0.011585168,-0.062112775,1.2937165,-0.030968273,-0.036594454,-0.01232431,-0.03113052,-0.054665107,0.75453335,0.3153636,-0.005408519,-0.26764867,0.6300967,-0.0142996535,1.8119646,1.1428727,1.3329465,-0.019934263,-0.18873358,-0.094160534,0.030471861,-0.007219195,-0.112451054,-0.021223266
TCGA-D7-6525,-0.070926465,0.22847629,0.16285987,-0.8604925,0.28919628,1.5834547,1.2988505,-0.1527494,1.6815073,0.6563628,-0.033808045,-0.1497294,-0.2951511,-0.21473478,2.3998203,0.435665,0.38100612,0.3637125,-0.5532004,-0.31645453,1.0553312,0.07584843,-0.01815935,0.1652732,0.0701356,1.4627678,-0.23752837,-0.001087293,1.6647935,-0.12684219,-0.041386466,-0.32617363,-0.011989006,0.17227674,-0.5108109,-0.37186405,-0.23743467,-0.1362997,2.7721567,-0.2844307,-0.023760697,-0.12343595,2.0387557,-0.021491027,-0.064097784,0.050682448,-0.034044243,-0.09710776,1.4617298,0.47625703,0.15119658,-0.41227674,0.7372532,-0.027707806,2.8336573,1.7440342,2.058495,-0.0164809,-0.31795606,-0.098272,0.23021364,-0.018140255,-0.1724572,-0.042621534
TCGA-D7-6526,-0.013654147,0.10501589,0.25424698,-0.15621212,0.04719958,0.5763971,0.21230277,-0.029619638,0.2796858,-0.010598776,-0.0089629525,-0.036473006,-0.057593673,-0.046932112,0.74457705,0.18307626,0.16409804,0.36407015,-0.10160871,-0.04109087,-0.003591107,-0.004908591,-0.007824007,0.46519697,-0.0007692404,0.19067845,-0.074681774,-0.0050129,0.29312313,-0.029367736,-0.008346331,-0.05221914,-0.007282264,0.2592497,-0.11325381,-0.04318691,-0.03604084,-0.0268432,0.73750615,-0.0804319,-0.020599559,-0.024136554,0.5656818,-0.009599674,-0.01294133,-0.005643491,0.029633239,-0.0383217,0.38688898,0.21719778,0.12738323,-0.08307174,0.06692974,0.29299146,0.59110576,0.24599642,0.6152362,-0.017935766,-0.07206797,-0.018902386,1.2363551,-0.028350908,-0.018150395,-0.010029387
TCGA-D7-6527,-0.014160538,0.11257331,0.52084696,-0.11089858,-0.0043249154,0.3117186,0.25669652,-0.030409316,0.32574055,0.017007394,-0.01777759,-0.022011733,-0.06362894,-0.009496248,0.63880944,0.118024215,0.05429121,0.80486494,-0.06399519,-0.03347923,0.08302891,-0.008336039,0.084227,0.08863661,0.055462223,0.35388246,-0.017053245,0.0016868231,0.34522367,-0.04100019,-0.012633185,-0.051066946,-0.0042253966,0.09966449,-0.09547834,-0.04778832,-0.037396263,-0.012971893,0.5321912,-0.038452633,-0.010317757,-0.023295263,0.4993046,0.04872293,-0.031996485,0.2613923,0.14045988,-0.0066575366,0.2301943,-0.017069299,0.011680385,-0.0605061,0.01991439,0.11594062,0.2997226,0.19402346,0.6417512,-0.010225482,-0.05733607,-0.013648926,0.12404483,-0.008140467,-0.028250797,-0.017163604
TCGA-D7-6528,-0.064613886,0.31407169,-0.008445546,-0.72252595,0.4293415,1.5452404,1.3385686,-0.102154575,1.2123016,0.11218588,-0.02110189,-0.10289408,-0.22981821,-0.21242118,2.357411,0.21544494,0.28947434,0.53276485,-0.4676706,-0.24546619,0.6057274,0.05741603,-0.012963402,0.2415765,-0.0056656515,1.1777979,-0.23260908,-0.028214877,1.3310415,-0.11891842,-0.043150462,-0.27271476,-0.026008043,0.22145261,-0.48888627,-0.32490376,-0.2198896,-0.1083585,2.3590288,-0.25003058,-0.024697093,-0.10188198,1.9344673,-0.02307247,-0.04214595,0.12841979,-0.0031100435,-0.08499373,1.1285902,0.26562724,0.009407418,-0.36980778,0.8415272,0.15760618,2.3893285,1.5936862,2.2090364,-0.030958911,-0.25029057,-0.067720644,0.92017597,-0.027057577,-0.13458419,-0.022397263
TCGA-D7-6815,-0.040783927,0.20550829,0.0806904,-0.59866095,0.20746312,1.5327556,0.8063729,-0.114487946,1.3567277,-0.022227874,-0.040369026,-0.07801026,-0.21946378,-0.18180613,2.0802822,0.14717487,0.22318771,0.9150622,-0.38846034,-0.16539764,0.67246926,-0.0003253527,-0.018666169,0.58476907,-0.0063882056,0.9731556,-0.18536545,-0.022133632,1.2529942,-0.11457419,-0.044340327,-0.22206123,-0.009527444,0.29287612,-0.43812305,-0.26188746,-0.1781674,-0.093771674,2.0046215,-0.23789345,-0.04301188,-0.090155974,1.894695,-0.010625808,-0.06093486,0.5410297,0.4195189,-0.07652142,1.1830449,0.30930272,0.2568356,-0.3160787,0.5514097,-0.02520113,2.2135527,1.2815154,1.8383738,-0.020322226,-0.23780291,-0.06380906,1.2634709,-0.023106705,-0.13018747,-0.014410299
TCGA-D7-6817,-0.019916188,-0.0057887626,0.31775936,-0.20492105,0.021947904,0.5110844,0.42417622,-0.05208422,0.46150205,0.2626822,0.018661285,-0.031956054,-0.092332266,-0.05444764,0.90736663,0.1863656,0.07173356,0.63202846,-0.122899845,-0.062310457,0.060864344,-0.0014428534,-0.0027905933,0.1364173,-0.004003274,0.391776,-0.056813832,0.018186953,0.6044303,-0.044158366,-0.008793557,-0.08415862,0.102996215,0.21171452,-0.14275365,-0.085097976,-0.06993846,-0.04834494,0.75421673,-0.08222601,-0.010404301,-0.021135628,0.68033564,-0.010061253,-0.035311077,0.15521942,0.10495743,-0.029561806,0.338946,-0.00035089962,-0.0015224746,-0.10335877,0.17830805,-0.0006840294,0.5965106,0.29551122,0.8130402,-0.003274881,-0.084130146,-0.03756546,0.20513955,-0.024729507,-0.047198344,-0.010443273
TCGA-D7-6818,-0.029989207,0.1986317,0.31285703,-0.2468665,-0.011797164,0.47208536,0.4360179,-0.03247214,0.631579,0.34153548,-0.012326491,-0.02976597,-0.09244568,-0.059155434,1.0603029,0.15674892,0.2873486,0.3791751,-0.16148967,-0.07165255,0.18189926,-0.02014092,-0.02371646,0.08686833,0.0072602187,0.51656604,-0.09545672,0.1077829,0.5932358,-0.031945452,-0.0039196964,-0.09240158,-0.004526858,0.08237223,-0.16324267,-0.11106171,-0.07852926,-0.050236125,0.96743697,-0.09433027,-0.010101425,-0.03527211,0.7800164,-0.008624699,-0.01744737,0.09469929,-0.0019807126,-0.016918734,0.28558305,0.27848294,0.06981869,-0.118319824,0.17360057,0.2776382,0.9435061,0.5146728,0.8602959,-0.0026534868,-0.07683536,-0.032530133,-0.014965609,-0.028599367,-0.046984315,-0.011231831
TCGA-D7-6820,-0.02746943,0.11853277,0.66300523,-0.17653018,-0.0024955326,0.5373598,0.43643233,-0.037755948,0.5140816,0.14676417,-0.022891097,-0.022448385,-0.09152854,-0.037920743,1.030248,0.044622295,0.21912298,1.1846149,-0.11725616,-0.05910158,0.28499055,-0.023933543,-0.0020888867,0.08522146,0.06009956,0.47158054,-0.03948271,0.07684176,0.5841314,-0.05478799,-0.02070745,-0.088468574,-0.01964728,0.015622921,-0.12691961,-0.08847632,-0.058654737,-0.035678983,0.93159765,-0.07108941,-0.0019066174,-0.023509217,0.8468107,-0.0024309836,-0.04712398,0.21693353,0.24971434,-0.021974428,0.37242022,-0.015254954,-0.013289141,-0.10009187,0.22693999,0.13747182,0.5377411,0.2886471,0.8201911,-0.008721142,-0.09093817,-0.014994338,0.12050394,-0.02336847,-0.06263187,-0.02355655
TCGA-D7-6822,-0.09386684,0.28352675,0.13610038,-0.8948547,0.30676538,1.7053182,1.3997074,-0.15727621,1.8365116,0.42211944,-0.024187291,-0.14225118,-0.33075687,-0.21869,2.669201,0.77286714,0.5926249,0.8379746,-0.5901579,-0.32525387,1.0024726,-0.016156534,-0.010442375,0.031186493,0.07121077,1.5171473,-0.23469806,-0.018763116,1.6650451,-0.14999942,-0.01160977,-0.35408685,-0.0076622046,-0.024427893,-0.5695545,-0.36700714,-0.21403651,-0.14313911,2.8251436,-0.27293608,-0.027835352,-0.123951964,2.2017214,-0.013401406,-0.09286877,0.6273087,-0.025052434,-0.094832025,1.2099942,0.8254224,0.044068143,-0.457772,0.91182995,-0.0038345673,2.885032,1.8343581,2.308376,0.028362636,-0.30284426,-0.08948457,-0.003981866,-0.02079262,-0.1882071,-0.024246613
TCGA-D7-8570,-0.07956213,0.13222456,0.20672116,-0.7812006,0.39933494,1.5708504,1.3242475,-0.15521024,1.4803681,0.7593476,-0.018320797,-0.13794355,-0.2971268,-0.20110662,2.288238,0.24308899,0.43299678,-0.0043117735,-0.5223834,-0.29384276,0.855027,0.08321269,-0.00765101,0.14467956,0.0030474258,1.1905645,-0.2075276,0.005608425,1.6852468,-0.11090771,-0.032683153,-0.30668098,0.08960272,0.40498522,-0.4789052,-0.35152528,-0.22531013,-0.12138506,2.7088711,-0.25535545,-0.00846902,-0.09915464,1.7253233,-0.03552893,-0.049828075,0.03650616,-0.021128256,-0.086804144,1.1487869,0.2540428,-0.020909822,-0.38724735,0.8535742,-0.023875756,2.551848,1.6726835,1.9698627,-0.01706235,-0.27194715,-0.120269895,0.21205832,-0.019148074,-0.17003118,-0.012590438
TCGA-D7-8572,-0.01791302,0.0647835,0.50203276,-0.24824682,0.031172989,0.50884247,0.53082615,-0.033522677,0.59037024,0.40732023,-0.012401797,-0.014386292,-0.09905952,-0.040302627,0.9418448,-0.0069673816,0.1483617,0.6176554,-0.13857454,-0.08348782,0.067507684,-0.006306406,0.054297633,0.11965352,-0.02010557,0.26227164,-0.07397658,-0.012712221,0.46482047,-0.03956459,-0.01297567,-0.08149629,0.043058302,0.23315427,-0.16137773,-0.08510664,-0.06856255,-0.032176025,0.913574,-0.06492145,-0.0014068511,-0.0056869253,0.7292066,-0.0057858448,-0.033611696,0.11450569,0.094205946,-0.03500858,0.19521752,0.0025759153,0.043781385,-0.10820601,0.19817951,-0.0046892925,0.8083296,0.41045552,0.82204086,-0.018914249,-0.07861554,-0.038665257,0.16352546,-0.014328428,-0.06941252,-0.0053416984
TCGA-D7-8573,-0.10172617,0.1359481,0.09378444,-1.12749,0.57527095,2.2234986,1.9837886,-0.21866846,2.0873773,0.41231224,-0.033315312,-0.18182997,-0.44119436,-0.29968348,3.2008762,0.26087752,0.5653118,0.21798038,-0.7561298,-0.40711728,1.3716602,0.14669316,-0.01525721,0.24299408,-0.018865038,1.598468,-0.3134125,-0.009703073,2.1808004,-0.18298802,-0.070551105,-0.41635495,0.026855439,0.5251852,-0.6951251,-0.4980319,-0.32007217,-0.15245186,3.6912463,-0.3729593,-0.01848284,-0.15444897,2.5449452,-0.041518416,-0.06505459,0.3082006,-0.031417772,-0.122727536,1.6941736,0.21527295,0.08195458,-0.5562288,1.3440591,-0.032307357,3.5521731,2.2677574,3.0190077,-0.028973559,-0.38728866,-0.16972993,0.3710359,-0.02066646,-0.24491541,-0.020893876
TCGA-D7-8574,-0.032537576,0.10245778,0.26871663,-0.415979,0.18984395,0.94205546,0.65162367,-0.084398784,0.9150192,0.43843913,0.11514492,-0.06547776,-0.15554254,-0.099309206,1.4515709,0.24432522,0.21364303,0.5358964,-0.25275552,-0.14101402,0.3895995,-0.0072269714,-0.018850094,0.21591629,0.028259482,0.5369246,-0.1149643,0.03923721,1.0861984,-0.073747784,-0.015291776,-0.16586089,0.01775346,0.18763101,-0.25926748,-0.168544,-0.12362468,-0.079288095,1.3889863,-0.13692169,-0.020623894,-0.04288156,1.0244203,-0.0038511776,-0.041347485,0.19233383,0.0754689,-0.05163389,0.6144678,0.21944132,-0.0043199584,-0.20735092,0.39756295,-0.011165742,1.2882941,0.9520678,1.3191304,-0.011935313,-0.16037683,-0.05503729,0.28030664,-0.020143287,-0.07505442,-0.02856646
TCGA-D7-8575,-0.04927077,0.4525262,-0.0077782036,-0.5179982,0.3778532,1.2957793,0.891117,-0.12709619,1.2361487,-0.0039303615,-0.047936503,-0.061137345,-0.20030706,-0.16758421,1.6828974,0.20860119,0.23281857,1.4962673,-0.34415826,-0.13952112,0.6736333,-0.02651067,-0.0039497325,0.27185532,0.19890375,1.0840756,-0.16621374,-0.014757657,1.1327645,-0.10730783,-0.03296384,-0.17773275,-0.02124004,0.036086433,-0.35616753,-0.2483135,-0.16730438,-0.068196796,1.7632184,-0.21111302,-0.038767062,-0.09986373,1.4623927,-0.008486343,-0.042496566,0.6903157,0.513667,-0.08686554,0.9836878,0.017273132,-0.023353709,-0.25680056,0.64331,-0.0151906535,1.6137111,1.0188706,1.57723,-0.009176235,-0.19981164,-0.029809577,0.03621269,-0.03678299,-0.11174967,-0.03329418
TCGA-D7-8576,-0.032288488,0.114400364,-0.019364687,-0.333269,0.13823238,1.0537552,0.4650186,-0.08899519,0.7514866,-0.026073772,-0.025372688,-0.06474784,-0.13972665,-0.10073107,1.3382113,0.35858473,0.37441865,1.0376599,-0.20046468,-0.11344174,0.35731417,-0.008308288,-0.018981256,0.6772719,0.06025872,0.6609086,-0.08981083,-0.011810648,0.55005395,-0.08515882,-0.038263578,-0.13719888,-0.013304427,0.2608651,-0.2698855,-0.14636348,-0.09563093,-0.042620175,1.1967455,-0.15747842,-0.023626389,-0.048665263,1.1604339,-0.022142284,-0.03484283,0.6110819,0.2500973,-0.04691121,0.7794278,0.05055284,-0.01708232,-0.1588853,0.42982447,0.09224782,1.3184007,0.7226511,1.1591014,-0.0055495594,-0.16861686,-0.027684107,0.80911225,-0.034294438,-0.06393856,-0.01742044
TCGA-D7-8578,-0.018797453,0.12269262,0.2456754,-0.2350091,0.08959159,0.59335256,0.42545456,-0.056051046,0.54108703,0.16404784,-0.0049675494,-0.03585641,-0.08949458,-0.063644335,0.93717885,0.018298,0.04179898,0.55073106,-0.14461194,-0.07510829,0.108331874,-0.01460246,-0.014216957,0.07026994,0.028409448,0.54421675,-0.068807654,-0.0061324285,0.54878855,-0.043929618,-0.003549872,-0.1013089,0.08163471,0.26197463,-0.15852706,-0.09111688,-0.079599105,-0.044796024,0.88396704,-0.08580727,-0.0143494075,-0.038050763,0.7674184,-0.006574087,-0.037057932,0.17430095,0.1798269,-0.021024045,0.28320044,0.079828076,0.05048079,-0.121360675,0.19101231,0.016754711,0.6698178,0.47300646,0.83732575,-0.01781117,-0.09014966,-0.027528891,0.1907765,-0.017264305,-0.048709787,-0.016074514
TCGA-D7-8579,-0.054116692,-0.0006031021,0.17118995,-0.63230985,0.3181213,1.4666169,1.1104382,-0.10785921,1.2663774,0.21028548,0.004903773,-0.10551485,-0.2336971,-0.16415007,1.9714328,0.23780671,0.39107764,0.12555031,-0.4048454,-0.22437775,0.41984853,0.11620657,-0.015275324,0.23371854,-0.005637898,0.8975765,-0.18939248,0.11128654,1.4733975,-0.100148104,-0.014815459,-0.24834724,0.006050922,0.584978,-0.40680107,-0.2410156,-0.1688083,-0.11217494,2.190887,-0.22221051,-0.014740678,-0.0768813,1.3785832,-0.030846884,-0.052249838,0.023237035,-0.023393964,-0.08728166,1.0187225,0.3780021,0.0059842784,-0.3098121,0.7039424,-0.0016259326,2.0779712,1.290796,1.7380075,-0.011039619,-0.23198937,-0.08524083,0.82987887,-0.01864899,-0.12777181,-0.023900216
TCGA-D7-A4YT,-0.007605616,0.42818883,0.94603693,-0.46037126,-0.0208659,1.188074,0.8064984,-0.12139207,0.99846995,-0.007337581,-0.035334375,-0.08899941,-0.18180828,-0.119653225,1.6385198,-0.010281534,0.13725449,1.2767204,-0.25526223,-0.110716306,0.82514066,-0.003595159,-0.05198701,0.0033838246,-0.00061694643,1.0145874,-0.09184575,0.13962063,1.0001477,-0.08355849,-0.035101835,-0.15366815,-0.018237818,0.3451079,-0.2802429,-0.19499594,-0.1541832,-0.057972666,1.6083716,-0.117267124,-0.0041096276,-0.070912525,1.1643002,-0.008827153,-0.0977021,0.5931689,0.10603206,-0.06486396,0.66365427,0.008830171,-0.0058316886,-0.17562015,0.3733584,0.13161151,1.397496,0.81193244,1.5978162,-0.0026276738,-0.1434138,-0.049729183,-0.010749531,-0.029511426,-0.06692869,-0.03425935
TCGA-D7-A4YU,-0.072362356,0.3033421,-0.008203301,-0.98263025,0.38474703,2.1611106,1.6575358,-0.18535347,1.9064653,0.37866732,-0.018605797,-0.16520846,-0.39982077,-0.27266574,2.8207042,0.16907842,0.5646857,0.19277751,-0.6794602,-0.3659454,1.2937634,0.003169179,-0.0062583084,0.055597186,-0.018522482,1.71091,-0.26194406,-0.0013752148,1.9434292,-0.15632848,-0.059304506,-0.3625269,-0.0033950233,0.4471981,-0.6197328,-0.45012966,-0.2993618,-0.14438735,3.2442906,-0.3182374,-0.016161105,-0.13246135,2.0839303,-0.044497374,-0.06833607,0.20606484,-0.019851347,-0.10966372,1.4063905,0.45321736,-0.011687668,-0.4958244,1.2266983,-0.05083139,3.1479125,2.2455113,2.7463853,-0.021459784,-0.3540043,-0.15697688,0.08611915,-0.029249316,-0.21572089,-0.022043725
TCGA-D7-A4YV,-0.08134669,0.27697375,0.057130326,-1.0333952,0.5292099,2.306746,1.8005768,-0.17767398,1.8965088,0.36665505,-0.030711984,-0.16026641,-0.39017388,-0.27551454,2.830642,0.3230329,0.5467392,0.1404248,-0.66433924,-0.3653634,1.0702674,0.03583117,-0.030961454,0.15670894,-0.015435069,1.6016569,-0.28234336,0.048969373,1.9754326,-0.17322424,-0.07508209,-0.3830007,-0.0107137915,0.53756523,-0.6363815,-0.44986454,-0.299298,-0.15125184,3.3574352,-0.33068424,-0.021736758,-0.12397995,2.1840773,-0.04588222,-0.07644743,0.09559767,-0.022264691,-0.114380434,1.5387075,0.36137706,-0.009938382,-0.5042587,1.3498204,-0.019073715,3.1683564,2.1988728,2.7731404,-0.026483327,-0.38935608,-0.15834479,0.6609899,-0.02174874,-0.22124937,-0.037175
TCGA-D7-A4YX,-0.09505481,0.21477255,-0.0062720254,-1.1477304,0.6271473,2.3643324,1.9090563,-0.23504522,2.175925,0.3434625,-0.02526166,-0.18294404,-0.46595937,-0.3278019,3.22426,0.2372829,0.5577076,0.2457054,-0.80287105,-0.42135206,1.4173024,0.095888406,-0.002878024,0.23742054,-0.024674678,1.8663992,-0.31480822,-0.0073420047,2.3008525,-0.17608768,-0.08094941,-0.41277114,0.02412571,0.61503154,-0.7106223,-0.5301904,-0.3409679,-0.16086753,3.7488165,-0.3738704,-0.0049621067,-0.15256694,2.4167721,-0.04273219,-0.07827031,0.25058252,-0.019140363,-0.12122474,1.8244162,0.17925711,-0.014861019,-0.55075574,1.3884566,-0.044040024,3.6078217,2.3229325,3.0239754,-0.026184509,-0.41836044,-0.17939824,0.19677159,-0.023742033,-0.24084508,-0.026328355
TCGA-D7-A4YY,-0.13089937,0.18392266,0.08787741,-1.3162102,0.59513056,2.650458,2.2353516,-0.23667209,2.562816,0.37725076,-0.041791808,-0.21155377,-0.501892,-0.3661584,3.5670404,0.28440997,0.57416517,-0.004173719,-0.90063876,-0.50416476,1.6043522,0.039135747,-0.0048484444,0.076071665,-0.004239695,2.1595263,-0.3546349,0.0548788,2.5307164,-0.21513517,-0.09728977,-0.4967691,-0.025206706,0.44327942,-0.8269701,-0.6065458,-0.37617278,-0.19139639,4.328394,-0.4253621,-0.026584009,-0.18778983,2.91433,-0.0465685,-0.080304466,0.1283605,-0.038547713,-0.14186166,2.00477,0.19201753,-0.011526421,-0.6496107,1.6309114,-0.040059242,4.20749,2.80482,3.4492104,-0.010694861,-0.47142163,-0.19449799,0.45111123,-0.026448471,-0.28296602,-0.027494868
TCGA-D7-A4Z0,-0.06032857,0.21787857,0.02747627,-0.83805704,0.43349877,1.8047259,1.3225207,-0.16142695,1.5496091,0.1199365,-0.0114565445,-0.14391018,-0.33258337,-0.23287897,2.6267378,0.2597966,0.42284438,0.5119017,-0.5509644,-0.2814107,0.8327741,-0.01003575,-0.011435061,0.29909182,0.026891451,1.3083123,-0.22946124,0.12779215,1.7266785,-0.14416862,-0.059194643,-0.30024162,-0.02460585,0.5688891,-0.5342157,-0.35188827,-0.23326981,-0.12948126,2.7233207,-0.28276557,-0.014926137,-0.10084257,1.962144,-0.035430714,-0.06296504,0.26995975,-0.024769384,-0.12161668,1.4290454,0.30719185,0.00991662,-0.39369854,1.0588179,-0.028368786,2.4811778,1.7373682,2.3177063,-0.017725023,-0.3206787,-0.12355619,0.7720943,-0.03269375,-0.15755576,-0.022339387
TCGA-D7-A6EV,-0.055754054,0.17934543,0.32154036,-0.7614233,0.39854598,1.5567125,1.368284,-0.123631954,1.5139774,0.22583146,-0.020466935,-0.124775164,-0.3067617,-0.1938437,2.4576497,0.6002076,0.32100484,0.7563069,-0.5015515,-0.2579479,0.84146297,0.019523785,-0.01288583,0.19284545,-0.017355053,1.2713982,-0.22669521,0.089188814,1.7098604,-0.11316051,-0.025230242,-0.30213028,-0.023110023,0.11981691,-0.48602486,-0.3240971,-0.22116354,-0.11008512,2.4503973,-0.26358992,-0.00014220364,-0.10384021,2.0394883,0.06088437,-0.06471253,0.44135588,-0.008874637,-0.085902475,1.2404041,0.3687111,0.15316713,-0.3662791,0.75472367,-0.010448315,2.4412413,1.7273978,2.0873268,0.24946474,-0.27070364,-0.08734632,-0.003138295,-0.044026833,-0.1662483,-0.0061755786
TCGA-D7-A6EX,-0.04669718,0.5983829,0.4650424,-0.50039864,-0.019028658,1.1984622,0.7395705,-0.11360059,1.2222414,0.079474494,-0.0019739564,-0.037827995,-0.20736253,-0.119003154,1.9789155,0.41497573,0.18305863,1.5598733,-0.31783584,-0.1858749,0.5886115,-0.050325967,-0.030777603,0.7425443,0.072262436,1.0324892,-0.13757986,-0.0032959362,1.1438888,-0.11704403,-0.057752308,-0.1800195,-0.020254383,-0.0005626761,-0.3320304,-0.20910206,-0.19846483,-0.052501675,1.7873783,-0.1650818,0.019931924,-0.06648596,1.6250671,0.1174346,-0.07439669,0.91211635,0.35012284,-0.07466706,0.77585423,-0.0105721755,-0.0010220287,-0.254266,0.14640138,-0.01151722,1.6339422,1.2475979,1.884062,-0.029640853,-0.19791184,-0.055170994,0.5702261,-0.024446748,-0.10886633,-0.041220184
TCGA-D7-A6EY,-0.059578408,0.06621183,0.2433326,-0.6127648,0.20234053,1.2861998,1.0901359,-0.09517226,1.1780322,0.22507277,-0.009539626,-0.10489603,-0.21697307,-0.15302216,1.9043094,0.24836436,0.30205974,0.4530795,-0.37643927,-0.20092587,0.3321826,-0.010752055,-0.01355775,0.076029316,0.07703515,0.84074646,-0.17954996,0.03384313,1.2580341,-0.097715445,-0.026447305,-0.24428628,-0.008113581,0.46262562,-0.38865885,-0.23799184,-0.15539531,-0.0965155,2.00226,-0.2072546,-0.017423525,-0.07602178,1.3780705,-0.030796755,-0.0625248,0.11709656,-0.016599352,-0.086526595,0.9032554,0.39743912,0.12531412,-0.3099235,0.67722476,-0.0025816828,1.8970879,1.1614709,1.7123995,-0.015273066,-0.221501,-0.063886546,0.6664612,-0.03908071,-0.13028027,-0.022680113
TCGA-D7-A6EZ,-0.10667812,0.10060061,0.022650812,-1.0887475,0.563894,2.081144,1.7292846,-0.22511767,2.032448,0.5539137,-0.021554044,-0.18732715,-0.4279519,-0.30385464,3.1536899,0.4014171,0.48477146,-0.0051539023,-0.7493531,-0.40727592,1.3326118,0.07384962,-0.0076454426,0.20270976,-0.026886258,1.6695095,-0.288587,0.0815887,2.292829,-0.17021185,-0.06106474,-0.4165685,-0.004120306,0.42676806,-0.67260474,-0.49463087,-0.3125586,-0.17182244,3.627008,-0.35453174,-0.027843863,-0.13252263,2.3384998,-0.038145058,-0.07745501,0.17806934,-0.02018003,-0.1183409,1.627478,0.14024025,-0.01770096,-0.53559715,1.2393088,-0.0375196,3.512524,2.2669008,2.8330233,-0.018583946,-0.3907344,-0.16916113,0.23295212,-0.015228638,-0.23652671,-0.023175294
TCGA-D7-A6F0,-0.017796291,0.07575414,0.5173277,-0.15345345,0.21549207,0.5125775,0.3283642,-0.022548089,0.19971055,0.11770306,0.15182208,-0.034792285,-0.07763874,-0.05438878,0.71762633,0.025687076,0.09608252,0.12735714,-0.084494516,-0.05246651,0.15312967,-0.018463768,-0.0066433945,0.20813318,-0.007565108,-0.002086753,-0.06787794,0.1411461,0.34240383,-0.030130161,-0.0023164903,-0.059100825,0.019522268,0.31568155,-0.118310526,-0.04335931,-0.053073008,-0.009461227,0.5672471,-0.062224533,-0.013777216,-0.02248818,0.3174139,-0.016295107,-0.023274247,-0.013849074,0.04749928,-0.0660023,0.15174115,-0.012627079,0.06389676,-0.05443893,0.004905859,0.034466937,0.6043204,0.26929477,0.7991399,-0.021010108,-0.07034646,-0.03581043,1.2851834,-0.012325759,-0.025377268,-0.016447423
TCGA-D7-A6F2,-0.042420767,0.18687591,0.74171984,-0.3855878,-0.0098928865,0.7488316,0.5456399,-0.050477248,0.7512927,0.3265079,-0.027904356,-0.028400192,-0.16613771,-0.11268733,1.4339489,0.14752075,0.35912994,1.2854782,-0.21984969,-0.09285726,0.506708,-0.05136583,-0.026487935,0.020296494,-0.0008381568,0.7970142,-0.09603157,-0.016718064,0.80573654,-0.07689158,-0.018005181,-0.12559551,-0.026200322,0.13532442,-0.24784327,-0.17890993,-0.1211833,-0.078188114,1.4076083,-0.15809219,-0.011969416,-0.03369918,1.0581021,-0.011150957,-0.09397596,0.41819572,0.14522353,-0.06930854,0.65753204,-0.020953799,0.0940498,-0.19965997,0.17008589,-0.014570623,1.0441301,0.63586587,1.1805859,-0.026346147,-0.15246911,-0.05219653,0.2773256,-0.049347073,-0.09534148,-0.015939077
TCGA-D7-A747,-0.03195806,-0.0018509425,0.13713479,-0.31762844,0.14199132,0.8364451,0.4339094,-0.0561863,0.63240445,0.27680698,-0.00058764796,-0.052018803,-0.11289717,-0.0837624,1.198426,0.2820504,0.19485702,0.3329175,-0.19384526,-0.10885143,0.19521698,0.06210109,-0.011315949,0.18314116,-0.005142314,0.51532036,-0.09070811,0.037162274,0.7933345,-0.046450794,-0.022519654,-0.11836507,0.022743607,0.36207908,-0.20787287,-0.113220714,-0.08965284,-0.06724858,1.0988629,-0.11140253,-0.00115037,-0.030500514,0.75273305,-0.012679133,-0.03278148,0.168545,-0.01436231,-0.038767155,0.4651024,0.34020084,-0.0004744364,-0.1421752,0.48585925,-0.0018956943,1.0563463,0.6672152,0.97204185,-0.02100915,-0.13078807,-0.036883608,0.52807164,-0.019395726,-0.06159962,-0.012417535
TCGA-D7-A748,-0.020881133,0.1395395,0.10589641,-0.34753403,0.08923005,1.0436854,0.481695,-0.0738337,0.6692588,-0.0024619477,0.11305523,-0.0623641,-0.12918465,-0.10174539,1.212886,0.33008185,0.18593933,0.368893,-0.21258341,-0.11749488,0.22902106,0.08425012,-0.016488856,0.4375652,-0.011003725,0.34160796,-0.11593063,0.021603446,0.7928397,-0.06810264,-0.021825895,-0.12544984,-0.011713449,0.5351634,-0.2468189,-0.10734017,-0.09530411,-0.055582877,1.1651798,-0.14402214,-0.018071713,-0.04355001,0.7814741,-0.006517327,-0.030896155,0.14095731,-0.0028992842,-0.08955686,0.62072945,0.08343816,-0.012005112,-0.1503119,0.33007017,0.049364828,1.2277733,0.75186926,0.996205,-0.01874884,-0.15853538,-0.051984485,1.242121,-0.024407145,-0.061638083,-0.008982814
TCGA-D7-A74A,-0.103515044,0.42550653,0.13010105,-1.1768792,0.45262805,2.307211,2.0925167,-0.19527914,2.3852382,0.22057773,-0.0462999,-0.18232669,-0.49004045,-0.3001394,3.567563,0.5512908,0.5826676,0.8100801,-0.82445717,-0.4241247,1.7133882,-0.0316333,-0.032866947,0.3563374,0.030077089,2.006279,-0.29492837,-0.0047621964,2.5146618,-0.21800208,-0.0781595,-0.45011473,0.007851973,0.312373,-0.7627484,-0.540667,-0.34768397,-0.16108878,4.007507,-0.3894019,-0.02193152,-0.1740156,2.6529508,-0.02676611,-0.07979339,0.5528998,-0.011015429,-0.13377477,1.7691737,0.115913,-0.019541336,-0.5911133,1.0822531,-0.01828109,4.015409,2.6845264,3.2349093,-0.024265077,-0.4287316,-0.13961971,0.26422715,-0.022595687,-0.24876495,-0.017406086
TCGA-EQ-8122,-0.01400881,0.23798758,0.92193174,-0.29168865,0.1400164,0.96376175,0.53091127,-0.059927445,0.7759156,-0.0021140443,-0.004266395,-0.054401673,-0.11225902,-0.07822969,1.2602568,0.1403916,0.16699488,0.7704679,-0.18535888,-0.080826476,0.012633152,-0.011596604,-0.0058505065,0.29509455,-0.007019476,0.50104386,-0.106711976,-0.00012522485,0.7364425,-0.06532936,0.024623992,-0.12289609,-0.03485543,0.3374886,-0.2321914,-0.09168083,-0.08263205,-0.028981939,1.1090714,-0.12195461,-0.008121686,-0.045687646,0.91737384,-0.0074439095,-0.050537903,0.163657,0.15064368,-0.07572935,0.5353474,0.11552133,0.25179416,-0.13990365,0.25938672,-0.0033325688,0.9405787,0.50367826,1.0981472,-0.012748897,-0.12471038,-0.024837201,1.4530163,-0.018749835,-0.037652146,-0.016149653
TCGA-EQ-A4SO,-0.009969677,0.12604943,0.3913553,-0.22267513,0.027730932,0.64905375,0.71554375,-0.082694136,0.5105574,0.20076334,-0.0040318333,-0.033086687,-0.14793013,-0.0927798,0.87521327,0.12477081,0.12491598,1.1599056,-0.1781209,-0.06799828,0.42350268,-0.020486526,-0.022901526,0.26404664,-0.014868677,0.61043185,-0.04067583,-0.015371959,0.6519348,-0.06410341,-0.03448949,-0.07047137,0.02412662,0.38206464,-0.17835046,-0.12571242,-0.10483859,-0.03125034,0.86169565,-0.100613825,-0.0069251074,-0.019885186,0.9096862,-0.008057177,-0.06083408,0.42700207,0.61622477,-0.025522608,0.5617265,-0.025119005,-0.014418691,-0.1171207,0.3737645,0.048066236,0.57492024,0.39664108,0.9570225,-0.025603566,-0.09268802,-0.046183363,0.106792495,-0.0054597626,-0.06913243,-0.016375164
TCGA-F1-6874,-0.07091331,0.14792737,-0.014534036,-0.6179404,0.097987406,1.2103045,0.9689608,-0.12692116,1.1364658,0.31930396,-0.010099475,-0.07135618,-0.2408537,-0.14704898,1.9869806,0.25831887,0.26357153,0.32029325,-0.38449436,-0.20639832,0.69297135,-0.030909771,-0.026646078,0.18182744,-0.00878318,1.0549761,-0.20974922,-0.00094584376,1.3414996,-0.09435167,-0.04137396,-0.21278308,-0.0059023625,0.28113446,-0.39164582,-0.279007,-0.18816742,-0.109649144,2.2066765,-0.20024125,-0.03039434,-0.085026346,1.4912192,-0.021273533,-0.025214648,0.38084787,-0.0065947073,-0.0683022,0.9879224,0.47496969,-0.00509478,-0.32210037,0.69232696,0.12760344,1.9441324,1.3224839,1.7857755,-0.0034274054,-0.2361981,-0.08600412,0.0033250898,-0.0028746813,-0.12392753,-0.024840636
TCGA-F1-6875,-0.02044349,0.26790914,0.23265933,-0.40153977,-0.010439743,1.0566881,0.6694622,-0.06692762,1.1135358,-0.00985383,-0.0640622,-0.020428365,-0.20003417,-0.11851894,1.4291902,0.31206188,0.018057521,2.0521111,-0.25022322,-0.10638876,0.84379774,-0.036038954,-0.039751064,0.07237833,-0.014481859,0.7184034,-0.09042978,-0.040894058,0.7368831,-0.0784766,-0.021132452,-0.12165763,-0.021533806,-0.022720722,-0.2527868,-0.18307832,-0.12699132,-0.058776796,1.2430962,-0.10886717,-0.012896954,-0.048414182,1.3010703,0.12393402,-0.0719553,0.6624036,0.11204752,-0.06126027,0.7209314,0.069541186,0.15975286,-0.20196691,0.2301189,0.012325207,1.3500872,0.75989753,1.5055238,-0.0137154525,-0.13840632,-0.008957303,-0.01588792,-0.016719343,-0.10656345,-0.008645498
TCGA-F1-A448,-0.07678989,0.07709695,0.072587416,-0.7640846,0.4990124,1.4100063,1.2154344,-0.14524685,1.4640281,0.6047673,-0.025512565,-0.1224003,-0.26242357,-0.18819264,2.2933202,0.17850192,0.34489235,-0.0019047577,-0.4921393,-0.2852448,0.7015051,0.03369467,-0.01854362,0.14769346,0.081653625,1.3323998,-0.22397538,0.08893733,1.6358918,-0.107273996,-0.03541165,-0.2959817,0.04796151,0.21070634,-0.463612,-0.33458292,-0.21730347,-0.12707786,2.5877128,-0.26012692,-0.017909147,-0.10114749,1.7361772,-0.028412057,-0.05247965,-0.0031937584,-0.027556587,-0.07546999,1.0938747,0.37178722,-0.0046304213,-0.37938577,0.85559404,-0.0039792634,2.48844,1.5744696,1.9605122,-0.017437525,-0.2731563,-0.110822335,0.04933881,-0.022167688,-0.1625062,-0.023717275
TCGA-F1-A72C,-0.015385709,0.020978369,0.3534231,-0.29533228,0.05845849,0.65803206,0.3836508,-0.06970393,0.7098476,0.2222459,-0.021617712,-0.03347377,-0.12583463,-0.06626164,1.2675298,0.10430961,0.20682593,1.1618243,-0.17235588,-0.08595691,0.30479816,0.040394202,-0.030994846,0.06883767,0.010824122,0.58151394,-0.063738994,-0.014697588,0.69348687,-0.06521954,-0.009902398,-0.102379516,-0.005686926,0.25950807,-0.17305586,-0.12505051,-0.11172929,-0.04619711,1.0624297,-0.10591948,-0.007995084,-0.05014911,0.8610537,-0.015108265,-0.04040633,0.45530057,0.31013662,-0.031152455,0.4270481,-0.0310539,-0.025531977,-0.14936084,0.16943155,-0.015892569,0.79631656,0.55320245,1.0246971,-0.020268539,-0.11179417,-0.021904835,-0.008009474,-0.022674063,-0.06200519,-0.009530675
TCGA-FP-7735,-0.029027462,0.12163197,0.1434424,-0.27016568,0.069564484,0.36137322,0.52714384,-0.09196669,0.5240838,0.09261073,-0.01231601,-0.011647145,-0.09738314,-0.08197636,0.9107902,0.23796172,0.13474248,0.8256024,-0.17127274,-0.075383045,0.4673162,-0.011400465,-0.012675032,0.050956376,-0.0069282986,0.59901404,-0.048067093,-0.0025747982,0.47974735,-0.06567567,-0.0035370674,-0.08196283,-0.008921063,-0.002252147,-0.18451509,-0.1328301,-0.06701943,-0.045665734,0.8843848,-0.09660224,-0.011407,-0.01795031,0.93382907,-0.024347702,-0.051675033,0.47387075,0.3567429,-0.038753584,0.4524079,0.08961137,0.06966375,-0.13760515,0.3679888,0.05359272,0.8705267,0.50303,0.9271383,-0.010146719,-0.1119802,-0.027652238,0.19710581,-0.0121491,-0.08220096,-0.022472769
TCGA-FP-7829,-0.12044313,0.19062355,0.22210948,-1.1784695,0.4419616,2.239785,1.9447993,-0.21001172,2.123871,0.60798705,-0.04988542,-0.20146063,-0.4136323,-0.29946524,3.2720907,0.54222286,0.6888735,0.09084796,-0.78372353,-0.43670622,1.4480541,0.051304758,-0.0089953095,-0.00057329144,0.04896253,1.842445,-0.33637768,-0.0030680688,2.3172114,-0.17660353,-0.057600338,-0.4480663,-0.024936084,0.118411,-0.70044965,-0.52861446,-0.3137178,-0.18347497,3.9321146,-0.39146894,-0.029558096,-0.16916156,2.6264534,-0.028792948,-0.07562499,0.037337944,-0.05253416,-0.120808296,1.9017068,0.3190932,-0.016008593,-0.57406944,1.3962913,-0.011188454,3.7527215,2.5197272,3.0081213,-0.019726455,-0.41219863,-0.15302595,0.026275769,-0.01249318,-0.24480669,-0.033989616
TCGA-FP-7916,-0.07250663,0.052949466,0.1309363,-0.79391986,0.40787354,1.5485857,1.2985551,-0.16100043,1.4289966,0.7019638,-0.011560785,-0.14383584,-0.29732022,-0.2093213,2.3158264,0.32144037,0.43757924,-0.009833252,-0.5312877,-0.30231807,0.7947865,0.16302235,-0.006604285,0.22576039,-0.01203429,1.1686491,-0.22309633,0.00078152167,1.7230707,-0.1151854,-0.037608407,-0.30379128,0.14724094,0.3438474,-0.483268,-0.3462102,-0.22153127,-0.1209596,2.5878825,-0.26322433,-0.009745623,-0.10126858,1.7446822,-0.04841377,-0.04987601,-0.0038144381,-0.020113302,-0.094974674,1.1816695,0.20575343,-0.009000483,-0.39335066,0.8909772,-0.0242189,2.6057882,1.6142025,2.0224833,-0.017147953,-0.27813014,-0.12606107,0.32696238,-0.015129655,-0.17056952,-0.024031682
TCGA-FP-7998,-0.061691668,0.09845512,0.18482715,-0.63727456,0.36774057,1.2686905,1.0212728,-0.13525145,1.169651,0.517982,-0.0042988667,-0.11320485,-0.23746176,-0.16160116,1.9093595,0.27602908,0.36466825,-0.008735745,-0.42624566,-0.22982632,0.60821676,0.09053327,-0.0042248787,0.28806266,-0.004686812,0.9423987,-0.18598633,0.021664485,1.3911519,-0.09539082,-0.035308365,-0.25163507,0.11711842,0.30999836,-0.39263263,-0.266398,-0.18122277,-0.1073192,2.1460125,-0.21004103,-0.016750565,-0.078591436,1.4378321,-0.031281274,-0.041687902,0.02026691,-0.022047315,-0.07021823,0.8484414,0.2069312,-0.013677264,-0.31825635,0.7998588,-0.023881564,2.0680063,1.3433455,1.7255037,-0.01799973,-0.22061114,-0.10076761,0.44566083,-0.018473659,-0.13848703,-0.015696136
TCGA-FP-8099,-0.06696981,0.65507054,0.04075856,-0.8724713,0.23093088,1.9253694,1.6262723,-0.15651438,1.716821,0.21684559,-0.029949833,-0.13233733,-0.3359372,-0.20699607,2.6968021,0.43763736,0.25271162,1.5866373,-0.5854969,-0.28166687,1.240068,-0.017862955,-0.006360989,0.07937204,0.13269664,1.7261716,-0.23116575,-0.021046331,1.7419515,-0.15059803,-0.0099813035,-0.30981168,-0.031388912,0.16196936,-0.5585546,-0.41235033,-0.2560072,-0.11384513,2.9253216,-0.27929544,-0.031368524,-0.11523229,2.3015544,-0.028823016,-0.07903477,0.3427412,-0.0027944748,-0.08493324,1.5506965,0.7667259,0.6815157,-0.432331,0.894279,-0.006506823,2.7324433,1.7572803,2.5025868,0.0033531487,-0.28689197,-0.077696286,-6.9505724e-05,-0.05606262,-0.17679238,-0.010185153
TCGA-FP-8209,-0.0069379336,0.022846598,0.08493358,-0.15434675,0.11979065,0.34354413,0.26093847,-0.04361185,0.37452868,0.27608684,0.06821515,-0.022616437,-0.06451459,-0.034928225,0.63613534,0.070872895,0.06733501,0.21815671,-0.09316972,-0.053049516,0.13277102,-0.0048822635,-0.00862783,0.0691429,-0.0035651156,0.26541483,-0.038015343,0.01127485,0.37679538,-0.024364434,0.07011039,-0.06071161,0.10615554,0.18586011,-0.09168034,-0.05361048,-0.049331248,-0.034609925,0.4907875,-0.049917053,-0.00093230343,-0.00806657,0.33090132,-0.004640098,-0.01919489,0.064737804,0.018535301,-0.016580492,0.16797441,0.11894488,0.039976217,-0.07500184,0.12379657,-0.003955493,0.45855236,0.29834756,0.45169654,-0.010930068,-0.05942262,-0.021677274,0.10255871,-0.009481259,-0.025046865,-0.0064657964
TCGA-FP-8210,-0.02274715,0.023375835,0.119045466,-0.29253373,0.10534752,0.5858788,0.46046364,-0.060743876,0.65351516,0.40273383,0.06837168,-0.045617998,-0.11124724,-0.074034855,1.082315,0.11030502,0.13241322,0.41337204,-0.19324116,-0.1063902,0.23063481,-0.0009812374,-0.016467838,0.07874468,0.01712687,0.56139094,-0.08100236,-0.0019176031,0.7776058,-0.04135583,0.0075674467,-0.11501779,0.02982829,0.19600633,-0.18293296,-0.11428442,-0.095157355,-0.058280624,0.9607671,-0.10407212,-0.011440377,-0.029440725,0.7149415,-0.007031706,-0.026768792,0.06435922,-0.002163906,-0.023761144,0.36741295,0.21626195,-0.0063854544,-0.15053359,0.26360056,-0.0046300045,0.91600347,0.60746896,0.82788604,-0.0079756975,-0.10799821,-0.03902652,-0.0014271907,-0.01766449,-0.054563373,-0.008915046
TCGA-FP-8211,-0.03251413,0.2966084,0.29993767,-0.36601433,0.019777497,0.86505866,0.5051979,-0.093943544,1.055847,0.18974751,-0.03521758,-0.04369181,-0.18581185,-0.11925266,1.3457891,0.30198655,0.23215343,1.7054303,-0.23889112,-0.103561856,0.47867012,-0.004260648,-0.010065039,0.38426948,-0.000116834744,0.83797544,-0.05733925,-0.038627435,0.75855654,-0.072838075,-0.013120219,-0.13768156,-0.0037978657,0.0069158743,-0.25854146,-0.17903058,-0.11769082,-0.07359159,1.2386115,-0.15561296,-0.015792465,-0.06254717,1.2528371,-0.018974783,-0.06646596,0.6018083,0.47854346,-0.044415664,0.58391416,-0.028200492,-0.001310469,-0.19108053,0.2728265,0.21016152,1.3839334,0.8289856,1.1788534,-0.008523968,-0.14500634,-0.019361187,-0.016447652,-0.016361138,-0.110676624,-0.018734066
TCGA-FP-A4BE,-0.11338015,0.17423168,0.04725865,-1.1530185,0.6249736,2.246532,1.8056661,-0.2335048,2.2167838,0.5390454,-0.019476717,-0.18417364,-0.43564254,-0.2972748,3.159565,0.34478283,0.5462309,0.027996834,-0.7819811,-0.41536617,1.40148,0.16553031,-0.016579097,0.42041197,-0.017505525,1.7589821,-0.32869932,0.027279824,2.2677255,-0.18704945,-0.07908401,-0.4377171,0.014221571,0.32203528,-0.6997908,-0.51659924,-0.32949337,-0.18235905,3.7870982,-0.3829893,-0.026392093,-0.16255847,2.5021603,-0.028627938,-0.06415372,0.05179426,-0.032786842,-0.12867588,1.7419069,0.10581599,-0.020367004,-0.5520156,1.2989655,-0.027521968,3.7248218,2.3669372,3.0296135,-0.017832955,-0.4198018,-0.17961212,0.38262534,-0.023004925,-0.2455606,-0.028805092
TCGA-FP-A4BF,-0.06747057,0.33370265,-0.0034868796,-0.7634244,0.33416218,1.6066176,1.3632164,-0.124000244,1.6037468,0.328692,-0.0365338,-0.107999735,-0.2624397,-0.17360805,2.4341788,0.30286947,0.484768,0.7041054,-0.51196164,-0.27558178,0.9406375,-0.0048123547,-0.018255336,0.1020801,-0.0036961024,1.4147345,-0.21994868,-0.02543661,1.5950426,-0.13842838,-0.03392672,-0.3031636,-0.009404238,-0.002328854,-0.46168795,-0.323356,-0.22107346,-0.13565964,2.554238,-0.2488724,-0.011739035,-0.08276808,1.9231604,0.0852096,-0.06647382,0.4481598,-0.02323993,-0.08196926,1.0461776,0.53310084,0.16128099,-0.37482062,0.8136122,-0.024601629,2.2976573,1.5332322,2.1012661,-0.0002406504,-0.2528688,-0.09197123,0.15234724,-0.029422453,-0.15120791,-0.03009682
TCGA-FP-A9TM,-0.06561102,0.15609193,0.06451732,-0.7843919,0.3660906,1.5443563,1.1640904,-0.1547442,1.5076507,0.57668805,-0.0149016995,-0.132995,-0.2884238,-0.20266293,2.3411903,0.3381346,0.39071062,0.21544366,-0.5174274,-0.29081237,0.8328448,0.054341763,-0.0052847317,0.07272391,0.027433436,1.332445,-0.20726724,-0.0018416218,1.7552803,-0.106484555,-0.030432418,-0.3017837,0.008703124,0.2547244,-0.46911985,-0.3423059,-0.22252078,-0.13311827,2.5743258,-0.25929904,-0.022901563,-0.0928648,1.7766436,-0.042607076,-0.06082658,0.03304802,-0.028266639,-0.07944018,1.106818,0.25035977,-0.01027844,-0.38142005,0.9022188,-0.032297786,2.4760804,1.6501243,2.040822,-0.021034203,-0.27486798,-0.11674708,-0.0002292674,-0.027745903,-0.16122174,-0.017927429
TCGA-HF-7132,-0.07334449,-0.0015549186,0.063702315,-0.7884705,0.50563014,1.5050251,1.1707722,-0.16537647,1.5982203,0.61006033,-0.012494725,-0.13068736,-0.28334564,-0.20517433,2.2605183,0.25046104,0.3413003,-0.003356926,-0.52081823,-0.28788367,0.7908052,0.038365692,-0.007361912,0.20537294,-0.0068005123,1.2010623,-0.20930505,0.05711805,1.6414728,-0.118209854,-0.041400738,-0.31406924,0.099635266,0.29841495,-0.4753751,-0.34748098,-0.22997896,-0.13312288,2.5665135,-0.2644764,-0.02328906,-0.09915188,1.7810977,-0.033694003,-0.054029662,0.10459103,-0.02128399,-0.07829313,1.1745265,0.17622113,-0.030313239,-0.38377824,0.8984027,-0.030111957,2.494232,1.7628759,2.012359,-0.025440698,-0.27945635,-0.11810744,0.1881788,-0.019993708,-0.17280631,-0.026847813
TCGA-HF-7133,-0.02927467,0.06298516,0.22895314,-0.36466107,0.15155165,0.8386967,0.62740314,-0.10443176,0.8101078,-0.000795419,-0.017132241,-0.05262362,-0.16397832,-0.111577,1.4204032,0.5110049,0.2861258,1.3304276,-0.22270505,-0.11718982,0.2606581,-0.017798668,-0.002806598,0.48295733,0.27468973,0.55574924,-0.1180252,-0.024715,0.6537624,-0.08801366,-0.011897086,-0.13975574,-0.007451805,0.23846774,-0.26762077,-0.13192788,-0.0773485,-0.049939644,1.4617223,-0.14529122,-0.017691085,-0.044369463,1.2092043,0.039088517,-0.04340652,0.49750602,0.10814734,-0.07287517,0.6870031,-0.01076584,-0.0029455048,-0.16620556,0.45419726,0.20211032,1.342209,0.6480606,1.1974612,-0.015356809,-0.1664573,-0.027592728,0.7406478,-0.03261278,-0.093673006,-0.019137992
TCGA-HF-7134,-0.101281844,0.41089633,0.085370615,-1.1504544,0.53655845,2.1231935,1.8703021,-0.20581916,2.2257714,0.4242936,-0.036417495,-0.16960135,-0.41503593,-0.3161404,3.2188046,0.2489532,0.64183724,-0.004917817,-0.7779063,-0.41280866,1.3826189,0.18190728,-0.020633433,0.19751312,-0.01026371,1.9040813,-0.3227887,0.015515164,2.2834918,-0.16889726,-0.06078356,-0.44177866,-0.012018776,0.16972269,-0.70168966,-0.5068908,-0.3188069,-0.17165679,3.7772436,-0.36466712,-0.022126554,-0.16972077,2.618238,-0.042815976,-0.08559796,0.34143257,-0.045404833,-0.112667166,1.7158542,0.25818965,-0.0098815365,-0.57471925,1.1993754,-0.019819608,3.5170157,2.4234748,2.96251,-0.023850517,-0.399505,-0.17057039,0.013840847,-0.027708575,-0.22976826,-0.017723242
TCGA-HF-A5NB,-0.13251604,0.26318994,0.21891849,-1.3319495,0.50974065,2.6526062,2.4869795,-0.22463258,2.8420422,0.3698714,-0.056915063,-0.18762587,-0.4934864,-0.3324282,3.9498467,0.5114758,0.77309215,0.6954242,-0.89011973,-0.45504066,1.4683897,-0.013297896,-0.046816356,-0.0043517426,-0.0019552324,2.3245258,-0.3645055,0.005112291,2.5247452,-0.20503418,-0.08386341,-0.49414277,-0.029219681,0.29121804,-0.81674385,-0.58074516,-0.37098834,-0.21241544,4.4709854,-0.44146195,-0.030436037,-0.16719197,2.9952116,-0.019086145,-0.11746178,0.473709,-0.043409005,-0.12667698,1.8801967,0.40920115,0.14267308,-0.650698,1.5605686,-0.032748546,4.2206774,2.7590477,3.5047162,-0.015177625,-0.45653534,-0.17707142,-0.0012577191,-0.014875255,-0.29105157,-0.036578212
TCGA-HJ-7597,-0.05136589,0.14632395,0.14416547,-0.30652112,0.04368906,0.79840815,0.4197562,-0.07282342,0.55746377,-0.001094185,-0.012918877,-0.07202277,-0.12958002,-0.07422114,1.2607577,0.35556343,0.20238756,0.62004787,-0.17635827,-0.08803778,0.12896186,-0.0074110045,-0.0026785599,0.633303,-0.010658175,0.33271232,-0.10088052,-0.01118221,0.66443497,-0.07682865,-0.031710617,-0.12590481,-6.0438364e-05,0.15068449,-0.2247741,-0.08192804,-0.10632616,-0.04757852,1.0984392,-0.1139132,-0.028735746,-0.049824014,0.8973946,0.039731823,-0.04835042,0.4290151,0.13152944,-0.073452465,0.5050493,-0.016402513,-0.013448052,-0.15586141,0.2918081,-0.004708496,1.1303679,0.609556,1.0509201,-0.0048705777,-0.12940381,-0.030255994,1.2616677,-0.019340651,-0.0625676,-0.0105466675
TCGA-HU-8238,-0.09078241,0.3678629,-0.001232959,-0.9698089,0.232497,1.9606194,1.577749,-0.1838746,1.741539,0.38920248,-0.018475411,-0.12642416,-0.38707787,-0.2432477,2.8145576,0.30695513,0.39941487,0.56785536,-0.6322576,-0.3192367,1.2082937,0.096905366,-0.009002827,0.20897911,-0.0062973197,1.6702727,-0.253578,-0.011907783,1.9242455,-0.14234652,-0.066262394,-0.3507671,-0.00816654,0.13537131,-0.5888445,-0.43749267,-0.26953351,-0.13412644,3.1437488,-0.3054851,-0.01582068,-0.11113497,2.2525704,-0.021018082,-0.05978888,0.46215087,-0.0072352216,-0.09497044,1.3324225,0.1284082,-0.0017206458,-0.4832264,0.99580705,-0.037785538,2.8936586,2.1366613,2.6215088,-0.024085268,-0.32479942,-0.11689875,-0.004294419,-0.042300384,-0.19342415,-0.018856967
TCGA-HU-8243,-0.05081096,0.21558127,0.27444676,-0.60680944,0.10421969,1.4006793,1.2267225,-0.05355977,1.2268201,0.07710892,-0.058506425,-0.07432669,-0.22767328,-0.122916475,2.0835238,0.18446872,0.23077728,0.8975607,-0.39265615,-0.21718644,0.4730331,0.03091462,-0.023750773,-0.024923515,0.09998197,0.93906856,-0.20200558,-0.020221107,1.2593828,-0.08305418,-0.019007882,-0.24254023,-0.013149229,0.44258267,-0.39807007,-0.24785021,-0.16443153,-0.08709612,2.221741,-0.20194793,0.08193563,-0.07922829,1.6302922,-0.0017849518,-0.04733546,-0.0053002047,-0.01939447,-0.049269788,0.8163406,0.9647467,0.57310885,-0.2847353,0.64689165,0.3215347,1.9089562,1.4586557,1.7270738,-0.0015846685,-0.21915953,-0.050601847,-0.0011907436,-0.025286585,-0.121295534,-0.01786086
TCGA-HU-8244,-0.14746404,0.3438737,-0.0059076156,-1.373,0.54683226,2.7021875,2.1992695,-0.23061346,2.6571062,0.26517418,-0.07301572,-0.20746255,-0.5116205,-0.39324448,3.7103345,0.29456544,0.8606708,0.4498551,-0.9118172,-0.49698606,1.7303634,-0.015831685,-0.020627204,0.15525535,-0.015616553,2.2495658,-0.3774405,-0.014381483,2.3281608,-0.2396171,-0.08033308,-0.52348846,-0.026370762,0.19496952,-0.8762062,-0.6283292,-0.39183077,-0.22068997,4.494919,-0.45117065,-0.026890507,-0.2003889,3.0831084,-0.026743239,-0.09739509,0.37354904,-0.040084887,-0.15698066,2.0797703,0.23448585,0.07159515,-0.70458853,1.6593353,-0.040758803,4.5551825,2.8931346,3.7830644,-0.017182551,-0.47476226,-0.18544048,0.2340425,-0.042219862,-0.31366983,-0.031202156
TCGA-HU-8249,-0.09479366,0.22828944,0.8211445,-0.81742525,0.22273111,1.7387407,1.1362289,-0.15473741,1.6368635,0.3720024,-0.042028952,-0.11252797,-0.31228983,-0.2203331,2.4215727,0.26340783,0.2846642,0.8437071,-0.52039284,-0.27678004,1.4507782,-0.0076106056,-0.04109284,0.4505665,-0.003996504,1.6409118,-0.21060972,-0.02857017,2.0073311,-0.18245715,-0.09087147,-0.29310742,-0.030678103,0.10867446,-0.49007007,-0.37387305,-0.26542744,-0.11509247,2.8473403,-0.2691634,-0.029707095,-0.07370012,2.168245,0.22461602,-0.058679026,1.0757079,-0.00018699617,-0.08887594,1.0890887,-0.028381279,0.051572397,-0.38734546,0.89598745,-0.008784221,2.74137,1.8113863,2.419534,-0.02502512,-0.2886469,-0.08796635,-0.004193516,-0.02018737,-0.18639281,-0.00890009
TCGA-HU-8602,-0.096147306,0.050861157,0.15416113,-0.9869731,0.5447926,1.9158405,1.5051831,-0.19645706,1.846036,0.5678376,-0.0122688925,-0.17085375,-0.36763304,-0.26574236,2.7423353,0.32521397,0.57953215,-0.017455775,-0.66630256,-0.36689875,1.0560946,0.103625044,-0.010032202,0.32983157,-0.021818994,1.4978282,-0.27476022,0.04801546,2.0819268,-0.15245396,-0.051822603,-0.38217577,-0.0052179447,0.39387718,-0.60852236,-0.4345985,-0.2805948,-0.16002096,3.261202,-0.33078858,-0.027758747,-0.12672034,2.1876183,-0.04029222,-0.0639955,0.021187283,-0.031076139,-0.124256745,1.4134077,0.12230219,-0.01938858,-0.4765103,1.1067412,-0.02869525,3.2852867,2.0874822,2.5858417,-0.0200338,-0.3505006,-0.15711328,0.5249828,-0.025965989,-0.22344206,-0.027489958
TCGA-HU-8604,-0.094200306,0.07578982,0.17409827,-0.8502776,0.47080532,1.7462094,1.4524848,-0.15684037,1.5087054,0.4560171,-0.015619466,-0.14593796,-0.30315813,-0.21988128,2.4170496,0.4072606,0.6044952,-0.004929555,-0.55238867,-0.30561215,0.8051175,0.06450687,-0.02648434,0.34105486,-0.022606319,1.1288455,-0.23621598,0.0953885,1.6817114,-0.13387257,-0.047035273,-0.3445479,-0.00022599698,0.36190626,-0.5273188,-0.3582181,-0.23183008,-0.1572021,2.8102682,-0.28286493,-0.025921727,-0.10509499,1.8368031,-0.04112371,-0.062523305,0.018980145,-0.028765826,-0.116552785,1.1442766,0.18724431,-0.009748588,-0.41077104,1.0353899,-0.012617997,2.8454213,1.7362719,2.2395823,-0.021851586,-0.3046449,-0.1312128,0.87874347,-0.019840192,-0.18083651,-0.029573893
TCGA-HU-8608,-0.087905444,0.05276072,0.15741138,-0.87033886,0.46318147,1.6240649,1.4486352,-0.16723661,1.6805288,0.69583535,-0.016663497,-0.1470264,-0.33303615,-0.22134016,2.4948268,0.29782376,0.41523507,-0.00085476384,-0.6028858,-0.32954368,0.9331504,0.092893824,-0.0084340265,0.107455455,-0.026997546,1.409765,-0.23723379,0.060613677,1.8547621,-0.13042091,-0.04456834,-0.33663604,0.13665459,0.15765296,-0.52819884,-0.39342114,-0.2488697,-0.13793279,2.9222932,-0.2841187,-0.024641775,-0.10882538,1.9145664,-0.031785663,-0.05301265,0.058790296,-0.033335507,-0.08624094,1.2236913,0.11945854,-0.023932008,-0.431684,1.0028566,-0.03645254,2.893881,1.8324699,2.2815192,-0.022620762,-0.30309936,-0.1397845,0.072365865,-0.018065339,-0.19289105,-0.023896901
TCGA-HU-A4G2,-0.11735115,0.33677554,-0.0029552248,-1.199854,0.62130344,2.4016516,2.0264971,-0.22851549,2.288192,0.20982838,-0.036810577,-0.19403371,-0.48405743,-0.32809323,3.4115257,0.28273964,0.5747434,0.3186531,-0.8271704,-0.4236513,1.5420508,-0.007529169,-0.0065345303,0.29651955,-0.020247763,1.9392968,-0.31708652,-0.019368771,2.3861628,-0.19262022,-0.08569708,-0.44463053,-0.009340434,0.5068818,-0.7369405,-0.52646786,-0.36160016,-0.17742692,3.9014955,-0.40146086,-0.025842482,-0.15686896,2.6366203,-0.019967984,-0.08037364,0.3551749,-0.033135977,-0.13132362,1.6590679,0.0547753,-0.0039033338,-0.5867084,1.2772856,-0.05116726,3.7764719,2.5224779,3.115915,-0.035279673,-0.4325644,-0.17495987,0.29865795,-0.02577678,-0.26631185,-0.03804739
TCGA-HU-A4G3,-0.07441705,0.32250187,-0.013447761,-0.86259365,0.3821405,1.799673,1.3817729,-0.17127864,1.6437352,0.49786487,-0.035754044,-0.12673293,-0.34452766,-0.2182226,2.6912353,0.4274511,0.40389106,0.90864855,-0.5633692,-0.29301172,1.1780643,-0.033474352,-0.004663898,0.13054805,0.1228673,1.5895426,-0.22718906,-0.036457177,1.5950197,-0.13327089,-0.045960832,-0.3234528,-0.012082551,0.054649465,-0.5269572,-0.3956456,-0.25096112,-0.139588,2.8138704,-0.30100298,-0.018723201,-0.12195422,2.0274448,-0.014411013,-0.073458575,0.5272021,-0.005790261,-0.076648876,1.255345,0.32001895,-0.0130290855,-0.4365409,0.9224299,-0.031120673,2.675717,1.8145897,2.357003,-0.014774914,-0.29304957,-0.10253803,-0.032509215,-0.03013975,-0.18311666,-0.033945046
TCGA-HU-A4G6,-0.13849314,0.26583648,0.07432756,-1.3741456,0.8031917,2.7063444,2.3954697,-0.276622,2.556651,0.541512,-0.026889121,-0.23434424,-0.5396332,-0.37875566,3.919455,0.4641525,0.74515516,0.22365853,-0.9392007,-0.5027897,1.7696869,-0.010374297,-0.014329122,0.34535566,-0.020960284,2.2912462,-0.38177204,-0.014613125,2.5710077,-0.2237275,-0.08763066,-0.5082187,0.023270067,0.41391867,-0.8226711,-0.6179791,-0.39272538,-0.2072929,4.6312447,-0.4543067,-0.04355521,-0.21316314,3.0063622,-0.020872986,-0.08026856,0.32021725,-0.036915965,-0.15779221,2.0208323,0.026503552,-0.011432784,-0.6598822,1.6362141,-0.048230123,4.5550127,2.9145207,3.4504654,-0.020179393,-0.479636,-0.20957227,0.44327515,-0.03228506,-0.30112222,-0.01746502
TCGA-HU-A4G8,-0.09086292,0.27761623,0.42301437,-0.93076813,0.30750117,1.9872624,1.8031468,-0.16775085,1.7769754,0.08072824,-0.035819877,-0.14025447,-0.33795902,-0.25313643,2.7564795,0.4668837,0.37854913,0.7706447,-0.60200995,-0.3341998,0.79641235,-0.01845673,-0.02153611,-0.002788826,-0.011010147,1.5834721,-0.24991217,0.032545216,1.668194,-0.14652276,-0.053053387,-0.3425037,-0.025603382,0.38231486,-0.5761343,-0.38813597,-0.26702634,-0.13311413,3.3075385,-0.30199394,-0.039580185,-0.098084144,2.1360707,-0.023273945,-0.076398976,0.19506882,-0.00989107,-0.13122109,1.5138375,0.646172,0.0742439,-0.44969937,0.96154463,-0.0019903725,2.83125,1.8250766,2.6549428,0.109143585,-0.34170434,-0.1129386,0.5412731,-0.034820057,-0.20175245,-0.007020553
TCGA-HU-A4G9,-0.12883706,0.17268687,-0.0062624635,-1.3581376,0.7028848,2.552259,2.2122438,-0.26435015,2.594219,0.520946,-0.038509645,-0.2258137,-0.5217957,-0.35958335,3.7207792,0.44215313,0.67117023,0.06712448,-0.9225974,-0.4851477,1.7633164,-0.0073992345,-0.01047451,0.23294899,-0.021778202,2.16256,-0.3912839,-0.0034899383,2.666998,-0.22066541,-0.07245415,-0.51556665,-0.009604017,0.36655387,-0.83094865,-0.6129477,-0.38250843,-0.20949112,4.5243173,-0.44880334,-0.027277475,-0.18714014,2.968598,-0.03915843,-0.08664903,0.20780136,-0.03863528,-0.14914618,2.0674214,-0.00408937,-0.009973223,-0.6659078,1.6553011,-0.04729673,4.408599,2.8349779,3.504945,-0.021053681,-0.48175168,-0.2073671,0.2021706,-0.03241391,-0.2939836,-0.02082857
TCGA-HU-A4GC,-0.049385205,0.29882738,-0.011607562,-0.83972085,0.27698085,1.7727804,1.5064723,-0.17244972,1.7168103,0.11449516,-0.03473926,-0.11165482,-0.3628134,-0.23228975,2.601521,0.36145875,0.21589847,1.395381,-0.5463286,-0.2858682,1.3637924,-0.015697438,-0.011234327,0.011137994,0.012299415,1.6353287,-0.21262613,-0.026131172,1.4892429,-0.14441864,-0.032710426,-0.31157884,-0.008176387,0.22199343,-0.5387031,-0.407264,-0.2662562,-0.11950576,2.7321599,-0.283374,-0.028985444,-0.1223279,2.0574303,-0.028593758,-0.07047372,0.55300355,0.15503938,-0.0753691,1.1392448,0.38668093,0.059182867,-0.42345023,0.9108223,-0.02024346,2.4481492,1.7721906,2.4429169,0.00046789274,-0.30664578,-0.09504888,-0.03245001,-0.050148685,-0.19543791,-0.025911784
TCGA-HU-A4GD,-0.027126232,0.181108,0.3981626,-0.60303897,0.03012397,1.3840445,1.0779159,-0.14440489,1.2308522,0.07624707,-0.03816535,-0.07463087,-0.24732397,-0.16871563,1.9725486,0.058812153,0.39792076,1.5044593,-0.3854182,-0.18750213,0.63714045,0.09756316,-0.036938846,0.1096949,0.021275256,1.0426109,-0.1342274,-0.017743861,1.3779018,-0.1367022,-0.028270593,-0.20830269,-0.028822009,0.50622416,-0.405756,-0.26178592,-0.16569112,-0.08104256,1.9720392,-0.24012604,-0.011305093,-0.05625356,1.5290148,-0.016546184,-0.07168319,0.7114984,0.46420637,-0.065126896,0.97276,0.011439417,-0.0120022,-0.28307566,0.50769204,-0.012932933,1.6818235,1.1175897,1.9047185,-0.020267095,-0.21872254,-0.084340855,0.2119578,-0.016621212,-0.13252404,-0.010679307
TCGA-HU-A4GF,-0.016573125,0.382705,0.4657438,-0.34173295,0.10406465,0.8088423,0.79058975,-0.071362525,0.9549195,0.26081952,-0.028689578,-0.062999085,-0.17813715,-0.11288827,1.4326031,-0.0015214178,0.36447412,1.1475943,-0.2330004,-0.118110776,0.42735496,-0.021547684,-0.00309601,0.06863443,-0.0077665793,0.5578152,-0.09883405,-0.022451123,0.7761435,-0.07717144,-0.01579815,-0.12055087,-0.0018270366,0.41654262,-0.22821648,-0.16102664,-0.117011905,-0.042654786,1.3805213,-0.12251957,0.03154918,-0.066872284,1.2282404,-0.0027840799,-0.04936602,0.4375072,-0.0009913224,-0.06342776,0.49704716,0.031131659,-0.011165276,-0.21166013,0.35545382,0.464577,1.3271028,0.5461692,1.3849099,-0.003381813,-0.14211386,-0.022828504,0.27891588,-0.028755188,-0.10968541,0.08957572
TCGA-HU-A4GH,-0.013459374,0.1438482,0.38889685,-0.22543,0.12840791,0.59098244,0.3512918,-0.032343145,0.634372,0.3284686,-0.012174527,-0.023095047,-0.10274173,-0.0649762,1.0636482,0.15235578,0.17054538,0.7242158,-0.15006827,-0.08791522,0.09289583,-0.016234823,-0.0020307887,0.1842364,-0.01145411,0.49339715,-0.07216578,0.013096325,0.5529691,-0.033066448,-0.010149016,-0.0880835,-0.0055968836,0.2133245,-0.1418645,-0.09663245,-0.06962881,-0.034310844,0.86881757,-0.0781013,0.023217004,-0.029159803,0.7378567,0.04899378,-0.04439626,0.03773865,0.08891262,-0.026786273,0.2620089,0.2639228,0.1798241,-0.12957807,0.21803932,0.2733,0.79172885,0.3801393,0.7036599,-0.007873593,-0.0987201,-0.01607084,0.07972907,-0.003214685,-0.048837323,-0.013697043
TCGA-HU-A4GJ,-0.04692869,0.109591335,0.08159933,-0.67151827,0.3334089,1.6438673,1.1436672,-0.13669582,1.1882712,0.10410659,0.1377857,-0.110189274,-0.278025,-0.19812308,2.1448774,0.19137007,0.31134456,0.22698955,-0.44594488,-0.23208104,0.6399833,0.02286318,0.04963108,0.3925131,-0.014428722,0.845571,-0.18302593,0.0017204885,1.4254466,-0.12493707,-0.03956369,-0.24525881,0.036525145,0.6403523,-0.44028148,-0.25983667,-0.19610117,-0.10460166,2.1875017,-0.21132712,-0.016054943,-0.0752477,1.4606221,-0.021885464,-0.048453193,0.23076741,-0.009062148,-0.105062805,0.93685025,0.21742052,-0.008324814,-0.30659193,0.8734077,-0.03593021,2.0013618,1.4398098,1.8135768,-0.015873097,-0.26292557,-0.10419216,1.154577,-0.0388603,-0.12196143,-0.030906085
TCGA-HU-A4GN,-0.0909893,0.22578058,-0.0126627805,-0.9978057,0.5337697,2.0277853,1.6409984,-0.18706769,1.7978398,0.2786623,-0.018142818,-0.1490402,-0.39442408,-0.28083375,2.8860126,0.076054595,0.4593568,0.18548673,-0.68804526,-0.35550472,1.2207808,-0.011613489,0.044819117,-0.013963975,-0.017289517,1.75785,-0.2666114,-0.010843712,1.9039638,-0.16626693,-0.06765779,-0.36283407,-0.0070471927,0.48730808,-0.6236479,-0.4641698,-0.30633044,-0.14362787,3.312705,-0.32668456,-0.020101225,-0.119303524,2.1882043,-0.039624017,-0.067052834,0.20487106,-0.025599534,-0.10428804,1.4395794,0.31836924,0.016433166,-0.5014393,1.2550637,-0.05597816,3.0479207,2.0880105,2.778024,-0.033909645,-0.35561287,-0.167562,0.02061066,-0.02546206,-0.22224258,-0.038893722
TCGA-HU-A4GP,-0.06587209,0.4686622,-0.035869703,-1.0979651,0.45455506,2.250003,1.9787098,-0.19555253,1.9980252,-0.016065089,-0.04066584,-0.13382016,-0.3999474,-0.28997365,3.2210798,0.13015816,0.51550555,0.7358939,-0.7327197,-0.36852667,1.3795371,-0.014056186,0.04561039,-0.009544889,-0.007235071,1.8759929,-0.32070073,-0.018142732,1.8702244,-0.18851718,-0.07414246,-0.39179197,0.016242139,0.32170033,-0.69024956,-0.48540363,-0.30856243,-0.16074844,3.7480931,-0.36632392,-0.03921329,-0.1393389,2.6438096,-0.009416897,-0.07642968,0.5189782,-0.011011073,-0.11672387,1.6330523,0.62228316,0.13006659,-0.55959785,1.2777648,-0.021065226,3.4482,2.1947384,3.0191886,-0.0018271822,-0.39701024,-0.1162733,-0.0016086467,-0.030127687,-0.2499377,-0.028055957
TCGA-HU-A4GT,-0.11166149,0.39392945,-0.004620844,-1.3430985,0.4955023,2.588057,2.248561,-0.24639423,2.5941143,0.10744831,-0.03131296,-0.20748945,-0.5003397,-0.35559127,3.6271744,0.49289408,0.84002066,0.32189968,-0.90241146,-0.478398,1.6906276,-0.0048934,-0.021342998,0.36919123,-0.016131876,2.226996,-0.3766625,0.014911711,2.5574224,-0.20700796,-0.08542266,-0.5134707,-0.026847437,0.34161824,-0.8396088,-0.6026841,-0.3625639,-0.19785576,4.3967476,-0.43787166,-0.04236127,-0.18649653,3.015211,-0.028831838,-0.089331895,0.34603626,-0.034952786,-0.12999773,1.9537507,0.3409828,0.1115043,-0.6558169,1.6574715,-0.029959995,4.2937994,2.8897407,3.5003214,-0.008711296,-0.47481784,-0.18144515,0.31538913,-0.040598553,-0.2711948,-0.022585172
TCGA-HU-A4GU,-0.13332117,0.13833201,-0.003512713,-1.4067459,0.6445021,2.7441535,2.38051,-0.2698863,2.6735759,0.44337246,-0.034137487,-0.22252832,-0.535962,-0.396738,3.828787,0.38839397,0.71000695,-0.00087600993,-0.959845,-0.5368542,1.8090653,-0.0004475683,-0.015809728,0.14679535,-0.024428414,2.2534387,-0.38599268,0.10307154,2.7771559,-0.2213823,-0.087549314,-0.54290974,-0.022007901,0.39922822,-0.86296624,-0.6434188,-0.40419242,-0.22402333,4.726783,-0.45334694,-0.028289324,-0.19011943,3.0475514,-0.037135094,-0.08738696,0.20120062,-0.03819768,-0.14808889,2.1000698,0.19519983,0.056648985,-0.69370985,1.6292942,-0.04859479,4.520861,3.1335862,3.5681102,-0.016762523,-0.48577675,-0.20956369,0.2429453,-0.020523682,-0.297304,-0.03744734
TCGA-HU-A4GX,-0.066222824,0.22512248,0.56095076,-0.74929935,0.31422058,1.8615658,1.4669122,-0.15047182,1.3246522,-0.015308807,-0.01999933,-0.082712375,-0.3228469,-0.21902268,2.3093076,0.17278722,0.5088446,1.0761518,-0.47715265,-0.21179378,0.8139668,-0.015897611,-0.039508786,0.5320253,-0.018402524,1.2702357,-0.17509596,0.055953994,1.5058686,-0.15683304,-0.06776409,-0.2579077,-0.018745834,0.6919839,-0.4993205,-0.28645563,-0.20351921,-0.08597691,2.6235738,-0.2776931,-0.015309671,-0.0822776,1.8754137,-0.014326374,-0.086253494,0.82316923,0.17905064,-0.09871819,1.0604515,-0.043702427,-0.014514672,-0.3327146,0.87192667,-0.037065856,2.3066638,1.43097,2.3713958,-0.03421925,-0.27156004,-0.095588796,1.1536291,-0.059592325,-0.15606742,0.061597027
TCGA-HU-A4H0,-0.10616656,0.15135498,0.055388313,-1.2575644,0.66047823,2.56588,2.0513854,-0.25060925,2.3752155,0.50069124,-0.03236465,-0.20260619,-0.49786893,-0.35961437,3.4590802,0.24979457,0.65145785,0.03741997,-0.86547965,-0.45616642,1.6510453,0.1342686,-0.0050458834,0.24888588,-0.028157577,1.989642,-0.33581978,0.041846395,2.4830108,-0.20951395,-0.083691806,-0.46334478,-0.009414027,0.59872633,-0.77052593,-0.5748643,-0.36094904,-0.18252508,4.147607,-0.40136263,-0.030547997,-0.16622345,2.6353981,-0.045016844,-0.08697381,0.23799966,-0.029423406,-0.1374585,1.8645284,0.016025547,-0.009455614,-0.6094732,1.5485436,-0.05367258,4.0276546,2.6573908,3.2551923,-0.027019361,-0.45024762,-0.19690661,0.36842006,-0.02269402,-0.268429,-0.0222944
TCGA-HU-A4H2,-0.043135747,0.42101842,0.22703108,-0.7606105,0.3347292,1.6042051,1.423325,-0.10295766,1.5460025,-0.009147242,-0.022822816,-0.10847207,-0.27655217,-0.21116887,2.4170055,0.45653236,0.39838564,0.6528644,-0.51086086,-0.27361092,0.8856748,-0.013593286,-0.00554181,0.06150364,-0.01038528,1.2400893,-0.23497663,-0.01737294,1.4196947,-0.13231874,-0.038553003,-0.27168036,-0.014475617,0.7722332,-0.4709992,-0.3085378,-0.21714805,-0.104582965,2.6565151,-0.26471904,-0.039660092,-0.084972195,1.8939791,-0.023647627,-0.04989886,0.029861584,-0.032751936,-0.086043954,1.0213056,1.0584319,0.43681592,-0.4001982,0.82098806,0.42100596,2.3897367,1.6029662,2.2561867,-0.020880975,-0.3017553,-0.08946752,0.6186238,-0.028151257,-0.13503276,-0.023826981
TCGA-HU-A4H3,-0.11024407,0.22485861,0.12499602,-1.2530621,0.6602046,2.558818,2.0075932,-0.24467933,2.452634,0.35741806,-0.038660984,-0.18803824,-0.4719824,-0.34172192,3.4978087,0.35105923,0.6753188,0.24589014,-0.8481596,-0.4811368,1.4046574,0.020508062,-0.020674609,0.42092073,-0.021384202,1.910556,-0.35563728,0.19151153,2.4612243,-0.20593405,-0.08088308,-0.47173744,-0.023527978,0.58167636,-0.77520627,-0.54348254,-0.353364,-0.19241609,4.2880316,-0.42437816,-0.035846096,-0.16646282,2.8249826,-0.042605177,-0.082882516,0.31794918,-0.032529335,-0.15180908,1.7882953,0.21755084,-0.0047372966,-0.6254271,1.4311452,-0.030567724,4.0884805,2.7563725,3.382134,-0.019846853,-0.4553968,-0.18002513,0.41299576,-0.030552795,-0.2658252,-0.039731618
TCGA-HU-A4H4,-0.085041694,0.13151938,0.17441294,-0.9188611,0.5201306,1.9716375,1.549763,-0.17812441,1.8129803,0.30127233,0.056561857,-0.15894058,-0.36062992,-0.27510554,2.6582043,0.22625463,0.51659137,0.16952088,-0.6194993,-0.33421546,1.0337269,-0.0046292786,-0.009531265,0.05688706,-0.029949455,1.5032759,-0.249226,0.02813074,1.749244,-0.1505156,-0.04888105,-0.34391698,0.01794596,0.39606553,-0.5885733,-0.4152703,-0.26802182,-0.13512628,3.0168943,-0.28365934,-0.030260963,-0.11005252,1.9760553,-0.032432817,-0.073538944,0.3842001,-0.030665457,-0.13566819,1.3636212,0.30875403,-0.0022253378,-0.44441888,0.91155696,-0.043278612,2.8780937,1.960097,2.3586695,-0.0056411205,-0.3400686,-0.1421272,0.4468935,-0.024127286,-0.1906869,-0.026854908
TCGA-HU-A4H5,-0.010945695,0.37956285,0.48828617,-0.29081792,-0.007415015,0.7299723,0.48321873,-0.05112896,0.7644947,-0.01704481,-0.015889993,0.06874716,-0.14131014,-0.09295129,1.1044146,0.037325177,0.27501932,1.1296343,-0.18518813,-0.087707475,0.6168855,-0.016102914,0.089549385,0.042102017,-0.018878467,0.3885178,-0.0655247,-0.00018012594,0.5709464,-0.064019494,-0.019484561,-0.08464879,-0.0006647296,0.20464544,-0.19014455,-0.13962926,-0.09055086,-0.028321823,1.0638248,-0.071783476,-0.014513666,-0.008073707,0.73984563,-0.002473883,-0.06850084,0.27850437,0.20297915,-0.054142337,0.3454664,-0.0055621844,-0.018050632,-0.13447331,0.21191882,-0.00019956101,0.82112294,0.36468393,0.86156476,-0.029217048,-0.1267056,-0.05860284,-0.0016515087,-0.03229751,-0.066346,-0.010152127
TCGA-HU-A4H6,-0.07764021,0.18663716,-0.0010446605,-0.94416684,0.424545,2.0420508,1.4747211,-0.19207014,1.8188944,0.22863406,-0.010868519,-0.16343868,-0.37009218,-0.26794568,2.7426457,0.3011911,0.45270553,0.16257396,-0.63594145,-0.34947214,0.9851789,0.10066964,0.049623273,0.20446396,-0.018435566,1.4792862,-0.25801072,-0.008175053,1.8925562,-0.15855277,-0.04891372,-0.34942743,-0.004829488,0.5391647,-0.6004336,-0.40331984,-0.267037,-0.13813695,3.1268992,-0.3027989,-0.01852133,-0.12329147,2.023415,-0.034281466,-0.0576629,0.24312823,-0.023022199,-0.12383073,1.3861942,0.34910196,0.042768583,-0.4450967,1.1045063,-0.028805954,2.9646842,2.0332336,2.5661576,-0.011825213,-0.35275796,-0.1439183,0.6348571,-0.033434577,-0.19357546,-0.03517142
TCGA-HU-A4HB,-0.032618944,0.23891659,0.02983484,-0.51329505,0.1501697,1.1876515,0.83768296,-0.10273353,1.1177008,0.3141311,-0.0036535219,-0.07085141,-0.2195653,-0.15084104,1.6924032,0.14163338,0.22786717,0.8282124,-0.33336923,-0.1729794,0.66530603,-0.013164711,-0.00086769706,0.06424043,0.10746389,0.98391765,-0.12318661,-0.015711589,1.0902963,-0.08509737,-0.04070227,-0.18786895,-0.01044619,0.3263566,-0.32901904,-0.23023222,-0.17088737,-0.073985435,1.6061953,-0.16949573,-0.004563769,-0.04826594,1.2467808,-0.018195067,-0.047821637,0.36897975,0.14538132,-0.05424148,0.67778075,0.27031738,-0.0071312203,-0.25649872,0.5427197,-0.036013074,1.4586351,1.0537841,1.5778034,-0.018039411,-0.19300531,-0.07874709,0.026341878,-0.02493626,-0.10558387,-0.010279539
TCGA-HU-A4HD,-0.015255849,0.024699092,0.9066296,-0.24010299,-0.0018581713,0.5928477,0.55107164,-0.062421698,0.67699856,0.25414082,-0.0033677772,-0.042702686,-0.11319339,-0.07042689,1.1545767,0.009472124,0.15949896,0.91319954,-0.13522214,-0.08004655,0.20810854,-0.006626328,-0.015597935,0.021894474,-0.007121791,0.44916993,-0.041978717,0.017756138,0.6271562,-0.061725445,-0.012456129,-0.100402966,0.16153663,0.53736705,-0.16912307,-0.10105156,-0.072988294,-0.0132865375,0.9837552,-0.08182159,0.08882257,-0.027921705,0.6269994,-0.0029052866,-0.049610607,-0.0042631077,0.12308915,-0.021048924,0.3077035,-0.017591197,-0.005063632,-0.108931065,0.12698363,0.21772864,0.81233495,0.4426058,0.90749377,-0.032176834,-0.08986211,-0.028195886,0.189751,-0.019255368,-0.035003465,-0.002722413
TCGA-IN-7806,-0.027469037,0.26025924,0.24110395,-0.45657015,0.037287187,1.0598279,0.7465328,-0.06664626,1.1298274,0.26385233,-0.04251082,-0.050473906,-0.16626154,-0.11636473,1.6933064,0.32374224,0.18878071,1.344211,-0.2830489,-0.140133,0.60708565,-0.012315613,-0.021559084,0.15044212,0.12746052,0.9802297,-0.11831015,0.021973731,0.96040285,-0.092281,-0.016670434,-0.16339417,0.25222093,0.2221003,-0.26792175,-0.22365609,-0.15758722,-0.085948475,1.60572,-0.18357311,-0.0042155464,-0.055250466,1.37517,-0.008398166,-0.07780194,0.03262666,0.059364375,-0.056869604,0.66323763,0.18523577,-0.037523683,-0.22055896,0.5439667,0.22794724,1.6648027,0.7871464,1.4462916,-0.025272166,-0.16237165,-0.061150532,-0.021869635,-0.044745293,-0.108858995,-0.0051760315
TCGA-IN-7808,-0.0740236,0.09416461,0.21440612,-0.6296961,0.3027247,1.2489686,0.9823973,-0.10549688,1.2957869,0.44961822,-0.027360504,-0.11527967,-0.18784933,-0.14554167,1.8988619,0.37371346,0.3970491,0.28847897,-0.3953397,-0.21850815,0.6582758,-0.0047945194,-0.0032122487,0.06953045,0.05591592,0.9763154,-0.16035846,-0.011164004,1.4458743,-0.093442656,-0.028783724,-0.22692588,0.0038551278,0.123681866,-0.37711594,-0.2573866,-0.1855835,-0.14668341,2.015938,-0.22034939,-0.0049349507,-0.08092146,1.5044572,-0.011291421,-0.048789486,0.089360625,-0.026573366,-0.08842381,1.0833807,0.5217524,0.009166436,-0.2896352,0.7264081,-0.021693403,2.0663242,1.1704919,1.5167688,-0.022376852,-0.21520093,-0.09339042,0.28213355,-0.0104143685,-0.13029014,-0.034154106
TCGA-IN-8462,-0.07638454,0.18036473,0.21327159,-0.9106243,0.47005558,1.7960993,1.5422561,-0.17939812,1.6686211,0.2989144,-0.040065717,-0.1498772,-0.32609046,-0.22234479,2.5857613,0.6085751,0.60857826,0.3916853,-0.619475,-0.33497438,1.2091334,-0.00065378996,-0.010294608,0.20773621,0.17568244,1.6482788,-0.23236346,-0.006084326,1.9885038,-0.14819531,-0.033499,-0.33714095,-0.014642114,0.02316662,-0.55408835,-0.40926924,-0.23091431,-0.1555003,2.8773217,-0.3087525,-0.024599891,-0.119683184,2.1301706,-0.013246107,-0.08049999,0.24441136,-0.03026416,-0.079752,1.5137678,0.57785636,0.06875436,-0.4478681,1.0537194,-0.011665284,2.7140658,2.0786057,2.2314353,-0.008740368,-0.3335199,-0.12216444,0.14380202,-0.03168722,-0.18236862,-0.011542977
TCGA-IN-8663,-0.13002227,0.33827534,-0.020767896,-1.2459737,0.589076,2.606736,2.1162064,-0.21769722,2.537902,0.30764058,-0.06235663,-0.19834639,-0.45550305,-0.34072924,3.4521253,0.65980154,0.8384098,0.671623,-0.85814124,-0.46779972,1.6040761,-0.0084570525,0.07699109,-0.008064645,-0.0138390055,1.9309292,-0.33961564,-0.010866116,2.2693014,-0.19551766,-0.05936454,-0.43455464,-0.012149208,0.16101296,-0.74768543,-0.5712964,-0.35509822,-0.21191536,4.3264475,-0.4127986,-0.013230129,-0.1708808,2.9549084,-0.016311428,-0.12396679,0.3988663,-0.013698349,-0.12307906,1.902344,0.32331416,0.4837288,-0.6032555,1.501555,-0.016461045,4.1876183,2.6535351,3.0386345,-0.022674834,-0.42972803,-0.1733161,0.046839595,-0.018377231,-0.25661692,-0.012230794
TCGA-IN-A6RI,-0.020362748,0.079457514,0.34863377,-0.12169323,0.012987828,0.3245183,0.18186632,-0.034382377,0.29627377,-0.0016090667,-0.0036576693,-0.016572816,-0.06323903,-0.036201254,0.6907823,0.12675893,-0.001173085,0.45667827,-0.0868206,-0.042123277,0.047459975,-0.011819472,0.013231939,0.095160805,-0.015439475,0.34863538,-0.024031306,0.21396679,0.4646258,-0.0317041,-0.021086087,-0.039439,0.10910835,0.28326553,-0.08839667,-0.05010301,-0.046676334,0.00886921,0.6501772,-0.036050852,-0.00054715463,-0.02088089,0.4458949,-0.012628301,-0.025959224,0.031276867,0.24248385,-0.014398194,0.10911094,0.06018516,-0.0011503211,-0.06095708,0.16337495,0.2247818,0.33017558,0.14602724,0.5005606,-0.004350044,-0.057735432,-0.009347735,0.15084589,-0.022973632,-0.033423,-0.015040666
TCGA-IN-A6RJ,-0.0425485,0.03601355,-0.00023466386,-0.51712894,0.21570072,1.0870601,0.85047,-0.11186121,1.1908679,0.3183056,-0.007831015,-0.09866857,-0.18733245,-0.13603525,1.7050818,0.34706178,0.34067413,0.46360052,-0.33750197,-0.2069912,0.5586275,0.08909279,0.043998703,0.0567912,0.11182339,0.8967234,-0.13502233,-0.0114705,1.1938109,-0.07880778,-0.008110257,-0.19958173,-0.0003930442,0.21190709,-0.32327485,-0.21693408,-0.14905645,-0.08134798,1.6431865,-0.18008135,-0.011867175,-0.056797218,1.2929077,-0.015655134,-0.047818422,0.3665293,-0.0044304165,-0.049363308,0.80147713,0.28399888,0.014217848,-0.24039446,0.58543056,-0.029544894,1.7078823,1.0821561,1.3667701,-0.01699967,-0.19249605,-0.06369262,0.20014623,-0.017131738,-0.09782117,-0.023019144
TCGA-IN-A6RL,-0.017855432,0.38891327,-0.00292059,-0.47075716,0.06863597,0.9482424,0.925671,-0.061558615,0.96831536,0.037003987,-0.017852666,-0.050905075,-0.17827134,-0.116838865,1.610036,0.2720554,0.058259487,1.1464751,-0.28695688,-0.14166266,0.45361227,-0.018705156,-0.011278765,-0.007123722,0.22604889,0.796419,-0.14464055,-0.007861202,0.8327689,-0.08142625,-0.010652912,-0.1563285,-0.0058762254,0.25769827,-0.2936303,-0.20126681,-0.13052222,-0.06598923,1.4546863,-0.15870865,-0.006306602,-0.056110974,1.1338252,-0.0073842863,-0.05613601,-0.0031619002,0.0018298738,-0.05127281,0.710733,0.6632294,0.13379887,-0.2259625,0.3785494,0.36704037,1.4983277,0.94075316,1.454599,-0.013005539,-0.185952,-0.04463282,-0.012181232,-0.024696788,-0.093263455,-0.038788833
TCGA-IN-A6RN,-0.025172506,0.021886915,0.28947476,-0.15727212,0.0010078489,0.4619419,0.20888276,-0.04526138,0.2992946,-0.017293489,-0.002680987,-0.029136715,-0.06362186,-0.050462034,0.74449503,0.1877265,0.06279146,0.32133487,-0.09047986,-0.040880747,0.03323751,-0.003309302,-0.00096612517,0.38132575,0.038753483,0.23132317,-0.05474628,0.012824126,0.3988925,-0.03799913,-0.0021973934,-0.038480505,-0.0007527363,0.38655525,-0.11133843,-0.049325775,-0.038372986,-0.020775964,0.6551929,-0.07228886,-0.021344326,-0.02835976,0.318265,-0.0011908541,-0.022533465,0.16731182,0.105466455,-0.04748855,0.23789951,-0.004239854,-0.013026359,-0.07058018,0.07629345,0.13420467,0.48571116,0.19825414,0.6406532,-0.0060938597,-0.07571077,-0.016225979,0.79962456,-0.027978862,-0.019551687,-0.0031184123
TCGA-IN-A6RR,-0.051095344,0.60256666,0.029862825,-0.8958995,0.20466524,2.0537155,1.5864832,-0.14511316,1.8961803,0.30319777,-0.0462819,-0.12943076,-0.36710292,-0.22151099,3.0882618,0.32744983,0.6448642,1.5451435,-0.5849234,-0.3231003,1.4182396,-0.057148248,-0.008579242,0.04292611,-0.005459443,1.7746984,-0.22864905,-0.03851605,1.7705086,-0.17468053,-0.045846667,-0.31135032,-0.01830382,0.028357677,-0.56247115,-0.39568627,-0.25592545,-0.13663769,2.8086245,-0.31936878,0.21902011,-0.14492051,2.356631,-0.024769887,-0.0972799,0.8096429,-0.008308167,-0.09741572,1.5060126,0.2947137,0.17663206,-0.4484503,0.9080864,-0.062763534,3.0622838,1.9070876,2.7058635,-0.012623365,-0.30241773,-0.10980667,-0.0119285835,-0.07116812,-0.19666326,-0.021686548
TCGA-IN-A6RS,-0.08600091,0.13429359,-0.0014121783,-0.7559331,0.3075774,1.481202,1.2669615,-0.14674526,1.4705839,0.54793537,-0.01962783,-0.12500836,-0.27570996,-0.18278447,2.2107568,0.25266543,0.29649577,0.49172968,-0.50004977,-0.2819834,0.93687665,0.036281206,0.04564009,0.049422756,0.039264802,1.26184,-0.20041052,-0.012497229,1.6248864,-0.12029659,-0.035420086,-0.27007028,-0.012989715,0.20373379,-0.44067127,-0.3370077,-0.2153226,-0.1353529,2.4728918,-0.23579927,-0.017013842,-0.09486709,1.8338526,-0.010791203,-0.070862494,0.22268285,-0.01941227,-0.0823392,1.1648252,0.41842234,0.073448315,-0.36997226,0.8500194,-0.023930578,2.2879999,1.5865791,1.9319468,-0.015667167,-0.26081923,-0.10208658,-0.002922502,-0.029424593,-0.14088392,-0.021346098
TCGA-IN-A7NR,-0.031184068,-0.005336992,0.2573753,-0.31589797,0.120825954,0.8036393,0.5372747,-0.053383302,0.5512857,0.12564775,-0.0031497113,-0.06845837,-0.109581605,-0.08340888,1.1127478,0.29633498,0.21107192,0.28162104,-0.18297908,-0.119986035,0.010936979,0.008144885,-0.019956954,0.3965703,0.017821733,0.377861,-0.11388781,-0.00039411182,0.695057,-0.052412607,-0.014265838,-0.11340343,0.013848711,0.43632877,-0.21085449,-0.103698075,-0.080513485,-0.05902599,1.1198595,-0.11808472,-0.0117755225,-0.04267289,0.7386771,-0.00522295,-0.030064031,0.030725062,-0.02047303,-0.0638094,0.55859405,0.34788707,0.07383314,-0.1413848,0.31283915,0.15462495,1.0425599,0.73663527,0.8604732,-0.012415923,-0.12989925,-0.035490837,1.0118845,-0.028748414,-0.04712179,-0.006293706
TCGA-IN-A7NT,-0.036627814,0.19241008,0.26899365,-0.57355946,0.24938118,1.2856119,0.955819,-0.10702274,1.1146863,0.19322701,-0.03535622,-0.10292142,-0.19270328,-0.1405253,1.8443958,0.4742099,0.22333336,1.2203112,-0.3707219,-0.20778735,0.5848022,0.010937061,-0.009386782,0.16286318,0.017926019,0.8889508,-0.17037651,-0.022960076,1.1571742,-0.10874771,-0.0077254786,-0.20293449,-0.01770762,0.3521782,-0.36547932,-0.2032439,-0.12972066,-0.083563894,1.9292606,-0.21516187,-0.0074997665,-0.06737256,1.4089152,-0.03616752,-0.047098983,0.017379083,-0.028824566,-0.11258613,0.9688372,0.4064129,0.14265087,-0.28046206,0.4992288,0.006471092,1.9793104,1.0214753,1.7619348,-0.012396577,-0.20866083,-0.052000076,1.0004649,-0.038042147,-0.107174374,-0.021315038
TCGA-IN-A7NU,-0.06408924,0.031903934,-0.004206586,-0.66949457,0.28021872,1.3928181,1.1348922,-0.120195344,1.1351162,0.2983562,-0.039332557,-0.11321675,-0.25066468,-0.1514603,2.0928428,0.32424566,0.46156064,0.3546247,-0.43609294,-0.25475553,0.60804355,0.059755623,-0.0072392165,0.23239218,0.0680691,1.28578,-0.1817523,-0.0072048507,1.351725,-0.10727022,-0.034293648,-0.26223323,-0.0030865378,0.139843,-0.4113268,-0.2872065,-0.19258468,-0.11912178,2.2498682,-0.23667948,-0.003197499,-0.099444404,1.6438688,-0.020747416,-0.038024522,0.005019605,-0.024625098,-0.07479317,1.0970473,0.50378674,0.011362063,-0.33939323,0.7843889,-0.020913918,2.1917582,1.3499095,1.7420601,-0.0026682545,-0.23364012,-0.073079884,0.20976749,-0.02184155,-0.13237458,-0.025930569
TCGA-IN-AB1V,-0.0025880856,0.16513754,0.13439597,-0.16959758,-0.0010493549,0.32209423,0.4848656,-0.04807284,0.5547544,0.08985388,-0.023736939,-0.012054688,-0.08205019,-0.04491194,0.8445337,0.16225104,0.021017086,0.909686,-0.09668912,-0.053802516,0.16766474,-0.003646319,-0.0059271576,0.030350195,0.03839455,0.3382085,-0.044364523,-0.011922069,0.37902263,-0.039971747,0.022944394,-0.070569985,0.11868364,0.18095754,-0.12015684,-0.07420087,-0.057583343,-0.04042728,0.67299646,-0.06710649,-0.007701875,-0.015830843,0.6149698,-0.0013493156,-0.017564869,0.12517923,0.18599391,-0.024783745,0.12156518,0.09154517,-0.013253882,-0.07101374,0.0856089,0.086487226,0.4787405,0.21632135,0.62767917,-0.012075427,-0.060423214,-0.013548381,-0.0019027647,-0.013775388,-0.043838464,-0.021737013
TCGA-IN-AB1X,-0.0754369,0.03330914,0.18722175,-0.76511997,0.5074334,1.514522,1.1782945,-0.16264792,1.5381371,0.30534974,-0.013129081,-0.1320908,-0.27561492,-0.19901696,2.1703446,0.43155715,0.44848707,0.041150745,-0.49296576,-0.2737694,0.71323943,0.049013764,-0.004060401,0.35661307,-0.01860236,1.0550956,-0.20347944,0.00033434527,1.4586952,-0.13291292,-0.02797388,-0.28088352,0.07658611,0.23719461,-0.4934948,-0.32609877,-0.21501286,-0.13482796,2.4532561,-0.25820655,-0.015241955,-0.0854946,1.6277183,-0.03037267,-0.063769706,0.13281937,-0.031844806,-0.07919913,1.066915,0.3142067,-0.004107447,-0.36512908,0.91983247,-0.01735936,2.4675825,1.6250143,2.0193887,-0.0198327,-0.27631524,-0.09994061,0.6412919,-0.012871145,-0.14743258,-0.028824238
TCGA-IP-7968,-0.059097625,0.39552692,0.3404827,-0.7117289,0.18815783,1.64009,1.3048565,-0.12611392,1.7442404,0.48310998,-0.050799705,-0.1001684,-0.24190676,-0.18390535,2.2865763,0.45980945,0.17601289,1.4701768,-0.48087212,-0.25944707,0.9970111,-0.016544098,-0.031410467,0.099992044,0.32817557,1.5182127,-0.18216376,-0.042718306,1.3726095,-0.12814163,-0.0071276845,-0.2745553,-0.03488568,-0.0042002657,-0.4492526,-0.35937855,-0.17986128,-0.10863619,2.374295,-0.24323396,-0.03420479,-0.07833935,2.1495109,-0.03275008,-0.077611476,0.48575044,-0.024796797,-0.08656043,1.2255349,0.3950773,0.28722045,-0.3391785,0.55274355,0.082146235,2.3425248,1.556994,2.101841,-0.019811643,-0.23955162,-0.04713176,-1.8298626e-05,-0.033107575,-0.15792023,-0.022782937
TCGA-KB-A6F7,-0.017273312,-0.0037410592,0.21146744,-0.12746732,0.06372008,0.46541423,0.19707005,-0.01640057,0.31018084,-0.009118291,-0.004222829,-0.037760247,-0.04424767,-0.040883705,0.5158342,0.009243265,0.14077927,0.14707306,-0.07990098,-0.037472527,-0.00029968825,-0.0026493126,-0.010020942,0.29349458,-0.0061765155,0.055748362,-0.04536996,0.08542558,0.3276493,-0.02827091,-0.0006127101,-0.046241086,0.0048952196,0.27806637,-0.1027419,-0.029145762,-0.0381049,-0.018707154,0.44773805,-0.041024573,-0.015129616,-0.021356052,0.24687186,-0.0032832182,-0.014172095,0.03716214,0.08144586,-0.04583863,0.11116226,-0.0003471684,-0.008009789,-0.047254037,0.07333773,-0.0005956629,0.49713784,0.23467168,0.5272358,-0.0077738846,-0.05186981,-0.021011487,0.980452,-0.0124628395,-0.02032086,-0.0029048615
TCGA-KB-A93J,-0.013847068,0.18035609,0.27659473,-0.34894812,-0.0040105297,0.74231243,0.5269987,-0.08471038,0.9614936,0.10011999,-0.01625971,-0.036607288,-0.13957347,-0.07578498,1.377078,0.28105813,0.23531519,1.4929838,-0.21739781,-0.08074906,0.5325312,-0.0007729426,-0.0125738075,0.030196367,0.1147725,0.6675212,-0.086167865,0.010579251,0.7632548,-0.082507245,-0.035433486,-0.099545434,-0.0053864564,0.17050895,-0.22453855,-0.14821893,-0.11141089,-0.06382155,1.4964465,-0.12162538,-0.0102252355,-0.057682045,0.9864311,-0.008502268,-0.06827457,0.3259197,0.23900558,-0.035524897,0.437099,-0.009472362,-0.02037435,-0.17014138,0.28430635,0.39402294,1.2440577,0.648467,1.4028844,-0.018396633,-0.14901185,-0.019541534,-0.015795132,-0.034857992,-0.06548726,-0.007938005
TCGA-MX-A5UG,-0.038356867,0.0738455,0.041304685,-0.43263078,0.20435584,0.889779,0.63103014,-0.085875995,0.89850205,0.543933,-0.0019804845,-0.069984056,-0.15608594,-0.10261053,1.3830084,0.1543951,0.21322359,0.15917009,-0.27953026,-0.15394416,0.3844859,-0.005792427,-0.00732084,0.03907688,0.10282232,0.78678674,-0.11413055,0.009269446,1.0438309,-0.058001827,-0.015198745,-0.17379166,0.08903333,0.22739096,-0.26528066,-0.18422328,-0.12907778,-0.08048793,1.3908889,-0.13915269,-0.009822087,-0.048009526,0.9716683,-0.021091953,-0.036077913,0.07151985,-0.018544657,-0.040350538,0.6195554,0.29786015,0.04386515,-0.21339741,0.46208176,-0.018746011,1.3495773,0.92604446,1.0605493,-0.017043248,-0.1504433,-0.062394213,0.031112108,-0.016798683,-0.080451675,-0.015018803
TCGA-MX-A5UJ,-0.10053816,0.15355672,0.024703864,-0.88289016,0.49993145,1.7874644,1.6451967,-0.1454102,1.7119596,0.14512183,-0.02751053,-0.1402131,-0.3008165,-0.21065159,2.611376,0.19385931,0.44199988,0.19822936,-0.57604194,-0.31296298,0.76054907,-0.0068413215,-0.017096506,0.06708831,-0.006398546,1.3381683,-0.25471002,0.02104178,1.8107991,-0.14493279,-0.04719221,-0.34335446,-0.006639641,0.35285228,-0.5575302,-0.36110014,-0.24633268,-0.14999503,2.988838,-0.31075034,-0.024418425,-0.11059221,1.9099876,-0.033105925,-0.05555308,0.10847613,-0.027905429,-0.11035744,1.2715865,0.49364704,-0.006856987,-0.44070268,0.92600596,-0.028624672,2.7811759,1.8880836,2.5357378,-0.0045363656,-0.31229466,-0.11459956,0.5353889,-0.028806744,-0.17485191,-0.027203983
TCGA-MX-A663,-0.007822342,0.133039,0.19138594,-0.09875782,0.037069988,0.18445115,0.20040241,-0.025557099,0.24805161,0.17803732,-0.015769273,-0.018015377,-0.03895493,-0.023199078,0.4368063,0.0031193555,0.013739568,0.40609908,-0.05752935,-0.026093973,0.103175126,-0.0022211622,-0.0028359757,0.0016910136,0.028502692,0.25769722,-0.025980288,-0.0079683475,0.17558244,-0.025538687,0.08011578,-0.033060502,0.06272507,0.15840407,-0.05662882,-0.03688469,-0.039379217,-0.015789209,0.3880948,-0.036790248,-0.0115001295,-0.012709083,0.41622734,-0.0011726028,-0.017396098,0.008160625,0.09597114,-0.014617796,0.1074013,0.04064328,-0.00042393003,-0.041431673,-0.00018847194,-0.00043750947,0.3202505,0.10544669,0.36874714,-0.018326826,-0.03429724,-0.00585579,0.08032453,-0.0076456713,-0.019084996,-0.0054985373
TCGA-MX-A666,-0.0123129,0.022794273,0.34711763,-0.1647154,0.06652282,0.46088648,0.3193021,-0.018461026,0.39270684,0.31425998,-0.0038254843,-0.017630665,-0.06188829,-0.041202955,0.69504786,-0.012865207,0.029313944,0.42841157,-0.09849983,-0.049907353,0.061838012,-0.01022344,-0.0022021485,0.016295658,0.055801716,0.291023,-0.042983033,-0.0056222067,0.4677187,-0.033397257,0.015746053,-0.06597926,0.06356262,0.13443463,-0.09616621,-0.060530256,-0.060403723,-0.029856643,0.45155722,-0.057467967,-0.0073588104,-0.01804856,0.38733092,-0.0034776398,-0.02934297,0.0034868717,0.025945295,-0.022180906,0.13330096,0.05869103,0.053331025,-0.07809433,0.043292694,-0.002724526,0.47860116,0.32283697,0.5012336,-0.015045799,-0.051589448,-0.022499029,0.13926741,-0.0046396293,-0.028654113,-0.011201974
TCGA-R5-A7O7,-0.05519097,0.089030825,0.24938995,-0.5281057,0.198674,1.097143,0.85406,-0.09568468,1.0614241,0.40434387,-0.020583028,-0.08263876,-0.19373243,-0.13772197,1.7884389,0.31995788,0.37274545,0.34793082,-0.3367977,-0.20724563,0.43451202,-0.0026834544,-0.023166006,-0.001008862,-0.0031360213,0.9125697,-0.16227302,0.062436085,1.3025883,-0.07160529,-0.014172243,-0.19319719,-0.0040310584,0.39033297,-0.33705187,-0.23522866,-0.16817914,-0.09416717,1.8526531,-0.17360821,-0.004525555,-0.0684482,1.2814476,-0.03418568,-0.049788967,0.029674426,-0.028039027,-0.07903769,0.85945046,0.67797166,0.2856257,-0.2733477,0.53502524,0.019290293,1.6477785,1.0257936,1.4054488,-0.0058131535,-0.21034114,-0.070614316,0.11361001,-0.0068551376,-0.09988233,-0.034368407
TCGA-R5-A7ZE,-0.029748669,0.12938678,0.6209613,-0.2947159,-0.003071379,0.90263593,0.56741023,-0.054195084,0.5326006,-0.00024760235,-0.016685538,-0.06507266,-0.12601657,-0.08615312,1.3252988,0.17057292,0.012185928,0.97929764,-0.17219202,-0.09087882,0.13593376,0.05843714,-0.016659055,0.47781256,-0.001832426,0.36786813,-0.101607315,-0.00428786,0.7496615,-0.06768736,-0.015255648,-0.108972564,-0.014848239,0.31963363,-0.22096132,-0.10670405,-0.080137044,-0.034031566,1.067342,-0.121853255,-0.010917298,-0.04638486,0.8491802,-0.005181759,-0.034987923,0.029490761,0.07215315,-0.06529496,0.5488637,0.06290132,0.023462268,-0.12902519,0.34650776,0.32996774,1.08425,0.6274139,1.0675036,-0.002602018,-0.12249348,-0.018815339,1.0182931,-0.023562156,-0.06410405,-0.016878191
TCGA-R5-A7ZF,-0.02238909,0.018835515,0.46436563,-0.34818524,0.08860001,0.87710494,0.6083911,-0.08085188,0.57489496,0.19692633,0.18813871,-0.073304705,-0.15169635,-0.097312815,1.3318609,0.19620624,0.34304744,0.34421927,-0.20616189,-0.103061475,0.17151728,-0.0024719422,-0.02759096,0.39426935,-0.011196645,0.38919768,-0.102344275,0.0033655544,0.8920978,-0.064078666,-0.009085314,-0.1446907,0.14913842,0.56537044,-0.23898648,-0.12108495,-0.09929765,-0.06922188,1.1657232,-0.14322609,-0.0059000975,-0.026326383,0.8373435,-0.006617792,-0.03869529,0.16161174,-0.009051025,-0.05720768,0.44075885,0.1789842,-0.0003152786,-0.15110539,0.34366444,0.2694036,1.2478765,0.6726221,1.0371283,-0.027115077,-0.13696271,-0.037111625,0.94147986,-0.027712181,-0.071465895,-0.011430671
TCGA-R5-A7ZI,-0.047602084,0.12978557,0.45067203,-0.34755504,0.112129845,0.95838976,0.59500015,-0.064350665,0.74963945,0.013252767,-0.0033444676,-0.044343274,-0.14336954,-0.09948297,1.3845729,0.23875226,0.1707371,0.8279051,-0.19723883,-0.11123152,0.14604788,-0.013570298,-0.0091044465,0.4455183,-0.008749621,0.2897503,-0.110730134,0.03125575,0.8177328,-0.077592544,-0.028809607,-0.1221506,-0.015978737,0.41552725,-0.24072018,-0.115153365,-0.11827554,-0.05389796,1.2433208,-0.14084612,-0.011801595,-0.045630343,0.75376356,0.024428101,-0.04909961,0.32093924,0.15235159,-0.065918274,0.4343887,-0.023321057,-0.0067040757,-0.15047647,0.34164193,0.0028830338,1.2180241,0.6191605,1.2518574,-0.015461813,-0.14629982,-0.03518837,1.2087317,-0.030865058,-0.067553945,-0.008102728
TCGA-R5-A7ZR,-0.049611285,0.26975965,0.31329334,-0.40440688,0.05965409,0.94788086,0.6347061,-0.06610097,0.7852875,-0.012708201,-0.023782944,-0.09099143,-0.1381728,-0.08726618,1.6058992,0.5225775,0.095312715,1.1505812,-0.24119242,-0.13170075,0.20207737,0.20590149,-0.016500816,0.5080367,0.0013937396,0.5000429,-0.12498599,-0.022831663,0.6151475,-0.090184055,-0.004922839,-0.16569707,-0.0051346147,0.52212673,-0.28691646,-0.13985157,-0.092374325,-0.046683468,1.708597,-0.15929428,-0.010597736,-0.05716465,1.1461462,0.08854908,-0.031564247,0.12326178,-0.017767582,-0.061701078,0.78412753,0.31087258,0.03335084,-0.1811047,0.42334306,0.78276634,1.5097159,0.89348125,1.231513,-0.021288577,-0.16447912,-0.038045082,1.3574204,-0.032008648,-0.07736038,-0.009640254
TCGA-R5-A805,-0.06676202,0.35242805,-0.026100403,-0.54795164,0.35352153,1.0728043,1.0006869,-0.106571734,1.199068,0.22620104,-0.033963103,-0.08764642,-0.18928318,-0.12254776,1.9341592,0.49749956,0.1751646,1.0004835,-0.36488327,-0.18323037,0.6816536,-0.020069206,-0.0024680467,0.09188522,-0.0024306017,1.1029592,-0.13421053,-0.02525301,1.0396307,-0.1168915,-0.013776897,-0.20460184,-0.004978355,0.0029060761,-0.34611592,-0.24439934,-0.14916344,-0.085824445,1.7580427,-0.2062451,0.20320435,-0.06628007,1.522933,-0.026239848,-0.03956208,0.38806564,-0.0076384023,-0.07114545,0.81644803,0.44068357,0.07404299,-0.2734926,0.67360145,-0.024304045,1.9386635,1.1542035,1.7014128,-0.0050916574,-0.1786039,-0.054232467,0.3068266,-0.035005093,-0.12475512,-0.03017946
TCGA-RD-A7BS,-0.005501298,0.10951262,0.04126505,-0.34477854,-0.0029059572,0.79501176,0.6002777,-0.06272028,0.68404967,0.1677262,0.09094146,-0.0500245,-0.12350539,-0.0861635,1.2574718,0.28160822,0.039462883,0.6436321,-0.20975514,-0.10642953,0.3248207,0.004757978,-0.021183286,0.13801418,0.009603452,0.5639079,-0.09128811,-0.006256615,0.7360241,-0.05464402,-0.0060166847,-0.115403496,0.013114082,0.3283456,-0.20454267,-0.12885956,-0.090760134,-0.054005343,1.0796044,-0.116642356,-0.010671935,-0.030366749,0.9322824,-0.012919492,-0.04584537,0.14885889,0.09394777,-0.042915218,0.5421539,0.36020574,-0.0063496777,-0.15283486,0.28483644,-0.0047062235,0.84494436,0.6652982,1.0010777,-0.0019000842,-0.13100937,-0.035827104,0.32427913,-0.029619569,-0.06043731,-0.012925953
TCGA-RD-A7BW,-0.025449777,-0.0016215623,0.28001085,-0.19171204,0.063091025,0.635626,0.32772434,-0.036940217,0.3185962,-0.013705756,0.105756685,-0.04176269,-0.07602882,-0.06326738,0.71452916,0.072553925,0.12336639,0.119056955,-0.10990899,-0.059434034,0.008847855,-0.0016282197,-0.01238717,0.40278882,-0.010598142,0.074373394,-0.069837645,0.08784048,0.41833332,-0.04586016,-0.009666744,-0.06910691,-0.0056949095,0.3641888,-0.1455888,-0.049014665,-0.05009194,-0.031528834,0.6720419,-0.06878619,-0.016088812,-0.024563191,0.44476533,-0.0053533353,-0.021305291,0.16531451,0.085375905,-0.060631968,0.2966743,0.03385672,-0.0013428761,-0.07889898,0.22841938,0.029601762,0.711475,0.4337825,0.7097979,-0.0076166387,-0.08716831,-0.017313628,1.3479455,-0.022235842,-0.028180135,-0.012674558
TCGA-RD-A7C1,-0.036603194,0.17729597,-0.015024087,-0.69967926,0.34925705,1.3819814,1.3098539,-0.116861455,1.1838937,0.38831252,-0.006843645,-0.09757201,-0.24555008,-0.18139346,2.064794,0.2475335,0.31809613,0.09192544,-0.46561977,-0.2577756,0.68060803,-0.004752251,-0.0034924203,-0.011985629,-0.0025219384,1.0292175,-0.20323335,0.011127979,1.4029518,-0.08673039,-0.030380595,-0.23512517,0.11452553,0.40187904,-0.42799735,-0.30773208,-0.19372462,-0.107512824,2.209208,-0.21678229,-0.016583279,-0.09899243,1.5033175,-0.030750869,-0.057706166,0.02992355,-0.026569396,-0.07132311,0.958429,0.6430333,0.32606205,-0.3429867,0.94233775,-0.0028124852,2.0746768,1.441483,1.9788059,-0.020956216,-0.2503715,-0.098530784,0.29427016,-0.028484767,-0.13683628,-0.016136885
TCGA-RD-A8MV,-0.050705384,0.20752057,0.16001938,-0.513723,0.17550987,1.1098577,0.9270265,-0.08778221,1.0287558,0.26911476,-0.019805547,-0.05990928,-0.19155292,-0.10843954,1.6073561,0.32737127,0.2790011,0.7582171,-0.33473244,-0.16060542,0.50333345,0.033337362,-0.020362334,-0.0006810261,-0.0006799448,1.1233745,-0.15668839,-0.008682667,1.1134584,-0.07717988,-0.001264837,-0.18468021,-0.004164014,0.12200452,-0.33021465,-0.22936729,-0.14198928,-0.09109776,1.759075,-0.15314624,-0.009793684,-0.056370117,1.2498664,-0.020701068,-0.045483004,0.20997347,-0.004657936,-0.05251096,0.79033375,0.48873422,0.13674246,-0.254839,0.44434413,-0.004559134,1.5335304,1.0609938,1.3422817,-0.009642772,-0.1599217,-0.07463406,-0.020321188,-0.01673782,-0.109169535,-0.018991098
TCGA-RD-A8MW,-0.016038796,0.12589341,0.4756451,-0.13904402,0.014687365,0.2690905,0.23657784,-0.02864877,0.39125305,0.24955294,-0.0009244759,-0.025078332,-0.056878176,-0.041222714,0.7354934,0.016224543,0.026311938,0.4299792,-0.07269406,-0.034811646,0.039009467,0.0060906857,-0.006353362,-0.0013063016,-0.0028556962,0.2832232,-0.02475681,0.06888887,0.2880315,-0.029396404,-0.007486281,-0.04876547,0.010782687,0.17932186,-0.07943939,-0.04805158,-0.052311976,-0.023758456,0.5141969,-0.05100096,0.011544865,-0.017157083,0.4844344,-0.019607076,-0.031956878,0.07133215,0.11037193,-0.030218259,0.25722206,-0.02099513,-0.01347877,-0.061991494,-0.002605649,-0.0019034895,0.39732385,0.090526484,0.6100502,-0.010258148,-0.05896256,-0.01376825,0.20350796,-0.01297749,-0.033997584,-0.0058847265
TCGA-RD-A8N0,-0.036697324,-0.009741908,0.22557066,-0.29625845,0.1863733,0.8559371,0.45651516,-0.059540655,0.4829149,0.06874496,0.13214208,-0.06627731,-0.10967077,-0.08475385,1.1645893,0.26931435,0.25730217,0.07746334,-0.18169911,-0.09481414,-0.0012172312,-0.00063924195,-0.010449678,0.54607016,-0.007655187,0.18019822,-0.09452611,0.08964235,0.7067694,-0.0613854,-0.009547891,-0.11780504,0.020755388,0.43242043,-0.20430422,-0.07938299,-0.07445558,-0.059761643,0.9609598,-0.10207849,-0.015602547,-0.039787214,0.6172549,-0.008824363,-0.026200134,0.06626432,-0.011981829,-0.06847562,0.44919184,0.12906949,-0.0020805493,-0.13197902,0.35962194,0.014996141,1.0711448,0.5594089,0.86395365,-0.003735572,-0.11942681,-0.034931306,1.3833473,-0.025885224,-0.047515344,-0.013228911
TCGA-RD-A8N1,-0.005414195,0.07429884,0.2760889,-0.16583827,0.043999534,0.46611682,0.15560573,-0.05875493,0.31417796,0.31415147,0.06803384,-0.035094883,-0.07664808,-0.033399742,0.6715381,0.11681485,0.062006667,0.57080543,-0.099142306,-0.039086014,0.17903203,-0.0061079,-0.011760914,0.22340742,0.00567662,0.3426146,-0.044763174,-0.005504766,0.4837647,-0.030273715,0.009205263,-0.05687182,0.035527915,0.14541928,-0.10405558,-0.069208704,-0.053117592,-0.03340097,0.63776344,-0.04281531,-0.007776031,-0.022353146,0.5195156,-0.0046439194,-0.031781495,0.23907934,0.11721757,-0.023563689,0.25993422,-0.0010232095,-0.0022920032,-0.06897698,0.16516463,0.11551018,0.50596464,0.37700605,0.55442333,-0.010267108,-0.076033376,-0.01543955,0.01613668,-0.007748324,-0.022237102,-0.003972561
TCGA-RD-A8N2,-0.025067538,0.011026059,0.1300922,-0.13215575,0.11995999,0.49493226,0.2316235,-0.027498191,0.19054231,-0.01920264,0.092590034,-0.035249114,-0.04050797,-0.035478063,0.6136143,0.20539941,0.124368526,-0.0036615406,-0.07217278,-0.03931773,-0.007393393,-0.010724093,-0.0074194307,0.47357285,-0.015358104,0.021493938,-0.05419616,0.07206139,0.34242153,-0.034609746,-0.0018082283,-0.04893318,-0.0008741256,0.3057144,-0.09788739,-0.018428544,-0.02332124,-0.022837406,0.51185864,-0.052521735,-0.015778411,-0.020871667,0.26329276,0.015827952,-0.011962469,0.083300784,-0.0035226424,-0.049687497,0.22212288,0.087643825,0.040044934,-0.051765513,0.15565576,0.15612108,0.5447417,0.28552613,0.4631575,-0.0067253187,-0.06269991,-0.014873251,1.3124874,-0.016399974,-0.01843485,-0.012738711
TCGA-RD-A8N4,-0.029145662,-0.008984853,0.19155471,-0.17905626,0.050967194,0.48826686,0.35317916,-0.033857916,0.30307522,-0.0012868786,0.019364221,-0.041479677,-0.06705248,-0.053086586,0.7799916,0.22303042,0.10273402,0.060524475,-0.103601806,-0.059661772,-0.0075014713,0.019487076,-0.015577698,0.3777463,-0.007756834,0.07005501,-0.07000227,-0.002043695,0.44289604,-0.032547493,-0.0009677075,-0.068212874,-0.0039489805,0.3921082,-0.13018803,-0.037292577,-0.04096732,-0.0380185,0.6065839,-0.07548081,-0.016095378,-0.022760699,0.36303937,0.045917027,-0.022031456,0.10174459,-0.017218597,-0.04631768,0.24458763,0.1582737,0.011122571,-0.07937571,0.23035525,0.15295008,0.70499754,0.37851414,0.5824236,-0.0074594603,-0.08176064,-0.01972454,1.159982,-0.013531356,-0.026057644,-0.012605679
TCGA-RD-A8N5,-0.019029474,0.064256266,0.084079206,-0.26938125,0.052265164,0.61813134,0.4291128,-0.05174637,0.56010723,0.123601995,-0.0036500224,-0.027993727,-0.091437936,-0.0644389,0.85785973,0.13945685,0.06010311,0.7250342,-0.1499156,-0.08963765,0.23674637,-0.015052447,-0.011257092,0.17098588,-0.0024034833,0.4051363,-0.06723271,-0.0027605474,0.4539041,-0.048736025,0.07847373,-0.088234745,-0.0034561367,0.1423723,-0.15514372,-0.095835954,-0.06703552,-0.051945914,0.85680264,-0.09813832,-0.0153260445,-0.03577846,0.55751646,-0.004689526,-0.024819747,0.04605092,0.12948115,-0.05695585,0.24517348,0.13813159,0.016084077,-0.12315738,0.19986252,-0.0010899714,0.7884726,0.5576331,0.8037617,-0.002087945,-0.07609025,-0.029371405,0.30359432,-0.012113449,-0.04303124,-0.026421903
TCGA-RD-A8N6,-0.020763693,0.06752516,0.6504938,-0.18695304,0.023968449,0.54673,0.43927076,-0.021494841,0.41683576,0.014977852,-0.025141764,-0.034257263,-0.08522292,-0.045276467,0.8243567,-0.00062925264,0.048499316,0.6959307,-0.098423675,-0.037503738,0.17809275,-0.007151411,-0.0067906193,0.13779801,-0.009706038,0.3007981,-0.06621486,-0.014634691,0.28099242,-0.041483402,0.030794531,-0.07005065,-0.004144383,0.11698089,-0.12635417,-0.05087469,-0.044970732,-0.016872821,0.812378,-0.06414775,-0.0014554221,-0.028128162,0.6786166,0.071744576,-0.025022773,0.21849133,0.07049,-0.054999918,0.33698863,-0.004230628,0.022894496,-0.078897975,-0.0025035841,0.03051967,0.6559588,0.44226813,0.77476,-0.018127851,-0.060984183,-0.00033212846,0.7191048,-0.00938652,-0.03646499,0.029226476
TCGA-RD-A8N9,-0.032632146,0.24283597,0.22790822,-0.33172175,0.013763776,0.876559,0.43612826,-0.06903694,0.63103455,0.020254506,0.0556684,-0.062192757,-0.11609777,-0.09313896,1.2779684,0.34488848,0.16619892,0.718045,-0.2167316,-0.10110128,0.2659458,-0.011245237,-0.010165921,0.2389607,-0.001026715,0.5266873,-0.09626196,0.09301205,0.74810797,-0.076504506,-0.015012301,-0.12985347,-0.024310762,0.09931851,-0.22289915,-0.13241258,-0.100240044,-0.04429155,1.0505505,-0.100096166,-0.02448974,-0.05079956,0.8781995,-0.0067786197,-0.038819198,0.4460677,0.18530652,-0.05293989,0.6840846,0.00856844,0.008644598,-0.1600545,0.2476245,-0.0060190307,1.0119877,0.6520713,1.008937,-0.0038543511,-0.12757786,-0.01860528,0.8868205,-0.0062066144,-0.060329717,-0.021222789
TCGA-RD-A8NB,-0.050501544,-0.005497823,0.21110293,-0.52921695,0.32718393,1.1862142,0.86938655,-0.09936169,1.0296264,0.29918477,0.016445355,-0.09167919,-0.18023063,-0.13463989,1.6370564,0.27101287,0.31314114,-0.0031679166,-0.3434262,-0.19006799,0.3723927,0.10227166,-0.016754353,0.28567716,-0.0102149695,0.7182263,-0.15337539,0.0610566,1.2563084,-0.0772192,-0.019354546,-0.21299,0.07145236,0.34172308,-0.33581764,-0.1949255,-0.1429636,-0.10058321,1.7964393,-0.18075465,-0.021019906,-0.060132682,1.0982436,-0.026135504,-0.03700989,-0.002623956,-0.02921619,-0.08589145,0.7467848,0.28235474,-0.008209331,-0.25716683,0.6589127,-0.014712076,1.7903033,1.1161157,1.3759305,-0.0068248548,-0.19394685,-0.07900726,0.8209407,-0.01564162,-0.10862148,-0.018883735
TCGA-SW-A7EA,-0.1033592,0.07989262,0.15096807,-1.0346149,0.56949145,2.0212045,1.6100929,-0.19248623,1.9010146,0.5362418,-0.02964566,-0.1700387,-0.39165097,-0.2768831,2.9231565,0.3419186,0.5213087,-0.011428737,-0.69620883,-0.38365388,1.0496154,0.09917326,-0.011620249,0.23776822,-0.0156060895,1.6888869,-0.2907098,0.058621004,2.081803,-0.17051272,-0.0627071,-0.3979474,-0.0043337056,0.34230188,-0.64055985,-0.4554801,-0.28927603,-0.16878082,3.4071915,-0.3447084,-0.023477847,-0.13512234,2.2926788,-0.033842947,-0.07186889,0.15791039,-0.030150307,-0.115070105,1.6079271,0.1307908,-0.0037670152,-0.5040696,1.1310766,-0.03431117,3.366208,2.1028314,2.722266,-0.02337281,-0.37228978,-0.15463851,0.50433993,-0.024631195,-0.21715446,-0.026572814
TCGA-SW-A7EB,-0.013053785,0.08751972,0.31807008,-0.18174885,0.024050133,0.37931272,0.33721134,-0.03939734,0.41629937,0.31107154,-0.011447273,-0.024929335,-0.07068451,-0.04075819,0.7246696,0.033577252,0.053959794,0.5122242,-0.09405513,-0.058889817,0.17908306,-0.00940968,-0.018285945,0.07170834,-0.0030618694,0.20642811,-0.036447857,-0.011675338,0.3708814,-0.031399634,-0.0067754076,-0.061728455,0.006264182,0.22907954,-0.10857321,-0.064940624,-0.06491381,-0.021745596,0.6062135,-0.064743645,-0.007977237,-0.01450144,0.5355865,-0.006305955,-0.021793608,0.13089931,0.12696712,-0.023089586,0.12315613,-0.010486506,-0.01667516,-0.079971254,-0.003917925,0.017585255,0.4675287,0.21999168,0.666827,-0.016613161,-0.051006734,-0.036661815,0.089767836,-0.018175764,-0.037375104,-0.004910738
TCGA-VQ-A8DT,-0.09567379,0.3007451,0.009685066,-0.90962154,0.28431386,1.7842191,1.4858823,-0.15459679,1.8419402,0.47345763,-0.033195365,-0.14537422,-0.3347153,-0.22023892,2.810529,0.40608448,0.3863709,0.72430867,-0.606571,-0.3244116,1.0804563,-0.0057222317,-0.015146953,-0.00086432527,0.12853254,1.7147932,-0.24097776,-0.011254807,1.8544109,-0.13954401,-0.046273362,-0.35161352,-0.018063715,0.11554951,-0.5691832,-0.40740028,-0.25920287,-0.14457832,2.902819,-0.2920746,-0.020368122,-0.14448583,2.2249346,-0.022510724,-0.08673208,0.31579477,-0.020771181,-0.081866466,1.48215,0.38847253,0.13851583,-0.44545075,1.0193877,-0.019565625,2.985339,1.9451281,2.4541206,-0.024072561,-0.31139934,-0.1091065,-0.0043771463,-0.033616193,-0.17537016,-0.023319287
TCGA-VQ-A8DU,-0.01146904,0.12758479,0.18838024,-0.15094985,-0.010058002,0.24421296,0.11156437,-0.027864952,0.27251774,0.2658223,-0.008444046,-0.025761137,-0.053900845,-0.028776428,0.48528114,0.19927028,0.0037266156,0.63093823,-0.08587613,-0.02483945,0.26405227,-0.0051684924,-0.0023911053,0.0962522,0.10679828,0.23981568,-0.031108588,-0.025832584,0.35713652,-0.019334469,0.12657695,-0.055454005,-0.011705159,0.13633974,-0.074898176,-0.058718283,-0.035930265,-0.040923014,0.5350069,-0.047386475,-0.017734272,-0.0037875585,0.4720534,0.020212615,-0.020150198,0.07246779,0.10919684,-0.03214988,0.27751905,0.11043401,-0.008040845,-0.068732694,0.013682231,0.17616396,0.49979472,0.29191363,0.41377452,-0.007581969,-0.06571171,-0.02048724,0.056511473,-0.012038122,-0.020815859,-0.0071438774
TCGA-VQ-A8DV,-0.019864453,0.07275864,0.31566045,-0.08511578,-0.0010593294,0.13553172,0.1864484,-0.014506972,0.3732554,0.13832968,-0.023984822,-0.0054770387,-0.04279031,-0.024819396,0.5206547,0.114863805,-0.0086058825,0.65255266,-0.04955053,-0.030566981,0.06853531,-0.005036676,-0.0044209766,0.016638894,0.08854495,0.20994653,-0.02112511,0.0016627763,0.2270267,-0.024146313,0.09819777,-0.031453613,0.0594288,0.08977241,-0.058707733,-0.048605073,-0.03402914,-0.015577423,0.33555675,-0.035620105,-0.0010324036,-0.017318875,0.2794081,0.0022775717,-0.019723175,0.1027433,0.10763112,-0.010974365,0.075307146,-0.0025607718,-0.010020152,-0.03888596,0.031490862,-0.00078218116,0.3645283,-0.006463782,0.32952252,-0.010846804,-0.032244604,-0.016008789,0.08494151,0.039080963,-0.022800978,-0.002943417
TCGA-VQ-A8DZ,-0.006187475,0.17933653,0.27899158,-0.09650172,-0.0010387236,0.18557136,0.2874986,-0.0016679004,0.29654276,-0.0017494388,-0.008679866,0.04217207,-0.056704164,-0.027343312,0.562641,-0.000965132,0.09922875,0.46072417,-0.06550001,-0.013858929,0.27482206,-0.019542232,-0.015611879,0.12939684,-0.0066054696,0.24330698,-0.03497379,0.10441099,0.25240532,-0.027844459,-0.015622417,-0.033098772,0.124418266,0.038839843,-0.071725085,-0.040379208,-0.03887665,-0.0066118347,0.4034902,-0.038491827,-0.011294206,-0.011462907,0.34113276,0.05451054,-0.032150254,0.059912376,0.1622464,-0.010688304,0.110397026,0.029377352,0.06936839,-0.059560496,0.058815554,0.14449215,0.29455608,0.17887846,0.32107785,-0.012913682,-0.04805043,-0.0021077746,0.16726767,-0.01651206,-0.018209262,-0.005546476
TCGA-VQ-A8E0,-0.015705943,0.08883084,0.77737683,-0.2029287,-0.001579131,0.3493528,0.34281898,-0.03854922,0.6997718,0.06413724,-0.038365524,-0.01096104,-0.09907871,-0.050815877,0.9657314,0.19407737,0.15366545,1.2662181,-0.11565881,-0.060530163,0.32655263,0.0773212,-0.010930164,-0.019740798,-0.002157284,0.4086449,-0.03241348,0.0675669,0.53464097,-0.07037108,-0.023327703,-0.093019836,-0.018484334,0.028916795,-0.13154916,-0.089684844,-0.053574886,-0.03789557,0.76260406,-0.081380635,0.19107416,-0.04294146,0.7325546,-0.006855675,-0.028019985,0.3563184,0.15083773,-0.026381448,0.3325352,-0.032811224,-0.0104402695,-0.10304294,0.0855259,-0.00043811483,0.63111776,0.3184827,0.8504387,-0.012297687,-0.083872296,-0.010679358,0.12610334,-0.030028349,-0.05211726,-0.032899044
TCGA-VQ-A8E2,-0.006580343,0.15268756,0.4446917,-0.13290648,0.1343796,0.28505322,0.40126204,-0.0070047188,0.3385015,0.12616543,-0.011717269,-0.010170107,-0.059406992,-0.0205055,0.57482886,-0.011666493,0.049969964,0.65286654,-0.07860272,-0.024256459,0.27812517,-0.028677195,-0.01461678,0.019611254,-0.0031427988,0.1710177,-0.038081307,-0.016734324,0.27468276,-0.030949531,0.08514592,-0.058605906,0.042968992,0.13569666,-0.08734172,-0.04448431,-0.045451906,-0.026159054,0.40184483,-0.04039417,-0.0029550344,-0.005385761,0.41249877,0.07665154,-0.037871603,0.044315524,-0.0052667656,-0.036382746,0.09934917,-0.008401819,0.058954887,-0.056842234,-0.0048726657,0.13622539,0.47592086,0.15565851,0.5027281,-0.016768303,-0.05340274,-0.023468181,0.13457452,-0.0020363564,-0.031207696,-0.0031204186
TCGA-VQ-A8E3,-0.07786592,0.24392977,0.036051627,-0.8832974,0.3303756,1.5481118,1.4401696,-0.18122084,1.631887,0.37562668,-0.025926704,-0.12762526,-0.32125032,-0.22066472,2.3685894,0.18855152,0.4365877,0.13426036,-0.55841917,-0.3103552,1.0172472,0.04085669,-0.008663843,0.029351646,-0.002090818,1.4840415,-0.24702235,-0.0095963,1.7016162,-0.12544394,-0.054160684,-0.33494282,0.017682202,0.15584286,-0.54880995,-0.39999592,-0.24183713,-0.12814789,2.9482064,-0.29000208,-0.008216617,-0.12574983,1.8844432,-0.05262748,-0.05992156,0.1612842,-0.018218145,-0.09184267,1.2300918,0.2823954,-0.0035084144,-0.44275948,0.9174303,-0.03906996,2.496795,1.7748778,2.3994336,-0.012812066,-0.30435774,-0.13300523,-0.028669024,-0.025836406,-0.17846219,-0.023496527
TCGA-VQ-A8E7,-0.097191535,0.21731529,0.03446314,-0.89045876,0.31813222,1.8208456,1.3708546,-0.15331542,1.7417891,0.27880424,-0.035296153,-0.13968144,-0.3119909,-0.23134851,2.6092231,0.13415924,0.3886819,0.34322396,-0.5690248,-0.3142933,1.0713046,0.06414781,-0.023385657,0.036564074,0.26359865,1.597667,-0.23551989,0.0009868895,1.6143833,-0.14129058,-0.057520043,-0.34237754,-0.011429816,0.009846427,-0.5576145,-0.42603803,-0.25518808,-0.1409097,2.8490903,-0.29775912,-0.023224445,-0.13968726,2.184449,-0.032094087,-0.061676618,0.21177687,-0.034038674,-0.09449052,1.3078156,0.33108294,-0.016308991,-0.4559822,0.84158117,-0.033951033,2.7398384,1.8894265,2.488712,-0.017185366,-0.31538504,-0.11314356,0.20792082,-0.025256133,-0.19133909,-0.040991392
TCGA-VQ-A8P2,-0.13688138,0.1823362,0.038791094,-1.3908328,0.74521667,2.65078,2.402091,-0.26239216,2.718069,0.42570096,-0.038443178,-0.21739803,-0.5090796,-0.35598707,3.8795192,0.46341196,0.8101876,0.17048822,-0.9287257,-0.5077016,1.5884004,-0.0043598823,-0.03699924,0.45568064,-0.0103996545,2.1734927,-0.38919902,0.07323825,2.6556158,-0.22569318,-0.06349032,-0.5293388,-0.027302966,0.3318161,-0.8398364,-0.6159689,-0.37752515,-0.22147577,4.584422,-0.47514796,-0.02386907,-0.18547879,3.1684806,-0.03969857,-0.09045686,0.26501608,-0.0238667,-0.14546044,1.9927413,0.2637015,-0.016300026,-0.6842372,1.6228672,-0.03426051,4.4717183,3.0226712,3.573868,-0.014026691,-0.49070922,-0.19390272,0.30618107,-0.029352833,-0.2892475,-0.031171659
TCGA-VQ-A8P3,-0.09762915,0.19200546,0.03791475,-0.91324645,0.39181933,1.6170285,1.3266844,-0.15347508,1.7454044,0.5625428,-0.0383873,-0.15772383,-0.33693072,-0.23000705,2.5930173,0.45739797,0.425122,0.14104822,-0.59953374,-0.3503441,1.0099541,-0.0067576445,-0.02117911,0.22371571,0.17758378,1.4512862,-0.25211668,0.05569163,1.593936,-0.12999079,-0.040619865,-0.35073987,-0.0151451295,0.2763876,-0.55282825,-0.3966497,-0.2506578,-0.14776741,2.9236927,-0.29698905,-0.029855585,-0.123788856,2.1089447,-0.035079297,-0.06695954,-0.003311103,-0.030729968,-0.09498834,1.2917832,0.28560576,0.13195178,-0.45697036,0.9332429,-0.009921204,2.9046037,1.8586407,2.4123929,-0.0140144965,-0.31746614,-0.12885207,-0.00030955524,-0.026705954,-0.16433631,-0.031580586
TCGA-VQ-A8P5,-0.097226,0.2509317,0.091436744,-0.6552577,0.24518338,1.4415526,1.0471708,-0.11114378,1.2654703,0.18229991,-0.036048364,-0.11114446,-0.23276146,-0.15425353,1.9861062,0.32246006,0.38701794,0.37908533,-0.43838057,-0.23611565,0.6702718,-0.0033136748,-0.021428322,0.15068766,-0.0034487683,1.0658852,-0.20110683,-0.007604988,1.4377662,-0.095741324,-0.033251926,-0.25339,-0.019662553,0.08144576,-0.4090642,-0.2932716,-0.18851268,-0.12272648,2.2828188,-0.21107112,0.044816684,-0.10023407,1.7005953,-0.03138004,-0.03989117,0.3716914,-0.029409051,-0.06791601,1.000384,0.6422705,0.12333671,-0.32712707,0.89104104,-0.027079297,2.0018003,1.424855,1.9013205,-0.024757825,-0.22297409,-0.080292635,0.036410615,-0.02604093,-0.12888144,-0.026100893
TCGA-VQ-A8P8,-0.07077757,0.040949117,0.14923236,-0.7103651,0.37879705,1.4816173,1.0471308,-0.13166192,1.3416452,0.42647618,-0.013999819,-0.1226232,-0.25726914,-0.18114452,2.1503024,0.2622849,0.39427242,-0.0012018433,-0.45897338,-0.2506499,0.62094855,0.049827546,-0.0045787194,0.31534442,0.009100605,1.0428686,-0.20370035,0.07288183,1.5089939,-0.11633493,-0.033322874,-0.2811106,-0.0030185923,0.31089956,-0.44792482,-0.29063085,-0.19619678,-0.12388807,2.3061879,-0.24660528,-0.018816978,-0.08690498,1.5608616,-0.026654784,-0.056079894,0.04056926,-0.015348211,-0.10206362,1.03492,0.14977175,-0.010377043,-0.33719286,0.78661156,-0.027433677,2.3310826,1.4606962,1.841638,-0.014234322,-0.25927523,-0.1016465,0.7126036,-0.023011409,-0.14371547,-0.027036352
TCGA-VQ-A8PB,-0.088250116,0.11050752,0.348989,-0.8170061,0.19954556,1.8579289,1.4284178,-0.11994018,1.3785444,0.020335292,-0.03557847,-0.12833224,-0.28478974,-0.19518077,2.4449525,0.40149742,0.4283885,0.72798544,-0.51747364,-0.27628237,0.75876117,0.009635344,-0.022421796,0.27935588,-0.0073712096,1.2937328,-0.23528747,0.016411722,1.8160723,-0.13149433,-0.043435626,-0.31287625,-0.018166134,0.37889123,-0.51163363,-0.3200731,-0.22294818,-0.12781662,2.8075411,-0.271353,-0.0075534596,-0.11205677,1.7960356,-0.028007045,-0.07482981,0.19702953,-0.0200124,-0.10031519,1.3560971,0.29006022,0.1778515,-0.38950014,0.9305477,-0.009849156,2.6163535,1.5846399,2.2325227,-0.00032543577,-0.28703833,-0.098392665,0.6346468,-0.026800437,-0.19142924,-0.0073460676
TCGA-VQ-A8PC,-0.056265313,0.1971642,0.04971653,-0.49727112,0.25512883,1.0463911,0.75973827,-0.097409,1.0006869,0.20764062,-0.008555491,-0.082326174,-0.17893746,-0.1231614,1.5661663,0.302175,0.31757322,0.23724243,-0.3254531,-0.176589,0.44031328,0.00028837472,-0.018788395,0.21581285,-0.0045093447,0.8526191,-0.15612333,-0.007906536,1.1829858,-0.07010067,-0.0062427353,-0.18693717,0.030802395,0.18387811,-0.31582743,-0.20418298,-0.15253548,-0.08760973,1.7121851,-0.16050592,-0.010438727,-0.061669614,1.2698597,-0.014441184,-0.03767875,0.22779308,-0.011052973,-0.06456917,0.62348974,0.5021493,0.11261475,-0.24782827,0.5342479,-0.017645603,1.620742,1.1232895,1.3174703,-0.009761706,-0.1762498,-0.056818154,0.20897463,-0.011431369,-0.10271356,-0.006741192
TCGA-VQ-A8PD,-0.049689695,0.00964829,0.059079345,-0.4911789,0.22689623,1.0441222,0.7171715,-0.10185721,0.9226474,0.56948817,0.01972836,-0.07557787,-0.18375503,-0.12929565,1.5219356,0.12958224,0.17783514,-0.004343311,-0.32426947,-0.1897016,0.3945568,0.1253862,-0.009656026,0.04929459,0.0052711186,0.8004187,-0.1400283,0.007892966,1.1409861,-0.060132384,-0.014093517,-0.19047579,0.11249786,0.295333,-0.30160785,-0.21987434,-0.15939033,-0.08698166,1.6044848,-0.16062355,-0.008507754,-0.056351986,1.1163977,-0.032332446,-0.030495321,-0.0053648823,-0.015868975,-0.056635033,0.61872685,0.30039102,-0.008283059,-0.2471988,0.49602577,-0.019605339,1.5868026,1.0250386,1.2633961,-0.014250687,-0.17602305,-0.07936054,0.00630109,-0.009551272,-0.10864351,-0.021270731
TCGA-VQ-A8PE,-0.012299477,0.31858468,0.45248416,-0.23117857,-0.0032503128,0.44471875,0.37527043,-0.032112435,0.48179832,0.44171193,-0.020830879,-0.03328746,-0.08381269,-0.05841719,0.8919642,0.18547097,0.056431137,0.69466764,-0.14310844,-0.06409526,0.28978696,-0.0063711004,-0.0019703784,-0.0010338406,-0.0002164505,0.448029,-0.067752995,-0.0035501064,0.6317325,-0.053630948,0.05216907,-0.09523238,-0.008399732,0.098530956,-0.1360225,-0.091592066,-0.072278544,-0.035252765,0.782103,-0.0767546,0.013831243,-0.034171797,0.70145655,-0.006960494,-0.036419403,0.06272678,-0.00053241366,-0.025619546,0.35666972,0.22262344,0.09173009,-0.1157965,0.15360515,0.040655546,0.6988712,0.3350755,0.85101426,-0.02005024,-0.07786811,-0.032387715,0.2852313,-0.007230855,-0.027336378,-0.016863493
TCGA-VQ-A8PF,-0.06331456,0.1675695,0.14056033,-0.77473843,0.4051507,1.55373,1.3793776,-0.15716602,1.5072004,0.53544223,-0.017282926,-0.11685053,-0.30494776,-0.20258652,2.2439125,0.21061419,0.37282807,0.20034997,-0.5282137,-0.28292662,0.9607303,0.10287009,-0.006188705,0.03339462,-0.010017425,1.2396343,-0.20692411,0.013956815,1.7401282,-0.12288871,-0.03987379,-0.28832382,0.15729561,0.28100502,-0.46977982,-0.35398352,-0.23678957,-0.11974515,2.5760314,-0.24496332,-0.0104609905,-0.09319734,1.6919292,-0.027300293,-0.059483655,0.17851092,-0.013051527,-0.08468483,1.1004049,0.055676285,-0.015590477,-0.3726975,0.79793656,-0.04134546,2.4549816,1.6378264,2.0045402,-0.022453386,-0.27810213,-0.11561229,-0.0056182886,-0.02934782,-0.16012602,-0.010041293
TCGA-VQ-A8PH,-0.011191186,0.1019437,0.4948218,-0.23317437,-0.0011155496,0.4700132,0.53648764,-0.03375948,0.42840192,0.19570829,-0.009193429,-0.02690423,-0.076498605,-0.06467545,0.69987667,0.081545115,0.14033319,0.6894177,-0.14375435,-0.06669798,0.26081192,0.008613378,-0.0017715475,0.16190729,-0.004901591,0.4949007,-0.055155832,0.015191801,0.6622189,-0.058776475,0.0018488653,-0.08400365,-0.012247633,0.27591762,-0.15878068,-0.100395165,-0.04898877,-0.045163255,0.93798757,-0.08751079,-0.009131104,-0.032519665,0.75045604,-0.009390682,-0.025360892,0.09926009,0.07138224,-0.03628165,0.36342677,0.0039956905,0.13745745,-0.09931869,0.22336064,0.3030089,0.68991697,0.36378473,0.86465496,-0.0014518638,-0.08230557,-0.022310331,0.18489859,-0.029358232,-0.0349857,0.088789314
TCGA-VQ-A8PJ,0.004224127,0.15574163,0.59398496,-0.20597482,0.021030182,0.4556529,0.4583488,-0.016621804,0.65761375,0.05056192,-0.023696747,-0.023457529,-0.09085261,-0.028832098,0.85405385,0.18068032,-0.0077903545,1.2762622,-0.1259287,-0.06628741,0.20067494,0.16430105,-0.0057661883,0.20650889,0.0018962254,0.39701942,-0.056439012,-0.0229054,0.48447913,-0.048103537,0.011151869,-0.06899805,-0.013025048,0.07068597,-0.12143427,-0.08447548,-0.056419935,-0.026799528,0.79950297,-0.07807092,-0.0031642083,-0.014235233,0.44260922,0.07518243,-0.028523436,0.07629096,0.45462117,-0.025507485,0.42641234,0.1701031,-0.006272131,-0.10344907,0.25994158,0.23547612,0.67827386,0.44875836,0.7163978,-0.029754529,-0.08524231,-0.013915419,-0.005728175,-0.00616954,-0.047538538,-0.0121097695
TCGA-VQ-A8PK,-0.00790497,0.008116472,0.5622643,-0.14456159,-0.017495377,0.23404527,0.15600552,-0.036128405,0.38109127,0.049018763,-0.016515292,-0.028844777,-0.059322733,-0.03994159,0.7428912,-0.015837524,0.016482256,0.5348656,-0.06796595,-0.025942964,0.07453586,-0.018244738,-0.012186518,0.0018967371,-0.00364918,0.3928398,-0.014852879,0.09576013,0.28576103,-0.028798655,-0.0072424784,-0.036114883,0.07698771,0.2425243,-0.08341879,-0.04595074,-0.044682,-0.014571217,0.4876893,-0.043957435,0.07208878,-0.027124599,0.4892242,0.033330664,-0.033768587,0.1416084,0.055547,-0.0144493235,0.10060349,-0.022215357,-0.005724924,-0.058701582,-0.004924831,-0.0019197708,0.2840606,0.19268748,0.5867497,-0.0046280157,-0.043952692,-0.017133987,0.140663,-0.033176944,-0.018407729,-0.006741587
TCGA-VQ-A8PM,-0.014785649,0.028990503,0.20585412,-0.19473536,-3.9561328e-05,0.48485085,0.31780952,-0.03544499,0.42071697,0.25005782,0.058013745,-0.032240998,-0.076878674,-0.052772105,0.81735134,0.01209425,0.036189787,0.40283486,-0.11425908,-0.06923262,0.11668596,-0.0053909547,-0.009910873,0.08548631,-0.0006890967,0.36748406,-0.047534317,-0.0043265834,0.5643539,-0.04336093,-0.0018750407,-0.071981154,0.074632615,0.22101267,-0.11869758,-0.08492424,-0.07200855,-0.033799566,0.652716,-0.058483373,-0.007833423,-0.027577713,0.51687366,-0.005011973,-0.020861423,0.17468707,0.091896355,-0.018060047,0.23427793,0.0077205263,-0.009457535,-0.09397473,0.14441423,0.045175232,0.5613785,0.39908963,0.6213621,-0.0014734777,-0.07081424,-0.03156517,0.10858972,-0.009669013,-0.033769045,-0.014584265
TCGA-VQ-A8PO,-0.0845841,0.25376347,-0.0023484614,-0.883019,0.47149366,1.8058628,1.3407475,-0.15242413,1.6333107,0.43629918,-0.016643608,-0.12669541,-0.34179884,-0.23386021,2.5748696,0.090950616,0.2819701,0.10814212,-0.5882384,-0.30175692,0.9924954,-0.0015988455,-0.005285583,-0.00403321,0.0067932573,1.4310393,-0.24320726,-0.009284766,1.731468,-0.1357197,-0.053187687,-0.34118673,-0.009604525,0.15444691,-0.5487688,-0.3997807,-0.26695684,-0.1295227,2.8293438,-0.29096776,-0.017560199,-0.107890606,1.8952688,-0.034809176,-0.074540466,0.32903916,-0.015781736,-0.08451398,1.2312808,0.21036844,-0.0047630863,-0.4340367,1.0179839,-0.05060757,2.776706,1.7629066,2.4205658,-0.030196125,-0.2959778,-0.1280488,0.24538092,-0.03291365,-0.19355711,-0.029786265
TCGA-VQ-A8PP,-0.07339349,0.320452,0.24713382,-0.84425354,0.19670306,1.6561265,1.4573506,-0.16236484,1.7793139,0.5738015,-0.019716633,-0.13704692,-0.30073878,-0.21503516,2.6699762,0.28230032,0.27403113,0.56544673,-0.52164453,-0.30587563,0.96691483,-0.011819627,-0.017744705,-0.008202483,0.14739141,1.5668894,-0.23895673,-0.006916112,1.7193023,-0.13619404,-0.042022172,-0.32181287,-0.01906514,0.26716197,-0.5163805,-0.3874831,-0.2500774,-0.13964419,2.7873333,-0.27684855,-0.016089758,-0.10203643,2.046307,-0.01013343,-0.08332436,0.5137116,-0.018282088,-0.073610544,1.2981281,0.4018976,0.16735029,-0.42438313,0.82546246,-0.011236247,2.5348032,1.7885151,2.2105203,-0.019558938,-0.30838197,-0.10451352,-0.0256297,-0.019431101,-0.17098063,-0.030739073
TCGA-VQ-A8PQ,-0.022488888,-0.0003117991,0.22720753,-0.18148986,0.079106815,0.6274164,0.2810241,-0.040119547,0.36366645,-0.005815716,0.15698595,-0.037784725,-0.06827145,-0.05505494,0.76855874,0.19969247,0.16235372,0.11719764,-0.11351388,-0.050071623,-0.003159085,-0.007324472,-0.0054197996,0.4624911,-0.014793052,0.074541986,-0.061382737,0.11319566,0.4756668,-0.03957315,-0.0033470576,-0.07127384,0.023311911,0.2828874,-0.13107471,-0.046210047,-0.04585164,-0.042761803,0.59330994,-0.070731185,-0.010444519,-0.021117445,0.32933065,-0.008254045,-0.021520095,0.103469625,-0.0025099765,-0.0542801,0.2851316,0.09822866,-0.0064100535,-0.08401843,0.18742485,0.011784894,0.6969107,0.34299108,0.6335506,-0.008938812,-0.08367821,-0.022122351,1.1487904,-0.02223923,-0.025513694,-0.010986994
TCGA-VQ-A8PU,-0.057946563,0.14512295,0.25735173,-0.40973997,0.29503235,1.0251604,0.846837,-0.095564775,0.9627879,-0.020983983,-0.016814323,-0.025076155,-0.15676044,-0.12499147,1.3389473,0.31678393,0.3431247,1.5845395,-0.27211192,-0.10042161,0.46459013,-0.029327864,-0.007638272,0.23574555,-0.0007467668,0.7230054,-0.102514505,-0.038772743,0.6849356,-0.0767893,-0.020364832,-0.159706,-0.007838833,0.0723607,-0.31452602,-0.19765745,-0.11261123,-0.058772326,1.4374683,-0.17035154,-0.034082886,-0.041415073,1.2730527,0.02052533,-0.042663347,0.3591898,0.3944053,-0.07851385,0.58827466,-0.0080544455,-0.011125824,-0.21091416,0.3000519,-0.0047512064,1.5128661,0.7666864,1.4443637,-0.0133784665,-0.15543091,-0.03178036,0.55239224,-0.029779876,-0.09696703,-0.029206667
TCGA-VQ-A8PX,-0.015030711,0.09899976,0.2145733,-0.22729726,0.0058842017,0.6119504,0.36923698,-0.050596025,0.5622154,0.04607071,0.0577064,-0.005401362,-0.09294643,-0.045708768,1.058201,0.11357508,0.20346346,0.9346663,-0.13173383,-0.062429167,0.20830871,-0.0192525,-0.02031009,0.10218418,-0.016580706,0.47108853,-0.050228503,-0.0016399085,0.49756455,-0.066960804,-0.024753362,-0.08985406,0.15448993,0.09360892,-0.1347045,-0.09324872,-0.08004267,-0.04090904,0.74671996,-0.07116472,-0.021370895,-0.024345731,0.73871213,-0.0024135604,-0.032984648,0.4025644,0.14415292,-0.035464194,0.24885488,-0.0023582322,-0.019778673,-0.11689663,0.07633355,0.06619427,0.7035465,0.32305667,0.8793341,-0.017085766,-0.09755739,-0.028922817,-0.0016340141,-0.031876814,-0.045364376,-0.023151508
TCGA-VQ-A91A,-0.04975726,0.24660695,0.011663001,-0.6869747,0.2558455,1.4730669,1.275079,-0.11790035,1.4138404,0.41732064,-0.012397797,-0.11040503,-0.24019186,-0.18452312,2.1220696,0.3754323,0.26514944,0.30518937,-0.47669682,-0.2568887,0.7521028,0.0038194284,0.032278717,-0.0052962336,0.001132187,1.1634094,-0.19663388,-0.0014837846,1.4882668,-0.1013055,-0.016965447,-0.264987,-0.012877059,0.40289915,-0.43238616,-0.30719107,-0.19761832,-0.108009,2.4706438,-0.22944565,-0.012665647,-0.09069228,1.6347092,-0.031188978,-0.06512281,-0.00082864315,-0.023589501,-0.0800791,1.1353961,0.66221297,0.14264478,-0.32509392,0.9015579,-0.0008671021,2.288859,1.4961132,1.7686757,-0.014364113,-0.24287997,-0.09681196,0.086647436,-0.00610977,-0.13723515,-0.018578693
TCGA-VQ-A91D,-0.104058385,0.24193826,-0.0033555452,-1.0427333,0.55963457,1.956195,1.7274646,-0.1930192,1.9827499,0.44886163,-0.023680862,-0.16019948,-0.3846801,-0.27212647,2.9392788,0.16817775,0.5127796,0.102121525,-0.7099396,-0.38170943,1.2002649,0.05121371,-0.0032102957,0.014583165,-0.016761579,1.710336,-0.282723,-0.0065698656,1.9356858,-0.15707974,-0.0647867,-0.3967479,0.060490012,0.10706427,-0.63365316,-0.4699125,-0.29095176,-0.1557093,3.4655147,-0.3246567,-0.012714808,-0.13949396,2.3580904,-0.048893295,-0.06547927,0.32129395,-0.032021273,-0.112692736,1.557575,0.24408749,-0.009842281,-0.5107023,1.1344719,-0.0493908,3.3783274,2.182226,2.810755,-0.017502097,-0.3563647,-0.15598089,-0.0016673043,-0.016277768,-0.21627548,-0.01974527
TCGA-VQ-A91E,-0.07771462,0.13734204,0.1457457,-0.7813412,0.36835217,1.6108559,1.2945675,-0.1464992,1.5104289,0.31231788,-0.0041541248,-0.12636653,-0.29260775,-0.21017681,2.4086578,0.35243067,0.47985598,0.101425864,-0.5142678,-0.28186852,0.650935,0.060252875,-0.011216532,0.30012318,-0.011858208,1.1474048,-0.2218021,-0.0005723819,1.6007842,-0.12314762,-0.041568168,-0.30327907,-0.0067863227,0.47724614,-0.49727756,-0.31843683,-0.2248197,-0.12748598,2.6092284,-0.26435855,-0.018072603,-0.09879631,1.706599,-0.032516614,-0.06335203,0.18192089,-0.022690982,-0.104610026,1.1648337,0.26578835,-0.003915246,-0.3881197,0.9716195,-0.022956852,2.5888476,1.6464322,2.1070766,-0.007009532,-0.2898268,-0.11991073,0.82559294,-0.019391788,-0.16971634,-0.022660736
TCGA-VQ-A91K,-0.11287799,0.108750835,-0.005155859,-1.174264,0.67909396,2.3106077,1.82211,-0.23489742,2.2215834,0.5087473,-0.02072257,-0.18458503,-0.4590188,-0.3172861,3.3091733,0.42829928,0.65184677,-0.00010718154,-0.808972,-0.4326912,1.4372194,-0.0010852487,-0.015775505,0.28381664,-0.006476766,1.9132968,-0.31410652,0.03143087,2.3545375,-0.18269919,-0.0662921,-0.45215064,-0.014222768,0.38930458,-0.70995045,-0.548597,-0.3310771,-0.17167641,3.7845502,-0.38686177,-0.02644038,-0.15636128,2.571076,-0.044997867,-0.08196723,0.23496298,-0.03478534,-0.121915124,1.7368448,0.03897259,-0.016542315,-0.5810699,1.4264624,-0.048172664,3.7280145,2.5168757,3.0692668,-0.024051242,-0.42876554,-0.17785423,0.1427427,-0.023384823,-0.24809209,-0.016582856
TCGA-VQ-A91N,-0.03292914,0.4816957,0.5842114,-0.43210182,0.02958869,1.139036,0.80960923,-0.09428154,0.9660047,-0.00048198644,-0.013425538,-0.068145216,-0.20393606,-0.13590801,1.8355739,0.16513197,0.21005511,1.2508658,-0.27225542,-0.121912025,0.36716285,-0.020798055,-0.027415121,0.036210068,-0.0019553278,0.7796804,-0.12643902,-0.00094595476,0.8894554,-0.09651876,-0.042780105,-0.15170671,-0.0017324559,0.32599068,-0.30877253,-0.18923986,-0.14118281,-0.03118228,1.7331098,-0.14516775,0.11023675,-0.041914012,1.2830472,-0.016538395,-0.083529,0.23895039,0.35468423,-0.05808416,0.5382574,0.14299588,0.022036055,-0.19721885,0.34047928,0.2597423,1.4199005,0.93776566,1.5262519,-0.038841072,-0.18063653,-0.023134146,0.74154943,-0.05715367,-0.101327024,-0.023737172
TCGA-VQ-A91Q,-0.026571447,0.14612187,0.5505611,-0.3208725,0.09371244,0.6935235,0.5765955,-0.11298261,0.88995445,0.1661273,-0.034225676,-0.038951647,-0.16201417,-0.09163687,1.5767509,0.021603033,0.22085388,1.2520136,-0.17483656,-0.10208247,0.2109022,-0.024993416,-0.021082321,0.011832064,-0.01358168,0.82804567,-0.061819818,0.0014661183,0.6849096,-0.091171764,-0.024967078,-0.12333772,0.05755973,0.06476263,-0.21458335,-0.14846924,-0.10858276,-0.046739228,1.3348343,-0.12378559,-0.0024252136,-0.04400715,0.9428265,-0.002051833,-0.06395726,0.5156496,0.40972054,-0.04806844,0.47040877,-0.039206985,-0.018187702,-0.14169948,0.05483353,-0.011638535,1.0135251,0.6665366,1.2370199,-0.016952183,-0.12150375,-0.019583458,0.33220533,-0.051522832,-0.08362266,-0.019733965
TCGA-VQ-A91S,-0.031961318,0.3214836,0.26283222,-0.68338287,0.15605444,1.5592237,1.1573757,-0.13001601,1.3761104,0.5846696,-0.01743849,-0.10071576,-0.24970065,-0.18961628,2.114843,0.32380778,0.3040727,0.61666036,-0.4489912,-0.24919467,0.797512,0.04066038,-0.017381478,0.31760317,-0.005391634,1.2641349,-0.17885332,0.07765609,1.6043088,-0.1103516,-0.023967186,-0.2591515,0.010029396,0.1991338,-0.43034554,-0.32774076,-0.20410357,-0.08389055,2.2852974,-0.23299785,-0.019236011,-0.104171515,1.6631585,-0.015474993,-0.070773154,0.21374066,-0.001167116,-0.058745693,1.1084293,0.39004192,-0.016801393,-0.34121114,0.60121405,-0.023131981,2.0818818,1.410758,2.1750934,-0.0072910152,-0.26111573,-0.07763601,0.2666818,-0.029262412,-0.14307259,-0.0051960805
TCGA-VQ-A91U,-0.01429152,-0.0035629987,0.5079395,-0.43024883,-0.007343548,1.02969,0.79951155,-0.057380315,0.76537985,0.047011495,-0.015524748,-0.03717978,-0.15453212,-0.09639007,1.5663238,0.21679056,0.048511095,0.9554596,-0.25721014,-0.10323006,0.48266074,-0.016667113,-0.039455783,0.124306895,0.08675721,0.7676333,-0.11305203,0.104571536,0.8521741,-0.074678585,-0.006734191,-0.15245105,-0.008605913,0.04694987,-0.26751855,-0.19498478,-0.12909172,-0.050251003,1.157477,-0.121493,-0.019358454,-0.04958911,1.2174643,-0.004450319,-0.071720056,0.5244756,0.12773377,-0.038055986,0.82711715,0.4395954,0.13926338,-0.19785205,0.32466167,0.2869262,1.3423827,0.85846454,1.2818547,-0.00893838,-0.14688508,-0.042076737,-0.004922253,0.16737385,-0.09788373,-0.0065255235
TCGA-VQ-A91V,-0.09419029,0.37273932,-0.014448233,-0.9988867,0.2417694,2.178823,1.4109242,-0.15821765,1.9719574,-0.015546123,-0.03857891,-0.1473168,-0.3418957,-0.21508554,3.1112797,0.72904617,0.5490819,1.2173221,-0.6402081,-0.33635995,1.243011,-0.020189147,-0.0008305738,0.4211723,0.33264756,1.8024594,-0.27372155,-0.02995508,2.042057,-0.17687732,-0.03925739,-0.36108562,-0.04393827,0.028991662,-0.6132094,-0.43163896,-0.2571494,-0.15427946,3.0100439,-0.36129832,-0.04728191,-0.13939284,2.5142727,-0.002082335,-0.09709262,0.5868045,-0.038782403,-0.089341655,1.7441044,0.39565414,0.13476616,-0.47393274,1.1133492,-0.03481519,3.1911533,2.056661,2.7849243,-0.019166179,-0.35215694,-0.0864078,0.2593326,-0.034610685,-0.20442668,-0.030635014
TCGA-VQ-A91W,-0.084666386,0.12519261,0.010290932,-0.853206,0.52359706,1.7168711,1.5396256,-0.16987242,1.5453501,0.5756695,-0.038743228,-0.14946717,-0.34461045,-0.23657162,2.4935248,0.32858422,0.47150576,0.22519833,-0.5860364,-0.31258264,0.9750149,-0.00080680364,-0.00407962,0.08826694,-0.011270224,1.4977107,-0.22560053,-0.008555695,1.844312,-0.12463528,-0.053605,-0.3189958,0.0130651705,0.37270427,-0.5164448,-0.38801405,-0.24614409,-0.14065562,2.895898,-0.28680032,-0.012429165,-0.10584225,1.9116157,-0.033190753,-0.072056495,-0.00806508,-0.02021099,-0.090704404,1.283979,0.23142388,-0.00023263526,-0.40355226,0.95187813,-0.019316383,2.779878,1.8852508,2.0687647,-0.02721527,-0.30959773,-0.14649794,0.06495748,-0.02067372,-0.19767642,-0.015341616
TCGA-VQ-A91X,-0.078144476,0.33999285,0.47754607,-0.7519428,0.2277782,1.5866413,1.4260164,-0.098476,1.5210383,0.126447,-0.039840672,-0.09873679,-0.28176147,-0.19601662,2.4717762,0.29683676,0.48919126,0.8006686,-0.4706553,-0.2614109,0.75035274,-0.0010561303,-0.011454823,0.08832855,-0.0039806715,1.1816971,-0.21910457,-0.012907865,1.4333645,-0.107649125,-0.04103312,-0.26141363,-0.015213779,0.50823146,-0.4667967,-0.3103378,-0.22830187,-0.082274094,2.657332,-0.2683955,-0.013207677,-0.08941972,1.9330255,-0.004647497,-0.076482765,0.06045106,-0.048739772,-0.06814695,1.091377,0.8653789,0.4995983,-0.3666331,0.87942874,0.67975247,2.226056,1.5775074,2.212496,-0.032544874,-0.32305226,-0.090464994,0.4738534,-0.02738089,-0.13974693,-0.008895215
TCGA-VQ-A91Y,-0.0067508495,0.06935219,0.2525966,-0.0807505,0.010341564,0.19983432,0.12882532,-0.018795736,0.23177484,0.07104467,-0.0016336719,-0.015341944,-0.041452207,-0.017600901,0.46696857,-0.0002602803,0.099136226,0.2839759,-0.04417023,-0.021238534,0.02938044,-0.0020245824,-0.0038307027,-7.1991795e-05,-0.005011792,0.2191438,-0.0122774085,0.048756238,0.2026673,-0.018197296,-0.009206024,-0.03261741,0.041885346,0.13735525,-0.045399632,-0.031536084,-0.036171608,-0.015357903,0.32156542,-0.022388628,-0.0037787717,-0.009289493,0.25711957,-0.006486885,-0.017780034,0.08408238,0.07032101,-0.0075378767,0.07676205,-0.005379623,-0.010676623,-0.0399695,0.06730108,0.014652066,0.20608898,0.055594124,0.34989026,-0.0024387825,-0.035162516,-0.0026107717,0.008118801,-0.008165237,-0.017491696,-0.0027930532
TCGA-VQ-A91Z,-0.063081756,0.1996252,0.64586943,-0.64689773,0.10921385,1.5955036,1.3754599,-0.041496944,1.4168125,0.0950172,-0.04262321,-0.10030388,-0.19452812,-0.13809912,2.223672,0.36608335,0.0088358605,1.1214519,-0.40095448,-0.22214277,0.66231734,-0.012061953,-0.018327136,-0.03796572,-0.0030499888,1.2474226,-0.21771789,0.07848666,1.1890731,-0.11112986,-0.034657236,-0.2184387,-0.00611289,-0.0009325691,-0.39358494,-0.2731957,-0.14904575,-0.09790796,2.337779,-0.18054761,-0.0037288878,-0.069022425,1.9173253,-0.016001575,-0.06508693,-0.012213029,-0.018556776,-0.107555166,1.2374609,0.90012544,0.3313745,-0.29415765,0.40193343,0.14799885,2.0907502,1.3875486,1.9431028,-0.019954389,-0.19183907,-0.043540478,0.39299104,-0.011201717,-0.1246421,-0.037016504
TCGA-VQ-A922,-0.004042274,0.15382819,0.43724683,-0.08429913,0.10423473,0.19623865,0.24803579,-0.015372201,0.1925622,0.057862565,-0.011830687,-0.016775567,-0.032862462,-0.021290688,0.41631132,-0.008796564,-0.00515284,0.4498054,-0.040528927,-0.017450428,0.05225484,-0.009957928,-0.0015403734,0.0068380404,-0.0047723404,0.2751464,-0.00916019,-0.0042316923,0.23770127,-0.010197341,0.018566433,-0.030738637,0.005164195,0.10301872,-0.051164474,-0.027570708,-0.028586615,-0.013962445,0.27358064,-0.030238902,0.020298693,-0.0072079287,0.24707025,0.0846866,-0.016801028,0.011087611,0.016857345,-0.014532933,0.11959259,-0.0025124743,-0.001439129,-0.03413653,-0.0039233402,0.12854446,0.24561094,0.13345844,0.44917342,-0.015146315,-0.018433068,-0.007960755,0.09725399,-0.0137585355,-0.020318907,0.006535802
TCGA-VQ-A924,-0.09008523,0.09558476,0.052387763,-0.8505358,0.41649306,1.613869,1.3462391,-0.16546737,1.6063796,0.49029484,-0.01828002,-0.12536868,-0.32310104,-0.22367933,2.517276,0.28282705,0.44294575,0.031536754,-0.57615465,-0.3179326,0.92864805,0.024315752,-0.0077590905,0.05606179,-0.014052257,1.4165205,-0.2240016,-0.0008623913,1.7526265,-0.123857275,-0.058789905,-0.33605897,0.025037862,0.32060024,-0.5244015,-0.38771123,-0.2542878,-0.13295452,2.7331326,-0.2827583,-0.014137723,-0.10055455,1.9034729,-0.044349078,-0.058930922,0.296955,-0.025320495,-0.08900019,1.1485324,0.13976473,-0.009327426,-0.44026095,0.96398616,-0.04071731,2.7337756,1.7509842,2.3231902,-0.021070918,-0.30073568,-0.1303919,0.10271196,-0.023476895,-0.18683238,-0.028614247
TCGA-VQ-A925,-0.029731382,0.11731783,0.120388284,-0.24669121,0.07173834,0.7144701,0.5907184,-0.06798505,0.60514057,-0.003726206,-0.02418149,-0.015840597,-0.11498932,-0.07860055,1.0292856,0.29010892,0.1261371,1.2396955,-0.15333192,-0.08016193,0.5229204,-0.028382838,-0.014713463,0.38777402,-0.008943048,0.6336589,-0.054905295,-0.012494746,0.5640286,-0.06525061,-0.0049291938,-0.08195567,-0.0050799423,-0.0007105118,-0.14536822,-0.111088395,-0.09517154,-0.04005015,0.6808142,-0.0851808,-0.019049061,-0.04717851,0.946821,-0.010542384,-0.043729924,0.4081344,0.25934777,-0.042622242,0.4181303,-0.029973919,-0.00044815225,-0.13455136,0.2895038,-0.013196014,0.48724568,0.24195644,0.9181753,-0.011225015,-0.10186153,-0.03180488,-0.0074420185,-0.011903058,-0.066552095,-0.00990091
TCGA-VQ-A927,-0.01962919,0.013329375,0.16259198,-0.27628824,0.16428891,0.6226051,0.37686002,-0.056744304,0.60602945,0.32721654,0.051205978,-0.051595785,-0.10876355,-0.074383505,0.9940754,0.074259855,0.1529348,0.32072496,-0.17544626,-0.09649682,0.264022,0.035601325,-0.008083204,-0.003698904,0.016780186,0.54051816,-0.07926671,0.051924445,0.7770857,-0.03970581,-0.0072049247,-0.11470305,0.018831525,0.1985546,-0.1800013,-0.1110064,-0.08301093,-0.056524415,0.9630563,-0.09037378,-0.008396293,-0.028909763,0.7184882,-0.0071000285,-0.03024442,0.009809494,-0.0052692597,-0.03827606,0.4282884,0.1298941,-0.005269037,-0.13430695,0.27188906,-0.0073645003,0.8073439,0.61863446,0.828312,-0.014361391,-0.104005374,-0.045976136,0.30571607,-0.015047302,-0.048725545,-0.009926412
TCGA-VQ-A928,-0.030102303,0.3104346,0.21216217,-0.42005083,0.17593898,0.94789064,0.6974371,-0.0895178,1.0654974,0.045143142,-0.028130865,-0.048528317,-0.17750548,-0.11008358,1.6591604,0.20633641,0.19151378,1.3949467,-0.25970483,-0.13493969,0.61299807,-0.030251969,-0.008236498,0.35477784,-0.005643718,1.008507,-0.086733274,-0.024378503,0.80638236,-0.06813245,-0.04327165,-0.15347882,-0.0041283593,-0.0031626,-0.27827412,-0.16919847,-0.11580124,-0.057872273,1.2704672,-0.14064509,-0.00200417,-0.06134615,1.1635156,-0.026171824,-0.053803124,0.5770449,0.345217,-0.03781873,0.6959566,-0.030744432,-0.010743465,-0.20340852,0.15697582,-0.01338125,1.2793819,0.8691676,1.407657,-0.002410863,-0.15940537,-0.033101898,0.042099394,-0.049857236,-0.092157565,0.05057314
TCGA-VQ-A92D,-0.11163328,0.17819124,-0.0024701152,-1.0414013,0.41478163,2.0307066,1.6385131,-0.21467221,1.9198608,0.43596902,-0.03137501,-0.17044877,-0.40734777,-0.29869184,2.899656,0.37739903,0.43725377,0.303282,-0.7128351,-0.37198317,1.3857646,-0.003931594,-0.022782305,0.11429918,-0.003832655,1.8225386,-0.27670836,-0.01592196,2.0847766,-0.15434982,-0.042485833,-0.38222885,-0.012111972,0.12855922,-0.64485484,-0.47938886,-0.30792996,-0.15438238,3.329577,-0.33254182,-0.026243795,-0.14618738,2.3223972,-0.02617744,-0.079293974,0.4065423,-0.021153392,-0.09713992,1.5190711,0.12146342,0.009784566,-0.51595765,1.2668366,-0.05251577,3.317746,2.2355735,2.714014,-0.024788288,-0.3720861,-0.13998817,-0.0009041868,-0.026163448,-0.21364859,-0.018599158
TCGA-VQ-A94O,-0.01454957,0.06531527,0.26590085,-0.09520088,0.007150145,0.28599402,0.2948597,-0.008935481,0.2636179,-0.0024382344,0.052306086,-0.0011909025,-0.04144333,-0.01220488,0.45788398,-0.020264216,-0.0056166863,0.31170338,-0.056994148,-0.032862406,0.06341562,-0.007112667,-0.010057525,0.15597413,-0.0084902225,0.14187899,-0.030570531,0.08651739,0.39487505,-0.0098802,-0.00342112,-0.034355313,0.1571866,0.025896741,-0.06271995,-0.01703476,-0.039296124,-0.012732873,0.235693,-0.027006138,-0.0020890278,-0.02046301,0.3613272,-0.009601661,-0.010437033,-0.00023151301,0.07049593,-0.016228272,-0.006011992,-0.0133887855,-0.0027459478,-0.042696636,-0.003009976,0.028874889,0.27935928,0.00857364,0.41281125,-0.0069747153,-0.02053483,-0.022539875,0.07132329,-0.013551171,-0.014513606,-0.0033965532
TCGA-VQ-A94P,-0.012310694,0.09127318,0.080169484,-0.24556081,0.06013691,0.57998073,0.34562543,-0.050021,0.50529516,0.18861613,0.012212275,-0.0349737,-0.09143027,-0.06158824,0.8689519,0.09520175,0.12593563,0.14357537,-0.15776853,-0.094444714,0.1785885,0.0748757,-0.017986769,0.047304265,-0.00015457529,0.41390225,-0.07988937,-0.0023903635,0.6450991,-0.03434536,-0.00029763207,-0.09021817,-0.0030442737,0.20482334,-0.15211496,-0.094353385,-0.07726311,-0.048661742,0.8423856,-0.08464354,-0.009758924,-0.027123017,0.6479125,-0.0093711885,-0.022189472,0.015818894,-0.002726907,-0.03147866,0.30332962,0.31746334,0.015105689,-0.11790543,0.25191817,-0.00067948084,0.7448208,0.6212064,0.7007333,-0.0043869815,-0.097930156,-0.04076107,0.23342226,-0.004008017,-0.049200684,-0.0127681885
TCGA-VQ-A94R,-0.08423149,0.30251348,0.23766601,-0.86783993,0.5068847,1.8083777,1.74174,-0.12772548,1.6186082,-0.008140673,-0.031319905,-0.122085266,-0.31564108,-0.20240429,2.616873,0.31826922,0.48740324,0.3985753,-0.57304376,-0.30021766,0.865559,0.0058322847,-0.02354525,0.05272939,-0.014996337,1.396235,-0.26807657,0.21238643,1.8040928,-0.1253962,-0.033865992,-0.3268123,-0.002886548,0.42389315,-0.54232234,-0.36498886,-0.23438866,-0.12935615,2.9887786,-0.29582664,-0.014951669,-0.1036739,1.9128368,-0.048941668,-0.06251215,-0.0038902573,-0.025965149,-0.0975011,1.4296339,0.84701496,0.10565524,-0.44977865,1.0856631,0.011709129,2.7221587,1.744085,2.3602927,-0.004152316,-0.32128575,-0.09995886,0.14657745,-0.013925256,-0.19270149,-0.027002007
TCGA-VQ-A94T,-0.04723904,0.17177078,0.26904222,-0.53108704,-0.006758205,1.1978453,0.858356,-0.09995356,0.9705557,0.35833198,-0.02004113,-0.06559443,-0.21851902,-0.16017489,1.7882626,0.4997609,0.29767522,1.4033893,-0.33868328,-0.17922544,0.9454871,0.13286452,-0.019376956,0.08582566,0.043070037,0.94735146,-0.122343,-0.026974274,1.1161005,-0.12080618,0.129861,-0.16876587,-0.040210646,0.049915962,-0.33241984,-0.24097465,-0.17061923,-0.08872151,1.781418,-0.18834256,-0.048402976,-0.04470447,1.3330594,-0.0053831036,-0.07915759,0.47334844,0.123040155,-0.07012079,0.71687514,0.135012,-0.009648929,-0.26669043,0.55272657,0.25639075,1.579791,0.98787075,1.760783,-0.0033055295,-0.18984713,-0.03434318,0.32972568,0.050669156,-0.11790883,-0.030433003
TCGA-VQ-A94U,-0.10432842,0.22602707,-0.006273319,-0.87282515,0.3479517,1.7678998,1.3028077,-0.15713762,1.6522503,0.14205557,-0.026068999,-0.13350038,-0.30537805,-0.20180677,2.6276414,0.32383326,0.5495068,0.4462934,-0.58332336,-0.28682342,1.1924636,-0.017073575,-0.009867091,0.11633035,0.26816702,1.5898615,-0.25111547,-0.0058136657,1.6510729,-0.15432249,-0.017295873,-0.33348805,-0.003151706,-0.00098956,-0.53445464,-0.41613126,-0.24280126,-0.14358915,2.6886034,-0.2808687,-0.012506217,-0.1316477,2.1952639,-0.03172261,-0.06211093,0.3226146,-0.01784623,-0.093585245,1.3926632,0.29251248,-0.0014884083,-0.44704542,0.75107694,-0.037774038,2.6434622,1.9249179,2.3390806,-0.017198848,-0.3087966,-0.08490928,0.058001235,-0.01426502,-0.1813155,-0.023062212
TCGA-VQ-AA64,-0.011579322,0.29887897,0.6378563,-0.28607336,-0.013985584,0.6587086,0.3081287,-0.045942947,0.8147059,0.29368517,-0.013194168,-0.025898298,-0.11280488,-0.078936644,1.2644609,-0.0014997236,0.064222865,1.2489614,-0.16411026,-0.0754443,0.3231115,0.07759792,-0.021359846,0.018839324,0.11944732,0.5969091,-0.07366114,-0.024803642,0.59029263,-0.060247477,-0.017525679,-0.09453886,-0.015124527,0.079537295,-0.19317085,-0.13704263,-0.090993546,-0.030958205,0.96217394,-0.099169225,-0.0068897977,-0.04482962,0.84160644,-0.0091266055,-0.03542615,0.5471972,0.28811353,-0.02664046,0.4136861,-0.011812866,-0.018157251,-0.10812135,-0.002350775,-0.016694099,0.9839926,0.5398197,0.9194817,-0.0072239353,-0.11430532,-0.01077927,-0.012871385,-0.008937726,-0.060330898,-0.019303098
TCGA-VQ-AA68,-0.080227725,0.3431274,0.18527162,-0.8692216,0.29638845,1.6985686,1.4138616,-0.16768172,1.6394801,0.30547467,-0.026017776,-0.13566297,-0.31982633,-0.21818319,2.5744066,0.53201646,0.46542224,0.6659368,-0.5598247,-0.29615235,1.076318,-0.0056039984,-0.019787662,0.23742832,0.08073895,1.5741287,-0.24809594,-0.014446455,1.8357419,-0.16068785,-0.024881799,-0.3256373,-0.027631251,0.20614527,-0.5359761,-0.38411137,-0.2360003,-0.12791614,2.7264557,-0.2885222,-0.0017216702,-0.11020781,2.099954,-0.024795597,-0.061653644,0.508047,-0.02451224,-0.068727694,1.3938277,0.5478589,0.15287393,-0.4336433,1.0988115,-0.0063572014,2.6308734,1.8462619,2.490322,0.019820295,-0.3078422,-0.093116835,0.2145002,-0.03407835,-0.16755448,-0.02873992
TCGA-VQ-AA69,-0.13191049,0.23096062,0.050277103,-1.3218653,0.6987701,2.6069245,2.1646652,-0.2483067,2.4424045,0.5725461,-0.03577402,-0.20112777,-0.5161098,-0.3694943,3.6503503,0.25916293,0.7394136,-0.012907502,-0.9206211,-0.49651632,1.6917298,0.035076916,-0.009791063,0.28882736,-0.031263776,2.0581336,-0.35840344,-0.0029593408,2.6206784,-0.20992418,-0.08421926,-0.50218624,-0.020715086,0.4164768,-0.80060905,-0.6091411,-0.3871943,-0.19915248,4.380848,-0.42870662,-0.02925609,-0.18455939,2.8811805,-0.04028568,-0.089294806,0.17756514,-0.035943154,-0.14166538,1.9539264,0.11223304,-0.00948285,-0.64404464,1.5586746,-0.039400723,4.263962,2.8936796,3.4448776,-0.023056643,-0.4721411,-0.19728301,0.17067954,-0.014651157,-0.2887472,-0.027537322
TCGA-VQ-AA6A,-0.027633134,0.28429392,0.6273146,-0.43721524,0.12137214,1.0192175,0.9014138,-0.06628597,1.0604647,0.24119857,-0.010057915,-0.054237276,-0.19063641,-0.07435637,2.0227273,0.5376455,0.10224288,1.5321112,-0.25218305,-0.14350934,0.24581231,-0.027192274,-0.0052248426,0.057523295,0.00011340948,0.8340259,-0.13352248,0.024406008,1.0092409,-0.077063225,-0.008567101,-0.15921956,0.038073182,0.51263,-0.27358645,-0.16301106,-0.13761114,-0.0412365,1.7706021,-0.16319256,0.2171336,-0.082264975,1.1759636,-0.0047617294,-0.07377543,0.18470378,-0.0025475088,-0.044518728,0.65599924,0.365215,0.20762353,-0.20066538,0.40201077,0.3747113,1.4331442,0.78621507,1.3839375,-0.021788018,-0.18591718,-0.032411598,0.11505595,-0.019625446,-0.093661144,-0.024726156
TCGA-VQ-AA6B,-0.078261584,0.26963302,0.36633107,-0.8341939,0.41436747,1.6979076,1.446256,-0.12299947,1.7715476,0.23909041,-0.040871453,-0.12332405,-0.3091291,-0.19953625,2.7145085,0.27780268,0.35256463,0.57597286,-0.49837002,-0.2656407,0.8315758,0.10658409,-0.021894537,-0.007938522,0.1030539,1.6935624,-0.22289029,-0.01074139,1.8397807,-0.15937115,-0.057954963,-0.30550557,-0.0025301033,0.30610585,-0.4943881,-0.36292082,-0.27699402,-0.14208339,2.7458172,-0.29534099,-0.0119209485,-0.122118056,2.159465,-0.017768843,-0.08089364,0.19704019,-0.030636681,-0.11699748,1.3808686,0.36232305,-0.014733224,-0.4032487,0.8093095,0.074363165,2.5720756,1.8861617,2.552737,-0.011143028,-0.30787885,-0.09868598,0.3301199,-0.03530016,-0.18712084,-0.0058688545
TCGA-VQ-AA6D,-0.024115285,0.11300274,0.8538762,-0.3472332,0.12462061,0.8812292,0.59412754,-0.04491263,0.82610035,-0.017232623,-0.036951553,-0.030095477,-0.14013253,-0.095757954,1.6819589,0.07625411,0.16408686,1.2275578,-0.21654005,-0.09436085,0.15230197,-0.022963515,-0.0025404904,0.31717822,-0.0017569531,0.50937694,-0.0788729,0.008708939,0.67706835,-0.069230005,-0.012152973,-0.120060995,-0.0004141368,0.5633328,-0.23906298,-0.10807862,-0.08431885,-0.02504453,1.3019775,-0.14094903,-0.0071367966,-0.042931326,1.1020169,-0.021136664,-0.057062514,-0.003581483,-0.008004314,-0.07279202,0.6467939,-0.006063829,-0.008254916,-0.17230524,0.19664556,0.18219447,1.3142754,0.65159446,1.1578145,-0.0073926225,-0.15841533,-0.01541322,1.3293395,-0.050395537,-0.09751484,0.096820064
TCGA-VQ-AA6F,-0.03042964,0.16060594,0.26011702,-0.31539673,0.065324165,0.6801562,0.4843707,-0.06709954,0.6246069,0.29856637,-0.012787545,-0.027232891,-0.11942531,-0.06661743,1.207929,0.24412853,0.11541013,0.9428849,-0.17249301,-0.09116852,0.27349636,0.011238646,-0.0014954774,0.24050559,0.008271653,0.5264135,-0.07595817,-0.0050859824,0.64083755,-0.05629297,-0.0110939145,-0.10629221,-0.008278982,0.097707756,-0.1872121,-0.115391806,-0.08883427,-0.04251155,1.0659297,-0.10265388,-0.010424267,-0.03593367,0.7700188,-0.016770108,-0.032169122,0.38374352,0.11551,-0.048521396,0.30643216,0.065230265,-0.017600626,-0.1497265,0.26963076,0.014861317,1.0241258,0.6106166,1.0473961,-0.009855814,-0.10819484,-0.04848021,0.09021257,-0.014481547,-0.058316823,-0.02644652
TCGA-VQ-AA6G,-0.08867973,0.1319521,-0.015717635,-0.90748453,0.5497855,2.0106475,1.3674164,-0.17488106,1.7695181,0.36305642,-0.024042027,-0.1409005,-0.33500358,-0.21062842,2.9287682,0.46457025,0.5705372,0.78150976,-0.6264642,-0.33176336,1.2450726,-0.01657796,0.20744014,0.04006353,0.050726134,1.7057067,-0.22603488,-0.011449701,1.9047874,-0.16356061,-0.029502103,-0.35086405,-0.007387151,-0.020217773,-0.5740002,-0.40226147,-0.24503016,-0.1550201,2.7015588,-0.32354826,-0.01740627,-0.11044498,2.2918673,-0.008990627,-0.079899214,0.57229453,-0.026168067,-0.099118695,1.5023377,0.43275434,-0.0012021227,-0.46146032,1.2466414,-0.05325654,2.9641879,1.9193401,2.5958343,-0.011915343,-0.31119427,-0.097554326,0.10078788,-0.03874692,-0.19209825,-0.033850078
TCGA-VQ-AA6I,-0.077335,0.23174928,0.06918459,-0.81910974,0.44820917,1.7834549,1.3759041,-0.15073809,1.6283925,0.16360365,-0.022523457,-0.13474597,-0.2992709,-0.23196486,2.3802078,0.23656914,0.46058863,0.254049,-0.54695183,-0.2953944,0.8767849,-0.008667971,-0.0078884475,0.039042063,0.017917883,1.458026,-0.22367011,-0.007893446,1.6212773,-0.12058144,-0.048126653,-0.30499753,-0.0047770343,0.2124836,-0.5093469,-0.38006642,-0.24332678,-0.14238732,2.7134576,-0.27761096,-0.01375372,-0.10329037,1.8547602,-0.042027585,-0.06581148,0.21740237,-0.018932847,-0.08591619,1.281056,0.50642085,-0.009237162,-0.41552424,1.0463511,-0.03224608,2.5252116,1.7309732,2.2910585,-0.012113695,-0.29358798,-0.11606921,0.37316152,-0.02625355,-0.18018143,-0.0073300027
TCGA-VQ-AA6J,-0.034598764,0.18911207,0.27798522,-0.42753187,0.13699438,0.9386511,0.7249132,-0.07445001,0.89751333,0.44930497,-0.017194549,-0.06132685,-0.15316541,-0.10236347,1.5404409,0.35207534,0.20472221,0.8347954,-0.26712257,-0.14124267,0.45905495,-0.0062602074,-0.0018260608,0.06727708,0.039257783,0.78132266,-0.110411145,-0.009493028,1.0497705,-0.07503726,-0.00888402,-0.1583306,-0.0038169876,0.0456834,-0.27019727,-0.17975053,-0.13426313,-0.066099964,1.3823246,-0.13920799,-0.012677366,-0.04241579,1.1122465,-0.009383253,-0.038946,0.25204974,-0.0069758776,-0.052462745,0.7187659,0.39749724,0.097223334,-0.21225558,0.27167362,0.05802916,1.369327,0.8348119,1.2037325,-0.005742879,-0.14988808,-0.044781875,0.045934886,-0.023882197,-0.078429185,-0.025705684
TCGA-VQ-AA6K,-0.037309423,0.26462924,-0.0044696103,-0.28727487,0.052120443,0.5596131,0.5471647,-0.081990294,0.7745002,0.22935526,-0.023855839,-0.022956843,-0.12260669,-0.08924224,1.1300213,0.13813546,-0.0050716265,1.2289423,-0.17595723,-0.092765324,0.27689227,-0.014373563,-0.0090246955,0.069037005,0.057680603,0.67575455,-0.058476288,-0.02825804,0.52798927,-0.077834435,-0.0014077518,-0.077028684,-0.0001727935,-0.010270131,-0.19662593,-0.13094087,-0.09896079,-0.046274435,0.98051924,-0.11101959,-0.032759942,-0.03802063,0.90153074,-0.02134542,-0.052220877,0.28313756,0.39069572,-0.05166772,0.37241825,0.16016832,-0.002000802,-0.1285791,0.14903109,-0.022997092,0.84322095,0.48973572,0.85917026,-0.021633418,-0.10167348,-0.032560293,0.2686543,-0.020014884,-0.068006806,-0.005920914
TCGA-ZA-A8F6,-0.028521437,0.056481212,0.057857737,-0.3708225,0.077702716,0.9275091,0.71623707,-0.07686013,0.62766415,0.24054012,-0.0043185465,-0.04612419,-0.1504688,-0.08454026,1.4016913,0.33260876,0.1476625,0.8656223,-0.23319435,-0.12843825,0.17679802,0.057197288,-0.019525541,0.256426,-0.0003006253,0.65164536,-0.1295792,0.06483697,0.84249187,-0.05588568,-0.009998149,-0.15090238,-0.0018491381,0.45696437,-0.22698002,-0.15486962,-0.11037455,-0.08132149,1.4095917,-0.14119582,-0.0147875,-0.045226898,0.8769646,-0.017826771,-0.03450999,-0.0026092844,0.047266822,-0.031350326,0.37979794,0.310445,0.171146,-0.19383404,0.27215287,0.39423594,1.2088531,0.6488449,1.2042639,-0.03099217,-0.147857,-0.034671005,0.17419612,-0.037344124,-0.06120927,-0.006397705
