patient_id,priv_mir_0,priv_mir_1,priv_mir_2,priv_mir_3,priv_mir_4,priv_mir_5,priv_mir_6,priv_mir_7,priv_mir_8,priv_mir_9,priv_mir_10,priv_mir_11,priv_mir_12,priv_mir_13,priv_mir_14,priv_mir_15,priv_mir_16,priv_mir_17,priv_mir_18,priv_mir_19,priv_mir_20,priv_mir_21,priv_mir_22,priv_mir_23,priv_mir_24,priv_mir_25,priv_mir_26,priv_mir_27,priv_mir_28,priv_mir_29,priv_mir_30,priv_mir_31,priv_mir_32,priv_mir_33,priv_mir_34,priv_mir_35,priv_mir_36,priv_mir_37,priv_mir_38,priv_mir_39,priv_mir_40,priv_mir_41,priv_mir_42,priv_mir_43,priv_mir_44,priv_mir_45,priv_mir_46,priv_mir_47,priv_mir_48,priv_mir_49,priv_mir_50,priv_mir_51,priv_mir_52,priv_mir_53,priv_mir_54,priv_mir_55,priv_mir_56,priv_mir_57,priv_mir_58,priv_mir_59,priv_mir_60,priv_mir_61,priv_mir_62,priv_mir_63
TCGA-3M-AB46,-0.009126973,0.012027692,0.10171092,0.19019504,-0.0061350665,0.16801539,0.7456427,0.71208704,0.3203948,0.013929304,-0.004364997,0.52896446,0.32930037,0.30623588,-0.011916586,-0.012875962,0.09639708,-0.014738108,0.33993998,0.13102853,0.26818374,0.17419466,-0.00811278,0.05262799,0.075604185,0.248528,0.1842202,0.17535245,0.027075686,0.7256686,0.11773574,0.35397565,0.013316721,0.20379049,0.21874446,0.20556745,0.14611617,0.18410873,0.064164594,0.057502415,-0.0013550315,0.29527327,0.30705917,-0.01774092,0.81775224,0.13438368,-0.010081177,0.14994034,0.67692274,-0.005981689,-0.01496151,0.71498317,0.15523459,0.23996419,-0.0014221352,0.678038,0.1283923,-0.013498716,0.28320378,0.17697357,0.7082096,0.7028804,-0.007111014,-0.014800176
TCGA-B7-5816,0.08045682,0.0026257634,-0.0018150595,0.0687913,-0.0042882725,-0.003922082,0.92824715,1.1536396,0.13191253,0.093258366,-0.013125761,0.22069395,0.4600102,0.43030164,-0.0023869057,0.041146122,0.33314446,-0.01727731,0.5503184,0.27040267,0.33063892,0.049905688,-0.012159093,0.15012303,0.10588673,0.26798448,0.3659399,0.22084513,0.095128275,0.9780243,0.04369462,0.16804741,-0.0006499767,0.26022065,0.23276313,0.21721858,0.4176632,-0.00044644027,0.026041832,0.3302367,-0.005016604,0.354697,0.50176156,-0.022750705,1.0773857,0.14795023,-0.02784588,0.5402,1.0041233,0.022757202,-0.00836388,0.8630081,0.06067889,0.37758693,0.16468295,0.79757,0.43155462,0.029071838,0.12090121,0.08491423,0.21886161,0.7196428,-0.015376058,-0.008604588
TCGA-B7-5818,0.046371367,0.0065873414,-0.015669936,0.37225443,-0.0007337901,0.22035003,0.80612916,0.9841908,0.43240792,0.099625126,-0.015270834,0.8183377,0.39477184,0.44825256,-0.026627356,0.0897279,0.20146754,-0.0062288153,0.38927492,0.20618416,0.21266837,0.14255601,-0.014074273,0.067821,-0.01591599,0.12410228,0.10482962,0.1973924,0.3445387,1.0224992,0.09996092,0.33222032,0.0041993596,0.011615723,0.02810096,0.3026136,0.03991224,0.082602516,0.1585253,0.04236706,-0.01754065,0.28074592,0.46059293,-0.014747514,1.0817075,0.10779998,-0.007024674,0.20044477,0.79209083,0.16103277,-0.010027867,0.7893948,0.25541532,0.35119927,-0.009288273,0.8923473,0.12937416,-0.006225431,0.16342448,0.05633074,0.28233555,0.601609,-0.013398304,-0.008733647
TCGA-B7-A5TI,-0.004626827,0.07335563,0.016929206,0.24619575,-0.008876349,0.13609001,0.62218606,0.669208,0.13539223,0.0482764,-0.009160287,0.24997775,0.28242216,0.23585592,-0.017138755,-0.010089665,0.072156936,-0.014253731,0.27766323,0.116088815,0.005330832,-0.007968765,-0.015012658,0.018557306,-0.007555512,0.017328609,0.17494494,0.17265177,0.07337389,0.6006921,0.216144,0.29337987,0.024630085,0.08086239,0.1355766,0.119795285,0.21093145,0.10511166,0.11807713,0.064165145,-0.0069723832,0.27839753,0.185918,-0.0050765476,0.77100635,0.1800811,-0.0027554464,0.121115595,0.60412663,-0.00096582546,-0.009405206,0.6102771,0.020900074,0.18998626,-0.0010174587,0.6718149,0.1836768,-0.014046541,0.12317925,0.22185573,0.28812274,0.5462599,-0.0072897687,-0.008284237
TCGA-B7-A5TJ,-0.0037740709,0.09561926,0.05141903,0.32863903,-0.005903819,0.11868732,0.5280398,0.54398686,0.12541679,-0.00017026962,-0.008707122,0.47649115,0.2664588,0.30974534,-0.015149007,-0.0028724351,-0.0028190191,-0.0062454822,0.3014087,0.18197343,0.11403038,-0.0009991938,-0.0031886564,0.14326474,-0.001432075,0.040703822,0.10009887,0.10984591,0.060854755,0.5330286,0.18928452,0.313893,-0.0028027652,0.043439467,0.09927642,0.0029085875,0.13891146,0.17851646,0.2194323,0.092104405,-0.0028412645,0.21591184,0.25315514,-0.007931274,0.75059307,0.15290488,-0.008467953,0.13249974,0.5722419,0.072159365,-0.0048808986,0.5337407,0.141224,0.16592208,-0.0026308694,0.6437887,0.11722052,-0.018885493,0.20542085,0.206741,0.2884654,0.4986392,-0.0023476793,-0.011531855
TCGA-B7-A5TK,-0.010076443,0.050794635,0.038995102,0.055823267,-0.0020949224,0.083916314,0.41725504,0.4043737,0.013771791,0.0555366,-0.003360986,0.20823742,0.13262954,0.20126395,-0.0060530216,-0.0030090387,0.06196694,-0.0035015263,0.12880792,0.11479551,0.0130470805,0.014990591,-0.008575897,0.05468341,-0.0012275771,-0.0012947675,0.04617969,0.08775865,0.004097283,0.3736412,-0.0007531546,0.19731869,-0.0004988421,0.07198679,0.12016089,0.08314622,0.16916326,0.0871184,0.032686327,0.05850021,-0.005530397,0.23892274,0.12598103,-0.0022802707,0.454532,0.09345096,-0.004722222,0.0837321,0.36904874,-0.0020737909,-0.009718027,0.36975572,0.0799491,0.08762841,-0.00030314998,0.4166324,0.06824636,-0.005541582,0.1313039,0.07781298,0.1657995,0.29962987,-0.007463495,-0.0070205093
TCGA-B7-A5TN,-0.0060875188,0.11080322,0.068319224,0.22031419,-0.0039307023,0.06572032,0.55618715,0.6001772,0.09029131,0.08645645,-0.012763341,0.24335968,0.23597184,0.26164192,-0.009951624,0.035600238,0.09232102,-0.010144995,0.39823568,0.21340069,0.13518491,-0.0047694924,-0.010968372,0.10012866,-0.0045184153,0.046571035,0.08447413,0.14464909,0.0032031275,0.5237602,0.09886177,0.15284257,-8.697547e-05,0.028614178,0.17786653,0.053310037,0.2620215,0.052935425,0.07456936,0.06877093,-0.008377601,0.22245297,0.2849601,-0.0056271483,0.6950246,0.16669747,-0.009245649,0.22398445,0.59169084,0.050038166,-0.0051922514,0.54493093,0.0011802055,0.16631877,0.054353718,0.5698383,0.22546165,-0.004716122,0.010689652,0.10802397,0.20503157,0.52872896,0.00915728,-0.0073967637
TCGA-BR-6452,-0.0031422097,0.059433922,-0.019527411,0.28597695,-0.013850083,0.019428525,0.6345408,0.9671247,0.20517454,0.16094998,-0.0068412083,0.58410263,0.38263702,0.3266199,-0.004006357,-0.005882109,0.3185635,-0.01364329,0.31840143,0.22752345,0.20510095,0.07303552,-0.018644197,0.16562423,-0.005369637,0.1359233,0.1608387,0.21470779,0.14708823,0.9208756,0.07384388,0.30789533,-0.002762337,0.07171912,0.14994109,0.20765978,0.24651453,0.16159731,0.13584723,0.23326784,-0.0071271667,0.262603,0.3177088,-0.002395503,0.9381759,0.16439414,-0.021164138,0.23086542,0.73559207,0.12352061,-0.006354261,0.7768945,0.020335142,0.3555683,-0.000334638,0.8172015,0.13244158,-0.0231035,0.18569796,0.2575942,0.3972171,0.61050785,-0.0061700204,-0.0066098385
TCGA-BR-6453,-0.0017188381,0.08250809,0.16997153,0.20312728,-0.008750402,0.023056492,0.62534946,0.81833905,0.01148634,-0.0035101061,-0.015761467,0.18263131,0.3090748,0.29209876,-0.007744895,-0.0036862672,0.13731824,-0.0071076686,0.37443224,0.21379969,0.15178329,0.023925774,-0.010628893,0.00999786,0.050330818,0.15150148,0.18793505,0.11711425,0.039403826,0.63439494,0.24640918,0.34666348,-0.0026319863,0.18981862,0.3048197,0.108748816,0.26920867,0.0965327,0.17382616,0.36508688,-0.012079944,0.41514304,0.24748117,-0.0094096605,0.88392377,0.2602102,-0.009461621,0.2924049,0.8274159,0.1609556,-0.011021417,0.62507504,0.14493881,0.08949422,0.038298953,0.72528774,0.1995898,-0.008209348,0.2739986,0.2105481,0.13203964,0.6464186,-0.00897288,-0.005015675
TCGA-BR-6455,-0.0033456923,0.017099159,-0.00020141034,0.1752249,-0.012799913,-0.0017236939,0.60426086,0.7243534,0.17967142,0.020166155,-0.0052779587,0.42444324,0.3491935,0.33049667,-0.009116222,-0.0072043217,0.1536891,-0.007482633,0.28069013,0.109469526,0.26444793,0.18557684,-0.011408624,0.10738058,-0.0056993845,0.0174529,0.009978022,0.19357722,0.16502288,0.60813206,0.13103396,0.27451286,-0.0010661837,0.11048693,0.16342098,0.15674627,0.17541361,0.20853956,0.07495895,0.357333,-0.01824869,0.37457713,0.32704574,-0.0033001949,0.8211801,0.22224927,-0.0014455352,0.120351374,0.6985915,0.06101036,-0.010953093,0.55824286,0.19912599,0.16715774,-0.00013629906,0.7594743,0.07053553,-0.009259715,0.244532,0.13458532,0.36374334,0.60243964,-0.009679216,-0.005414827
TCGA-BR-6456,-0.0070551992,0.06273009,0.046109434,0.034914486,-0.0011237114,-0.0045082886,0.4167546,0.46943742,-0.002608135,0.03845961,-0.0025920337,0.09084694,0.15171924,0.18079293,-0.0029726739,-0.0021484853,0.046038613,-0.005937978,0.2120447,0.079710215,0.061934806,0.035372607,-0.012656677,0.037094794,-0.0019867506,-0.0044955346,0.08746924,0.102209106,0.016589388,0.33643568,0.021357965,0.13752863,-0.0032636747,0.095379084,0.16431454,0.0564505,0.21729103,0.041155696,0.018755812,0.17801271,-0.007154342,0.19558844,0.1528851,-0.0055298796,0.48720074,0.14813998,-0.0011761126,0.16820359,0.42894757,0.027455248,-0.002946042,0.3784266,0.07303159,0.09757625,0.0057057627,0.42042315,0.14338057,-0.004367324,0.039398726,0.06778347,0.13416971,0.32885945,-0.008989583,-0.0026215548
TCGA-BR-6457,-0.004625044,0.093927145,0.031365227,0.05986245,-0.0030936524,-0.0025659222,0.49989092,0.6695996,0.022969391,0.019729856,-0.007552375,0.1413046,0.2567039,0.19809246,-0.0077325995,-0.0034132071,0.07111562,-0.0034206116,0.2165653,0.1487223,0.15035139,0.027986396,-0.009171431,0.06229413,0.0053385496,0.017405044,0.104683734,0.12889652,0.08456942,0.50543183,0.047767986,0.24060217,-0.0036065772,0.062013913,0.15238367,0.1284788,0.16716719,0.06634556,0.07806495,0.2518559,-0.007127172,0.30064777,0.17269671,-0.005377939,0.61815107,0.19155005,-0.00459249,0.14795087,0.567625,0.07199195,-0.0061370614,0.40963286,0.094493374,0.12013697,-0.0029128108,0.56333953,0.08183121,-0.0070831636,0.09489273,0.16237658,0.017042914,0.40173352,-0.008384,-0.0038045365
TCGA-BR-6458,-0.0013616037,0.07071653,-0.0070889066,0.18283157,-0.008078842,0.061528075,0.6968346,0.8971167,0.09540692,0.019782672,-0.014708074,0.39650083,0.39117333,0.30711415,-0.0053083957,-0.014154849,0.082758255,0.011444503,0.31902012,0.21383332,0.20854793,0.01299196,-0.0058364067,0.06420834,0.088155314,0.016728964,0.05152727,0.14020467,0.13469946,0.689022,0.097056106,0.3971598,0.00014587492,0.08283427,0.22719139,0.19667572,0.23082678,0.16689919,0.0860485,0.38697612,-0.010865196,0.50993496,0.30035418,-0.0046876636,0.8957224,0.24554294,-0.01399901,0.26138267,0.89280534,0.09619129,-0.0071809585,0.65908694,0.17735502,0.18010724,0.10448378,0.80158156,0.06586691,-0.012982137,0.2155132,0.16611706,0.05264624,0.6228351,-0.009574193,-0.0017443117
TCGA-BR-6563,-0.005319581,-0.00040902777,0.059310686,0.06806869,-0.0071389764,-0.004251359,0.34876615,0.37945276,-0.00791305,-0.007372266,-0.0074981577,-0.0008859558,0.13551953,0.13190338,-0.00015360564,0.041551746,0.081858106,-0.00047859867,0.19358332,-0.0027228242,-0.00042664298,-0.002572614,-0.0074880454,-0.0026862912,-0.0014700302,-0.0021728638,0.12477768,0.04085777,0.009919576,0.36320823,0.013038967,0.17430602,-0.005930183,0.17127997,0.19049272,-0.002514288,0.1879899,0.06462628,-9.575002e-05,0.19659403,-0.01071162,0.1873318,0.0009819195,-0.007120429,0.40338695,0.11322193,-0.0038657542,0.08233547,0.4114575,-0.004460039,0.0628337,0.31970412,0.122947946,0.07821987,0.015732024,0.3302973,0.15083745,-0.0087310225,0.058627754,0.0724197,0.03402827,0.31961218,-0.0035738708,-0.0037070364
TCGA-BR-6564,-0.007389461,0.05142114,0.07498322,0.081195004,-0.0054647154,-0.003311735,0.416242,0.5940783,-0.0029349893,-0.002873197,-0.00781673,0.1173289,0.2081403,0.16845576,-0.004213527,0.004650917,0.051711924,0.022367034,0.21142589,0.11866335,0.0982057,-0.0025546425,-0.008259374,-0.00077701884,-0.00058633386,-0.0033006072,0.104916595,0.079548165,0.066976115,0.3782037,0.024737962,0.2081464,-0.0016112224,0.11075141,0.20269722,0.037756033,0.15192921,0.04591851,-0.0033862628,0.24603194,-0.009698658,0.233818,0.057471976,-0.0052035553,0.50457656,0.16922721,-0.0020178885,0.14077,0.5115177,0.043896988,-0.0052772937,0.36541635,0.11968474,0.07974482,-0.00032266453,0.4646135,0.10863477,-0.005079027,0.11793021,0.110827595,0.05374452,0.3259561,-0.0024328714,-0.0033706117
TCGA-BR-6565,-0.00834814,0.08914994,0.053761285,0.08439555,-0.007160397,-0.0018962774,0.54700756,0.6347526,0.062000338,0.06403111,-0.0008010814,0.27017322,0.2472657,0.25687832,-0.003932418,0.008139309,0.03753922,-0.0069936193,0.27866897,0.10011055,0.18911052,0.10908262,-0.0070265806,0.06610043,0.029074602,0.01648296,0.10629957,0.17318836,0.09624224,0.53162014,-0.0013740741,0.30184942,0.05345148,0.0665269,0.18953894,0.17306772,0.23279615,0.10463038,0.059174027,0.22920668,-0.0056440886,0.34743342,0.31028098,-0.003326753,0.6810862,0.15683526,-0.003186099,0.13627595,0.5452302,0.066837445,-0.010170784,0.48878533,0.11919764,0.17276436,-0.004389161,0.58769274,0.0894618,-0.0047134147,0.113743804,0.1248716,0.24994972,0.4094672,-0.01157461,-0.008220204
TCGA-BR-6566,-0.0047311257,0.011692535,0.17167194,0.17490858,-0.0032005832,0.15129775,0.7679816,1.0304872,0.16128169,0.14719224,-0.009542162,0.32865924,0.33874172,0.41962284,-0.005907329,-0.014595426,0.14289626,-0.0043696533,0.36234877,0.42674136,0.13406456,0.02028384,-0.019552961,0.15806752,0.12986171,0.17786749,0.14046934,0.16893259,0.095307834,0.8086993,0.081654415,0.23585774,-0.004416335,0.14309788,0.07790131,0.28618833,0.19531013,0.12417406,0.06485866,0.17444696,-0.0048785126,0.5046155,0.61374813,-0.018400043,1.1529828,0.1959992,-0.02008683,0.43139613,0.80176485,0.08129607,-0.012410427,0.7631592,0.13752744,0.2217915,0.026839603,0.8362696,0.37481117,-0.0026444895,0.2681756,0.30540136,0.18967983,0.7478775,-0.013895844,-0.011711919
TCGA-BR-6705,-0.008457096,0.11784716,0.25052503,0.17144662,0.039557233,-0.015738955,0.64813495,0.7685108,-0.014020725,-0.00872961,-0.015080899,-0.01352552,0.2801398,0.21893986,-0.0031588238,0.12983263,0.04397144,-0.015364376,0.4629277,0.22474243,0.14564137,-0.0010931533,-0.0014713918,0.05542031,0.024562493,0.11410281,0.116425894,0.11952999,0.1132812,0.5584913,0.2690599,0.24320577,-0.003860087,0.25965777,0.36449724,0.08838849,0.32767054,0.005743835,0.098517835,0.4466423,-0.012512467,0.3366762,0.22423857,-0.005021046,0.8932823,0.23021382,-0.0050464165,0.40204784,0.82563937,0.14681882,-0.0013639422,0.525132,0.1469584,0.0617771,0.061154027,0.6506089,0.34207714,-0.0029139842,0.04458987,0.121961884,-0.0001766242,0.59790576,-0.0126009425,0.013268157
TCGA-BR-6706,-0.01341665,0.0913163,0.143467,0.021197638,-0.0002489159,0.0024805546,0.6118905,0.69481933,-0.0035973897,0.00157227,-0.0048829354,0.13880594,0.3065073,0.2804718,-0.007304451,0.0358418,0.0838354,-0.0072241426,0.24581014,0.2110031,0.075238936,0.07092978,-0.0109606115,0.037279166,-0.00063450634,0.044070195,0.14174208,0.10166762,0.02488435,0.57211655,0.024218768,0.42721352,0.041019395,0.1676878,0.22723904,0.17162836,0.31054333,0.16117518,-0.0026346564,0.45041406,-0.01348142,0.36644688,0.1717477,-0.0067098513,0.7257167,0.19627109,-0.0011322584,0.18031153,0.6787655,0.10939133,-0.005947827,0.56998175,0.106936276,0.10325162,0.019256525,0.6197862,0.129195,-0.0053815446,0.13474211,0.095863536,0.07956497,0.52246416,-0.012451599,-0.0003237748
TCGA-BR-6707,-0.013040826,0.14364974,-0.0073715495,0.22990595,-0.020709224,0.018000353,0.8249541,1.0161116,0.4833275,0.14845169,-0.0062200064,0.7733904,0.4722242,0.3861033,-0.019988833,-0.020577973,0.29864362,-0.009645731,0.33341622,0.29667583,0.39393508,0.2846459,-0.01294052,0.24119082,-0.0072388365,0.09767002,-0.0019254856,0.32581648,0.3317658,0.98419136,0.06594622,0.51168585,-0.004305171,0.16481182,0.22640018,0.3725517,0.18945539,0.33942285,0.17020626,0.5170336,-0.007054916,0.5018228,0.50877964,-0.0054174694,1.0524237,0.20348069,-0.016520651,0.11587754,0.9308394,0.108719006,-0.024408089,0.8667787,0.19982229,0.29792202,0.07420778,1.079462,0.07634701,-0.021127326,0.44438425,0.24020162,0.74996406,0.77448213,-0.014442565,-0.012961768
TCGA-BR-6709,-0.0038487676,0.16703208,0.050348476,0.048745528,-0.0019045506,0.031937566,0.7677017,1.0167176,0.07760131,0.10433605,-0.008342811,0.19502144,0.36364087,0.29499042,-0.0067285164,-0.012494402,-0.0069531696,0.030506888,0.40887132,0.05922482,0.23452982,0.1247139,-0.021594772,0.08587548,0.13187769,0.013701964,0.17650226,0.25168863,0.0034567788,0.54463,0.17083281,0.4322882,-0.0009075586,0.26077947,0.2843576,0.21785209,0.35121822,0.1546241,0.13362807,0.5259235,-0.00033338982,0.61521536,0.4351341,-0.02389656,1.0122322,0.20970187,-0.015365225,0.34755105,0.7365021,0.088320315,-0.010670974,0.6662679,0.29765067,0.07518127,0.09193294,0.82140857,0.24021693,-0.0014944653,0.31986308,0.18720686,0.04128421,0.778442,-0.018077027,-0.004186921
TCGA-BR-6710,-0.0077985376,0.082636476,-0.0032771856,0.016842118,-0.008214573,0.048909444,0.36350155,0.55535513,0.061833974,0.06832923,-0.0046877335,0.23317306,0.19476973,0.18173453,-0.00058957527,-0.00084993505,0.083065026,-0.0055728103,0.13097057,0.12615685,0.013685064,0.08234091,-0.01617241,0.057675835,-0.0010526956,0.018497225,0.0413227,0.1684153,0.06393423,0.4725911,-0.0048841867,0.2368253,-0.004305468,0.051737826,0.088797525,0.025227215,0.13535586,0.07275675,0.026782341,0.15408093,-0.009084763,0.1817444,-0.001780848,0.0026820954,0.4758548,0.087876916,-0.0112376055,0.0089339875,0.42244777,-0.0028475018,-0.0001793935,0.3616313,0.038152993,0.14057246,-0.00048306212,0.4512385,0.0444426,-0.0066485265,0.14748624,0.1328834,-4.0954725e-05,0.29479694,0.023666622,-0.006263715
TCGA-BR-6801,-0.016577639,0.12359424,0.050176013,0.1567873,0.19380459,-0.0020651103,0.5455142,0.56931823,0.01596285,0.1113376,-0.013109939,0.32292914,0.2608393,0.17471269,-0.0117102815,-0.0031666195,0.111546725,0.098618306,0.31247798,0.34798896,0.11998441,-0.002872786,-0.0062336274,0.23920557,0.0004165396,0.035448227,0.2061778,0.13155046,0.033808462,0.49465096,0.16557384,0.21874522,0.04805874,0.30392465,0.20675668,0.008170381,0.31169885,0.09523538,0.056754667,0.3181776,-0.0043556127,0.38601613,0.34305918,-0.0075384723,0.54707,0.1169504,-0.0048628356,0.2023138,0.65061694,0.08150531,-0.0059780977,0.5147978,0.07233965,0.04314693,0.053415816,0.5069685,0.0072794203,-0.013816001,-0.0022110778,0.15839058,0.21082184,0.4103054,-0.005291257,0.023684915
TCGA-BR-6802,-0.0035735262,0.107231155,-0.0010157455,0.105163485,-0.011011857,0.105766274,0.6259602,0.79144156,0.06117424,0.09437284,-0.013571774,0.49726033,0.3373377,0.31539965,-0.004326373,-0.005202093,0.1279348,-0.005159562,0.28458157,0.2513137,0.048567038,0.046681307,-0.012423183,0.029288404,0.0837522,0.096475974,0.14441282,0.18345943,0.031463243,0.6655493,0.015567273,0.35065752,-0.0019097647,0.07908122,0.20686738,0.11446706,0.21371497,0.19777152,-0.0002512168,0.2623142,-0.011152667,0.409615,0.27995968,-0.0072212564,0.75913906,0.12748739,-0.016399434,0.18563975,0.7069796,0.070372224,-0.008699323,0.57460004,0.11314225,0.19004408,0.05588403,0.64744717,0.17711803,-0.0063987537,0.2411108,0.2207691,0.17869264,0.49933892,-0.0017558847,-0.010432265
TCGA-BR-6803,-0.00751261,0.030547483,0.071860686,0.06993192,-0.008919342,-0.002297079,0.44497097,0.5187961,-0.0023873416,-0.006566167,-0.0047439733,0.1020204,0.22741592,0.17846611,-0.0031985391,0.05342266,0.06334801,-0.009306545,0.2064534,0.07846995,0.06089761,0.035879273,-0.008600893,0.031210763,-0.003512843,0.016605321,0.11834388,0.097765274,0.048894472,0.44206977,0.028511163,0.21513073,-0.0026563255,0.10884166,0.17360774,0.055867895,0.2097504,0.031814605,0.00043093786,0.3196885,-0.011037245,0.2133557,0.01640915,-0.0035145225,0.5115297,0.18157047,-0.0034115624,0.13254558,0.49155524,0.018758431,0.0031143771,0.37059957,0.06147052,0.072619945,0.04088558,0.4263816,0.12516508,-0.008593712,0.07793077,0.08156548,0.032343768,0.35099128,-0.0038880191,-0.0033085998
TCGA-BR-6852,-0.004659924,0.11732221,-0.005801144,0.10971196,-0.0036457093,0.104707256,0.5730489,0.87527096,0.10251081,0.15245388,-0.012640351,0.46346414,0.34226885,0.3697881,-0.0014947439,-0.011900096,0.12923364,-0.0014969079,0.24319024,0.30442464,0.10531225,0.041294146,-0.016658677,0.08328801,0.052593417,0.07987194,0.05786793,0.19534653,0.08042612,0.6504297,-0.0034813196,0.32868913,-0.0020591565,0.09862109,0.051462553,0.20461634,0.22447576,0.19077368,0.034881514,0.24816638,-0.0048469245,0.36509216,0.29253983,-0.008521579,0.8075721,0.11863028,-0.0128418645,0.09815301,0.6699882,0.024584427,-0.008047157,0.5627578,0.11205795,0.1849423,0.024420235,0.6789285,0.15573776,-0.010484976,0.25572294,0.20097873,0.06586422,0.50007725,-0.005582311,-0.006911987
TCGA-BR-7196,-0.0070519694,0.01930046,0.054222107,0.032301232,-0.005610983,-0.0002699158,0.3632635,0.3690596,-0.0050693695,-0.0049634497,-0.003772565,0.03591739,0.10819064,0.15577674,-0.0041725207,2.5473535e-05,0.07256101,-0.0017438149,0.13852207,0.004022965,0.0070284824,-0.0019529872,-0.006703604,-0.002541796,-0.0016372551,-0.0031407457,0.09542706,0.051431455,0.02040121,0.34466177,-0.0030523231,0.16973235,-0.003108269,0.1365183,0.13617231,0.042484887,0.12133727,0.061419934,-0.0045438,0.18159376,-0.008808148,0.16844922,0.014115101,-0.009092467,0.3796028,0.104813404,-0.0024298553,0.04188539,0.37928072,-0.0020603973,-0.0005157619,0.28551915,0.094618365,0.08136948,0.012790341,0.31464514,0.14810276,-0.006638845,0.08017293,0.061165433,0.04441018,0.2605224,-0.007199207,-0.0026661623
TCGA-BR-7197,-0.012314074,0.059149627,0.07119742,0.06567675,-0.0039189057,0.009825529,0.3842036,0.4683955,0.013399456,0.0036301296,-0.008507534,0.18347076,0.12849927,0.20715716,-0.0038347617,0.011406552,0.111082464,-0.011385839,0.26035023,0.028292777,0.09621354,0.08227329,-0.010876293,0.088235594,0.010703221,0.008941624,0.14959112,0.07912734,0.0720472,0.42248034,-0.0050549977,0.152622,-0.003163207,0.12697542,0.10612172,0.042744152,0.20683137,0.06193466,-0.0024941668,0.12489261,-0.0015771165,0.19558167,0.05624482,-0.0047191335,0.50106525,0.15412003,-0.0074008214,0.116172,0.4332356,-0.0041856496,-0.005379274,0.5053851,0.025524557,0.13444632,0.017359305,0.40913117,0.00093446486,-0.008146931,0.16171531,0.093426764,0.15670788,0.36694008,-0.007061624,-0.009997886
TCGA-BR-7703,-0.0028284695,0.04481567,-0.003292869,0.08277679,-0.006284397,0.05666669,0.38703376,0.61057204,0.054409306,0.073006384,-0.004252718,0.3547284,0.19460782,0.193302,0.009706318,-0.007979181,0.11928676,-0.0012613038,0.1540172,0.111605145,0.0161435,-0.00019984404,-0.009707723,0.010663476,-0.00040303916,0.053811442,0.048437305,0.13666026,0.0011003241,0.5383809,-0.008077878,0.29536828,-0.00091128313,0.10433574,0.17455246,0.037452392,0.064563826,0.16257218,0.039684195,0.07654013,-0.008068631,0.21967292,0.08490887,-0.011753707,0.53918755,0.12180113,-0.012690303,-0.0014661737,0.467562,-0.004623756,-0.0002664555,0.441478,0.01677763,0.1109925,0.023210425,0.53798604,0.099144414,-0.011136578,0.26013473,0.15827012,0.18743509,0.4709074,-0.0071007656,-0.0036771223
TCGA-BR-7704,-0.0019777466,0.03999693,0.0018523885,0.0062841494,-0.0074472176,0.026486492,0.40047228,0.42072606,0.0755371,0.03665519,-0.0044225915,0.23525208,0.20412928,0.18334007,-0.0022656214,-0.0011674736,0.15802108,0.0040294714,0.17352796,0.090212665,0.023122173,0.047639087,-0.007392447,0.03205579,-0.0071164714,-0.0009874944,0.109379224,0.1132295,0.08837103,0.43843812,-0.003916046,0.1930042,-0.0002989054,0.13604957,0.110142715,-0.00010778606,0.13896565,0.08622995,0.0020131767,0.15173702,-0.005555596,0.16370764,-0.00087265874,-0.004804285,0.4091932,0.056245595,-0.0076546255,-0.0045007714,0.39066753,-0.0041648685,-0.003894909,0.34599215,0.10752429,0.09102132,-0.00080896914,0.42362827,0.07330425,-0.010013813,0.1858233,0.09584243,0.20514387,0.3343767,-0.00018255562,-0.0021220683
TCGA-BR-7707,-0.0040095006,0.044057913,0.017366383,0.0667257,-0.0028122345,0.0058640493,0.55545723,0.8061764,0.1310062,0.059509408,-0.012426257,0.3215474,0.28428102,0.27642906,-0.002592136,-0.0010399104,0.28139657,-0.010094909,0.31254414,0.17654373,0.035315875,0.02262209,-0.007054714,0.085091285,-0.00036634505,0.121631324,-0.0020094644,0.08775761,0.10171821,0.619183,0.0063123256,0.1902446,0.018841386,0.12280082,0.12694724,0.11091564,0.22416106,0.05229003,-0.003476151,-0.0028252944,-0.009822512,0.26067233,0.2628882,-0.013487376,0.793241,0.1033772,-0.014887029,0.17173535,0.63877696,-0.009840305,-0.0090947915,0.62755036,0.038852993,0.16874003,0.13571136,0.62942874,0.26741895,-0.008689151,0.22473459,0.089183904,0.24264905,0.54918545,-0.006605547,-0.008426787
TCGA-BR-7715,-0.005064569,0.04262717,0.03622637,0.041715175,-0.006263738,-0.00029527533,0.33378685,0.42925972,-0.0036815468,0.020316115,-0.007219471,0.13437022,0.1483427,0.15781939,0.014436144,0.00346281,0.117639765,0.0065084435,0.17796867,0.042486735,-0.0023773238,-6.4200445e-05,-0.008091864,0.002661977,-0.0012701616,-0.0025674829,0.07361326,0.064359374,0.009840488,0.34653258,-0.0018324405,0.20965855,-0.0019373728,0.120093234,0.16150239,-0.0003274277,0.13312227,0.075504676,-0.0021163453,0.1295817,-0.0077815535,0.18323095,0.035331696,-0.0070370557,0.3847612,0.11296734,-0.002229177,0.043780327,0.3719991,-0.0041171717,0.014229783,0.30606258,0.087770775,0.08083064,0.033810515,0.38197637,0.12105563,-0.00811203,0.1007868,0.11770901,0.14908269,0.29662168,-0.0028491372,-0.0011005366
TCGA-BR-7716,-0.003933517,0.0051371176,-0.0029018538,0.053960025,-0.0065069506,0.01576297,0.24518013,0.32581443,0.044178206,-8.360706e-05,-0.0027487257,0.106154,0.08214533,0.12547198,-0.0021176205,-0.006724968,0.06909722,0.038799863,0.07205208,0.019498976,0.012681905,-0.000934451,-0.0076785195,-0.0034721293,-0.005701392,0.0045263804,0.06920683,0.09926397,-0.004460043,0.3482228,-0.0039117835,0.101413645,-0.0064092176,0.11572986,0.11393646,0.0038421527,0.06390302,0.07957876,-0.0001282461,0.051678885,-0.007289495,0.12289575,0.0028916765,-0.004739106,0.287988,0.06635806,-0.0057078726,-0.000408645,0.29020005,-0.0024545246,-0.0024725024,0.24935816,0.04957934,0.054964155,0.019342277,0.27465814,0.038278542,-0.005635956,0.09937348,0.113315664,0.11882924,0.19745259,-0.0022977493,-0.002501186
TCGA-BR-7717,-0.008816022,-0.0015482018,-0.0011566016,0.07866141,-0.008845126,0.021819074,0.33003852,0.3552135,0.035739478,-0.0012541537,-0.005892174,0.1476296,0.10687517,0.123087466,-0.005380309,-0.0017803445,0.07015737,-0.00055690407,0.118042834,0.032172687,0.0038383752,-0.0006760602,-0.0062640584,-0.0013432167,-0.0018776555,-0.00040996113,0.06775844,0.057471015,0.037055604,0.3480199,-0.006141925,0.15360843,-0.0068159997,0.11960218,0.115347125,-0.00069971103,0.10282081,0.075688235,-0.0033651502,0.12503538,-0.010326755,0.15481952,0.032005087,-0.0067931074,0.36486107,0.07955014,-0.0040619015,0.010248721,0.36440673,-0.007458271,0.008656113,0.29888278,0.09938347,0.08645281,0.015787613,0.35834348,0.101509705,-0.0072602145,0.13293506,0.097460024,0.14010766,0.29140767,-0.004663794,-0.004011452
TCGA-BR-7722,-0.010925749,0.041598063,-0.0017660417,0.12145202,-0.008071774,0.05459634,0.34535897,0.5011218,0.017764244,-0.0012576182,-0.006435238,0.27810144,0.12948027,0.2299126,-0.004021036,-0.00092857255,0.08124516,-0.004926283,0.11283624,0.08858172,-8.692187e-05,0.11156115,-0.010298355,0.100361325,-0.005297792,-0.0008133929,0.18254939,0.10981062,-0.0043632304,0.49240553,-0.011679113,0.24466898,-0.0036993062,0.06430356,0.07175942,-0.00674551,0.1425151,0.092656225,-0.0038168547,0.18927601,-0.005721544,0.15127945,-0.009408917,-0.007861487,0.4698514,0.17871371,-0.010877992,0.014846716,0.4100525,-0.005423132,0.027060091,0.39558312,-0.0071560205,0.14628208,-0.0028835423,0.43138665,-0.0046337694,-0.010466258,0.20719248,0.09903228,0.05251738,0.3150341,0.012275187,-0.009667769
TCGA-BR-7723,0.010034796,0.16786525,-0.006605851,0.84159833,-0.08652078,0.8396288,0.93133396,0.05529142,0.118846804,-0.051990993,-0.06672624,0.8551459,1.2612022,0.061563574,-0.0022582076,-0.028586099,0.85104585,-0.050417066,0.7769421,-0.07950983,-0.03109241,-0.06691738,-0.015099001,-0.037698116,1.6829244,0.9573559,1.0000978,0.40260386,-0.030497301,0.71483,1.7451903,0.047305427,-0.038622897,0.5554004,0.7861844,0.16273195,0.5900284,-0.03215126,1.4145037,0.34034106,-0.041958116,-0.014798579,-0.0007396938,-0.04027701,2.53396,-0.0028466673,0.7151073,1.6473286,1.9131687,0.057949975,0.95300007,0.2194308,0.11213887,-0.0012735807,0.13052806,0.8057951,0.07434597,0.7896793,1.1600997,-0.00766208,0.87140554,1.4023122,-0.08673368,-0.04060541
TCGA-BR-7851,-0.008729412,0.056214247,0.021006133,0.07500064,-0.007606716,0.012312484,0.34180707,0.5947397,0.023116078,0.03898939,-0.004680039,0.28918487,0.17147782,0.21318012,-0.0022642636,-0.0025648735,0.08997931,-0.009485396,0.18186018,0.083709754,0.047041055,0.12200326,-0.015606955,0.03495727,-0.007397443,0.02332199,0.116519,0.14770925,0.027008325,0.50319564,-0.0019257829,0.21762453,-0.0038488545,0.05408366,0.07480061,0.0065859184,0.17972045,0.079167455,-0.0028780194,0.1550529,-0.010065834,0.15044418,0.0350521,-0.008553373,0.5637176,0.18779284,-0.005096888,0.119939804,0.419296,-0.00011521913,-0.0022738762,0.47269762,0.027904466,0.12865275,0.022988677,0.50346625,0.056613617,-0.010127592,0.18217953,0.13870542,0.16706014,0.43235195,-0.0022345474,-0.008034438
TCGA-BR-7901,-0.004109321,0.007058098,0.056736924,0.01897992,-0.0006662413,0.015175014,0.4455012,0.44820392,0.022736628,-0.0016045179,-0.0015639513,0.085140765,0.17617571,0.15337235,-0.0050111166,-0.0031885894,0.05554167,-0.010287666,0.18077733,0.013922336,0.09639371,0.032713585,-0.008521529,0.054332133,-0.0016665868,0.024510082,0.14287746,0.1210805,-0.0018458251,0.4049778,-0.0020295184,0.20463264,-0.0016056933,0.04978671,0.13895932,0.055071212,0.19577836,0.008434428,-0.0008811496,0.18923768,-0.003980479,0.17550088,0.03427931,-0.0063981074,0.4711385,0.17829275,0.007385142,0.10463494,0.37132832,0.01948525,-0.001535988,0.37553847,0.03995081,0.115352936,-0.0019555695,0.3861106,0.08760776,-0.0045732292,0.0147731295,0.08560629,0.060242835,0.30506238,-0.008277045,-0.0042861784
TCGA-BR-7957,-0.004561988,0.046608206,0.08639701,0.026173415,-0.0054822187,-0.00445291,0.344244,0.36934495,-0.0070988606,-0.0045797285,-0.002959949,-0.0013039374,0.10879597,0.15736763,-0.003433256,0.030081071,0.0336584,-0.005328321,0.16599385,-0.00047885123,0.022344012,0.011040569,-0.007242014,-0.0006857857,-0.004105828,-0.00101581,0.095603265,0.07420489,-0.00024782866,0.31087184,0.011789992,0.10802101,-0.0041201003,0.10179475,0.1112548,-4.431121e-05,0.19559559,-0.00045480338,-0.00390985,0.14088827,-0.0057672816,0.11934161,0.019745661,-0.00890443,0.4286367,0.14873345,0.016730696,0.1352282,0.37245518,-0.0042899633,-0.00036170587,0.29740977,0.003933456,0.08919122,0.0213066,0.3260337,0.14579527,-0.0038769194,0.018211756,0.088387564,-0.0007629702,0.2594798,-0.004932314,-0.0008901668
TCGA-BR-7958,-0.004038649,-0.0017575652,-0.0025278726,0.052176714,-0.009234854,0.06789948,0.43280005,0.49510056,0.06538491,0.054246526,0.015857112,0.2668479,0.19658148,0.20063989,-0.011355858,-0.012147892,0.13594565,-0.007614856,0.13473316,0.020323398,0.05097348,0.017458983,-0.004127145,0.031336598,-0.007909421,0.04797675,0.13807952,0.11752878,0.05685471,0.4773168,-0.006272015,0.1818698,-0.005292917,0.091196924,0.08411811,0.14696363,0.15573016,0.13487656,-0.002729034,0.12108913,-0.0012428289,0.16551252,0.10928175,-0.012866385,0.55097866,0.10582609,-0.0054402235,0.06551036,0.39375287,-0.002795167,-0.011422782,0.44506663,0.0574614,0.086840905,0.018373486,0.46326995,0.05286501,-0.010041943,0.18629473,0.09752399,0.24327433,0.33840603,-0.007595868,-0.0065299966
TCGA-BR-7959,-0.004146838,0.041915275,0.07755629,0.008535037,0.0032723034,-0.0034891244,0.33622956,0.37039313,-0.00025996752,-0.00018807166,-0.00017440077,0.03627582,0.08497754,0.12882976,-0.0058846422,-0.00036633314,0.043441474,-0.0021664533,0.15794256,-0.00084695016,0.054050345,0.030804474,-0.0061772154,0.033536352,-0.0064360425,-0.005256397,0.06608694,0.08246137,-0.00024178736,0.30652,-0.0011261236,0.123716794,0.008385003,0.13481838,0.1476132,0.043583103,0.20046802,0.008746014,-0.00262495,0.15360728,-0.0052497885,0.16057706,0.004843926,-0.0039090766,0.40147913,0.13500187,0.010912832,0.07785469,0.29143223,0.002211824,-0.0055135437,0.27301255,0.061785534,0.07020901,-0.0028782373,0.34012723,0.0870978,-0.00461238,0.049497828,0.031771414,0.081968084,0.21116754,-0.00441712,-0.00548336
TCGA-BR-8058,-0.006940742,0.009270005,-0.0017936733,0.03150329,-0.014204065,0.10141253,0.5705797,0.6978011,0.085258275,0.020750511,0.012183944,0.29881155,0.26047894,0.2111466,-0.013211119,-0.0053691305,0.17033014,-0.014699015,0.17995904,0.047906913,0.03381698,0.1076753,-0.0040153763,0.012475699,-0.002542387,0.06781155,0.16160393,0.13617814,0.052553758,0.5871058,-0.01297019,0.29099527,0.011208147,0.13018408,0.09839224,0.14098608,0.40086326,0.08015275,-0.002815811,0.17366968,-0.008296895,0.19115813,0.12535053,-0.014035019,0.6777475,0.15755814,-0.01365926,0.08034383,0.56651884,-0.0058611776,-0.0021107118,0.56125355,0.05330757,0.14997917,0.03786205,0.5563482,0.08108971,-0.01141555,0.21566,0.14555497,0.14213544,0.4809887,-0.011582266,-0.010717901
TCGA-BR-8059,-0.0043281517,0.032735776,0.062200096,0.10058919,0.011214358,-0.00032444063,0.40097803,0.41757873,-0.0031298937,-0.0022652955,-0.00639373,0.044727664,0.10781664,0.18033913,-0.0009782854,-0.0009944671,0.048008405,-0.007926904,0.20412186,0.035848044,0.076512456,0.03083301,-0.009767233,0.044659812,-0.0004225433,0.015352126,0.118795805,0.06578038,-0.0072234096,0.33391625,-0.003208285,0.10817712,-0.0019714537,0.11323743,0.16543151,0.030374922,0.2127574,-0.0013131079,-0.0035830946,0.10649152,-0.006093848,0.16542044,0.12805334,-0.011140277,0.4303659,0.14753352,0.020122424,0.17899641,0.41023386,-0.0025161912,-0.0026307178,0.3335219,0.02324839,0.13170747,0.017681222,0.3524986,0.15007888,-0.0067772926,0.023265477,0.07565345,0.06183936,0.31172428,-0.007899257,-0.0056050974
TCGA-BR-8060,-0.0028321156,0.03946612,-0.0022234444,-0.011174679,-0.009543564,0.04472178,0.43816155,0.416232,0.16520937,0.058385815,-0.0118013965,0.047662612,0.13409348,0.1359901,-0.012293294,-0.01413919,0.024892325,-0.0028494706,0.14117457,-0.003812436,0.17968898,0.1252048,-0.0031629724,0.012527408,0.011130005,-0.0059440765,0.09030294,0.09856799,0.021180421,0.41477412,0.0098776445,0.29156196,0.05497022,0.06320576,0.102282,-0.00999553,0.22584033,0.08917229,0.13620524,0.3203875,-0.00046314616,0.2721295,0.06068465,-0.014069599,0.5242263,0.24085218,-0.018616723,0.15115169,0.42487076,-0.002152196,-0.010690826,0.37738472,0.23296112,0.068559244,0.0689677,0.57514954,0.04723341,-0.0064932527,0.12812614,0.1509238,0.07632701,0.29705247,-0.013601907,-0.0075699138
TCGA-BR-8078,-0.016956909,0.08286454,-0.0065400265,0.19444977,-0.020259995,-0.0015072649,0.6017949,0.83761966,0.19075307,0.15018891,0.013053624,0.76242554,0.2585006,0.23260131,-0.009835376,-0.0097524505,0.16863132,-0.019509409,0.26020592,0.20490503,0.12714414,0.16375506,-0.017973363,0.040941335,-0.0066555687,0.004134435,0.25060183,0.1978418,0.13924569,0.6873667,-0.012632014,0.27817586,-0.006300016,0.024498157,0.1077314,0.015372399,0.2382187,0.08339758,0.03342021,0.13832824,-0.0059571415,0.13343076,0.19566253,-0.009163915,0.72689676,0.057596676,-0.01306731,0.21075094,0.5550367,0.01297614,-0.0022075765,0.6887174,0.104134165,0.2039153,0.10900238,0.69897735,0.09243718,-0.010888339,0.19134097,0.20244637,0.55592304,0.5030342,-0.006424773,-0.012828571
TCGA-BR-8080,-0.0017002646,0.0034234934,0.07187606,0.050269827,-0.003000412,0.0035454684,0.3823433,0.3972104,-0.005155196,-0.006471522,-0.0016639708,0.04789247,0.12449841,0.17031854,-0.004081568,-0.001618442,0.05555886,-0.0062913573,0.13886301,-5.5248664e-05,0.057387125,0.045007348,-0.0050530657,0.05473801,-0.0015516665,0.0032079406,0.14625058,0.08708526,-0.0027370423,0.35742128,-0.00792528,0.12087654,-0.0030974206,0.12632298,0.122549236,0.04158728,0.19862644,0.013499958,-0.008052158,0.17297672,-0.0064404802,0.15326999,0.048360914,-0.01070293,0.4183273,0.17123835,-0.0017121185,0.10970542,0.35893962,-0.0047205603,-0.0026760423,0.31479377,0.028515216,0.091779545,-0.00045055524,0.32548392,0.12980755,-0.007613624,0.061731983,0.079361945,0.05893226,0.25810704,-0.0075548287,-0.004746837
TCGA-BR-8081,0.030628484,0.03381383,0.061157823,0.09188388,-0.0058206557,0.038233735,0.50370115,0.7402106,0.04619288,0.040204305,-0.0072497264,0.27475718,0.2703903,0.27486655,-0.007831006,-0.0047098985,0.076254286,-0.0075722793,0.22110443,0.15853797,-0.004609525,0.09444463,-0.017727245,0.033848878,-0.0052755806,0.019674655,0.23143154,0.16424105,0.09126385,0.5415987,0.033138398,0.23466615,-0.0014640637,0.15669635,-0.0003237717,0.10605202,0.28355065,0.024878532,-0.0099639315,0.23981497,-0.0068672555,0.1673398,0.1563812,-0.009906696,0.71306324,0.11865936,-0.011461088,0.16670372,0.55084795,0.018476546,-0.00856043,0.5055254,0.05058103,0.13084185,0.026552323,0.49547464,0.20584273,-0.0024919717,0.20635276,0.16772833,0.052141737,0.46899813,-0.0018955519,-0.0062525943
TCGA-BR-8284,-0.005214154,0.050031014,0.03745647,0.0483336,-0.009048858,-0.0040977574,0.37877393,0.54790795,0.0376317,0.0022308454,-0.0007081572,0.20349586,0.23496985,0.21843626,-0.005753518,0.0022722445,0.11690548,-0.01069367,0.19916803,0.062248096,0.006924885,0.13546845,-0.010268182,0.036724515,-0.01003728,0.031929117,0.1693443,0.1443364,0.038223602,0.5001141,-0.005956263,0.16970602,-0.0015928254,0.12291295,0.08157748,0.101876415,0.30533934,0.0732394,-0.0038812736,0.25650883,-0.007484355,0.17771438,0.05953513,-0.006219404,0.5369904,0.16725771,-0.0077253315,0.07450089,0.42512724,0.016506225,-0.0053548752,0.4575429,0.08180932,0.07853513,0.020704366,0.45291066,0.11499353,-0.009900932,0.17910874,0.115902536,0.17534277,0.3714629,-0.0049400325,-0.008757352
TCGA-BR-8286,-0.010457835,-0.0003561534,-0.0048870584,0.2445467,-0.0039561363,0.10892036,0.4924776,0.73224133,0.115463674,0.1152693,-0.0037658096,0.29718757,0.18821451,0.36927348,-0.012142342,-0.01679406,0.013634382,0.0140840355,0.05983439,0.02764179,0.012549918,0.11105698,-0.021162907,0.003951177,-0.014125923,0.0010435246,0.26219296,0.2529899,0.18183362,0.585871,0.26915133,0.33220014,-0.009429545,0.26897743,0.04944841,0.1876525,0.2834539,0.06601669,-0.011333065,-0.0014156018,-0.016126694,0.22711936,0.22274095,-0.0006572593,0.6032394,0.08350954,0.025349239,0.23390308,0.42793164,-0.0013077289,-0.009707048,0.57136375,0.04129115,0.22283837,0.02429058,0.7082917,0.1578292,-0.011454786,0.095328584,0.45439297,0.3686346,0.42169327,-0.012881966,-0.021134187
TCGA-BR-8289,-0.0050075254,0.05394635,0.10372091,-0.0029095458,-0.010360219,0.0089238025,0.52246356,0.61647344,0.015762735,0.030983929,-0.0025203663,0.18132107,0.24847731,0.25002354,-0.0063995034,0.06554993,0.15253621,-0.013005311,0.258852,0.05932755,0.13961166,0.11380793,-0.006165362,-0.0009361826,0.035160676,0.071475014,0.22614446,0.19343498,0.027269922,0.54588014,-0.0015478916,0.2296867,0.06822275,0.13455692,0.16612045,0.17947853,0.38829306,0.039856188,-0.0067565213,0.25271764,-0.0006299416,0.1728023,0.10631725,-0.0054981965,0.51821136,0.13304704,-0.0022571906,0.13035864,0.48928142,-0.0022710387,-0.00972451,0.51271844,0.046130072,0.13613927,0.026407007,0.43585902,0.1474462,-0.005125472,0.027840879,0.067324124,0.2817122,0.37053043,-0.008058561,-0.007628113
TCGA-BR-8291,0.053627793,0.057019737,0.09330438,0.12406868,-0.0047433777,-0.0024565526,0.673026,0.79004514,-0.0011523638,-0.009582847,-0.005760354,0.08364343,0.32983592,0.27778363,-0.005583135,-0.0022183675,0.16800405,-0.020265095,0.38791278,0.10085127,0.14457737,0.10139787,-0.009822589,0.05237954,0.03358914,0.14996289,0.24244833,0.114474595,0.0033247918,0.56347656,0.03801054,0.22759138,-0.0031498435,0.19680354,0.22612476,0.1207537,0.46762115,-0.0026914706,-0.00095700717,0.31303537,-0.00035242867,0.2683891,0.22452745,-0.015843261,0.82487524,0.24740651,-0.0026851203,0.30420348,0.7880212,0.030214466,-0.0074548796,0.65864867,0.022215512,0.13032177,0.06135753,0.59349215,0.23288415,-0.006601813,0.17208603,0.16922492,0.11106623,0.5414669,-0.009576389,-0.0063826577
TCGA-BR-8295,-0.04282291,-0.016186198,-0.006856905,0.25102717,-0.036725137,1.0374815,0.45582402,-0.038864493,0.89886665,-0.0052868677,-0.016377812,1.6835359,1.1264137,-0.014490354,0.43707594,-0.05385642,0.013632169,-0.055728246,0.231812,-0.09545469,-0.010849826,-0.019617975,-0.021651777,-0.008781042,1.479795,-0.00018340834,0.6649765,0.516885,-0.03057966,0.3247121,0.7246806,-0.012090736,-0.020004792,0.008084843,-0.0014104516,0.83943826,-0.00076773914,-0.037593495,-5.559735e-05,0.6805191,-0.046683405,-0.058759905,-0.071349435,-0.040428635,1.4140155,-0.0073215687,0.58015496,0.32457948,0.78844976,0.034370795,1.0543354,0.2893138,-0.0014470887,0.05824665,-0.048664667,0.5475539,-0.031294268,0.051047824,0.42810333,-0.024001522,0.9354723,0.87184143,-0.026655963,-0.048416927
TCGA-BR-8296,-0.013812286,0.04635754,-1.1728611e-05,0.07527855,-0.008847511,0.090537645,0.5521941,0.9787967,0.07953872,0.2111858,-0.011472638,0.46938878,0.33497652,0.33574337,-0.0008404501,-0.008769204,0.1779986,-0.015926821,0.172918,0.2323554,0.12600447,0.20089015,-0.01188826,0.050445426,-0.0006958958,0.12556344,0.22315711,0.019514833,-0.011126923,0.6704337,-0.016706979,0.4657713,0.016355608,0.03526593,0.16125794,0.14474514,0.37286052,0.27164888,-0.0023425613,0.22011685,-0.002304645,0.31472754,0.23504013,-0.01848932,0.75897706,0.24451655,-0.007274249,0.1347574,0.6500171,0.0941747,0.0043452373,0.7234123,-0.0015073624,0.2001704,0.05866142,0.48950362,0.08580421,-0.010162561,0.18306299,0.23283994,0.206518,0.4287861,-0.015088658,-0.016451953
TCGA-BR-8297,-0.0063143703,0.023372564,0.042933673,0.006577706,-0.001552849,-0.00031513465,0.2650029,0.29767194,-0.0038639896,-0.0019548119,-0.0014525173,0.054842714,0.061592273,0.14132774,-0.002001845,-0.002710693,0.022370426,-0.003890448,0.08899461,0.0055419914,0.002323681,0.02691561,-0.008433371,0.02638047,-0.005500481,-0.003716021,0.05833719,0.070103236,-0.0025181759,0.27220058,-0.006202171,0.122903354,-0.0036460382,0.08558295,0.057974752,0.0070467927,0.14187886,0.0032330751,-0.0045531727,0.08073641,-0.0050601363,0.102578685,-0.0023907411,-0.003661266,0.3025723,0.11113673,0.0030139126,0.037689,0.2047071,-0.004636967,-0.0007729246,0.20244575,0.03502798,0.05006569,-0.0031665682,0.25899696,0.06435647,-0.005256773,0.052075844,0.07694398,0.036906965,0.15906292,-0.0015805804,-0.0040451074
TCGA-BR-8361,-0.0022515145,-0.003481527,-0.010941693,0.12231861,-0.02758505,0.1289049,0.48922592,0.84895825,0.2405796,0.0028731246,0.01179062,0.7167528,0.33574933,0.25559118,0.02484569,-0.017292073,0.17544898,-0.013229287,0.21908762,0.07617281,0.17781992,0.07029704,-0.010228479,0.15880884,-0.0016585187,0.16251317,0.10330593,0.11609273,0.12923047,0.7916709,-0.006332299,0.24770902,-0.004493279,-0.0045180297,-0.00020552128,0.12031036,-0.0011651966,0.05975129,0.08799839,0.08265984,-0.00029936564,0.16612782,0.12038493,-0.012421182,0.81668425,0.16322705,-0.014933827,-0.00093728566,0.63856226,0.012385994,-0.003966149,0.63383543,-0.0028574315,0.23754656,-0.004730045,0.72107565,-0.0031853176,-0.013310592,0.43532813,0.25221297,0.20950037,0.5409548,0.030763729,-0.010737339
TCGA-BR-8362,-0.0014335372,0.01658277,0.025508892,0.041030876,-0.007843458,-0.0019339873,0.4248426,0.48670724,0.00012345985,-0.0062926905,-0.004739247,0.14591838,0.17387949,0.22131602,-0.007444286,0.018163644,0.122629136,-0.0048169615,0.1930579,0.029157402,0.037748218,0.047384337,-0.00798844,-0.00045578927,-0.00033822507,-0.0058257952,0.19574156,0.12910098,0.020303942,0.45525515,-0.0020381499,0.18401964,0.0057234764,0.11840025,0.12776656,0.041342877,0.23068014,0.014919317,-0.006009476,0.21518785,-0.010376726,0.15313572,-0.0009491386,-0.004085518,0.46112713,0.13322943,-0.004560722,0.0802826,0.41571236,-0.0008262694,-0.006882881,0.40924639,0.018744156,0.120272435,-0.0019569087,0.42337692,0.13415927,-0.005573265,-0.00010010256,0.06434443,0.08161398,0.29653957,-0.0032585883,-0.006859049
TCGA-BR-8364,-0.002177891,-0.0003203597,0.11565026,0.0037009027,-0.0036557713,-0.0044187177,0.45121062,0.42462015,-0.006529507,-0.010624252,-0.00722361,-0.0023904208,0.15183397,0.17349756,-0.0044977246,0.055270202,0.07913083,-0.009222372,0.20073004,-0.0017144434,0.13083924,0.0490472,-0.011035829,0.0322744,0.0025594532,-2.238378e-05,0.18697381,0.06744915,-0.0016044058,0.37887424,-0.00041942188,0.15772453,0.0009390488,0.13939933,0.1720846,0.053661354,0.2632701,-0.004041936,-0.005555661,0.27613527,-0.006729338,0.15796636,-0.00034749173,-0.008573904,0.46348238,0.19958475,-0.0015950174,0.1735284,0.43616256,-0.0050833863,-0.00067080994,0.3485133,0.022309277,0.1349358,0.017061558,0.36466813,0.14226492,-0.004172485,-0.002665395,0.07425917,0.0039756596,0.31327042,-0.0044413195,-0.003476383
TCGA-BR-8365,-0.0047984226,0.036405,0.07821299,0.009434463,-0.0022574477,-0.003262547,0.3094411,0.35200253,-0.0062450743,-0.003864513,-0.0027369855,0.019489724,0.0972791,0.14819866,-0.0013330401,0.008465517,0.020607432,-0.0061251074,0.14948489,0.011685604,0.02337062,0.056551304,-0.010227903,0.03432882,-0.0019347735,-0.004500266,0.10851704,0.05966978,-0.00071307796,0.2991367,0.011140365,0.13363248,-0.0029203342,0.10746322,0.13204964,-0.0010269027,0.14623775,-0.0009764155,-0.0029194395,0.2131609,-0.0051508727,0.121222064,-0.005639904,-0.0021116105,0.35740218,0.15461385,-0.00026547798,0.101384744,0.2969525,0.002256468,-0.0018562891,0.27296042,0.058355227,0.041263778,0.0042865947,0.29309255,0.07831221,-0.003919834,0.052172597,0.08535425,-0.00019701254,0.20669506,-0.0021082757,-0.0028942132
TCGA-BR-8367,-0.0033590675,0.014183277,0.033320453,0.03619101,-0.0029346128,-0.00044508473,0.3195936,0.3564365,-0.0035380211,-0.009877342,-0.0024990092,0.068432264,0.13587455,0.16991606,-0.0035728891,-0.0015719038,0.04862327,-0.007866426,0.14757372,0.016189637,0.022937704,0.060720947,-0.008594773,0.023160297,-0.0008646723,-0.0031551763,0.117826454,0.08329107,-0.00013503284,0.31372675,-0.0023673256,0.13778378,-0.0054277573,0.07385425,0.097218305,0.014232222,0.16507627,0.04049897,-0.0022757072,0.18659548,-0.007058458,0.113851726,-0.0052499627,-0.004245821,0.332744,0.17026305,-0.00038260446,0.09224105,0.30440822,-0.0007906258,-0.00295197,0.3238778,0.0036175363,0.07554478,-0.0006934345,0.3402779,0.077329405,-0.0054536806,0.0370474,0.09192879,0.06860877,0.2243602,-0.003245397,-0.006242152
TCGA-BR-8368,-0.0046226806,0.096621394,-0.012018386,0.15940312,-0.019442562,0.16902906,0.43475145,0.79011345,0.17651096,0.18206012,-0.0028045843,0.6465337,0.21095103,0.32150397,-0.0023045125,-0.0063635632,0.29744282,-0.011745359,0.23563947,0.26372683,0.09006582,0.14708984,-0.011460699,0.10995458,-0.003585678,0.05682369,0.07504489,0.14558715,0.1219401,0.6918158,-0.0034633453,0.23899777,-0.0017961406,0.08539608,-0.00043470637,0.09589764,0.15413263,0.16387472,0.069338396,0.088813424,-0.0048716543,0.08714881,0.05191134,-0.006106696,0.62501323,0.15169948,-0.013966429,0.016720235,0.4747592,-0.0037513503,-0.0059352843,0.6395064,0.012135915,0.16104239,0.040495995,0.6355067,0.036511622,-0.017540036,0.2680816,0.17503662,0.36892307,0.500499,-0.0015428618,-0.0059145065
TCGA-BR-8369,-0.0039201165,0.003009946,0.10414746,0.025679795,-0.0041406266,-0.00074889854,0.4121123,0.4582232,-0.004848744,-0.0064042555,-0.0034114586,0.04440975,0.16642658,0.19336294,-0.0071430937,0.020673491,0.05911155,-0.007635645,0.20901445,0.0409671,0.0385428,0.0143284695,-0.0039753085,0.0014186203,-0.0007152453,0.00031686202,0.15760288,0.08280368,-0.00018922612,0.36819118,-0.0018457866,0.22754212,-0.0023927034,0.10868601,0.16445276,0.0021290705,0.23646212,0.06363745,-0.002809345,0.2187964,-0.0074572093,0.17536137,0.08074616,-0.010948034,0.49080527,0.1780405,-0.0012471069,0.12941757,0.44484666,-0.00074685813,-0.0021980142,0.35993737,0.024003316,0.08437027,0.0111537315,0.381464,0.17172149,-0.0056101787,0.0615665,0.09055409,0.05031914,0.33331528,-0.008665669,-0.0058819074
TCGA-BR-8371,-0.0071915286,0.03470461,0.13968788,-0.0023903009,-0.0076048495,-0.0027798656,0.34828877,0.4253479,-0.012204522,-0.013334857,-0.0071866447,0.020506963,0.17274165,0.20534602,-0.0021810683,0.050758265,0.017145598,-0.0042539435,0.1373476,-0.0002541015,-0.004935027,0.06614945,-0.010271668,-0.0028223568,-0.00012045652,-0.007421034,0.16627866,0.040294923,0.007639326,0.35669118,0.00795107,0.2418998,-8.672737e-05,0.12653333,0.107534036,0.031020977,0.22386073,0.017739289,-0.007238272,0.34290156,-0.0057101673,0.14890659,-0.012546191,-0.0045606648,0.42557362,0.19319874,0.030992378,0.08082175,0.36340895,0.030606903,0.00054758694,0.30764574,0.06777799,0.022653768,-0.0016288981,0.31854528,0.12805371,-0.00673792,0.05016226,0.053886972,-0.0022810816,0.23097663,-0.0014784526,-0.0027809907
TCGA-BR-8372,-0.006088674,0.021412762,0.027090568,0.03531327,-0.011530952,0.07125662,0.32469836,0.5635998,0.0769016,0.04855869,0.019172927,0.33012438,0.18139546,0.17844415,-4.7739595e-05,-0.0023694912,0.12573504,-0.010859617,0.2039144,0.054265857,0.06936889,0.1291196,-0.010526505,0.024242809,-0.00067359285,0.08640118,0.09990778,0.1535537,0.035532378,0.5184148,0.0013953671,0.18176623,-0.0006756593,0.028877828,0.0680977,0.064226806,0.17680839,0.07739298,0.0151978545,0.08399354,-0.0051935576,0.1162568,0.014248731,-0.004067836,0.5208384,0.16224352,-0.00878527,0.05532097,0.38762853,-0.0031685717,-0.0010254517,0.41404176,0.07456599,0.14757907,0.020773415,0.46044385,0.04329024,-0.006957584,0.13639817,0.16784829,0.24970189,0.3525651,-0.0038119548,-0.008004482
TCGA-BR-8373,-0.0025808637,0.13107456,0.044597887,-0.0012281248,-0.0057819574,-0.007815938,0.51752806,0.6280483,0.050916504,0.0138048045,-0.013282272,0.29528636,0.25938588,0.32923687,-0.003628575,0.044654362,0.1915869,-0.0084325895,0.36657125,0.091569416,0.06643558,0.1218614,-0.017894888,-0.00040357746,-0.0037475594,-0.0002248969,0.18837348,0.1586338,0.10227751,0.5473618,0.006958287,0.23163058,0.01223851,0.12635337,0.1852534,0.085806094,0.3501132,0.005680266,-0.0025658526,0.19947195,-0.002301588,0.20495021,0.063437566,0.03296533,0.5747036,0.19569156,-0.0008798834,0.14750713,0.50723684,0.030359946,-0.0041581634,0.6128312,-0.0027642709,0.134386,0.06064109,0.5561288,0.079991594,-0.0070308256,0.16679566,0.064635,0.2847651,0.40569034,-0.0014736636,-0.009756406
TCGA-BR-8381,0.031074908,-0.0026374143,-0.0009150195,0.011409653,-0.0002741662,0.023283258,0.5778408,0.56055176,0.03330164,-0.0010323573,0.027030764,0.19437386,0.24982634,0.19990295,-0.012711033,-0.004231531,0.11217275,-0.010764873,0.17467298,0.0024303962,0.0062295604,0.0411749,-0.002311001,0.04438409,-0.0042373054,0.0043867566,0.20256606,0.12997529,0.012253307,0.5835523,-0.009031368,0.27102795,0.008316323,0.17698288,0.091177694,0.11241811,0.22687176,0.10185641,-0.0019613467,0.20780355,-0.009591365,0.25599602,0.10713163,-0.015757931,0.6744555,0.13216227,-0.007531999,0.06449813,0.50964177,-0.0062895357,-0.008978152,0.4857688,0.073554754,0.15451857,-0.0024981294,0.563096,0.13239914,-0.0050676484,0.19467054,0.031749964,0.10650987,0.45075825,-0.011001293,-0.007045269
TCGA-BR-8382,-0.009199115,0.02420532,0.10166799,0.051087096,-0.004817089,0.069382735,0.4808051,0.58483243,-0.00072477426,0.055665918,0.0016515385,0.3198067,0.13054916,0.23158166,-0.0050690705,-0.008410557,0.049861133,-0.019387906,0.18496849,0.0546799,0.054060772,0.081397496,-0.011502112,0.039895415,0.007628821,0.054655243,0.2172356,0.10883918,-0.0051529584,0.5216037,-0.009330647,0.23068763,-0.005163097,0.10241879,0.1517326,0.06103147,0.19072886,0.081459954,-0.0048348564,0.15965165,-0.0071158945,0.12318178,0.17639789,-0.0158861,0.57251143,0.18633166,-0.004121551,0.16679221,0.48898658,0.008298188,-0.0035962171,0.6003119,-0.00043452086,0.20677218,0.041541193,0.42711776,0.17188299,-0.009609692,0.14382942,0.14882265,0.22150263,0.479165,-0.010331866,-0.014254081
TCGA-BR-8384,-0.010427657,0.017148867,0.12084718,-0.0019270713,-0.0022264686,-0.0030403233,0.26919895,0.29387408,-0.0060868626,-0.0045432127,-0.0023910853,0.003290533,0.05610957,0.10837461,-0.0013623358,0.008926388,0.06500137,-0.0054821298,0.12800682,-0.0017468221,0.043050237,0.026295453,-0.011308852,0.042750344,-0.0038127254,-0.005358551,0.06043183,0.050299957,0.01336199,0.24604134,-0.0031425778,0.09058684,-0.0039845905,0.100472026,0.12061921,0.01883708,0.20251241,-0.003035754,-0.0018553572,0.09383175,-0.004475894,0.0644823,-0.0071428954,-0.0007885583,0.29379827,0.12575777,0.0047638975,0.053428248,0.23619239,-0.0042962283,-0.0008514587,0.23293911,0.046686932,0.044143554,-0.005051949,0.2503252,0.06533093,-0.0069922595,0.033525545,0.06345591,0.056794185,0.1726543,0.0021674186,-0.0048520486
TCGA-BR-8483,-0.0047158687,0.033689007,0.039399855,0.085627824,-0.00069354166,0.045311946,0.45060468,0.47437057,0.023065444,0.027888011,-0.0042452896,0.16768499,0.18583073,0.1517981,-0.0060820323,-0.004578092,0.084483385,-0.010205178,0.17574513,0.047204383,0.046231575,0.047505785,-0.0071192407,0.05833496,-0.0019693032,-0.0024103809,0.12492194,0.044108395,0.023065291,0.42756516,-0.0008686643,0.27801362,0.016130805,0.10821407,0.10598807,0.039410926,0.2010821,0.09404419,0.005411282,0.1697865,0.00042737462,0.12006862,0.011790333,-0.006704846,0.43177402,0.14338893,-0.0036127444,0.04455123,0.37240228,0.030091032,0.0012670634,0.4161579,0.12817098,0.118959956,0.006478183,0.3897004,0.061614744,-0.01239474,0.024008788,0.14274657,0.22568542,0.29998755,-0.0036362463,-0.0055059353
TCGA-BR-8484,-0.011312479,0.049040508,0.04669078,0.09335296,-0.00682795,0.09178316,0.38836986,0.51466703,0.036760475,-0.002457728,-0.009005172,0.3528301,0.23522148,0.23953354,-0.00080045685,-0.008519445,0.14148797,-0.017113535,0.17097637,0.078991614,-0.0002810747,0.096645586,-0.01384061,0.038242552,0.0023867935,0.04222982,0.13033,0.15745285,0.0041399896,0.5561147,0.008372057,0.27772787,-0.0025624756,0.06277136,0.13954264,0.079051256,0.22801462,0.12704074,0.05241565,0.21368375,-0.012866956,0.20211297,-0.0008356603,-0.0020129743,0.56407666,0.1973157,-0.0062679085,0.011193369,0.51045114,0.03311538,-0.0021771488,0.52899015,0.06338869,0.10727894,-0.0040327758,0.5647415,0.01294834,-0.0069351704,0.23591325,0.07815866,0.22347775,0.48787668,-0.006463709,-0.01112852
TCGA-BR-8485,-0.0060211304,0.034365166,0.011074231,0.14979349,-0.005901744,0.017416772,0.45724857,0.6761846,0.18129134,0.123324126,-0.00658523,0.43029237,0.24128851,0.3217806,-0.004831187,-0.010228423,0.1614497,-0.00768604,0.26854512,0.12549673,0.19336294,0.14678258,-0.016301394,0.029762957,-0.007557541,0.025835786,0.052290864,0.114089794,0.17483285,0.5154575,0.01706265,0.20045538,-0.0032214285,0.18820074,0.14898463,0.06577964,0.22303176,0.10235341,-0.00034408085,0.07086329,-0.012387412,0.15529798,0.14844258,-0.008235957,0.682896,0.1351161,-0.004464634,0.114019394,0.54191965,0.00013442338,-0.006022943,0.65539294,0.02708627,0.18923482,0.10109167,0.60764354,0.0022078454,-0.010415876,0.24551237,0.15010172,0.39051428,0.50097287,-0.008430566,-0.011705286
TCGA-BR-8487,-0.012031986,0.08895576,-0.0053382274,0.16122822,-0.014130567,0.0792067,0.38148773,0.7276233,0.09092075,0.11678679,-0.010249609,0.4247567,0.20298657,0.22683266,0.03654457,0.03979241,0.18220899,-0.015230462,0.19026892,0.15639748,-0.0030059002,0.15744427,-0.008581276,0.14069687,-0.0056002336,0.04213931,0.13585731,0.1552656,0.037826553,0.64294255,-0.009709174,0.22119604,0.012325533,0.06292851,0.033557706,0.059200935,0.18786317,0.04152678,0.00074792653,0.10507958,-0.0018539634,0.13764443,-0.0043444755,-0.0051467223,0.6363888,0.16993082,-0.019550592,-0.0006806128,0.5375026,-0.0055945828,-0.0019370228,0.5507383,-0.0076285615,0.23353064,-0.003849264,0.53998303,-0.0010748396,-0.0094684735,0.24118449,0.17374672,0.18229616,0.4238699,0.077107914,-0.015496668
TCGA-BR-8588,-0.0019047324,0.07567449,0.09125363,-0.001722678,-0.0065108575,0.007741469,0.5416066,0.612064,0.013754707,-0.0011476275,-0.009398399,0.13097171,0.16803578,0.23180221,-0.010955844,-0.0042492435,0.16939028,-0.0115214195,0.21724427,0.04107754,-0.0008692896,0.041487813,-0.011499734,0.006772153,-0.0002461657,0.068537176,0.1505579,0.028669313,-0.0003179025,0.54359937,-0.0035428952,0.13415585,-0.006087185,0.16730657,0.07168874,0.14301106,0.24896175,0.03294082,-0.00505943,0.14240569,-0.008041458,0.20341262,0.091496974,-0.018064864,0.61324143,0.12075392,-0.008936564,0.12944114,0.4905559,-0.0038859423,-0.010420062,0.50825095,-0.0013393265,0.16848591,0.027710166,0.4325438,0.14387806,-0.0009277899,0.21997945,0.04464303,0.09914883,0.41247463,-0.0009577211,-0.006041237
TCGA-BR-8589,0.007290274,-0.007832358,-0.01262442,0.20875667,-0.013116481,0.12745751,0.46250725,0.6214416,-0.00036238247,0.036815554,0.0015208069,0.4079466,0.18642522,0.37562358,-0.0023757052,-0.017525395,0.1587458,-0.009189687,0.005618605,-0.010941305,0.03297446,0.118505776,-0.006092488,0.008228876,-0.012985418,0.13344817,0.11661453,0.22438979,0.10367002,0.74631023,-0.00036697203,0.20146833,-0.009529936,0.22669375,0.050122596,0.09534749,0.16289824,0.20230427,-0.00066213537,0.02952503,-0.0090008555,0.04722247,0.009084569,-0.016862154,0.65687704,0.06920201,-0.009132126,0.033787265,0.47749954,-0.007534336,-0.011195926,0.6179492,0.044675086,0.07796259,0.15537745,0.5727563,0.059075683,-0.016898042,0.32175922,0.11954594,0.35372907,0.5271586,-0.01165218,-0.008677701
TCGA-BR-8590,-0.0066541256,0.018987237,0.096053824,-0.000116558935,-0.0042334897,0.016461926,0.304296,0.3089762,-0.004478937,-0.0010081265,-0.0045170537,0.055897642,0.072507285,0.15242203,-0.0052977293,-0.0015043095,0.0641083,-0.002797532,0.1037417,3.67146e-05,0.041875422,0.022860426,-0.009626592,0.01117887,-0.004270937,-0.0033316598,0.10059173,0.07184524,-0.0015742071,0.3047462,-0.004359042,0.1506252,-0.0040171687,0.091480345,0.13802874,0.03220483,0.16204083,0.03421252,-0.004217955,0.133934,-0.0075627626,0.112505674,-0.0011247101,-0.007187565,0.3601362,0.1193638,0.022635296,0.054722235,0.2881491,-0.0018620797,-0.0014042999,0.28646177,0.05608958,0.08161919,-0.0041375034,0.2999136,0.074560285,-0.0057498026,0.036972474,0.07303567,0.07731838,0.19049698,-0.0021599976,-0.0048166667
TCGA-BR-8591,-0.007086444,0.026205286,-8.188756e-05,0.05955346,-0.0066417414,0.044374503,0.4065463,0.4461214,0.0010007843,0.04132599,-0.0029499216,0.19701502,0.09261134,0.14664343,-0.0043042363,-0.0062445477,0.086413324,-0.009042528,0.110786974,0.01154449,0.027530566,0.014301532,-0.006397216,0.05650633,-0.005554461,0.022151705,0.1083279,0.11857715,-0.0006095745,0.42777604,-0.007513868,0.15834995,-0.004000991,0.09704719,0.1034766,0.02673649,0.09691556,0.09229526,-0.0011139922,0.08410871,-0.008905281,0.13681065,0.038377933,-0.009585425,0.46091762,0.097976476,-0.006215067,0.042503357,0.38817105,-0.0041721785,-0.0029415586,0.35226113,0.023752902,0.1438373,0.008067008,0.382236,0.034293704,-0.00807518,0.14163354,0.11791672,0.13877207,0.27184758,-0.004356298,-0.0050587067
TCGA-BR-8592,-0.0073928633,0.024962185,0.10935995,0.020015223,-0.0037088972,-0.0034513925,0.32842952,0.38908935,-0.0072196247,-0.0044009415,-0.0051817796,0.022716064,0.12737784,0.15642199,-0.0033253513,0.006443575,0.031080907,-0.004994798,0.14165978,0.025514798,0.06254851,0.047016647,-0.008794169,0.03271885,-0.003769648,-0.0024405736,0.11985842,0.07312733,0.004052896,0.34445196,0.0058526658,0.1421627,-0.0025151013,0.11831681,0.113660455,0.051080473,0.18529803,0.014767172,-0.0033584293,0.19827163,-0.0056002396,0.120153144,-0.0043920726,-0.0046577468,0.4138829,0.15328166,-0.0010921865,0.07330858,0.3700643,-3.3693017e-05,0.003527145,0.3181693,0.059807204,0.075677775,-0.0027176854,0.34025377,0.086016566,-0.0065112547,0.046658833,0.09135085,0.024743522,0.2575923,-0.0015561915,-0.0039900714
TCGA-BR-8676,0.02766667,0.029246252,-0.0020905447,0.38043767,-0.018183539,0.24017383,0.745711,0.6978232,0.493944,0.11867294,-0.0004294278,0.97168595,0.3010914,0.35218224,-0.03321063,-0.027005047,0.22391552,-0.021961933,0.28293476,0.066904955,0.2919086,0.15225452,0.05796536,0.060155906,-0.011100249,0.33362287,0.06054867,0.23442775,0.39987656,1.0259447,0.15445715,0.2130708,-0.0045576044,0.25333706,0.008567039,0.2860897,-0.002124505,0.41357976,0.123626396,0.004313264,-0.021112353,0.2628432,0.34252906,-0.021420045,1.0018623,-0.0067743585,-0.02272341,0.0836837,0.57221335,-0.0025979963,-0.017747046,0.840177,0.24924316,0.33670813,0.09958252,0.9376566,0.021681858,-0.017222097,0.557726,0.10963741,1.0269316,0.83435124,-0.019839402,-0.025617335
TCGA-BR-8677,-0.009967582,0.07954495,0.13345315,0.12465727,-0.0039833467,-0.0063428595,0.6570674,0.78592783,-0.006254518,-0.005326203,-0.016083272,0.06184533,0.26756915,0.26623693,-0.0035042097,0.08516688,0.15584716,-0.009472578,0.37021223,0.07302517,0.11122338,0.05451591,-0.010302142,-0.0021931068,0.032697327,0.024177242,0.27304208,0.053853963,0.013683967,0.54779714,0.10490154,0.3000324,0.0034585334,0.21994957,0.2816238,0.0724396,0.47087064,0.022075672,-0.0062738257,0.30340996,-0.009831193,0.33244908,0.15699857,-0.01464262,0.77312195,0.22075856,-0.00878444,0.3193229,0.8013907,0.0023051575,-0.0019656406,0.64463955,0.04929447,0.17937225,0.1096648,0.59855664,0.20996,-0.005030104,0.10683977,0.09024961,0.067872584,0.60775477,-0.012017569,-0.011909301
TCGA-BR-8678,0.054294217,-0.012933741,-0.013630214,0.57281035,-0.0121745495,0.11224251,0.8536021,0.78926355,0.25924024,0.16118132,-0.004004815,0.8573571,0.27108955,0.19807918,-0.01839898,-0.0026787526,0.343385,-0.019262135,0.43300432,0.2739942,0.25193962,-0.008271261,0.13404074,0.07881152,0.036937267,0.10350704,0.3593011,0.14467642,0.032448553,1.0172217,-0.0018810075,0.10197394,0.2386097,0.43750212,0.16372679,0.08972446,0.3378101,0.044648625,0.24779156,0.12541638,-0.013343415,0.27709988,0.5061228,-0.002157107,0.862818,0.109810784,-0.02439594,0.5805484,0.7184933,0.041635774,0.063418046,0.89720494,0.46382734,0.18282789,0.27649748,0.713799,-0.003410505,-0.0009926334,-0.0026890773,0.28821597,1.1285182,0.6029159,-0.008814564,-0.015216695
TCGA-BR-8680,0.004133377,0.11764251,0.011190572,0.25062448,0.09575767,-0.003783581,0.42884463,0.68136925,0.16856581,0.013235394,-0.009076268,0.31011128,0.06806889,0.2546159,-0.008594194,-0.007226953,0.18444481,-0.0048450464,0.37617978,0.035295896,0.03022867,0.05838922,-0.003238459,0.08078523,-0.0019128151,-0.0009983805,0.10058921,0.028038211,0.03235706,0.58365977,0.093812495,0.086101495,-0.0016041233,0.21646899,0.22753185,-0.0064819315,0.3167117,0.15529299,-0.004592094,0.2258147,-0.012708351,0.23110619,0.17842597,-0.0129330475,0.6432909,0.14498174,-0.018701661,0.14580391,0.5360309,0.0026894137,-0.011426743,0.7132258,0.02854758,0.24084762,0.23738378,0.6366759,0.063643254,-0.0113448715,0.1519988,0.10278976,0.4232481,0.48354068,-0.0040174904,-0.014809883
TCGA-BR-8682,-0.010472546,0.05769749,0.042104036,0.06424546,-0.010161876,-0.0028133665,0.2471419,0.4455851,-0.005398105,0.027463745,-0.008742192,0.078557186,0.067708865,0.16970244,-0.0006146323,0.06136953,0.07949813,-0.006097456,0.11243262,0.03163579,-9.995792e-06,0.10430248,-0.01414187,0.05743653,-0.009799491,-0.0035238152,0.16349438,0.07495903,0.0048582293,0.38603187,-0.0021397446,0.10651026,-0.004104842,0.14054787,0.06276785,-0.0022775964,0.20372394,-0.0032262974,-0.00742438,0.1745924,-0.00626418,0.029720586,-0.01689485,-0.001235769,0.38255626,0.13792056,-0.0053871153,0.0081662275,0.36228582,-0.0035675894,0.0010380922,0.3206258,0.0003341101,0.09689449,-0.0018949729,0.3073231,0.0072537903,-0.010608427,0.15175794,0.04874026,-0.0027120344,0.23446156,0.07141198,-0.007258308
TCGA-BR-8683,-0.009103444,0.066140234,0.02764193,0.09053908,-0.0010265526,0.0112683335,0.34645748,0.4220122,-0.00079641456,0.078658745,-0.0063096844,0.13201635,0.09363505,0.13318932,-0.0043826457,-0.00046256857,0.046984002,-0.002888134,0.11823546,0.0358755,0.008821603,0.056409832,-0.01343923,0.05444521,-0.005427019,-0.0013695796,0.13176876,0.111794814,-0.0016260188,0.38450372,-0.002712299,0.14989495,-0.00412821,0.12693751,0.11062546,-0.0018192608,0.17707093,0.044386975,-0.00195706,0.091573715,-0.008935153,0.15723403,0.013570765,-0.0062711597,0.4427555,0.10078846,-0.00816743,0.064367995,0.37635008,-0.003996644,-0.004060908,0.37569648,0.020565059,0.14370126,0.006545741,0.3853221,0.023978893,-0.0065508983,0.105215274,0.074068025,0.09495418,0.2824758,-0.0022674846,-0.008209347
TCGA-BR-8686,-0.0007998105,0.06511572,0.14417563,0.037674785,-0.010721943,0.02283806,0.63914233,0.74589515,0.07829493,-0.0006132979,-0.003296184,0.30714244,0.30146265,0.26747993,-0.008969391,0.018236578,0.2554842,-0.0088018095,0.24224192,0.0957544,0.11736183,0.12541269,-0.0068262005,-0.0032297827,-0.0066852975,0.020637397,0.25042003,0.15072232,0.09543874,0.6735853,0.007872317,0.3255979,0.080541685,0.16755623,0.16755635,0.12208893,0.46352676,0.04780763,0.027759094,0.27193627,-0.007842581,0.29305217,0.11646119,-0.004403526,0.71733665,0.16751012,-0.013086605,0.078899294,0.57694894,0.044803098,-0.0112446435,0.61740965,0.07458793,0.14843482,-0.009516372,0.55248237,0.14242117,-0.0015931887,0.17183003,0.17863111,0.28979343,0.45565173,-0.0025853044,-0.013877246
TCGA-BR-8687,-0.012228142,0.07597638,-0.008636866,0.117228255,-0.018101446,0.10394755,0.4761684,0.76196456,0.14935914,0.14370209,-0.008675934,0.29422835,0.12551352,0.23486152,-0.008832106,-0.0032438673,0.27119038,0.011660481,0.18279777,0.10614665,0.13386609,0.16531856,-0.013885227,0.1239631,-0.0062642507,0.062156457,0.11318778,0.1433653,0.1269322,0.72861737,-0.006385894,0.34213474,-0.0062278137,0.13169938,0.0600271,1.8429011e-05,0.38201222,0.07084116,0.06535004,0.13306382,-0.010326755,0.11197743,-0.00960075,-0.0031108991,0.62870204,0.10647319,-0.011531055,0.011063274,0.48950413,-0.005589171,-0.0020678097,0.66650575,0.083167195,0.25030115,-0.009006812,0.6404598,0.11453274,-0.017098771,0.0919353,0.24794804,0.19940865,0.42674,0.09983703,-0.009302769
TCGA-BR-8690,-0.008929143,0.08234735,0.09613403,0.08585268,-0.010531037,0.053528715,0.4979818,0.60970855,0.08962262,0.0371972,-0.0080774585,0.32588857,0.18311675,0.3015464,-0.009097511,-0.005775959,0.07294825,-0.0048121135,0.2130631,0.083794065,0.11788384,0.08690767,-0.008450969,0.049359582,-0.0036957338,0.013886187,0.18514118,0.112341784,0.013146423,0.52533823,-0.001393405,0.26436028,0.016573843,0.15353206,0.1483702,0.097689964,0.22325902,0.106649026,0.035789657,0.17480975,-0.0021981087,0.21233365,0.1521874,-0.009972508,0.6418828,0.11559037,-0.007929879,0.08903566,0.5996762,-0.0004681129,-0.010525558,0.49376798,0.08385983,0.17635769,0.015340257,0.5372533,0.13734749,-0.010968893,0.23704578,0.13319346,0.22672188,0.4330608,-0.009305703,-0.01236792
TCGA-BR-A44T,-0.005735219,0.010087043,0.09420667,0.032217458,-0.0073436024,0.06688568,0.5475852,0.5457149,0.017940905,-0.008632675,0.0068210606,0.03756096,0.21341264,0.098119676,-0.009343785,-0.0023317363,-0.0008450678,-0.0059142224,0.20601597,-0.0018415544,0.07377048,0.030278958,-0.003930184,0.01652695,-5.19e-05,-0.0055886805,0.13874647,0.06934363,0.07768307,0.39744323,0.086899996,0.25244877,0.030241132,0.09850288,0.18959297,0.08298513,0.17367719,0.04760812,-0.00030357597,0.29447114,-0.005089135,0.27454278,0.0010268111,-0.0077517927,0.6143117,0.19116193,-0.009848848,0.10799064,0.46803036,-0.0020786559,-0.0036282458,0.44968688,0.10239899,0.060714297,0.061831195,0.49167496,0.11861543,-0.005339004,0.13775505,0.03968512,0.020694664,0.3937735,-0.009893967,-0.0043988307
TCGA-BR-A44U,-0.0070015215,0.015604388,0.14625408,0.17656414,-0.003485928,0.21010342,0.666066,0.5271127,0.08005516,-0.0024336257,-0.0071536484,0.3378002,0.21605378,0.28525192,-0.00527211,-0.005527885,0.04270126,-0.01465742,0.3585134,0.1503132,0.06032159,0.04310695,-0.003585087,0.11362362,0.067392245,0.030316602,0.1495544,0.06891803,0.011415467,0.5140577,0.118785664,0.31198066,0.043116778,0.13123915,0.14397667,0.04007747,0.15728705,0.178259,0.11826733,0.02611171,-0.004991733,0.29270855,0.13574857,-0.0107822465,0.6374109,0.17994216,-0.005139252,0.14317511,0.61438334,-0.0056448546,-0.010111663,0.5749998,0.07649667,0.21335587,-0.006048977,0.66023046,0.08082629,-0.0075522275,0.14385198,0.13935313,0.41929615,0.56706184,-0.0093331635,-0.016969662
TCGA-BR-A452,-0.0033371558,0.26739585,-0.008504043,0.5666937,-0.0027478968,0.110590756,0.61339754,0.78016734,0.20471694,-0.003524985,-0.026546557,0.67622995,0.28645775,0.33218566,-0.022831922,0.025564738,0.107081205,-0.002348744,0.42750075,0.24371685,0.016888842,0.091125354,-0.0005828656,0.23493746,0.057102233,0.12156087,0.07164791,0.08372738,0.102563135,0.77451116,0.20648928,0.2648537,-0.0105357915,0.03226953,0.18372147,-0.0033459414,0.07715556,0.36694884,0.20005083,0.2868926,-0.012280978,0.4226679,0.375538,-0.015267709,0.80151856,0.29345036,-0.0145913735,0.17645809,0.7518715,0.1017012,-0.010669022,0.70119303,0.24155398,0.23692378,0.0035374798,0.76288855,0.042971663,-0.018562758,0.20783058,0.15441592,0.5406824,0.5854104,0.0027876925,-0.015147382
TCGA-BR-A453,-0.0060055493,0.017090747,0.08513894,0.08491343,-0.0056627896,-0.0029444348,0.29083177,0.33362088,-0.00095666724,-0.0066075935,-0.004757757,-0.0027176335,0.09409094,0.10655371,-0.0017223757,0.0059754215,-5.8419257e-05,-0.0040979483,0.13897769,0.009628125,0.074623,-0.0016390171,-0.007821939,0.0019774362,-0.002981318,-0.00067086745,0.06782996,0.10023951,0.0093572065,0.27221137,0.082825795,0.07749872,-0.0062474175,0.1000238,0.14493433,-0.0005386464,0.09628077,-0.0035325182,-0.0016850174,0.123245224,-0.0069692987,0.12973414,-0.00086003955,-0.0042803497,0.34346697,0.11587169,-0.0022729766,0.08120991,0.31861514,-0.0027104733,-0.00062880525,0.22481625,0.060178913,0.054266296,0.019931506,0.30279213,0.12643324,-0.004695315,0.00028952304,0.059907373,0.01815331,0.22394939,-0.0019940916,-0.0026859555
TCGA-BR-A4CS,-0.006276741,0.10026772,0.045551628,0.24503295,0.017533313,0.25428516,0.63060457,0.66050416,0.17695814,0.08798182,-0.008058838,0.5720883,0.2524904,0.24363224,-0.022816917,-0.014647237,0.12683776,-0.026485685,0.2862982,0.15999521,0.091483235,0.0077171223,-0.0060569146,0.057398852,0.17187835,0.2899318,0.20291758,0.19536777,0.15456414,0.74747807,0.1823551,0.3250021,-0.006491445,0.08831448,0.10733583,0.0954623,0.2530217,0.28164113,-6.6385044e-05,0.1519677,0.006025687,0.25094312,0.28580076,-0.004597894,0.6737627,0.14238209,-0.01347313,0.24975243,0.49092475,0.011515155,-0.0076011526,0.7582748,0.038369007,0.14805958,0.03415736,0.591652,0.00972507,-0.015159294,0.18382515,0.18532893,0.5429458,0.6593999,-0.01306002,-0.014384373
TCGA-BR-A4IU,-0.0074273734,0.0891455,0.14114983,0.10917775,-0.0034434346,0.044373192,0.43877542,0.43913794,-0.0037511915,-0.0063930005,-0.0053974423,0.059780914,0.15586175,0.18771514,-0.0033146658,0.028141148,0.013950435,-0.008817799,0.2373424,0.13667062,0.035536263,0.008365833,-0.007086277,-0.0007843949,0.034235932,-0.0015953195,0.059319265,0.09720972,-0.0006139655,0.33263606,0.1093355,0.1710567,-0.0012554519,0.10550492,0.21208872,0.043749645,0.17507869,0.010528866,-0.00019058287,0.15665606,-0.006279877,0.26437584,0.07561757,-0.002810336,0.4956634,0.17529565,-0.0049404707,0.18734524,0.46445635,0.0030142814,-0.004824679,0.36518136,0.04708492,0.06513771,0.026560161,0.4285066,0.15081808,-0.0053280457,0.062241454,0.07193874,0.05162107,0.36119354,-0.008897933,-0.00342353
TCGA-BR-A4IV,-0.0049110823,0.05416723,0.19830333,0.08569534,0.029749058,0.01983158,0.38409722,0.37346423,-0.005052797,-0.0062283273,-0.008640703,-0.0033580863,0.12975453,0.15368481,-0.00090472476,0.01058349,-0.00041818267,-0.0068338336,0.21818098,0.12617765,0.03930781,-0.0043463255,-0.0046111913,0.0038389638,0.034324914,0.06541443,0.06272023,0.090494394,-0.0028363732,0.31584996,0.11810696,0.120811336,-0.0043305433,0.12116108,0.22205827,0.012683872,0.14522241,-0.0022554446,0.021623734,0.09036864,-0.0057608685,0.18660066,0.07856801,-0.003739461,0.4936265,0.16127774,-0.002751271,0.20811564,0.446397,-0.00017384924,-0.00096460216,0.2535285,0.028721197,0.032915443,-0.0005338628,0.37697726,0.16356833,-0.0044578006,0.058561888,0.05404657,-0.0014305868,0.32898873,-0.007576119,-0.00223352
TCGA-BR-A4IY,-0.003266649,0.09953411,0.12346118,0.19590962,0.0027710292,0.04878675,0.6320045,0.681013,-0.00033187235,-0.006957567,-0.011842686,0.20869975,0.29917172,0.2526586,-0.008823989,-0.0032834222,-0.0022440276,-0.0049837227,0.2840243,0.17709644,0.075526096,-0.0047012605,-0.00917372,-0.00090014486,0.08338188,-0.0025961075,0.10921445,0.15404415,-0.000773697,0.46257973,0.06427644,0.2319581,-0.0007735841,0.07719565,0.1599932,0.1567043,0.16161336,0.06331451,0.024281934,0.114571184,-0.0010241804,0.42227665,0.40653375,-0.016418254,0.82467675,0.21719259,-0.0062848823,0.24915275,0.664419,0.041529417,-0.0026328394,0.48851496,0.035211038,0.23092613,-0.0021663408,0.59298146,0.28523752,-0.0056318934,0.0121992165,0.1041764,0.039948314,0.5422626,-0.017455574,-0.007308653
TCGA-BR-A4IZ,0.061083775,0.05399145,0.33024564,0.22015254,-0.0010031707,-0.008992269,0.89178085,0.89492947,-0.011649668,-0.023340415,-0.02303367,-0.014297204,0.34350964,0.28539854,-0.010221071,0.097577296,0.007286614,-0.0119097885,0.5994374,0.110412695,0.17346767,-0.012498057,-0.008704274,-0.011866563,0.17175777,0.14103284,0.2742379,0.078871444,0.04514716,0.5523159,0.42153788,0.31058222,0.03312558,0.22086117,0.5063268,0.044885464,0.351415,-0.0047411937,0.083543226,0.4049148,-0.008581727,0.4983225,0.25066504,-0.020762986,1.0664945,0.4464062,-0.0058707027,0.610154,1.1259074,-0.0024371922,-0.0062926873,0.7221409,0.03190683,0.11774543,0.22502527,0.7431492,0.33591318,0.07793528,0.11378479,0.02228716,0.026678279,0.81661355,-0.015395209,-0.0019953665
TCGA-BR-A4J2,-0.0027461306,0.038633734,0.075395875,0.15496787,-0.0022954454,0.038652603,0.4759764,0.48038173,-0.0068131075,-0.01002328,-0.003343451,0.089567915,0.1383097,0.19457804,-0.011581542,-0.002437382,-0.0042920182,-0.00781209,0.20667498,0.07006697,0.006478462,-0.0053975903,-0.0040359194,-0.0068504694,0.0012026653,0.0054981895,0.15896615,0.058797095,-0.0032194448,0.3870893,0.116119385,0.22537453,-0.0021436545,0.12690103,0.18076406,0.010154523,0.13311222,0.11200084,-0.0016521432,0.1888272,-0.008154673,0.28194126,0.121405184,-0.009912078,0.55376375,0.23121065,-0.0066529023,0.17507549,0.49423558,0.014951542,-0.00065444334,0.3939876,0.04233048,0.084365964,0.062322203,0.3966754,0.15133046,-0.008400519,0.17274715,0.09418969,0.062303904,0.4502536,-0.008927981,-0.0049768942
TCGA-BR-A4J5,-0.0061000255,0.06331445,0.12067126,0.12428507,0.0021941373,-0.002576785,0.51571524,0.42353448,-0.010885767,-0.0041276915,-0.0070426017,-0.0056308773,0.14815132,0.18269512,-0.005852386,0.040579773,0.012385936,-0.0064268135,0.29435983,0.07637969,0.09673409,-0.004580531,-0.005343064,0.0147748515,-0.0020092463,0.09187022,0.1669634,0.13351601,-0.0014036138,0.3684526,0.13914883,0.20290057,-0.0030116094,0.13970521,0.27263278,0.022766978,0.21209231,0.009245275,0.0712173,0.1292978,-0.007972799,0.23917148,0.20511594,-0.0048780586,0.5742247,0.16937658,-0.0020572548,0.21752128,0.57299143,0.01109352,-0.00023706547,0.3429509,0.058855563,0.07037995,-0.0017575842,0.41823977,0.20659019,-0.008115805,0.05188785,0.088425756,-0.00018518716,0.42945847,-0.008843522,-0.00041139414
TCGA-BR-A4J7,-0.009447788,0.055211943,0.09411724,0.04824011,-0.0031450454,0.025391512,0.37782454,0.3742634,-0.0046928297,-0.0050812503,-0.000112910944,0.017155863,0.14000568,0.1359004,-0.00502151,0.024280548,0.031805612,-0.004203347,0.15969121,0.059096806,0.114466324,-0.0009582331,-0.0047401153,0.040877014,-0.0032641948,-0.0015691951,0.028076164,0.096043825,0.06399154,0.3021664,0.045043293,0.17864558,-0.0020310315,0.12409196,0.15610391,0.06300049,0.14564301,0.02835318,0.0037632212,0.19949105,-0.007906364,0.17259035,0.053575553,-0.0042807483,0.40742317,0.1362601,-0.0025773381,0.12912795,0.39063558,0.002947636,-0.006000232,0.2688114,0.077349715,0.058787227,-0.00095781684,0.3549282,0.11756016,-0.0071070106,0.044785414,0.04511986,0.029046753,0.2834776,-0.0072904276,-0.0006900697
TCGA-BR-A4J8,-0.00672938,0.13237931,0.10298812,0.1603295,-0.0007825463,0.068028755,0.4311471,0.49205166,-0.0014094826,-0.004303882,-0.0066368654,0.16651855,0.21122946,0.24237609,-0.0057652513,-0.0010382262,0.04107579,-0.006057127,0.2668731,0.1349862,0.02397427,0.005147419,-0.008957351,0.038260136,0.020098343,-0.0012331989,0.107514,0.11423605,0.074096866,0.4098186,0.10728571,0.23710552,-0.0046899016,0.10315665,0.15936127,0.074515454,0.15855873,0.09260772,0.0027180873,0.2621656,-0.0027979338,0.22592217,0.08325213,-0.0066857873,0.51697695,0.17486641,-0.0046460805,0.13332511,0.47576436,0.02116166,-0.0061431592,0.44683617,0.02586868,0.057131324,-0.00044674354,0.45926285,0.15145682,-0.012096083,0.12826031,0.13672072,0.1051776,0.40002292,-0.004212112,-0.0063538603
TCGA-BR-A4PD,0.07018064,-0.002776586,-0.008331156,0.076472044,-0.004307221,0.23803477,0.7232073,0.8896637,0.5298586,0.17571871,-0.0067028585,0.598792,0.3710524,0.32142335,-0.015181601,-0.0023750626,0.3091937,-0.022134468,0.22510628,0.21227162,0.11553349,0.15660374,-0.011824348,0.0963641,-0.011648901,0.18563364,-0.006031908,0.2514791,0.21623456,0.843321,-0.0052375593,0.5182888,0.051704183,0.07099114,0.1536195,0.12452733,0.41374162,0.06183936,0.014931217,0.17003688,-0.028677298,0.25032037,0.42345366,-0.006757057,0.9728297,0.1795581,-0.024435965,0.04198154,0.50622827,0.1342053,-0.018450605,0.79535013,0.07624118,0.20987621,-0.0029942417,0.788268,0.073905446,-0.011323604,0.11691246,0.057626344,0.46718767,0.6829195,-0.020352202,-0.011279844
TCGA-BR-A4PE,-0.006457843,0.20804158,-0.00941348,0.47578588,-0.019862434,0.09607784,0.5069666,0.9528238,0.3424078,0.024961956,-0.024158727,0.81568974,0.34949347,0.44620067,-0.026650755,-0.0036637262,0.30259705,-0.0046947226,0.17653884,0.5149112,0.15358713,0.056466203,-0.0014106836,0.008914821,-0.01688591,0.10204288,0.27509323,0.10651598,0.29247814,0.87572914,0.07876618,0.29293334,-0.017035734,0.2634467,-0.00011395141,0.24968109,-0.009341545,0.37571424,0.076349735,0.08420417,-0.0071188286,0.32126576,0.4635707,-0.009958169,0.9305166,-0.011433962,-0.012559655,-0.0056254263,0.9169206,0.07985218,-0.02751349,0.82158136,0.03521005,0.18030077,0.10399656,0.80878925,0.24614245,-0.003530208,0.39251402,0.22880052,0.44804505,0.5130355,-0.011286692,-0.011413464
TCGA-BR-A4PF,-0.009150214,0.074159265,0.039828975,0.1226612,-0.004759437,0.26710078,0.61273694,0.89287335,0.37628406,-0.0007549759,-0.003952283,0.80551517,0.29882595,0.3968345,-0.032564428,-0.01382086,0.14386176,-0.00024568345,0.3251516,0.21019109,0.066072404,0.022535387,-0.0032563924,-0.009566947,0.007403992,0.12640998,0.09396415,0.031929865,0.14172131,0.6269229,0.25447503,0.082150325,-0.008409443,-0.0018878926,0.046772636,0.22940335,0.017994754,0.31630605,-0.0076881307,-0.0069427476,-0.016842868,0.40917262,0.40794963,-0.0027265248,0.94226074,0.09399343,-0.018330306,0.10807988,0.68161887,0.07996598,-0.024079988,0.65271634,0.3974877,0.22065902,0.1755093,0.7057146,0.06392798,-0.007436146,0.62198067,-0.002828793,0.6224211,0.7584912,-0.012931834,-0.01538341
TCGA-BR-A4QI,-0.0014806696,0.07134119,0.04877149,0.16982158,-0.005948097,0.08597615,0.34289032,0.41185898,0.0025294386,0.026249576,-0.007531916,0.24920137,0.10533303,0.1703258,-0.0057535144,-0.0061162314,0.006391255,0.020189768,0.16067581,0.11213333,-0.0009826288,-0.0016941618,-0.0066823,0.06465116,0.055969246,0.045190606,0.05281595,0.09386208,-0.003218169,0.35310692,0.097855166,0.14662844,-0.0058736294,0.024740482,0.09696941,0.02682031,0.035773516,0.097202,0.084073216,0.12820245,-0.0014221082,0.21394452,0.11479856,-0.005848757,0.44385692,0.12628344,-0.0035158086,0.1182351,0.33824828,0.008776747,-0.006204338,0.2730127,0.1503477,0.08551061,0.001356259,0.39140826,0.15452118,-0.008281144,0.089566335,0.1617037,0.14259255,0.33967286,-0.00063884613,-0.004915938
TCGA-BR-A4QL,-0.00075597357,0.14927107,0.0630642,0.26206166,-0.018825537,0.15833956,0.5577975,0.709407,0.117835045,0.21339831,-0.0037686892,0.7477316,0.25512058,0.26179847,-0.005019781,-0.009041099,0.0926664,-0.004458488,0.30153072,0.16751201,0.07608096,-0.0010434228,-0.012727163,0.12317683,-0.00775987,0.14718074,-0.0038450714,0.20956597,0.074163,0.62578624,0.038270984,0.41026428,-0.0023735417,-0.014827651,0.07848783,0.13593778,0.13856538,0.19918922,0.18300855,0.15953864,-0.010812509,0.25285915,0.1521101,-0.006952818,0.83666825,0.11209066,-0.010869436,0.13975324,0.46437994,0.06087798,-0.0033191112,0.5945645,0.030124912,0.18029404,-0.00667232,0.78056693,0.11127381,-0.01761064,0.23115374,0.2933771,0.38441387,0.55927455,-0.0010989698,-0.012037766
TCGA-BR-A4QM,-0.0045954385,0.10443178,0.089156434,0.21263821,-0.0010176523,0.14703026,0.45430183,0.6099213,0.10915139,0.0020493418,-0.011878743,0.4116951,0.23948368,0.38332605,-0.019565195,-0.008836535,0.06990561,0.050057977,0.19250764,0.29004794,0.01249218,0.024059407,-0.011787206,0.028388795,0.041627303,0.030523095,0.038589567,0.14317507,0.055143483,0.5369937,0.19972266,0.32327226,-0.0025746347,0.05703441,0.057531986,0.09010688,0.2155098,0.21369007,0.07716873,0.09708631,-0.009156269,0.39691716,0.32161254,-0.002468422,0.80727243,0.22328275,-0.009169738,0.08862813,0.54350483,0.057672016,-0.014847214,0.5617732,0.058453925,0.10874214,-0.00014480427,0.658998,0.10071245,-0.0085139265,0.3010696,0.17994224,0.21574908,0.56241906,-0.009152379,-0.0111800125
TCGA-CD-5798,-0.011339438,0.059209526,0.122989886,0.027374906,-0.0053409967,-0.0038865895,0.41477895,0.51360786,-0.0019455891,-0.004196917,-0.007999067,0.027197938,0.16041681,0.1931921,-0.0043697096,0.045455866,0.04897675,-0.002217172,0.20427537,0.07766405,0.10720881,0.032579448,-0.010937023,0.052994065,0.0058820993,0.004452992,0.13303006,0.11781305,0.041299544,0.41371256,-0.0015583578,0.14708905,-0.004237381,0.096401855,0.13730311,0.06261683,0.24767312,-0.0007292001,-0.0018050596,0.2050834,-0.007506907,0.21111873,0.06851521,-0.0053447965,0.5183254,0.16661927,-0.008226422,0.12848008,0.45855927,0.0031927973,0.001953273,0.35835132,0.051823936,0.10644045,-0.00095339585,0.4241565,0.10827449,-0.0075219213,0.05268654,0.13179614,0.0009874478,0.3292041,-0.004378719,-0.008746964
TCGA-CD-5799,-0.0036964144,-0.0004402578,0.051325977,0.17479746,-0.0120820515,-0.0081755845,0.79344916,0.9404322,-0.0040477877,0.06301178,-0.018168839,0.2450307,0.3355034,0.37577057,-0.00026066005,0.031797804,0.14593796,-0.010413096,0.5461849,0.2577845,0.19769774,0.028412107,-0.008866745,0.09367621,0.061672434,0.21503693,0.29875502,0.1662882,0.10507017,0.8144769,0.1077016,0.2510473,0.014570806,0.2527334,0.24408704,0.13892618,0.40137354,0.019451156,0.09678604,0.35475534,-0.01061506,0.28916806,0.29857424,-0.0033580828,1.0078583,0.1757667,0.0021006763,0.4245847,0.9928438,0.10825342,-0.0052050846,0.7825629,0.0960401,0.15277058,0.12837921,0.7798435,0.2553797,0.008834355,0.18009423,0.26578763,0.07350856,0.6969101,-0.008335479,-0.0008320293
TCGA-CD-5800,-0.001757269,0.04916485,0.12368795,0.16331865,-0.018325172,0.048665408,0.82989955,1.1873262,0.3111211,0.22177131,-0.024148962,0.6974217,0.4072139,0.6004024,-0.017034203,-0.003381592,0.20245191,0.020573894,0.46361926,0.37992656,0.46347618,0.23892558,-0.013297992,-0.00029427558,-0.0025092573,0.34140322,0.25461453,0.24495336,0.15762067,0.9154392,-0.0014478535,0.55659026,0.114270434,0.2150149,0.19999577,0.4243929,0.40882114,0.28494707,0.022744615,0.30465597,-0.0076124594,0.34328222,0.49090105,-0.0058405255,0.99323523,0.0032359362,-0.013249651,0.22227776,0.976333,0.17962691,-0.011620075,0.9211387,0.3195127,0.344051,0.098398075,0.81683475,0.18607254,-0.000488095,0.21370213,0.19840428,0.55227095,0.6316613,-0.008121305,-0.016238
TCGA-CD-5801,-0.012561743,0.09054203,-0.003178192,0.35531133,-0.00792573,0.0036262677,0.7859665,1.0252213,0.068265155,0.14727102,-0.020296363,0.6373294,0.4885938,0.34179306,-0.003328316,-0.005359623,0.18889743,-0.010720498,0.2835301,0.34687412,0.2352732,0.18971384,-0.0029539042,0.10316672,-0.0029518306,0.1531211,0.14401329,0.0635905,-0.003387139,0.85239536,-0.005751315,0.42838642,0.024564408,0.1393868,0.21590479,0.395228,0.279368,0.25932872,0.09790783,0.20458376,-0.0048059192,0.54927593,0.4556477,-0.008068085,1.0792279,0.31297392,-0.011092863,0.16359694,1.0212928,0.20268503,-0.0048213215,0.794436,0.15787357,0.14201438,-0.008213284,0.81556106,0.074610926,-0.015967587,0.14184478,0.24320802,0.24782386,0.6789131,-0.020782791,-0.0070523317
TCGA-CD-5803,-0.00529495,-0.0015232634,0.07570258,0.050896496,-0.01130733,0.008655678,0.51830363,0.635934,-0.004562494,-0.0006579395,-0.0050504566,0.13889374,0.30564484,0.15631606,-0.004068758,-0.0021148284,0.038957804,-0.0057343207,0.28982514,0.093751706,0.111081935,0.038594503,-0.012782514,0.064522885,0.026571363,-0.004676379,0.16667563,0.08442578,0.027647011,0.4660185,0.03571714,0.2873198,0.02844651,0.0716068,0.26718175,0.14472097,0.3187978,0.06709218,-0.005884802,0.37774494,-0.013402753,0.32501405,0.16307576,-0.008027411,0.71090245,0.22499058,-0.00019428917,0.18209662,0.60068834,0.076480895,-0.00013954761,0.47696772,-0.00012688525,0.18562862,0.0051761866,0.53542453,0.1640098,-0.0054392354,0.11115012,0.11414537,-0.0028156885,0.46164238,-0.006597192,-0.0054097692
TCGA-CD-5813,-0.006618734,0.13467637,0.08343888,0.33104816,-0.012599202,-0.0018709701,0.6773137,0.9833811,0.08674216,0.06502858,-0.02004374,0.19911954,0.4069231,0.2526073,0.010488674,0.06159865,0.08245441,-0.012521568,0.5162685,0.2124052,0.20865022,0.050880797,-0.0045452015,0.060019083,0.06209019,0.24827865,0.10936058,0.08249627,0.07525527,0.8591724,0.2672335,0.41904616,0.00911402,0.28800422,0.2666571,0.084983446,0.4573912,0.068218425,0.19255596,0.42782548,-0.008067073,0.2595098,0.22909296,-0.009107785,1.0442724,0.19207382,-0.016391253,0.34278685,0.9538397,0.20594609,-0.0014550305,0.7749105,0.24128805,0.1670894,0.062927276,0.76399076,0.31912518,-0.007856617,0.028402288,0.26470813,0.09700409,0.73929775,-0.006270987,-0.0037386306
TCGA-CD-8524,-0.0038276557,-0.0015067831,0.052883502,0.03133317,-0.0008672671,-0.00090066204,0.42873222,0.41608143,-0.0066035576,-0.003623041,-0.004459747,0.03627589,0.120434,0.17172033,-0.0037694261,-0.0022485766,0.09257827,-0.008798953,0.14556682,-0.0047676116,0.01643541,-0.0026553979,-0.0071629295,-0.00080860185,-0.0021752163,-0.0020960364,0.15303382,0.0751254,-0.0017902926,0.39818716,-0.007989225,0.15625872,-0.0022733656,0.13790095,0.17063503,0.04161915,0.19549769,0.061187405,0.0019501857,0.17110707,-0.009489891,0.18219388,0.060684867,-0.014002315,0.48882303,0.13622427,-0.0015410002,0.1320211,0.39470798,-0.0012559943,-0.00556636,0.39445063,0.045616668,0.1274294,-0.0014816404,0.35035574,0.1457962,-0.0011888217,0.040791854,0.019266706,0.06291371,0.32252017,-0.008791792,-0.003468278
TCGA-CD-8525,0.000720948,-0.001258095,0.06893855,0.016494779,-0.0030726101,0.09377179,0.51317203,0.55906314,0.054788914,0.032844387,-0.002302239,0.28579313,0.17478873,0.26688564,-0.0070668743,-0.0049939374,0.050251767,-0.009053933,0.21477917,0.062695764,0.07564185,0.044752453,-0.0042302855,-0.0017016244,0.060291246,0.1443159,0.18409276,0.13083448,0.027248077,0.5816961,-0.005287517,0.21907632,-0.0036549305,0.12616242,0.14664045,0.07744558,0.19178936,0.11827257,-0.00494921,0.13707875,-0.0050246567,0.15898101,0.18163775,-0.012330795,0.5701289,0.12380541,-0.01011332,0.14666018,0.53288513,-0.0009951219,-0.0042253803,0.55970174,0.07410979,0.1324673,0.10990478,0.40500706,0.10322003,-0.0059165778,0.2156174,0.0804576,0.17361555,0.46461087,-0.013722233,-0.004705281
TCGA-CD-8526,-0.0070859776,0.010737646,0.025708728,0.10591718,0.016125496,0.13479906,0.68440676,0.6459891,0.20075382,0.104984164,0.036344707,0.31828284,0.17327863,0.15055194,-0.0019274623,-0.012795574,0.06346491,-0.0057054497,0.31809023,-0.0002894534,0.23719536,0.057834435,-0.009587626,0.025372881,0.034479737,0.10822579,0.10096466,0.09465547,0.014034919,0.51479095,-0.0060318555,0.22489958,-0.0010574543,0.2581328,0.31678385,0.05760502,0.22158572,0.14191182,0.020975765,0.20882389,-0.0085223485,0.31871998,0.22505009,-0.0167074,0.62662756,0.11922703,-0.011892642,0.19195533,0.58177876,-0.0023357992,-0.005302024,0.6430591,0.16327538,0.15233198,0.15093648,0.5410038,0.10744619,-0.0073433667,0.2199951,0.087153524,0.35572508,0.5798701,-0.018137058,-0.008690453
TCGA-CD-8527,-0.012237354,-0.0076249363,-0.005118285,0.032821648,-0.006445659,0.05398272,0.31590152,0.40795726,0.07751337,0.015786892,-0.004004826,0.26532477,0.11869049,0.2006098,-0.00027300345,0.02504716,0.08115551,-0.006361134,0.1291423,-0.0024820615,-0.0047069713,0.038513392,-0.0065271505,-0.0019631945,-0.0015890971,-0.0036520883,0.1973165,0.088499285,-0.0018019289,0.42285442,-0.009180444,0.22423601,-0.005285639,0.05626405,0.14583537,-0.008876561,0.14714922,0.04498222,-0.009176536,0.089217424,-0.0070785093,0.06975503,0.07811457,-0.008317493,0.3788114,0.07342634,-0.0061172377,0.04868854,0.3693712,-0.0043534758,-0.0057974868,0.39535654,0.124022976,0.10632169,0.06754619,0.31177562,0.017295318,-0.003928107,0.08898098,0.14436434,0.16497523,0.31467065,-0.0064843097,-0.0033105444
TCGA-CD-8528,0.2724578,-0.021212691,-0.020634184,0.4958676,-0.0032664624,0.37651008,0.9551512,1.2835907,0.6050286,-0.0017680388,-0.027640045,1.0202721,0.64149,0.42157984,-0.008901456,-0.024001164,0.5980161,-0.021141348,0.29237443,0.54966736,0.5500857,0.23393764,0.098082125,0.04853168,0.20010109,0.8464157,0.39870703,0.4260131,0.09864291,1.3524051,-0.0037119456,0.17306592,-0.0094675785,0.3242753,0.09408695,0.31219244,0.3273288,0.0067308135,0.02079742,-5.478598e-05,-0.010722384,-0.0022556689,0.11197972,-0.020400396,1.1680293,0.123400755,-0.028158814,0.23396859,1.1814536,0.19443,0.08293637,1.178052,0.110467464,0.24271256,-0.002088684,0.9466328,-0.0036415332,-0.016455978,0.25042862,0.29634967,0.8845677,0.71184146,-0.027019605,-0.012372308
TCGA-CD-8529,-0.0074424567,0.076486275,-0.0030618035,0.17412592,-0.010704813,0.14204764,0.51480603,0.84787285,0.123793155,0.121129885,-0.0054899417,0.40176436,0.13826926,0.25144032,-0.012740636,0.069502376,0.37488657,-0.021568678,0.1414824,0.09265158,0.092903815,0.15791056,0.051478714,0.04253243,0.105182886,0.24138975,0.13312823,0.17467508,0.12692806,0.89455813,-0.003875928,0.25239182,-0.0009484146,0.2604385,0.122648254,0.027574226,0.49385107,0.19308116,-0.0033023187,0.25693846,-0.017451009,0.16125292,0.077347934,-0.011971483,0.69714606,0.04982304,-0.024451524,0.12197137,0.66931266,-0.0021250308,-0.011128808,0.8531,-7.229038e-05,0.22638705,0.13743256,0.593017,0.067059495,-0.018036824,0.25760692,0.12017757,0.2895228,0.5871479,-0.015720934,-0.015009684
TCGA-CD-8530,-0.014678778,0.023409545,0.015358833,0.17942397,-0.0040885163,0.041985877,0.75230867,1.0202581,-0.00013211295,0.0015561171,-0.009364672,0.19421871,0.18954034,0.2481714,-0.000675248,0.13232034,0.42373952,-0.024145627,0.36284402,0.16338028,0.24200682,0.07573436,0.046764627,0.088353224,-0.0046207584,0.14301011,0.32011232,0.062118165,0.14475814,0.8108364,-0.01701658,0.3903425,-0.0017368201,0.29493418,0.23200126,0.077326104,0.5531924,0.049706437,0.12773925,0.3594331,-0.013157278,0.18020366,0.19136707,-0.024129007,0.73466957,0.1076752,-0.017542416,0.43681303,0.8724616,0.019287929,-0.010135158,0.7796789,-0.0010143828,0.15779936,0.0995415,0.6774144,0.12118792,-0.008129685,0.32167363,0.07017589,0.2457945,0.6396519,-0.017104466,-0.011474646
TCGA-CD-8531,0.08845183,-0.0035560564,-0.009007381,0.11069526,-0.00012936843,0.14898929,0.61855036,0.6458764,0.071526125,-0.0005093474,-0.014409539,0.43810496,0.23973721,0.28535536,-0.012490112,-0.014874813,0.18903431,-0.0066653686,0.23527324,0.12850818,0.051725123,0.061642032,-0.0013663381,0.04037462,0.1064401,0.044606548,0.18718067,0.1516656,0.15659034,0.57729495,-0.009892826,0.22250856,-0.00078189076,0.080654785,0.055760287,0.061823793,0.029850278,0.20608714,-0.00095810427,0.18765223,-0.009672344,0.25203404,0.28353006,-0.022748077,0.72244525,0.07188251,-0.01839774,0.0845101,0.5940071,-0.0021822334,-0.0055395686,0.6129136,0.3674429,0.2105538,0.104270786,0.6518086,0.18389903,-0.014995632,0.25156656,0.11174674,0.3594231,0.51568544,-0.011795899,-0.005819417
TCGA-CD-8532,-0.0093928045,0.0687999,-0.007680659,0.13756482,-0.012309424,0.072568044,0.46611547,0.72645587,0.08851072,0.10329391,-0.0029672175,0.2729706,0.10544431,0.16399617,-0.002577461,-0.0037227012,0.12996684,-0.0042007267,0.13675085,0.028163088,0.027704202,0.052246958,-0.008828928,0.07819754,-0.014461455,0.035792004,0.20092928,0.13712895,0.029327653,0.6310659,-0.010745916,0.26248384,-0.0018234209,0.12324227,0.10594723,-0.0007426687,0.16492504,0.07074204,-0.005052758,0.21462548,-0.010395045,0.16557713,-0.007129258,-0.011245767,0.55367744,0.16092846,-0.015235799,0.0022328682,0.50588876,-0.009360968,0.0054918183,0.48186043,-0.007391937,0.22194088,0.018318202,0.55926555,-0.0076261135,-0.01742206,0.302174,0.07053809,0.08238868,0.39790803,0.01879411,-0.00980746
TCGA-CD-8533,0.09768647,-0.004498822,-0.0049077813,0.027002959,0.013458525,0.14765248,0.51088744,0.5431962,0.20222914,0.010432813,-0.007186696,0.31289688,0.23669949,0.24989766,-0.025322994,-0.0051685027,0.05646596,-0.0064665177,0.3416139,-0.0006985939,0.31315094,0.038228836,-0.005476467,0.022052072,-0.011976359,-0.0021525123,0.22401232,0.13737205,0.30018097,0.5250286,0.076627895,0.28952685,-0.0020331927,0.111307,0.08858606,0.0048009045,0.16374017,0.14265387,0.10894558,0.18078223,-0.015526309,0.16966408,0.21515134,-0.0017585143,0.6043643,0.0896696,-0.0072074146,0.116015986,0.56035596,0.08257541,-0.004868412,0.6334734,0.2069484,0.25014699,-0.0013731197,0.5450006,-0.005258324,-0.008057946,0.1354931,0.08546144,0.2792187,0.40290573,-0.01702462,-0.012313427
TCGA-CD-8534,-0.007556026,0.07025555,0.046804626,0.09673822,-0.005559347,0.03726726,0.33330435,0.3855004,-0.004745851,-0.0024567281,-0.0041712294,0.21950138,0.08630557,0.1839762,-0.0028770892,-0.0025859457,0.06056784,-0.007943469,0.14445157,0.05701392,0.015369136,0.045610722,-0.0092782825,0.023142032,-0.0025450343,0.008240294,0.07591723,0.0741854,-0.0009103459,0.36709625,-0.00068775675,0.16153862,-0.004639974,0.05198781,0.14093101,0.0008556694,0.090264946,0.075360015,0.01731103,0.104588345,-0.0075702253,0.15015705,0.01976175,-0.004975035,0.42898938,0.14760508,-0.0018373322,0.036036074,0.37710935,-0.0032352898,-0.00045628287,0.35501647,0.052049898,0.100740395,-0.0018116281,0.39376885,0.06769722,-0.007748369,0.16398975,0.07136564,0.17716631,0.33619162,0.013801392,-0.0056020278
TCGA-CD-8535,0.087008476,-0.00021937043,-0.009086604,0.20545141,-0.009857173,0.019813914,0.57884717,0.65525055,0.13120821,0.014687184,-0.014589394,0.5445247,0.30361685,0.23853903,-0.0057796757,-0.0017925956,0.2552158,-0.00030389635,0.26151046,0.07637691,-0.0039736954,0.042080533,-0.007894046,0.037890967,0.04067854,0.05644093,0.21173549,0.15002424,0.18095616,0.7391055,0.025631946,0.25515357,0.03507071,0.08716282,0.16194999,0.06322129,0.17594917,0.07288644,0.072583064,0.23213431,-0.004238858,0.2544071,0.22176932,-0.009573842,0.67458916,0.07198345,-0.009200203,0.18861237,0.61274976,0.0599662,-0.0067561003,0.7609403,0.20156953,0.26346803,0.09764823,0.58815366,0.08843107,-0.011240539,-0.0024407883,0.08266458,0.4103096,0.42149517,-0.0030102066,-0.002739054
TCGA-CD-8536,-0.00046477767,0.07326688,-0.0007312122,0.12029338,-0.0062260646,0.034519006,0.49587154,0.61287284,0.04363456,0.056696735,-0.010589305,0.32471028,0.21592847,0.23782584,-0.007509573,-0.0036031492,0.19356437,-0.009903625,0.26321897,0.09209611,0.04132669,0.025054123,-0.012268004,0.033754513,-0.0018633817,-0.0015724618,0.20070454,0.15080416,0.03473369,0.5438865,-0.0034760383,0.19727094,-0.0036579259,0.07306932,0.1485908,0.09018983,0.19189389,0.11787574,-0.0043157856,0.15590446,-0.0048776115,0.18831614,0.14452496,-0.01643639,0.6419697,0.18629539,-0.006040315,0.14739281,0.53768855,-0.0014361966,-0.006845496,0.52616835,-0.0034562354,0.22988495,-0.00097422936,0.54982674,0.07555042,-0.008833735,0.07798509,0.16119353,0.15423837,0.40669397,-0.007496578,-0.005389683
TCGA-CD-A486,0.01272789,0.11447936,0.10193285,0.1370164,-0.0034470286,0.13123313,0.6511969,0.7112675,0.22189942,0.11564058,-0.004853818,0.16364098,0.22089392,0.18829635,-0.014079288,-0.0061112177,0.1551041,-0.005301206,0.3168775,0.11099654,0.13201539,-0.008080303,-0.009121411,-0.004808064,0.07043709,0.05505712,0.19787872,0.19121346,0.10426665,0.5459746,0.10410893,0.21730036,-0.0054484936,0.14140904,0.26305017,0.0022054464,0.30041918,0.12375687,0.14174837,0.20509166,-0.011113319,0.24448745,0.30899364,-0.010351869,0.7398398,0.15716508,-0.015454895,0.28206655,0.7088998,0.044617668,-0.009321415,0.59220177,0.1484931,0.058827993,0.08295393,0.6547563,0.10819788,-0.00047465935,0.14308892,0.067440264,0.29270104,0.5260817,-0.020689948,-0.008642306
TCGA-CD-A487,-0.0048237382,0.044679504,0.09978719,0.12510772,-0.007826834,0.13690858,0.65838915,0.545209,0.1658561,-0.0020432924,-0.007975711,0.2679997,0.19971275,0.27534312,-0.012702889,-0.0023883146,-0.00023236909,-0.008770083,0.26339674,0.18566014,0.11509339,-0.005730318,-0.0029729765,-0.0004956469,0.069932014,0.17002389,0.091442995,0.13462007,0.016912468,0.5809219,0.04569595,0.17832084,-0.0042890236,0.05227503,0.102729976,0.16882032,0.03758642,0.08907886,0.03034925,0.053391058,-0.0107415095,0.3116063,0.32780606,-0.01411158,0.6397712,0.05936904,-0.011560905,0.13561822,0.54740703,-0.00049184,-0.008612279,0.44994062,0.09767708,0.2084049,0.008118741,0.54234594,0.19659543,-0.0022456239,0.20064609,0.00268073,0.21859473,0.5155069,-0.0075015924,-0.007397947
TCGA-CD-A489,-0.00795326,0.051908568,0.08021229,0.042233862,-0.0005977179,-0.0026335933,0.30414808,0.319169,0.0024144016,0.00051946566,-0.0018952935,0.0026810756,0.12428281,0.12878054,-0.0020963342,0.012390535,0.013983389,-0.0036938176,0.14376271,0.0519178,0.006121325,0.015662983,-0.007859237,0.024515525,-0.0045257783,-0.005899068,0.05522854,0.085507475,0.005257804,0.2927433,0.03576692,0.10277909,-0.0009471506,0.12774414,0.13958487,0.033558115,0.17241813,0.014785262,0.017555255,0.1277776,-0.0045974837,0.12252319,-0.0003044596,0.010022028,0.3490176,0.13006392,0.0034050085,0.046911806,0.28538683,-0.0014065191,-0.002866677,0.23231353,0.05554638,0.036693733,-0.0011345113,0.30654436,0.12998296,-0.0075238096,0.0050346293,0.058511954,0.035822358,0.20051926,-0.0020844673,-0.0018318425
TCGA-CD-A48A,0.009222064,0.034926057,0.018898813,0.20946948,-0.0030723617,0.11181653,0.36270255,0.46397617,0.06377669,-0.005223158,-0.0040074177,0.4003703,0.14609489,0.23897593,-0.008380624,-0.009190734,0.025541982,0.05143144,0.19415283,0.077614985,0.035097495,-0.0022840928,-0.0024309033,0.05105245,0.0011113659,-0.0043330896,0.103209175,0.08069681,0.05626405,0.40994883,0.10297559,0.19426654,-0.006448479,0.00647467,0.15545258,-0.005043741,0.012161307,0.17080492,0.098212436,0.13720106,-0.0034626087,0.22473235,0.068049,-0.0077495486,0.5501014,0.12919465,-0.005450468,0.03470564,0.37729523,0.07032877,-0.0014740103,0.39696985,0.114773646,0.102771126,0.032056082,0.5072978,-0.00043325368,-0.006824136,0.1722817,0.09803264,0.27129558,0.32880464,-0.0056516104,-0.013027963
TCGA-CD-A48C,-0.0010913451,0.09160884,0.07206747,0.09196566,-0.005288934,0.05127649,0.48441488,0.48649323,0.083259925,-0.005901547,-0.0072750496,0.18833221,0.18605426,0.26484898,-0.0068552555,0.029498957,0.04540658,-0.0068565346,0.22777335,0.07218588,0.040608697,0.009696492,-0.010138031,0.037280995,0.0031949654,0.061958384,0.02174262,0.11576816,0.047439218,0.42076027,0.08518146,0.18069705,-0.0017056965,0.036233906,0.17502321,0.037339814,0.19972667,0.093807444,0.12142551,0.1497588,-0.006204143,0.18954174,0.18074246,-0.010429393,0.5673188,0.1661937,-0.0076878085,0.19731602,0.48125246,-0.0022255927,-0.00498968,0.41458523,0.09378713,0.1594865,0.028054934,0.4969694,0.16812727,-0.0007495791,0.047609087,0.011970367,0.14605662,0.45909846,-0.006534468,-0.0050302246
TCGA-CD-A4MG,0.00943334,0.12430851,0.078540646,0.29322708,-0.005877668,0.03234785,0.6824413,0.7926453,0.08376284,0.028119016,-0.013022861,0.4062791,0.34451512,0.25638592,-0.003503163,-0.008953222,-0.00087240845,-0.009001029,0.4580461,0.17779894,0.13422684,-0.008651222,0.03389272,0.1257127,0.060245514,0.058689106,0.05674755,0.24821681,0.113599144,0.6457315,0.27052367,0.25694743,-0.0015513906,-0.003357453,0.18725412,0.0053429566,0.043847114,0.09187128,0.22210789,0.19618362,-0.0018506115,0.38071984,0.45591402,-0.014421254,1.0196959,0.26153255,-0.007179552,0.29925224,0.7891812,0.052318804,-0.0044212523,0.5905087,0.017252766,0.16603827,0.03242025,0.86557734,0.25770482,-0.010114857,0.21521567,0.20953453,0.21254665,0.6720983,-0.01518504,-0.006310837
TCGA-CD-A4MH,0.030235928,0.10378669,0.012005062,0.18466626,-0.0015237433,0.09330701,0.62533104,0.5406738,0.16924112,0.048237156,-0.0010510704,0.40655506,0.29696742,0.23958063,-0.009222414,-0.009715427,0.13227518,-0.008223902,0.2739638,0.17095125,0.10700229,0.06682301,-0.0075835525,0.07232584,-0.0009935104,0.08614643,0.11449077,0.18183386,0.024975322,0.6212831,0.06806722,0.3188423,0.019841217,0.14701256,0.21447624,0.058114126,0.23047854,0.14474706,0.09489177,0.3015645,-0.0038949158,0.24702956,0.22397959,-0.0101086,0.58642864,0.12893361,-0.008802277,0.07756963,0.56535107,0.04653907,-0.0045331316,0.63775915,0.014733467,0.18589151,-0.0026833657,0.5327081,0.064128816,-0.0104346275,0.18960926,0.11857002,0.30038813,0.5171902,-0.009069613,-0.007699205
TCGA-CD-A4MI,-0.008004747,0.015059281,0.041688252,0.07318393,-0.0032488704,0.048724093,0.3226449,0.34862986,-0.00097532384,-0.0008310426,0.008353636,0.061561543,0.12084478,0.12324866,-0.0054114424,-0.0017498613,-1.5358999e-05,-0.0071819373,0.1038999,0.035968944,0.009963239,0.011404973,-0.0031798866,0.036402762,-0.0031769983,-4.4556335e-05,0.072388224,0.080335416,0.0011659339,0.3290801,0.0020487793,0.17310488,-0.002220147,0.12089784,0.11955985,0.02329544,0.12926862,0.09497507,0.0017089173,0.15860282,-0.0064892485,0.14366835,0.013096465,-0.0056564766,0.39435813,0.1273889,-0.0036813256,0.04226067,0.33985314,-0.0042414623,-0.0028660104,0.2613373,0.04832425,0.048201032,0.03780168,0.31116104,0.10376541,-0.0074776546,0.08095267,0.05274056,0.054367132,0.28572705,-0.008005153,-0.0024364095
TCGA-CD-A4MJ,-0.005314474,0.15124145,0.08735016,0.24930982,-0.0025243515,0.123300694,0.46908748,0.8492974,0.04545286,0.21627517,-0.008858628,0.6302007,0.2864329,0.36039835,0.04423382,0.12975034,0.14586613,-0.0043477924,0.26043245,0.31967866,0.14852434,0.075003244,-0.0027610026,0.10699344,-0.0013688725,0.2043134,0.10482996,0.24578792,0.04360427,0.78332955,0.044071082,0.32312813,0.09774138,-0.00013338476,0.14409572,0.14817238,0.21302944,0.2297011,0.009850651,0.122619465,-0.008306082,0.29573974,0.3782394,-0.011831008,0.70539415,0.039459705,-0.010707075,0.26117575,0.70718116,0.053521514,-0.014814533,0.8090211,0.03375742,0.18637827,0.036752503,0.7462585,0.22526443,-0.018147124,-0.0036045988,0.14861321,0.679743,0.48603413,-0.01033249,-0.010826064
TCGA-CG-4437,-0.0071068853,0.08919576,-0.00088285946,0.095701866,-0.008073286,0.06700607,0.55930805,0.8426824,0.11950812,0.110501766,-0.016290087,0.36008355,0.2693123,0.3064843,-0.00025062152,-0.011289981,0.18714182,-0.010685227,0.33902124,0.2235809,0.13351282,0.10936281,-0.008327603,0.13130489,0.06935127,0.16987602,0.102404945,0.18653297,0.048091732,0.6290286,-0.00028398188,0.22178444,-0.0027885016,0.111673295,0.097515,0.23053584,0.18846883,0.19903654,-0.0030912452,0.2238478,-0.0072352425,0.23023501,0.2653374,-0.0067753703,0.6451446,0.121954285,-0.009947446,0.16303067,0.7111872,0.019929543,-0.0018760272,0.5280386,0.09179586,0.22944728,0.034591075,0.5792417,0.17041516,-0.005032939,0.07652757,0.20889488,0.29184023,0.3990465,-0.00045786743,-0.011269081
TCGA-CG-4441,-0.00786975,0.07853924,0.00847764,0.24709348,-0.006362006,0.09299583,0.64146405,0.8601757,0.13736992,0.13059685,-0.017756788,0.40477207,0.34764996,0.2987966,-0.0044623404,-0.001858417,0.13009909,-0.011865518,0.3196361,0.23073424,0.23341268,0.09815725,-0.015208423,0.19116694,0.06744848,0.16238624,0.1517252,0.23879373,0.05361013,0.7301813,0.07911414,0.38097522,0.021546394,0.02006091,0.16781572,0.22277054,0.19345812,0.07140592,0.059720505,0.25984642,-0.0012289562,0.3445787,0.337402,-0.008135696,0.97206473,0.20000848,-0.004272833,0.19024265,0.8301756,0.007853568,-0.00921487,0.69725335,-0.0017470237,0.24123737,-0.005683614,0.80084556,0.115683176,-0.007870033,0.16709417,0.23117566,0.25031245,0.6100957,-0.00086852274,-0.010378877
TCGA-CG-5717,-0.0047349525,0.066625774,0.070829116,0.06086328,-0.009595307,0.010585126,0.48891872,0.64132065,-0.0032874828,0.020405242,-0.008778697,0.2306178,0.27060014,0.23796943,-0.0090955915,-0.006326146,0.05429499,-0.0026710758,0.2155163,0.15216418,0.048613675,0.008465971,-0.0049399487,0.010087736,-0.0046691406,0.057982896,0.1274041,0.065314874,-0.0041817026,0.4947704,0.02276374,0.343339,0.049888663,0.063513845,0.17062217,0.133443,0.24703372,0.12463012,0.07145549,0.18839267,-0.007901609,0.2987762,0.1345435,-0.006998056,0.7064252,0.22191566,0.028060332,0.09298667,0.5716612,0.08895804,-0.0035560147,0.4405246,0.09442471,0.10360879,-0.0017464955,0.58777016,0.121601656,-0.0021986393,0.18970166,0.14793469,0.05040188,0.4252951,-0.0048097796,-0.003935892
TCGA-CG-5718,-0.01683264,-0.0046681026,-0.013314396,0.17779033,-0.03283552,0.2643913,0.8945115,1.1773856,0.6385716,0.3704459,-0.013735697,1.0096966,0.42759475,0.34257126,-0.012166459,-0.026443858,0.21083605,-0.0077222623,0.37653062,0.053867586,0.28917325,0.34155366,-0.008543963,0.06794751,0.0038092658,0.23249218,0.06211994,-0.0067906524,0.1378409,0.8641589,-0.011345046,0.59414077,-0.0023914992,0.059875324,0.20915708,0.06454561,0.3016262,0.1963808,-0.008349306,0.39858955,-0.0043102135,-0.0023928515,0.44408268,-0.022107879,0.9523324,0.25228974,-0.018055478,0.24378404,1.0802152,0.20870426,-0.002591107,0.87423766,0.9064829,0.12092927,0.13809967,0.86561334,0.18798643,-0.027367562,0.29163042,0.51084226,0.46238196,0.67458206,-0.029463802,-0.019238709
TCGA-CG-5719,-0.011755581,0.13480729,0.13207944,0.17017691,-0.00084548345,-0.00720228,0.7510902,0.8543949,-0.008708482,-0.0017121192,-0.017055882,0.07511552,0.29398474,0.25283477,-0.005066564,0.103117354,0.029052785,-0.0054913233,0.40941274,0.16931729,0.23252457,0.06413731,-0.00783182,0.08803778,0.090565175,0.12518227,0.20185158,0.07987834,0.044444717,0.6344638,0.14658226,0.38711026,0.04664582,0.25967723,0.314766,0.21050686,0.33203796,0.061736368,0.05540056,0.43169492,-0.0072863623,0.4009998,0.25640497,-0.009459066,0.9138477,0.23410615,-0.0028995115,0.36996087,0.910256,0.13789636,-0.0067869104,0.60108644,0.196746,0.13358541,0.0069634207,0.7092879,0.19461015,-0.006459277,0.033366308,0.22585684,0.0025138184,0.5731088,-0.0122525925,-0.006994015
TCGA-CG-5720,0.01610675,0.05918134,-0.002315217,0.09373847,-0.006913226,0.048046526,0.48902208,0.64409006,0.06883417,0.08287687,-0.0071763657,0.29573965,0.25153503,0.22145446,-0.008114198,-0.010842855,0.11256248,-0.0021993637,0.16673428,0.15318836,0.07540562,0.020648133,-0.011999245,0.06475525,-0.0030738884,0.06989141,0.08847361,0.14347428,0.023774408,0.5286684,0.00052529573,0.2744141,-0.0028145816,0.05009465,0.10991889,0.10030184,0.15198246,0.109423906,0.07798082,0.19222298,-0.009261081,0.24568784,0.17361398,-0.011852267,0.64930487,0.15413257,-0.0052061644,0.080273926,0.53194505,0.017265908,-0.0031970192,0.45698053,0.07869368,0.15447292,-0.0040426156,0.59558785,0.08604483,-0.007885767,0.17818864,0.17630602,0.06877358,0.43043947,-0.0043427907,-0.0042687864
TCGA-CG-5721,-0.0065915734,0.051305175,-0.0016925927,0.14119108,-0.00509147,0.10327734,0.71407646,1.009053,0.049556155,0.10071574,-0.019404493,0.4658197,0.36922878,0.37315655,-0.009966956,-0.013778332,0.025963994,-0.00085706246,0.26707774,0.25893748,0.21034022,0.04625825,-0.012324606,0.10887818,0.042519897,0.108392656,0.084991686,0.18044719,-0.0017811119,0.59081644,0.004632119,0.5307308,0.03500592,-0.00055465364,0.17367192,0.22688761,0.27323908,0.21390589,0.04810648,0.19829881,-0.005955548,0.5595968,0.4689216,-0.021266563,1.0181472,0.25347298,-0.004717123,0.16080533,0.73879737,0.090323344,-0.0008166092,0.65358675,0.13972586,0.21320254,-0.003968884,0.7918418,0.13978986,-0.011655153,0.22284487,0.31374156,0.013973042,0.6464477,-0.015811274,-0.010172238
TCGA-CG-5722,-0.0046119755,0.10486494,0.02524539,0.081015065,-0.0054204813,0.06574244,0.67965823,0.79919136,0.03113224,0.07347973,-0.010467834,0.33685246,0.33284864,0.2865914,-0.010770852,-0.0070313127,0.058923244,-0.0050853053,0.2963228,0.22986484,0.20998858,0.069267586,-0.013656229,0.066492125,0.06561044,0.040013526,0.1981135,0.15810168,0.078415,0.57345015,-7.0097296e-05,0.35181984,0.0028413124,0.063222244,0.15158853,0.16465324,0.25455472,0.13028683,0.051471855,0.38291025,-0.0098867435,0.39523837,0.25328696,-0.012401878,0.8359624,0.20382607,-0.0142347505,0.15708725,0.6897932,0.07823485,-0.009301271,0.60866195,0.1513225,0.16839153,-0.0008278787,0.7537121,0.0980638,-0.011805496,0.23505723,0.21331395,0.11131983,0.55239046,-0.0067782337,-0.01122145
TCGA-CG-5723,-0.0018406432,0.017582584,-0.0031017554,0.03909702,-0.0050023147,0.0534445,0.5625601,0.9125958,0.13624722,0.13370349,-0.0032256232,0.39466652,0.31367776,0.2531752,-0.008536403,-0.011078855,0.13959327,-0.0062068864,0.3592458,0.16817991,0.29792932,-0.00022183052,-0.01475691,0.00965758,-0.008207767,0.07081267,0.22873214,0.10209334,0.06219457,0.7448764,-0.0063771876,0.2646195,-0.004821496,0.13304394,0.11779696,0.18732369,0.23862535,0.117373556,0.030581314,0.2282232,-0.0021494671,0.30275893,0.34358788,-0.015315348,0.80481386,0.14322999,-0.012748334,0.23896652,0.67701507,0.11673029,-0.007273981,0.6957596,0.21603209,0.26713026,0.03822081,0.5220829,0.22153711,-0.006856579,0.14555539,0.17663054,0.15431333,0.49978632,-0.016241087,-0.013901183
TCGA-CG-5724,-0.0030694995,0.05175763,0.20039028,0.10256635,-0.005009466,0.016658727,0.91055363,1.0099285,0.065478206,0.03977078,-0.010230098,0.35449666,0.50014734,0.4223292,-0.004034888,0.034640677,-0.0043699457,-0.011632509,0.5759275,0.1817918,0.36715913,0.058366936,-0.0029420808,0.14039561,0.10545169,0.29366648,0.20655572,0.25835192,0.055845603,0.71839714,0.106574506,0.24093656,0.021854177,0.11009342,0.16858174,0.15930584,0.41369298,-0.0045230445,0.008067831,0.13217379,-0.0070143268,0.42842373,0.6495267,-0.016128214,1.3129253,0.1779711,-0.023089085,0.44997627,0.9874318,0.06422624,-0.010132249,0.784458,0.0827858,0.3061577,0.088817716,0.8744153,0.47217464,-0.0041808146,0.25910115,0.14401838,0.03128002,0.88424796,-0.030550186,-0.015875265
TCGA-CG-5725,0.055062097,0.063565865,-0.014082919,0.098658815,-0.0035196957,0.000716652,0.60227466,0.749429,0.24733374,0.057840724,-0.014961791,0.31171674,0.35303542,0.20140105,-0.0077819275,-0.0004935809,0.2913091,-0.0068791024,0.28324214,0.15691693,0.31858432,0.12528908,-0.0145305935,0.18405798,0.033861704,0.10178387,0.19484574,0.03075352,0.1664201,0.70038754,0.09638494,0.26718572,0.056005165,0.056199793,0.15188882,0.10464502,0.15681201,0.06632368,0.11752042,0.3180092,-0.0055975234,0.23387718,0.27845293,-0.0068382933,0.7618532,0.13068426,-0.015785208,0.22951183,0.55643725,0.2148999,-0.0069967993,0.72306764,0.13253918,0.3545809,-0.009144202,0.7307471,0.025143875,-0.022484696,-0.016430346,0.22569007,0.3902124,0.2698873,-0.012420591,-0.010609168
TCGA-CG-5726,-0.0012114067,0.025895242,-0.0077752518,0.123817846,-0.015634252,-0.0020591062,0.6147842,0.9054499,0.12452534,0.10987824,-0.013035721,0.52757883,0.30589315,0.317473,-0.011361222,-0.018740548,0.10622957,-0.0027528582,0.26421696,0.24396811,0.28033057,0.04269063,-0.006850724,0.104356475,-0.007630644,0.12750787,0.16535234,0.21292189,0.03415233,0.71485335,0.018319711,0.4286183,0.044203788,0.02551293,0.09895097,0.19121519,0.16645938,0.1435193,0.118790835,0.19769028,-0.004919783,0.33660817,0.41433907,-0.015874421,0.90256834,0.20263433,-0.0026124974,0.13788876,0.75162727,0.11879054,-0.0021269943,0.6165538,0.084085286,0.21874604,-0.007285669,0.7606279,0.03831879,-0.014683236,0.24930559,0.34196636,0.17410243,0.55334896,-0.01089047,-0.00747833
TCGA-CG-5732,0.029909637,0.023778513,-0.0049478826,-0.011143717,-0.016273556,0.004915056,0.5273596,0.72461843,0.111056685,0.12581761,-0.0017426396,0.21726969,0.2575223,0.26558703,-0.01552822,-0.0076808403,0.19813278,0.0065360796,0.2140147,0.056923665,0.17671293,0.15362206,-0.014086044,0.0019974858,-0.008316911,0.0655296,0.1613132,0.15476802,0.030951202,0.6852286,-0.0063105174,0.42711887,0.0063617527,0.0440515,0.14581877,0.055821873,0.4085322,0.17772508,-0.0015493993,0.24987146,-0.013338955,0.19839843,0.124740005,-0.010504766,0.72068155,0.14881036,-0.011873367,-0.00043701977,0.5527661,-0.00053082407,-0.0053371913,0.62555087,0.14137271,0.21330169,0.029171828,0.5664631,0.15316285,-0.006372746,0.11881644,0.15685943,-0.0033782914,0.3950864,-0.0027918695,-0.0013700397
TCGA-CG-5734,-0.0011902269,0.17428353,-0.0011031477,0.14593785,-0.0038557404,0.08905407,0.639089,1.0090567,0.03683765,0.13781507,-0.022591325,0.49034834,0.35062,0.4055143,-0.010009404,-0.008786044,0.09846076,-0.00020768214,0.3223725,0.38379025,0.17554685,0.049932428,-0.016190628,0.09652677,0.0923816,0.04149883,0.16072035,0.19234133,0.07308876,0.659415,0.085221365,0.39658004,-0.0026537725,0.10925679,0.13033076,0.12717861,0.30416298,0.17852885,0.0975917,0.27239,-0.0053271535,0.4611899,0.30373916,-0.01230144,0.93870115,0.20087188,-0.015568922,0.17941508,0.866717,0.052140653,-0.0125003755,0.6149308,0.15005232,0.18489549,-3.011264e-05,0.7888945,0.100357465,-0.016159143,0.38907075,0.28835973,-0.006262205,0.712306,-0.0087824585,-0.009956866
TCGA-D7-5577,-0.0052706976,0.026535079,0.01826099,0.18447852,-0.005067574,0.0821943,0.5881911,0.92053175,0.30313575,0.13420777,-0.004364114,0.5898389,0.46103022,0.3326943,-0.008789389,-0.010399881,0.27229598,-0.010285965,0.2346129,0.25484002,0.3226065,0.16507469,-0.014954835,0.22176105,-0.0023816233,0.22230703,0.08400856,0.1925318,0.065407634,0.81054777,-0.0075826654,0.23242936,0.0025871173,0.07488626,0.024771616,0.29447713,0.24853666,0.03488043,0.012972809,0.20006874,-0.0056834384,0.31674507,0.39469728,-0.015012929,0.99369204,0.1740706,-0.01535531,0.13324122,0.7762641,0.027096987,-0.013391352,0.66963375,0.22552224,0.30095255,-0.009680385,0.74960893,0.21633315,-0.008449472,0.22244628,0.18011263,0.3306957,0.5538771,-0.0044803335,-0.00886145
TCGA-D7-5578,-7.14127e-05,0.014639394,-0.0010855802,0.071664155,-0.011894967,0.0069374805,0.5170984,0.77746296,0.085978016,0.12502186,-0.00028569848,0.33961874,0.19520837,0.29390708,-0.013949409,-0.004115086,0.2693624,-0.0076999613,0.14737788,0.07570227,0.048980698,0.06127372,-0.006299575,0.08046508,-0.005811479,0.0018444881,0.2525314,0.121245384,0.07558445,0.65843964,-0.0054242075,0.31526318,0.021997966,0.115821786,0.11884341,0.12943524,0.2802159,0.081842765,-0.0024699306,0.23587134,-0.007981275,0.15372628,0.20287526,-0.015984563,0.625502,0.080723025,-0.009286322,0.13084075,0.60945094,0.01863569,-0.0131187085,0.5865359,0.03541704,0.22377706,0.04772388,0.55718255,0.10693058,-0.012275167,0.11651667,0.20070066,0.23041183,0.34922776,-0.013680781,-0.008039064
TCGA-D7-6518,-0.0090436805,0.06519941,0.10079721,0.071486115,-0.0007849823,-0.0032601755,0.3924834,0.45171496,-0.005634393,-0.0052161296,-0.0018743413,0.08171527,0.17340311,0.17382179,-0.001315794,0.020597711,0.007549612,-0.0029592148,0.18059832,0.080113664,0.07958953,0.021927532,-0.0068860278,0.01690702,-0.0021230828,-0.003982669,0.11645769,0.074506454,-9.154342e-05,0.36331373,0.01416472,0.22555402,-0.0008847527,0.15102902,0.17412676,0.08124662,0.19275436,0.046537507,-0.0007109918,0.26168653,-0.005517795,0.20464587,0.042390674,-0.0035801274,0.44102404,0.14626485,-0.0003639076,0.10287036,0.40651104,0.051408738,-0.001075747,0.3163526,0.09538962,0.052956045,-0.004339201,0.35219145,0.12200783,-0.009086987,0.0637551,0.081967205,0.058099438,0.28098956,-0.004499531,-0.0035883605
TCGA-D7-6519,-0.00816759,-0.005279371,-0.014555504,0.089584924,-0.008362796,-0.0016444664,0.6669915,0.8651255,0.19918603,0.16095588,-0.0048749954,0.3951751,0.32438815,0.37776852,-0.0025503486,0.09499908,0.21705455,-0.016515529,0.31154644,0.2413262,0.020420838,0.13356373,-0.00026997327,0.016590826,0.028981939,-0.0003999941,0.2512473,0.15191433,0.018009134,0.71744925,-0.006448531,0.42870167,0.07496829,0.05511821,0.26573873,0.15639412,0.38803914,0.0543242,0.05418277,0.1364751,-0.008457169,0.3067995,0.4803592,-0.0020907451,0.72380006,0.088560544,-0.023630187,0.20289642,0.6712375,0.01761344,-0.013749832,0.6091437,0.13527645,0.28627983,0.073152855,0.5739698,0.24352868,0.057863556,0.15986758,0.08466473,0.20164737,0.4660913,-0.0047798133,-0.017161535
TCGA-D7-6520,-0.013761006,0.16300061,0.060083795,0.12849474,-0.004129411,-0.0030327216,0.66058135,0.77458096,0.12330739,0.09665012,-0.0069310213,0.13677226,0.31963035,0.27157775,-0.004174448,0.052071534,0.06527643,-0.002794705,0.4077319,0.13206324,0.38802126,0.14230578,-0.012289806,0.15113005,-0.0066004144,0.14804778,0.18007803,0.21093318,0.14058495,0.557829,0.07469009,0.32050875,0.035844527,0.25654083,0.2903443,0.20872399,0.46504208,0.11624549,0.05107819,0.4042809,-0.004154947,0.26009956,0.2418341,-0.003076651,0.7215333,0.16199675,-0.0064411894,0.23478714,0.78957665,0.07448661,-0.0077144117,0.6240838,0.08771558,0.12934142,0.0074148662,0.6644775,0.096678734,-0.013259292,-2.8952678e-05,0.13596332,0.1901328,0.50570416,-0.010692972,-0.00434425
TCGA-D7-6521,-0.006343154,0.080813736,0.022397168,0.16482516,-0.005102617,0.0117384,0.43869066,0.5111216,-0.0021672023,-0.0042054374,-0.010861563,0.21640839,0.2154505,0.25594234,-0.011543242,-0.0013178453,0.007429516,-0.001442569,0.26507583,0.112503834,0.025318183,0.023304295,-0.0045797178,0.039400205,0.031022817,0.012593273,0.13861775,0.07645845,0.040867217,0.4283123,0.06626797,0.26696616,-0.0019635845,0.06597367,0.2097639,0.046265237,0.16558474,0.119264275,0.028975822,0.29624617,-0.007672538,0.29434153,0.16205354,-0.0027779338,0.5780493,0.21375939,0.023927826,0.12657249,0.5841302,0.02404932,-0.009048493,0.44771028,0.10607959,0.045191742,0.018821374,0.5462523,0.098747104,-0.0062164194,0.17035587,0.09920262,0.15142399,0.40792918,-0.0033181019,-0.0052715773
TCGA-D7-6522,0.022951718,0.077267036,0.14035259,0.0017636698,-0.004072151,-0.007651962,0.5945833,0.7318549,-0.0023376395,0.010816801,-0.0068591447,0.029035073,0.31196302,0.2766257,-0.0014160175,0.028538905,0.16404334,-0.008962913,0.3212375,0.12162363,-0.003164595,0.052932683,-0.011644487,-0.0029149465,0.0018983185,0.044085648,0.19642189,0.12547198,0.08816529,0.56994516,0.03880552,0.2555351,0.01838791,0.21694914,0.23709251,0.13288805,0.31885526,0.05998293,-0.002483211,0.38525397,-0.009483985,0.29870844,0.14508176,-0.011573466,0.7204237,0.14283803,-0.009823806,0.19687259,0.6098476,0.053839855,-0.010005249,0.607938,0.06365381,0.079213135,0.090567365,0.5327512,0.27055278,0.029507682,0.20179579,0.0141045675,0.03507433,0.46691772,-0.00656641,0.0067916224
TCGA-D7-6524,-0.007240239,0.16237307,0.23550749,0.16077147,-0.0016535294,-0.0031957366,0.83510697,0.736193,-0.010335714,0.01660883,-0.017064145,0.07732931,0.2732421,0.37558368,-0.0071804407,0.020661585,0.09384033,-0.014557227,0.5108189,0.2945413,0.17387573,-0.0003546578,-0.01390059,0.017061397,0.052826613,0.2464003,0.30022117,0.10797189,0.013173871,0.57203233,0.15384477,0.3594559,-0.0008443698,0.16994286,0.34750772,0.17549303,0.40065396,0.059304908,0.16883898,0.29919946,-0.008065085,0.42384946,0.57697105,-0.013644862,1.0213759,0.20864227,-0.0073744,0.4622388,0.96216816,0.14424823,-0.0050250855,0.64019567,0.013523545,0.157249,-0.00075137394,0.7305161,0.23776633,-0.0067474036,0.2167003,0.18195374,0.013498716,0.7334901,-0.011166802,-0.0061087096
TCGA-D7-6525,-0.007374221,0.013134392,-0.00056098506,0.056710675,-0.0032236937,0.049915362,0.54639703,0.746649,0.13909799,0.11607148,-0.0052335574,0.25363362,0.35945243,0.24499434,-0.0018194587,0.017408244,0.12357147,-0.0068676434,0.22628886,0.15891996,0.09622846,0.10337653,-0.012762344,0.060158826,-0.004138596,-0.002234364,0.19736892,0.14566347,0.1167214,0.55565566,-0.0053927074,0.3014281,0.031173661,0.078730635,0.119836375,0.11896571,0.2531768,0.013187636,-0.010654733,0.31154883,-0.0065609696,0.23432355,0.3520098,-0.008176255,0.76746345,0.14481726,-0.0103481775,0.15596294,0.6763113,0.046122283,-0.0071346792,0.55004424,0.14958443,0.16326025,0.0115475245,0.63397825,0.235842,-0.0063120574,0.066125125,0.14528912,0.07787975,0.4459845,-0.013100507,-0.010254276
TCGA-D7-6526,-0.0044343206,0.021718603,0.05598429,0.1270416,-0.009702403,0.02352623,0.7345962,0.87133604,0.13562593,0.0796632,-0.013544658,0.41357258,0.33828336,0.4033118,-0.0057025105,-0.00015067383,0.09131264,-0.0037016354,0.34517702,0.13424596,0.25928155,0.20991847,-0.005262962,0.16810587,0.09455125,0.16469236,0.085860245,0.23192525,0.14649767,0.7187384,-0.007893083,0.33467236,0.11867699,0.08185139,0.23100968,0.2778212,0.30684745,0.19757974,0.023038812,0.32476392,-0.010628194,0.3477196,0.41575474,-0.008737402,0.85212195,0.20706314,-0.0042101103,0.21267292,0.75221306,0.19989723,-0.009802578,0.6573337,0.21843456,0.20555755,0.05724747,0.70487994,0.049590826,-0.015416554,0.07438623,0.18898734,0.43738195,0.50795764,-0.017249791,-0.008318534
TCGA-D7-6527,-0.018767593,0.20249856,-0.0050159018,0.22918423,-0.01703098,0.0015376725,0.44059867,0.86088157,0.26834378,0.18703367,-0.010601603,0.53120846,0.3347681,0.21979979,-0.0058197347,0.007863618,0.19542672,8.655526e-05,0.23485127,0.23353083,0.21125425,0.21261793,-0.020091426,0.076254524,-0.001098507,0.13657004,0.08292735,0.2029163,0.20501268,0.73202235,-0.0062864646,0.3068379,-0.012875996,0.05224709,0.18398817,0.059422873,0.2669613,0.09650771,0.035971757,0.1939813,-0.01636968,0.2185815,0.10134846,0.028863914,0.8295071,0.17395774,-0.01867953,0.022186257,0.70030147,0.08229306,-0.0014092823,0.70646834,0.091697454,0.20624092,0.02933931,0.6851489,-0.004087274,-0.024030318,0.24102488,0.18483952,0.25881064,0.46443024,0.07730921,-0.011155688
TCGA-D7-6528,-0.018766666,0.16267547,-0.00097551005,0.40386927,0.040224697,0.12982568,0.74820954,1.0174466,0.24136707,0.27697673,-0.016919909,0.9122351,0.4197447,0.39549318,-0.01468085,-0.0046227085,0.027117336,-0.010577118,0.39777336,0.33849984,0.11110272,0.052167717,-0.0024272047,0.13100035,0.08543946,0.07025875,0.06378802,0.27874064,0.14967921,0.94165576,0.057991643,0.71080464,0.06813311,0.04907856,0.2733363,0.2597299,0.12290608,0.35553193,0.2338962,0.19370444,-0.002936579,0.5084896,0.46261638,-0.0017874476,1.0349447,0.2883003,-0.0024252336,0.030181184,0.7836418,0.20062593,-0.008842002,0.8212575,0.16701472,0.13894069,-0.0145099955,0.9535569,0.016280906,-0.028103983,0.33566868,0.26987192,0.5756268,0.7332289,-0.009629111,-0.023291856
TCGA-D7-6815,-0.009581509,0.18286082,-0.0028374784,0.14604416,-0.015193599,0.033656683,0.48124033,0.86122084,0.19820467,0.13208419,-0.006088835,0.5996961,0.33232185,0.31017333,0.011180155,-0.006492453,0.21257997,0.026589403,0.31155148,0.07850858,0.301791,0.1443404,-0.024748845,0.12643173,0.0150717795,0.13598098,0.058508314,0.3967533,0.2610103,0.74539894,-0.000871652,0.19769998,0.022499643,-0.0014116567,0.1626035,0.20233,0.049631104,0.18197906,0.016953561,0.2396403,-0.0054076384,0.3222792,0.40042025,-0.009928547,0.76092327,0.19157988,-0.004029667,0.06512075,0.7078987,0.062566906,-0.013806752,0.6475381,0.16083802,0.32410938,-0.00621085,0.77712137,0.08911161,-0.010040734,0.16778809,0.24990596,0.4617212,0.4977326,-0.0072663077,-0.0014117024
TCGA-D7-6817,0.0019407533,-0.0036959895,-0.0057086167,0.0131351035,-0.008874573,0.07122088,0.64467347,0.7927853,0.2448807,0.12060918,-0.0149521,0.43224028,0.31137475,0.35648364,-0.009097613,-0.010417213,0.22879398,-0.01421382,0.2620428,0.23871695,0.1935774,0.15773079,-0.0054610274,0.10172726,0.060372397,0.185086,0.12421053,0.1888293,0.11322879,0.8087937,-0.0018755783,0.41543746,-0.0011255324,0.120004736,0.16989622,0.22082555,0.30083758,0.23614964,0.017970104,0.25177908,-0.014384751,0.2423112,0.26141822,-0.00018503424,0.77166116,0.13614482,-0.016262857,0.015818685,0.6781881,0.0754253,-0.008884813,0.63278073,0.21800604,0.27158543,0.006477941,0.63170135,0.15050925,-0.006127186,0.17040782,0.11881447,0.26683587,0.39002717,-0.009510199,-0.0041870237
TCGA-D7-6818,-0.0008556754,0.03884494,0.19203603,0.13489841,-0.0008547402,-0.0022487328,0.6325723,0.6178027,0.06995754,-0.0024890197,-0.013433382,0.12601264,0.17970571,0.25795507,-0.0011608374,-0.0047025094,0.076648325,-0.012450348,0.3786703,0.13096613,0.24582899,0.00210555,-0.0034288191,0.061846957,0.05293843,0.17107356,0.09800493,0.11620769,0.0128031075,0.48978716,0.15811259,0.14498131,-0.006190629,0.20390934,0.30500633,0.08721815,0.27129757,0.06120404,0.10474916,0.1910995,-0.0072166375,0.29773378,0.28163117,-0.009040274,0.732911,0.123651184,-0.008223452,0.28072405,0.6807684,0.05493605,-0.009575142,0.4528468,0.18570933,0.13022661,0.032430332,0.49956065,0.21676275,-0.0074463743,0.24610192,0.11569448,0.20623302,0.5547885,-0.014974753,-0.01085479
TCGA-D7-6820,-0.013900575,0.040817276,-0.014332767,0.4522202,-0.027499938,0.22790691,0.5778272,1.3412145,0.61212873,0.34985065,-0.023860421,0.79792273,0.4355363,0.37576276,-0.007398711,0.050449304,0.55574197,-0.01676262,0.25814655,0.48421347,0.6365384,0.27248728,-0.014416519,0.30033144,0.14643988,0.37412006,0.06816914,0.2606579,0.25296563,1.2113719,-0.014225185,0.27666855,-0.009295236,0.20686999,0.04588257,0.26775327,0.32775286,0.21863827,0.13047597,0.16756931,-0.0046004374,0.23657133,0.19552931,0.04312956,1.0873405,0.063014515,-0.035885297,0.122127,0.94703525,0.05639547,-0.011210422,0.92930555,0.074866585,0.38881373,0.044792805,0.82623684,-0.0056116134,-0.008164436,0.16581295,0.25229415,0.62417513,0.6369569,0.071001835,-0.024946285
TCGA-D7-6822,-0.009305832,0.0617634,-0.00840981,0.48028165,-0.008238123,0.026440687,0.65231764,1.1987838,0.5068868,0.269967,-0.016583206,0.8837302,0.5132469,0.35740158,-0.011798204,-0.016108785,0.4737313,-0.002041982,0.2378781,0.6290904,0.35133854,0.039884623,-0.006057734,0.34500086,0.13968958,0.367629,0.49169898,0.3029495,0.037027307,1.237453,-0.0022960154,0.20890911,-7.8342855e-06,0.30138263,0.14094532,0.14909801,0.25819367,0.26285535,0.34733823,0.64672995,-0.014655381,0.46350986,0.8430799,-0.020315478,0.82138014,0.08576126,-0.029679587,0.56817573,0.87047416,0.4186223,-0.0037421721,1.0624775,0.36658752,0.34012395,0.250742,0.63438416,-0.00013800878,-0.006920013,-0.016508497,0.5175001,1.0810878,0.5282295,-0.012994885,-0.022022277
TCGA-D7-8570,-0.0034844,0.019883517,-0.0016467747,0.08284718,-0.009594358,0.094179116,0.46470523,0.56311136,0.012729734,0.052420687,-0.009141552,0.24955945,0.19217628,0.28131956,-0.0051731565,-0.0052698217,0.18427208,-0.0073951236,0.14701165,0.021955268,0.02104368,0.084075436,-0.007959536,0.062274784,-0.0012116637,0.067305714,0.15909776,0.13147525,-0.0015532859,0.56918377,-0.0038327333,0.19155116,0.007522188,0.099242315,0.09158011,0.11218267,0.22574538,0.10642068,-0.00053844135,0.15994349,-0.004898126,0.2570445,0.09174034,-0.0134266885,0.6539794,0.13602296,-0.010953473,0.07578515,0.48196176,-0.001817929,-0.009961663,0.4960801,0.040899,0.16020364,0.010845445,0.5173096,-0.0006762909,-0.006965195,0.15530133,0.011982933,0.16500333,0.4486864,-0.008903816,-0.0126805995
TCGA-D7-8572,0.04274905,0.0478401,0.066835776,-0.0017644701,0.0050156657,-0.007295005,0.40237665,0.45582095,-0.00075625296,0.0144484155,-0.0023946045,0.050533485,0.19035548,0.21423848,-0.0036258013,-0.00602979,0.039116427,-0.006734011,0.228941,0.010234607,0.09216302,0.10171335,-0.013853416,0.03643901,-0.003948947,-0.002858109,0.21455777,0.12562515,-0.0041012256,0.34649885,-0.0033050217,0.100771,0.0023637265,0.09941291,0.1783422,0.050462924,0.27132702,-0.0012269471,-0.0038778626,0.22933266,-0.0041938373,0.1509863,0.08000228,-0.010502882,0.51247454,0.22443828,-0.0015728873,0.15388969,0.45797685,0.019515455,-0.003067198,0.3937564,0.002241347,0.12794308,0.110977784,0.3711673,0.090553515,-0.004123554,0.089345,0.0481919,0.09805343,0.31899863,-0.0061737746,-0.00029638925
TCGA-D7-8573,0.0052872784,0.13377655,-0.0025057092,0.17179085,0.005294309,-0.0054784296,0.464872,0.8559668,0.16541284,0.20497556,-0.004523106,0.6751533,0.2684776,0.27345067,-0.00953618,-0.004522733,0.20624468,-0.012058055,0.118207894,0.1318782,-0.008355999,0.21807747,-0.012343306,0.031547084,-0.008832156,0.10757455,0.22488335,0.21518594,0.2100861,0.76471555,-0.004541684,0.28610337,-0.002075235,0.10641586,0.12751995,0.13243541,0.16036397,0.22937521,-0.005116775,0.17000002,-0.006235843,0.124763,0.26307327,-0.0068726763,0.7134948,0.060174935,-0.00905215,0.10334028,0.5888062,0.051737912,-0.013829797,0.7536797,-0.0033581553,0.19271696,0.03302342,0.5925728,0.062354937,-0.019618679,0.21059811,0.15440612,0.6256275,0.41021782,-0.010823385,-0.0048952373
TCGA-D7-8574,-0.0050111194,0.04224515,0.20815788,0.056276463,0.012259873,-0.0037357665,0.67357504,0.7040389,-0.017325431,-0.011046588,-0.01245222,-0.005030609,0.20654441,0.3000885,-0.008820524,0.09097361,0.1445841,-0.016845023,0.39564952,0.104776256,0.07709322,0.051944703,-0.01178671,0.003488224,0.03210333,0.0061581843,0.3653618,0.07556395,-0.0024542962,0.5833941,0.013493508,0.32020417,-0.0016198052,0.19182044,0.27258024,0.074549586,0.4220012,-0.000447575,-0.0010972075,0.42424196,-0.0060418155,0.33927312,0.12968446,-0.015765233,0.7597152,0.29266852,-0.00503796,0.28330705,0.6810526,0.059035487,-0.004586915,0.6648055,-0.00021862425,0.16797602,0.032047678,0.5368755,0.21927674,-0.0046490035,0.12453165,0.11626893,-0.0029285278,0.5997209,-0.014890417,-0.00814529
TCGA-D7-8575,-0.004557773,0.019130562,-0.009114894,0.015230751,-0.006602203,0.024917122,0.44990265,0.5094806,0.13413157,0.054850172,-0.0059367977,0.28291416,0.15982136,0.121594034,-0.0047466974,-0.005800823,0.19689448,0.01400519,0.04436603,0.084570415,-0.012005743,0.013479878,-0.0033582826,-0.002214142,-0.0017687504,-0.0071977586,0.073083155,0.15925407,0.012584239,0.5494697,-0.01885009,0.29810217,-0.002088543,0.039955746,0.12769233,-0.004624915,0.24971445,0.10165769,0.040322218,0.12540808,-0.011091246,0.24461561,0.045292184,-0.0034483266,0.3853229,0.08627499,-0.01783883,0.014727358,0.3942003,-0.0113649955,0.053534538,0.37554333,0.08181706,0.12614822,0.053862695,0.45389616,0.007193627,-0.0058085686,0.1129824,-0.00022671335,0.122036524,0.3122368,-0.002523095,-0.002925646
TCGA-D7-8576,-0.00074234273,0.047251586,-0.0017851003,0.056818813,-0.005209705,0.0392902,0.38120323,0.44495434,0.033020277,0.0062173028,-0.0055015604,0.2076666,0.14701405,0.18141961,-0.009588629,-0.0022349441,0.1331746,-0.0069144727,0.18304743,0.055263177,0.0524901,0.060081337,-0.013069448,0.031865522,-0.0070022913,-0.00022299812,0.18704656,0.14101136,0.036526464,0.42394006,-0.0045964806,0.13587148,-0.0051345457,0.10370915,0.08884977,0.0105086155,0.1871934,0.084269896,-0.0045777084,0.10459688,-0.0079083415,0.112105325,0.051913783,-0.0073700235,0.4235017,0.09705362,-0.00802152,0.075869076,0.35776076,-0.0028683685,-0.0006870394,0.36479062,0.020724367,0.15402055,-0.0035343748,0.36642098,0.06691219,-0.0043485584,0.055718154,0.109038934,0.11737528,0.27215508,-0.003760703,-0.0073169963
TCGA-D7-8578,-0.0010276024,0.044490688,0.0734141,0.055284783,0.021199033,-0.0050974395,0.38539886,0.46813983,-0.004439946,-0.0041112807,-0.00923524,-0.003498431,0.17267865,0.22813237,-0.001092911,0.018889442,0.07697795,-0.0063823136,0.20498356,0.048219576,0.09156791,0.074537665,-0.011487998,0.045067225,-0.0004941687,-0.0015486736,0.19800392,0.08987899,-0.0033018214,0.3510763,-0.0068667415,0.111137055,-0.0048301257,0.11543797,0.12027909,0.022496276,0.2794046,-0.0018873852,-0.0036454573,0.16880323,-0.0034405054,0.15044974,0.094331615,-0.011021005,0.45970836,0.19070128,-0.0029685837,0.14406018,0.44018832,0.011290476,-0.0019654725,0.38221624,-7.028245e-05,0.10596847,0.02530403,0.34501672,0.12875342,-0.004095176,0.014765749,0.099824704,-0.0019561008,0.2967972,-0.008910368,-0.007535524
TCGA-D7-8579,-0.007849791,0.046393305,0.071899265,0.041194387,-0.0028167914,-0.0003833385,0.27780932,0.3140456,-0.009568499,-0.000106665124,-0.0045547457,0.044449158,0.06543457,0.15108836,-0.001528215,-0.0009929624,0.0085091945,-0.0029844856,0.12356612,0.033212893,-0.0015612526,0.018629204,-0.008974534,0.0071803704,-0.0015312359,-0.00317139,0.06951638,0.038838487,-0.0040991693,0.2555092,-0.0016184042,0.120973565,-0.0041488837,0.12104513,0.13175055,0.015583556,0.13156372,0.02852279,-0.0051624435,0.120981544,-0.006482597,0.12382977,-0.0012041006,-0.0054239808,0.31722254,0.12604101,-0.00018568114,0.07042262,0.32201114,-0.0024678574,-0.0023050527,0.24040739,0.045401648,0.04308668,0.017002907,0.27341807,0.10615085,-0.007003092,0.09295986,0.06459934,-0.0007754941,0.22836316,-0.000690382,-0.0035991378
TCGA-D7-A4YT,-0.004207781,0.061419565,-0.00039136922,0.16026363,-0.011044409,0.129615,0.4472353,0.618114,0.25599113,0.08440395,0.016576478,0.52394915,0.23099941,0.21299809,-0.015109226,-0.0067119533,0.10312046,-0.009194355,0.30504856,0.11742451,0.08288062,0.05149573,-0.008266437,0.1387873,-0.006338042,-0.0026240957,0.018444583,0.1898962,0.13096401,0.6239619,0.03990301,0.26716116,0.03351417,0.07459846,0.14964388,0.00980369,0.17812274,0.15710393,0.17889062,0.08030936,-0.002022608,0.23855981,0.21484694,-0.002615175,0.61732984,0.21263349,-0.006202775,0.104932785,0.3947706,-0.0013070118,-0.011300452,0.6385887,0.14853582,0.1805327,-0.003359107,0.65306145,0.0073412396,-0.011479795,0.10129935,0.16068114,0.6524594,0.5101098,-0.003347771,-0.010452309
TCGA-D7-A4YU,-0.0059821946,0.097279534,0.08083248,0.07850838,-0.0028257284,0.17224845,0.39572126,0.44276223,0.06282757,-0.0003266055,-0.0028871647,0.27008837,0.06561267,0.201178,-0.016698817,-0.004668602,0.00055968575,-0.012286366,0.18034129,0.10955807,0.011446042,0.02301455,-0.006747588,0.028763948,0.022940606,-0.0020747322,0.057268597,0.058624417,0.008440919,0.33455247,0.043817606,0.07904524,-0.0062899604,0.05577409,0.10337043,0.03797745,0.1325342,0.16086525,-0.0011056472,0.11300136,-0.005598878,0.21956716,0.074535236,-0.0037464653,0.46326277,0.18110669,-0.007185845,0.032139726,0.3014172,0.00297077,-0.008105345,0.4318685,0.074951,0.12624124,0.053004157,0.42819476,0.098692134,-0.0054586637,0.14584672,0.024096955,0.29216632,0.35438406,-0.010714071,-0.007248184
TCGA-D7-A4YV,-0.004416091,0.12666947,0.020511847,0.21648067,-0.011928477,0.18324456,0.5069305,0.620976,0.09140928,0.056678373,-0.003528803,0.5167703,0.24096394,0.28085184,-0.007623629,-0.006179957,0.12171152,-0.013904095,0.32053667,0.2498218,-0.0017169558,-0.0013055591,-0.00267594,0.097670294,-0.00016361327,0.033607174,0.003658235,0.113906235,0.04870332,0.5833401,0.041018378,0.28156915,-0.0013570974,0.008511066,0.12171328,0.0519872,0.17613906,0.18800394,0.17797111,0.18477172,-0.0048845024,0.22627002,0.10319124,-0.004489467,0.70265985,0.17384398,-0.011555652,0.07980798,0.4677072,0.09059754,-0.008545312,0.5653524,0.027839106,0.14956841,-0.0024662605,0.58884215,0.10283338,-0.01101909,0.24949525,0.13887209,0.28388482,0.5033812,-0.0018474291,-0.013396184
TCGA-D7-A4YX,-0.00916196,0.20266593,0.0031944113,0.31912178,-0.006409926,0.25299433,0.64999396,0.6953205,0.1769372,0.17592244,-0.013833935,0.7331388,0.3101589,0.42313385,-0.013141963,-0.001766663,0.12356791,-0.016420668,0.28605777,0.46330968,0.13620739,0.11781652,-0.0074218796,0.078469574,0.09868859,0.060601268,0.020971864,0.25192374,0.09001074,0.67488366,0.17797634,0.28761196,-0.007388081,0.042502467,0.048988957,0.08964741,0.14563772,0.31278092,0.014934819,0.12745628,0.03428467,0.36659592,0.40606368,-0.00089639315,0.67836523,0.14139912,-0.012747745,0.045771472,0.6200763,0.010826975,-0.018406292,0.74983436,0.10119261,0.18183812,-0.00272228,0.6724038,0.1736041,-0.0054029645,0.20624442,0.08671619,0.6747479,0.6591119,-0.011731496,-0.006697759
TCGA-D7-A4YY,-0.0033375155,0.12531447,0.0013147248,0.06789757,-0.0069348775,0.07917941,0.5501843,0.6686045,0.059335742,0.01024935,-0.0062184567,0.2044426,0.2735838,0.28253546,-0.0020744973,-0.006267715,0.08594688,-0.011153239,0.32080948,0.116513334,0.097360395,0.0069558704,-0.0072785765,0.08428144,-0.00018792674,-0.0051002437,0.057559498,0.13235791,0.028078847,0.45509666,-0.0031515732,0.23580264,-0.001344832,0.01810695,0.13001928,0.14147368,0.22266296,0.10616726,0.07247497,0.18040599,-0.0014919583,0.29927474,0.23295695,-0.013821659,0.67932177,0.22905517,-0.0010647941,0.10922983,0.5878339,-0.0033536628,-0.005206318,0.44167975,0.022286084,0.212383,-0.006210424,0.59011364,0.13922273,-0.006288937,0.14009874,0.11140256,0.08862456,0.4338335,-0.0103693465,-0.008468305
TCGA-D7-A4Z0,-0.001613472,0.09574483,0.08069105,0.111833796,0.005167161,0.1309377,0.54440635,0.61581874,0.047710557,-0.00045532399,-0.01107984,0.30217588,0.21809646,0.31503698,-0.014055821,-0.004372779,0.09557723,-0.006955627,0.265077,0.19526379,0.03139804,-0.003917537,-0.009340921,-0.0027539053,0.0048188716,0.07942027,0.062135972,0.09559427,0.016302943,0.5204696,0.027749155,0.23833092,-0.007034862,0.07635936,0.18280567,0.05537626,0.15609916,0.15270002,0.10270052,0.09464204,-0.008593189,0.25157827,0.23759857,-0.012112831,0.66516876,0.20619929,-0.009180891,0.15678714,0.5677107,0.043595903,-0.008190734,0.50381076,-0.0011291605,0.1268479,-0.002826346,0.54497725,0.115846574,-0.0112010725,0.217018,0.104189515,0.08845376,0.5079849,-0.009167175,-0.011640748
TCGA-D7-A6EV,-0.0054248916,0.04963595,-0.0017017089,0.29786366,-0.019768173,0.43635947,0.71532863,0.714055,0.5246355,0.014659449,-0.015191753,0.8807572,0.33775663,0.40430748,-0.040215787,-0.0045321262,0.056131527,-0.010520727,0.36971778,0.31902236,0.1124884,0.042337503,0.09587552,0.13562676,0.01901611,0.20432705,-0.008081182,0.10865756,0.29360074,0.7481529,0.21458223,0.29366806,-0.0019662424,-0.005322241,-0.0024015016,-0.0016496063,0.12476731,0.40260234,0.19774234,0.023063686,-0.007755934,0.20614037,0.4950692,-0.010727102,0.9317745,0.1500586,-0.028421072,0.036372438,0.69164234,-0.006592236,-0.015721964,0.653401,0.33537787,0.27689874,0.043871332,0.8438478,0.08745996,-0.022437718,0.4527345,0.10984708,0.71303314,0.79405606,-0.023909437,-0.023157902
TCGA-D7-A6EX,0.05057657,0.050710555,-0.004699999,0.5594156,0.23978943,0.20795003,0.58823365,0.40852672,0.40789407,0.14922076,-0.0037682094,0.7646675,0.44905463,0.30590114,-0.01329006,0.022018082,0.09016736,-0.00079531426,0.35327744,0.21509136,0.092571646,0.046212617,-0.0006000131,0.36448544,-0.016911939,-0.0054135304,0.037291154,0.011741947,0.062124588,0.78227574,0.3818075,0.35505608,0.092210084,0.029003821,0.16290991,-0.0098879095,-0.0005975917,0.26768583,0.38589615,0.008948546,-0.0003492549,0.18757904,-0.0002445588,-0.0019164857,0.6777543,0.17343357,-0.009331753,-0.0059938417,0.46146128,0.05216758,-0.018476734,0.64166534,0.4159509,0.3647418,-0.025572756,0.85066396,0.00082642026,-0.025771284,0.1369683,0.104735404,0.8534332,0.45936042,0.09587123,-0.017869694
TCGA-D7-A6EY,-0.005884025,0.09453693,0.056677416,0.18603684,-0.00633127,0.21040103,0.5763269,0.57607836,0.12625606,0.0052015707,-0.0013266982,0.41024405,0.27762708,0.26914775,-0.009491238,-0.010795361,0.00894965,-0.005480859,0.2303127,0.17778961,0.12131687,-0.00011927066,-0.008539565,0.08536439,-0.0010906517,0.052183215,0.034298815,0.122471824,0.05021391,0.50723386,0.0692593,0.24951504,0.0056235343,0.05192819,0.06658267,0.19172677,0.12227276,0.14171295,0.09137471,0.118953496,-0.004560508,0.26846853,0.21704234,-0.007878629,0.6235032,0.1094289,-0.006976645,0.104729,0.5537949,0.062775716,-0.006049897,0.44666797,0.13816692,0.17365122,-0.0038626583,0.56466174,0.07500191,-0.0076037943,0.20338714,0.17506889,0.13942842,0.4699222,-0.007693863,-0.010427211
TCGA-D7-A6EZ,-0.0091923345,0.12571067,0.021397773,0.33213776,-0.0054036486,0.2533657,0.5711121,0.74899536,0.21332765,0.12572928,-0.007421517,0.51936525,0.29125133,0.3209228,-0.010526983,-0.012187699,0.08395839,-0.011557148,0.16286576,0.198584,0.011702482,-0.00202691,-0.010452846,0.00662975,0.0015547052,0.041916918,0.0019979775,0.1914885,0.095360644,0.6258288,0.19620253,0.21016207,-0.0072033675,0.09577637,0.06248115,0.27329627,0.107269526,0.19117278,0.068444416,-0.00014455132,-0.0101643,0.29711124,0.3140008,-0.015592426,0.78696036,0.12478106,-0.0057803406,0.12941265,0.54062545,0.012611285,-0.0143375965,0.549743,0.10471234,0.21080929,-0.0023504335,0.6177612,0.28493205,-0.0034008913,0.113122694,0.2695387,0.4078438,0.50481546,-0.008097895,-0.0073821656
TCGA-D7-A6F0,0.061521236,0.22017144,-0.0071853437,0.47068042,-0.0113882115,0.2036383,0.7700196,0.77164376,0.6389975,-0.0067033395,0.064161845,0.6894716,0.38621357,0.22516534,-0.03016591,-0.0012722906,0.14252618,-0.0134019395,0.50215685,0.017061053,0.719831,0.052601904,-0.0022457403,0.07951267,0.05301749,0.15316999,0.092803426,0.1751351,0.24359313,0.60852665,0.45575786,0.09796152,-0.003981373,0.23950785,0.4018783,0.08768168,0.28844014,0.16377798,0.17852804,0.46382356,-0.012191265,0.3743613,0.35864708,0.04942315,0.8928715,0.24534771,-0.02929462,0.084561884,0.7602872,0.07161544,-0.033935297,0.83601934,0.31758147,0.29159045,0.33315706,0.82633144,0.13661867,-0.021869048,0.30261973,-0.0023541946,0.98163044,0.7839437,-0.014623555,-0.019490018
TCGA-D7-A6F2,-0.0125798015,0.115170375,0.045196917,0.32531428,-0.006987577,0.337395,0.6738841,0.8043794,0.16042385,0.054203726,-0.002815533,0.81831145,0.4427233,0.2714386,-0.02045866,-0.016603673,0.0655403,-0.011919226,0.3717855,0.145759,0.24531783,-0.0017980672,-0.0008507088,0.16736068,0.029891327,0.016233932,0.13001078,0.18721144,0.21741,0.6781177,0.16845253,0.3656662,0.004531421,-0.00823491,0.11660824,0.083532155,0.16892359,0.31976658,0.25559157,0.08137415,-0.0040892926,0.3793376,0.16488275,-0.003067371,0.8702619,0.27883866,-0.00021304078,0.07060608,0.6331926,0.11470869,-0.004845341,0.69648045,0.09134299,0.16769418,-0.015794046,0.8446188,-0.0069117756,-0.013140723,0.17315471,0.3064013,0.61225975,0.63070685,-0.012357529,-0.034461327
TCGA-D7-A747,-0.0072214007,0.041365094,0.0758187,-0.00059499184,-0.0019748253,-0.00045995097,0.20292109,0.21184455,-0.0028668556,-0.000950769,-0.0011024425,0.007956345,0.059969395,0.09653636,-0.0020020239,0.010565668,0.0055261534,-0.00022144114,0.08065128,-0.0012076052,0.0071974,0.020985715,-0.007941634,0.018769197,-0.004817094,-0.0058747097,0.028795421,0.083942585,-0.002272545,0.21091445,-0.0020359661,0.07501194,-0.0032257983,0.07163106,0.110624135,0.009624019,0.12852634,-0.000511514,-0.003067077,0.0743566,-0.005623268,0.07286866,-0.005398135,-0.0016516906,0.24621701,0.097900875,0.00910411,0.004244603,0.2109854,-0.0048119794,0.00095961336,0.14692992,0.045447454,0.035020344,-0.003066557,0.22903408,0.082617454,-0.0055486076,0.016324295,0.05665627,0.017601741,0.123178415,-0.00091376435,-0.0025061031
TCGA-D7-A748,-0.0062922537,0.09852375,0.24972881,0.22887817,-0.0030803557,-0.0010962044,0.8602086,0.9093154,-0.007985385,-0.011829614,-0.018132653,0.028495237,0.29257086,0.37726477,-0.005772078,-0.0072385506,-0.003808026,-0.009080633,0.5452644,0.20958449,0.17935213,-0.014094459,-0.013945508,-0.008995119,0.2124161,0.12736353,0.22401017,0.02849583,-0.0022769242,0.5450725,0.36200505,0.37589696,0.046141088,0.19902083,0.4672733,0.139467,0.18164611,0.034323502,0.09851742,0.28871083,-0.0058555175,0.63817406,0.36797172,-0.0059012165,1.0582947,0.33566236,-0.0057687997,0.5416529,1.0613436,0.07646833,-0.01126274,0.76178175,0.063415006,0.193337,0.15616286,0.73984563,0.29970562,-0.006105609,0.24766985,0.15431069,-0.003441543,0.77349937,-0.010399172,-0.003495934
TCGA-D7-A74A,-0.006601316,0.09228355,-0.010714506,0.2637772,-0.01403289,0.13137518,0.37706107,0.7282169,0.15747577,0.110649735,-0.00621245,0.6459371,0.28185904,0.14921732,-0.0032259212,-0.00025399477,0.21470517,-0.0076518776,0.25299942,0.23774119,0.06225004,-0.0042140055,-0.012096179,0.100683406,-0.0022823967,-0.0047864313,0.10506881,0.08539358,0.06616693,0.6690039,0.085415795,0.2642012,0.002760563,-0.008811882,0.1083884,0.052751042,-0.001145576,0.1853413,0.2729291,-0.0034680085,-0.0034975824,0.15934017,0.07096875,-0.0004348904,0.6137066,0.20620576,-0.008738485,0.020831585,0.47157988,0.0886561,-0.0034632843,0.60254574,0.013233677,0.18842024,-0.0118257245,0.61623776,0.062248103,-0.017665584,0.010794458,0.15529382,0.48946625,0.4496838,0.014501769,-0.011958811
TCGA-EQ-8122,-0.007863122,0.047999613,0.045593996,0.08081023,-0.0042090057,0.039825577,0.3884315,0.42286807,0.021373373,0.0069726985,-0.005389893,0.16844127,0.1059472,0.21905294,-0.0060331137,-0.0024410614,0.016783355,-0.00611717,0.20061079,0.095467724,0.073269345,0.04484333,-0.010166473,0.0269829,-0.00019318238,0.055681277,0.08013794,0.07562253,0.03442429,0.367239,0.02959137,0.17273049,-0.003031622,0.12140981,0.11978775,0.009463679,0.17858754,0.07227357,0.0028329268,0.123875946,-0.0060774325,0.15080686,0.13431549,-0.006489617,0.4775506,0.14954129,-0.0021920023,0.14226705,0.4418945,0.015382133,-0.00610678,0.3774805,0.08549911,0.09166418,0.040296968,0.4013042,0.10231307,-0.008817799,0.13187861,0.13501294,0.1379388,0.36572134,-0.0070983893,-0.0036358272
TCGA-EQ-A4SO,0.03826272,0.09985861,-0.010671991,0.07808469,-0.022093145,0.32128745,0.71678346,1.1541904,0.31296876,0.016191375,-0.027140653,0.9890994,0.35124624,0.3723187,-0.020275721,-0.019167552,0.17044164,-0.0029859222,0.34757313,0.4046318,-0.0012005903,0.03174678,-0.023507705,0.07963514,-0.0023270138,-0.0003425617,0.3010697,0.044402454,0.22698754,0.97717845,-0.0009378549,0.6307196,-0.009955512,-0.009846258,-0.0073396913,0.058211274,0.05615636,0.44860584,0.18803352,0.07858831,0.032162752,0.57489395,0.5073727,0.104184106,0.75399697,0.1857337,-0.015183336,-0.006148574,0.933099,0.05935347,-0.01667804,0.830996,0.0024086423,0.15233609,0.028673965,0.7953855,-0.014987566,0.032331526,0.51128143,0.040557574,0.739788,0.68164474,-0.009672872,-0.019804632
TCGA-F1-6874,-0.0043071625,0.058269877,-0.00929493,0.3844415,-0.015889818,0.0759555,0.62542284,0.9287656,0.2658593,0.27900967,-0.0073615746,0.5670358,0.33871678,0.39274412,-0.0075754374,-0.019718248,0.31374088,0.025365392,0.112505496,0.3363133,0.26343665,0.056803573,-0.008668603,0.21097249,-0.0024793476,0.27073634,0.15270716,0.33557886,0.1654661,0.99573046,0.055185426,0.21940468,-0.0021677099,0.070205495,-0.0040728613,0.36569375,0.17546654,0.067951,0.026542053,0.07660249,-0.011007194,0.28715378,0.25686657,-0.0005015813,0.950655,0.04135305,-0.019964358,0.18007694,0.7622557,-0.004986446,-0.022252066,0.73472804,0.03839372,0.19673043,-0.0065796124,0.8222283,0.071924716,-0.012804284,0.26021284,0.3044609,0.38113633,0.54761666,-0.00039712136,-0.00051874586
TCGA-F1-6875,-0.006837784,-0.0033337276,-0.023731263,0.35668024,-0.015234969,0.19921587,0.73292863,0.8098099,0.19619662,-0.0031904671,-0.013831817,0.45731366,0.3035804,0.12615219,-0.0072294245,0.019564323,0.15657276,-0.015392979,0.17838414,-0.0059991525,-0.0077513643,-0.0025538641,-0.001085528,0.033472233,-0.003253302,0.029795121,0.2393454,-0.00062100816,0.05129776,0.70164746,0.02412635,0.481589,0.059941053,0.09982603,0.28280547,0.00020921975,0.07454956,0.17518787,0.011651147,0.18674234,-0.013219954,0.277829,0.07949448,-0.022065163,0.5844364,0.2579041,-0.012701857,0.047790498,0.7263125,-0.007320016,-0.003414208,0.6163035,0.23392698,0.23934615,-0.005694561,0.6936667,0.13311695,-0.01964792,0.048676055,0.030676479,0.60235655,0.5465825,-0.01365691,-0.012089326
TCGA-F1-A448,-0.0012597665,0.10336025,0.115027644,0.080313936,-0.0024972695,0.098823406,0.6062351,0.6198709,0.13578382,0.024709497,-0.0056553753,0.29460913,0.19807489,0.2920814,-0.012506909,-0.014316785,0.1792033,-0.009002888,0.27045113,0.25750196,0.020817645,-0.0131376255,-0.0029715465,0.032418415,0.035030656,0.15111159,0.03192187,0.122965895,0.053868324,0.6330942,0.05508783,0.20629807,0.043177664,0.062387418,0.13276576,0.17375246,0.05950749,0.15189269,0.13184083,0.041233037,-0.007961222,0.31256554,0.29644272,-0.015533,0.76519394,0.08338164,-0.0075173005,0.15442137,0.5038145,0.034090564,-0.013444274,0.5098583,-0.00072603114,0.20198014,-0.006154165,0.61739165,0.12970047,-0.0037463137,0.25194928,0.013829473,0.25937325,0.5410787,-0.009201037,-0.000441946
TCGA-F1-A72C,-0.0051533063,0.110002875,-0.0016567644,0.16357018,-0.0037225564,0.07314241,0.5059448,0.7106665,-0.00044334235,0.10904057,-0.012955691,0.2714204,0.14973004,0.29385376,-0.0037880868,-0.009749042,0.0937549,-0.0054431222,0.20621315,0.15289883,0.056614496,-0.0011780341,-0.008250295,0.07677228,0.011734888,0.07440135,0.09186881,0.1098654,0.054778174,0.56577,-0.006140365,0.17535955,-0.008317934,0.06121735,0.06746015,0.05867918,0.11378373,0.1047539,-0.0043799723,0.09782602,-0.0094598085,0.23678368,0.18589865,-0.014554659,0.74323773,0.189035,-0.014931303,0.12740448,0.5967232,-0.0048066042,-0.0055414108,0.5386713,-0.00019869172,0.16589433,0.03014147,0.5320849,0.05844412,-0.007905002,0.3233839,0.1461949,0.05595233,0.4944884,-0.004856266,-0.0044265403
TCGA-FP-7735,-0.0064668925,0.018773396,-0.00036341167,0.07451783,-0.006380234,0.020548936,0.29442972,0.32672998,-0.00044013673,0.0026624314,-0.006181702,0.12853746,0.111452326,0.11796901,-0.0048951763,0.008635826,0.06338527,-0.0019411755,0.13974296,0.011192324,0.03278496,0.008118023,-0.0060653393,-0.0012961567,-0.0044912887,-0.0018626981,0.07458881,0.11116396,0.05677049,0.32354736,0.011852264,0.1288832,-0.0065689147,0.1196435,0.12834167,-0.0010045437,0.1056434,0.07118896,-0.0007659476,0.10829122,-0.0068415836,0.16154984,-5.5940265e-05,-0.0012249326,0.32329553,0.09655025,-0.0039260504,0.008344777,0.3209513,-0.003692285,0.002424338,0.30140623,0.10743247,0.015385862,-0.00069264136,0.33493942,0.07294873,-0.006410693,0.089921005,0.114219084,0.18111426,0.25754222,-0.0014369118,-0.0027967521
TCGA-FP-7829,-0.008203399,0.03186682,-0.0023756984,0.037164204,-0.010821502,-0.0016076084,0.33871096,0.40126842,0.070973665,0.032813907,-0.004150748,0.16870697,0.1354692,0.15169722,-0.002503377,-0.0023421457,0.1293488,-0.0035695457,0.17363887,0.083739005,0.033966813,-4.8871992e-05,-0.009423046,0.006271869,-0.007355264,-0.003107148,0.059334718,0.08571656,0.05939404,0.37042183,-0.0064214407,0.12903444,-0.004584621,0.101507686,0.13838512,0.02870331,0.13060975,0.1001641,-0.00022016205,0.07170293,-0.005725836,0.09828432,0.015534995,-0.0028360325,0.3246485,0.092591316,-0.0015700668,0.019584715,0.3223013,-0.0022708324,0.003829497,0.29802692,0.07070967,0.091528006,0.031821575,0.32239488,0.06657789,-0.010532506,0.05486748,0.113366574,0.21337706,0.24740066,-0.004258209,-0.0048894687
TCGA-FP-7916,-0.0059993737,0.019452842,0.04555077,-0.0014638836,-0.0027341358,0.03886272,0.38552594,0.43105698,-0.0016239866,-0.0037920151,-0.0019064335,0.12642363,0.1429334,0.21059315,-0.00816169,-0.0072279708,0.045777306,-0.0036596486,0.09417705,0.02332213,-0.00027484936,0.008422715,-0.006453102,0.00555278,-0.0032477023,-0.00033154935,0.06736071,0.07473225,-0.0037902393,0.4272104,-0.005858136,0.22273697,-0.002856373,0.099653125,0.112327054,0.098669775,0.16862938,0.13321057,-0.0010723326,0.1656025,-0.008202255,0.22572559,0.068170086,-0.009857975,0.4743901,0.15833446,-0.0013109505,0.045083202,0.34456357,0.00811974,-0.0063334494,0.35733864,0.033696413,0.08291229,-0.0015024769,0.40657228,0.1314945,-0.004352197,0.12312084,0.08138685,0.050431892,0.2633534,-0.010276126,-0.0015356996
TCGA-FP-7998,-0.008117546,0.009745225,-0.000440267,0.058177628,-0.0056977044,0.051761895,0.34536648,0.3629908,-0.003991732,0.020907661,-3.339257e-05,0.17065912,0.11974418,0.17820288,-0.0063314186,-0.008967412,0.058351323,-0.0023993007,0.05113009,-0.0030809909,-0.0027859153,0.0097425105,-0.0071374797,0.010079645,-0.0053265714,-0.0037379027,0.09594958,0.07570023,-0.0033629106,0.3500039,-0.009162329,0.19463013,-0.0038937049,0.1126707,0.08725403,0.063243695,0.135308,0.14742497,-0.0044469917,0.08892749,-0.0072521972,0.20214894,0.008002361,-0.013992793,0.40627074,0.090815924,-0.003351756,0.027581818,0.30909437,-0.0054374556,-0.004836055,0.3241658,0.045338307,0.07677885,0.011230215,0.3655355,0.0037295856,-0.0060359016,0.14993675,0.078059584,0.04892627,0.2914245,-0.010815492,-0.0059261164
TCGA-FP-8099,0.012708206,0.110231146,-0.0012358167,0.10796756,0.009439093,0.0744814,0.45475078,0.6007206,0.07573454,0.008089613,-0.01102779,0.2926654,0.11487901,0.24334615,-0.014274946,-0.006507275,0.13511327,-0.007539908,0.23868562,0.01923407,0.06723269,0.11862767,-0.008543094,0.080719136,0.0031376332,-0.009875205,0.1973657,0.11852689,0.057199307,0.5002722,-0.00012060423,0.15347613,-0.0008670107,0.1439364,0.09171212,0.029718466,0.2381013,0.15328592,-0.0020679352,0.24582633,-0.010756259,0.2396869,0.06698617,-0.0061017103,0.5583509,0.18520343,-0.015401191,0.018759288,0.4339021,-0.0030966743,-0.008028797,0.47391498,0.05458108,0.23353505,0.03226723,0.57091737,0.12072872,-0.0053785997,0.14648245,0.07713026,0.26612055,0.31282496,-0.0036832131,-0.0112219
TCGA-FP-8209,-0.010874309,0.02941335,0.06601966,0.008958584,-0.009864434,-0.0041132094,0.27705866,0.39237767,-0.006644269,-0.0021312837,-0.0076454207,0.041274767,0.10040641,0.1440028,0.0015578419,0.04417687,0.054776445,-0.0062967846,0.09167054,0.00031318888,-0.0024582415,0.07988927,-0.012071754,0.019533757,-0.005661871,-0.0030211804,0.1545785,0.05767204,-0.00058002956,0.34428632,-0.005663266,0.14534575,-0.003273318,0.11902596,0.06550645,-0.0014197257,0.19098727,-0.0009980015,-0.0068389983,0.21345532,-0.0067704306,0.076457255,-0.016174993,-0.0059080836,0.3812151,0.15463771,-0.0041455026,0.024086244,0.31821853,-0.0069706603,0.05167167,0.26095688,0.010760631,0.06758262,-0.00066750235,0.28947562,0.04206395,-0.009176255,0.118116066,0.05896983,-0.0039444948,0.23760156,0.03401325,-0.0032038707
TCGA-FP-8210,-0.004149024,0.032565027,0.1210728,0.0065669343,-0.001988407,-0.0022084252,0.38947672,0.38032275,-0.011911446,-0.0056306054,-0.005963345,-0.0043692417,0.14411432,0.17951363,-0.0012095099,0.00989468,0.020213546,-0.0053734104,0.21497126,0.004279176,0.01635754,0.02295563,-0.011415452,-0.0019998753,-0.0004238203,-0.004625754,0.15384707,0.054845873,-0.004305411,0.28169864,0.008807223,0.16212851,-0.0022608053,0.12943688,0.18736704,0.011798643,0.22961134,0.013030374,-0.0044960934,0.20596886,-0.0030967516,0.1714508,0.01957929,-0.009709487,0.4356559,0.18911058,0.01361399,0.14400564,0.40924108,-0.0015521742,0.00024876092,0.334274,0.028639393,0.05423852,0.040288787,0.31191254,0.146944,-0.0058924966,0.054739233,0.07678122,-0.0012552136,0.30803633,-0.004625515,-0.0024344772
TCGA-FP-8211,-0.0049996497,0.107847586,-0.006704709,0.31339464,-0.0063116266,0.19369802,0.72963387,0.9618577,0.1061423,0.18551676,-0.019393899,0.63541573,0.38842568,0.2984687,-0.013503871,-0.015016288,0.20179945,-0.024895001,0.37016428,0.22486518,0.12913124,0.0494592,0.032385044,0.18162504,0.0811865,0.20995909,0.23564866,0.16098507,-0.0041815653,0.8356943,0.03390361,0.5665551,0.008757941,0.08971813,0.22225873,0.2016057,0.31747338,0.32712242,0.091001466,0.26032147,-0.0044941404,0.5182524,0.35052982,-0.015884647,0.9628352,0.3320272,-0.007461663,0.20200288,0.75578463,0.044544674,-0.011096232,0.8123841,-9.602867e-05,0.16791564,-0.000573894,0.8035015,-0.0014765839,-0.01898118,0.24607757,0.30057415,0.5244855,0.65136886,-0.013179406,-0.012085592
TCGA-FP-A4BE,-0.0021677166,0.113035426,-0.0107332235,0.22279221,-0.01675907,0.32111773,0.76988703,0.74623275,0.3235009,0.21721102,0.010017535,0.7982865,0.2981194,0.3455975,-0.009385392,-0.0212616,0.24436435,-0.023479918,0.25823843,0.14938663,0.119017944,0.067953415,-0.009760963,-0.00053624064,0.04059823,0.22467071,0.14011055,0.43252492,0.25090784,0.8978763,0.13131477,0.36178967,-0.0061809174,0.05464071,0.068917006,0.21960467,0.21368913,0.23340774,0.025900502,0.15473442,-0.0077236565,0.3012034,0.35847014,0.010150537,0.71972907,0.07424221,-0.014901914,0.19302836,0.48079214,0.04107575,-0.014451682,0.7767144,0.09617309,0.22345993,-0.006434247,0.64145744,-0.002588949,-0.0009559132,0.2083081,0.301511,0.74184924,0.59228534,-0.013647868,-0.019025406
TCGA-FP-A4BF,-0.0087502245,0.07786396,0.048313554,0.14202783,-0.0032147511,0.21260376,0.49461424,0.60391283,0.19177973,0.034233715,-0.0056058206,0.24671064,0.18899892,0.25662988,-0.015967932,-0.00020520911,0.086746424,0.01593678,0.15089636,0.124533154,0.019688286,-0.002619056,-0.009831424,-0.0034321093,-0.0003695138,0.016270403,0.1505037,0.10028904,0.03773459,0.50288117,0.15269774,0.27528104,0.011695448,0.11356739,0.14288397,0.14039546,0.22092167,0.075574934,0.08117418,-1.1749566e-05,-0.012778749,0.3704785,0.16838506,-0.007600485,0.65435576,0.07688642,-0.0075331586,0.18279369,0.5334329,-0.0016418853,-0.018342381,0.54216737,0.15163696,0.21795163,-0.0018641613,0.69156885,0.20104615,-0.0065212375,0.13821001,0.099996924,0.31649348,0.45431677,-0.017424842,-0.017496582
TCGA-FP-A9TM,-0.0012856361,0.0032737218,0.045284152,0.08474773,-0.008363248,0.15432374,0.4559012,0.6320262,0.04813579,0.017828194,-0.0069898465,0.34108078,0.20210154,0.26789898,-0.0038910632,-0.009005441,0.13924068,-0.007010396,0.17648248,0.096559644,-0.0014397204,0.021585636,-0.0037471012,0.0314241,0.042210408,0.05658723,0.122677915,0.108775966,0.03924211,0.610298,-0.0032437586,0.3708398,0.015301555,0.09057636,0.14162683,0.043359436,0.1465538,0.20040502,0.100609094,0.17970565,-0.011583964,0.23925446,0.13677192,-0.015804147,0.62697804,0.16403002,-0.00877808,0.06402138,0.5488457,0.010639623,-0.00884284,0.5513373,0.04329516,0.083590545,0.028566074,0.5708267,0.060672775,-0.008203757,0.24774976,0.1284496,0.17114496,0.49691623,-0.013163631,-0.005533291
TCGA-HF-7132,-0.004663654,0.009180432,-0.0049820547,0.09253482,-0.009159576,0.098498,0.39636314,0.53838336,0.08916049,0.07169527,-0.006505683,0.3141783,0.22183111,0.17515163,-0.00038328767,-0.0072764917,0.19885144,-0.0048354655,0.13053411,0.13965884,0.00021500839,-0.00077389146,-0.0108867735,-0.0038150304,-0.0077082575,0.039987627,0.08368424,0.09125521,0.015421644,0.5175416,-0.010575562,0.28044936,-0.0065676398,0.08205636,0.18316326,0.043838173,0.112456694,0.19183332,0.09335163,0.11821701,-0.017030487,0.14541541,0.03897933,-0.008077485,0.46907768,0.11917191,-0.009289521,0.02351898,0.53116786,0.03213813,-0.0011642328,0.44953102,0.036657926,0.09586035,-0.00060255005,0.5227494,0.040856913,-0.008843985,0.15327422,0.13940701,0.2616789,0.3686427,-0.0075604864,-0.0043660956
TCGA-HF-7133,-0.006221952,0.00764391,-0.019628828,0.10145061,-0.011170361,0.11949348,0.52128756,0.6484989,0.2072177,0.07102257,-0.0070970044,0.33267933,0.2836465,0.18788661,-0.0045965402,-0.0047954204,0.27529514,-0.0037425817,0.09270268,0.18119235,-0.0043425667,-0.0030273788,-0.012862108,-0.0069571533,-0.0061081024,0.09097615,0.1469183,0.093691446,0.10993414,0.66891736,-0.0110738175,0.19786508,-0.010889812,0.1878066,0.10845707,0.079075046,0.09087378,0.1554732,0.050989885,0.07686345,-0.011509304,0.16361192,0.100725606,-0.011907903,0.56216395,0.026537944,-0.014490724,-0.00018634275,0.58508927,-0.00029591323,-0.0020015766,0.5067485,0.111266196,0.19581005,0.10175279,0.56923836,0.14335886,-0.010824531,0.1381447,0.14697313,0.21618411,0.38477018,-0.010853606,-0.006916262
TCGA-HF-7134,-0.004712419,0.064932555,-0.0045545823,0.15494801,-0.016116139,0.13181888,0.39733344,0.5445157,0.16435827,0.09761906,-0.0015982075,0.38471305,0.17890991,0.15872504,-0.011498731,-0.007623777,0.2528459,-0.011693541,0.15265247,0.20430568,0.03173608,-0.0013424162,-0.010757895,-0.0020949186,-0.0043393667,-0.00040987693,0.06647374,0.106366284,0.10349921,0.601437,0.0010514148,0.15752007,-0.0050427592,0.1012262,0.06505336,0.16845953,0.04369993,0.21900104,0.1299057,0.03035691,-0.0071448507,0.20185146,0.11465898,-0.0036796925,0.45452476,0.14171693,-0.010117677,-0.0029488637,0.38069466,0.02464448,-0.008956792,0.48350707,-0.00037424007,0.14927202,-0.00664355,0.52143735,0.008361958,-0.012620899,0.12068026,0.18631043,0.5263836,0.4188429,-0.0032340176,-0.0073221633
TCGA-HF-A5NB,-0.021351393,0.19350916,-0.0076620737,0.6514935,-0.022229798,0.42344248,0.7383697,0.9315299,0.1525521,0.28162712,-0.004375034,0.9067183,0.37197307,0.44818854,-0.0052692476,-0.016775308,-0.0034477466,-0.00057002215,-0.00015967572,0.34417135,0.017419558,-0.0055806357,-0.028445194,0.18436456,-0.0001932323,0.11262557,0.16675839,0.4671858,0.29864007,0.77679634,0.39301682,0.3104703,-0.0063447403,0.061150312,-0.019286564,0.3304049,0.09382425,0.1681912,0.1363031,-0.015505947,-0.00039069913,0.3408281,0.18468788,0.08981326,0.92187977,-0.0043484434,-0.00031438956,0.31309876,0.4511448,-0.008654666,-0.010692359,0.76894146,0.23107783,0.28166866,-0.0178233,0.9073157,0.19076185,-0.022742614,-0.004986011,0.6260513,0.67476875,0.57762194,0.006713642,-0.013093545
TCGA-HJ-7597,-0.001542408,0.03307306,-2.267696e-05,0.07719016,-0.005187673,-0.00087761227,0.330746,0.39524347,0.09419693,0.018613422,-0.004811205,0.33305812,0.036534034,0.17130391,0.019191664,-0.009862864,0.077081904,-0.007905106,0.10818537,0.030011835,0.014830187,0.07349187,-0.009093857,0.10066633,-0.011503596,0.026204359,0.10372528,0.02192542,0.00037908927,0.39671713,-0.0034162253,0.089910634,-0.006251143,0.06747987,0.044762045,0.041771553,0.02315393,0.024501236,0.0129627995,0.08861382,-0.0009158488,0.08031732,0.0038070008,-0.006393358,0.35407647,0.059614543,-0.0025995714,0.061417148,0.24448371,-0.0067156437,-0.0019323766,0.33432412,0.12870172,0.09556261,-0.0025063325,0.33288014,0.04700703,-0.007816496,0.18465613,0.120901756,0.089899175,0.32205546,-0.0063685155,-0.0055983285
TCGA-HU-8238,-0.0020153937,0.037222408,-0.002047926,0.043658666,-0.0036478804,0.03429052,0.38406903,0.6162554,0.03350405,0.05757229,-0.008070309,0.33645612,0.19118415,0.23396009,-0.002833147,-0.008126332,0.076856166,-0.007113839,0.17789532,0.11025301,0.051372,0.09613265,-0.012728331,0.031451233,-0.0052496544,-0.00048541315,0.094589226,0.10013378,-0.003577032,0.46254992,-0.002373814,0.24904333,-0.005428114,0.027417518,0.08413987,-0.0011268497,0.1437854,0.12748703,-0.0008793512,0.1271815,-0.011188202,0.22421235,0.11684772,-0.011092491,0.5694654,0.2365494,-0.0034018916,0.07366319,0.45569304,-0.00025966615,-0.0023657274,0.4513772,0.005886875,0.13237086,0.012342025,0.5088767,0.026895415,-0.011605437,0.23949756,0.19426969,0.09028084,0.4394786,-0.0023083156,-0.0063209436
TCGA-HU-8243,-0.0017985221,0.10362685,-0.016629387,0.28025803,-0.015164082,0.12613899,0.6117423,0.84149003,0.45635796,0.23360164,-0.010046795,0.7761515,0.3227864,0.32029414,-0.020262033,-0.026534945,0.3846684,-0.010968817,0.2483413,0.15602142,0.1421417,0.21771054,0.025002517,0.07937387,0.019969001,0.29193902,0.049676664,0.13575505,0.36611378,0.8401864,0.019743402,0.441313,0.020201445,0.14121562,0.0012765154,-0.004775129,0.51797485,0.20144686,0.013891645,0.26101154,-0.0036153358,0.051354747,0.27744988,-0.016471123,0.8451388,0.02178523,-0.017552985,0.05919808,0.6227081,-0.0032284532,-0.012519059,0.8165806,0.06710939,0.06405696,0.103301436,0.7949457,-0.007426796,-0.028203523,0.44426048,0.22584897,0.43684998,0.6460048,-0.0067777797,-0.008071831
TCGA-HU-8244,-0.009932627,0.04801729,-0.011425466,0.14014047,-0.012819476,0.10150868,0.3504812,0.7216028,0.11293319,0.14082931,-0.00795137,0.5819893,0.19250417,0.31007183,-0.0023973854,-0.002662747,0.23735642,-0.013398734,0.19070542,0.30798173,-0.009606533,0.17116836,-0.0044486816,0.1393787,-0.00019520149,-0.0013881188,0.12493118,0.13000993,0.064518556,0.64492935,-0.01447534,0.3013353,-0.0019933023,-0.004956141,0.028932469,-0.0032673397,0.17457333,0.1678603,0.05515374,0.13814679,-0.006134927,0.17800067,0.04728859,-0.0045260754,0.56734973,0.19291675,-0.016856724,0.008511767,0.49471724,0.028839335,-0.002862772,0.53665996,0.02733671,0.15674174,0.044387493,0.5495791,-0.012257347,-0.009621312,0.29007363,0.11700072,0.18543547,0.46256986,0.009863032,-0.010277549
TCGA-HU-8249,0.03288814,0.029336467,-0.0021172918,0.36182854,0.0709216,0.10655739,0.30262768,0.48669913,0.087950855,0.018139847,-0.011047915,0.70742387,0.21405339,0.26206386,-0.018022198,-0.009338301,0.11596422,0.091026634,0.27617303,0.119916625,0.09344827,-0.0032468399,-0.0008097213,0.13759097,-0.006861313,0.02190138,0.0541536,0.043761678,0.10602703,0.5354733,0.20423669,0.1469442,-0.0040549375,0.040452562,0.18408583,-0.0032630467,-0.00089091435,0.30369794,0.08646962,0.0042023137,-0.0032507868,0.16510123,0.14838494,-0.0024083075,0.69784534,0.09689131,-0.008846389,0.018142492,0.53172576,0.024182074,-0.005566152,0.58385575,0.16165929,0.16287321,-0.00013736561,0.5649902,-0.0007310154,-0.018985523,0.24453516,0.07767172,0.43731406,0.48999336,0.0063641574,-0.008665951
TCGA-HU-8602,0.06428912,-0.0135695925,-0.015103074,-0.00029459913,-0.0069182366,0.24598403,0.9850578,1.0432161,0.25763503,0.1662453,0.034551464,0.8239783,0.27301407,0.35587448,-0.022892594,-0.019689033,0.14690045,-0.03161982,0.25023404,0.117539115,0.05848909,0.015157406,0.04420826,0.0024371408,-0.00020791963,0.3508839,0.18846259,0.18454784,0.22416517,1.0750171,0.015502084,0.3584554,-0.006211477,0.20631814,0.07262844,0.40152866,0.091918364,0.24633813,0.054425288,-0.01148955,-0.0196128,0.25745788,0.4198224,-0.026439419,0.87822115,-5.4653734e-05,-0.010460167,0.28295916,0.6860428,0.06535676,-0.02506581,1.00461,-0.0019755196,0.27789465,0.1793944,0.9284307,0.17796388,-0.016984507,0.46779764,0.17003308,0.88024753,0.6597389,-0.009260937,-0.010853704
TCGA-HU-8604,0.013983343,-0.004467917,0.038335744,0.08642465,-0.0013567021,0.09884522,0.42859697,0.45765597,-0.0020085932,0.030303746,-0.0029212206,0.30369547,0.14925149,0.22994646,-0.005555916,-0.013181964,0.024926966,-0.0008909443,0.09477124,0.02737763,-0.0018581658,0.031782445,-0.009378125,-0.004259009,-0.0011825477,0.08529754,0.037853748,0.08980541,0.015462838,0.49463373,-0.0034449138,0.17468555,-0.0048832125,0.125503,0.16063389,0.060619064,0.0356005,0.18820961,0.012843728,0.01180492,-0.010030302,0.17931427,0.08702009,-0.0149926385,0.53593767,0.11342161,-0.0071576345,0.059385203,0.45189682,-0.00068372267,-0.0054713497,0.46557838,0.08363336,0.08117982,0.07784465,0.4629048,0.024913313,-0.0061222063,0.22577325,0.062398255,0.19286045,0.4608117,-0.009763224,-0.00025160398
TCGA-HU-8608,0.012547445,-0.003786184,-0.0047407364,0.2662222,-0.0149548305,0.10456668,0.58650994,0.9242852,0.37327558,0.15174845,0.105852835,0.6760164,0.30176044,0.28299004,-0.012112365,-0.030032048,0.25708166,-0.021846358,0.20255102,0.22372572,0.18132247,0.06003205,-0.0003683407,0.041992627,-0.011430599,0.14743121,0.07928138,0.154548,0.146633,0.7489877,-0.009500652,0.18649676,-0.008620872,0.2280829,0.00079970807,0.14568588,0.115655534,0.29040384,0.05571608,-0.00061322935,-0.008422677,0.08204519,0.2951544,-0.021561643,0.7102709,0.063825734,-0.010595063,-0.0035393864,0.6053886,-0.011601493,-0.007924931,0.6714712,0.12300493,0.18605411,0.1462435,0.6786427,0.1553506,-0.019185025,0.5037779,0.12772055,0.73417753,0.7127373,-0.017561652,-0.0092321485
TCGA-HU-A4G2,-0.0033299725,0.09442425,0.0089875655,0.3602547,-0.034253567,0.14297032,0.5606571,1.0291806,0.3661916,0.26302186,-0.00553709,0.9529508,0.36891216,0.42369497,-0.02882121,-0.009377423,0.0990807,-0.0055269822,0.25290045,0.35459334,0.04783835,0.17482919,-0.016271554,0.051949054,-0.013718282,0.027847264,0.5037921,0.391251,0.2666072,0.95961666,0.21264693,0.2850391,-0.017043097,0.22147164,-0.0049706693,0.42314586,0.051925965,0.14302824,0.12775525,-0.0012735848,-0.0038104819,0.21704821,0.14339405,-0.006276168,0.88599145,0.064978056,-0.009405352,0.101776436,0.59781754,0.16391687,-0.018942263,0.78306854,0.06084825,0.20440215,0.09924431,0.7572502,0.21886098,-0.005042568,0.37997457,0.4024848,0.70495605,0.5803293,0.09703179,-0.027832521
TCGA-HU-A4G3,-0.008737189,0.081237495,0.07062895,0.11447047,-0.006849877,0.047503415,0.31467724,0.47496587,0.044837344,0.043627873,-0.0064711245,0.21577346,0.17104189,0.17360531,-0.00096366106,-0.0013679535,0.053183086,-0.003493833,0.14934075,0.11544708,0.04166595,-0.00064588775,-0.008331663,0.0670323,0.006239392,-0.0010637079,0.06339019,0.15665907,0.039407425,0.422338,0.037281398,0.17769344,-0.002462602,0.0817862,0.085833274,0.0662138,0.12846741,0.06342095,0.03995781,0.06710972,-0.0023399144,0.19262937,0.05625862,-0.00067975634,0.4328473,0.110930726,-0.007323769,0.06333139,0.3375142,-0.0013168835,-0.0027209192,0.32323834,0.03518145,0.08487413,-0.004762768,0.41723168,0.06006015,-0.0067488733,0.081892505,0.15910862,0.13147739,0.30912805,-0.0004369302,-0.0050241924
TCGA-HU-A4G6,-0.012894765,0.27395552,-0.01143424,0.4262215,-0.009173501,0.20563528,0.6239415,0.5630527,0.3128082,0.15733813,-0.00839353,1.0444255,0.3542308,0.18049161,-0.02317333,0.037162483,0.17640713,-0.027164249,0.150097,0.2693227,0.0014845426,0.06932665,-0.010763113,0.0844033,0.096813545,0.24411058,0.02841121,0.34705067,0.12578306,0.93852824,0.29017967,0.33400995,-0.0051336265,-0.00849525,0.069176674,0.11272036,0.0087310225,0.15832932,0.113158286,0.08576669,-0.0026548682,0.3935401,0.37997904,-0.0012915414,0.77359915,0.109665416,-0.0050936094,0.055262566,0.46136686,-0.0014669627,-0.018220894,0.86044025,-0.0033542644,0.33507758,-0.022090605,0.77040523,0.081032984,-0.019796025,-0.009615546,0.077685505,1.0337949,0.61090064,0.00024795718,-0.013681496
TCGA-HU-A4G8,0.06532368,-0.013535875,-0.014207763,0.07256577,-0.006956982,0.32655516,0.64694977,0.8281747,0.2436533,0.15200259,-0.005883824,0.7757078,0.3130406,0.36948082,-0.0106573235,-0.017964011,0.061467938,-0.009995495,0.36670753,0.11782581,0.23868045,-0.004325274,0.05284235,0.19332296,-0.0051651406,0.33643994,-0.013551113,0.2516178,0.23698145,0.8467867,0.0970068,0.29981717,0.050083563,0.049004436,0.15862569,0.021410655,0.16839609,0.36222196,0.19544756,0.0034258366,-0.020552618,0.24444632,0.38845694,-0.008345035,0.8862643,0.18774402,-0.021054327,0.14258349,0.7529258,0.029469714,-0.003556622,0.73739123,0.15859377,0.24845493,0.11526096,0.7818363,0.06470698,-0.018975109,0.41842306,0.29932287,0.32082263,0.67575,-0.022678494,-0.010762493
TCGA-HU-A4G9,-0.011987281,0.04121829,0.008554457,0.057151735,-0.016798293,0.06199683,0.4155367,0.5614131,0.006158177,-0.0022601597,-0.0060996413,0.22707762,0.13160989,0.15829468,-0.0052113654,-0.0038551127,0.059078664,-0.00750436,0.17879583,0.061549753,0.07830537,0.0099452855,-0.011651158,0.09695198,0.00010763854,-0.001721289,0.069821104,0.12205498,0.09881779,0.44450092,0.021593269,0.24617855,-0.0009756461,0.03579608,0.060371075,-0.00011724606,0.08088655,0.06561248,0.08262296,0.13508241,-0.001582113,0.17407534,0.012372376,-0.00043043532,0.4786006,0.14657769,-0.0071037845,-0.0005125813,0.42149246,-0.006851293,-0.0019548223,0.40399224,-0.00054885633,0.11235339,-0.0072889784,0.5303417,-0.002226551,-0.01411846,0.16512412,0.15293244,0.12423089,0.37624633,-0.0006825337,-0.0061667534
TCGA-HU-A4GC,-0.008420524,0.06918123,0.004341622,0.114168,-0.015487588,0.08297343,0.42888975,0.62477887,0.06593652,0.0013317764,-0.008990514,0.23510094,0.23363736,0.21072751,-0.007870148,0.026151285,0.08586425,-0.0070458013,0.20400678,0.12717344,0.08847294,0.038906902,-0.008215103,0.051756814,0.016836807,0.02219509,0.11005483,0.15528837,0.13967973,0.5072222,0.080581516,0.25806335,-0.0049550957,0.07173163,0.1182992,0.0049414746,0.1778709,0.14741504,0.04806682,0.22878572,-0.006933862,0.27322572,0.08993522,-0.005034584,0.6173421,0.18021607,-0.010347456,0.08974597,0.5471124,-0.0008756563,-0.008712081,0.4770975,0.019878909,0.097245164,-0.002125427,0.56798667,0.07199234,-0.0065371394,0.11474405,0.14780651,0.07204827,0.46119615,-0.0077999583,-0.00548757
TCGA-HU-A4GD,-0.0034038608,0.10783376,-0.0025413823,0.22235219,-0.014934423,0.30105823,0.54690486,0.8040359,0.28898883,0.057510782,-0.0055761994,0.88337445,0.2041461,0.3568778,-0.021849869,-0.008422936,0.1040369,-0.01240939,0.36759505,0.15645446,0.18908012,0.16665193,-0.00931381,0.07021808,0.02822566,0.099900946,-0.0044891983,0.17382765,0.15113351,0.66943926,0.06985173,0.29645842,-0.0036037948,-0.0044993944,0.0706453,0.030996338,0.05985142,0.4078407,0.22267637,0.08271214,-0.010324101,0.21911032,0.31309643,-0.011206801,0.6471014,0.18917921,-0.007008736,0.010031767,0.6522393,0.018550828,-0.0012105902,0.7462178,0.16024025,0.2246469,-0.0028417374,0.7415991,-0.0050198124,-0.0094871605,0.28709662,0.25493994,0.68996155,0.6260413,-0.008227784,-0.019220825
TCGA-HU-A4GF,-0.004233544,0.17851369,-0.0003580562,0.2416162,-0.0046619545,0.26556236,0.6421296,0.6425144,0.28335327,0.05886674,-0.007909036,0.93623126,0.24870443,0.37963834,-0.024747808,-0.016546458,-0.0016745938,-0.0065468918,0.2995824,0.24473749,0.11521351,-0.00028940506,-0.0022046173,0.03566605,0.16140406,0.21091193,-0.010978707,0.18010318,0.107971095,0.73132753,0.17214455,0.3955167,0.0056629255,0.0786009,0.07240775,0.09902274,-0.00048604683,0.3841032,0.123735726,0.059947494,-0.00042144192,0.4194975,0.46297354,-0.013973779,0.8239671,0.13026658,-0.014000893,0.06979784,0.53315014,0.0025156662,-0.010715931,0.6718572,0.1548408,0.17065793,0.040884506,0.7275555,0.03241977,-0.013205655,0.4467126,0.14141503,0.59684825,0.765198,-0.016462337,-0.015837735
TCGA-HU-A4GH,-0.0057763425,-8.8863075e-05,0.0015315972,0.013504507,-0.009736239,0.051952828,0.3466009,0.44446406,0.047356915,-0.0019245442,-0.0030982653,0.120277956,0.12293987,0.16074513,-0.0049011447,-0.004116554,0.060439065,-0.0037151487,0.15222967,0.030869478,0.11336453,-0.00029701935,-0.008671057,0.054989483,-0.0038259153,-0.002303858,0.083712935,0.109271646,0.087048076,0.40318465,0.017023433,0.12705326,-0.0027481108,0.06708423,0.108131155,0.009114295,0.08622946,0.058624778,0.036147308,0.16986066,-0.0062363725,0.12674212,0.0309288,-0.0022698175,0.42971125,0.13098803,-0.008183791,0.05383899,0.3501698,0.03167142,-0.0057686656,0.33614266,0.12436953,0.11441518,-0.0011806813,0.40086114,0.030469885,-0.005606293,0.084565386,0.06452021,0.12270885,0.27402177,-0.0036322467,-0.004332918
TCGA-HU-A4GJ,0.003973935,0.15568888,0.07964834,0.14608277,0.010416006,0.19495866,0.6005397,0.8037865,-0.0037692175,0.014541704,-0.007231866,0.40567005,0.31317946,0.33090287,-0.005716268,-0.018257085,0.0034815092,0.007327104,0.25592205,0.29387403,-0.010335769,-0.0037520032,-0.008339406,-0.0050765923,0.11797349,-0.00043341555,0.019710999,0.09124164,-0.0050446973,0.5311134,-0.00043946208,0.47008255,-0.00035564826,0.07725505,0.20298128,0.07622315,0.13146676,0.33687082,0.045778137,0.2778123,-0.009605235,0.48338193,0.2791453,-0.017993767,0.7958745,0.2621887,-0.007277994,0.11605646,0.58291465,0.031614073,-0.007117055,0.5404745,0.06352429,0.059098095,0.042135183,0.67984134,0.14898905,-0.008584489,0.38150346,0.19729683,0.02889087,0.6562233,-0.016114386,-0.0025239678
TCGA-HU-A4GN,-0.011188309,0.11240038,0.048987012,0.20434786,-0.0036394529,0.054090362,0.527289,0.71500725,0.07656224,0.063258365,-0.011339541,0.3974101,0.2568883,0.31391004,-0.0034049773,-0.00431127,0.07198008,-0.0073351986,0.201039,0.20785606,0.10654926,0.050601132,-0.008001367,0.07002418,-0.0003010653,0.10165168,-1.7039478e-06,0.12439684,0.080904834,0.4943217,0.025829088,0.23393117,-0.0037568924,0.094836004,0.09971355,0.08567613,0.19245276,0.16466174,-0.0028465446,0.105627015,-0.009118664,0.2764261,0.29098493,-0.0041201655,0.67229784,0.12446716,-0.0050550904,0.13697635,0.5568007,0.038228244,-0.008302791,0.5388778,0.05324724,0.120509066,-9.7562e-05,0.58004147,0.16655894,-0.013395983,0.14416312,0.21286955,0.25454894,0.4401225,-0.010220688,-0.010946731
TCGA-HU-A4GP,-0.012496822,0.025991198,0.0024356479,0.18374082,-0.017092032,0.15969416,0.4339248,0.62976027,0.15806462,-0.008786439,-0.007493896,0.4622084,0.33544442,0.13335952,-0.006912862,-0.00027763026,0.010264775,-0.013796053,0.076881684,0.0140618365,0.21285538,0.057132956,-0.009393099,0.13180923,-0.003048262,0.0832403,0.19367775,0.14167869,0.13930625,0.48933,-0.0010239522,0.24029137,-0.0127616795,-0.00291906,-0.0013095633,0.052694626,0.10654268,0.17834693,0.019396942,0.07401636,-0.0035921026,0.23523512,0.120207936,0.017560847,0.5735694,0.1839312,-0.009327374,-0.00645411,0.56143355,-0.009441791,-0.0025546746,0.3578551,0.017997306,0.08794213,-0.011537951,0.45227468,0.004431462,-0.00848221,0.16113861,0.21967098,0.25358245,0.44834372,-0.006601937,-0.01103686
TCGA-HU-A4GT,-0.0054762075,0.07787584,-0.002565293,0.28485405,-0.019067792,0.30179113,0.67064977,0.8462504,0.28235358,0.12368366,-0.0061479057,0.7739343,0.17147636,0.38043004,-0.019522546,-0.011632852,0.17190748,0.0009934474,0.1412154,0.26083308,0.0025946829,0.18248692,-0.016554888,0.05146927,-0.0011826232,0.099235445,0.109902285,0.3449705,0.30364347,0.75696784,0.2271477,0.25779364,-0.009226504,-0.00090846274,-0.00943982,0.12932515,0.13558769,0.19309273,0.048912425,-0.0005973447,-0.017897036,0.2683663,0.31650656,0.0655317,0.8009467,0.059790976,-0.015492526,0.09320186,0.55759424,-0.0028270024,-0.017345821,0.7221326,0.08126274,0.25496984,-0.0023710073,0.7556685,0.08800853,-0.014063102,0.253203,0.3024351,0.70549226,0.5462129,-0.009676347,-0.02161995
TCGA-HU-A4GU,-0.0028662996,0.0620594,-0.009586723,0.32986525,-0.0045134616,0.23832338,0.49290395,0.61529297,0.12369546,0.110675946,-0.008272333,0.60058147,0.12972194,0.28146413,-0.004014134,-0.0043595694,0.071568236,-0.005568487,0.17550221,0.16631375,0.120571755,0.11181438,-0.0078529,0.15677224,0.03576588,0.0913277,-0.00044465886,0.26316807,0.09206199,0.62936103,0.08459896,0.17307036,0.01941219,0.0074282326,-0.0015963971,0.0014666617,0.09078224,0.059521902,0.10719046,-0.00091351534,-0.010202101,0.17785707,0.12500545,-0.006729394,0.6060345,0.08135569,-0.00028078372,0.04749971,0.42889503,0.017644167,0.0064385002,0.5171427,0.025591943,0.20912501,-0.005043268,0.6060124,-0.0009622665,-0.013939328,0.066545896,0.14711969,0.39089683,0.41830167,-0.0012663131,-0.016755147
TCGA-HU-A4GX,-0.0059804213,0.028501853,0.03259735,0.1157449,-0.00823929,0.064738974,0.3316326,0.4795496,0.0076434948,-0.0009513702,-0.0035244338,0.22530092,0.16318706,0.1962622,-0.00017271936,-0.0021504413,0.04713463,-0.0032789,0.13518976,0.09875863,0.07685841,-6.692903e-05,-0.00795767,0.05440783,0.00096204877,-0.0011041634,0.058707334,0.11108491,0.042164735,0.40175074,0.027690079,0.19042554,-0.0037326326,0.042985685,0.11344225,0.029170346,0.06663881,0.09233171,0.0515355,0.12346403,-0.0059904717,0.19429015,0.040038824,-0.0031954278,0.45750305,0.14093718,-0.005126376,0.02843795,0.3872969,-0.0024815449,-0.0040341173,0.34315953,0.069042355,0.077271774,0.014145475,0.42329723,0.049600914,-0.005867498,0.15894042,0.115975454,0.10551286,0.30860734,-0.0018579134,-0.0032734976
TCGA-HU-A4H0,-0.00223247,0.1597149,-0.009620759,0.22485566,-0.02199406,0.2932185,0.5302834,0.69179225,0.15711933,-3.1314044e-05,-0.0078049037,0.8887627,0.3789774,0.27821568,-0.015515021,0.07678283,0.08459476,-0.021064881,0.16421814,0.06330241,0.17812191,0.27728087,-0.002524818,0.14737275,-0.00055268034,0.2647311,0.063760154,0.27825522,0.12911883,0.76492184,-0.0017067731,0.20956798,-0.0052501583,-0.0006632604,0.0986763,0.15238583,0.15038893,0.5096712,0.045531455,0.011547495,0.08538298,0.49646962,0.38468984,0.06555639,0.67808545,0.16008285,-0.015556815,-0.007970647,0.6758832,-0.009967645,-0.019112892,0.72003,-0.00054390356,0.097886406,0.13323265,0.625976,-0.014161778,-0.010818785,0.22269961,0.09129353,0.85829705,0.6552958,-0.022338165,-0.009651373
TCGA-HU-A4H2,-0.018171376,0.13910878,0.030773003,0.26445794,-0.009690795,0.19113266,0.56799006,0.65700716,0.20330834,0.031137828,-0.013927926,0.5768708,0.25848505,0.26833028,-0.0039800736,0.021256953,0.13418804,-0.021629395,0.21335252,0.17444994,0.028923817,0.11586742,-0.017928056,0.0766873,0.058082953,0.14033881,0.044924125,0.15864906,0.10150536,0.6168646,0.05723728,0.29054365,-0.007566966,0.025068074,0.14247583,0.052775823,0.26067692,0.17070577,0.062005688,0.2054384,-0.013050619,0.24235074,0.17795204,-0.0057789492,0.7221359,0.19832924,-0.009725724,-0.0013831285,0.6034388,-0.0007856563,-0.006686583,0.61280423,0.035776228,0.20522776,-0.008560485,0.71375906,0.03469369,-0.013070186,0.20903865,0.08562049,0.36233896,0.67376995,-0.00485418,-0.0037412986
TCGA-HU-A4H3,-0.010293456,0.059627376,-0.026492152,0.25152352,-0.02227893,0.21435198,0.901532,0.9548218,0.32954264,0.18486625,-0.013976325,0.78795975,0.344848,0.31606263,-0.020239193,-0.00021133498,0.17467636,-0.0016131451,0.20828994,0.4402749,-0.0045598964,0.027263325,-0.006552966,0.080782875,-0.0045751156,0.14933726,0.26889575,0.13077609,0.014933698,0.95052886,-0.001860017,0.43733087,0.15244694,0.0014656968,0.013962112,0.09072227,0.22276613,0.25741947,0.083270416,0.034741726,-0.0110757,0.37763682,0.41485256,-0.017582098,0.7492305,-0.006770424,-0.027967671,0.14353368,0.7798266,-6.849542e-05,-0.008057162,0.73515844,0.114050806,0.55365,-0.010109122,0.89501035,0.21489662,-0.0104523515,0.10351927,0.038239863,0.53921294,0.61857945,-0.006333686,-0.013232976
TCGA-HU-A4H4,-0.0074530416,0.15680616,0.16329642,0.11493884,-0.0034532738,0.20039833,0.7128112,0.84477335,0.26315752,-0.00012483858,-0.017801257,0.6027789,0.2826344,0.46693617,-0.016256928,-0.02760376,0.13365647,-0.014660229,0.4205691,0.42332876,0.20837538,0.0678111,-0.009297277,0.12543389,0.15288788,0.19427603,-0.0031652264,0.13599914,0.071285404,0.70316666,0.21875206,0.21896347,-0.005719992,0.07077928,0.045528166,0.31450555,0.053722158,0.14359242,0.08133513,0.020368528,-0.003473547,0.4284828,0.47888362,-0.0072232485,0.952695,0.13599566,-0.01567846,0.13489601,0.63830066,0.09590855,-0.020247368,0.6249564,0.0881717,0.30128333,0.072354615,0.7264524,0.24003938,-0.008047067,0.4843737,0.12243348,0.49046358,0.68752706,-0.011024964,-0.013097915
TCGA-HU-A4H5,0.015669476,0.1327896,-0.006142495,0.21232529,-0.0020658977,0.14537704,0.43701023,0.51283056,0.24795824,0.021845696,-0.004254458,0.6129012,0.20393288,0.22825837,-0.021297017,-0.016046485,0.18873069,-0.00090294465,0.24466774,0.15570937,0.074998245,-0.005819526,-0.0054348754,0.06292376,0.015309408,0.045628037,-0.002579525,0.13121401,0.1663082,0.6415331,0.13924628,0.18259002,-0.007083654,0.028412998,0.14560425,0.05646234,0.048249304,0.26169905,0.12319167,0.10485187,-0.00043738112,0.27236,0.08983742,0.063576266,0.5215905,0.13033673,-0.0025597033,0.004715383,0.39157152,0.07344353,-0.008550377,0.5989354,-0.0042593023,0.1273318,0.033553142,0.5557028,-0.01659596,-0.011773624,0.24676372,0.051229537,0.5147787,0.41898844,-0.0018891158,-0.013424317
TCGA-HU-A4H6,-0.0057470785,0.0900826,0.004349201,0.14666079,-0.0004371903,0.25946334,0.6211998,0.7272071,0.17593494,0.0017140545,-0.008344899,0.4875098,0.19404292,0.29861405,-0.014751876,-0.013041458,0.0602519,-0.0059124753,0.24178948,0.2014723,0.03725231,-0.0030828582,-0.006204506,0.0080801435,0.08059196,0.16609788,-0.0010723424,0.13688955,0.036699615,0.58698696,0.059346113,0.32371792,-0.009697646,0.08690571,0.10438752,0.015893146,0.12220142,0.28098494,0.09766704,0.07568666,-0.015712632,0.35667765,0.34815776,-0.01692014,0.7352003,0.14840654,-0.018978862,0.11086251,0.53269935,0.042499363,-0.0053228154,0.57605034,0.18747897,0.17962176,-0.0013382056,0.6226322,0.13814774,-0.008095428,0.32776624,0.13205568,0.27414313,0.63655794,-0.016601048,-0.011575635
TCGA-HU-A4HB,-0.009442605,0.09334962,-0.00011273632,0.13118935,-0.0065752887,0.11471273,0.38960928,0.59456396,0.062869444,0.011528738,-0.005768757,0.2879707,0.25650683,0.19643742,-0.003829112,-0.007079338,0.008819932,-0.0028547903,0.121825784,0.12989591,0.0588506,-0.0015588407,-0.0099142585,-0.00025220067,0.001391679,-0.00070758275,0.054442413,0.12808654,0.04642523,0.43609357,0.0029096492,0.3160989,-0.007174124,0.036559097,0.10941155,0.047495835,0.0693695,0.17527951,0.035117086,0.15962565,-0.0046727005,0.2686675,0.09109338,-0.0072458643,0.54718065,0.17986804,-0.0078449445,0.015467316,0.4322312,0.030578777,-0.0027345591,0.38931638,0.07030204,0.050013352,-0.003486784,0.47923017,0.04033625,-0.009141408,0.1622996,0.2133472,0.06454104,0.37322667,-0.0081275245,-0.0036342859
TCGA-HU-A4HD,0.03424539,0.039819524,0.06868502,0.3225922,0.08386775,0.19653887,0.5673003,0.74690676,0.20063072,0.03460553,-0.007801001,0.49209774,0.2409961,0.26126498,-0.013129163,-0.009788247,-0.0025456205,-0.0032112144,0.3003502,0.17460786,0.17067504,-0.006669085,-0.0095646465,0.022409894,0.13666539,0.20651177,0.11167904,0.06186963,0.049395792,0.6212953,0.10530138,0.33676776,-0.014846328,0.043073367,0.28232718,0.043526098,-0.0063898936,0.26635566,0.14379725,0.11695936,-0.008857709,0.25742587,0.4153056,-0.017073745,0.7769067,0.2198697,-0.008957389,0.19086197,0.65476847,0.06269206,-0.010777383,0.65764993,0.10931918,0.107785605,-0.0007877991,0.60282016,0.07993989,-0.012502933,0.24127789,0.07482612,0.3441269,0.6373196,-0.010469547,-0.011872265
TCGA-IN-7806,-0.005803823,0.0036941953,0.0063644517,0.022229275,-0.007345699,-0.0025218518,0.21695384,0.3062308,-0.0014570927,-0.0011367921,-0.0027430719,0.09560224,0.071330324,0.10104244,-0.0035720454,-0.00033654683,0.049766853,0.03728033,0.11089463,-0.0028172915,0.031684846,-0.0005830965,-0.0053614443,0.008590169,-0.006745471,-0.003976283,0.07763858,0.095033884,-0.0014002103,0.30263966,-0.003210028,0.11593447,-0.002636626,0.0656307,0.116477706,-0.002858473,0.07580657,0.03290735,-0.0053587602,0.083374515,-0.008528749,0.106926695,-0.004205957,-0.0021184091,0.3017659,0.08173175,-0.00087314844,-0.003935301,0.29701874,-0.005638083,0.0024850396,0.1885472,0.07171032,0.055718638,-0.0007428994,0.2832436,0.059152216,-0.008134452,0.1003418,0.09555798,0.0693972,0.1696413,0.012258077,-0.0012588028
TCGA-IN-7808,0.035333883,-0.013232362,0.043780547,0.018974891,-0.030898994,0.16683173,0.53899306,0.6967395,0.1064994,-0.0066925394,-0.008631173,0.45632505,0.3554961,0.27311343,-0.007332176,-0.016140975,0.15614845,-0.008506517,0.23346214,0.03182318,0.015269078,0.045048844,-0.002522628,0.039111856,-0.010670799,0.0062864237,0.25306666,0.12035532,-0.00086054095,0.71072644,-0.013219048,0.5583766,0.09742239,-0.00080034137,0.23624617,0.003773667,0.22677648,0.117652014,0.08865163,0.47627783,-0.0066044205,0.20060225,-0.007618426,-0.021785935,0.84138274,0.24319845,-0.0007175196,-0.0029198767,0.5188998,0.05622536,0.027329795,0.6707739,0.15344974,0.20214006,-0.010447136,0.5912168,0.0663194,-0.008133039,0.20354696,0.1402873,0.103825696,0.48755103,-0.00092293735,-0.002910578
TCGA-IN-8462,-0.0044382876,0.020202171,-0.0009871506,0.03585323,-0.004880225,-0.0014946137,0.39454865,0.5105346,0.0012330078,0.015974257,-0.005445093,0.267165,0.14414078,0.20217393,-0.0012618535,-0.00051028765,0.11188823,-0.009494288,0.20824105,0.07160029,0.0030318447,0.07542914,-0.008676743,0.014311912,-0.0015632253,-0.0004663963,0.1681053,0.094203934,0.016761504,0.46543902,-0.007406396,0.20157471,0.0049169883,0.084281914,0.12008589,-0.00083071477,0.20028847,0.07833086,-0.003613852,0.17918347,-0.007885605,0.11467098,0.0053953473,-0.0067435834,0.48498344,0.12776983,-0.0072350055,0.10354802,0.42754146,-0.00011561327,-0.0003969782,0.38353962,0.022739504,0.07967587,0.05939516,0.40331572,0.03215662,-0.007870154,0.16394778,0.047356144,0.12718181,0.3360097,-0.0019636597,-0.005207173
TCGA-IN-8663,-0.005379955,0.019323569,0.034547433,-0.0016252783,-0.0025223678,0.015426167,0.37244576,0.43253958,-0.005123864,0.064635664,-0.0074861087,0.2229012,0.10408901,0.1606772,-0.0050236187,0.0050430223,0.06465346,0.0007894747,0.15981768,0.05686696,0.0011393144,0.033405114,-0.0065584183,0.058917448,-0.0030860861,-0.0042118425,0.18602991,0.12781471,0.03681507,0.38996768,-0.0034764525,0.20808035,-0.0016417671,0.10137964,0.10058991,-0.003256378,0.11912268,0.043361846,-0.0015967122,0.0956893,-0.005164957,0.14909983,0.07195616,-0.007572766,0.45098528,0.050716363,-0.0025970635,0.07958174,0.35491708,0.005943671,0.003962214,0.31917876,0.11909275,0.13388811,-0.0029525973,0.37582982,0.05950146,-0.007625602,0.059728347,0.090869606,0.14142701,0.28504688,0.035249062,-0.003976611
TCGA-IN-A6RI,-0.0050720144,0.0948593,0.0055844644,0.09938641,-0.009597746,0.07591035,0.6042315,0.8256508,0.40545624,0.058417354,-0.011325981,0.50004834,0.27102965,0.36065865,-0.010636239,-0.015949437,0.35660556,-0.011213693,0.25648376,0.30300117,0.29405195,0.0783212,-0.007227777,0.11902787,-0.0018908129,0.32142624,0.060604215,0.16148767,0.18852654,0.81067944,-0.010138795,0.140342,0.03737119,0.21053872,0.032352462,0.32796338,0.14054644,0.16298957,0.0016461425,0.030654486,-0.015451713,0.08615741,0.17079006,-0.00066637265,0.67780304,-0.004089195,-0.014452075,-0.0060771373,0.6466219,-0.0083003575,-0.021063572,0.66479015,-0.007590397,0.28341317,0.010672782,0.68972605,0.13358222,-0.018778572,0.25864604,0.026222084,0.5625844,0.423992,-0.00070619996,-0.0058888807
TCGA-IN-A6RJ,-0.0049730926,0.11872327,0.03763106,0.095556736,-0.009108782,0.045028992,0.38171834,0.52565014,-0.002861442,-0.0005758498,-0.009571115,0.24895678,0.13696247,0.2020076,-0.0076741427,-0.0037149861,0.0636707,-0.0018232813,0.20631158,0.0674364,0.07260621,0.016090736,-0.008078898,-0.0030515285,0.016472518,0.030534592,0.08052227,0.110359654,-0.0011873555,0.38621056,0.07321271,0.2463545,-0.002608299,0.08432025,0.13467862,0.066034324,0.16354689,0.14632715,0.057843108,0.061688293,-0.0049033794,0.33199042,0.2241475,-0.007965462,0.5585128,0.13977262,-0.006391959,0.125104,0.46198598,0.022908881,-0.0047190203,0.39377052,0.054437056,0.13397568,0.023720741,0.46399933,0.17115825,-0.00016793795,0.111177385,0.21123539,0.17067549,0.34265083,-0.0051866495,-0.008042469
TCGA-IN-A6RL,-0.0053384905,0.08178781,-0.0024065243,0.18662718,-0.00706281,0.09825582,0.54513866,0.7343315,0.18349545,0.054037124,-0.003397882,0.3780044,0.24893156,0.18609154,-0.0031568462,-0.0066352733,0.11660133,-0.011853146,0.29830578,0.123568095,0.16844533,-0.001705083,-0.0099920435,0.083596826,-0.00499372,0.078982785,0.09362716,0.11916928,0.028509289,0.57738286,0.02664316,0.24650942,-0.00029486718,0.08080387,0.17630406,0.035827845,0.10196522,0.1320594,0.12816088,0.106607944,-0.0076339813,0.24056359,0.20581923,-0.01241151,0.64090025,0.1625591,-0.011240928,0.13961035,0.56574017,0.019708216,-0.0012482693,0.504964,0.08338435,0.16773021,2.8256327e-05,0.6181882,0.08055115,-0.009268815,0.11499369,0.20958385,0.3475146,0.4910433,-0.0065082074,-0.011123008
TCGA-IN-A6RN,-0.010323318,0.06504829,-0.0076228003,0.020801282,-0.018869508,0.17265908,0.7343049,0.8998749,0.23345467,0.18482694,-0.02044483,0.36106044,0.38759926,0.17068763,-0.008593538,-0.00089029333,0.22771755,-0.009891791,0.3214312,0.2303719,-0.002811278,-0.0015974995,-0.012595862,0.058301993,-0.008085604,0.03723519,0.1517657,0.25009772,0.20632127,0.78009063,0.015196975,0.31869355,-0.007354629,0.18588969,0.16462539,0.02486001,0.19347447,0.11794837,0.082175106,0.060153637,-0.0010213032,0.12854747,0.15078728,-0.0075257304,0.7312046,0.11888366,-0.009844703,-0.0004938603,0.8533876,-0.0009447962,-0.0033426115,0.58761686,-0.009663999,0.2792264,-0.010512863,0.643376,0.03644882,-0.010591461,0.17741983,0.32346523,0.07478233,0.4925827,0.028964994,-0.017923284
TCGA-IN-A6RR,-0.00824331,0.054148786,-0.0064147934,0.15210043,-0.009998258,0.13780221,0.3637002,0.60180485,0.16424724,0.10440189,-0.00018563848,0.58751863,0.2455355,0.12973766,0.046438776,-0.010978616,0.17970516,-0.006429291,0.19190748,0.13348158,0.06131564,0.096228786,-0.007479264,0.14194384,-0.0077377087,0.048085954,-0.0032207668,0.12818393,0.046411164,0.54613304,-0.0056777103,0.3070615,-0.00038829594,-0.00094347,0.11867407,-0.002181863,0.0908208,0.14684813,0.10217057,0.04642799,-0.0061988244,0.15112302,0.007483339,-0.002505457,0.5554788,0.091036014,-0.014743042,-0.0052100113,0.47684735,-0.0047434936,0.017442212,0.50183433,0.0029039495,0.18792385,-0.010571522,0.5841915,0.006135747,-0.010574998,0.21004198,0.21304527,0.27371675,0.43591413,0.028002808,-0.010047334
TCGA-IN-A6RS,-0.0038952553,0.15402928,0.03615294,0.13487661,-0.006561931,0.11450606,0.42346495,0.59757125,0.24684194,-0.0010868754,0.022985848,0.49985033,0.23392522,0.27248323,-0.016246617,-0.014883848,0.28774503,-0.009995216,0.1801813,0.16272981,0.09216531,-0.00047032564,-0.010398399,-0.00015485212,-0.011338059,0.102680534,0.046009026,0.11356044,0.21597445,0.681102,-0.00083074643,0.1782005,-0.0014158487,0.14271438,0.108875476,0.122248374,-0.0033696205,0.25873908,0.16466671,0.0066931956,-0.011225079,0.16334437,0.1504314,-0.0064955666,0.6758225,0.04440905,-0.0064910683,-0.0007480536,0.5890809,0.072598875,-0.021407047,0.49726987,0.020238113,0.20495161,-0.0007569179,0.5978245,0.123957224,-0.015407795,0.36880505,0.06790167,0.3842261,0.43212426,-0.017479388,-0.0074415985
TCGA-IN-A7NR,-0.0066528297,0.056553926,0.06587856,0.15549397,-0.010440539,0.08793886,0.43089122,0.5802764,-0.0005852662,-0.0007402074,-0.011479976,0.24864478,0.20418444,0.21670587,-0.002768797,-0.0075451243,0.05484253,-0.005262659,0.24274717,0.13758545,0.05052071,-0.00067224365,-0.0070704347,0.059202593,0.017983034,-0.00061318016,0.073731564,0.08185349,-5.354993e-05,0.4253618,0.0412135,0.2757871,0.002067998,0.080303036,0.17865808,0.017386734,0.1394911,0.13332674,0.022629175,0.1483826,-0.007223641,0.30823168,0.06530736,-0.008093253,0.5922015,0.18671697,-0.008370954,0.1030042,0.53384453,0.002296716,-0.001232558,0.44495183,0.032739237,0.102627866,0.038921837,0.54239166,0.09660207,-0.010073164,0.2044068,0.18949133,0.11154686,0.40256056,-0.0017447661,-0.00715388
TCGA-IN-A7NT,-0.0012941071,0.07897438,0.049917236,0.10765669,-0.014809388,0.103399806,0.54495424,0.61691993,0.1659401,0.02356372,-0.007438179,0.3397941,0.2352263,0.3498874,-0.009244349,-0.004418719,0.053635836,0.026000032,0.31213522,0.13094999,0.1729622,0.06832859,-0.0061180703,0.0054265857,-0.0017774132,0.067689836,0.13137937,0.0917722,0.022686929,0.51964486,0.0028670914,0.2458934,0.0008810945,0.022845007,0.10930638,0.092636846,0.2513805,0.09095155,0.029163007,0.17310837,-0.0016341949,0.22701718,0.32038414,-0.01869127,0.7291639,0.14559367,-0.012523976,0.22649306,0.6278414,0.07102457,-0.015667392,0.57544035,0.083434165,0.11778759,0.110485226,0.6462202,0.24253613,-0.016576054,0.11467897,0.16165945,0.37994397,0.41478193,-0.013470659,-0.008427258
TCGA-IN-A7NU,-0.006211181,0.039431036,0.026195034,0.12045635,-0.0029823629,0.069396,0.4223202,0.51036453,0.03711806,0.014688142,-0.010044028,0.25462508,0.2093373,0.2578675,-0.007954611,-0.004112787,0.060115024,-0.0030680622,0.20333013,0.17297101,-5.969079e-06,0.03701866,-0.0028193083,0.08199301,0.046764605,0.041081402,0.09997884,0.09373792,-0.0034822614,0.45257628,0.027859371,0.26763803,-0.0021159805,0.051071152,0.19549896,0.014776971,0.14843509,0.16356036,0.0036348067,0.1195032,-0.0027766612,0.25078335,0.24736339,-0.0099552795,0.5795969,0.17416534,-0.00708652,0.085062265,0.5276079,-0.0032123476,-0.0059432383,0.3826402,0.07925845,0.1427486,0.045308154,0.48117977,0.14033851,-0.0044135544,0.17772464,0.117949754,0.10134168,0.38417816,-0.005995538,-0.0051044775
TCGA-IN-AB1V,-0.0064093596,0.061958376,0.067309305,0.037682503,-0.0060801734,0.023801584,0.4454226,0.58444357,0.0034707747,-0.006717494,-0.00905471,0.14027843,0.19047818,0.21558103,-0.0048794704,-0.0015165221,0.08128884,-0.0046073347,0.21636027,0.06233973,0.041013386,0.0042766435,-0.0114237135,0.008956227,0.03393212,0.034071844,0.14895523,0.09053925,0.022197299,0.4691891,0.021807428,0.21363707,-0.0021414154,0.06671449,0.114090174,0.035674796,0.17556128,0.046680667,0.01474572,0.17368928,-0.010614372,0.23377424,0.061669983,-0.0067309216,0.5542121,0.17685166,-0.0064336956,0.1126982,0.4427985,0.005357906,-0.0048407554,0.40769067,0.046860352,0.11731153,-0.00054718554,0.4483716,0.10641014,-0.0060024518,0.13176756,0.06782641,0.04889569,0.3606191,-0.0025243475,-0.0052070557
TCGA-IN-AB1X,-0.004818174,0.06266336,0.00082173664,0.079355374,-0.0077619934,0.019150719,0.46538216,0.6948265,0.06395173,0.030974697,-0.008258047,0.3166315,0.18837571,0.20115216,-0.0075399103,-0.007372629,0.12616853,-0.0013293921,0.2262884,0.058107927,0.03774366,-0.0048393956,-0.0045357733,0.035381578,-0.0027435638,0.017741878,0.13779321,0.06792426,0.018907472,0.58289856,0.021328386,0.2745749,0.011931501,0.1406857,0.14365904,0.06077615,0.15407373,0.17974383,0.0066440627,0.17443922,-0.011266947,0.2585101,0.0759428,-0.01115454,0.5550796,0.1515572,-0.010417136,0.046043992,0.49984106,0.009143069,-0.005859094,0.5216959,0.035096787,0.18560246,0.006645646,0.5210988,0.10409154,-0.00809226,0.15506153,0.058635086,0.21728265,0.3976413,0.0017027352,-0.004718892
TCGA-IP-7968,-0.0066401074,-0.00071227254,0.010723772,0.06649957,-0.0028563773,0.04091645,0.38514918,0.49632215,0.060162228,0.02218363,-0.011418854,0.19472493,0.19792709,0.24643067,-0.0061877626,0.005774405,0.07552394,-0.006427064,0.14831935,0.08211141,-0.0010359604,0.08731697,-0.011348881,0.06740905,-0.0045143734,0.0371787,0.1849038,0.096579656,0.0008708462,0.44602728,0.034567524,0.22151048,-0.0055343756,0.0689537,0.087254494,0.0099389255,0.22456808,0.03910428,-0.0016104755,0.112422615,-0.0053954497,0.18758163,0.09397639,-0.0058346707,0.5439497,0.17838058,-0.0036223885,0.12788819,0.42037374,-0.0022906244,-0.003585369,0.3991853,0.10525134,0.15208727,0.012857497,0.47777027,0.09630137,-0.004295208,0.18145579,0.15415858,0.14380154,0.35763094,-0.0014926036,-0.008792825
TCGA-KB-A6F7,-0.020512313,0.24603271,0.05351225,0.5940956,-0.03862827,0.5852548,0.6216306,0.51564586,0.8297434,-0.0055434075,-0.0031028239,1.8793496,0.81838036,0.22262281,0.012074895,-0.034391876,0.20002136,-0.029851282,0.36346248,-0.015950482,0.3057132,-0.008564109,-0.011360119,-0.013062176,0.45445883,0.22934127,0.16322666,0.43928242,0.0008299127,0.61594844,0.33194143,0.16170943,-0.018011425,0.273351,0.0039978325,0.2048099,-0.0044375034,0.07673445,0.15134725,0.30432168,-0.02548526,-0.008804991,0.031311244,-0.027931932,1.3118045,-0.005021792,-0.000440355,0.04710234,0.9665603,-0.0012373567,0.22110018,0.5136767,0.40888655,0.05049464,-0.00043343566,0.7523847,-0.0011249761,-0.00030624383,0.8194377,0.33092698,1.2163945,1.0428475,-0.020638939,-0.021685043
TCGA-KB-A93J,-0.02031407,0.08121991,-0.01081919,0.16073518,-0.015246791,0.15156786,0.51197565,0.84697866,0.17047425,0.20031635,-0.0035508112,0.46725237,0.25089625,0.11591262,0.067834914,-0.011283537,0.09908827,-0.014968708,0.21730204,0.09901343,0.11461999,0.09933123,-0.019730683,0.04789883,0.008245043,0.06170542,0.14675537,0.22334033,0.019749783,0.7037181,-0.0071314573,0.390731,-0.0058007794,0.13304007,0.11610596,0.10931342,0.12999882,0.18534803,0.11813454,0.059797253,-0.013529057,0.25232884,-0.0005364629,-0.0073675513,0.6401106,0.07770486,-0.021985045,-0.002777375,0.62245995,-0.008757434,0.022071518,0.5614146,0.051521,0.31569847,-0.005028279,0.61749935,-0.0007455716,-0.010093202,0.2830208,0.17314689,0.22558486,0.5581853,-0.0012993442,-0.012667653
TCGA-MX-A5UG,-0.001739708,0.10699813,0.16791879,0.11717354,-0.0022522868,0.041623767,0.5403462,0.49047703,-0.006593179,-0.008941109,-0.010287697,-0.0038930809,0.2001222,0.24503747,-0.004609279,-0.0007841539,0.02299182,-0.010840293,0.3633164,0.11749316,0.027956933,-0.0075889714,-0.0051879487,-0.0022908978,0.0049868375,0.03316878,0.08037828,0.096396305,0.012187719,0.36680835,0.1679264,0.17597817,-0.0033538863,0.08976097,0.24683963,0.0248986,0.23427776,0.029433846,0.10402924,0.15854385,-0.005699005,0.29891896,0.18574962,-0.0077357143,0.68161714,0.24197677,-0.0026026752,0.28384644,0.60818565,0.019830674,-0.004869597,0.43112966,0.028182495,0.06576673,0.072751656,0.5236473,0.23080358,-9.1123584e-05,0.0931469,0.08698852,0.04645283,0.46881384,-0.008990554,-0.002760969
TCGA-MX-A5UJ,-0.0010597184,0.035500944,0.105049096,0.13697796,-0.004389891,0.11408517,0.5104594,0.47327203,0.06349318,-0.001179114,-0.006403611,0.23632649,0.17600372,0.18193857,-0.007211788,-0.0063306303,-0.00052975584,-0.009280876,0.2677317,0.12482075,0.055463832,-0.005334077,-0.00363236,0.073600024,-0.00091689866,0.048064996,0.07894161,0.15558282,0.025399663,0.4385888,0.11820389,0.15607908,-0.0019293942,0.037979517,0.1151082,0.0476619,0.11501796,0.06550866,0.10989559,0.05901557,-0.004140448,0.20429544,0.15126257,-0.0056042573,0.5526438,0.16509357,-0.0030477275,0.10574344,0.44256595,-0.00079318025,-0.0021252264,0.35878015,0.06316515,0.11113515,-0.0028802368,0.502754,0.1265204,-0.007698496,0.09928006,0.105169386,0.19310811,0.40793842,-0.007772931,-0.0074938126
TCGA-MX-A663,0.0031303726,0.07374068,0.18748564,0.29044107,-0.0068818056,0.03747749,0.62127596,0.5978791,0.055798087,-0.016265022,-0.014980759,0.11275515,0.18907072,0.2337301,-0.013787307,0.039749175,-0.00745313,-0.012781064,0.42248604,0.05155638,0.21950169,0.0064927647,-0.0050054765,0.082674384,0.07722153,0.121296406,0.18072742,0.07320185,0.0094496235,0.41653842,0.35233927,0.17676564,-0.006719073,0.1478808,0.35151756,0.039041005,0.24948955,0.029754972,0.030154344,0.28077132,-0.008852371,0.38496026,0.23020265,-0.0027396742,0.7652714,0.26340246,-0.0057047415,0.32356465,0.760392,0.006324269,-0.0143336,0.5221593,0.13238873,0.14109,0.13229766,0.629907,0.22065116,-0.006908037,0.16993883,0.013597254,0.19761235,0.6344401,-0.009377173,-0.008365554
TCGA-MX-A666,0.0427753,0.05748756,-0.004372633,0.47698557,-0.008461255,0.33603662,0.87413925,0.72390956,0.37608626,0.048601437,-0.0145159215,0.8176641,0.41220436,0.3268271,-0.0288311,-0.013190165,-0.0074079805,-0.014319077,0.43285808,0.122705944,0.3454799,0.03853191,-0.00090911577,0.27590308,0.002012238,0.25280708,0.054354653,0.16917947,0.12829074,0.7176707,0.2758079,0.4027495,-0.00037895478,0.00029189885,0.14532548,0.05946829,0.18007158,0.27685004,0.20170356,0.12471549,-0.006969716,0.3683019,0.40205494,-0.002053367,0.9337703,0.24322069,-0.0054116463,0.18306936,0.8458507,0.0350603,-0.013946528,0.7136598,0.4180303,0.29730073,0.058602307,0.8697982,-0.00020711329,-0.011933987,0.32050297,0.20952141,0.5905803,0.7543707,-0.015887987,-0.015483292
TCGA-R5-A7O7,-0.0075879516,0.015023988,0.028645996,-0.008371111,-0.016783737,0.08945639,0.61395335,0.65044105,0.26553285,0.0076119564,-0.013571334,0.27986577,0.19494097,0.22294398,-0.026038716,-0.009227353,0.25455436,-0.0028983047,0.10138614,0.12573346,0.012595214,0.01526638,-0.0004934192,-0.0027159662,-0.0064762905,0.0006148182,0.094157316,0.16037014,0.19186178,0.7383448,0.0071005113,0.21640876,-0.0038756416,0.08399226,0.07613853,0.33413702,0.27325886,0.0731225,0.06421514,0.014951494,-0.015420429,0.4226097,0.20087957,-0.00046636426,0.7002387,0.12953019,-0.020202568,0.16019905,0.50569856,0.0059483796,-0.014456065,0.61046755,0.06219209,0.20291397,0.059217144,0.6034039,0.1943042,-0.0010269951,0.21197467,0.051371645,0.3990927,0.44704178,-0.010621683,-0.006714245
TCGA-R5-A7ZE,0.029239956,0.114420176,0.04040132,0.17904544,-0.009646861,0.014079864,0.6471675,0.74476373,0.22572789,0.06778504,-0.007524664,0.49247828,0.19967853,0.27717453,-0.0090988055,-0.0043091737,0.2527749,-0.010697261,0.43963018,0.11993583,0.29195958,0.0803476,0.02933564,0.07939038,0.0459326,0.17671964,0.0067361332,0.121167354,0.12010529,0.61369336,0.049396593,0.09006233,-0.0046866676,0.1980707,0.17910548,0.15369394,0.0994434,0.101620704,0.061406907,0.11169469,-0.007482139,0.23365471,0.4185512,-0.010994956,0.7288481,0.13799778,-0.0074293064,0.24204057,0.6202518,-0.00047486203,-0.013998053,0.6407846,0.20630604,0.16986018,0.12971112,0.5680424,0.25056058,-0.009799934,0.27239192,-0.0013351258,0.6511225,0.61624205,-0.011362071,-0.015531178
TCGA-R5-A7ZF,-0.0060115377,0.16248032,0.111532144,0.23531757,-0.003901805,0.15421131,0.72283745,0.7986564,0.04556332,0.049369697,-0.021835277,0.54659384,0.28621072,0.34132972,-0.010243686,-0.006876676,0.13823187,-0.004459859,0.35003197,0.33157286,0.14056607,-0.009944914,-0.0066584866,0.03951974,0.12853311,0.301795,0.08467147,0.09131305,-0.0044693924,0.6762954,0.1585246,0.29349864,0.027372055,0.11149744,0.2513349,0.18955836,0.06472492,0.2119439,0.15638183,0.080483675,-0.0108049605,0.35636908,0.43461192,-0.02163038,0.843012,0.09203069,-0.012225345,0.2664268,0.79761845,0.08153722,-0.006983366,0.7315237,0.07056555,0.1733247,-0.0041934256,0.70785385,0.29133683,-0.01982305,0.18286759,0.09135631,0.44267228,0.6741971,-0.009744248,-0.0052780733
TCGA-R5-A7ZI,-0.0172149,0.13659795,-0.004056258,0.4753162,-0.017564194,0.35170835,0.6575821,1.1755685,0.3084671,0.24895175,-0.009368656,1.222778,0.6133975,0.5080982,-0.006879507,-0.00896711,0.28410769,-0.021807317,0.18452342,0.5640906,0.14628881,0.06549254,-0.009091146,0.11225412,0.09208423,0.1655416,0.12144186,0.10363106,0.020678587,0.971,-0.00836389,0.5600169,0.045200408,0.04828915,0.10367899,0.1883491,-0.0017840088,0.42628247,0.018685412,-0.009943555,-0.0010744054,0.59617007,0.47977865,-0.020735268,1.1692548,0.20969054,-0.034042623,0.042097047,0.87204,0.016009927,-0.023418438,0.89908415,0.0670995,0.14546421,0.19829434,0.83925134,0.040780313,-0.016385423,0.6353807,0.34796166,0.46194795,0.9214003,-0.011746007,-0.022234203
TCGA-R5-A7ZR,-0.013719032,-0.0012042944,-0.005053408,0.08918485,-0.01381443,0.29950494,0.57988596,0.84819996,0.49685663,0.05519448,-0.008820973,0.82590836,0.31535092,0.21072222,-0.0062077716,-0.0069586784,0.1855346,-0.014203685,0.18369119,0.047436535,0.17311089,0.13436921,-0.012614289,-0.001178477,-0.006688077,0.23459953,0.04110498,0.23213255,0.16810653,0.7806349,-0.0023043426,0.31034777,-0.0023515865,0.07132267,0.11552038,0.046651945,0.14273894,0.13496569,0.03088494,-0.0054780347,-0.020040529,0.21194533,0.17888498,-0.0025871776,0.72502077,0.18057218,-0.023320466,0.007386137,0.6667664,-0.010690031,-0.003092731,0.7113784,0.08908798,0.19896919,0.0516948,0.6811847,0.08278828,-0.008973083,0.25750628,0.22489795,0.64485806,0.67135644,-0.017454755,-0.01963845
TCGA-R5-A805,-0.009827743,-0.00059606135,0.17950836,0.0828228,-0.00818375,0.2527565,0.60113716,0.8408369,0.10007891,0.029986255,-0.02447436,0.6002713,0.29601878,0.24094099,-0.0132070035,-0.00572425,0.1308248,0.008013744,0.32482222,0.41152474,0.2051861,-0.00647811,-0.0022811443,0.038164467,0.06374818,0.18466419,0.1872895,0.16000524,0.14215422,0.57667696,-0.000648522,0.35703802,0.08312932,0.0112464335,0.27134618,-0.0024002225,-0.0016077281,0.25738648,-0.0014835317,0.09883973,-0.004053042,0.33463186,0.17224488,-0.01853624,0.760229,0.13066351,-0.010350669,0.12951267,0.73092353,-0.0017960056,-0.0034140644,0.5442032,0.25687462,0.29807946,-0.002983216,0.6953827,-0.0026984576,-0.014941829,0.414056,-0.009268059,0.6140542,0.66170865,-0.00034457576,-0.007600248
TCGA-RD-A7BS,-0.0064758644,0.044901,0.08107172,0.0374005,-0.0006790779,0.059937295,0.33020574,0.38250977,-0.0019950678,0.0038426071,-0.0064667515,0.16251409,0.0982403,0.19875832,-0.0012492746,-0.0038989969,0.031027706,-0.002502806,0.11591775,0.047579207,0.017145991,0.00075242016,-0.008468906,0.04057674,0.0075551867,0.030632887,0.054124556,0.07383317,-0.0048136427,0.32499313,-0.003042656,0.18357107,-0.0011454195,0.048966713,0.10924628,0.024250343,0.12673022,0.06760575,-0.00097909,0.068995714,-0.0057862825,0.19274507,0.0550254,-0.0083908355,0.40851566,0.1194616,-0.004764093,0.08164705,0.33144397,0.008821607,-0.0012908613,0.28172535,0.05723256,0.08993408,0.010696303,0.30049968,0.07080046,-0.0045354636,0.13343407,0.09396729,0.07549197,0.2576846,-0.006012725,-0.0051667113
TCGA-RD-A7BW,-0.006909763,0.03372478,0.052493427,0.04938069,-0.004335984,-0.0023097694,0.27092177,0.30233446,-0.00087984244,-0.0044744085,-0.001835855,0.03907318,0.057473756,0.11824244,-0.0038648439,-0.0010480132,-0.000716535,-2.3001805e-05,0.12560274,-0.0017781716,0.068927385,-0.00094414403,-0.00788448,0.012039293,-0.003688147,-0.0040840283,0.035523847,0.030915529,0.0013526082,0.23714267,0.058864404,0.088337615,-0.0030514186,0.08487072,0.14722364,-0.0004936824,0.09876877,-0.00034513438,-0.0022151263,0.12281883,-0.0050632185,0.13274907,-0.0043265685,-0.0010829897,0.3113385,0.1190406,-0.0001317542,0.06417716,0.266968,-0.003098507,-0.0026033109,0.21812865,0.057267666,0.06694977,0.03860538,0.2712466,0.07958934,-0.0063384683,0.043681223,0.04988126,0.020679234,0.19598229,-0.0012160089,-0.002655252
TCGA-RD-A7C1,-0.011618957,0.23739707,0.081353664,0.14064589,-0.004431432,0.18176183,0.70227224,0.80410373,0.26134604,0.05669749,-0.011900234,0.7243302,0.31751308,0.30657804,-0.0053650155,-0.010173929,0.21321249,-0.013967323,0.40213004,0.34914488,0.098099485,0.024564553,-0.007036981,0.034779966,0.040164635,0.18034829,-0.011454084,0.114230484,0.08952514,0.600451,0.07077965,0.25928357,-0.0014429021,0.035977714,0.13844994,0.19929239,0.15606418,0.17371157,-0.0069728903,0.037673492,-0.010432,0.31336653,0.3367557,-0.011787183,0.8090087,0.057954334,-0.01867075,0.0954518,0.652769,0.0069573745,-0.0044737225,0.6436159,0.08789794,0.16152138,0.022707138,0.6726508,0.15075299,-0.011124054,0.4072536,0.0690299,0.4668624,0.6831503,-0.0013735077,-0.010549708
TCGA-RD-A8MV,-0.010988615,0.04353012,0.061283976,0.04791464,-0.0028767518,0.17905177,0.52090836,0.6395601,0.075278565,-2.5635958e-05,-0.01706587,0.38500768,0.16055317,0.31690148,-0.015795672,-0.017398048,0.18607622,-0.007606917,0.1559039,0.18150477,-0.007527093,0.0072766887,-0.0068710684,0.036856666,0.080516905,0.1544606,-0.00063140003,0.000750117,0.027914777,0.6031613,-0.0031347391,0.25693735,-0.0034834028,0.1036321,0.0200652,0.12355087,0.033239577,0.32212922,-0.0015961347,-0.0018891189,-0.0101284655,0.28823507,0.16657653,-0.017399665,0.7014861,0.07388248,-0.013266352,0.015055433,0.51925904,-0.005585383,-0.0128098,0.5557613,0.08851799,0.24096766,0.0776566,0.5052373,0.012352003,-0.0092845,0.3836434,-9.110831e-05,0.26762593,0.565112,-0.009393131,-0.007850274
TCGA-RD-A8MW,-0.0046686195,0.09880495,0.09060141,0.046369858,0.043175876,0.09944024,0.43358278,0.49398857,0.115924194,0.07212193,-0.00529475,0.2948443,0.14262816,0.22560196,-0.004653448,-0.008346561,0.04257282,-0.0018333724,0.2728545,0.13594581,-0.0039956504,-0.0011035749,-0.012609804,0.013806941,0.02992735,-0.0001402881,0.0634853,0.10197994,0.016187124,0.41429973,0.11368053,0.19023925,-0.0011356063,0.11761887,0.15163684,0.013310239,0.1618745,0.049146894,0.005010523,0.080219746,-0.005230497,0.22022033,0.13256696,-0.010874671,0.5592332,0.053602334,-0.013210832,0.071850926,0.38520002,0.025353871,-0.007341772,0.4416179,0.074824214,0.1221791,0.03158347,0.45593154,0.12195274,-0.0067210034,0.24934818,0.0334002,0.17065346,0.44560355,-0.004329413,-0.008351042
TCGA-RD-A8N0,-0.00339523,-0.0019724031,0.19124383,0.11561112,-0.011464254,0.070981696,0.5191745,0.61684704,-0.010524108,-0.008426899,-0.011018976,0.08418312,0.1973281,0.28980553,-0.0067791343,-0.005805729,0.06320586,-0.005188317,0.24585554,0.13567996,0.031606436,0.01445634,-0.008774701,0.04368193,0.069901735,-0.00065206777,0.23149681,0.07975881,-0.004205028,0.50980926,0.023045637,0.35727182,-0.0021844737,0.10898629,0.1958799,0.04052013,0.17473865,0.09114966,-0.00048447849,0.33340734,-0.006841399,0.33888862,0.058012545,-0.015727984,0.6745455,0.28059593,-0.0027628986,0.112797394,0.6283323,-0.0008558404,-0.005995653,0.5660812,0.045829587,0.13469416,0.060189728,0.56174314,0.15722057,-0.01130228,0.2181509,0.12833017,0.11554103,0.49687406,-0.009031373,-0.007128858
TCGA-RD-A8N1,-0.0067135706,-0.0022187915,0.057946403,0.20065035,-0.012522379,0.21169262,0.5940049,0.47766498,-3.2552703e-05,-0.0016971317,-0.0042446502,0.32556993,0.20679119,0.2678081,-0.0053416598,-0.021701107,-0.0071005323,-0.010635207,0.22328854,0.09437866,-0.0020790373,0.0023554424,-0.0050046137,0.028400864,0.0045070797,-0.0001944881,0.0010427944,0.11587304,0.04139375,0.4930734,0.09939273,0.3661734,0.001180023,0.124525376,0.22443439,0.035589196,-0.0014796284,0.27542147,0.05127733,0.17626354,-0.0044566924,0.3306493,0.0047636013,-0.0128322635,0.6387317,0.13615039,-0.005021308,-0.002207312,0.5533752,-0.0025690184,-0.0086124595,0.55738574,0.19508475,0.17023489,0.088458136,0.59083295,0.033516683,-0.015606296,0.4360394,0.04767565,0.3405719,0.62070954,-0.010735929,-0.007522829
TCGA-RD-A8N2,-0.008546424,0.004237815,0.07787276,-0.0005707798,-0.0036887121,0.0013259642,0.2576429,0.24567547,-0.0036924034,0.018452032,-0.00081350043,0.010554078,0.037671626,0.10360303,0.00011031702,-0.0022465156,0.028876407,-0.0018300371,0.08721985,0.010143124,0.027650088,0.017407332,-0.011288411,0.01986037,-0.006978318,-0.004554776,0.028467365,0.077524126,0.016825125,0.23199469,-0.0018023985,0.092050634,-0.0012592912,0.1087765,0.12174136,-0.000412526,0.140668,0.005221758,-0.0014065191,0.050356474,-0.003915737,0.05183083,-0.0039573596,-0.00010964945,0.26619154,0.06579083,-0.0026715961,-0.0004287202,0.2069188,-0.005332256,0.0047044577,0.19396676,0.054223407,0.040210754,-0.002020355,0.22680993,0.031990934,-0.0090686185,0.06579768,0.031632643,0.07450913,0.18118367,-0.00077269133,-0.003524702
TCGA-RD-A8N4,-0.008072293,0.0063454174,0.06258729,0.0006283689,-0.0077499724,-0.0011274742,0.26179877,0.29699528,-0.00428702,0.014283519,-0.006475258,0.034974452,0.0575722,0.094971925,0.0010072365,-0.0035714172,0.028199514,-0.00046698283,0.08892449,-0.0024758943,0.028431665,0.010411005,-0.014155991,0.036445018,-0.008200718,-0.0038078383,0.09381018,0.09590122,0.014300726,0.30048293,-0.0012665434,0.078181125,-0.0044899555,0.08178209,0.08266343,0.008871343,0.07824719,0.009231069,-0.002504546,0.045005497,-0.002583372,0.105083615,-0.005852013,-0.00096538366,0.3351135,0.06337203,-0.0064374553,-0.0021532546,0.238013,-0.0050836443,0.005722451,0.22065164,0.048493464,0.0736449,-0.0021533282,0.2722699,-0.0015595275,-0.0071974993,0.06776746,0.044566948,0.07066789,0.20363562,0.028780181,-0.002068959
TCGA-RD-A8N5,-0.006094153,0.069171995,0.1745192,0.03556115,0.09341008,0.050626453,0.5673326,0.62028784,-0.004539033,-0.00037205592,-0.013613129,0.13260986,0.16089699,0.23750266,-0.00620811,-0.007080248,0.10428713,-0.0099682305,0.27197346,0.16294234,0.019109946,-0.0038283,-0.007945295,-0.0002801858,0.08322011,0.10114001,0.12567332,0.038314275,0.0009406358,0.51659817,0.028461289,0.19676502,-0.0032503412,0.18333486,0.1595461,0.07212977,0.1449104,0.12074365,-0.0015537468,0.025095936,-0.004285976,0.2527992,0.16651922,-0.019185571,0.65463746,0.11654213,-0.010392311,0.22901148,0.5775758,-0.001527442,-0.006642349,0.50741124,0.020553038,0.18460321,0.042919774,0.44635558,0.16470401,-0.004772849,0.24014921,-0.0015094873,0.17729157,0.50839293,-0.008439246,-0.0032904223
TCGA-RD-A8N6,-0.011780627,0.059847835,0.0679464,0.04980754,-0.0068091275,0.03537937,0.3065461,0.34222856,0.070297614,0.013391297,-0.008854841,0.14660743,0.11777057,0.17097092,-0.004651763,-0.0004884649,-0.0008629773,0.045585908,0.1485537,-3.3154152e-05,0.06476902,0.0987786,-0.00817166,0.04511778,-0.0019097358,-0.0058049704,0.05198057,0.042532265,0.02673468,0.35471797,0.007885005,0.17318676,0.012614697,0.10360972,0.16188103,-0.00012951717,0.15769516,0.04881833,-0.003302902,0.20708501,-0.004755761,0.14101496,-0.006421218,-0.0015190293,0.40992033,0.14008662,-0.007140839,0.051911175,0.40244278,-0.0033780583,-0.0076382174,0.29358456,0.2130341,0.10002606,0.019903664,0.41448373,0.05624053,-0.011367862,0.099641725,0.059178688,0.09977923,0.23894261,-0.002624861,-0.008962423
TCGA-RD-A8N9,-0.005343101,0.040426012,0.0855656,0.08676508,-0.0038145555,0.020371584,0.46069074,0.5060088,-0.0056882533,-0.005117397,-0.007379353,0.09654682,0.19040513,0.22621682,-0.0058812364,-0.002115724,0.040639825,-0.0072353035,0.20365888,0.07675699,0.0320115,0.0065336013,-0.008654206,-0.00016790554,0.04871151,0.050173674,0.1816377,0.11852373,-0.0025408322,0.45290494,0.044472005,0.23887469,-0.0037338827,0.13694116,0.16552904,0.022843331,0.16836892,0.07479374,0.017923135,0.18793702,-0.005379946,0.25610113,0.12063222,-0.008627555,0.5760279,0.18236676,-0.0029709574,0.13707724,0.5307004,0.0016758889,-0.0035945754,0.42287868,0.023318445,0.105306774,0.013886146,0.43883735,0.120909534,-0.0038968946,0.14678416,0.10650416,0.045251027,0.44074786,-0.010699047,-0.0070756623
TCGA-RD-A8NB,-0.007366143,0.05698348,0.17311943,-0.0010985614,-0.0016810127,-1.3403478e-05,0.48780543,0.5482807,0.010919604,-0.0019028161,-0.007175378,0.102735765,0.15782107,0.20230493,-0.007834162,-0.0010627743,0.14772066,-0.010140156,0.24483386,0.09941116,0.09026668,0.016055338,-0.008345995,0.019193383,0.03237103,0.08372906,0.0940968,0.06448484,0.024551637,0.47429025,0.054290745,0.17182022,-0.004086451,0.14379978,0.20775056,0.091028705,0.22374664,0.034161925,0.00470227,0.12219539,-0.008342928,0.2073234,0.13785665,-0.007043104,0.5901381,0.107261926,-0.006914355,0.19063884,0.5038545,0.03587091,-0.00863685,0.42176944,0.100688085,0.12552091,-0.0017892005,0.4109683,0.19190264,-0.0067216726,0.14052399,0.043995872,0.1059282,0.38384962,-0.009147092,-0.007659122
TCGA-SW-A7EA,-0.006017088,0.030277416,0.017827448,0.0734795,-0.005352407,0.052294187,0.36240047,0.49806142,0.02923223,-0.001886817,-0.0057056183,0.16815536,0.13209298,0.16910113,-0.0046628136,-0.003346219,0.060938418,-0.0025863717,0.16659701,0.07151561,0.043164093,0.018791303,-0.007816698,0.025845205,0.012766495,-0.0007099036,0.07075781,0.067195185,0.008553639,0.40609115,-0.0021580243,0.14952911,-0.0043730955,0.08475459,0.10705967,0.031149536,0.13113967,0.0766824,0.01239109,0.060410354,-0.0052351663,0.17103581,0.072888,-0.006961377,0.44454494,0.13881484,-0.008419218,0.059851542,0.42803714,-0.005648625,-0.0010335257,0.37459588,0.025686499,0.14239538,0.033134695,0.42484313,0.10558699,-0.006784448,0.10920122,0.13306841,0.07633501,0.3303685,-0.002687454,-0.006633232
TCGA-SW-A7EB,-0.002500357,0.21400473,0.008797598,0.37471223,-0.022551185,0.06068438,0.54531723,0.9004786,0.25723755,-0.0011456211,-0.0060292557,0.5319354,0.23310992,0.2647369,-0.016453901,-0.0043989695,0.1471162,-0.0036997653,0.39226198,0.077742584,0.23530279,0.04815622,-0.004678056,0.10439442,0.001129739,0.06753063,0.18624732,0.1095378,0.11491274,0.6416778,0.18330173,0.25394002,-0.012127901,0.19229269,0.26101857,-0.004549681,0.247311,0.11469473,-0.0026427354,0.41977066,-0.015199755,0.32692584,-0.006272144,-0.0041165533,0.7879009,0.21102759,-0.027093297,-2.9604882e-05,0.8155621,-0.0016431048,-0.015338132,0.6985241,0.066263065,0.23715478,0.24484232,0.79572904,0.056195326,-0.018392194,0.4907158,0.15327969,0.32271716,0.61318254,0.033131383,-0.017054325
TCGA-VQ-A8DT,-0.009664525,0.1248118,-0.005928503,0.11393167,-0.015436544,0.23885183,0.53312933,0.70587087,0.23125997,0.13758026,-0.010572798,0.6074431,0.25959757,0.2256061,-0.013092845,-0.005179825,0.14514087,-0.0037007413,0.19874047,0.21343601,0.09355932,-0.002857821,-0.014547983,0.074541755,-0.00094739796,0.061191883,0.041463524,0.1609064,0.09206667,0.63478714,-0.0035386998,0.3882272,-0.0017287963,0.0014578924,0.10048193,0.11552241,-0.0003860023,0.25043538,0.055792663,0.09196535,-0.004195764,0.36854154,0.2651615,-0.01737777,0.722919,0.15511015,-0.01362248,0.006134808,0.4929599,0.0011052489,-0.008196385,0.6066596,0.06318431,0.2096208,-0.0077126236,0.69282496,-0.0038025908,-0.015500686,0.23698673,0.1755775,0.4453838,0.49939364,-0.010151422,-0.013231451
TCGA-VQ-A8DU,-0.010528048,0.10712366,0.033667013,0.15193312,-0.0057787066,0.07274833,0.6928885,0.8149432,0.14001244,0.13519034,-0.011295226,0.4265607,0.30148566,0.31208152,-0.0043138373,-0.0010440983,0.14647561,-0.003668227,0.3890847,0.19843054,0.028052226,-0.0001059751,-0.01816467,0.043267973,-0.0037933409,0.070501864,0.119496845,0.115389936,0.11014242,0.5824901,0.040337894,0.3845344,0.01696501,0.08949985,0.20865013,0.06251439,0.26369756,0.092492476,0.0577471,0.11397576,-0.004795026,0.3071837,0.32116947,-0.008075315,0.7395879,0.12960105,-0.00028904455,0.17664121,0.6516679,-0.0051589953,-0.0027335973,0.6247725,0.10008498,0.17035267,-0.0014882426,0.66233844,0.08687998,-0.016043998,0.20835887,0.13599283,0.34864172,0.64262503,-0.0040058247,-0.015099901
TCGA-VQ-A8DV,-0.00612121,-0.010406228,0.27532035,0.13278164,0.059387136,0.1848009,0.6079828,0.9472004,0.32649705,0.41431677,-0.019422976,0.9503334,0.34628776,0.33208877,0.06553387,0.13208842,0.3000417,-0.024967162,0.6065991,0.61963797,0.32472798,0.31799117,0.09053801,0.030464625,-0.0039570355,0.2296057,0.06639037,-0.0062725344,0.03206425,1.2006108,0.15279713,0.42884746,0.34328443,-0.0003064193,0.16433012,-0.018567681,0.16843563,0.3544526,0.29599395,-0.0061727194,-0.0011914897,0.7220712,0.093015574,0.17927118,1.0902673,0.4097204,-0.009757014,0.7970626,0.5373663,0.2748301,-0.035960205,1.0402732,0.25226656,0.31495038,0.020057365,1.0801885,-0.009688376,-0.00500058,0.70268184,-0.0007669222,1.8500482,0.9763708,-0.017109258,-0.03957555
TCGA-VQ-A8DZ,-0.004447298,-0.005953427,0.01901123,0.1449119,-0.0033778918,0.27825546,0.62594944,0.57010835,0.40013233,-0.0019074146,-0.012983381,0.628921,0.22038612,0.26808488,-0.027234524,-0.003807179,0.13093945,-0.0103429435,0.26802528,0.136299,0.12909298,0.04663974,-0.00052508863,0.092554,0.011098832,0.17302692,0.08885365,0.1207929,0.26361072,0.708487,0.038858924,0.28645656,-0.01287137,0.13334104,0.12120582,-0.0016728882,-0.009288582,0.31300944,0.15770537,-0.0019092389,-0.016877387,0.23761295,0.31166792,-0.0094860615,0.7285377,0.11542957,-0.015038659,0.03809137,0.5752087,-0.0033866332,-0.015093108,0.57151693,0.3725406,0.25144625,-0.002368624,0.65161467,0.036324233,-0.008895685,0.21349011,-0.0010315363,0.7044239,0.5997492,-0.012852065,-0.01809087
TCGA-VQ-A8E0,-0.014876546,0.10899545,-0.0030328275,0.20030761,-0.008008141,0.18974756,0.5262013,0.7849984,0.27907938,0.1775257,-0.0067080944,0.47276664,0.2588375,0.25252673,-0.0031984828,-0.009045607,0.1793406,-0.0052262074,0.16273052,0.08274984,0.10674495,0.05246423,-0.016253533,0.008305449,-0.0012377672,0.17728747,0.0729386,0.1440861,0.07726609,0.71996194,-0.0031880294,0.28103098,-0.012337278,0.10290187,0.030231893,0.07259742,0.18061502,0.13825199,-0.0006106118,-0.00482882,-0.014093603,0.088133425,0.04454095,-0.005351745,0.6028564,0.04730647,-0.01655877,0.013259627,0.50136656,-0.0013199992,-0.0026530572,0.5973571,0.12841593,0.20337364,-0.006354922,0.5035959,0.07158495,-0.0116733685,0.14194074,0.27230436,0.30009073,0.4470065,-0.0017749089,-0.016455716
TCGA-VQ-A8E2,0.043419596,0.0121729635,0.07860599,0.15629622,-0.0044790427,0.1630504,0.504869,0.37498507,0.027542096,0.04161337,-0.009920393,0.27580732,0.17801373,0.27337587,0.07635384,-0.008001702,-0.0039141844,0.012554163,0.34654003,-0.002962487,0.14054877,0.051544268,-0.009167323,0.02800845,-0.0044382527,0.1589404,0.05417669,0.11576863,0.010254011,0.5664768,0.23373833,0.16488574,0.026002645,0.20795494,0.33277106,0.024323374,0.17356248,0.11812854,0.080463886,0.13841465,-0.00044367762,0.24288227,0.1253788,-0.0055580693,0.66418636,0.09164387,-0.013806224,0.25444517,0.56969523,0.1174435,-0.006050465,0.6179661,0.10895069,0.11725736,0.12435201,0.5250853,0.04120931,-0.006600754,0.08630779,-0.0036761207,0.40680704,0.5597918,-0.012079994,-0.0072515495
TCGA-VQ-A8E3,0.08050221,-0.0006622847,0.010953813,0.06042614,-0.005001358,0.15814012,0.49525005,0.6120875,0.035005968,0.047845356,-0.0052703917,0.45281965,0.25457793,0.30077899,-0.007699405,-0.0069237286,0.24448547,-0.0026126401,0.2174835,0.12395916,0.026670393,-0.0010071832,-0.0036304728,0.026014693,0.04701607,0.09013952,0.05104775,0.19057295,0.07943653,0.6543444,-0.00049100857,0.14764334,0.022917964,0.035381816,0.07169807,0.09589929,0.07394981,0.16261773,0.050429348,0.030658651,-0.010656007,0.20233607,0.14254214,-0.01080346,0.67488563,0.05996599,-0.015356678,0.022096694,0.536826,-0.0045629055,-0.01601681,0.58505803,0.041197397,0.0858445,0.066961914,0.54174274,0.09749358,-0.0015738079,0.2628873,0.0005792044,0.233884,0.5107239,-0.006233529,-0.003796905
TCGA-VQ-A8E7,-0.007214649,0.0438784,0.046502955,0.20495638,-0.00026669624,0.08181784,0.48945612,0.64298207,0.09819469,0.054027077,-0.010587043,0.39207834,0.22188267,0.271333,-0.00810942,-0.002092721,0.09152369,-0.0042334297,0.2797374,0.18352282,0.062562406,-0.0034386248,-0.009332101,0.050034232,0.044380665,0.11985259,0.121806554,0.16901389,0.033155464,0.56203866,0.12076104,0.302327,-0.00054657314,0.10691536,0.18494304,0.024914958,0.1628942,0.16842163,0.13830276,0.12682146,-0.012991162,0.25704193,0.28080657,-0.0072066323,0.7063937,0.18472168,-0.0057038683,0.1627022,0.5993652,0.07901588,-0.008787809,0.53931755,0.1132628,0.11434412,-0.0018914972,0.57346743,0.0880626,-0.015276524,0.12327779,0.1405398,0.29037464,0.5277943,-0.012808449,-0.00891517
TCGA-VQ-A8P2,0.024165478,0.0106483735,0.04303706,0.33558112,-0.025531529,0.27151963,0.7720546,0.92061466,0.3044333,0.22289246,0.023175599,1.0144936,0.22727057,0.20091103,0.0060712025,-0.013987574,0.29182526,-0.028888633,0.37755206,0.14739788,0.09111623,0.021793842,-0.005736103,-0.003981162,-0.0056403107,0.17730415,0.19587582,0.42111456,0.11795596,1.1290746,0.0692468,0.5269975,0.08942661,0.16824695,0.3169586,-0.00068197027,0.019808218,0.2829962,0.13203478,0.019382667,-0.0087380195,0.15543976,0.03045456,-0.008343237,0.8361728,0.0902657,-0.021238295,-0.010341125,0.63013536,-0.015518779,-0.006484861,1.0186367,0.11061002,0.30322045,-0.008623975,0.9815226,-0.0011930006,-0.029502088,0.5202635,0.24630815,1.3633487,0.88419735,-0.0015609646,-0.018569559
TCGA-VQ-A8P3,-0.012198805,0.010146283,0.06182607,0.17540394,-0.0054070293,0.107595086,0.46524632,0.52007747,-0.00073935615,0.09427677,-0.006318143,0.10804794,0.15392636,0.33090073,-0.0011721448,-0.0054449975,0.07848527,-0.0047352607,0.082604714,0.06749534,-0.007853567,-0.0028271233,-0.014062447,0.027867213,-0.0019441016,0.028549988,0.11244995,0.20313096,0.078368805,0.5043083,0.16065732,0.2647515,-0.0056453384,0.08117281,0.0571419,0.08852664,0.2459025,0.07729027,0.029379595,0.0016423166,-0.012882066,0.23745649,0.13806279,-0.0020003852,0.57502013,0.1001386,-0.0025559736,0.18752779,0.38468245,-0.008971184,-0.009172784,0.49645108,0.050527394,0.100014605,-0.0052211517,0.5035449,0.1631825,-0.009114434,0.11138136,0.18621042,0.30296436,0.48875627,-0.003508818,-0.00949457
TCGA-VQ-A8P5,-0.0125225065,0.072650656,0.023329645,0.2987924,-0.020381318,0.22813472,0.75794274,0.7377578,0.15831056,0.14822635,0.026912967,0.41521698,0.20789681,0.29249012,-0.011717042,-0.012242412,0.09937948,-0.015834028,0.11457248,0.017958889,0.14076985,0.026262846,-0.0151993185,-0.0014024426,-0.00083754736,0.20886624,0.27671164,0.25521868,0.12114879,0.66635436,0.060489636,0.14741047,-0.007983678,0.2526491,0.04552917,0.12666574,0.25032732,0.2328802,-0.0010022506,0.051785056,-0.017685264,0.28272927,0.38058457,-0.024182139,0.7398665,0.014992513,-0.013979832,0.27589747,0.58448106,-0.007659228,-0.005024567,0.67515355,0.13656352,0.2273247,0.030489165,0.60759115,0.19448191,-0.007858083,0.11335278,0.25148296,0.53625536,0.62539285,-0.027808493,-0.01771729
TCGA-VQ-A8P8,-0.0028801833,0.010076348,0.04000277,0.011445811,-0.0043688086,0.06195898,0.534436,0.5780225,0.011495855,0.06202173,-0.0011205701,0.19231136,0.1828667,0.22327124,-0.0042261034,-0.007280357,0.076147825,-0.004142459,0.15424213,0.049361765,0.031394344,0.036513366,-0.010671156,-0.00082373846,-0.0006347761,0.026828665,0.13533568,0.118001424,0.013363354,0.48141342,-0.00047595985,0.29170117,0.010847256,0.11103169,0.17760935,0.07245457,0.1385162,0.1265405,0.03944363,0.118673205,-0.008126512,0.24281186,0.10570325,-0.010866298,0.5459449,0.12163424,-0.0060484093,0.10358122,0.44366202,0.0014989972,-0.0043605315,0.4885234,0.08484563,0.10108644,-0.0018758018,0.4824382,0.12663321,-0.008094976,0.10507742,0.16731524,0.13660622,0.3769424,-0.0103873,-0.0043184296
TCGA-VQ-A8PB,0.009384662,0.028392954,-0.006980046,0.13815717,-0.0039364775,0.057556335,0.55109245,0.64855325,0.11508852,0.16375433,-0.002593124,0.3780076,0.21405238,0.23696786,-0.0057922537,-0.0012105759,0.16076806,-0.0084979795,0.28044385,0.16503476,0.07178082,0.0003515454,-0.010727956,0.039467216,-0.008875332,0.13546187,0.11649475,0.18585333,0.08318473,0.64193195,0.1099768,0.21119337,0.025202364,0.103412725,0.15415446,-0.002578428,0.18676826,0.091640174,0.029589776,0.009585898,-0.0073297517,0.18340743,0.19145289,-0.0042248345,0.6517863,0.1465109,-0.011428344,0.19073927,0.5131545,-0.0029065856,-0.0037816905,0.5871081,0.056710556,0.2046555,0.041509066,0.6232032,0.18144065,-0.00975867,0.09060782,0.1377771,0.39167264,0.48396444,-0.009190568,-0.0031812058
TCGA-VQ-A8PC,-0.0046021454,0.060902257,0.08342833,0.08177155,-0.003177929,0.1491661,0.5515945,0.6721524,-0.002071694,0.012201656,-0.014080142,0.29259893,0.22002515,0.2729464,-0.0024556424,-0.009664584,0.07617204,-0.012328508,0.28261063,0.12562388,0.0645362,-0.0011954926,-0.01099391,0.04193005,0.11030899,0.045150194,0.17650178,0.09509869,-0.0030029973,0.52400875,-9.1510265e-05,0.29817516,-0.0035455048,0.082655974,0.13223326,0.060378335,0.16270879,0.18676642,0.05376063,0.124090835,-0.003190338,0.2861722,0.11165935,-0.011366138,0.61347914,0.18870774,-0.010060884,0.15001106,0.6012458,0.0024727583,-0.0030280114,0.53521353,0.05563338,0.15236643,0.012920748,0.5169363,0.092362925,-0.0019049858,0.14857897,0.14083776,0.17969441,0.47851714,-0.011149569,-0.0092629045
TCGA-VQ-A8PD,-0.003749403,0.17445432,0.14107883,0.0076644253,0.023616713,0.11992904,0.57043517,0.65138155,-0.002573908,-0.0043053506,-0.019201411,0.31748438,0.22609472,0.31442377,-0.013094303,-0.011807631,0.12128866,-0.019054238,0.22915983,0.25714684,0.05829982,0.029299058,-0.014594302,0.003205929,0.0907155,0.07671097,0.117582105,0.06788483,-0.0023148328,0.5091464,0.08021858,0.2577619,-0.010411806,0.021398494,0.11171384,0.08038524,0.20626935,0.1982199,0.0985623,0.07838711,-0.010572991,0.35605907,0.23487496,-0.015439378,0.7508644,0.21355632,-0.008942492,0.1820632,0.5901366,0.0029895157,-0.002970005,0.52494735,0.042086646,0.18382892,-0.00534908,0.5557904,0.13038461,-0.009190314,0.23511438,0.16643248,0.021445261,0.5963225,-0.010457307,-0.01077251
TCGA-VQ-A8PE,0.037131336,-0.0046688593,0.058649253,0.13943692,-0.0021058142,0.22323313,0.46508133,0.5249519,0.2848494,0.0070701037,0.032138884,0.5207792,0.21420586,0.23172218,-0.01274572,-0.008153366,0.0838595,-0.011112584,0.24531825,0.03867299,0.13655543,0.10652079,-0.00016302802,0.011770451,0.001190342,0.12954147,0.019892756,0.23312783,0.13497192,0.61927736,0.06280929,0.2923573,-0.001552754,0.0988269,0.08595939,0.017836057,0.14927217,0.20133981,0.09904432,-0.00086618774,-0.0213467,0.111568384,0.07708013,-0.0006537169,0.56066155,0.0965608,-0.0126525955,0.0019080937,0.505239,-0.0057348385,-0.00967697,0.51373744,0.13018242,0.14318073,-0.002912847,0.57556826,0.04021177,-0.0050761322,0.27995688,0.14551759,0.41296402,0.49199498,-0.012444788,-0.013227554
TCGA-VQ-A8PF,-0.002907617,0.027076226,-0.0007309609,0.075304024,-0.0071345842,0.16066293,0.48718214,0.6336837,0.12645027,-0.002240508,-0.0041456223,0.3744479,0.2651933,0.24568385,-0.012573515,-0.0072975876,0.19583808,-0.009022987,0.13261479,0.06587387,0.02130846,0.043897912,-0.008230308,-0.003942231,-0.00042077302,0.09747642,0.1357368,0.17189184,0.043348275,0.63259816,-0.0010558745,0.20183529,-0.0038311363,0.112758964,0.07292482,0.14146626,0.1259408,0.17991325,0.06964928,0.10045284,-0.017689975,0.23802608,0.089509144,-0.01073194,0.6386169,0.16596057,-0.015925664,-0.0012254965,0.5516248,-0.005663718,-0.014309935,0.55248797,0.009501424,0.1254988,-0.00094825926,0.5898114,0.08915445,-0.00555817,0.24675268,0.089370206,0.26653767,0.4963075,-0.013949598,-0.006095364
TCGA-VQ-A8PH,-0.004021587,0.023397584,-0.002588239,0.12921329,-0.011173319,0.18485507,0.8159233,0.9416314,0.43018484,0.23067892,-0.011406845,0.78657776,0.33033746,0.2964014,-0.015660385,-0.018256446,0.17747751,-0.011927477,0.40129012,0.09805276,0.29620913,0.17081812,-0.0045973794,0.15134826,-0.008887445,0.4141583,0.13975412,0.32938135,0.21650746,0.8462221,-0.00036992301,0.44896984,-0.008153129,0.09183838,0.23720922,-0.00066152477,0.18674964,0.28959313,0.05798741,0.31494236,-0.015770257,0.28190985,0.40125734,-0.009650901,0.86556435,0.18011406,-0.019540628,0.21493042,0.777,0.07493919,0.045243528,0.8604191,0.20020352,0.16075218,0.14831805,0.7647948,-0.006028282,-0.011593483,0.30917987,0.3632739,0.74211663,0.6342156,-0.02575495,-0.027905827
TCGA-VQ-A8PJ,0.02107538,0.018730756,-0.0029125256,-0.0047989166,-0.0031938974,0.17126857,0.661867,0.6102256,0.290807,0.028333236,-0.01184129,0.47853976,0.26878244,0.2957561,-0.01712269,0.015221059,0.2716168,-0.0026827543,0.330977,0.21169513,0.17147554,-0.0011195926,-0.004721965,0.07906484,-0.00060655404,0.10512975,0.24573469,0.2335966,0.27261317,0.6653276,0.037590686,0.23405989,-0.00619274,0.09646968,0.19703369,-0.0027030255,0.1357046,0.10114898,-0.006036402,0.22372353,-0.0150544215,0.14628124,0.36038077,-0.0007077269,0.63454485,0.01085937,-0.014802063,0.13724256,0.62997144,0.025900662,-0.0077385395,0.5724566,0.11492601,0.28889227,-0.0004522998,0.6060796,0.13757764,-0.017673876,0.041453693,0.0003497973,0.39520827,0.56665206,-0.0013307923,-0.0041828062
TCGA-VQ-A8PK,-0.0075407135,0.058408264,-0.006301316,0.035439767,-0.010703572,0.17784862,0.5283906,0.7186436,0.26315004,0.116476014,-0.0091844,0.41595992,0.24611351,0.25881678,-0.013735403,-0.017605288,0.15415531,-0.009626357,0.23087569,0.0630659,0.15026838,0.059013043,-0.009488386,0.015925646,0.029010668,0.18176492,0.082852334,0.2131679,0.13995454,0.6709346,0.013637736,0.31163397,-0.01571584,0.09308231,0.14114943,0.11006186,0.13334692,0.24017075,0.08101459,0.22567326,-0.003581838,0.23007305,0.34505057,-0.011917615,0.5902356,0.166527,-0.008157544,0.19980232,0.5821102,0.016527481,-0.0100214435,0.6691815,0.08879186,0.15917534,0.039815728,0.53107893,0.08681759,-0.0063091763,0.026412617,0.24795917,0.36518958,0.43737224,-0.02000842,-0.024459643
TCGA-VQ-A8PM,0.00083751604,0.022397313,0.06826623,0.05848901,-0.0056679393,0.17464876,0.49813044,0.5775876,0.0962694,0.0240203,-0.011347559,0.3832453,0.21762729,0.30886227,-0.011689771,-0.007332766,0.13915752,-0.0042032734,0.19978432,0.2079219,0.03284332,0.013530825,-0.0063987486,0.013784515,0.053982303,0.079695955,0.0587899,0.15992722,0.05093029,0.5794763,0.03990567,0.4112701,0.04883787,0.06507288,0.15893093,0.010795329,0.18847658,0.24565595,0.14493553,0.16587989,-0.017058132,0.33304974,0.16097192,-0.009439275,0.7237855,0.12342393,-0.0079218,0.08300811,0.5056597,0.03808388,-0.0074982853,0.5304846,0.118203,0.11547317,-0.0044548274,0.6586497,0.047802743,-0.004050088,0.22082038,0.101219326,0.17897356,0.53310883,-0.012467512,-0.0052036224
TCGA-VQ-A8PO,-0.0018420216,0.08079454,-0.0035460137,0.14029808,-0.006053411,0.16472048,0.6114513,0.7612883,0.20601147,0.04314242,-0.015429646,0.5280016,0.27440667,0.3311318,-0.009290404,-0.008589405,0.15025958,-0.010454132,0.18183418,0.14075394,0.07610637,0.09951379,-0.012256459,-0.0033996098,-0.0037541438,0.14437917,0.15293252,0.1988548,0.106701516,0.68714064,0.112959415,0.34123182,-0.005676976,0.11719429,0.11604165,0.068733156,0.15352596,0.19811492,0.05997922,0.04048365,-0.015870593,0.29952943,0.28307027,-0.0110178655,0.7105552,0.18420357,-0.011957422,0.135681,0.6969066,-0.00036413522,-0.0090884715,0.71757877,0.12681963,0.17944917,0.0037706755,0.7379863,0.17134961,-0.0019526732,0.20988263,0.19939636,0.5462274,0.5633151,-0.017160272,-0.011530073
TCGA-VQ-A8PP,-0.006303452,0.017451987,-0.0041771126,0.16239783,-0.0049395547,0.058959495,0.5024843,0.63190216,0.11388011,-0.006770499,-0.008026909,0.3468745,0.22021392,0.24980967,-0.008188646,0.000547722,0.19074649,-0.011532074,0.21894671,0.13854416,-0.00023063277,-0.00027489392,-0.0066722184,0.02025434,0.04491195,-0.0003746148,0.11200776,0.10318911,0.027702466,0.5739288,0.033704538,0.2557957,-0.0057558105,0.024791513,0.21398981,0.04981058,0.13020697,0.12007375,0.08837405,0.13586521,-0.013336775,0.2871569,0.27908444,-0.010910316,0.66145825,0.19285738,-0.012479846,0.19319612,0.5526385,0.019246578,-0.0077558975,0.54840726,0.047212016,0.20236245,-0.00038576426,0.5719013,0.17575073,-0.004783764,0.06323592,0.09698019,0.16819033,0.49040332,-0.0073543675,-0.010332534
TCGA-VQ-A8PQ,-0.00911381,0.028910045,0.1802778,0.06656329,-0.018158367,0.059970055,0.631802,0.71777314,-0.010989532,-0.018276304,-0.006693137,0.06846647,0.30652303,0.23237076,-0.015489817,-0.002261161,0.07091239,-0.01619911,0.22529285,-0.0009394502,-0.00022219824,0.044978105,-0.007768586,0.018141706,0.059789672,-0.008358148,0.21028185,0.05252824,0.0531781,0.5984544,0.048663754,0.46333703,0.045001924,0.11586749,0.22336666,0.14837128,0.38475823,0.112454906,-0.0040422524,0.57377994,-0.014686197,0.36197838,-0.0026860822,-0.013264077,0.780416,0.30728424,-0.007740043,0.115332216,0.63598543,0.008968443,-0.008511717,0.701867,0.06428231,0.13875374,0.020865824,0.5586917,0.2012861,-0.004019015,0.20649923,0.030716758,-0.003993124,0.5301844,-0.010837522,-0.006675824
TCGA-VQ-A8PU,-0.010192136,0.13080701,-0.00025974802,0.08023428,-0.004478902,0.23985974,0.46475714,0.7245891,0.069045395,0.14423133,-0.012962081,0.5890973,0.18655328,0.22270009,-0.0049690045,-0.0073801666,0.18440719,-0.0021945953,0.25089967,0.17138086,0.04620503,-0.0030479264,-0.012696037,0.08250196,0.022049963,0.00459734,0.13748288,0.13116127,0.124205835,0.55217755,-0.00065866153,0.27624404,-0.0052428334,0.054707203,0.04229238,-0.0013508328,0.023843594,0.25981492,0.0901666,0.0009797066,-0.00365456,0.20862249,0.14959578,-0.009842843,0.5673765,0.06061213,-0.009839467,0.023116045,0.53085476,-0.0026169114,-0.0033353176,0.4855746,0.045187343,0.23674816,-0.008417764,0.59183365,-0.0032679401,-0.01247625,0.11880064,0.19385359,0.39081877,0.5343553,0.013200751,-0.012800308
TCGA-VQ-A8PX,-0.008595114,-0.000884711,-0.0007576092,0.03447739,-0.01237197,0.2387844,0.5704275,0.6792024,0.26545948,0.12869944,0.047780834,0.59681416,0.31027696,0.21379161,-0.01125925,-0.018518602,0.1890047,-0.016546521,0.1759056,0.18969229,0.043624602,0.008938317,-0.0060156635,0.08185258,-0.0017581646,0.14579557,-0.00013742746,0.15706927,0.068389975,0.8261613,-0.010194661,0.30514884,0.019259758,0.041705873,-0.00061276817,0.06721135,0.013347819,0.23181316,0.11156431,-0.0103027215,-0.006195435,0.1680544,0.027861917,-0.010716599,0.53398335,0.114082865,-0.012597016,-0.009006362,0.51878935,-0.0036563072,-0.0040652994,0.534606,0.012662813,0.22929904,-0.01069641,0.60044414,-0.0075768232,-0.014375016,0.36530644,0.2039009,0.35291475,0.56798965,-0.0033119568,-0.011399768
TCGA-VQ-A91A,-0.0017423806,0.08309822,0.07836251,0.16524929,0.024190824,0.05386198,0.50594366,0.5326471,0.0125291385,-0.0043252166,-0.010270334,0.13325767,0.21112157,0.19396465,-0.0055808946,-0.0003883321,0.13773021,-0.010234332,0.27294302,0.07612484,0.09237538,-0.0031825525,-0.008809113,0.028129848,0.10690376,0.11475758,0.15075228,0.1418999,0.0059990436,0.49328226,0.09665617,0.11361996,-0.008633118,0.14781578,0.21406539,0.038247816,0.18227601,0.05644565,0.10734813,0.12860541,-0.008954472,0.23694988,0.27145982,-0.013966987,0.61795163,0.13641661,-0.0061259237,0.23332134,0.5437732,0.007578306,-0.002959756,0.4725144,0.019085977,0.18807045,-0.0070767626,0.46525925,0.2573812,-0.0056229974,0.009838258,0.03890752,0.1561085,0.4942344,-0.013003259,-0.00974022
TCGA-VQ-A91D,-0.00410765,0.059013724,-0.0018722464,0.119264424,-0.00292091,0.11481314,0.4604926,0.57105607,0.16494924,0.019494075,-0.00028027056,0.35904872,0.16303055,0.21337764,-0.0065293065,-0.008079405,0.17899619,-0.012716457,0.23043473,0.1397896,0.092891164,0.020108141,-0.010543056,0.102997944,-0.0010427445,0.07874207,0.02165068,0.091510415,0.039780647,0.54594207,-0.0010445592,0.09317868,-0.0072956043,0.013421081,0.06426501,0.018840134,0.095437914,0.12188718,0.081366226,0.011774275,-0.0071041286,0.13301691,0.1433135,-0.011202176,0.5651605,0.13240528,-0.012096295,0.10900593,0.38282433,-0.00015010462,-0.008997972,0.4928003,0.0047253408,0.21917886,-0.0026158716,0.53012985,0.13030362,-0.009738508,0.13599524,0.0629964,0.33285087,0.41520557,-0.005182802,-0.010659684
TCGA-VQ-A91E,-0.0031257365,0.1017286,-0.0013599757,0.15090609,-0.0040975115,0.22743769,0.5172331,0.8488602,0.18906087,0.1449693,-0.011537521,0.66286033,0.3422279,0.29807252,0.0072252415,-0.016077045,0.22009327,-0.013292911,0.21965806,0.3102044,0.0545424,0.029496428,-0.008013017,0.02832194,0.10818988,0.18366742,0.056080125,0.20093554,0.09291922,0.77031106,-0.0012609195,0.4347495,-0.001157733,0.07257624,0.09336768,0.09020885,0.20537105,0.30575418,0.10236661,0.096697986,-0.010515501,0.2201586,0.1276469,-0.008475472,0.7368274,0.11811852,-0.018332317,0.038171433,0.6271623,0.024341524,-0.0088849375,0.66231036,0.019313678,0.1856181,-0.004151695,0.6794285,0.067199945,-0.012303308,0.27320167,0.24275163,0.31246838,0.55672777,-0.006167203,-0.0077691334
TCGA-VQ-A91K,-0.0039124824,0.07949363,0.009826262,0.09159867,-0.0016870514,0.05312467,0.32203352,0.41013813,0.0548242,0.023955498,-0.004177055,0.16980463,0.10698861,0.15624015,-0.0026281446,-0.002656294,0.08960648,-0.00510929,0.12662634,0.097346984,-0.002176128,-0.0025695239,-0.009781786,0.016777825,0.0058184564,-0.00052969495,0.030555591,0.1323056,-0.00081076025,0.4038493,-0.0019258943,0.11948516,-0.0068320143,0.059952565,0.08141088,0.049920924,0.074023455,0.06914309,0.043219868,0.04065455,-0.0071060243,0.13684155,0.06355821,-0.0041835182,0.38927025,0.06835999,-0.0059332713,0.02679149,0.30615613,-0.000564871,-0.009406003,0.29544437,-0.00036761948,0.12527445,-0.009222537,0.34539032,0.097798295,-0.00039911867,0.03411129,0.06867515,0.09640456,0.23164405,0.01570149,-0.0055364617
TCGA-VQ-A91N,-0.002653686,0.03810735,-0.0050479253,0.11016247,-0.007755231,0.22521833,0.6058696,0.6743135,0.21711943,0.042273674,-0.01360245,0.3712287,0.237198,0.14806935,-0.01715292,-0.00773577,0.051199958,-0.01552742,0.21268281,0.059518553,0.031430602,0.056853186,-0.0026232675,0.06813068,-8.38466e-05,0.14515181,0.016236342,0.22856328,0.1473313,0.67734,0.1042846,0.339393,-0.004831828,0.092767164,0.10762565,-5.5667013e-05,-0.0015688249,0.27134982,0.19804737,0.089519426,-0.007607262,0.34176472,0.31364828,-0.013642381,0.69907093,0.28943077,-0.013859177,0.048419222,0.61418706,-0.007871721,-0.00541593,0.62115127,0.12722059,0.16351888,-0.014103845,0.78443944,0.0035600532,-0.0069782184,0.18492158,0.088785574,0.4362193,0.6932223,-0.012233799,-0.009410919
TCGA-VQ-A91Q,-0.010813019,-0.00088839326,-0.002313745,0.166781,-0.009466205,0.113333784,0.5459621,0.6080784,0.120946586,-0.001009978,-0.0074991765,0.2283134,0.19937065,0.21922919,-0.002158402,0.023369215,0.07181233,-0.0025531068,0.17950238,0.054840192,0.054974746,0.05079056,-0.009230978,0.05916869,0.022958681,-0.002421854,0.19039401,0.11846019,0.019794919,0.51602024,0.012852531,0.2868819,0.013062544,0.09896189,0.17015597,0.050407983,0.17158681,0.0695861,0.07120888,0.14927387,-0.011022488,0.21747392,0.12207118,-0.011639701,0.5611211,0.0787627,-0.0077224686,0.117310494,0.5280699,-0.0063078776,-0.004135256,0.46736848,0.15879178,0.19138831,0.03866521,0.5399229,0.12562451,-0.008225937,-0.0012261679,0.103477255,0.12804371,0.3961561,-0.008517296,-0.008976796
TCGA-VQ-A91S,-0.011161705,0.0321984,0.06142995,0.27853158,-0.008600584,0.3688048,0.7602058,0.9476938,0.29477286,0.112779856,-0.00146922,1.1487643,0.3618583,0.37964416,-0.020545019,-0.015390408,0.07585759,-0.017434722,0.27447328,0.2847374,0.08269348,0.038848963,0.013594978,0.044141106,0.13912234,0.25990552,0.15371579,0.279369,0.105831854,1.0240624,0.01680376,0.65099704,0.020428732,0.11893264,0.17106399,0.11641394,0.23514801,0.43148994,0.1802965,0.169213,-0.011407544,0.46987817,0.39227998,-0.008194916,0.9125911,0.1768271,-0.025241477,-0.0016138457,0.78164655,0.02299726,-0.005187623,0.9123072,0.0141547285,0.14493272,-0.00786494,0.8208748,-0.011297545,-0.026263563,0.5896304,0.35839915,0.64075035,0.9135289,-0.016671572,-0.02790015
TCGA-VQ-A91U,-0.00040379874,0.05557913,0.030751143,0.15876092,-0.010506822,0.28220385,0.626628,0.69608057,0.21721455,0.12446624,0.011169711,0.8526078,0.39590225,0.31404185,-0.0041495874,-0.021840764,0.10943189,-0.010275124,0.29427624,0.26843134,0.11023103,0.038159836,-0.00903433,0.07406862,0.015512086,0.12518474,0.1410968,0.22250274,0.10323887,0.7051247,0.07168293,0.41960344,0.06550117,0.05939193,0.013057016,-0.0030896484,0.06273058,0.25213593,0.16229603,0.081802174,-0.0043267477,0.24236467,0.16991432,-0.00517383,0.7659843,0.047775894,-0.018144323,-0.008250719,0.6278135,0.05647959,-0.005974769,0.59578264,0.13674062,0.18285987,-0.0073749796,0.72099864,0.0035173278,-0.017066207,0.41303256,0.31508172,0.49492285,0.63246953,-0.011002317,-0.01212488
TCGA-VQ-A91V,-0.013817871,0.11939502,-0.003893094,0.11546408,-0.011068731,0.2647012,0.59569985,0.67007536,0.16261396,0.19941866,-0.010939473,0.5247872,0.25769094,0.20043266,-0.0032441632,-0.013455674,0.10417238,-0.011307958,0.25220427,0.19159482,0.07376422,0.02775395,-0.011993929,0.09372183,0.002112344,0.06552531,0.14779079,0.1725829,0.034494333,0.61154956,-0.003447894,0.3529435,-0.0034845367,0.05618155,0.022650966,0.051113352,0.18033959,0.24930054,0.12132035,0.10133207,-0.0059688697,0.2167429,0.19029287,-0.01068157,0.49997202,0.10321455,-0.01585156,0.04806322,0.5207215,0.015183538,-0.0020985168,0.43862557,0.071597144,0.22498187,-0.014587876,0.51033753,0.03330689,-0.011950537,0.07404755,0.2854792,0.28493693,0.43635347,-0.008972309,-0.018259896
TCGA-VQ-A91W,0.03242452,0.17374729,-0.0040876823,0.2336353,0.00725725,0.08252674,0.61648136,0.6813743,0.19249696,0.102918744,0.0038977247,0.70821506,0.32633212,0.21129766,-0.01048112,-0.013316837,0.2086499,-0.009028397,0.30826148,0.1715397,0.039800633,-0.0026523818,-0.0013071112,0.013969148,-0.0052948096,0.2321564,0.011238154,0.16802756,0.059389286,0.76750773,0.07440016,0.38859853,0.014733065,0.10108797,0.105504036,0.1225116,0.020838872,0.3065288,0.093728065,-0.00018642806,-0.006013922,0.25740138,0.26791877,-0.008973399,0.70817304,0.11534638,-0.0076186447,0.07869092,0.5311927,0.037646443,-0.0146801425,0.67636186,0.042946976,0.1668092,-0.0042335405,0.6336623,0.09272599,-0.0167291,0.22315793,0.15710169,0.78051895,0.50505877,-0.0053545474,-0.0028835603
TCGA-VQ-A91X,-0.009467284,0.10600956,0.06733237,0.2489406,-0.0008848059,0.17446138,0.4904328,0.6587842,0.24992007,0.1337352,-0.009949839,0.7811428,0.35157833,0.3194739,-0.004835662,-0.018047964,0.034305155,-0.0044863746,0.33540493,0.23666818,0.04929766,0.1261036,-0.014697663,0.15628591,-0.0034922585,0.09722862,-0.0017185089,0.21870658,0.07265257,0.6265943,0.057773102,0.40676048,0.0001558438,0.045451142,0.04730857,0.02111864,0.057740077,0.234663,0.034424726,0.09332159,-0.007425558,0.26604065,0.16815723,-0.008492947,0.6781421,0.15074202,-0.008531843,-0.0025784783,0.6029033,0.05007743,-0.008044187,0.5836156,0.06774332,0.16175732,-0.0117882,0.64042306,-0.0024852152,-0.014396752,0.37930334,0.3322319,0.41701883,0.6107868,-0.0021486513,-0.011144592
TCGA-VQ-A91Y,-0.006869106,0.015104104,0.07449787,0.06092739,-0.0019780588,0.017533353,0.32847887,0.353035,-0.0009362407,-0.0035270785,-0.0026176942,0.03995044,0.08373977,0.11912147,-0.005373299,-0.0025994098,0.029314658,-0.0037579976,0.12702659,-0.0001651682,0.026314374,0.005001799,-0.006026896,-0.00019646436,-0.0038044218,-0.00054752047,0.08839386,0.10113278,-0.0018938534,0.3222983,0.0028992258,0.14076345,-0.0047416147,0.115356684,0.15499306,0.023017853,0.13837776,0.048817497,-0.0030959926,0.117592975,-0.010029403,0.17445163,0.014693515,-0.0048486846,0.38272914,0.14531854,-0.003575338,0.034650177,0.3326137,-0.0029600728,-0.0015112626,0.2965942,0.07395186,0.05828713,0.010286797,0.33023417,0.10032836,-0.004581228,0.0573936,0.06634595,0.11216339,0.26489487,-0.006533218,-0.007264301
TCGA-VQ-A91Z,0.022814747,0.04644651,0.018974777,0.01593498,0.003175511,0.047209572,0.47337413,0.6648587,0.3015774,0.069023386,-0.002924232,0.2364157,0.12516013,0.19005778,-0.027435755,-0.013256538,0.08609158,0.03232413,0.362974,0.014668221,0.297863,-0.012056139,-0.0070038624,0.06315942,-0.007014015,0.011852484,0.13274288,0.12522884,0.1827704,0.6124013,0.13078184,0.104605325,-0.006585943,0.10063176,0.13875073,0.06644455,-0.0083873365,0.15046948,0.14424741,0.15114,-0.012583486,0.35259405,0.31805432,-0.012791226,0.7454233,0.18331668,-0.014797883,0.07755017,0.385847,0.08063881,-0.016270898,0.562626,0.21471076,0.27762377,0.0040030144,0.58617294,0.13466164,-0.0004364349,0.14226973,-0.0005531285,0.3700115,0.3987408,-0.008077232,-0.012656296
TCGA-VQ-A922,0.009265583,0.022806656,0.007944099,0.14140876,-0.0015645195,0.09418103,0.5377681,0.56430435,0.19162893,0.0064368527,-0.0024941517,0.2655723,0.29594025,0.18373571,-0.0037812341,-0.009099844,0.064778075,-0.007926648,0.30913493,-0.0084798485,0.19304936,0.020241302,-0.007944069,0.008610018,0.017357945,0.11727345,0.16283831,0.11025664,0.07040525,0.52947617,0.16974778,0.21377628,-0.004770188,0.20790115,0.20802227,0.081074804,0.22917733,0.10490164,0.0394726,0.17657927,-0.0077319825,0.16374837,0.1805537,-0.010166916,0.645362,0.16081506,-0.00890699,0.18318743,0.6225092,-0.0029001602,-0.0039039662,0.5642538,0.097773276,0.1318534,0.13262667,0.5469888,0.14427412,-0.009822161,0.1637662,0.118617944,0.2723716,0.54936033,-0.013994383,-0.007495572
TCGA-VQ-A924,-0.004338171,0.109609425,0.052607886,0.05069749,-0.005308989,0.12032375,0.4855451,0.6534302,0.11655773,0.13187131,-0.0016750051,0.38707316,0.28884378,0.24269918,-0.00530012,0.020050772,0.15292929,-0.008744753,0.2669873,0.18547449,0.015928658,0.0032339552,-0.015516691,0.008706335,0.0018623695,0.023928765,0.09665727,0.1931851,0.09338076,0.5315996,0.06460391,0.22677986,0.0072325617,0.017510083,0.15721947,0.1385242,0.22331902,0.11071418,0.04236545,0.088363215,-0.008443773,0.18686083,0.17608356,-0.0041495054,0.64770865,0.1513477,-0.011437093,0.101089075,0.47695836,0.044210173,-0.015244529,0.55189085,0.04115838,0.14139163,-0.0018544861,0.58012193,0.16520646,-0.009964977,0.14938463,0.082652554,0.32956722,0.49111664,-0.010539172,-0.006313124
TCGA-VQ-A925,-0.008569026,0.078587145,-0.0022899143,0.14023547,-0.013332568,0.17705733,0.46894765,0.69489396,0.2136325,0.08571294,-0.012132539,0.44464028,0.2796778,0.16726254,-0.0044987514,0.01825115,0.19497085,-0.015373746,0.250898,0.1076734,0.1348504,0.026627678,-0.008080109,0.08824742,0.04785019,0.10682689,0.07035782,0.18254769,0.113755636,0.6715885,0.03171012,0.23881473,-0.006435244,0.05361852,0.13020203,0.061113797,0.21074061,0.10032983,0.06902854,0.09717029,-0.012620698,0.22875251,0.10776639,-0.0074629798,0.5896739,0.1602881,-0.020424608,0.06708945,0.53919244,-0.0080509605,-0.0022643853,0.57330465,-0.0029119726,0.25829455,-0.008678894,0.59750414,0.09316638,-0.016707726,0.11856526,0.1614964,0.23744738,0.5960298,0.001661161,-0.016062189
TCGA-VQ-A927,-0.002260421,0.11985476,0.091319434,0.12146863,0.023985956,0.054764852,0.58326083,0.7017118,-0.004275031,-0.0006209858,-0.015674625,0.354443,0.28360906,0.363634,-0.006212017,-0.009695932,0.105935425,-0.015530357,0.36264047,0.2835163,0.09683689,-0.003946574,-0.0098960595,0.016440094,0.10096535,0.1141378,0.12230144,0.17784867,-0.0021059455,0.56535196,0.12159902,0.3156999,-0.0010149576,0.06750096,0.19452399,0.07778271,0.1548805,0.19757324,0.15602818,0.10210146,-0.0045632184,0.42999816,0.3882627,-0.010178926,0.8196657,0.21163753,-0.009449363,0.27096775,0.7462971,0.045769393,-0.009839641,0.5906175,-0.0028645408,0.14752689,0.040592115,0.6263636,0.16335247,-0.00055804703,0.22137044,0.19208278,0.06557207,0.700503,-0.008760947,-0.0041275634
TCGA-VQ-A928,0.00683276,0.029602543,0.011822776,0.086992025,-0.0011267503,0.017278597,0.45451248,0.49674895,-0.0003572028,-0.0075111287,-0.0054861247,0.04272224,0.14505896,0.18994176,-0.0073691355,0.034852512,0.080784254,-0.00685472,0.19397439,0.0060594324,0.0958995,-5.7154055e-05,-0.006285927,0.0093331225,0.0018495247,0.06968382,0.13082567,0.10001822,0.036340483,0.42184323,0.056321662,0.15786143,-0.0022223531,0.16677332,0.19006905,0.042741664,0.17081992,0.038847033,0.05001456,0.116486475,-0.0077009993,0.18804674,0.15034959,-0.011388309,0.52357066,0.17080769,-0.0043659764,0.15938252,0.5119664,-0.0017815825,-0.007266099,0.4220205,0.0149568245,0.13409376,-0.0018805519,0.44220686,0.15575418,-0.00020975694,0.038243465,0.04804592,0.12773836,0.37647122,-0.009849029,-0.003034109
TCGA-VQ-A92D,-0.0052913637,-0.004868639,-0.003988167,0.15533172,0.027727224,0.08106222,0.4555472,0.48033047,0.120023996,0.07042007,-0.0016799899,0.27527222,0.12488046,0.130433,-0.0038416877,-0.0059664454,0.054956466,-0.008902533,0.12382955,0.025324168,0.078819446,0.004453563,-0.007925669,0.06634013,-0.0056252885,0.105648965,0.07498536,0.1823883,-0.00055739767,0.4932986,-0.002110992,0.17066447,-0.0012480656,0.09637411,0.06660089,0.01602555,0.106114455,0.004553806,-0.0038211104,0.047879454,-0.0114161745,0.12803093,0.17096795,-0.009430687,0.44515228,0.074960634,-0.0063034194,0.13837443,0.39996684,-0.004545822,-0.0024748282,0.40424487,0.07543581,0.21155319,-0.0055355276,0.37040693,0.14910567,-0.009964937,-0.000427192,0.16272032,0.21040145,0.32010952,-0.0047137025,-0.008162561
TCGA-VQ-A94O,0.008203063,0.03940173,-0.0110796355,0.2906556,-0.0067012683,0.14900745,0.6592933,0.5780919,0.4507752,0.023891326,-0.007347971,0.5980193,0.3213222,0.21299285,-0.016058467,0.052804403,0.15245613,-0.014828334,0.25968808,0.018574266,0.19861306,0.12658463,-0.0018592604,0.075215116,-0.012560117,0.09445061,0.07337519,0.2262508,0.21770573,0.7304568,0.07267764,0.36270118,-0.0035244406,0.21641251,0.34171414,0.020078734,0.23000702,0.23035799,0.2843095,0.1565598,-0.020401863,0.3459543,0.29309,0.050982077,0.67061055,0.1869314,-0.022461027,0.10158172,0.6450617,0.036662415,-0.00779987,0.6851132,0.25083807,0.17954609,-0.006940674,0.75306547,-0.004868414,-0.0034200125,0.16807693,0.07695444,0.76824194,0.53086865,-0.016159113,-0.015078589
TCGA-VQ-A94P,-0.0076740705,0.015797649,0.08527247,-0.0019895774,-0.0031963547,-0.000154894,0.27442312,0.28947008,-0.0037609318,-0.00074929633,-0.002835647,-0.0007017463,0.07893124,0.10354606,-0.0011230375,0.0002680607,0.016562602,-0.0012762937,0.11607989,0.008088233,0.0407715,-0.00055452914,-0.008625282,0.016064845,-0.0021257882,-0.003413322,0.06058383,0.07287448,0.0057838224,0.2672131,-0.00039440842,0.11041535,-0.0009791534,0.12054569,0.103539705,-0.00065452926,0.13659027,0.016981568,-0.0011366252,0.097368196,-0.0053037736,0.11687054,-0.0031516962,-0.0012067326,0.2982034,0.097464114,-0.0026147459,0.03219881,0.2674448,-0.0060353014,0.012142527,0.19741495,0.061599836,0.040249303,-0.002568582,0.27396697,0.065475285,-0.0071925125,0.05275973,0.06794996,0.0019537117,0.21551085,-0.002757814,-0.0023735226
TCGA-VQ-A94R,-0.0020894352,0.059896354,0.16339843,0.059733808,-0.00252628,-0.0025061509,0.5018324,0.55676115,-0.010227539,-0.009079228,-0.0035353496,0.036506806,0.24592313,0.25938416,-0.007315398,0.015761934,0.064722195,-0.008915345,0.2968449,0.0030820426,0.08533875,0.02886159,-0.009229351,-0.0016918447,-0.00013835728,0.049484078,0.19965714,0.11530384,0.011597678,0.468989,0.08872338,0.25767615,0.0072320104,0.1756745,0.17940535,0.0860343,0.2903257,0.0726056,0.0324394,0.27146798,-0.008590225,0.22416663,0.12682706,-0.0128423935,0.7224921,0.25293747,0.0061213337,0.18010835,0.63638365,-0.00028753505,-0.00537024,0.5634424,0.083933346,0.091043256,0.041854147,0.5527604,0.2366667,-0.0060069063,0.13485177,0.099342525,0.11230745,0.5577395,-0.009958961,-0.0034674027
TCGA-VQ-A94T,-0.00044311697,0.03768275,-0.0022592235,0.17634465,-0.008184061,0.2067372,0.46481562,0.6271143,0.16215944,0.12292893,-0.0042292452,0.41317207,0.14232764,0.29542372,-0.0063896566,-0.00767732,0.19604155,-0.004810328,0.27842024,0.20408316,0.08694286,-0.0021534208,-0.0028425779,0.09572804,-0.00082970114,0.098590136,0.021544356,0.13482612,0.09526283,0.60116035,-0.0010553523,0.20557313,-0.003259221,0.119286545,0.106230415,-0.0030689898,0.13908565,0.19971475,0.17513771,0.07346402,-0.0090003675,0.16746704,0.16514906,-0.011029861,0.58883,0.11338589,-0.008106421,0.049474217,0.4402835,-0.0005433731,-0.011790651,0.5564596,0.122128725,0.13129526,0.02294648,0.5748968,0.11204614,-0.013136491,0.1531974,0.027752377,0.43191674,0.5138118,-0.005523884,-0.010009763
TCGA-VQ-A94U,-0.004390582,0.06459403,0.044556096,0.107683256,-0.0037530088,0.08275416,0.5682196,0.48500776,0.11968808,0.05297595,-0.004094274,0.33861747,0.28248033,0.30238593,-0.008953668,-0.0066148113,0.08828886,-0.01151266,0.24252589,0.15782924,0.08272848,0.050657082,-0.0025056098,0.12641284,-0.0018290334,0.049124483,0.07715591,0.18449661,0.073873855,0.603219,0.06399305,0.266607,0.016251646,0.095439926,0.12826231,0.03754609,0.21302035,0.17000878,0.08368501,0.15777542,-0.004013495,0.26209936,0.1313131,-0.00038351063,0.497064,0.15239835,-0.006419811,0.01902277,0.5301638,0.054782912,-0.012986802,0.5410452,-0.0012551051,0.11234582,-0.0040393216,0.47767818,0.07042167,-0.011603558,0.19512759,0.1531674,0.3098966,0.42167875,-0.0043519377,-0.007857404
TCGA-VQ-AA64,-0.004404116,0.028650114,-0.002564049,0.1252548,-0.0033434208,0.1326729,0.5662661,0.65024525,0.14939848,-0.00035470686,-0.007739865,0.18138112,0.25842032,0.20303342,-0.0042019133,-0.006118055,0.09498895,-0.009359762,0.27031705,0.036723994,0.09186254,-0.006154859,-0.004437556,0.08817439,0.019973114,0.06569576,0.06362774,0.13514575,0.035284482,0.51732683,0.017921895,0.21182361,-0.004866556,0.08191242,0.15037759,0.034374617,0.13511086,0.097877875,0.11294517,0.11247727,-0.0033084531,0.21539792,0.22156134,-0.017277319,0.5804255,0.14968589,-0.00910483,0.14073868,0.564234,-0.0048087216,-0.0034657808,0.472374,0.08988756,0.15610689,-0.0015686002,0.5164742,0.17399415,-0.0023360834,-0.0017086718,0.12868461,0.16841498,0.4440273,-0.011968032,-0.010525113
TCGA-VQ-AA68,0.031154286,-0.0006846782,-0.0066448273,0.027073653,-0.009377834,0.18660289,0.5338594,0.6405026,0.24289641,0.11182402,-0.0027472393,0.348032,0.21425088,0.17809804,-0.01036788,-0.0071086003,0.1984376,-0.005642824,0.17884195,0.12685542,0.14831705,-0.0061098025,-0.004504224,-0.0039349147,0.010660537,0.21697032,0.117611684,0.18404916,0.0585647,0.7047145,-0.0062939497,0.3275352,-0.00066248217,0.1184765,0.14036274,0.038853757,0.17231849,0.22307067,0.045983817,0.12980668,-0.013014363,0.15484545,0.15742634,-0.015696004,0.53193086,0.048848264,-0.013102464,0.06903576,0.5021337,0.007172309,-0.0017699599,0.46010125,0.13400345,0.21027103,-0.0041400874,0.4697292,0.11845356,-0.010793844,0.07059785,0.10062413,0.27224985,0.34958783,-0.016206501,-0.012500373
TCGA-VQ-AA69,-0.0016687423,0.09801236,-0.006005605,0.2838667,-0.011998123,0.26956865,0.7204246,0.801512,0.2699216,0.12647599,-0.0036697946,0.805333,0.35166523,0.3212202,-0.0058393213,-0.0037039467,0.23992953,-0.015126032,0.29970756,0.20871045,0.044446025,0.021106828,-0.004739366,0.04445219,0.102463245,0.26780942,0.16464484,0.12116861,0.10730574,0.8850226,0.09344435,0.43859944,-0.0032080486,0.040560342,0.13342735,0.2080181,-0.0071584443,0.3407182,0.1698294,0.051028695,-0.015196318,0.25722072,0.2974121,-0.019625695,0.96918917,0.09269709,-0.021582672,0.10172324,0.7445825,0.07900998,-0.019566288,0.7970166,0.23672222,0.26073343,-0.0035712444,0.79030097,0.21708152,-0.01727803,0.0719175,0.07595831,0.8338646,0.66982996,-0.010388884,-0.017045954
TCGA-VQ-AA6A,0.095421225,0.13786523,-0.013574413,0.18314496,-0.00019661701,0.03101075,0.5130694,0.68805856,0.41775465,0.07426359,-0.0023543073,0.50402164,0.24264559,0.16414925,-0.0072092414,-0.0046730847,0.28043017,0.009857604,0.09208972,0.16064633,0.19163507,0.007599761,-0.010752694,-0.011590206,0.06736007,0.27247608,-0.009438848,0.31839028,0.13058466,0.67404664,-0.003159739,0.3006513,-0.0046185325,0.26336056,0.14236157,0.0028718747,0.35411957,-0.0006125208,0.01335885,0.24260053,-0.024685046,0.09533249,0.22988874,-0.0017154809,0.63776886,0.056815475,-0.017071066,-0.0003857948,0.57563,0.007826239,-0.004257176,0.6846041,0.109289095,0.1556026,0.15362686,0.5041305,0.05321814,-0.016388508,0.0786912,0.03702762,0.38183913,0.5235854,-0.009244473,-0.0059022987
TCGA-VQ-AA6B,-0.012049017,0.054119878,0.026875334,0.2765252,-0.005334147,0.08090568,0.49167836,0.56916416,0.14696114,0.16736852,-0.0036413395,0.5109933,0.20687197,0.16009974,-0.0018096823,-0.007682903,-0.0013033467,-0.004556881,0.20179103,0.13508077,0.025679123,0.06362341,-0.009809453,0.072856136,-0.003051576,0.036974374,0.047071956,0.14164183,0.02094835,0.570531,0.030773234,0.33001614,-0.004479295,0.04194553,0.0904287,0.022586286,0.019413017,0.1464622,0.084877595,-0.0024906483,-0.0075335354,0.2045587,0.06678945,-0.003796241,0.6050447,0.13026458,-0.0060560387,-0.0048932186,0.49371952,-0.0013968245,0.060389712,0.45914963,0.07078081,0.1847702,-0.010367258,0.55416936,-0.0031450093,-0.017571867,0.20821328,0.26064453,0.25700977,0.46141365,0.00622979,-0.00677168
TCGA-VQ-AA6D,-0.004718223,0.0226385,-0.006616711,0.19304475,-0.008528881,0.19031852,0.5937572,0.7614354,0.27540964,0.13423045,-0.003864441,0.6124508,0.17949936,0.19788584,-0.0077728713,-0.011511828,0.16978672,-0.003424412,0.35870963,0.0668031,0.17183594,-0.0029876882,-0.015866509,0.0018576905,0.033476725,0.057592083,0.088442884,0.08805366,0.13369629,0.7018006,0.13659683,0.308677,-0.002464542,0.16223067,0.14732048,0.03196875,0.09134076,0.21718383,0.086622104,0.06893934,-0.007651803,0.22794813,0.14416556,-0.008046458,0.6692816,0.06047361,-0.011664927,0.08279416,0.5286122,-0.0007548653,-0.0010116496,0.6662359,0.21947749,0.3086156,0.011814456,0.6036208,0.08936771,-0.01035382,0.22582261,0.11507977,0.47802192,0.6263188,-0.0031191604,-0.018281749
TCGA-VQ-AA6F,-0.009712401,0.06259835,0.049704593,0.051261067,-0.004844172,0.12941793,0.39437377,0.52357537,0.099627435,0.02476827,-0.007856216,0.41766667,0.1635904,0.2568851,-0.009914872,-0.004883428,0.07713768,-0.0033158937,0.13043226,0.12734665,-0.0002149955,0.012337458,-0.0053188945,0.020270774,0.024250984,0.039960053,0.032107815,0.10450493,-0.0060215592,0.4628889,-0.0041351886,0.28375936,-0.0010602635,0.0003905557,0.13214676,0.037014782,0.080964416,0.18310595,-0.0020741017,0.053277683,-0.008706237,0.2732781,0.15071279,-0.0068073096,0.5449183,0.112517685,-0.007315557,-0.003131909,0.4169543,-0.003413717,-0.0068275677,0.40112984,0.10986004,0.13659537,-0.004116289,0.47651678,0.07441864,-0.002816929,0.18559141,0.10513306,0.16432855,0.37431753,-0.00590405,-0.006713889
TCGA-VQ-AA6G,-0.00796534,0.012418494,-0.0040861117,0.049556702,-0.005852407,0.100494735,0.4115857,0.46504647,0.06397599,0.07952975,-0.0019051469,0.28996712,0.12373783,0.15622753,-0.004626552,-0.010534077,0.11171901,-0.007861494,0.1558515,0.06326157,0.10060012,-0.0005690151,-0.004885378,0.062963866,-0.0014218364,0.03939577,0.024455182,0.1364451,0.041591674,0.46774215,-0.003464993,0.19242401,-0.0030953044,0.092351995,0.08426276,0.020737335,0.06688596,0.16804785,0.051425938,-9.950213e-05,-0.010460055,0.1383861,0.08914618,-0.005517463,0.40972558,0.0587921,-0.00627331,0.014094766,0.36249375,-0.0066739777,-0.0045604156,0.36042777,0.046640497,0.1467556,-0.007211007,0.4333964,0.074481264,-0.0074880123,0.104425624,0.11571738,0.18684813,0.33401972,-0.0035950288,-0.0071232566
TCGA-VQ-AA6I,-0.002602441,0.06785016,-0.0023321908,0.0446989,-0.012275508,0.14484042,0.50801826,0.58822364,0.15566087,0.027896008,-0.0068669105,0.38657004,0.28207287,0.24504878,-0.0039921603,-0.009263272,0.17950734,-0.0063084974,0.1757756,0.1233033,0.066148005,0.032795675,-0.0067483694,0.05182632,0.03510844,0.11663066,0.13765422,0.2077857,0.033711232,0.65846425,0.0144473985,0.26078844,-0.00024765806,0.11197776,0.11867407,0.09724385,0.102611035,0.18817268,0.122177005,0.15634724,-0.0066107335,0.2847118,0.109644085,-0.00813018,0.53817785,0.10757985,-0.014788597,0.08434418,0.5363961,-0.0033179168,-0.0064207613,0.5038513,0.07806814,0.12132294,0.04716589,0.55773455,0.046325408,-0.0084464345,0.12050519,0.12384054,0.25754592,0.43262824,-0.0053138654,-0.007622011
TCGA-VQ-AA6J,-0.00053841324,0.0767912,0.031891648,0.09113646,-0.0013668045,0.13760011,0.57833815,0.7075759,0.11430319,0.042325307,-0.010861196,0.38165686,0.26271066,0.30542064,-0.012815425,-0.00879518,0.1776028,-0.008824729,0.23518385,0.19245964,0.022936411,-0.0019932247,-0.008757115,0.006718993,0.045423478,0.0766193,0.06367148,0.12938948,0.038025193,0.62369686,-0.000119762866,0.38467744,-0.0032535368,0.106701925,0.16261604,0.072024554,0.20744753,0.19643673,0.05479749,0.20836705,-0.010515191,0.3463273,0.23012108,-0.01567795,0.7768643,0.19539678,-0.01233809,0.075168476,0.5686477,0.031816147,-0.009834901,0.5696997,0.062637635,0.08181321,0.039776687,0.6115279,0.11901536,-0.008141811,0.3002765,0.12178826,0.11242055,0.56311965,-0.013327976,-0.0061677457
TCGA-VQ-AA6K,-0.0045027016,-0.00017082319,0.045684736,0.12023449,-0.007875739,0.07880879,0.47006375,0.49211878,0.062495727,0.0030998327,-0.0026495925,0.16785295,0.16610807,0.20581847,-0.009894587,0.029455721,0.13578373,-0.0005820038,0.15022345,0.04908157,0.15605976,-0.0035551488,-0.0025862672,0.1000412,-0.0014522106,0.06568882,0.13550967,0.12263051,0.06422297,0.5207303,-0.00070801936,0.16583067,-0.005829015,0.12634236,0.1253554,0.0017403848,0.09871903,0.08222832,0.06826937,0.14457707,-0.009152133,0.19144082,0.15231843,-0.008787571,0.53899044,0.11700359,-0.0074300873,0.10606812,0.50291216,-0.00045099072,-0.008800874,0.38399643,0.124837816,0.14314717,-0.0036688712,0.4625342,0.10777521,-0.010408898,0.011882615,0.052153144,0.12622593,0.35432354,-0.009690604,-0.005335758
TCGA-ZA-A8F6,-0.010220489,0.0081285825,0.052187447,0.06096019,-0.007165695,-0.0011587874,0.3207311,0.3323496,-0.0037917492,-0.0013009262,-0.0043160133,0.030190464,0.050811015,0.10361317,-0.001946878,-0.0007068426,0.040885195,-0.0018493937,0.09826898,0.0025377125,0.007522359,-0.0008431435,-0.011106341,0.0253099,-0.0026787661,-0.0065138983,0.053328514,0.05954093,0.009085268,0.30096292,-0.00049876276,0.14707556,-0.0015561108,0.091134824,0.12903316,0.0045762956,0.09886733,-0.00046391433,-0.0045488607,0.088428795,-0.007165962,0.13966951,-0.0055111917,-0.00095682667,0.3391465,0.09032287,-0.0036427479,0.017649643,0.33028117,-0.007088225,-0.0041818917,0.27566677,0.056885198,0.09629511,-0.00040759705,0.32448497,0.036253933,-0.009770894,0.091203615,0.040395763,0.05885235,0.22904643,-0.0006808877,-0.0023292552
