patient_id,shared_0,shared_1,shared_2,shared_3,shared_4,shared_5,shared_6,shared_7,shared_8,shared_9,shared_10,shared_11,shared_12,shared_13,shared_14,shared_15,shared_16,shared_17,shared_18,shared_19,shared_20,shared_21,shared_22,shared_23,shared_24,shared_25,shared_26,shared_27,shared_28,shared_29,shared_30,shared_31,shared_32,shared_33,shared_34,shared_35,shared_36,shared_37,shared_38,shared_39,shared_40,shared_41,shared_42,shared_43,shared_44,shared_45,shared_46,shared_47,shared_48,shared_49,shared_50,shared_51,shared_52,shared_53,shared_54,shared_55,shared_56,shared_57,shared_58,shared_59,shared_60,shared_61,shared_62,shared_63
TCGA-AB-2805,0.63805175,-0.026823996,0.05767657,0.013596084,-0.012930959,-0.021657122,-0.02307838,-0.026792675,-0.018510988,-0.018470498,-0.028844832,0.7527039,0.54601693,0.009698206,-0.007899094,-0.084544554,-0.009686479,0.043540467,0.006346411,-0.02211943,0.7033667,-0.025670137,-0.04083758,-0.021630831,-0.04787156,1.2220054,-0.01798975,-0.008511839,-0.020912753,0.7729856,-0.020427197,-0.017751703,0.2835614,0.065532885,-0.019700559,-0.0118462015,-0.021907156,-0.004243218,-0.028611965,-0.026339842,0.12215546,0.007814805,-0.016935883,-0.02066424,0.01778752,-0.020377465,-0.016090332,-0.017827809,-0.029559921,1.474905,-0.015474825,-0.014477381,-0.022849081,-0.0044795554,-0.0147639355,-0.02606761,0.7103157,-0.053458385,0.014647714,-0.022413423,-0.024233945,1.1322662,-0.023778055,-0.021113267
TCGA-AB-2806,0.71026635,-0.06964963,0.013202109,-0.014601559,-0.023134358,-0.013595423,-0.011288408,2.5369227e-05,-0.013870154,0.0901858,-0.041165184,0.2610469,0.4366877,-0.004305434,-0.03968445,-0.06967159,0.00932486,-0.06849338,-0.025069108,-0.0076111946,0.5361547,0.00695134,-0.0074672555,-0.008248409,-0.050121177,0.7162615,0.008784201,0.021114172,-0.011444168,0.6269181,0.0674941,0.084618986,0.067978755,-0.006655881,-0.025228158,-0.008308987,-0.01058796,0.008953133,0.13200101,-0.027616933,0.35136944,-0.007643288,0.026552001,0.0482536,-0.033778835,0.03629498,-0.017275337,-0.020862874,-0.013728058,1.1844258,-0.0064615146,-0.02336811,-0.00748722,-0.008449914,-0.032927725,0.12835212,0.43286347,-0.018571772,0.03526134,-0.011809669,-0.029393537,1.0301824,0.08928427,0.1290637
TCGA-AB-2808,0.70078164,-0.05637853,0.009765952,-0.015523826,-0.01632388,-0.0067965505,-0.020487625,-0.00979804,-0.027337093,0.05399291,-0.050901394,0.45296502,0.49911126,0.023979142,-0.024627399,-0.06983377,0.04340124,-0.04301052,-0.012360692,-0.01007478,0.59567,-0.0048299846,-0.029669005,-0.021263951,-0.057653375,0.92162573,0.0038476447,0.017736092,-0.016395522,0.823257,0.05886862,-0.014403629,0.20910794,0.012633119,-0.018586507,-0.016493678,-0.010659508,0.007212135,0.0005598393,-0.032087363,0.23930976,-0.01767463,-0.014946941,-0.020305155,-0.01819651,-0.006733834,-0.017925374,-0.014897031,-0.018675067,1.4427986,-0.008528754,-0.025880426,-0.021449475,0.008378393,-0.021711927,-0.0005525581,0.5397866,-0.03772497,-0.0024195374,-0.018042462,-0.036259066,1.1648502,0.038839363,-0.011616029
TCGA-AB-2810,0.56442237,-0.049922995,-0.01454216,0.0024480443,-0.015888248,-0.014927259,-0.024179252,0.07730666,-0.018732222,0.2763808,-0.050682016,0.53129524,0.36298603,-0.0073309233,-0.018580955,-0.08890761,-0.003651522,-0.013302401,-0.021682227,-0.022465141,0.6402709,-0.03919469,-0.055792615,-0.012143642,-0.0468639,0.78728855,-0.030245021,0.008832051,-0.011817981,0.8042313,-0.008723676,-0.012533279,0.24243583,-0.006139593,-0.009337548,0.0071520493,0.08877363,-0.024855299,-0.015130416,-0.007926593,0.19555444,-0.0033705756,0.06449975,-0.021165358,0.039575715,-0.022453625,-0.018420367,-0.02433914,-0.019167561,1.2724571,-0.031274635,-0.015256649,-0.022136502,-0.01906508,-0.009609867,-0.011878874,0.45584047,-0.024021648,-0.003147651,-0.025341997,-0.019660767,1.0600659,0.009292664,-0.021596476
TCGA-AB-2811,0.46156722,-0.003674978,0.014722378,-0.0039282707,-0.018971657,-0.012670532,-0.021726519,-0.010384234,-0.016879896,0.018468693,-0.040374577,0.45608175,0.439437,0.10824263,-0.0028682041,-0.067091346,-0.013554586,0.027244436,-0.014447933,-0.01828555,0.5826094,-0.024770893,-0.026652556,-0.014809216,-0.03324485,0.9730383,-0.024647247,0.0060071414,-0.013021659,0.71131575,-0.00612709,0.022038162,0.32184032,-0.008937608,0.046962507,-0.0033891476,0.0029874211,-0.015935298,-0.037435822,-0.015461935,0.13596281,-0.008320715,0.019272067,-0.023880538,0.012213519,-0.019257367,-0.02094308,-0.017586084,-0.019717686,1.286313,0.013566647,-0.0025647655,-0.012183093,-0.0063168164,0.019309381,-0.0033587664,0.45416287,-0.028746411,-0.008751531,-0.02826222,-0.021900149,0.64005244,0.01904746,-0.020270592
TCGA-AB-2812,0.61091703,-0.03771633,-0.01204223,-0.0077557755,-0.021390684,0.010514417,-0.023429574,-0.0128310695,-0.03410305,0.05567407,-0.045266982,0.587986,0.43486524,-0.014285103,-0.014266025,-0.08186437,0.0107256025,0.06204215,-0.017439015,-0.020773336,0.7636225,-0.022976572,-0.03761679,-0.015456632,-0.0599792,0.8102901,-0.030978456,-0.0034970562,-0.011514436,0.8028686,-0.021635694,-0.017329339,0.35474256,-0.0114202285,-0.013150492,-0.015572481,0.022641864,-0.0066343546,-0.019854516,-0.016908249,0.23225397,-0.011421528,0.04446528,-0.0041775303,-0.0034674266,-0.017461946,-0.018397756,-0.022323042,-0.017493734,1.2234014,-0.022210578,-0.021631569,-0.013965922,-0.014425786,-0.0012273649,-0.02048115,0.56793547,-0.03469412,-0.015865017,-0.019068616,-0.012270463,0.9833181,0.016349422,-0.005958974
TCGA-AB-2813,0.5767705,-0.016516538,-0.010982014,0.03003533,-0.0104074925,-0.012333555,-0.02928527,-0.022684261,-0.023959452,-0.02194456,-0.02825915,0.63525736,0.52535313,-0.010765474,-0.0016155625,-0.058888823,-0.0138062695,0.02430345,0.07678325,-0.01715553,0.6610673,-0.020484505,-0.00822302,-0.01568981,-0.04453923,1.1015332,-0.019587757,-0.025020115,-0.027874043,0.6834101,-0.021522745,-0.019537192,0.26103494,0.009931335,-0.020648463,-0.0126184095,-0.020083964,-0.016766358,-0.0152176805,-0.016214576,0.05362032,0.00045248886,-0.021690551,-0.017386839,-0.00628236,-0.01853765,-0.017641935,-0.017419884,-0.02548099,1.3626902,-0.008200997,0.03968973,-0.013751633,-0.0027668502,-0.019885086,-0.011065977,0.7132789,-0.04606072,-0.016192252,-0.016896883,-0.03100005,0.93465316,-0.023445832,-0.014661426
TCGA-AB-2814,0.6910212,-0.04262218,0.020221824,-0.009292882,-0.02518566,-0.013354404,-0.015144589,-0.019266497,-0.025523089,0.018750098,-0.034317583,0.58839,0.3949626,0.0005753264,0.04095118,-0.071658656,0.02058383,0.020173226,0.06310408,-0.00897052,0.67060435,-0.0025433442,-0.043160677,-0.014924995,-0.045917414,1.1319007,-0.029313693,0.004287907,-0.022231443,0.8006002,-0.020126123,-0.022795198,0.20948142,-0.005595114,-0.019942898,-0.013466954,-0.020598738,-0.010410884,-0.021892542,-0.023696102,0.34383592,-0.021682221,-0.012780854,-0.019033361,0.04538642,-0.008727263,-0.02252736,-0.013834478,-0.028529802,1.3704839,-0.020055577,-0.010219269,-0.020547695,-0.0117427,-0.01766351,0.070737846,0.5875046,-0.03818071,-0.015140464,-0.013477503,-0.034445163,1.120018,-0.013350328,-0.017721517
TCGA-AB-2815,0.6139271,-0.032152656,0.14929959,-0.01095958,-0.0061813025,-0.018967144,-0.027296346,-0.017721877,-0.019158127,-0.018701315,-0.052051514,0.49320203,0.511887,-0.00914541,-0.01762604,-0.05430297,-0.020088188,-0.042073496,-0.014770766,-0.012092737,0.5383317,-0.009208287,-0.03781255,-0.0101128025,-0.056137107,0.8672255,0.14666511,0.008448106,-0.01903796,0.7367271,-0.002722993,0.012995834,0.23829803,-0.01305124,-0.00715039,-0.018691799,-0.018235156,-0.0068870597,-0.0072778785,-0.007921636,0.20833963,-0.01512078,-0.012817532,-0.04144017,-0.027710898,-0.011786535,-0.022911208,-0.016325135,-0.014006324,1.3021129,-0.010728051,-0.016436037,-0.022611957,0.046400346,-0.026837014,-0.010200307,0.448358,-0.029872563,0.037193477,-0.018473867,-0.012526326,0.91275495,0.07848348,-0.007923617
TCGA-AB-2817,0.5820089,-0.028272927,0.013087414,-0.010927036,-0.0017144694,-0.02349718,-0.024549896,-0.024204526,-0.017473562,-0.022705164,-0.02986882,0.70698464,0.42160833,0.028217763,-0.014206791,-0.072974,-0.023100534,-0.012504892,0.008894682,-0.014445288,0.6862562,-0.00845466,-0.028077357,-0.008560393,-0.05255575,1.0736699,0.0051188073,-0.007870121,-0.016821478,0.755651,-0.0119958455,-0.0067353123,0.23746637,0.08814642,-0.014453224,-0.015208371,-0.015475492,-0.016212745,-0.016941478,-0.010704782,0.16148427,-0.017335005,-0.01684757,-0.025443004,-0.008502174,-0.020973928,-0.016791444,-0.0049969465,-0.018791886,1.4846087,0.027373498,0.020137224,-0.029100273,0.01998191,-0.023275957,0.031258598,0.7732665,-0.043889552,-0.01828776,-0.016917972,-0.026424555,0.97984505,-0.018268796,-0.01795044
TCGA-AB-2818,0.63215804,-0.014328951,0.026367746,-0.0104094045,-0.018050322,-0.016312215,-0.01486191,-0.021092242,-0.028264903,-0.008618922,-0.039802402,0.5741662,0.4414425,0.010212153,0.008011593,-0.07414858,-0.0047821226,-0.0017230217,-0.0033922305,-0.014024507,0.71828216,-0.02601895,-0.032719698,-0.01730532,-0.045179565,0.9236541,-0.0208662,0.007822001,-0.01662125,0.81550545,-0.023912502,-0.014700275,0.37254876,-0.010279922,-0.006155897,-0.019564707,0.0041077957,-0.01476075,-0.019019365,-0.011678215,0.106900245,-0.017919723,-0.01066715,-0.017974963,-0.0051877736,0.041914333,-0.021075305,-0.018257275,-0.015599938,1.2929629,-0.0091510955,-0.022670092,-0.013294805,-0.0075799935,-0.01816961,-0.010522798,0.49259913,-0.03481063,-0.01838636,-0.018426195,-0.023966815,0.8581768,-0.015848756,-0.0007096899
TCGA-AB-2819,0.65804076,-0.05204478,-0.007588926,0.0345243,-0.021452487,-0.009922669,-0.023021922,-0.024062172,-0.011078197,-0.00035235775,-0.05720109,0.39081472,0.48781586,-0.009361183,-0.038897213,-0.077203095,0.043783702,-0.048933804,-0.012698162,0.015712574,0.50378907,-0.0069295513,-0.0149549795,-0.026384119,-0.041412037,0.72955096,-0.004851114,0.03919096,-0.020536928,0.6990197,0.092730656,0.068958335,0.084006146,0.021020856,-0.019710865,-0.0109949615,-0.012483698,-0.0062523484,0.021588972,-0.031664863,0.30013618,-0.0008476833,0.028836735,-0.0100067835,-0.026695643,0.028589675,-0.017563744,-0.023059446,-0.018713355,1.1888078,-0.013549225,-0.014900705,-0.016012117,-0.016255908,-0.0246846,0.014314734,0.49476436,-0.02821234,0.024768284,-0.026408698,-0.029843144,0.9896439,0.12643394,0.09306668
TCGA-AB-2821,0.7001393,-0.009562904,-0.008990982,-0.0006320006,-0.018212736,-0.01779748,-0.022832561,-0.01428187,-0.027764056,-0.011283813,-0.054484054,0.64501107,0.49113405,-0.008512486,-0.013555426,-0.09299269,-0.016221162,-0.011710934,0.017611532,-0.0216339,0.69823,0.0015484346,-0.051015943,-0.008836211,-0.068591036,1.0569465,-0.027715653,-0.007449403,-0.017023446,0.89919615,-0.019020552,-0.016064718,0.22620128,-0.014132401,0.009352593,-0.005374844,-0.016561095,-0.024626652,-0.019754685,-0.0350878,0.32732454,-0.021165421,-0.005544817,0.0054087937,0.014391853,-0.020771282,-0.01699553,-0.006574044,-0.023331322,1.3741388,-0.030074637,-0.0087951515,-0.022187743,-0.019880157,-0.028635021,0.0048027057,0.6664964,-0.03950204,-0.0067789988,-0.019096732,-0.016720723,1.0966703,0.0029713018,-0.024271648
TCGA-AB-2822,0.7560457,-0.027632,0.013976011,-0.021168854,-0.01908587,-0.011179755,-0.011762483,-0.015082238,-0.015108062,0.028465413,-0.045614734,0.6870364,0.4125228,-0.021007005,-0.025571033,-0.09440957,-0.013078143,-0.033538885,-0.0013963985,-0.017046077,0.6527284,-0.007986801,-0.047536116,-0.005590612,-0.05713798,1.1183125,0.018291729,-0.018613705,0.00886487,0.8518274,-0.020440865,-0.013834299,0.23793599,-0.018071134,-0.02788329,0.0047703534,-0.008517683,-0.009839418,-0.021723267,-0.026764985,0.39795685,-0.016388187,0.001601818,-0.030356642,0.07089961,0.015877359,-0.025004152,-0.01813978,-0.029221268,1.3791924,-0.029689543,0.08109221,-0.018516337,-0.029875305,-0.023172034,-0.013529526,0.6298512,-0.02404886,-0.012507243,-0.019366011,-0.014428456,1.1368649,-0.008828295,-0.028169574
TCGA-AB-2825,0.56203324,-0.015161859,0.03666095,0.021953514,-0.018769491,-0.020545501,-0.016179495,-0.017804224,-0.024960168,-0.015631199,-0.011047233,0.6099316,0.3836856,0.008715958,-0.008120529,-0.064467594,-0.02010369,0.04191359,0.053103775,-0.012636656,0.7344447,-0.029440522,-0.025905482,-0.016595777,-0.038670816,1.0053144,-0.023507174,-0.025940651,-0.02787489,0.72265184,-0.020314,-0.021085331,0.38691196,0.034990452,-0.015640184,-0.023792116,0.040840898,-0.02604828,-0.02306898,-0.01636388,0.02306808,0.001910262,0.023554372,-0.020354273,0.08332722,-0.00495961,-0.012360519,-0.01576859,-0.0034672343,1.2995851,-0.0123799015,-0.0056293746,-0.013519485,0.016020138,-0.01275292,-0.009757164,0.5825238,-0.049815156,-0.017037418,-0.013730259,-0.018217154,0.83921146,-0.024539486,-0.008641955
TCGA-AB-2826,0.5872979,-0.040313702,-0.0070709833,0.049474612,-0.016655603,-0.015140987,-0.021479212,-0.009801808,-0.019519562,0.11107355,-0.047463804,0.5620944,0.44435918,0.022793034,-0.016100526,-0.09031169,0.0015210807,-0.009231409,-0.019316282,-0.0135328425,0.760908,-0.035055384,-0.001579931,-0.01710685,-0.058488794,0.9377335,-0.022480182,-0.011763111,-0.019372318,0.82127917,-0.006724143,-0.012495666,0.24432325,-0.013448322,-0.017319284,-0.010547343,0.015254029,-0.017832737,-0.018606337,-0.011443287,0.1681411,-0.0041922797,0.000246102,-0.029803416,-0.015445666,-0.01615148,-0.02118887,-0.02099125,-0.026894346,1.3158326,-0.026154615,-0.012655711,-0.0143095665,-0.013092629,-0.022696462,-0.023224149,0.6085385,-0.045257606,-0.030149527,-0.016472772,-0.023864944,0.9840588,0.0026942869,-0.01612113
TCGA-AB-2828,0.58531547,-0.0334316,0.12621415,-0.00045717333,-0.0072457474,-0.020721603,-0.019998435,-0.017605385,-0.024028236,-0.008651463,-0.046154127,0.3693254,0.4447412,0.0031075254,-0.024359427,-0.0456447,-0.011874203,-0.04325322,-0.012312371,-0.008475181,0.60911524,-0.0043020463,-0.019571153,-0.014059364,-0.043649048,0.775296,0.07075165,-0.015106975,-0.022641577,0.52317023,-0.01208645,-0.005986547,0.11452074,0.0044660787,-0.012833749,-0.0013942888,-0.016611014,-0.013391244,-0.005237692,-0.014939125,0.21162581,-0.004782268,-0.007840024,-0.032566093,-0.02170789,0.05193519,-0.009593113,-0.012558162,-0.016277125,1.0911435,-0.0015412327,-0.017355315,-0.023144245,0.038270805,-0.024842538,0.005439179,0.5010819,-0.029723203,-0.006832984,0.0020037813,-0.01485513,0.8499069,0.08670072,-0.0041421396
TCGA-AB-2830,0.6669351,-0.02969426,-0.013535315,-0.010661544,-0.023932464,-0.011611229,-0.020081524,-0.026221527,-0.018726775,0.009726211,-0.0468103,0.7578809,0.36691952,-0.0059112688,-0.019902017,-0.0776411,-0.017998897,0.09090728,-0.007183212,-0.016861485,0.8500278,-0.010210169,-0.035899416,-0.025782133,-0.031661034,1.0579863,-0.019740483,-0.020457637,-0.023443073,0.92949593,-0.010123604,-0.015101338,0.27357405,0.029828744,-0.021508027,-0.014229865,-0.016110484,0.0014179088,-0.025355916,-0.03049962,0.30951703,-0.01529525,-0.012438522,-0.02021139,0.13417284,-0.021245636,-0.017605083,-0.013438384,-0.023880892,1.4533532,-0.025037639,-0.011801349,-0.016932746,0.016027138,-0.014109298,-0.020765292,0.6840016,-0.03729237,-0.016201021,-0.019872833,-0.028871985,1.1164545,-0.009870103,-0.019060701
TCGA-AB-2834,0.7585739,-0.034022328,-0.014159211,-0.0033059814,-0.02841976,-0.013320285,-0.026325196,-0.008897489,-0.028055158,-0.014420859,-0.04378581,0.5658634,0.5869908,0.020913173,-0.016357312,-0.083357506,-0.019052386,0.009254754,0.05902539,-0.024384474,0.8016097,-0.03139869,-0.029986516,-0.017315332,-0.06228955,1.1327174,-0.015553525,0.0010179763,-0.014390409,0.93112415,-0.011359044,-0.01658276,0.26177144,-0.00032183458,-0.023230027,-0.0214937,-0.012563377,-0.021089446,-0.019996962,-0.028551148,0.13528703,-0.008304115,0.0058137756,-0.014060955,0.027762027,-0.01705131,-0.025325747,-0.010107684,-0.019938536,1.5694919,-0.027357044,-0.019348938,-0.028983593,-0.011545879,-0.01199034,-0.015311551,0.6477158,-0.036593903,-0.0042714365,-0.019149732,-0.034225762,1.1861174,0.0060780966,-0.019728202
TCGA-AB-2835,0.5824839,-0.02471056,0.0147882,0.026965287,-0.01790287,-0.015913505,-0.020421812,-0.021017928,-0.02167014,-0.00681387,-0.03718937,0.5788593,0.45480466,0.04343632,-0.01359067,-0.064812034,-0.016461004,-0.0005809942,0.015754577,-0.016857576,0.7315507,-0.029738814,-0.025481783,-0.015489241,-0.040921465,0.93238544,-0.026903506,-0.019606298,-0.014084531,0.72060096,-0.00915081,-0.01294892,0.17973766,-0.005715047,-0.008473733,0.003860091,0.054435465,-0.008674394,-0.013680287,-0.024335895,0.052111022,-0.009089879,0.0075346855,-0.022735694,0.034223095,-0.008308198,-0.021534123,-0.01317797,-0.022362387,1.2723129,-0.005877015,-0.017926283,-0.016790502,-0.009726434,0.016637336,-0.017987061,0.48182246,-0.040674936,-0.017577138,-0.019004228,-0.016847178,0.8239095,0.012509208,-0.011923147
TCGA-AB-2836,0.56810725,-0.024043959,0.0056394436,-0.0025833743,-0.019011486,-0.02181113,-0.022497263,-0.007408385,-0.025919149,0.0017615134,-0.045046113,0.5649096,0.39034104,0.0062529724,-0.009172984,-0.0684951,-0.018525686,0.0031447723,-0.0052665332,-0.021805247,0.72978425,-0.033169754,-0.031763643,-0.014202888,-0.047798567,0.91583717,-0.021396074,-0.018136496,-0.017000228,0.7104535,-0.013155326,-0.017884316,0.32609206,0.05062636,-0.014327246,-0.018420696,0.017166408,-0.010628112,-0.017574083,-0.018520063,0.1086271,-0.0029731719,0.007294415,-0.021027766,0.032205496,-0.013911137,-0.019060325,-0.022733789,-0.020698017,1.2262552,-0.014648874,-0.018544262,-0.021466777,-0.002378758,-0.013541754,-0.013460714,0.5477649,-0.037759833,-0.016184952,-0.022262923,-0.019061055,0.8618793,-0.01566292,-0.011732051
TCGA-AB-2839,0.65594256,-0.03407024,0.01926017,-0.021257896,-0.022832409,-0.016741423,-0.016961262,-0.018148195,-0.023541493,0.064881764,-0.05756195,0.59451556,0.44306773,-0.00658641,-0.019801678,-0.07455596,-0.005935179,-0.015034399,-0.01734214,-0.01977436,0.6878301,-0.019990727,-0.032910097,-0.020351775,-0.05655978,0.9207402,-0.00831171,-0.011965511,0.0009769835,0.77799857,0.008557899,-0.008190613,0.258524,-0.017500488,-0.01855528,-0.0065694163,0.0645641,-0.014418233,-0.022795478,-0.014315939,0.19864765,-0.009148077,0.052691344,-0.011729293,-0.007772251,-0.0072244327,-0.009291325,-0.026763536,-0.021494476,1.2909359,-0.011881137,-0.026854131,-0.020022413,-0.017088916,-0.017224602,-0.011790205,0.5561819,-0.02712752,-0.008245129,-0.023929492,-0.031378824,1.0183591,0.018085476,-0.013909485
TCGA-AB-2841,0.9980706,-0.050329126,-0.025763579,-0.009873215,-0.011748839,-0.016797718,-0.05844367,0.022280527,-0.026831277,-0.008584397,-0.09973591,0.27270347,0.4900419,-0.02534875,-0.02092428,-0.066327706,-0.01309704,-0.038495272,-0.03759996,-0.0067337453,0.5041349,-0.011433193,-0.026502553,-0.012095263,-0.050378904,0.5612811,-0.017496016,0.03144996,-0.017078828,0.93221927,-0.013132005,0.16972965,0.1085618,-0.021550767,-0.027634654,-0.018117866,0.0016012657,-0.026449755,0.5036062,-0.03206695,0.31136736,0.0064207697,-0.015890267,-0.018490542,-0.038165424,-0.013054209,-0.011172841,-0.025325911,0.07904394,1.2510211,-0.020963844,-0.017173639,-0.017362751,0.00543815,-0.03178471,-0.04026541,0.4760396,0.035612173,0.24678811,-0.01920689,0.0014359211,1.0519584,0.124270946,0.02070473
TCGA-AB-2843,0.54566544,-0.017336767,0.001770786,0.010878371,-0.020336697,-0.025483388,-0.013665397,-0.020409556,-0.021968743,-0.033095583,-0.044637732,0.69192386,0.5061188,-0.012821025,-0.017914008,-0.08483739,-0.01200532,0.06399594,0.0039304784,-0.01675437,0.8021542,-0.009760032,-0.034646515,-0.021866422,-0.0442707,1.1619831,-0.019784734,0.0016469356,-0.028978258,0.7782266,-0.011406225,-0.0054890485,0.27667156,0.1000862,-0.02590352,-0.004857736,-0.025930941,-0.015419381,-0.021870695,-0.028535733,0.13345914,-0.021238182,-0.016166145,-0.021663442,-0.0147809135,-0.011707781,-0.011427203,-0.0064860135,-0.032012664,1.4799585,-0.016065735,-0.016513247,-0.018323073,0.009542723,-0.019767333,-0.018235844,0.68509436,-0.051314943,-0.029085599,-0.018361699,-0.028699834,1.0853382,-0.016061775,-0.0193164
TCGA-AB-2844,0.66079664,-0.03860762,-0.021522855,-0.022093592,-0.026128575,-0.01748299,-0.019326001,-0.01708404,-0.023690894,-0.0074483966,-0.054243088,0.5760096,0.5526743,-0.01455396,-0.020617094,-0.08365537,-0.016949566,0.022799367,-0.012607999,-0.014458658,0.7236056,-0.030304115,-0.035987258,-0.01235408,-0.053595647,0.8974775,-0.019871267,0.003606455,-0.00893368,0.9191332,0.007598511,-0.016971787,0.30381396,0.010048366,-0.013178288,-0.005540564,0.10538249,-0.019110529,-0.012226756,-0.024707632,0.2282521,-0.014016561,0.025302118,-0.015389103,0.016726892,-0.011352504,-0.022250002,-0.014707799,-0.012035219,1.3601182,-0.01627831,-0.03204125,-0.018355116,-0.020190397,-0.014670343,-0.02173597,0.51128846,-0.03308532,0.015803881,-0.013620638,-0.008060007,1.0616078,-0.005317461,-0.007122314
TCGA-AB-2845,0.66494083,-0.04741204,0.008691138,-0.022604767,-0.014264978,-0.013299464,-0.018906778,-0.007018164,-0.018919675,0.046089746,-0.04395309,0.44161636,0.45759714,-0.009477412,-0.030804254,-0.07876101,-0.006866442,-0.029744117,-0.01782282,-0.013100277,0.6920129,-0.011408297,-0.02891611,3.410224e-05,-0.056213338,0.93595535,-0.011846499,-0.0043824203,0.01245198,0.8360967,0.0494131,-0.014547848,0.17284112,0.10007396,-0.020448195,-0.016096182,0.028576557,-0.01591393,-0.0010975038,-0.03154055,0.27820787,-0.013515549,-0.004255237,-0.01968134,-0.0122826155,0.025094787,-0.017027633,-0.010363282,-0.02625665,1.4126047,-0.0060375878,-0.017335441,-0.012938615,-0.007509483,-0.014107959,-0.0034700031,0.4660914,-0.029574502,0.0054316977,-0.016916089,-0.011413875,1.1304822,-0.007454153,-0.012366349
TCGA-AB-2846,0.6844868,-0.04221736,0.03641111,-0.0124816075,-0.009565054,-0.010431775,-0.016991695,-0.015808545,-0.0099511035,-0.011198401,-0.054804392,0.500745,0.45536244,-0.0061607407,-0.02125564,-0.046320423,-0.016153183,-0.044322938,-0.015110215,-0.019559575,0.57997,-0.013238306,-0.02747496,-0.009727635,-0.05343031,0.7902666,0.08392379,-0.009728432,-0.013802594,0.6930567,0.016698696,0.033558503,0.183238,-0.008437293,-0.009790995,-0.012461912,-0.017647866,-0.020371478,0.0044169333,-0.018333012,0.20469925,-0.0079740565,0.006925648,-0.028486844,-0.02786139,0.030681938,-0.018216677,-0.014959525,-0.008204463,1.2236959,-0.01010406,-0.0042242436,-0.027139118,0.020546827,-0.02092834,-0.008441054,0.42984825,-0.033005506,0.039848916,-0.009987958,-0.025360458,0.84468234,0.03970092,-0.0059899734
TCGA-AB-2847,0.5529173,-0.026023904,-0.010451359,-0.009763676,-0.011989384,-0.011831149,-0.006043316,-0.018220482,-0.023085542,0.025189845,-0.05231673,0.6535163,0.42426443,-0.01005117,-0.019686295,-0.06729474,-0.01286415,0.010042469,-0.0093869595,-0.023419157,0.7446867,-0.017312847,0.011668675,-0.02742887,-0.053656258,1.1150559,-0.03250773,0.020670634,-0.018422257,0.77448523,-0.0197165,0.09879798,0.2063619,0.024058526,-0.011728725,-0.0072263237,-0.026602155,-0.016277041,-0.01374651,-0.012259226,0.27546984,-0.01723846,0.022873055,-0.014127253,-0.010816759,-0.02453891,-0.021358997,-0.010971888,-0.010054889,1.4017549,-0.015394969,-0.013853565,-0.021409018,-0.017597366,-0.015221316,0.043164767,0.60977006,-0.034237426,-0.029484907,-0.011763522,-0.025858939,1.0072458,-0.015630871,-0.013747916
TCGA-AB-2849,0.80695206,-0.0675744,-0.01717999,-0.01751488,-0.008199545,-0.032398865,-0.026959982,0.18250996,-0.019996554,0.42732075,-0.076268256,0.4710444,0.38670707,-0.016219374,-0.007908409,-0.07975239,-0.02621501,-0.014294161,-0.016922342,-0.0157452,0.8689452,-0.00076180685,-0.02761934,-0.020148914,-0.08032501,1.0464708,-0.015315898,-0.023660626,-0.004610458,0.6774742,-0.03765414,0.016955405,0.19105816,-0.008700353,-0.034620486,-0.009958225,-0.023297409,-0.016632127,0.06506465,-0.032770474,0.661517,-0.0078486735,0.025045522,0.28704256,-0.02626833,-0.025842045,-0.024819199,-0.027657356,-0.017785672,1.5345831,-0.012568632,-0.019729426,-0.03316843,-0.021866161,-0.02162455,0.03311455,0.49988514,-0.040558428,-0.009548665,-0.033297278,-0.028000461,1.3336365,-0.01662109,0.010064234
TCGA-AB-2851,0.5719107,-0.020369466,0.052917775,0.010848141,-0.019132145,-0.016678017,-0.026719987,-0.016505145,-0.02551905,-0.0055416604,-0.031617172,0.55250543,0.4133018,0.01580787,-0.008583614,-0.06147649,-0.025324995,0.08730243,0.008818711,-0.018591853,0.65123427,-0.035043962,-0.035164878,-0.01278121,-0.043214537,0.8727157,-0.020660907,-0.00096577615,-0.026345285,0.7433059,-0.013787753,-0.0104816165,0.293539,0.0008156076,-0.011570586,-0.0009382302,0.019489968,-0.017996922,-0.018765211,-0.023232507,0.07811223,-0.013987422,-0.0032396931,-0.01492073,0.029323919,-0.005905316,-0.013822785,-0.016957875,-0.014180988,1.1485736,-0.018696887,-0.013360881,-0.017095368,-0.0069141695,-0.013860282,-0.013834938,0.51103,-0.03775867,-0.011959784,-0.0218019,-0.012709495,0.86557114,-0.016732926,-0.0077310884
TCGA-AB-2853,0.57791173,0.054564312,-0.0012297307,0.018257242,-0.015406055,-0.013906941,-0.020868078,-0.01711571,-0.009458085,0.021933615,-0.02431579,0.46751016,0.43500036,0.033470042,0.008020319,-0.050694983,0.036683958,0.04818224,-0.007096283,-0.008791892,0.63448787,-0.026513198,-0.023674564,-0.012523977,-0.03384587,0.7892587,-0.013965979,-0.006985881,-0.009314453,0.774845,-0.018191766,-0.01153161,0.35031188,-0.00089832913,-0.009395429,-0.011056136,0.040794536,-0.0088418145,-0.016011532,0.0025006249,0.22429708,-0.019539423,0.045552477,-0.015281149,0.0018895748,-0.012224819,-0.017691843,-0.02758857,-0.0076162633,1.1135919,-0.0052784146,-0.017368242,-0.011489255,-0.006053457,0.0035146042,-0.0068570473,0.46718812,-0.027759746,-0.015817584,-0.018087527,0.013543507,0.7939978,-0.013221683,-0.013696067
TCGA-AB-2856,0.6679965,-0.030831454,0.015163459,0.047110915,-0.027757604,0.008636717,-0.012236284,-0.0032357832,-0.028554946,-0.0059373607,-0.05985571,0.581491,0.46718693,0.017973617,-0.014768505,-0.072674535,0.008738924,0.06496205,-0.012044264,-0.020502655,0.79437995,-0.041948166,-0.03661618,-0.023386808,-0.04728444,1.0864512,-0.024682235,-0.000285662,-0.02554548,0.79892635,-0.008510307,-0.011237797,0.37054113,0.0049186544,-0.01610865,-0.019046657,0.0075556138,-0.019623924,-0.023771204,-0.016145281,0.11459199,-0.021611597,-0.005522591,-0.021679465,0.0497649,-0.024199119,-0.020158676,-0.021322414,-0.017203584,1.4563748,-0.017283738,-0.02383193,-0.021165587,-0.008751166,-0.017854718,-0.017445553,0.63876975,-0.046038985,-0.018619392,-0.019336231,-0.027339064,0.94785917,-0.0009354972,-0.023128092
TCGA-AB-2857,0.68697333,-0.02247326,-0.011015074,-0.009173344,-0.018497974,-0.017032789,-0.019095303,-0.017183099,-0.029841498,-0.01297626,-0.05710864,0.65488005,0.4510151,0.0007363227,-0.0115057705,-0.076199904,0.0024916846,0.0037995726,-0.01108974,-0.013009257,0.77751315,-0.015300803,-0.03827211,-0.017275507,-0.048179753,1.0415914,-0.018215805,0.012433825,-0.015699916,0.75289667,-0.006807127,-0.0046244054,0.31165498,0.008432846,-0.01925331,0.011945307,0.019374333,-0.020855036,0.0008955158,-0.028382627,0.30098468,-0.017793838,-0.0119723035,-0.013496592,0.0028827614,-0.0136733595,-0.015449826,-0.020647377,-0.022107238,1.4076806,-0.020837478,-0.017600691,-0.016159281,-0.0100582335,-0.01450811,-0.015910141,0.5760137,-0.036932245,0.013300769,-0.01821679,-0.029691732,1.0093079,-0.012729858,-0.017488534
TCGA-AB-2858,0.7231327,-0.04212489,0.017600778,0.011531094,-0.01905611,0.0042643864,-0.017888106,-0.011321187,-0.0267813,0.027902218,-0.061052598,0.4285556,0.4103896,-0.010801167,-0.028524349,-0.07112263,-0.026128871,-0.036564134,0.007028684,-0.008514684,0.54079807,-0.006517873,-0.034286313,-0.012664467,-0.038405474,0.89320076,0.0028990745,0.012400301,-0.01843558,0.7733774,0.052244,-0.0034114928,0.11825396,-0.0027686497,-0.016516902,0.016784746,-0.01224041,0.015633587,0.004244133,-0.020982277,0.3020522,-0.0036308812,0.029184874,-0.023912169,-0.018713776,0.007574872,-0.015285883,-0.020232894,-0.021739421,1.2611408,-0.0140172765,-0.0019632936,-0.017192682,-0.0083915945,-0.014468357,-0.011608127,0.61374205,-0.026624033,0.0033628736,-0.018040426,-0.02344232,1.027174,0.04243971,0.0039678253
TCGA-AB-2862,1.0010666,-0.08834824,-0.015964678,-0.02135675,-0.018261861,-0.020725675,-0.05916318,-0.0017439451,-0.030880008,0.1067452,-0.10575278,0.30506775,0.5341244,-0.029157937,-0.023800448,-0.093118325,-0.012968253,-0.059953135,-0.048836365,-0.011850984,0.67869365,-0.014670905,-0.017666021,-0.024588116,-0.069843434,0.6371432,-0.015667398,0.0106261335,-0.013349171,0.9198763,-0.012152839,0.10598434,0.03642684,-0.0034109699,-0.033770457,-0.011043599,0.03919431,-0.022032846,0.37654188,-0.049159504,0.50786704,-0.021887347,0.089479595,-0.011448498,-0.049027674,-0.0149658155,-0.038119324,-0.03374247,0.12467441,1.4300475,-0.027697898,-0.017587414,-0.023746919,-0.013033625,-0.037758384,-0.023374038,0.41537857,0.039618794,0.23029062,-0.018859044,-0.008941747,1.2960563,0.12496546,-0.01346667
TCGA-AB-2863,0.6903012,-0.037446942,-0.009697191,-0.019055283,-0.019816771,-0.01049182,-0.02141387,-0.018318947,0.0022794036,0.011824336,-0.04029356,0.56948346,0.5705239,0.002686834,-0.015156834,-0.08700778,-0.008648698,-0.012693417,-0.010289655,-0.012396272,0.6195339,-0.030243572,-0.026932064,-0.009658242,-0.05671106,0.91308975,-0.013003522,0.021470523,-0.0061715487,0.83050144,-0.019810079,-0.017038953,0.24237815,-0.0223267,-0.020558272,0.0071933344,-0.014040689,-0.015824229,-0.02377509,-0.029386211,0.3068212,-0.010083787,0.048649006,-0.00061967224,0.0723705,-0.022714619,-0.014520761,-0.023099449,-0.029543204,1.3098402,-0.019692477,0.033763453,-0.014132397,0.01595242,-0.020337794,0.052938104,0.55017155,-0.031103935,-0.013285727,-0.019081624,-0.029607413,1.0649861,-0.0024046686,-0.023149528
TCGA-AB-2866,0.5635567,-0.046783153,0.02057114,0.037346154,-0.017118946,-0.030332258,-0.023656253,-0.015916992,-0.016662437,-0.007454547,-0.052162156,0.6909812,0.47571546,0.0019003237,-0.02401305,-0.106951974,-0.028596383,0.01629833,0.04702627,-0.029055573,0.81494474,-0.03239423,-0.03873437,-0.022630857,-0.03054901,1.1352344,-0.023672879,-0.016984738,-0.021604868,0.8280307,-0.011640744,-0.01387335,0.2714938,0.062443037,-0.018135875,-0.00065207016,-0.016662056,-0.013934828,-0.012833338,-0.03199064,0.079711705,-0.010525072,-0.014589269,-0.03180775,-0.016023137,-0.014056156,-0.015232223,-0.013214328,-0.025689937,1.4873359,-0.022631655,-0.016657066,-0.021109378,-0.005775187,-0.017732318,-0.0088952165,0.7359357,-0.04961716,-0.024738748,-0.025563443,-0.009459223,1.0407182,-0.02022415,-0.007622281
TCGA-AB-2867,0.574614,-0.032696277,0.012437165,-0.01800314,-0.013133997,-0.015409803,-0.019381616,-0.014693196,-0.007903285,0.026790474,-0.038529366,0.6273828,0.42390245,0.015286732,-0.011935228,-0.07753019,-0.0063976124,-0.018097334,-0.012320361,-0.013444647,0.7017106,-0.01772648,-0.039159816,-0.017254531,-0.057143405,1.0055499,-0.010820123,-0.0014426846,-0.010079561,0.83435977,-0.011398874,-0.010882426,0.2774245,0.007652499,-0.018061819,-0.009095112,-0.007368282,-0.014272168,-0.025625775,-0.02036501,0.322302,-0.0109289605,0.024065465,-0.009273809,0.0121928435,-0.0051553487,-0.019616608,-0.015691092,-0.022081632,1.4018984,-0.025090942,-0.010005354,-0.011847372,-0.020835984,-0.018616453,0.02252276,0.58861744,-0.02737894,0.026581964,-0.017938392,-0.0093020145,1.1087484,-0.0097093545,-0.021506064
TCGA-AB-2869,0.68065697,-0.03540148,-0.018728388,-0.015480238,-0.019360859,-0.011395329,-0.008912996,-0.01417911,-0.025409836,0.061938345,-0.06350507,0.55016017,0.3676417,-0.0077883624,-0.01080904,-0.07950227,-0.010638118,0.036890075,-0.016894627,-0.02220596,0.8489423,-0.01452153,-0.03492634,-0.01640114,-0.04494785,0.90959483,-0.025076147,-0.008057285,-0.004559678,0.86357814,-0.018929552,0.024586238,0.3064654,0.030018996,-0.005718645,-0.010490593,0.046027545,0.0019655596,-0.015999494,-0.021908492,0.30764514,0.00025794655,0.0642941,-0.009834893,0.03432908,-0.027131405,-0.016975319,-0.02113339,-0.018022021,1.3095267,-0.014952143,-0.018294012,-0.018314043,-0.0138260685,-0.020185292,-0.016862826,0.56206036,-0.038575217,-0.011778428,-0.02701664,-0.013715077,1.0604441,0.028087735,0.0038966713
TCGA-AB-2870,0.64602244,-0.032852948,0.093556285,-0.010839789,-0.008215332,-0.018591471,-0.012338664,-0.012707114,-0.02032057,-0.023037242,-0.051217336,0.53550404,0.40412694,-0.0011567613,-0.014528024,-0.05035481,-0.016643824,-0.03148434,0.004104303,-0.022388281,0.5698463,-0.018311247,-0.037565798,0.005628791,-0.049697287,0.8687178,0.18964544,-0.017140303,-0.019052126,0.6934144,-0.007340856,0.037298515,0.275097,-0.011920612,-0.010281462,-0.010012123,-0.009344382,-0.016727306,-0.007930473,-0.018678093,0.23196381,-0.0016537854,-0.0004923921,-0.027999055,-0.0119888075,0.011241942,-0.021162953,0.023868158,-0.021575723,1.3021803,-0.013895692,-0.016196227,-0.025609314,0.062433556,-0.023299774,-0.0057196356,0.5356214,-0.032847412,0.07085005,-0.019465405,-0.016304709,0.98456305,0.009634184,-0.021168325
TCGA-AB-2871,0.65666306,-0.032587036,-0.010138498,-0.010955299,-0.018966444,-0.027801644,-0.01489168,-0.024715953,-0.027796548,-0.009665833,-0.051152967,0.67134607,0.37924734,-0.011097571,-0.016036361,-0.08693284,-0.015727729,-0.011730237,-0.013157363,-0.01742449,0.78450894,-0.008912748,-0.039994102,-0.012435918,-0.05857841,0.94573724,-0.025665406,-0.01517679,-0.013593755,0.7879074,-0.016154386,0.03309117,0.2547909,0.033953078,-0.013482646,-0.008679427,-0.0034735189,0.0054906504,0.014615474,-0.024072828,0.25283736,-0.01756776,0.0497363,-0.016281798,0.03408627,-0.013202533,-0.017598322,-0.02119196,-0.01951379,1.3597723,-0.02095137,-0.012871711,-0.027255902,-0.015250244,-0.014300656,-0.014128253,0.5502362,-0.031213399,0.024399413,-0.018785857,-0.019920893,1.0405725,-0.008293062,-0.020038787
TCGA-AB-2872,1.080038,-0.08191207,-0.06192258,-0.022427503,-0.020349035,0.02080618,-0.068265,-0.017401021,-0.03537076,-0.022081397,-0.14726308,0.09879655,0.5380691,-0.043766893,-0.030022228,-0.09586583,-0.025566146,-0.060630925,-0.0330695,-0.009905754,0.61970854,0.14230983,-0.020088434,-0.017871989,-0.09038685,0.59402394,-0.024906702,-0.002034685,-0.021442894,0.91724914,-0.001358265,0.069052614,0.01809555,-0.01836348,-0.050809465,-0.038297288,-0.026079677,-0.030207435,0.8850009,-0.057828248,0.4676516,-0.013731539,0.028177116,-0.010011947,-0.0495054,-0.013919775,-0.04248683,-0.037471674,0.08180723,1.3325573,-0.043224208,-0.019534374,-0.034612402,-0.0178052,-0.036981076,-0.04685669,0.5832473,0.12448304,0.38848722,-0.028208345,-0.010812521,1.2920833,0.09833019,0.017823456
TCGA-AB-2873,0.5011231,-0.018172842,0.008862288,-0.0180443,-0.010644836,-0.016025359,-0.014464237,-0.01788833,-0.022663582,-0.009249149,-0.029013596,0.6007463,0.30705684,-0.004868333,0.019561201,-0.06441477,-0.016399652,0.00013028551,0.0555559,-0.01418102,0.62485266,-0.023176238,-0.028353773,-0.012933539,-0.042885505,0.85593647,-0.018520284,-0.018860046,-0.015911264,0.62788606,-0.010414022,-0.0127159245,0.22451794,0.024641104,-0.009285063,-0.014054185,-0.008639932,-0.014345815,-0.016446857,-0.012108041,0.07398293,-0.006947569,0.017332386,-0.0126335565,0.044549398,-0.0077907974,-0.01411221,-0.014857903,-0.015721722,1.1617968,-0.022608828,-0.0065602697,-0.020563632,-0.020847436,-0.019165492,-0.019264823,0.5202327,-0.04041356,-0.012958609,-0.008238052,-0.018879963,0.79136693,-0.016006935,-0.0056013996
TCGA-AB-2874,0.8246118,-0.06428671,-0.014411482,-0.021871004,-0.013028828,-0.023060925,-0.02047115,-0.017548226,-0.018240144,0.10601374,-0.05427618,0.4726684,0.6113626,-0.01320753,-0.026827075,-0.09210947,-0.02701728,-0.05125822,-0.022479812,-0.009640955,0.6820222,-0.02481394,-0.03202265,-0.009373633,-0.074903734,0.9384965,0.015351759,-0.016304858,-0.013232345,0.9129191,-0.007779659,0.002955899,0.23557332,0.040156163,-0.026441311,-0.014083533,0.02263354,-0.02101231,0.0021371096,-0.03505857,0.37726092,0.0012878588,0.0059910435,-0.036822174,-0.008808903,-0.014081103,-0.017855095,-0.012902629,-0.014243191,1.4326205,-0.023827752,-0.00029482227,-0.01835843,0.016806804,-0.03257832,0.027321748,0.31762993,-0.02416542,0.01789378,-0.017860044,-0.027392792,1.1925933,0.015270688,-0.009400496
TCGA-AB-2875,0.6890907,-0.049801126,0.017009161,-0.00689333,-0.012093024,-0.019226033,-0.022552118,-0.010609376,-0.031434126,-0.010625031,-0.06090111,0.4520076,0.40953153,-0.0082271015,-0.034823555,-0.0763688,-0.02556295,-0.052375514,-0.0100126695,0.038336698,0.53812873,-0.004939768,-0.029331982,-0.008432602,-0.036155976,0.8336607,0.0075446763,-0.012353493,-0.02095221,0.7498051,0.03727172,0.008606713,0.12708476,0.01770117,-0.017641518,0.0021175533,0.008151042,0.08259362,0.026444107,-0.022898834,0.35072252,-0.017554913,0.04561957,-0.025873274,-0.02685349,0.024761196,-0.019117234,-0.02044713,-0.011545404,1.3489351,-0.00464142,-0.0074073137,-0.017618842,-0.004899082,-0.024555527,0.024826132,0.5318394,-0.03467305,0.050581817,-0.020747267,-0.024415808,1.0963836,0.085459635,0.049304403
TCGA-AB-2876,0.65777767,-0.057680048,-0.008956552,-0.02124795,-0.01309297,-0.0043634768,-0.022072824,-0.007527083,-0.018153187,0.14021933,-0.036422614,0.44594693,0.48847395,0.003252246,-0.029917344,-0.10212393,0.0018477142,-0.043502193,-0.018315092,-0.018601025,0.67843366,0.011594814,-0.02998532,0.011040699,-0.06438078,1.013795,0.0038084271,0.0026485976,-0.00787597,0.9118426,0.046554543,-0.009172891,0.22640324,0.019202257,-0.0232429,-0.008034363,0.038121887,0.0007353314,-0.020355772,-0.028180584,0.25588942,-0.0106560895,0.044652242,-0.00887901,-0.00077507086,0.01709444,-0.012074197,-0.022458402,-0.01642598,1.3958447,-0.004218781,-0.017319335,-0.014665475,-0.011846054,-0.031139908,-0.023746876,0.4692917,-0.042790577,0.010128046,-0.022861663,-0.03558775,1.135654,0.03650151,-0.018936189
TCGA-AB-2877,0.8644747,-0.07411656,-0.025436655,-0.020998958,-0.021356981,-0.030259369,-0.02747403,0.044744253,-0.026668811,0.29030448,-0.08346085,0.500674,0.6005681,-0.022376854,-0.026017513,-0.11664539,-0.022762258,-0.03126873,-0.028153522,-0.015172656,0.7990102,-0.03596812,-0.04212423,-0.016451463,-0.06722977,0.86122227,-0.046055976,0.04946433,0.15139396,0.9120422,-0.019838378,0.010137288,0.17292267,-0.017452998,-0.028179258,0.01513141,0.088568345,-0.022391718,-0.0019842118,-0.039422974,0.3843192,0.016075298,0.121958405,-0.0120649375,-0.026843619,-0.032611776,-0.025034545,-0.035443574,-0.012475075,1.3941274,-0.026025038,-0.013033871,-0.020697746,-0.019283626,-0.02005129,-0.018819138,0.57474065,-0.018784603,0.038640045,-0.030370828,0.035462573,1.3888776,0.015649868,-0.010083362
TCGA-AB-2878,0.62857616,-0.009466769,-0.014877465,-0.012375096,-0.019692551,0.09071254,-0.029998519,-0.015808344,-0.01883901,-0.014019638,-0.049261384,0.60126686,0.40702838,-0.01323567,-0.0058831195,-0.05907391,0.08529693,0.02528286,-0.021000544,-0.01262363,0.5933592,-0.00989315,-0.027621513,-0.020521525,-0.046274498,0.8845968,-0.028541388,-0.0023956157,-0.011575398,0.6678362,-0.018221647,0.008834677,0.28612685,-0.008859662,-0.020559391,-0.020827912,0.015218357,-0.014860945,-0.023903377,-0.008163281,0.2511536,-0.010735418,0.0043704044,-0.0028836303,0.023301333,-0.010147195,-0.02063239,-0.02125427,-0.026653424,1.1781281,-0.015856016,-0.013896281,-0.017581038,-0.012385156,-0.01593851,-0.014005164,0.48670805,-0.029878374,0.008194908,-0.0156010855,-0.01792339,0.85913694,0.038333416,-0.0252592
TCGA-AB-2880,0.6995801,-0.05281669,0.011063342,-0.020762904,-0.01161854,-0.023939373,-0.018910948,-0.0037291215,-0.01640838,0.003204952,-0.04906513,0.5197095,0.54890037,0.01649533,-0.030374095,-0.06778963,-0.016128149,-0.036644667,-0.009911823,0.035783835,0.6718959,-0.0036680934,-0.0014236341,0.008194941,-0.05842709,0.9520678,-0.0077219233,0.0203592,0.086461484,0.85823876,0.044107493,-0.0035758868,0.20255482,0.077731006,-0.01864004,-0.0026971563,-0.01008684,0.008910049,-0.006929951,-0.027134497,0.2096799,-0.010633847,-0.0061773686,-0.015826987,-0.017804112,0.011157419,-0.012046389,-0.011811405,-0.021888878,1.4900482,-0.006156159,-0.016684813,-0.016397353,0.007054592,-0.021835983,-0.0057124863,0.46532053,-0.035526283,-0.0032694945,-0.019662386,-0.025403509,1.1757812,-0.007085462,-0.015900327
TCGA-AB-2881,0.6086892,-0.03368116,0.10506349,-0.008725766,-0.010376129,-0.018399706,-0.015987571,-0.013752013,-0.012502841,-0.0038778372,-0.048463434,0.53224754,0.39495602,-0.0050571775,-0.015175536,-0.05522652,-0.018716197,-0.032586258,-0.010174841,-0.010447518,0.5680375,-0.016478503,-0.026698377,-0.006684174,-0.048081495,0.7202076,0.08591671,-0.014342388,-0.018625284,0.6977531,-0.008263959,0.013834973,0.15480348,-0.004691533,-0.010219658,-0.005839846,-0.010397592,0.0074015595,-0.01218719,-0.016136773,0.28681904,-0.0125964135,0.03516171,-0.027868237,-0.011122625,-0.0065599713,-0.019080602,-0.0039830105,-0.010705057,1.1849103,-0.014025627,-0.015554057,-0.02409008,-0.011134723,-0.02071571,-0.006594465,0.44255692,-0.024130896,0.048078056,-0.010950644,-0.0058519905,0.9148489,0.12442061,-0.0097838985
TCGA-AB-2882,0.6623285,-0.02975814,0.022078738,0.009742247,-0.02249705,-0.02578137,-0.0055129286,-0.019583143,-0.027939387,0.02210135,-0.062280867,0.5544546,0.41027164,-0.008515464,-0.017397882,-0.07240144,-0.019327817,-0.023326084,-0.012599237,-0.01241889,0.732278,-0.005912248,-0.043175254,-0.014342876,-0.045676425,1.0077255,-0.012436287,-0.007926062,-0.01998604,0.7014879,-0.0077728936,-0.013058057,0.24786621,0.0069113593,-0.020400569,-0.014828639,0.004236956,-0.01362179,0.02895261,-0.026913276,0.3245681,-0.017554263,-0.014411296,-0.02129131,-0.021008529,0.005457528,-0.014655092,-0.010523531,-0.018286206,1.3637334,-0.015662767,-0.0050254595,-0.027706668,-0.0078779925,-0.018416494,0.017337076,0.4534357,-0.030969325,-0.015954107,-0.012219441,-0.022277882,0.99098563,0.014438243,-0.015129945
TCGA-AB-2883,0.5631474,-0.058569275,-0.009589844,0.14979364,-0.021546569,-0.015351351,-0.019891294,-0.022870634,-0.02063525,0.054756284,-0.051711068,0.4018029,0.70032656,-0.012415726,-0.032657813,-0.06766829,-0.012875594,-0.021836933,-0.009051457,-0.02662304,0.6842292,-0.032674417,-0.004504468,-0.03305749,-0.041584782,1.1590726,-0.01434432,-0.01159033,0.006047406,0.76131165,-0.014846988,-0.009492103,0.24351229,-0.008192921,-0.007800284,-0.008873755,-0.023893666,-0.0064687994,0.40719068,-0.013982978,0.14710933,-0.0056168837,0.07481368,-0.0051678084,-0.022236953,-0.016155876,-0.033104405,-0.027631199,-0.028081948,1.4851494,0.075756386,-0.021995926,-0.01369131,-0.015370477,-0.016307116,-0.004829347,0.7301798,-0.048119895,-0.031273935,-0.027249824,-0.016139418,1.0346403,-0.013205862,-0.0159345
TCGA-AB-2884,0.58259964,-0.039027184,0.04836957,-0.013524428,-0.022482963,-0.017943688,-0.017770303,-0.014773428,-0.015998403,0.0025164834,-0.037378073,0.665308,0.41833916,0.012920787,-0.0127372425,-0.07599592,-0.011963464,0.032691523,-0.0147952,-0.019198583,0.7308979,-0.03450164,-0.037894823,-0.019974444,-0.0525819,0.9976567,-0.017205283,-0.022971524,-0.021311933,0.77645147,-0.013937931,-0.020182543,0.2880271,0.06513837,-0.020787878,-0.022358557,0.030376298,-0.016859744,-0.02417184,-0.012851496,0.10959603,-0.017341297,0.016068958,-0.026067097,0.095611095,-0.009651767,-0.017933376,-0.012757163,-0.01610375,1.2656169,-0.022289563,-0.0062634903,-0.021120042,-0.009032583,-0.015185485,-0.016151138,0.6112994,-0.034001604,-0.02054179,-0.01629305,-0.019789154,0.9528204,-0.023901036,-0.022662971
TCGA-AB-2885,0.72242594,-0.02129075,0.015610144,-0.0152492225,-0.02200921,-0.02851935,-0.024319006,-0.013904311,-0.022714056,-0.016192835,-0.04841954,0.7333902,0.4795907,-0.0120415045,-0.013372638,-0.07379143,-0.02127079,-0.014772389,-0.012313242,-0.017511375,0.80940473,-0.013809561,-0.029525489,-0.017461583,-0.059383888,1.215721,-0.018664116,0.018400151,-0.026916426,0.67183506,-0.028678624,-0.014960354,0.2715704,0.012910832,-0.022421338,-0.018161513,-0.025937818,-0.017269485,-0.0015835576,-0.025233518,0.22502616,-0.021788388,-0.01803879,-0.012648521,-0.013399796,-0.010624895,-0.017580912,-0.017159056,-0.024279935,1.4261837,0.017689012,0.035265837,-0.032215398,-0.017328829,-0.01988302,-0.008904879,0.6792728,-0.040903766,0.00012578163,-0.012839836,-0.029601999,1.0945781,-0.022094047,-0.013661737
TCGA-AB-2886,0.7242129,-0.06543747,0.005733394,-0.003087028,-0.024091305,-0.017316826,-0.017662115,-0.015853075,-0.020525537,0.043134913,-0.07502712,0.29253173,0.37781274,-0.009052737,-0.043034516,-0.08193399,-0.013702133,-0.058868896,-0.027291168,0.042878974,0.49126706,0.0010817806,-0.012917746,-0.016310766,-0.037017006,0.71473217,-0.0061686886,-0.0007129529,-0.018244714,0.754506,-0.0010177633,0.09148656,0.053233083,-0.013802875,-0.01641687,-0.011342058,-0.007418389,0.11849053,0.09624253,-0.025450448,0.3855698,-0.011954982,0.014742278,-0.008881923,-0.04647621,0.031633757,-0.0058625964,-0.02407774,-0.01724656,1.2311823,-0.01439091,-0.022448966,-0.019377582,-0.013811953,-0.02732043,0.083685964,0.38951027,-0.032378383,0.04696876,-0.017985683,-0.028100943,0.9925621,0.090700686,0.10418682
TCGA-AB-2888,0.55130327,-0.033196006,0.055909943,-0.008460678,-0.011901299,-0.015814802,-0.019764127,-0.012869256,-0.016529363,-0.010614334,-0.046337947,0.45727593,0.4335698,-0.010649661,-0.029097456,-0.060607657,-0.0068325754,-0.036824968,-0.008109118,-0.009561483,0.64150345,-0.016361667,-0.02813578,-0.01430612,-0.050224066,0.74462473,0.0058135167,0.0055822055,-0.022958223,0.66112506,-0.0064712376,-0.013456259,0.16129941,-0.002999378,-0.015136973,-0.0030499261,-0.011713751,-0.0136936065,0.0033526367,-0.018539,0.23060578,-0.008379577,-0.009895227,-0.023288485,-0.026931927,-0.0043704896,-0.013817731,-0.017433489,-0.010435189,1.1646541,-0.009592408,-0.019310424,-0.02330836,-0.009938005,-0.0181477,-0.008646834,0.47674835,-0.02708881,0.010418197,-0.01594893,-0.0037401938,0.859295,0.014399483,-0.010677373
TCGA-AB-2889,0.7203151,-0.03510738,0.16748005,-0.013688276,-0.00596851,-0.017798884,-0.021650467,-0.014284617,-0.01903268,-0.023673158,-0.05023182,0.44026452,0.33308664,0.024797838,-0.016090354,-0.046375822,-0.019616615,-0.045162525,-0.018871667,-0.010872372,0.57307935,-0.0086492775,-0.035310082,-0.00923329,-0.044419907,0.70692426,0.17489009,-0.012215635,-0.022388656,0.63063353,-0.008626869,0.038719248,0.09883633,-0.014619867,-0.00736034,0.027295392,-0.002684086,-0.0036220544,-0.0069347834,-0.015146466,0.26390952,-0.014639011,0.025472254,-0.03231147,-0.01840817,-0.00049294345,-0.020795442,-0.009349989,-0.012173472,1.1759281,-0.007362513,-0.016289283,-0.017801277,0.03527454,-0.022206567,0.014632709,0.40507394,-0.025163572,0.068215184,-0.009169865,-0.01576418,0.86620843,0.07455418,-0.0042608744
TCGA-AB-2892,0.60326904,-0.036135398,0.12578958,-0.008502282,-0.00545082,-0.018075448,-0.029160853,-0.011464179,-0.018244324,-0.0060340445,-0.046524495,0.48341733,0.42768356,-0.0058761314,-0.013015744,-0.03954367,-0.014235514,-0.045322586,-0.014384073,-0.011552177,0.6031667,-0.00033876882,-0.034155603,-0.017394688,-0.052246816,0.75512946,0.15534347,-0.0101483455,-0.022220755,0.618684,-0.008270431,0.053422786,0.21007642,-0.00980861,-0.008507835,-0.019809125,-0.018022148,0.006452912,-0.020606395,-0.014665068,0.27543464,0.0009926297,0.007950859,-0.028205035,-0.014618387,-0.009902801,-0.017359735,-0.017767988,-0.011806907,1.2244928,-0.008681852,-0.017855085,-0.022692196,-0.006958317,-0.01830867,-0.005668978,0.43696266,-0.029247358,0.036740318,-0.014691902,-0.003318102,0.9434335,0.056473564,-0.007592939
TCGA-AB-2893,0.6781161,-0.026956888,0.014233651,0.21941924,-0.017021775,-0.0012908559,-0.021433733,-0.022731321,-0.02867646,-0.028969524,-0.044828013,0.6685506,0.5427267,-0.007627295,-0.015955597,-0.070481025,0.0019628648,0.035477772,-0.015204477,-0.018731792,0.8052255,-0.046308048,-0.019885803,-0.035441585,-0.048804604,1.3091315,-0.032215614,-0.016189193,-0.00042937323,0.850394,0.073895946,-0.024968915,0.30812603,-0.00976008,-0.013525243,-0.016152283,-0.01740617,-0.010061643,-0.012068005,-0.0072853966,0.014847557,0.02563617,0.022893691,-0.035586603,0.018131204,-0.018752731,-0.02816397,-0.02114266,-0.030175602,1.5734627,-0.017553588,-0.017633421,-0.009107246,-0.010094992,-0.02304073,-0.021542296,0.864928,-0.050813407,-0.028700385,-0.01858028,-0.029508932,1.2071579,-0.023068376,-0.022818597
TCGA-AB-2894,0.62312317,-0.038199455,-0.010785859,0.02556289,-0.014874814,-0.024944142,-0.017911732,-0.028412154,-0.026017886,-0.010640767,-0.04718048,0.5697593,0.4875244,0.10947482,-0.009600952,-0.06452705,-0.01896809,0.02454869,0.016339403,0.010554139,0.8154012,-0.015239026,-0.026177607,-0.024000328,-0.051135838,1.1363566,-0.026522055,0.01301763,-0.013434574,0.8447716,-0.009703239,-0.017797481,0.2567596,0.058013495,-0.017683946,-0.018444838,-0.02155033,-0.01738751,-0.014748147,-0.024005316,0.17664945,-0.014062202,0.045074075,-0.014993405,0.0054854807,-0.0047464864,-0.01860272,-0.01891733,-0.013270643,1.4692619,-0.015535669,-0.017436016,-0.021801904,-0.009645216,-0.021834396,-0.016257402,0.67306054,-0.04707191,-0.022540618,-0.0037629418,-0.026232949,0.89172,-0.011233553,-0.012181049
TCGA-AB-2895,0.63791996,-0.015807519,0.0024032213,-0.008841206,-0.013088407,-0.019219328,-0.012965326,-0.008249399,-0.018769115,-0.011649786,-0.049251612,0.63680685,0.40098605,-0.009326756,-0.0049572396,-0.08060944,-0.008454559,0.08526684,-0.0030935295,-0.012387341,0.77389586,-0.023491884,-0.037186112,0.00562247,-0.042395774,0.87457454,-0.022950724,0.009498006,-0.009620225,0.8231336,-0.029290678,-0.015782319,0.33744276,0.021128554,-0.008205222,-0.008117127,0.093513034,-0.01344108,0.006006074,-0.016345968,0.23384163,-0.010897027,0.030453125,-0.007413725,0.053996705,-0.013128847,-0.020452432,-0.021649836,-0.0125560025,1.2915723,-0.017987467,-0.019649306,-0.019086998,-0.0056929667,-0.016386168,-0.008871621,0.5540477,-0.02871191,-0.002986441,-0.020761447,-0.0080034565,0.8922545,-0.019795584,-0.006016588
TCGA-AB-2896,0.59609073,-0.018795798,0.014307568,-0.0131485015,-0.015362781,-0.010398536,-0.017401615,-0.021156207,-0.019753909,0.004289794,-0.03570254,0.62619936,0.37398976,-0.014673286,-0.011476015,-0.06869686,0.012334062,0.09286724,-0.010951607,0.02607988,0.7974564,-0.026592867,-0.027378166,-0.017441422,-0.036322743,0.9097834,-0.03008622,-0.0051118787,-0.004110354,0.7667602,-0.016934738,-0.016574528,0.41735473,0.05639286,-0.01578849,-0.01873784,0.006180783,-0.02236791,-0.021376153,-0.023524113,0.07723211,0.004948971,-0.0028589303,-0.015159247,0.16594361,-0.008783978,-0.022739768,-0.01702712,-0.017363397,1.284832,-0.011617299,-0.012167197,-0.02046322,0.0060344855,-0.014180677,-0.010070825,0.52749467,-0.04008582,-0.012964322,-0.014251847,-0.0061960993,0.895202,-0.013502097,-0.01190123
TCGA-AB-2897,1.0022522,-0.08241757,-0.050706677,-0.018941563,-0.015549643,0.019036572,-0.07777048,-0.0016821463,-0.03132323,0.018646114,-0.121193565,0.16451749,0.5098936,-0.043939207,-0.028404094,-0.10151745,-0.026454398,-0.058887318,-0.04532109,-0.012944294,0.6452929,-0.01853121,-0.020085506,-0.0143765155,-0.093537286,0.44648778,-0.030846262,-0.02396217,-0.020939074,0.95519745,-0.0062149065,0.21948372,-0.010866327,-0.012080696,-0.028057378,-0.029261332,-0.021067075,-0.01931447,0.7593368,-0.032941744,0.46313834,-0.0009981707,0.06674235,-0.00655945,-0.05068118,-0.022526523,-0.04563997,-0.026743786,0.03280819,1.3299525,-0.034682702,-0.020570328,-0.024815151,-0.02818779,-0.03773808,-0.047134534,0.41922078,0.3225138,0.3879359,-0.025950683,0.094328456,1.1949456,0.27864522,0.007765875
TCGA-AB-2898,0.5936179,-0.02208617,-0.007972822,-0.02048377,-0.024636226,-0.028458796,-0.021081796,-0.016338663,-0.012766007,-0.0026633379,-0.045702025,0.60611403,0.30081922,-0.0050741825,0.00067787996,-0.07512131,-0.0059509426,-0.015100654,-0.011818377,-0.010162267,0.6857189,0.020305242,-0.045344807,-0.00942429,-0.04981953,0.8926123,-0.018193163,-0.010310285,-0.016414061,0.7735752,-0.027956255,0.037174568,0.24320757,-0.009703557,0.029120313,0.016603705,0.00077013276,-0.02003811,0.02070797,-0.010429213,0.36692554,-0.023887405,0.075711414,-0.010331303,-0.014412872,-0.014888866,-0.02087532,-0.0045187175,-0.029286157,1.3195343,-0.009165699,-0.011254831,-0.020737581,-0.023487903,-0.018294524,0.04205598,0.60117567,-0.030787248,-0.012205958,-0.017911542,-0.03041131,0.9175917,-0.00010898383,-0.020527769
TCGA-AB-2899,0.5573944,-0.022237062,-0.001673175,-0.0064280443,-0.020659525,-0.01627605,-0.016021468,-0.025476249,-0.015538973,-0.018845944,-0.040628396,0.6091042,0.39517766,-0.0099514695,-0.019803017,-0.081268,-0.017684069,0.056526914,-0.0022006282,-0.02581266,0.698787,-0.006040857,-0.03148413,-0.0049544997,-0.049953036,1.0985632,0.0044845836,0.008010507,-0.019151563,0.6951039,-0.01894477,-0.015013201,0.34105593,0.055457093,-0.017207338,-0.01335212,-0.030931588,-0.015197141,-0.024491115,-0.02312864,0.11231002,-0.021243792,-0.014428841,-0.008257503,-0.009977078,-0.015282991,-0.01263304,-0.008047154,-0.025925161,1.4265815,-0.011698472,-0.011211897,-0.024888529,-0.010017803,-0.021478295,-0.0021810066,0.72628415,-0.05214317,-0.020453425,-0.01568474,-0.021568846,1.038947,-0.020662019,-0.010356999
TCGA-AB-2900,0.62341505,-0.049122028,0.06531562,-0.012245262,-0.017612688,-0.023634171,-0.02234232,-0.014038494,-0.02718504,-0.004947715,-0.052499935,0.65666354,0.46262336,0.03798223,-0.017613415,-0.09696455,-0.022268336,-0.0034892783,-0.0058558686,-0.014847392,0.69804525,-0.037554193,-0.052966505,-0.0089247925,-0.058697402,0.9075895,-0.030237451,0.0072157653,-0.009604559,0.82320654,-0.008517871,-0.006691263,0.2835818,-0.012705921,-0.013507764,-0.01559975,0.012144957,-0.012336055,-0.005021573,-0.03740389,0.17718294,-0.012272668,0.017852876,-0.031222507,0.029425804,-0.022410443,-0.021831289,-0.015843486,-0.014243211,1.295852,-0.028268944,-0.008728447,-0.018976325,-0.016039886,-0.018193003,-0.02789341,0.55537796,-0.038282007,-0.01940052,-0.029260637,-0.017533293,1.0752187,-0.015185556,-0.017671844
TCGA-AB-2901,0.8148247,-0.017888179,-0.010047462,-0.0148259085,-0.01110882,-0.019981798,-0.018557956,-0.017766325,-0.02883707,-0.009010346,-0.057680126,0.76149285,0.44940156,-0.018654069,-0.021562561,-0.092275575,-0.003984695,-0.03770104,-0.02071513,-0.019326452,0.7906558,-0.013721611,-0.048915848,-0.0012612952,-0.058072597,0.95480645,0.039043825,0.014108005,-0.012477426,0.73344755,-0.03326431,0.081996545,0.24315561,-0.011042653,-0.01429553,-0.00597204,0.06185241,-0.01974482,-0.0254129,-0.032614272,0.3376519,-0.017041083,0.017972313,-0.029655349,-0.0055058757,-0.024376698,-0.017333228,-0.020123819,-0.013281256,1.478214,-0.008076792,0.02418572,-0.02465888,-0.009743782,0.0012328615,0.050736345,0.63124067,-0.035493553,-0.014247032,-0.027186874,-0.014523074,1.0894306,0.0075213695,-0.015017629
TCGA-AB-2908,0.68043494,-0.010623541,-0.0063059074,-0.011581877,-0.023666665,-0.011779114,-0.026023846,-0.018889675,-0.022997344,-0.013465851,-0.039330035,0.7033564,0.3782099,0.0050035734,-0.010528244,-0.06659719,-0.0022692652,0.029830445,0.027974755,-0.007793351,0.74685705,-0.016178228,-0.032944776,-0.020459913,-0.042729147,0.9742802,-0.018983439,0.0458806,-0.020628564,0.7124641,-0.029262526,-0.016594397,0.26716548,0.0019374434,-0.025434468,-0.016756244,-0.0140886465,-0.014334589,0.006318327,-0.016890464,0.096303746,-0.020101681,-0.017860984,-0.0129976515,0.011774469,-0.011726851,-0.02307214,-0.0021187812,-0.025257068,1.3727876,-0.019168094,-0.005405692,-0.017335705,-0.016710905,-0.020747649,0.0021736184,0.67180544,-0.024470245,0.006828225,-0.018506939,-0.021749482,1.0542979,-0.009175136,-0.02086741
TCGA-AB-2909,0.6179249,-0.05132578,0.019727893,-0.003926602,-0.013471453,-0.0130105,-0.018012442,-0.012116328,-0.017217685,0.004479127,-0.055160075,0.398176,0.33899313,0.016846087,-0.02624768,-0.0593742,-0.016518153,-0.047570396,-0.01443593,-0.012015745,0.40342122,-0.0070763757,-0.024506103,-0.011209144,-0.060456544,0.73005044,0.007231542,-0.0058547324,-0.0065503377,0.5139181,0.0021010926,-0.0046296604,0.16415997,-0.011457144,-0.01138545,-0.00083934324,0.017543094,0.07253807,-0.0021187714,-0.016396094,0.3082124,-0.017805347,0.039435476,-0.014573504,-0.019480996,0.10897933,-0.013131536,-0.015604325,-0.024393117,1.1929905,-0.011933155,-0.01784179,-0.03119529,-0.017323807,-0.02841882,0.021449193,0.37629575,-0.024097586,0.008930606,-0.01773946,-0.026729727,0.9475844,0.06698958,-0.003783257
TCGA-AB-2911,0.67620414,-0.053958997,-0.018751748,-0.011808752,-0.019666938,-0.023312971,-0.027094934,-0.027597617,-0.02631176,-0.01087962,-0.05770704,0.6448052,0.5532485,-0.016707484,-0.015956024,-0.087653264,-0.014351898,-0.005494605,0.0026238505,-0.030391086,0.73193276,-0.037925437,-0.02856009,-0.014302272,-0.05575127,1.1000781,-0.009215425,-0.021729235,-0.0035703662,0.8373097,0.05393461,-0.022096278,0.34247798,-0.01824783,-0.02009538,-0.009356496,-0.005806049,-0.019812983,-0.010148225,-0.026872242,0.25126567,-0.015627459,0.02671381,-0.008479739,-0.017778223,-0.013798755,-0.022103027,-0.022513125,-0.031465046,1.4149725,-0.012898022,-0.022358283,-0.022539709,-0.019551985,-0.012973925,-0.026952825,0.49321234,-0.029187392,-0.002433965,-0.019080035,-0.02899384,1.0644879,-0.014049685,0.10278421
TCGA-AB-2912,0.5539831,-0.02364847,-0.013798058,-0.009119551,-0.016715277,-0.02286169,-0.021471383,-0.02518275,-0.012667246,-0.019328438,-0.041520927,0.59871864,0.45191604,-0.008656687,-0.019648608,-0.06895315,-0.0020070923,0.00112091,0.029305613,-0.017080085,0.6242008,-0.0074907034,-0.033603325,-0.015013933,-0.034017216,0.9688301,-0.010268229,-0.009446656,-0.010356032,0.5888251,-0.010428585,-0.0069574616,0.20432419,-0.001311766,-0.020175105,-0.012312338,-0.025883013,0.02845428,0.009484645,-0.0069277645,0.066127084,-0.0063905837,0.012229559,-0.031282004,-0.009964508,-0.020118045,-0.012961804,-0.01423775,-0.02800621,1.301471,0.026439823,-0.020844087,-0.01948458,0.04139222,-0.018042035,-0.0128898155,0.6257206,-0.050269514,-0.01855548,-0.015873719,-0.03224741,0.9460088,0.02376877,-0.009577119
TCGA-AB-2913,0.81732404,-0.03631921,-0.01956213,-0.015234124,-0.023088545,-0.023500964,-0.021582708,-0.022551302,-0.025698204,0.098545626,-0.05596447,0.5638502,0.41331732,-0.017793033,-0.019418992,-0.09185031,-0.019547282,-0.006988836,0.0013184133,-0.029092345,0.6615374,-0.017052209,-0.037233107,-0.020572474,-0.07022028,0.95707464,-0.034996245,0.08319926,0.022135481,0.7078307,-0.012671319,-0.008921696,0.31046736,-0.002412755,-0.019538851,-0.002287409,-0.011941905,-0.01003233,-0.013301492,-0.039501995,0.1865692,0.0024676742,0.006350976,-0.01020036,0.011999392,-0.026124254,-0.022159025,-0.025480341,0.009758748,1.3530774,-0.012464818,-0.023837388,-0.01973709,-0.006603615,-0.021609291,-0.024019927,0.548139,-0.040164657,0.0062629967,-0.027043942,-0.020676833,1.1548433,-0.0016023649,-0.0077225016
TCGA-AB-2914,0.6559088,-0.04945178,0.07163492,-0.01735309,-0.017633097,-0.016595013,-0.027557189,-0.014839553,-0.008638618,0.0012291949,-0.052511916,0.32612532,0.44147795,0.04683856,-0.029892556,-0.060877845,-0.008650629,-0.05743791,-0.026976254,-0.021668857,0.537158,0.058038626,-0.022769157,-0.0136339385,-0.052732527,0.69782853,0.12937325,0.02008408,-0.012278114,0.61882746,-0.0065028146,0.10563327,0.1255002,-0.014068315,-0.013106514,-0.018603377,-0.011031255,0.018519962,0.059227966,-0.023390412,0.3027373,-0.0015945542,-0.0009585675,-0.019341499,-0.027627265,0.053205337,-0.019049153,-0.024616767,-0.012079229,1.211782,-0.0050421795,-0.02782244,-0.027475893,0.0067644073,-0.02035606,-0.0021213712,0.38844693,-0.024915207,0.054175165,-0.016262291,-0.028551279,0.9331074,0.14475226,-0.007286386
TCGA-AB-2916,0.5462296,-0.008409812,0.036313113,-0.0036311485,-0.014327156,-0.009049274,-0.027044281,-0.015564395,-0.020066844,-0.030832766,-0.022929296,0.55709237,0.43096104,-0.0061889533,-0.01745718,-0.06104441,0.024787694,-0.0042362045,0.02908374,-0.011848934,0.5821072,-0.014772508,-0.022555271,-0.01623256,-0.03353511,0.8744469,-0.005566054,-0.01084966,-0.031193761,0.72179717,-0.018733224,-0.012965087,0.28816366,0.0053276448,-0.02006232,-0.013273695,-0.0074859844,0.005495222,-0.016872546,-0.013172659,0.20278963,-0.021179995,0.0034739617,-0.015587073,-0.0061726198,-0.012369883,-0.010469243,-0.020333426,-0.019278264,1.1806936,-0.011455247,-0.01275107,-0.009610577,-0.007912791,-0.007252434,0.0057194643,0.62098074,-0.037457675,0.022565706,-0.009258166,-0.023649825,0.82026756,-0.010801265,-0.013950177
TCGA-AB-2917,0.5903997,-0.024055624,-0.012407204,-0.0078701265,-0.021646688,-0.015960928,0.0032802387,-0.015541914,-0.020568792,0.08159947,-0.03430403,0.6800928,0.39943683,0.024126532,-0.012648266,-0.07369097,0.004878713,-0.0006856499,-0.018220976,-0.01619691,0.6746887,-0.01721243,-0.026335856,-0.0193896,-0.03066397,0.9977377,-0.014448931,-0.013431858,-0.016359732,0.6667149,-0.012245533,-0.0087983515,0.34882325,-0.0060329726,0.012139471,-0.02373279,-0.0019136558,-0.016961804,-0.014973352,-0.021793991,0.33149236,-0.020221803,0.004631521,-0.0057520303,-0.011610003,-0.012636035,-0.015000657,-0.017044315,-0.025576457,1.4121176,-0.009212349,-0.01598573,-0.02343854,-0.025929596,-0.015233217,-0.010482412,0.5567657,-0.038719516,-0.026053537,-0.017581118,-0.016791066,0.99589026,-0.00092133484,-0.011802498
TCGA-AB-2919,0.83720064,-0.06458098,-0.016941508,-0.02483192,-0.023663957,-0.033976223,-0.02417481,0.006720736,-0.027782407,0.33774126,-0.070705056,0.62047386,0.40254295,-0.009635029,-0.028146058,-0.11488353,-0.02501296,-0.015251769,-0.04698323,-0.018370636,0.7274622,-0.033617765,-0.0419689,-0.01285941,-0.06506594,0.81644857,-0.029067736,-0.009132642,0.16011241,0.9157796,-0.020254914,0.026882205,0.1882444,-0.019387782,-0.018856559,0.06891195,0.14987764,-0.0137703,-0.005104671,-0.032741923,0.39141744,-0.009907214,0.12695576,-0.02110018,0.009868726,-0.019814827,-0.015803665,-0.023941798,-0.020032367,1.4028125,-0.035673723,-0.0071265404,-0.022262743,-0.014321906,-0.024956334,-0.014742716,0.5967231,-0.0155089125,-0.012728009,-0.021571822,0.022375453,1.3507481,-0.008466639,0.0060716853
TCGA-AB-2920,0.7810424,-0.021538483,-0.006167969,0.025506917,-0.025144832,-0.018546918,-0.020227354,-0.021288937,-0.029149571,0.004290802,-0.047030173,0.81261945,0.50543857,0.016787596,-0.008111749,-0.07785584,-0.015835006,-0.0023138688,-0.010095311,-0.01816401,0.6932494,-0.020831238,-0.04497008,-0.028524024,-0.058142252,1.1784515,-0.028933272,-0.01717594,-0.024280753,0.6316112,-0.017995726,-0.013736349,0.27817667,-0.014622058,-0.019485818,-0.014579892,-0.024413913,-0.014594885,0.0055845585,-0.021095885,0.30974644,-0.025881037,-0.017094772,-0.016642246,0.03093819,-0.018915795,-0.010063006,-0.017304378,-0.033800397,1.5027876,-0.005060871,-0.012865583,-0.021920638,-0.008487988,-0.016088799,-0.008699516,0.6607728,-0.04129497,-0.028047906,-0.018858012,-0.02098703,1.0133368,-0.025624007,-0.015938465
TCGA-AB-2924,0.6344917,-0.020728737,0.0034801476,-0.007728958,-0.021191066,-0.022911854,-0.013422814,-0.022964284,-0.027451713,0.016384922,-0.04409399,0.5357228,0.39511415,0.024449512,-0.011934325,-0.07055769,-0.015991185,0.037247952,-0.006169466,-0.015639437,0.6468251,-0.033544406,-0.030565351,-0.01814151,-0.049452838,0.86734277,-0.017690122,-0.014338177,-0.014782769,0.68064696,-0.014445834,-0.011310538,0.30373365,0.014123652,-0.012681142,-0.0056011737,0.06402485,-0.009002395,-0.01987319,-0.018217403,0.10068793,-0.0104828235,0.022920512,-0.022109838,0.0071669193,0.011272065,-0.025880568,-0.015753528,-0.015909994,1.2220223,-0.014416692,-0.023321833,-0.020637536,-0.014638157,-0.018493906,-0.013382328,0.45518893,-0.031698518,0.00079377927,-0.024468048,-0.01522463,0.85482955,0.0024674018,-0.007046497
TCGA-AB-2925,0.5636041,-0.01069655,0.009147107,0.05661265,-0.014585464,-0.015746687,-0.021741273,-0.016625293,-0.018879307,-0.014764433,-0.03575245,0.54270935,0.53152055,-0.0031063748,0.014613165,-0.05541514,-0.009915495,0.081966154,-0.0017891275,-0.018428769,0.66868055,-0.035462704,-0.022444526,-0.027137492,-0.034483977,0.9165868,-0.006888803,0.028417144,-0.016842838,0.8112554,-0.008825627,-0.010743663,0.3227834,0.014495936,-0.011612602,-0.009731902,-0.007535569,-0.01541264,-0.012228504,-0.009955097,0.0057499073,-0.005472452,0.04055899,-0.01937401,0.013080459,-0.024306806,-0.020546086,-0.023708504,-0.009098373,1.2673136,-0.015861088,-0.014247936,-0.022394482,-0.013512036,-0.0051750625,-0.017409783,0.5602706,-0.038834997,-0.01204934,-0.0071709286,-0.02045447,0.864429,-0.004558766,-0.012237155
TCGA-AB-2927,0.5706356,-0.02424507,-0.0030238356,0.0020664,-0.015542466,-0.018125247,-0.01861597,-0.028147906,-0.016203126,-0.027585113,-0.049728654,0.7427808,0.35836732,-0.008947762,-0.027879693,-0.068774134,-0.01889358,0.006695605,-0.0030987582,-0.011072067,0.7295612,-0.011593802,-0.041087046,-0.020406276,-0.047570422,0.9632421,-0.01624437,0.0028545656,-0.0198091,0.6715237,-0.020124834,-0.012608325,0.29025254,0.030396726,-0.0141208675,-0.012674222,-0.025699025,-0.00588654,-0.010115744,-0.0118370615,0.13655968,-0.020439735,0.007179321,-0.016076375,-0.012325047,-0.025016496,-0.011227855,-0.017237311,-0.022344805,1.4702678,-0.0052276193,-0.018207796,-0.015732652,-0.0061037065,-0.013698323,0.0089644315,0.73345816,-0.04748008,-0.026283275,-0.01765937,-0.027423078,1.0386593,-0.009135232,-0.020761833
TCGA-AB-2928,0.591414,-0.027623227,0.002500278,-0.017497873,-0.016107244,-0.017596532,-0.013282114,-0.019044612,-0.02088952,0.085697666,-0.04365067,0.7180381,0.33384532,0.038722597,-0.013688485,-0.083232656,-0.011318696,-0.013889893,-0.014760481,-0.011598715,0.6822096,-0.016942466,-0.03440366,-0.0100754015,-0.057608575,0.8685158,-0.00969111,-0.004109888,-0.0137667,0.659075,-0.023617562,0.012634216,0.2597258,0.011018778,-0.021711662,-0.015218004,0.10983925,-0.016494008,0.0053102896,-0.007856867,0.3012528,-0.015326904,0.040507212,-0.018441916,0.019665414,-0.0029344726,-0.016215224,-0.029161226,-0.026011439,1.2375821,-0.0131920045,-0.0081134625,-0.0261962,-0.019554425,-0.016166324,-0.013388932,0.49130267,-0.015154164,-0.015275424,-0.013499582,-0.025419854,0.84725726,-0.015337478,-0.026627798
TCGA-AB-2929,0.54965514,-0.021588102,-0.008923513,-0.013043614,-0.022271745,-0.0059489165,-0.017959218,-0.016442372,-0.025908664,0.0015487131,-0.030046675,0.7258899,0.3900336,0.017810155,-0.011120131,-0.06429577,-0.006213218,0.017397827,0.024216285,-0.011773704,0.72274625,-0.024206499,-0.034962405,-0.015819523,-0.046087533,1.1579322,-0.01817742,-0.025013711,-0.021057112,0.7007339,-0.017816786,-0.017843716,0.24183427,0.061514333,-0.025505818,-0.015184494,-0.017455477,-0.0200264,-0.03003598,-0.025357,0.2148755,-0.026454471,-0.022440275,-0.012139151,0.0257935,-0.01603433,-0.015886717,-0.012311855,-0.026019791,1.4000373,-0.014667534,-0.0173429,-0.02494316,-0.012958039,-0.023759294,0.032000884,0.6633639,-0.036548514,-0.02300211,-0.0100556845,-0.02778919,0.9486151,-0.021434225,-0.018343724
TCGA-AB-2933,0.5203792,-0.011735152,-0.012315059,-0.0118023325,-0.02387641,-0.01268941,-0.01988331,-0.017779907,-0.0069109295,-0.016322661,-0.030793153,0.686081,0.43956256,-0.009025808,-0.014580088,-0.074152656,-0.019680548,0.056783386,0.021559767,-0.022229247,0.7507718,-0.009741649,-0.033500604,-0.009294608,-0.048901934,1.1123691,-0.021579474,-0.0025519077,-0.013171883,0.75183725,-0.018228423,-0.020692978,0.31569028,0.005860199,-0.010488765,-0.017299768,-0.0157984,-0.015744874,-0.027237039,-0.011278018,0.1257376,-0.001183053,0.0016149087,0.007672038,0.010361671,-0.027588952,-0.017125811,-0.017715223,-0.02336085,1.5693688,-0.009462319,-0.013034514,-0.011941726,-0.007952854,-0.021059837,-0.005356307,0.641742,-0.046651788,-0.025340382,-0.024248837,-0.023912013,1.0442587,-0.019288223,-0.016993342
TCGA-AB-2935,0.7266515,-0.02533735,-0.015269738,-0.007141713,-0.012249061,-0.005508473,-0.023239398,-0.025546594,-0.021510594,-0.01696465,-0.05091583,0.696429,0.4817801,-0.009075521,-0.013387595,-0.074344866,-0.015038803,0.040707834,-0.008291386,-0.014541356,0.79145324,-0.0140771875,-0.028845713,-0.015135237,-0.054802384,1.0714206,-0.009605537,-0.005841896,-0.024784993,0.7609129,-0.023160053,-0.017898783,0.23730491,0.054607358,-0.02414665,-0.017753273,-0.022589028,-0.02027436,-0.017108556,-0.017678317,0.18834978,-0.017271977,-0.017521111,-0.013491759,-0.0025428575,-0.018410724,-0.01767914,-0.017020673,-0.017637819,1.3862474,-0.018911641,0.016675761,-0.024485476,-0.016121222,-0.022420682,-0.017639231,0.63456666,-0.036881734,0.003939084,-0.02149039,-0.020962235,1.046763,-0.009004035,-0.015631333
TCGA-AB-2936,0.6141786,-0.03461913,-0.0065080663,-0.013968157,-0.023922794,-0.023461167,0.0010414005,-0.010516078,-0.018881755,0.0034544826,-0.04200954,0.68471503,0.3869524,-0.009150248,-0.009560877,-0.085517935,-0.01532988,0.009447226,-0.00896663,-0.019386962,0.7260115,0.0033996822,-0.044075545,-0.0017734673,-0.049044803,1.0533526,-0.016533902,-0.016820604,-0.008966649,0.76461565,-0.015740372,-0.01400631,0.2362805,-0.007244706,-0.020055037,-0.0067458795,-0.011257521,-0.012283657,-0.0150475,-0.024062071,0.27879897,-0.014858476,-0.01561013,-0.01853268,0.015907003,0.014435017,-0.018408217,-0.0089775445,-0.02669963,1.3937322,-0.022130005,-0.007275344,-0.014230863,-0.0144345015,-0.021366425,0.028398141,0.6362844,-0.029518217,0.023945097,-0.015782023,-0.025997572,1.09078,-0.010461448,-0.026018504
TCGA-AB-2937,0.5772835,-0.052662313,0.05471526,-0.0016251905,0.03177383,0.018695343,-0.013979014,-0.015736802,-0.02343306,-0.017676799,-0.050486572,0.3795908,0.37241685,-0.009216556,-0.034147277,-0.05166737,-0.025270373,-0.052339915,-0.022973027,-0.0130192805,0.47871408,-0.01049378,-0.02890105,-0.018767256,-0.03789799,0.8931034,0.0080037415,-0.015588924,-0.008092188,0.7779654,0.038974732,0.041614383,0.17208368,0.1386222,-0.023690201,-0.012319368,-0.004846087,0.07768304,-0.0070706336,-0.020016883,0.22166276,0.0006290679,0.0652227,-0.040931366,-0.032648675,0.014882155,-0.0048414366,-0.022844654,-0.015113408,1.2391562,-0.022230806,0.00905558,-0.028600086,-0.010917276,-0.021616427,-0.01481257,0.535799,-0.037600785,0.013285636,-0.012011845,-0.033542134,1.0349854,0.00084279943,-0.0011087261
TCGA-AB-2938,0.7063519,-0.035088394,-0.009827226,-0.0037590165,-0.015517609,-0.016491449,-0.020173479,-0.026765421,-0.026816033,-0.0132467365,-0.04923386,0.641426,0.423218,0.029248148,-0.012675836,-0.07229666,0.034562256,-0.006060522,0.025347775,-0.013798864,0.71598625,0.009243606,-0.048445426,-0.014685847,-0.03779888,0.9959861,-0.0061521954,-0.0095060365,-0.023740537,0.8104812,-0.006744461,0.018947631,0.2532568,0.061822224,-0.020639503,-0.011558168,-0.00831271,-0.018507447,-0.019766204,-0.019902913,0.35625333,-0.020395981,-0.018225785,-0.018457219,-0.018911432,-0.008789069,-0.016735345,-0.023024037,-0.014404021,1.407294,-0.028395124,-0.014299054,-0.017975818,-0.010079638,0.009887404,-0.0064253346,0.5870086,-0.028806284,-0.009586636,-0.012113925,-0.022084808,1.0130937,-0.002709001,-0.019255681
TCGA-AB-2939,0.7623541,-0.04362563,-0.010699189,-0.0030609258,-0.012596987,-0.011058091,-0.016489292,-0.015750382,-0.026689986,0.051156502,-0.058371827,0.5255744,0.5317114,-0.011870063,-0.03579659,-0.070401885,-0.028207047,-0.041924782,-0.014102895,-0.01644054,0.73128974,-0.00998619,-0.03260823,-0.008863586,-0.04972629,1.0081416,-0.012229355,0.07871911,-0.01726724,0.87060666,0.17906737,0.110355906,0.16244717,0.03952385,-0.022392077,0.0029113318,-0.014577105,-0.028916819,0.16065925,-0.02168649,0.27034235,-0.010525627,-0.027141644,-0.02660681,-0.023329884,0.00525817,-0.018721702,-0.021244084,-0.020601798,1.4851551,-0.017218286,-0.026388764,-0.019419856,-0.017549984,-0.021985095,0.034869235,0.65383327,-0.047185097,-0.015062027,-0.0154416235,-0.035744686,1.1956522,-0.0053019766,-0.0097754
TCGA-AB-2942,0.648423,-0.044554926,0.13710964,-0.016511543,-0.008163711,-0.019098714,-0.020543303,-0.014574245,-0.0124571975,-0.009343974,-0.04995551,0.4470618,0.44283184,0.025082797,-0.022147702,-0.051558383,-0.014658458,-0.048364535,-0.017000144,0.0022160513,0.61226827,-0.013199269,-0.03161925,-0.014900381,-0.04974523,0.79448664,0.1134212,-0.006046976,-0.014602595,0.625141,-0.015120178,0.013197767,0.1872352,-0.009465957,-0.011534126,-0.006899525,-0.008014866,0.0005599484,-0.010490667,0.006976324,0.2999054,-0.016748715,0.075258695,-0.032159135,-0.019764744,-0.0065309033,-0.020978527,-0.016815484,-0.009725927,1.2574965,-0.008626223,-0.02372634,-0.030082338,-0.012274585,-0.018687975,0.007590038,0.34905797,-0.031978697,0.06929903,-0.013193862,-0.017771434,0.8970717,0.11710735,-0.0057322364
TCGA-AB-2948,0.61585903,-0.022463113,-0.011451191,0.0020813672,0.0074339653,-0.02367464,-0.020737521,-0.016968336,-0.016308643,-0.0088826,-0.040124632,0.6561823,0.46346223,-0.012794275,-0.01263588,-0.08330541,-0.014027856,0.03947536,0.029500464,-0.01981191,0.6935369,-0.032656603,-0.036461834,-0.015247256,-0.052064016,1.0012888,-0.004953945,-0.009873699,-0.019244688,0.795823,-0.023265623,-0.016744079,0.24014086,0.021236377,-0.016690025,-0.005364001,-0.0115981735,-0.021406332,-0.016433444,-0.011577517,0.15099087,-0.010909905,-0.0064763776,-0.013673682,0.05980002,-0.024631795,-0.016509935,0.011340973,-0.023048509,1.4169669,-0.016408408,-0.011483276,-0.014845839,-0.011508861,-0.02259851,-0.0013468214,0.6734491,-0.02898052,-0.020761177,-0.016471507,-0.029930117,1.0643389,-0.015263814,-0.025844939
TCGA-AB-2949,0.61621726,-0.016282557,0.018666249,-0.014705257,-0.013420651,-0.01688927,-0.017380824,-0.014911275,-0.014295871,0.0029475724,-0.03630198,0.5201936,0.46913615,0.01674242,-0.008937378,-0.061068,-0.00050883787,-0.0074489964,-0.01149177,-0.014071211,0.6278155,0.009492249,-0.028047465,-0.010381899,-0.046142973,0.8190855,0.0014878917,0.00010217121,-0.01595859,0.5712777,-0.022779124,-0.0038316846,0.27629533,-0.014189665,-0.01682335,-0.015931936,-0.013773164,-0.0127822375,-0.011488328,-0.015981156,0.18766424,-0.009323716,0.024264816,-0.0061938325,-0.00488682,-0.008948993,-0.021781815,-0.020890398,-0.020688463,1.3467624,0.0202654,-0.015935037,-0.01625623,0.0045351647,-0.011058797,0.0088519305,0.5553664,-0.03915523,-0.019725576,-0.008055338,-0.030006945,0.9779395,0.006973864,-0.016612265
TCGA-AB-2950,0.60039437,-0.05592717,-0.01262586,0.028255943,-0.021819843,-0.011940691,-0.01673266,-0.014768622,-0.02763834,0.016040629,-0.05845697,0.29306477,0.38709992,-0.009959903,-0.043397326,-0.07355065,-0.0100758765,-0.05050726,-0.016779263,-0.004679817,0.5130373,-0.0043076966,-0.027728315,-0.009025905,-0.04025327,0.668182,0.06976201,0.0022978191,-0.015411507,0.7500682,0.064439155,0.081280015,0.07642424,0.0028589494,-0.018654991,-0.017424418,-0.01577928,0.022832485,0.029707178,-0.027352244,0.34856272,0.024497341,-0.013139794,-0.021944534,-0.03859304,-0.010087045,-0.018279923,-0.01910941,-0.017139241,1.1340556,-0.017931264,0.0027851611,-0.015836602,-0.005493215,-0.01565462,-0.0080674235,0.5085852,-0.023188598,0.09840444,-0.025125848,-0.019820778,1.0649831,0.11040826,0.09929614
TCGA-AB-2952,0.77597445,0.015644748,-0.010570223,0.005179906,-0.017380318,-0.006822996,-0.023806829,-0.021328172,-0.032054022,-0.008420649,-0.05131649,0.76646554,0.48795348,0.025514781,-0.023419611,-0.06966881,0.00039493316,0.033704754,-0.016433705,-0.027670123,0.73163754,-0.023810415,-0.0399564,-0.018775303,-0.055711538,1.2301018,-0.019471992,-0.00736591,-0.02537466,0.6754055,-0.00553917,-0.022809854,0.23305288,-0.0009716647,-0.025232103,-0.012671922,-0.017763993,-0.030116718,-0.0072925966,-0.023837926,0.15693662,-0.020726115,-0.02223873,-0.014866259,0.09203686,-0.009878536,-0.017268397,-0.012242651,-0.028044548,1.4199967,-0.024256507,-0.015151255,-0.023243258,-0.01731618,-0.017185323,-0.018264009,0.68274,-0.035640918,-0.029224757,-0.023719396,-0.037757162,1.1089495,-0.020195406,-0.012233547
TCGA-AB-2955,0.66928935,-0.045275807,-0.007818167,-0.022396468,-0.019298691,-0.010800072,-0.0134328175,0.020349573,-0.025801502,0.13957739,-0.0385744,0.49637318,0.4337935,0.052264918,-0.018275777,-0.0800091,-0.03218424,-0.027039582,-0.007100758,-0.006627245,0.76236105,-0.0045867823,-0.026092872,0.0043898607,-0.06378564,0.9367442,0.021699745,0.0018973704,-0.006137889,0.8162549,0.053042393,-0.016808517,0.18250076,0.1255224,-0.033628024,-0.020633694,-0.008261742,-0.015740506,-0.011704673,-0.014267039,0.37351602,-0.00562402,-0.017190285,0.0013891729,0.02882541,-0.0048101107,-0.013097042,-0.018438376,-0.010925993,1.4620335,0.0169154,-0.027947104,-0.021768866,-0.011910291,-0.02641362,-0.012474409,0.45380986,-0.03740797,0.022288676,-0.011182431,-0.03231418,1.2109942,-0.013987172,-0.011969227
TCGA-AB-2956,0.72503805,-0.035855956,0.0016036676,0.045989253,-0.012287766,-0.00952322,-0.020885233,-0.031606983,-0.022732966,-0.010556098,-0.049663108,0.66344756,0.63200176,0.00055495463,-0.015327858,-0.08088045,-0.013531045,0.03031371,0.009401295,-0.02046162,0.8542111,-0.031689003,-0.023408476,-0.022031017,-0.047566146,1.1675644,-0.026758738,-0.022484658,-0.010796574,0.8367444,-0.014727187,-0.016859166,0.23755343,0.048712105,-0.0054328227,-0.0019539855,-0.02280569,-0.018433375,-0.0220197,-0.014801153,0.030080874,-0.011275394,-0.0028338842,-0.023770586,0.008982308,-0.019461028,-0.02130964,-0.014173096,-0.015058514,1.4468648,-0.013539192,-0.012170264,-0.016449388,-0.007306657,-0.009209529,0.0042078868,0.7399923,-0.063608095,-0.022281468,-0.025363889,-0.029951282,1.0416673,-0.015582846,-0.013899537
TCGA-AB-2959,0.58718324,-0.03066836,-0.0107100615,0.005246427,-0.024148006,-0.019517876,-0.029996417,-0.019015377,-0.014727865,-0.010189659,-0.034507707,0.70511067,0.40147057,-0.013375738,-0.014361351,-0.079919964,0.004853132,-0.018301561,0.013592528,-0.01846455,0.72920895,-0.0011657814,-0.045764204,0.07562079,-0.055103365,0.9936973,-0.012835475,-0.013206942,-0.013991853,0.75388205,-0.017940685,-0.027858257,0.31018746,0.05894564,-0.02686197,-0.01075512,-0.017812695,0.0343981,-0.011234077,-0.027061021,0.21883282,-0.019709049,-0.005694106,-0.016868876,-0.0036035539,-0.016101385,-0.010799506,-0.016909609,-0.0276272,1.42035,-0.011375774,-0.016889129,-0.017431302,-0.008085834,-0.017317468,-0.0151185375,0.7006743,-0.04369625,-0.0047167744,-0.014700197,-0.029377803,1.1337848,-0.015619516,-0.018076882
TCGA-AB-2963,0.60346055,-0.023713961,-0.0073927874,-0.009688699,-0.019346526,0.0005369827,-0.016968153,-0.017614845,-0.01776676,0.0010068453,-0.037114546,0.52921575,0.46889922,0.02734424,-0.002852995,-0.069148034,0.039991286,0.07306285,-0.011368681,-0.01861523,0.65941703,-0.028835693,-0.02607903,-0.013447717,-0.048614237,0.85086644,-0.018391294,-0.012005741,-0.018926134,0.7557328,-0.016919773,-0.016780704,0.34880298,-0.0024294744,-0.0071196663,-0.016368497,0.06026561,-0.008899333,-0.02897492,-0.016498681,0.15693855,-0.017277949,0.043278515,-0.022487538,0.024227176,-0.01223397,-0.0117730135,-0.023097591,-0.02708,1.3209841,-0.019157246,-0.017759841,-0.019524593,-0.007080524,-0.014009563,-0.00604209,0.56061983,-0.038633294,-0.021553421,-0.023004282,-0.022038745,0.84423935,-0.0047673495,-0.0025387479
TCGA-AB-2965,0.562678,-0.009256216,0.017407715,-0.0010492885,-0.0061279614,-0.0050072023,-0.020746518,-0.014980599,0.00022616627,-0.017752575,-0.026354488,0.60925037,0.44044158,0.0086139105,-0.010149075,-0.056453243,0.0032734275,0.11751174,-0.008451473,-0.012135362,0.7782576,-0.033009723,-0.024615606,-0.019636381,-0.03704699,0.8536267,-0.015915181,-0.012357876,-0.024490539,0.78262776,-0.013723427,-0.014352256,0.35806918,-0.006113652,-0.011292708,0.0041023158,-0.0041431943,-0.014807381,-0.022809638,-0.011416194,0.12511465,-0.009269703,0.036185626,-0.0203324,0.048134577,-0.014143452,-0.02143076,-0.019341493,-0.017384263,1.2560428,-0.01652846,-0.017510043,-0.013797602,-0.007768674,-0.009897249,-0.012942577,0.48909903,-0.036763597,-0.015934616,-0.012924027,-0.011884928,0.8627126,0.027601289,-0.008845226
TCGA-AB-2966,0.7221049,-0.040802334,0.018688858,-0.010624703,-0.025312627,-0.013936318,-0.017295087,0.024907254,-0.012753552,0.14042543,-0.036286794,0.56536484,0.46473655,-0.009564813,-0.014893225,-0.07401684,-0.007512446,-0.01955601,-0.026349884,0.0141571,0.7656885,0.001825165,-0.020908212,-0.015584221,-0.05754928,1.1096398,0.0067393035,-0.017134555,-0.010635646,0.7717739,-0.023217551,0.017045645,0.31353074,0.04922112,0.014019245,-0.013398664,-0.0041559148,-0.019122023,-0.020398993,-0.02326731,0.46271986,-0.021781974,-0.012665982,0.10770881,0.017945271,-0.011942054,-0.01463678,-0.01404882,-0.027996283,1.5456004,-0.011151918,-0.008983652,-0.019183965,-0.016264718,-0.015914915,0.062138937,0.65453756,-0.035649177,0.00034835702,-0.020779993,-0.033861946,1.3607273,-0.011562335,-0.019956496
TCGA-AB-2970,0.6122472,-0.02910469,-0.010447128,-0.012080785,-0.015760878,-0.018532613,-0.018950393,-0.0330233,-0.02504955,-0.025173753,-0.050849177,0.7149972,0.48256803,0.048620403,-0.02311319,-0.08016315,-0.016943604,0.028375218,0.0099950535,-0.032050483,0.7858095,-0.02087053,-0.033448577,-0.019095458,-0.054571472,1.1012855,-0.022186559,-0.013447078,-0.026996695,0.82127506,-0.020482274,-0.013157732,0.31260598,0.07588241,-0.01893929,-0.016253037,-0.018376797,-0.016410224,-0.024421437,-0.027292423,0.11299939,-0.019341057,-0.01750107,-0.012257928,-0.004805238,-0.027235925,-0.012531478,-0.011484804,-0.017699994,1.5273896,-0.015508466,-0.009687011,-0.018414149,-0.01226664,-0.018162409,-0.012444367,0.77358073,-0.044536248,-0.0032233358,-0.021076722,-0.023474324,1.0536449,-0.0060863253,-0.02239687
TCGA-AB-2971,0.56506586,-0.04143168,-0.00061720423,-0.0145548545,-0.016391568,-0.022136133,-0.018202607,-0.018011985,-0.013565244,0.09093104,-0.041187212,0.57494724,0.38732666,-0.009532096,-0.009928217,-0.08419984,-0.028145554,-0.014359941,-0.011792167,-0.014686581,0.6744343,-0.03470347,-0.037832603,-0.011416126,-0.056285672,0.8502609,-0.026964331,-0.0077388966,-0.010408683,0.7424282,-0.0065278425,0.012918356,0.22860298,0.0035738675,0.029662525,0.0041576684,0.033603143,-0.017640714,-0.018184539,-0.021436758,0.19886318,-0.011403989,0.06347135,-0.021038558,-0.01035401,-0.022748673,-0.014157856,-0.019212842,-0.01465735,1.2037733,-0.0056024515,-0.008845961,-0.01535755,-0.014364399,-0.023031432,-0.023428835,0.5256694,-0.03130639,-0.017468799,-0.011457447,-0.01527439,0.93235266,-0.0018342095,-0.011806189
TCGA-AB-2973,0.5209532,-0.0041758157,0.027243024,0.030465886,-0.019345079,-0.016197084,-0.025327342,-0.01635623,-0.023454245,0.005297186,-0.039197758,0.63989913,0.4205487,0.0046244897,-0.015399603,-0.077166095,0.00042353733,0.009893447,0.0010907156,-0.023991901,0.72040486,-0.028538227,-0.038845044,-0.01653111,-0.053117707,0.97558343,-0.016539669,-0.020292291,-0.02367979,0.73552173,-0.01711473,-0.021759612,0.24532887,0.0025596945,-0.018776927,-0.014656983,0.014622851,-0.01408995,-0.01690549,-0.025403317,0.15864527,-0.011927372,-0.003827408,-0.02241855,-0.0079072565,-0.01461364,-0.012038122,-0.015115876,-0.022153009,1.255187,-0.031157572,-0.012916796,-0.014376423,-0.009922475,-0.01790656,-0.012213473,0.5672194,-0.037183747,-0.022390636,-0.022993838,-0.017935874,0.86986905,-0.015554564,-0.02070633
TCGA-AB-2976,0.66358507,-0.008756178,0.00718736,-0.019856,-0.024101853,-0.008541409,-0.018026609,-0.02097592,-0.01677758,0.026836991,-0.046001613,0.70930856,0.4597465,-0.013957992,-0.017198108,-0.06709097,0.031511802,0.14988442,-0.011081247,-0.0238238,0.7410965,-0.022344094,-0.031555027,-0.020253561,-0.05118665,0.84509796,-0.019878691,0.020914415,-0.021416584,0.85177326,-0.017888002,-0.01590186,0.3416896,0.06645651,-0.007196299,-0.017097577,-0.002935757,0.0075854706,-0.01865692,-0.021591416,0.14878497,-0.012873258,0.05379937,-0.014977239,0.004958965,-0.018088337,-0.026887808,-0.020272272,-0.026761122,1.3139274,-0.020498125,-0.025889393,-0.020904489,-0.015705809,-0.00940416,-0.016787063,0.5969043,-0.034415435,-0.013668174,-0.017846249,0.0078067123,0.8976448,-0.0038456148,-0.014081914
TCGA-AB-2977,0.61719906,-0.0382853,4.8314687e-06,0.07309738,-0.016370844,-0.01669831,-0.026618488,-0.012166586,-0.018908707,0.05676621,-0.04947818,0.750004,0.46716377,-0.01629385,-0.020407315,-0.08541059,-0.0027455706,0.021428097,-0.014993848,-0.021978924,0.6952868,-0.020334821,-0.048565995,-0.026332546,-0.058844052,1.105686,-0.028693877,-0.000195616,-0.017465185,0.89406663,-0.018089164,-0.02100389,0.2518821,0.022842132,-0.028470334,-0.014072342,-0.014922479,-0.026153758,-0.027766261,0.0055527445,0.19440705,-0.019672157,0.02007083,-0.028074436,0.011379615,-0.02505587,-0.031969428,-0.02010113,-0.024889007,1.3626347,-0.02779712,-0.014189849,-0.015489891,-0.01490234,-0.013179923,-0.023537166,0.59127796,-0.028938418,-0.0130083,-0.015477647,-0.02117484,1.0083164,-0.027298123,-0.026574807
TCGA-AB-2979,0.7542227,-0.049337015,0.060487077,-0.009073839,-0.017548174,-0.017324379,-0.017384514,-0.012777009,-0.0051402664,0.001931997,-0.054179773,0.50342584,0.5082946,0.008200401,-0.028244972,-0.06860426,-0.014923153,-0.04231939,-0.022750005,-0.009725792,0.6952853,-0.0061952206,-0.01399228,0.026056044,-0.05248662,0.9829938,0.0036354163,-0.0069441223,-0.00025967718,0.84348774,0.042330973,-0.013112858,0.13253042,0.09745876,-0.015882071,0.05088256,-0.0025075446,-0.017297272,-0.011415232,-0.022459708,0.3150975,-0.009453653,0.008238984,-0.01865649,0.016280726,0.096885495,-0.028251782,-0.016122526,-0.025671855,1.4905597,0.005816406,0.013352813,-0.024279129,-0.010554703,-0.016408429,-0.017986214,0.5565651,-0.037165202,0.015362676,-0.021427866,-0.016257854,1.2701437,-0.016806714,-0.016434561
TCGA-AB-2980,1.0277466,-0.04851613,-0.052955568,-0.013233077,-0.013041307,-0.0116103655,-0.072607085,-0.014901072,-0.022471063,-0.023559323,-0.1146025,0.26944563,0.52380604,-0.046726502,-0.016906984,-0.07931463,0.07177325,-0.04905507,-0.032752614,0.11156586,0.57714283,-0.011861268,0.019395214,-0.016317561,-0.07351631,0.7690523,-0.024908584,0.011334965,-0.014995862,0.81244594,-0.0099891275,0.011602849,0.03177933,-0.026431475,-0.06238962,-0.029279087,-0.016612997,-0.026233489,0.2517401,-0.037567705,0.45687252,-0.022014357,-0.01272055,0.020895852,-0.039722655,-0.029905245,-0.04062844,-0.03439363,0.10848189,1.4376009,-0.035249118,-0.02099675,-0.030636445,-0.010155947,-0.03948748,-0.044740386,0.50672793,0.036394607,0.23710425,-0.02090064,-0.007844891,1.166143,0.18603092,7.1343966e-05
TCGA-AB-2981,0.47895324,-0.011771714,0.024183074,0.048890263,-0.014267542,-0.012270458,-0.024366347,-0.015553538,-0.019645814,-0.0134784235,-0.006851636,0.47189847,0.35607758,-5.5764103e-05,-0.005782781,-0.058193088,-0.011193623,0.026084296,0.043090496,-0.009121167,0.6914586,-0.022848029,-0.03022885,-0.012020148,-0.037623413,0.77312815,-0.016066268,-0.0076093413,-0.020696998,0.64060265,-0.019740049,-0.019585192,0.26791096,0.03551656,-0.010749735,-0.016698904,-0.0075205276,-0.013651935,-0.018004047,-0.011180883,0.10019359,0.009886093,0.0032289494,-0.0108036185,0.05947508,-0.019000998,-0.019095214,-0.009121473,-0.01958131,1.1103733,-0.008528527,-0.021352984,-0.014584498,-0.012272049,-0.011959447,-0.012710828,0.49292842,-0.029611683,-0.015089415,-0.017578915,-0.018855294,0.7311224,-0.0066074794,-0.008642686
TCGA-AB-2983,0.6256138,-0.028244816,-0.008206696,-0.015367516,-0.014698723,-0.020807277,-0.020271039,-0.027299978,-0.027073229,-0.01721586,-0.042885683,0.6755234,0.49433354,-0.0069782417,-0.01619471,-0.08783593,-0.009584023,-0.00017833983,-0.012269159,-0.017255902,0.83321595,-0.02850177,-0.035221417,-0.025717841,-0.0518263,1.1321236,-0.026754534,-0.017227855,-0.0233296,0.80607194,-0.010773317,-0.015658326,0.31104314,0.03371823,-0.018656675,-0.025074828,-0.014448055,-0.01209428,-0.010550353,-0.017106555,0.17460537,-0.013139752,0.0016057985,-0.011441643,0.01962233,-0.024075322,-0.024158165,-0.020589061,-0.025413945,1.5716848,-0.0244332,-0.020183021,-0.02900295,-0.00966553,-0.020536989,0.060938008,0.7101779,-0.047726907,-0.017529588,-0.026429564,-0.02859125,1.1766157,0.00070166774,-0.01589324
TCGA-AB-2984,0.74056494,-0.05421786,-0.023447983,-0.01232569,-0.020985642,-0.016097186,-0.02041554,-0.014979145,-0.024651458,0.26694983,-0.040939867,0.6330718,0.4647687,-0.00862259,-0.018552085,-0.10090047,-0.009211561,-0.029575817,-0.027345847,-0.015193244,0.56936747,-0.03497411,-0.043720577,-0.020349372,-0.057836056,0.80007625,-0.035157822,-0.011210974,-0.017950928,0.8738457,-0.013355491,-0.011764962,0.2552049,-0.0061538685,-0.018888883,0.0040455437,0.07132439,-0.023586836,-0.014331089,-0.03670189,0.36269897,-4.7332607e-05,0.1314161,-0.027697382,0.02935553,-0.023790902,-0.025371112,-0.023472836,-0.0121287955,1.3062731,-0.037090685,-0.019282665,-0.019508112,-0.017074613,0.011023948,-0.022972725,0.46920186,-0.016153242,0.0071006967,-0.020471001,-0.023759877,1.2247541,-0.009507233,-0.0023745042
TCGA-AB-2986,0.5900323,-0.016136674,0.013054066,0.006567195,-0.016822109,0.02738465,-0.019792192,-0.010576511,0.009484842,0.037924275,-0.035557095,0.52857614,0.33305043,-0.0085336,-0.018034939,-0.05744651,0.070142984,0.0713927,-0.019334476,-0.015241588,0.693537,-0.030971838,-0.030590583,-0.012051286,-0.047081444,0.7912407,-0.020476656,0.0022269324,-0.02326908,0.82064044,-0.019342463,-0.021007422,0.38688582,0.032800827,-0.014605518,-0.010643815,0.13786578,-0.01386855,-0.030064333,-0.024013482,0.1610888,-0.012423946,0.08153864,-0.010637226,0.047026012,-0.0101321,-0.030613255,-0.016516505,-0.021652535,1.1826398,-0.025958087,-0.024983797,-0.0152095575,-0.0158925,-0.009765261,-0.018018007,0.46647486,-0.028606962,-0.0119395,-0.017233774,-0.0024015857,0.908106,-0.0077027497,-0.020630963
TCGA-AB-2987,0.5426217,-0.015349589,0.03196629,0.053071942,-0.013836907,0.010246972,-0.020955108,-0.023972474,-0.019549634,-0.017107524,-0.029730547,0.4903223,0.37845898,-0.0060441704,-0.012922067,-0.05741392,-0.02127206,0.018036671,0.025391366,-0.004979508,0.7000102,-0.01052361,-0.023294361,-0.017065901,-0.04244723,0.93821883,-0.021799248,-0.02579461,-0.021104632,0.737916,-0.0069348267,-0.017738502,0.21438894,0.044203393,-0.022058818,-0.014055103,-0.011639735,-0.015291233,-0.021058546,-0.012384563,0.121335804,-0.008313857,0.058519907,-0.021272387,0.022898555,-0.01613487,-0.016939841,-0.013923642,-0.010823421,1.249177,-0.011267056,-0.0053201066,-0.01592856,-0.011540157,-0.009793354,-0.009437503,0.64023566,-0.043840177,-0.019561537,-0.012717382,-0.023795798,0.8571458,-0.016706701,-0.018860482
TCGA-AB-2988,0.62082875,-0.02455847,0.021276155,-0.0075699287,-0.016510924,-0.015300501,-0.011662726,-0.01113184,-0.024711981,0.019848272,-0.037633933,0.6020148,0.35995042,-0.0086971,0.028843505,-0.06892295,0.002080973,0.13706107,-0.0055052442,-0.023636159,0.7178694,-0.023939254,-0.026603203,-0.008751584,-0.04734579,0.9045108,-0.015887592,0.0043658665,-0.021682082,0.80445623,-0.023790622,-0.014556205,0.37810034,0.05581666,-0.010184918,-0.009333835,0.038244274,-0.023799263,-0.021046592,-0.022829909,0.14293474,-0.0062013413,0.022141196,-0.01860518,0.058333702,-0.022613604,-0.016966032,-0.010833569,-0.024157383,1.3257856,-0.017435603,-0.012969565,-0.01931427,-0.004566187,-0.010623851,-0.0029826863,0.5700201,-0.03928543,-0.019612448,-0.011993144,-0.0012027421,0.8700588,-0.01536197,-0.009091191
TCGA-AB-2990,0.62869817,-0.05356816,-0.010722649,-0.0175166,-0.018176284,-0.018980684,-0.0041013584,-0.012540187,-0.021590665,0.12341051,-0.053555463,0.514977,0.4760127,-0.009510082,-0.022622667,-0.10410126,0.009673858,-0.02357576,-0.024012327,-0.017819505,0.68269217,-0.03857525,-0.047925595,-0.021467078,-0.05381284,0.837047,-0.0181522,0.007100855,0.022883283,0.8669034,-0.015671235,-0.009229555,0.21998493,-0.0028613247,-0.022589302,0.02445908,0.037816323,-0.018544793,-0.009030664,-0.040007308,0.23199224,0.0021738813,0.05999498,-0.022970498,-0.015611547,-0.025384646,-0.01900318,-0.024743732,-0.019465163,1.289752,-0.0314609,-0.010573591,-0.016693357,-0.025353607,-0.019163204,-0.006153875,0.536708,-0.02220061,-0.007808618,-0.023992581,-0.020067137,1.1215456,0.008790341,-0.009312549
TCGA-AB-2991,1.0089788,-0.07397403,-0.046422742,-0.021518743,-0.021652225,-0.0046437103,-0.07692877,-0.007800689,-0.029709797,-0.011502969,-0.13435495,0.21063128,0.49458647,-0.047715895,-0.01895386,-0.10020215,-0.01368582,-0.0656621,-0.05098833,-0.009609289,0.58011913,-0.007815735,-0.019751992,-0.009717561,-0.09546235,0.62048894,-0.025101572,-0.006613782,-0.01382231,0.9553647,-0.005706344,0.19569045,0.008757761,-0.030635558,-0.034414716,-0.026293578,-0.03170548,-0.030121733,0.56097436,-0.04896781,0.509389,-0.019466646,-0.009323155,0.006307436,-0.055610374,-0.0131837865,-0.041363057,-0.0149559155,0.13938658,1.2984829,-0.031287663,-0.020143732,-0.042081952,-0.016775014,-0.042156935,-0.05357208,0.47260764,0.17906766,0.34665704,-0.02163795,0.022600356,1.3137662,0.21377476,-0.0120253125
TCGA-AB-2992,0.62739813,-0.03472458,-0.016138017,-0.006781388,-0.019828018,-0.018162064,-0.018266048,-0.008814421,-0.029214421,0.02667154,-0.038429245,0.592995,0.29191566,-0.017323159,-0.009590897,-0.0755188,-0.013552909,-0.0076060956,-0.01849806,-0.018240515,0.7269696,0.0058579375,-0.048403826,-0.019643862,-0.051900364,0.9691156,-0.018619876,-0.02445603,-0.019171122,0.78148913,-0.018065862,-0.014510765,0.251769,-0.011026792,-0.020045424,-0.017198658,-0.011688141,-0.015494964,0.0046193684,-0.0122416485,0.2815709,-0.017460845,-0.015082737,-0.017959166,-0.0021840064,-0.0176647,-0.014613392,-0.013976641,-0.026789336,1.3256602,-0.02515283,0.023162307,-0.0012244256,-0.021805022,-0.022467557,0.04993339,0.6516315,-0.030999351,0.041193888,-0.016144104,-0.030285448,1.0267671,-0.012004095,-0.013779562
TCGA-AB-2995,0.62370676,0.003156704,-0.009209329,-0.016272435,-0.0156712,-0.015274258,-0.019739375,-0.021822972,-0.019867651,-0.0169813,-0.053749043,0.64256763,0.3534271,-0.0073766448,-0.015205404,-0.06912045,-0.01296944,-0.00884224,-0.010390972,-0.009375175,0.7179333,0.029419243,-0.03231964,-0.015948273,-0.031477846,0.9933083,-0.016178783,-0.013719035,-0.010398435,0.74814224,-0.021213045,-0.014443119,0.26006114,0.03864691,-0.013025822,-0.0143539915,-0.01077305,-0.013893988,-0.015408138,-0.021363506,0.33081436,-0.02068082,0.050695103,-0.0042345803,0.025226258,-0.015897702,-0.019696549,-0.019834721,-0.016189689,1.3657061,-0.018705739,0.006955739,-0.021322854,-0.016989034,-0.015204751,-0.011776119,0.57565653,-0.029682674,-0.01639685,-0.013967869,0.016802838,0.9696792,-0.0023808056,-0.02139629
TCGA-AB-2996,0.6247078,-0.019065812,-0.0020762682,-0.019992463,-0.022724222,-0.014061855,-0.015816819,-0.022203993,-0.015395533,-0.015192542,-0.056267023,0.59350085,0.41015655,-0.013632236,-0.009175219,-0.077886775,-0.0059492006,0.0022957912,-0.005968598,-0.015603671,0.6894673,-0.014578749,-0.044431936,-0.015232355,-0.048172828,0.8875928,-0.015040763,0.009105103,-0.012020261,0.7263983,-0.018676432,0.0133409,0.18248966,0.013592052,-0.012102366,0.019340886,-0.012585899,-0.021458726,-0.014073884,-0.013718957,0.21898189,-0.010331998,-0.008154622,-0.024364175,-0.010104295,-0.011630702,-0.012069471,-0.018834323,-0.010653883,1.3605925,-0.019387644,0.016998619,-0.019752994,-0.020961463,-0.02497336,0.010525141,0.5443857,-0.03397258,0.011979196,-0.025335908,-0.023879189,1.0257077,0.029067686,-0.026177222
TCGA-AB-2998,0.97507346,-0.08844231,-0.012229037,-0.0065891836,-0.015548773,-0.012116492,-0.046851438,-0.010891324,-0.027979959,-0.004434539,-0.065522276,0.35798216,0.5468644,-0.026838984,-0.02649715,-0.08355814,0.014811272,-0.055614408,-0.028577387,-0.014550509,0.5141685,0.002411358,-0.012996389,-0.019030023,-0.061424993,0.6247097,-0.0237288,-0.0053301146,-0.027998071,1.0087367,-0.002880201,0.19108677,0.06754071,0.0081496565,-0.020709261,0.036197122,-0.008067987,-0.022163918,0.35703948,-0.051873457,0.33863977,0.0024699378,-0.015893225,-0.02713336,-0.046963528,-0.021990962,0.0030766279,-0.033537943,-0.010701086,1.3623347,-0.024961151,-0.015619764,-0.024660539,-0.012971891,-0.03741072,-0.029997155,0.52043575,-0.012702115,0.18698747,-0.022745054,-0.0113817565,1.3501285,0.19173357,0.21870941
TCGA-AB-2999,1.0614153,-0.07374434,-0.02519581,-0.014198489,-0.014762929,0.021616915,-0.06328968,-0.014470205,-0.029370772,0.008931514,-0.10037705,0.24429822,0.53648365,-0.04593847,-0.022615705,-0.09638934,0.04611215,-0.06003202,-0.054984607,0.07184805,0.6534238,-0.015219342,-0.016120275,-0.019482434,-0.07462056,0.5663122,-0.016019922,-0.0030965442,-0.013118267,0.9366653,-0.015004961,0.103567824,0.02286956,-0.022969667,-0.032516375,-0.013632281,-0.0090395985,-0.024909016,0.49177742,-0.0389934,0.38126484,-0.0009319135,-0.006559392,-0.015327103,-0.055766314,-0.016231649,-0.030837953,-0.024719652,0.12924637,1.2845206,-0.03215467,-0.02241698,-0.028485086,0.02394807,-0.04462352,-0.04185089,0.47132128,0.19374251,0.24041465,-0.020831792,0.018824354,1.3204908,0.27703696,0.006156978
TCGA-AB-3000,0.74985445,-0.059130438,0.018952869,-0.018538438,-0.01847624,-0.018315071,-0.011635205,-0.0027241786,-0.027964555,0.08468759,-0.05264593,0.45992637,0.49981672,0.031700402,-0.022959856,-0.08232224,-0.020705396,-0.04876821,-0.009535588,-0.010532312,0.73329407,-0.013999807,-0.026649069,-0.009519884,-0.06538956,1.0263658,-0.008940717,0.014981736,-0.01140891,0.88790625,-0.005397645,-0.013359586,0.18813181,0.14712149,-0.012791553,-0.016000744,-0.0059107128,-0.020056026,-0.0067019374,-0.031688903,0.19764791,-0.002789342,-0.010684625,-0.017231245,0.028436583,0.022086177,-0.015809529,-0.01651422,-0.024078226,1.5289563,-0.009894448,-0.018168826,-0.0186502,-0.006953957,-0.025872663,-0.014586285,0.49749368,-0.032476526,0.0084267035,-0.018767782,-0.02783663,1.272835,-0.0088794585,-0.01183514
TCGA-AB-3001,0.98693717,-0.078845315,-0.05131683,-0.01880913,-0.016878195,0.018863376,-0.075094625,-0.016223975,-0.01463796,-0.005908208,-0.15237956,0.12444545,0.6174809,-0.03963448,-0.022817045,-0.10323921,-0.0179329,-0.057755277,-0.05472184,0.13167109,0.6623118,-0.016911399,-0.024054741,-0.008419184,-0.09262723,0.7523539,-0.029524473,-0.010388936,-0.016939985,0.90561134,-0.016970176,0.12911917,-0.008523529,-0.022444714,-0.046143074,-0.027036153,-0.030742023,-0.033027768,0.5766001,-0.027882198,0.47804067,-0.029423662,-0.006424986,-0.0015032764,-0.047481403,-0.025021603,-0.047178492,-0.03180972,0.14335714,1.3293257,-0.024359662,-0.020403158,-0.03655979,-0.010631368,-0.04303759,-0.050097514,0.5971168,0.0012580907,0.13377722,-0.020335618,-0.018650936,1.2238317,0.16405511,-0.019929875
TCGA-AB-3002,0.6731487,-0.044466943,-0.017920652,-0.021746945,-0.024017407,-0.016427683,-0.029349584,-0.020984812,-0.0134157585,0.0037130727,-0.0423735,0.6502064,0.5065396,0.03453127,-0.013701855,-0.09314914,-0.0115824025,-0.0010745805,-0.0107836835,-0.01979687,0.7632082,-0.0026948375,-0.041726865,0.05454591,-0.062392306,1.206133,-0.021905087,-0.026457794,0.006802362,0.8432002,-0.0018174953,-0.014127737,0.22650868,-0.0012191056,-0.01822136,-0.012076608,-0.028508214,-0.008584749,-0.019493282,-0.032424904,0.2829364,-0.029822811,0.017734775,-0.013202366,0.062388904,-0.021558378,-0.020991504,-0.008505852,-0.021761594,1.6894042,-0.01739578,-0.018139424,-0.006704339,-0.014132237,-0.024866471,-0.015800787,0.74883395,-0.040613122,-0.02199881,-0.016344588,-0.036132816,1.2147741,-0.017806865,-0.020533161
TCGA-AB-3007,0.9893781,-0.09356646,-0.028169546,-0.02565299,-0.025085486,-0.01855777,-0.06807759,-0.016180914,-0.027294762,-0.0011008969,-0.10947014,0.2613361,0.53525126,-0.036940947,-0.021299595,-0.099568665,-0.013573678,-0.06259713,-0.04323504,-0.018938947,0.6603172,-0.0003074878,-0.02075553,-0.023857936,-0.07866595,0.65385586,-0.016760604,0.017511532,-0.023380304,0.95762247,0.01589109,0.1833638,0.008565163,0.004917957,-0.033081032,-0.0066080317,0.060967784,-0.024731439,0.4842977,-0.041441992,0.43146056,-0.018272728,-0.013527958,-0.014307991,-0.057370886,-0.01618279,-0.029291978,-0.024036609,0.059581682,1.3952736,-0.025727,-0.024019387,-0.031263236,0.04445446,-0.05084822,-0.028546523,0.50620675,0.045464072,0.15780088,-0.020625027,-0.014478322,1.3429673,0.18732649,0.007417135
TCGA-AB-3008,0.6808733,-0.051624812,0.011976428,-0.024512285,-0.014388416,-0.015089577,-0.016841158,0.00097275805,-0.018344227,0.052551597,-0.04540575,0.53669083,0.4785474,0.002691833,-0.032357574,-0.07015291,-0.012871707,-0.02683254,-0.014335632,-0.011871232,0.7416962,-0.004215909,-0.02183643,-0.003352106,-0.061329275,0.94685256,-0.0066844756,0.014864927,-0.009045964,0.8745023,-0.0074074566,-0.01968322,0.1468662,0.14364201,-0.02036459,-0.013463552,-0.008550575,-0.014157044,-0.025013767,-0.023232518,0.3607034,-0.010931259,-0.01033413,-0.0053675505,0.05310988,0.033348724,-0.014771745,-0.004350082,-0.023655372,1.4571168,0.01941952,-0.028860476,-0.021629032,-0.013417175,-0.0177497,-0.014951188,0.44364524,-0.03177382,0.02370613,-0.014802054,-0.021846553,1.2547326,-0.006507951,-0.02468729
TCGA-AB-3009,0.73597145,-0.06563314,0.01775941,-0.0243027,-0.025285857,-0.016497489,-0.012724724,-0.013762792,-0.019205134,0.032141306,-0.06378721,0.40341148,0.51110566,0.012008966,-0.028742315,-0.09701292,-0.034203522,-0.038131136,-0.01951937,-0.018790124,0.8077401,-0.015413473,-0.033869624,0.06177804,-0.06715201,1.2032135,-0.020188099,-0.016500043,0.0032209053,0.6390709,-0.011110073,-0.011515053,0.2512814,-0.00010143849,-0.022981973,0.11758925,-0.022576433,-0.02513963,0.017326152,-0.046806116,0.26678804,0.013101531,0.027815498,0.053853627,-0.023022551,-0.024116665,-0.0057791453,-0.026956674,-0.017114189,1.407135,-0.016475912,0.011702916,-0.028575623,-0.028117105,-0.030968426,-0.017511064,0.6081832,-0.03832045,-0.0016195113,0.006414367,-0.037230693,1.1338311,-0.013503483,-0.0010372964
TCGA-AB-3011,0.61144376,-0.04258906,-0.010574656,-0.018023353,-0.01794137,-0.02892223,-0.01581853,0.00025323918,-0.0112052625,0.16780359,-0.054611947,0.5616119,0.35906592,-0.015486452,-0.012059356,-0.0923935,-0.01604132,-0.02195177,-0.02323243,-0.025770733,0.7234856,-0.021435203,-0.03101011,-0.008748898,-0.06383696,0.9156669,-0.023140501,-0.017522082,0.03342256,0.8264376,-0.0071961414,-0.011444842,0.26578265,-0.0063739493,0.01278154,0.027143277,0.08501696,-0.009705899,-0.011854503,-0.02557483,0.2737547,-0.0068446533,0.1259419,-0.018356416,-0.004541709,0.0052987197,-0.016595177,-0.017201213,-0.018169537,1.2662786,-0.0042198533,-0.025325824,-0.022274341,-0.021715902,-0.0144864395,-0.0011283169,0.51204133,-0.034017093,0.008752689,-0.025981037,0.020824492,0.95496166,0.022595525,-0.01624484
TCGA-AB-3012,1.0892653,-0.06998555,-0.060699865,-0.014280255,-0.01934734,0.04597187,-0.0892376,-0.01371704,-0.013325504,0.004672519,-0.15788184,0.122738406,0.5168691,-0.05493163,-0.02149282,-0.107445344,-0.015085374,-0.06337664,-0.05162055,0.1441936,0.48673618,-0.018251214,-0.025764441,-0.008112088,-0.09198088,0.60903335,-0.023801856,-0.0068748808,-0.010292052,0.90400875,-0.023579482,0.056354795,-0.0006634905,-0.039851658,-0.04846134,-0.030167583,-0.036781225,-0.026689522,0.65372396,-0.03242974,0.41781446,-0.01836683,0.0059207045,-0.0051306225,-0.06440907,-0.024387814,-0.04923249,-0.029896637,0.21424475,1.2337974,-0.04407718,-0.016194617,-0.03587589,-0.02056396,-0.039026372,-0.06393253,0.51392514,0.10735425,0.3149218,-0.020747859,-0.01058298,1.1719563,0.21992663,-0.016640682
