patient_id,f0,f1,f2,f3,f4,f5,f6,f7,f8,f9,f10,f11,f12,f13,f14,f15,f16,f17,f18,f19,f20,f21,f22,f23,f24,f25,f26,f27,f28,f29,f30,f31,f32,f33,f34,f35,f36,f37,f38,f39,f40,f41,f42,f43,f44,f45,f46,f47,f48,f49,f50,f51,f52,f53,f54,f55,f56,f57,f58,f59,f60,f61,f62,f63,f64,f65,f66,f67,f68,f69,f70,f71,f72,f73,f74,f75,f76,f77,f78,f79,f80,f81,f82,f83,f84,f85,f86,f87,f88,f89,f90,f91,f92,f93,f94,f95,f96,f97,f98,f99,f100,f101,f102,f103,f104,f105,f106,f107,f108,f109,f110,f111,f112,f113,f114,f115,f116,f117,f118,f119,f120,f121,f122,f123,f124,f125,f126,f127,f128,f129,f130,f131,f132,f133,f134,f135,f136,f137,f138,f139,f140,f141,f142,f143,f144,f145,f146,f147,f148,f149,f150,f151,f152,f153,f154,f155,f156,f157,f158,f159,f160,f161,f162,f163,f164,f165,f166,f167,f168,f169,f170,f171,f172,f173,f174,f175,f176,f177,f178,f179,f180,f181,f182,f183,f184,f185,f186,f187,f188,f189,f190,f191,f192,f193,f194,f195,f196,f197,f198,f199
TARGET-10-PANSHK,0.0025354736495967816,0.0886822047502333,0.21627720108162593,0.21473087786965112,0.492592456265045,0.04286559725502973,0.0008108254180311491,0.5685725578025164,0.06932707466375036,0.01805941654651244,0.20375315778743772,0.10145036955756004,0.030062310482936505,0.027846041049899597,0.10252155911513716,0.10606298292171652,0.02987890164047447,0.08213043222803294,0.17753409342991416,0.16534797824776953,0.1399440158668153,0.15871928099487037,0.3011103502690255,0.12078113901170784,0.4037030245926954,0.2700741573215914,0.08610188229386,0.26645258305851854,0.41078833431017336,0.2779250445804078,0.16260085235952426,0.0018019232327320383,0.39237257462417924,0.1268714000481876,0.3055102609974691,0.2980637570561757,0.2583751847086612,0.1413815556993232,0.2640551237013169,0.46637473200540075,0.207133008356043,0.024392027131014044,0.37915788182659116,0.007827216658448523,0.45787804068616034,0.1852347605653226,0.1004247754196109,0.03630030425654701,0.10888973488829973,0.0961633775487875,0.028044621323164223,0.34011675418257376,0.07485176618259917,0.3421871028820225,0.4986941267971048,0.0,0.04189148659449579,0.06085687151589003,0.26999750312816306,0.008039349986233376,0.3704991857257315,0.11790521680481375,0.028577064836686483,0.10424621518934762,0.11914450182685837,0.07772823570566066,0.044346633999543424,0.167425085793183,0.06856826314484521,0.08591746688066476,0.33688906631426235,0.13562261745606646,0.08870432753934936,0.049092788793071405,0.25503885054872477,0.1704253574283588,0.36486669281048145,0.01187396457514371,0.12366682892762923,0.16664361462980506,0.0,0.12192999794891017,0.05721629887176689,0.22097211216718868,0.13464817641948135,0.44357135767380984,0.11852652649270906,0.11385980965536195,0.019461482839408316,0.03949643471158895,0.07940985827307209,0.0013043162156308687,0.06507170788553084,0.07727835184305931,0.17530053728994138,1.0,0.07884166858609355,0.0,0.008709295298707363,0.00857863045418778,0.022725506806458195,0.0,0.03641259892982915,0.0,0.18452136497474517,0.04815699311010428,0.0,0.0,0.0,0.03377831410932596,0.22982308750803992,0.04136818243677112,1.0,0.031419741673148566,0.05415985863412896,0.05199536002993688,0.12444922370809512,0.0644142319173076,0.06433961870560162,0.05465623609575464,0.06666003817030615,0.29526799764819456,0.2078520552401446,0.21686955530228358,0.45535992229983857,0.005072655187405865,0.06564452626465679,0.1305681558824677,0.0,0.21669839922505751,0.36149171850973766,0.017326035149926245,0.6429491002202506,0.27656284439884743,0.26433613926708016,0.0,0.12004498960411197,0.11146191778920654,0.059282999642137305,0.05064004291304547,0.032580747409411574,0.0495194052073206,0.30354495451870395,0.0,0.13575207864101135,0.025735893329078743,0.6957403654459853,0.0,0.007367831080321794,0.4265371292849061,0.052611669606797015,0.10610173415863136,0.08776589700078585,0.5719737413851536,0.1175615885913071,0.054792474458285646,0.18236847284997426,0.10868065370873763,0.0,0.40393001694700775,0.4201927961967049,0.026127881842368365,0.15701820569892258,0.3048553750324927,0.035006968562540354,0.017987652600681678,0.17974268545080682,0.09731333476186353,0.20671280174880008,0.02298232922157439,0.00405813137922464,0.0,0.01791729213633414,0.08300670614381789,0.4154999431605159,0.013865445808249562,0.0,0.0,0.0,0.0693272290412478,0.0865190169336919,0.0,0.017369256003794752,0.040315641096139304,0.0810894419457612,0.055961332176530536,0.08469276430044874,0.26326529990130765,0.0,0.05661457986642703,0.0,0.0,0.04479688472098497,0.0,0.07548045972541258,0.017753087752812213,0.04342792573988679,0.12744201029893154,0.20165769751886475,0.11379037158202907
TARGET-10-PANTSM,0.055713860577639635,0.059668757044106104,0.09587272767639901,0.15921595097170027,0.3156282004880855,0.0,0.002678331517420685,0.04869718265098223,0.17698114186242245,0.05198104938477072,0.06297774615621947,0.20714193351451124,0.014378407118040538,0.0,0.0,0.31660351220812133,0.0057654406849329595,0.004001190134604231,0.13437978364082354,0.11380356117234387,0.05001835483198625,0.1301090322584175,0.09764929493441342,0.04763745045607351,0.34305793573218796,0.9236539060457383,0.009500316823454324,0.11557459545609387,0.39820055658097864,0.05127426596887341,0.20037876893851447,0.008838651014998837,0.28395393185348605,0.0204121947565235,0.14750120778561435,0.16042597302728734,0.0466342105759677,0.06671311505402311,0.5866592490010191,0.26554747299094483,0.126830633575706,0.15951373922842135,0.6932077824561665,0.0062430747769390785,0.1711808520230154,0.04574482457211927,0.1724777716486904,0.12513694259194819,0.12743543351222136,0.09572959560425522,0.028916673913135654,0.1529336520274684,0.2904944120073392,0.3552449702660495,0.3893049832767225,0.0,0.07182767389964952,0.0807299854076639,0.2094589002871049,0.04687400979668004,0.20952567960583177,0.04271681191104643,0.0,0.0835402075458854,0.17352109256955423,0.22073671052344593,0.003493450155753124,0.022548458629553812,0.04333174133355038,0.0,0.005512296381095948,0.028645744241132157,0.3230381974365562,0.24970319707582977,0.03354930352245205,0.07776399611747845,0.10704046878280823,0.4659459446882176,0.2836409194323357,0.09867889756658585,0.017165038881629423,0.17088076155320558,0.0,0.0,0.6671856293949124,0.9475909588718567,0.6004047702501257,0.45663317114207536,0.06103856286639033,0.06689333678464433,0.04213669194813484,0.0,0.12166693306887978,0.03081692275866372,0.13159309616516654,0.06072153702719021,0.03484343857556089,0.0,0.0,0.1262376544025875,0.08287799587611816,0.013449977008040697,0.1932135807522332,0.25840030073883435,0.010041888884999184,0.19164891021688427,0.010189056360818596,0.09316147061323371,0.0,0.03647213081270877,0.10351290702544556,0.0,0.0,0.6012865407825928,0.0,0.03539622837248449,0.06526694239539299,0.03995085513930479,0.22349668790979907,0.015317770274743594,0.03593962242544535,1.0,0.059340970012075174,0.07449127179098934,0.26233130941666055,0.021126436263093885,0.028560944079504394,0.020177956547536836,0.0,0.11398708298211382,0.13243836648295362,0.20899100680176783,0.2093471636168175,0.05968484625033564,0.15341077066673767,0.08772874599708601,0.14713511400768617,0.17033250776966455,0.19829312004999328,0.010498658745865306,0.010459644356679489,0.039414207087620876,0.1240772384431184,0.0,0.039875882443922664,0.06311883202429149,0.43169288002221134,0.13481210827603435,0.0006014470054051109,0.14111319058439434,0.03372287265811019,0.8254189462757655,0.07164537501922032,0.4220380797677693,0.04762788540953121,0.006607756148326514,0.12004737554827129,0.016003260517720486,0.0,0.12568221025700974,0.1968700752313543,0.05884027197256443,0.05600745866639823,0.4324997341724781,0.07634914325810159,0.055743769022677324,0.15082863052559076,0.0,0.4384221396839805,0.10351290702544556,0.018277911351143143,0.08613350668233206,0.04034993531715341,0.12602288274207363,0.22386243077061327,0.08084348159542351,0.1516363593168798,0.0,0.11041378560137903,0.0,0.05482917690318772,0.0,0.04608254577668201,0.025407204438002304,0.03977538575102907,0.060424242044464734,0.09638090656921142,0.035735521982182904,0.0,0.0751026456403212,0.0,0.0,0.03584496773154728,0.0,0.4481616320674156,0.047652952756329386,0.04665914959048696,0.030078037606990442,0.7439185695164134,0.015727319233894786
TARGET-10-PANUHA,0.031167610416766252,0.3195775178361851,0.21674321588165438,0.12241451407871924,0.301284783085052,0.0,0.035605993304436215,0.0,0.0,0.037421558732365294,1.0,0.08806132257589636,0.029884439757703964,0.0,0.0,0.020476791178305507,0.004793940386078869,0.006566458079672221,0.4298932672387667,0.03486356564717544,0.015776669765038612,0.38217686482580165,0.9019483514508807,0.008041985002129735,0.045770583192800425,0.07911438275977187,0.0501325578581763,0.26171862982293276,0.07740538650507825,0.1353909221328876,0.284321438052208,0.0,0.04036209165322244,1.0,0.05054429466537258,0.20451377372711146,0.047140689067938016,0.6103513862729762,0.04840816636463503,0.04915746081413565,0.3150833834715173,0.16047093491509315,0.05673233138739385,0.09874172649358941,0.0460999617154084,0.01210086055576361,0.1473089604238295,0.07408959725237746,0.14502082411117023,0.010978705562871713,0.08727986113471571,0.03122217857150892,0.32316243403928485,0.20962294337496803,0.026196371871439375,0.0,0.6761648198290383,0.7882230307393089,0.10285400231579557,0.10412629919151074,0.16381445361610775,0.09173602515055579,0.37013266677527085,0.049469401707564045,0.8210753227209512,0.4696577797202465,0.0,1.0000000000000002,0.18081043936854782,0.22174244070575083,0.007542871003472159,0.5771688144785723,0.37803310297991566,0.15896360135748802,0.3689498459237831,1.0,0.07213833336454756,0.0,0.2738389025236276,0.14015482910999774,0.0,0.0,0.3176019247366017,0.3735520871734555,0.1583548660390653,0.23716422445604513,0.30703375408043043,0.0,0.08402228131682161,0.6531222736485195,0.0,0.0,0.5745271668547908,0.08534494386105423,0.0,0.0,0.18706914526943091,0.0,0.0,1.0,0.31536748194373904,0.0,0.0,0.0,0.04086048046873544,0.31186681322216564,0.0,0.35720265517290506,0.0,1.0,0.8930070620063729,0.17860145041104475,0.8277744365225228,0.0,0.0,0.7183454807840154,0.2803266255708256,0.05058267026559912,1.0,0.008977844454284923,0.11071590305931756,0.0,0.0754967514299822,0.0,0.0,0.10512249759589629,0.04647670890803108,0.07036113430271485,0.0,1.0,0.0,0.0,0.3719027964209154,0.0,0.05745677439820098,0.0,0.5231372848134236,0.3602757892415907,0.5100323992021935,0.0,0.03785710613000162,0.06413802795009002,0.0,0.0,0.0,1.0,0.23974157493805803,0.0,0.0,0.0,0.004835141532757176,0.011088148999452775,0.05601482382554355,0.4030105291193945,0.01541745317359861,1.0,0.0,0.1840803791801335,0.0,0.33186653679793093,0.0,0.0,0.4446682493566366,0.4302905545776946,0.13060388130556888,0.31276701957153275,0.5522411375404005,0.1547107768984113,0.0,0.29766915714059367,0.10512247952264643,0.21024513402979453,0.23206634963081463,0.8058473189283322,0.2677687224718276,0.08979323913012603,0.24675511118351387,0.0,0.0,0.0,0.09922303883905091,0.0,0.22496813725717713,0.036531427944364994,0.10502785468040249,0.10354529105116574,0.027053609918749322,0.05404972630826939,0.4204901464655958,0.0,0.3478696269389048,0.78186025829423,0.2684262968944766,0.0,0.0,0.012948703970235339,0.11866444597240794,0.2818168154430188,0.26534546278674936,0.09045321969913746
TARGET-10-PANUSN,0.011689924218506356,0.14259836797631514,0.298568681824422,0.4444172254347016,0.38367893754759874,0.0,0.0016871377039203946,0.03732832399378879,0.05983841616097744,0.0524706697425204,0.1404686426294182,0.19142926796421522,0.13039174039720897,0.0,0.012381509835699432,0.34777341896299363,0.2072112693791787,0.06401402869552728,0.08632895341900337,0.12942897491558436,0.340698386086366,0.1257817184157765,0.23776200266608746,0.2639720556288093,0.43122333809606955,0.3455391530870602,1.0,0.45523236023479713,0.4728729017207548,0.41340907533455784,0.307930419406432,0.0266389927398555,0.5840359638783066,0.11198133918167569,0.3071349026026362,0.44688284392717276,0.04120135371286913,0.15517053287269647,0.23114349142019158,0.2985226575869094,0.21513036770489424,0.14256975924580972,0.291012442006936,0.3396173650746844,0.20275926778150621,0.5068307876399782,0.07724634600940186,0.037538695793800494,0.24557406299525036,0.10957133969423462,0.25483658360927264,0.3020277198686995,0.16852896048757593,0.15684652564779178,0.4008697722760825,0.0,0.05969096403665392,0.0,1.0,0.0,0.191739397085556,0.2277570182664283,0.0,0.04285648043457176,0.07263891705524733,0.06139210030799073,0.14343756954436487,0.290897910636499,0.1308284429611533,0.06732043022953618,0.13053615735921345,0.4383744202307312,0.2145198496280842,0.5466380700966516,0.27588195519762915,0.16749945702927566,0.2737170183672099,0.8242245736037945,0.16283277179929423,0.2858467157073932,0.0181226713366639,0.03006894578637574,0.028220097701670777,0.26760615467387533,0.30224862094847876,0.308194330282957,0.12276468427075901,0.1474137758363169,0.2565576264603176,0.07359538082656317,0.13110511807559427,0.0,0.16568028242840177,0.16096996590800874,0.2017431865462557,0.23272782554689517,0.023845534198629496,0.05075975745486589,0.0,0.0,0.04860609698915563,0.0,0.0,0.05604297095267701,0.500276566610264,0.04156564167180504,0.0,0.11383076146825499,0.0,0.11950236642732615,0.0,0.04760816302065958,0.0,0.176853833511294,0.18698801062656087,0.029919192642738977,0.044666231880481744,0.04959448838876208,0.08885369379951313,0.22458868417589017,0.0961305353029648,0.13331173441864438,0.07515683575357586,0.02488561672717971,0.28533658366421966,0.007005390455213112,0.0950596263128365,0.11847093558714433,0.0,0.24336990928221544,0.5362247593235681,0.1430255567081999,0.1404409191449311,0.15533705501164194,0.24505155161400524,0.2543301215178682,0.18601118808085998,0.15995776930193775,0.25833997200800735,0.06472460239699712,0.04288771285586624,0.2196234706372677,0.0,0.0,0.030566540012308293,0.2124486314833446,0.4723266037475788,0.33174109195714435,0.03719298672888869,0.18852705163194125,0.15691920219543723,0.4476292182293653,0.11820543524347696,0.0945712558269345,0.16508394080085273,0.07121467693777703,0.19342026729773454,0.28638880699054187,0.026256044288929338,0.29014725359829124,0.1299024766216291,0.09020704209356317,0.30267518708431335,0.43714137532879915,0.08503494660277412,0.10423015491500848,0.012267134586489866,0.17302167542758556,0.35684023786848185,0.30008921161740787,0.007005372381963243,0.0,0.20976616823796138,0.20049248776885567,0.4535744792435217,0.10249091179672559,0.0,0.0,0.21596539130353318,0.0,0.389777540074257,0.0,0.0,0.5989928394162521,0.2677561760251122,0.0,0.19294768443977964,0.1467431664166535,0.05604297095267701,0.024432864557173948,0.04636410047114089,0.0,0.1345558886546547,1.0,0.38909195790828993,0.11252438175497367,0.015240991416235816,0.26817184874417227,0.31987083395179,0.3888657763242297
TARGET-10-PANWHJ,0.0009640555591360757,0.2541655801422977,0.35223190299249996,0.282773500544107,0.3423772315191628,0.4113166388368494,0.9999999999999999,0.0,0.0,0.06996992060116651,0.6717454054020197,0.14223879972820017,0.002767472422296484,0.0,0.0,0.02275522122146398,0.0026655341663296985,0.0020606025995592338,0.2098143005759093,0.12252489470418963,0.006271793856131035,0.797527787248924,0.5011536723301723,0.06255762839671217,0.02799917477490311,0.1792134677126932,0.08122900973108325,0.09579434483242542,0.3667556541699578,0.22568356625386027,0.11049643971105154,0.07780657299685406,0.034719721870027496,0.18963914572968243,0.06986254577399122,0.07094000724433862,0.15279248719571928,0.9999999999999999,0.04354323036640917,0.13656781657844508,0.07294632674302116,0.2994934058548069,0.03624546283021883,0.004987666858784131,0.025614725123860607,0.05093766360656571,0.6087185709554923,0.6893793201558706,0.16694071482638506,0.004420720627352447,0.047979357746669976,0.009363007036334454,0.2513842860597096,0.6809779636761338,0.037511046964395556,0.4672775906192617,0.3500213620432107,0.21898207072404438,0.2857459740594114,0.0,0.0,0.025485863726437675,0.0,0.3023560271319537,0.23775738314562012,0.19955619225363838,0.0,0.5353650648044824,0.5555981411821453,0.9196411848741726,0.0,0.16162544891450045,0.13303057187000283,0.0,0.557500894323553,0.7988278882771287,0.019865245155742988,0.0,0.05705787989539123,0.1401747614914179,0.0,0.0,1.0,0.6572684113099195,0.15280198771155362,0.4601528237891998,0.17059851943192808,0.30727776539644314,0.09337134175930227,0.10197548267895082,0.0,0.1501867685462069,0.41133969539593657,0.08124089527085773,0.0,0.0,0.12473048261904923,0.0,0.06267754064748955,0.9260576138831551,0.303730391066089,0.0,0.0,0.23363879530963086,0.023435887234738315,0.34656786681322216,0.0,0.2977113356781367,0.0,0.20836294394098412,0.49618568135116914,0.39694820192166436,0.0,0.1507440857390361,0.0,0.3741914787326472,0.8177356520558974,0.16863287063961913,0.8334519620268979,0.009513224386819064,0.04394112250616421,0.0,0.3104196558340017,0.05187296831013224,0.12591953792413627,0.03650604897214536,0.0,0.2893035618174262,0.0,0.9525164017047163,0.0,0.0,0.17220169286557374,0.0,0.03192496106177192,0.0,0.3138938120225788,0.16601700151395668,0.6780195947562927,0.0,0.0,0.0,0.0,0.0,0.0,0.3704229668818488,0.2664173380754567,0.0,0.001922010827758869,0.10793107547953679,0.001085150755972781,0.006160957150176165,0.08092179933094877,0.0746422241324111,0.055682056029959875,0.21508432386155507,0.0,0.6136885283983169,0.0,0.2253735480106475,0.0,0.0,0.8391284505979736,0.29221418313619135,0.26194713782407936,0.5239652634465033,0.25570353240054033,0.3008693109796022,0.1859545464797757,0.0,0.3212533177064786,0.5840968680065548,0.0,0.526875182024082,0.7935015405587161,0.14967664089385807,0.5484221851157991,0.0,0.0,0.0,0.9923709543280799,1.0,1.0,0.04059623697536685,0.5835707583999215,0.23013316524373467,0.01018873139062786,0.03125768731172024,0.9345546028946112,0.7130107572429345,0.7731528640935335,0.21721438184509548,0.33388359509094073,0.0,0.0,0.0021675792690260902,1.0,0.05965225310792586,0.18284967658230128,0.05025892154672158
TARGET-10-PANWYH,0.001880980694715523,0.06828356632196078,0.20844014520042428,0.18812911117638548,0.49357664117032307,0.0,0.0,0.0,0.0,0.04622934942007453,0.0644584318354678,0.14090251918458985,0.0130805903213184,0.0,0.0,0.26888423267913747,0.0752873645962871,0.06669763698574221,0.18967496762849165,0.21053521336737696,0.10580540299531938,0.12970426878692248,0.07177960517716561,0.1900810817390599,0.7062678397790866,0.3319191387367871,0.13190761655033958,0.18192601945271197,0.2980864267760549,0.118522619436015,0.15502942806597547,0.0,0.5417611947157059,0.06491500275946419,0.5622157814905792,0.5585906747930014,0.7015473934258228,0.05726924010310245,0.39218939896738403,0.12909892288313848,0.0689568922367312,0.02135518067255486,0.5940487343764417,0.04714889031113374,0.2824948238445922,0.16849630794594728,0.17211589915128386,0.046908002696597256,0.04329780035718939,0.12467755365460644,0.009898442040447182,0.4661607648261356,0.45264002873113635,0.31337995212219705,0.5316174455479333,0.0,0.021674013555634315,0.0,0.5402370542853889,0.0,0.0,0.040153362217551954,0.6480364706361489,0.08661214969406796,0.05832367077189989,0.06046230299730677,0.0,0.03983199628292077,0.02161309929988624,0.11115356137149135,0.04302518321787547,0.049267159118920774,0.15443607689194397,0.13915859267969202,0.08529449520955348,0.042977661728532845,0.5100145789452608,0.13463177796091316,0.3146346700195106,0.17177036192520354,0.03967770834997027,0.0,0.0,0.0,0.20878157896771032,0.2859369462060346,0.5375614967842197,0.0,0.1471080710431057,0.009849309926090512,0.0,0.0,0.046142624305905586,0.10943605904014381,0.0,0.7643001139830222,0.0,0.0,0.0,0.0,0.0,0.0,0.0,0.0,0.18343524521117685,0.27301144741427846,0.0,0.0,0.0,0.05471318206227714,0.0,0.0,0.0,0.0,0.0,0.0,0.12270060055243422,0.01771226162437654,0.0,0.026029754936415933,0.055383969519967866,0.21890396857701844,0.6080344747494415,0.0,0.4534589186712692,0.023006361494782104,0.0,0.6529062090254427,0.0,0.3751762974490167,0.33339942217227286,0.1964493889150043,0.16278398252657864,0.0,0.6035793218864808,0.0,0.043605771650423085,0.043295929464104516,0.09948937812805143,0.017619523542172152,0.04971081606871007,0.056147095819642626,0.28680974821936644,0.0,0.06692226754796538,0.0,0.4197448591640787,0.0,0.0,0.5951648906539921,0.04647573390801432,0.06794679608846727,0.2549872326542043,0.5291999531244638,0.060734756840681955,0.08471722738230793,0.1446620230568275,0.08057299332768647,0.0,0.29051969217965196,0.3681600305698847,0.0,0.03670668311836613,0.25112083207269387,0.08406993981060512,0.04173938461757507,0.0,0.0,0.5859488386672994,0.0,0.0,0.0,0.0,0.12131583049967425,0.3125436270662012,0.31442386009199663,0.0,0.0,0.0,0.0,0.08686087875273524,0.0,0.0,0.09594002458410812,0.0,0.18128938887885643,0.15287797784853546,0.2841172652215473,0.0,0.16047994085836062,0.0,0.0,0.027420596320228648,0.0,0.13166598952092834,0.05907054849051135,0.034626729605076456,0.1879661787262039,0.20072365334015418,0.07918368799232045
TARGET-10-PANXPE,0.0032867944520929985,0.10791786941551063,0.3061671213642031,0.18462134587084106,0.42472267167992706,0.0,0.07987709085985756,0.0,0.15303256068425045,0.10484758336649813,0.37382288588282037,0.16319369299833306,0.0,0.0,0.0,0.11865365425759838,0.0054834620606811985,0.0037601355281246395,0.15630038803149401,0.14357092805844368,0.015697427187558604,0.944335450371799,0.3577414100824535,0.11512843075234251,0.1982365690501306,0.4961002255496328,0.03694202005859866,0.2368781722625906,0.5117361483212315,0.36918964959873907,0.13822940138749645,0.0,0.20824751192181754,0.39546174885776947,0.1875186808232143,0.2532641245227728,0.39634802953402093,0.5093788087482354,0.06235184811743896,0.03351117379437081,0.0,0.03991118729619203,0.2733977670945196,0.0,0.031426843522288944,0.12497147429999314,0.4909659729284871,1.0,0.1667664969143547,0.026100670239172594,0.05051667323888386,0.015060523596629212,0.3524853499651528,0.957755833048609,0.07824487482789906,0.0,0.14968536392297405,0.2686702760835297,0.1402333761739011,0.0,0.6700443051721512,0.0,0.0,0.26979070173232056,0.26208259462659167,0.13183505233456091,0.0,0.417532359062734,0.4275311264993482,0.5320713055613076,0.0005468006658273538,0.084278953862684,0.17180620863028753,0.10836728438114784,0.26091704451344155,0.33359126543071055,0.07401199562574542,0.0,0.01166744124913776,0.13376312739604235,0.0,0.0,0.1443418489696826,0.13793787240544125,0.1706858776827983,0.11023444298648828,0.20930823771859072,0.0,0.057278899788042965,0.07907536077758025,0.0,0.0,0.4429557040723399,0.008808736308226768,0.0,0.11903708603100357,0.02550542678070841,0.0,0.0,0.15149138988805272,0.21498946184946605,0.0,0.0,0.0,0.031933204160772846,0.0,0.0,0.730527020673344,0.0,0.12782077303435926,0.40584858098666654,0.36526338751207976,0.0,0.0,0.9564174962938734,0.21424552320695167,0.23887719134550583,1.0,0.9089479503139476,0.005946890754703443,0.0,0.0,0.8234713586542249,0.0,0.15449136597833135,0.0,0.0,0.3357616839230779,0.0,0.5843236249388436,0.0,0.3059631907596948,0.4225503982799388,0.0,0.03916890581070027,0.0,0.2473526422448672,0.24616891306209646,0.4883034782348229,0.0,0.012903808641738266,0.0,0.0,0.0,0.0,0.4544739751569738,0.16343442989991022,0.0,0.0,0.0,0.0033811815763765316,0.007558911343762707,0.06109746276073318,0.22894726959470632,0.036785871912626424,0.19791607509462786,0.5632651307873333,0.1254896758078725,0.0,0.15082471803379208,0.0,0.0,0.2542420984778367,0.1629632196634903,0.21236470835539023,0.3477872759093984,0.18823438711925866,0.369138194123634,0.0,0.0,0.0,0.14332638645703233,0.0,0.29828468911847444,0.9127042507831694,0.061213024273700185,0.5046465613206266,0.14332638645703233,0.0,0.3060651213685009,0.541131094522814,0.13632285515469728,0.15336321732169783,0.04980774069795392,0.5011902431695904,0.0,0.28193238080204386,0.04002768058203402,0.2866526900221216,0.8747967762562051,0.0,0.26650148912500526,0.739895555821125,0.0,0.05126627632179951,0.03481280381237805,0.2629082682134636,0.06403921174211168,0.10868976391495659,0.0616629401803145
TARGET-10-PANYGB,0.0009726562264453613,0.14680318892387448,0.22096362052216176,0.15413306258090115,0.8036426438590859,0.09756964242078683,0.00038097986624244283,0.0,0.1183507296189284,0.21721663024098076,0.13060988359433578,0.344457265415847,0.10289747640184098,0.0,0.024488691335006647,0.7109484197758738,0.02065778812261378,0.038228439148171235,0.32558152663399303,0.07012954953477896,0.03552499746767783,0.008646824138828772,0.021016330998320773,1.0,0.4631743774873589,0.5826386624413706,0.05650745431600207,0.3813204581586011,0.3973480859327361,0.3876513201312757,0.28509266916109677,0.04221429977413083,0.41491127940051037,0.01836025944049494,0.36810949252698794,0.38918447956307106,0.007711183398251206,0.04407185680054843,0.823921278939916,0.2685370452881293,0.26632451117979183,0.27067189116198576,0.6490950272484198,0.0023662770956432116,0.13367520412636627,0.11302214833278226,0.06265885239967806,0.03279153178147025,0.3503036412453148,0.19675579226045747,0.016695186822311782,0.32582806390210894,0.7549031390899911,0.09138061212849358,0.36225728525575646,0.0,0.07255129924689915,0.20778142285034074,0.4963873164569318,0.0,0.5926055604973787,0.13132939472154018,0.3767759326382667,0.11195048858330252,0.1441977145760052,0.1083459715394893,0.0,0.13933312927614167,0.05669887560619918,0.2937736702056076,0.017738660157635814,0.31302278729729127,0.6955796550203258,0.3026817538024663,0.09991237508310354,0.3079853971712802,0.4536229596366604,0.07827647980085999,0.13222690094673256,0.204851676576408,0.08363547863824747,0.2378868561757818,0.0,0.0,0.322900137578431,0.29576228070414734,0.24280915198837846,0.09718696922422781,0.10767927911728062,0.10558974973277427,0.0,0.04007954180788365,0.22926948637706474,0.1988097738473712,0.38521055176444813,0.13808961476812648,0.21728478387459116,0.2007893468297725,0.029735833014628364,0.0,0.02063488001313998,0.0,0.1243222240456973,0.0,0.1901980823613429,0.0,0.0,0.0,0.252790602279437,0.11076820067021768,0.6168829812974949,0.0,0.0,0.17384364600239674,0.18491605315981954,0.04570243922621058,0.22993608912975422,0.0026667928603730695,0.08178903990073241,0.0064540182682705505,0.8055248876108747,0.6591730814239531,0.011390067064786649,0.2218735987792269,0.4749065472725483,0.0,0.0,0.003709542608584706,0.0,0.16685622694968572,0.0,0.6425260031735616,0.12845394407328675,0.07680790609508314,0.07573014166173477,0.0,0.2974249979912294,0.2414176795587211,0.21852965505351518,1.0,0.47794304578089297,0.0821964900908613,0.08636534463133247,0.04664020781759712,0.9130442668495911,0.13180381404430774,0.31598821239841485,0.08674411531484559,0.4614621923160716,0.17921858114020148,0.09159229648063197,0.005845832211518239,0.1671055091077462,1.0,0.12773972950229776,0.06332051781247071,0.7284844006620395,0.2601719962341248,0.1038607040340057,0.20712015233288253,0.1961402895364621,0.0,0.05041023822226904,0.4671024221441,0.15663897216793138,0.5574819299168312,0.0,0.020391452736468738,0.6569367643423748,0.07846773827055563,0.03964913171047116,0.0,0.0,0.1533139682044766,0.366689373815486,0.1656911449684977,0.12109109853112866,0.0,0.04987693286191862,0.1183507296189284,0.19476836780565107,0.0,0.0,0.03851981741998709,0.18997130386484143,0.05459057213316752,0.8209446642072281,1.0,0.0,0.22824673883883095,0.0,0.10305207447829544,0.2250386753279355,0.0,0.036904356543296504,0.038910999350522786,0.06083942155934226,0.354847044234108,0.24110196706438508,0.07153242690057025
TARGET-10-PANYZE,0.0011918123985069553,0.06987402665767878,0.16632529102742052,0.1271779678065304,0.8214150394523683,0.0,0.00011308516871611655,0.0,0.10052753878425867,0.027226679083847734,0.15310609633725955,0.1287137015276344,0.01449802089061166,0.0,0.0,0.6350138924694182,0.008123030042493644,0.06578427003864155,0.10269863204916245,0.1752103519358131,0.014457370482128206,0.34409654193237366,0.12484449495740182,0.45737057964943617,0.2676085252249218,0.3388736778358713,0.04974956769249947,0.29340111135006874,0.43849280847121264,0.42441311773845863,0.13429315777581036,0.010451472540865677,1.0,0.08845267524549959,0.9999999999999998,1.0,0.14073632370291894,0.04077081436287842,0.2396022605838631,0.4182580469371708,0.08818749200979122,0.2697836434731343,0.4325791205678133,0.0,0.8360973100731084,0.06201274989959106,0.8924845364033002,0.37446320358772633,0.09533462419185243,0.09448379261093824,0.005910485984703381,0.2265192331784168,0.332851280811299,0.37165961368291633,0.35879163057207114,0.0,0.08938741737352665,0.0,0.20726922149233715,0.0,0.14671807364428063,0.041081058028713584,0.16575201596481223,0.1550730072536924,0.12501168424439446,0.14846200706721194,0.0,0.06677487999341847,0.022815786761557835,0.15098357998192485,0.013645026995176258,0.0374728423554681,0.24829202075745838,0.16017016263707048,0.06548170616489303,0.15919707236159586,0.14713222565477166,0.1205244051436607,0.14179091706303842,0.213397077885896,0.06089162211398791,0.10103091311974485,0.07111393854163316,0.034850684703074696,0.11390810547239515,0.40390522520246364,0.7562231578413943,0.28892837393692716,0.11288003273713942,0.010225053477800972,0.0,0.0,0.08422849627256239,0.08204361832401921,0.16946259034855923,0.3518809119986705,0.15079125671722218,0.0426377719665587,0.0,0.174151493529407,0.009415151080079101,0.0,0.0,0.0,0.16633140484372586,0.27931905310849575,0.0,0.23994275391405126,0.07157368909070046,0.027988632621323402,0.06665078134883544,0.19995229492837605,0.0,0.0,0.15706836591299514,0.04021101551370347,0.06276767689230309,0.0,0.14927272014562787,0.006236344354448559,0.05312203592601519,0.5039129976456151,0.06761760262078671,0.0,0.3479513916239799,0.005884469425049437,0.04162619994626526,0.5923687877383995,0.0,0.0959610249518117,0.17055111020082536,0.20098811905207978,0.15266600538883177,0.32620456940876613,0.334492043119588,0.0564875399163695,0.04500634862954219,0.021005930711583496,0.06169472138280932,0.0,0.08052719719192646,0.1436106814760853,0.5135132577549822,0.0,0.11981974754436099,0.0,0.4294422289474846,0.1473615320276773,0.0007745297471032037,0.34795140711767636,0.002650695993794269,0.012413677682044473,0.07274487972937914,0.2707130582966212,0.14326241900246056,0.0,0.07400213376341955,0.45338982568079256,0.0,0.37153947450835795,0.6953827389253359,0.07577316132731846,0.16504153387119203,0.5031397896355739,0.041754416753645766,0.04633832784251964,0.041217268388485696,0.1732056323810201,0.4496145155194961,0.06665078134883544,0.0470757554003955,0.0,0.0,0.15825118545069186,0.3997054413432483,0.24126596958022287,0.0,0.0470757622068916,0.0,0.0,0.0666507722528844,0.0,0.15111712215149864,0.00817971280487952,0.28219994554018146,0.0,0.26008371812325715,0.14910237662690284,0.0,0.2462814593381058,0.07789111463790284,0.0,0.06885981532950222,0.0,0.03367696755658235,0.039687597713203834,0.048711733561735374,0.051082016852901126,0.24191058670324345,0.14177298308176856
TARGET-10-PAPAGK,0.0,0.21229824831879746,0.04042727684906769,0.07140324590792037,0.15254680161387527,0.0946798383155494,0.0029714110138314193,0.0,0.11484543416201115,0.022346769243529258,0.11812419293691456,0.31496778270269643,0.010192596430516222,0.0,0.0,0.0838074946151006,0.0,0.0,0.26064923478185675,0.0,0.0014158771972704529,0.21610909246617668,0.218133919640114,0.00411427527524889,0.1360183496118975,0.22132298957739216,0.018984506226741523,0.09757572075455136,0.09975875011242982,0.0,0.0838430790235055,0.035820183954134346,0.06072781454585298,0.22407469061025437,0.039498263264549666,0.16887573293066346,0.0,0.19084826095903165,0.03497462298867568,0.12574479003624647,0.12089758303858342,0.6111992528535365,0.055228534994013256,0.0,0.0,0.04110261430698817,0.021733967941321135,0.05331491619271582,0.08356740191546999,0.008938021197402671,0.008533768580241907,0.0025709986320848494,0.1983960523134254,0.27121926257623896,0.08819433872458764,0.0,0.21696261276026024,0.0,0.0,0.10654213571348524,0.08380738786041887,0.07039826444863356,0.1893596766310988,0.4175914075229149,0.3035881037381774,0.23321014692161643,0.02055817438541124,0.07731325499493927,0.04145701292547345,0.11971483030065116,0.0011028918105942186,0.17554746329262036,0.15472151135616327,0.12198873482588217,0.21263271535172062,0.172772554054471,0.13424131319604862,0.03934011601835039,0.03502402759297926,0.01434063518408065,0.0,0.0,0.0,0.0,0.570134686617543,0.27422666361412196,0.15707830625715263,0.18861725170374347,0.21492900462246836,0.11120699860662564,0.0,0.05185666832405874,0.36624676832155606,0.12404705296159546,0.19359873919291481,0.0,0.30625490277202294,0.0,0.5771032006770768,0.056844420447871614,0.06453685706763111,0.0,0.0,0.21512253661639893,0.0,0.4786531192193239,0.0,0.45686252931208887,0.0,0.15987510290823376,0.0,0.27411746845741647,0.21174462765528987,0.0693986845402225,0.0,0.16078379307981253,0.10756138543467567,0.0,0.34106700721697997,0.004006056320923627,0.20229394268336803,0.0,0.0,0.0,0.03312582981333144,0.006722580241253305,0.047554983333986424,0.20878135666546307,0.5194952022284621,0.36542890040299364,0.0,0.22961468171942714,0.03171090081130862,0.0,0.11757957967023436,0.0,0.4506406673393175,0.5672916331427723,0.7742999099085953,0.0,0.14525784824140683,0.2625042023760197,0.0,0.0,0.07822032559040848,0.0,0.3679553186985232,0.0,0.012387834817447449,0.0,0.0041859308412851345,0.06807238549319301,0.022925766833135672,0.24054374513454982,0.027606513916031746,0.1155226609951472,0.0,0.0470877447144762,0.0,0.13205347880254667,0.0,0.0,0.08733853741179212,0.2935158009391454,0.3068636082550015,0.23715542121648195,0.42379020880048623,0.1583002249828651,0.17121734291202464,0.0,0.0,0.21512288799586135,0.11872502177639875,0.28299649739679034,0.18265411172899326,0.04593817366480446,0.0,0.0,0.19359899943215797,0.0,0.10152504489239336,0.0,0.0,0.0,0.42985813722863087,0.10594757473027715,0.13324119927500294,0.18839730786972098,0.0,0.4689317289247396,0.35594031290415035,1.0,0.302824347824383,0.0,0.115420594387772,0.06131329758020311,0.08094504562405438,0.054924804790621735,0.6825883799292636,0.0
TARGET-10-PAPAIZ,0.00046915083955079086,0.20774661131064065,0.3541101858882181,0.4190134331207472,0.3473177729928162,0.0,0.0052614226703216254,0.0,0.34223144644922493,0.07774454657370365,0.5650911679474498,0.11704052850099092,0.002531101550397405,0.0,0.0,0.052029212763258205,0.0033977165295059255,0.002656743581407888,0.2741552905128612,0.05166990529488161,0.003839061964286102,0.6919965086440087,0.3166780191503494,0.08582180033530917,0.13625106519503785,0.3904604270594811,0.038048428663252754,0.3115359773021652,0.4898558871183506,0.0688026156818754,0.12529715216140502,0.011860185561707504,0.06703567095511764,0.1246900844866474,0.0922919825656139,0.12254835681418685,0.1397423749262662,0.23025020020386408,0.06805911170124068,0.07494207395197294,0.02668635839327645,0.10587810489378013,0.16425808578621137,0.0,0.0,0.09677638244563405,0.6487157505340632,0.5946991130316741,0.06508021923146695,0.013598089370924885,0.0084688979118144,0.02365245941655382,0.36129243887521867,0.6348869726473535,0.09454754069883801,0.21368361696282695,0.14676071510307234,0.0,0.05226808622907985,0.07937194122278407,0.08324681387591848,0.06992725615715906,0.3761856520322554,0.6033416171470966,0.5630822874459634,0.23866946439920683,0.010210318325655363,0.4768270954113369,0.1269290951666875,0.6737808553116871,0.0007355901250162729,0.06866216821337309,0.24333665037448082,0.24234510822866703,0.3403827490260526,0.5782767219883997,0.038335071813267695,0.0,0.043487114965952624,0.11395762695707697,0.0,0.1146484739240079,0.48419435436418423,0.2214691888406367,0.1529240819892096,0.3459501286664374,0.0,0.18735511619988188,0.085396344391286,0.0997986927953512,0.0,0.07726456092598145,0.536159350389409,0.047374169408194784,0.38460705695960407,0.0,0.13309002410553164,0.0,0.0,0.05646419736634387,0.21368350327248725,0.0,0.0,0.21368361696282695,0.04453592312732871,0.0,0.0,0.5445669032923377,0.0,0.12704435689800436,0.9076117284413106,0.18152221921438438,0.6309843375932204,0.0,0.0,0.09126173963679297,0.3205252944542206,0.005140997464683654,0.0,0.0,0.04018809266659666,0.0,0.5754861183567382,0.07116365334112666,0.016452106147889015,0.013355209917905514,0.02361841614476237,0.1287213685200199,0.5160189913681313,0.0725967253571632,0.0,0.0,0.15749387351803928,0.14806896192426533,0.17518926993696943,0.0,0.6938525751715493,0.6718462716671452,0.6855528283013061,0.0,0.0,0.13037391376684712,0.0,0.0,0.03884850905736205,0.08469630252127808,0.12183126596361367,0.0,0.0,0.0,0.00043773177122946507,0.0,0.0455447481768028,0.3413347397841887,0.07834802367281385,0.1639281761739392,0.16795295538052493,0.6548184479272307,0.10011044053200038,0.13116994199776896,0.0,0.0,0.5366059855409898,0.4373278655828751,0.41036454552215484,0.48045511146307746,0.1403182207568994,0.23586154095281833,0.17007209795710945,0.15126875787868777,0.13355220761855438,0.3205252289591917,0.35379234907096413,0.08113307020596532,0.7257280057590796,0.3650469585471719,0.0,0.0,0.0961518943595226,0.0,0.4538059387607434,0.3048630153940938,0.11432373784396524,0.01856444846944231,0.5871002457914622,0.4209547838599806,0.15272554318535056,0.013927460519676015,0.21368361696282695,0.9315884835171928,0.17677950539536935,0.39732350010780626,0.452751531300163,0.0,0.07643220460999715,0.006227337944027793,0.15075647113192217,0.2114095772676706,0.21580505545484996,0.045966287946836236
TARGET-10-PAPBSY,0.0008980240457732659,0.19909990793905924,0.11618832229846268,0.06518885266580228,0.6515318617555516,0.0,0.0034524507101825527,0.0,0.10062541411763688,0.014127921432437107,0.09730579249461385,0.3470142719411484,0.0011163152877512912,0.0,0.0,0.41304570535060137,0.02027267699856099,0.012282827029832506,0.040652413099227375,0.011411539629502285,0.0573954486524027,0.15151859916415453,0.05145655797822321,0.03424603267260828,0.4980596920214364,0.5264994436750197,0.019120793643554377,0.3588232515016112,0.37378638299015854,0.1820683223614134,0.1386236486598601,0.13077042686845392,0.28667255054478036,0.04360267847680934,0.22651313109507218,0.23439283908288366,0.03521829623916081,0.045189476629472806,0.36601330558648165,0.055087451936761726,0.12358254598929438,0.28104963771650526,0.41992868924537424,0.012071275093929192,0.08265781551594986,0.09737527253634871,0.033970645719461345,0.022080430032540507,0.30160770612301796,0.1416531557148216,0.017244319724082264,0.09237554303638289,0.31868910634787434,0.11578193096233483,0.3013940251295844,0.0,0.04695156459491252,0.0,0.27662779421532085,0.08168122515428823,0.36715185156145086,0.1953247285472473,0.08295644294208682,0.0997867577665049,0.19856922085263293,0.07430319064167813,0.009006331184949895,0.07264132391062694,0.03658232578387187,0.08096220383427782,0.013283631300303156,0.03813608319226424,0.2118183178871617,0.4453500000655918,0.05249480347585969,0.062390119242102166,0.06664691415434049,0.0689380369613887,0.3720836193144546,0.1256497614176835,0.11174317409074166,0.0,0.0,0.0034884530316491055,0.6948835899900104,0.6146109589851729,0.4128867699038434,0.3305248409716871,0.037663311556725636,0.043032254167483124,0.230519797435148,0.24611010683173393,0.15048959764237413,0.13128513968009636,0.08481353077511217,0.27395144505782976,0.21802142183321838,0.0,0.22754045355143357,0.02490293078946568,0.03298506903764572,0.0,0.10570223718769114,0.0,0.055527514468273656,0.06989753625908152,0.02626801928074727,0.2802053921961184,0.0,0.01400789843527907,0.3335777543319221,0.0,0.0,0.09120864420475469,0.0,0.0,0.07853584113583682,0.0,0.186772224426691,0.009608819687070154,0.17370075869634466,0.05604471250486018,0.05753084505020471,0.09415811959446584,0.35554583254648053,0.008835288931262225,1.0,0.006307933417525049,0.0,0.12807240917906004,0.0,0.3017753981381484,0.9029948042658814,0.06530423317530226,0.502226052011784,0.11308507430525652,0.06990009333115965,0.05396028684122624,0.0875370303865238,0.166908177582208,0.4072699321217344,0.25875071201107214,0.22029115599908794,0.06053477607182579,0.3598086400093537,0.0,0.10746508531403597,0.0,0.2504163124152741,0.08707244448541052,0.04465227802065325,0.089465362472678,0.1606965660842216,0.34624752509594175,0.050104228547324874,0.028919575899639092,1.0,0.04125739822686879,0.0,1.0,0.10150862274179795,0.0,0.060101782469357067,0.42862049358236143,0.07634522548951705,0.04923802506270026,0.0,0.0,0.45005180760437125,0.0,0.011780361144016472,0.0,0.0,0.13128910630555976,0.28006593871205904,0.12075037343916631,0.2212175205669137,0.0,0.042406765387556083,0.20125082823527377,0.022238486626174576,0.08963807239652237,0.0,0.06550131321584735,0.1412372779624805,0.11603622623280106,0.45958489706527905,0.3270967032334382,0.0,0.2054339911126172,0.0,0.0,0.19629795618352777,0.0,0.0,0.06365277668015015,0.062057035025523725,0.1233176220549013,0.3800491246507927,0.0
TARGET-10-PAPCUR,0.0018228251349609484,0.1509943564692684,0.22033641467499707,0.25843696074267053,0.23594522717560465,0.0,0.02435704872302957,0.0,0.0,0.12735276275028706,0.20950210054447738,0.055976448265057974,0.052647980931781455,0.0,0.0,0.05411152360091928,0.361632899724719,0.012909842311758906,0.08125484013722996,0.06756497746185278,0.5247798441066058,0.31948544064334966,0.4766937483493712,0.12750936165392532,0.2482478284627403,0.18148855128855723,0.126593348096764,0.40833606825025187,0.4873943770369915,0.3577808640182105,0.12077317309221612,0.0,0.38604716433947744,0.3764733458956257,0.21174191006285353,0.3756442974353397,0.23876483653255112,0.3744246310731488,0.05988777800309379,0.5196093955475203,0.24285110151122385,0.17941363317620823,0.10011794096357336,0.901403935765092,0.24364534747102942,0.4596279178686765,0.055770715740328256,0.0397525222133472,0.19272989236160343,0.11454059519673514,0.32436890379935324,0.3356428203702456,0.17079638229479283,0.25958252390298064,0.20768239752034662,0.0,0.09532876690913261,0.0,0.8153986966753408,0.06879043833716376,0.0,0.30302450284052823,0.0,0.16340844105302016,0.21136806074255132,0.1825157789485788,0.159284199136179,0.2050438130446294,0.16850018088938157,0.22090949833896095,0.3646616483920128,0.44466322463835317,0.0998981975252941,0.10501838538334693,0.4347938821108661,0.33821057713810815,0.24508817561091184,0.10160214809938724,0.13568262631408604,0.25925902008210555,0.0,0.0,0.0,0.0,0.25504213717119667,0.16685407570324817,0.4056798746626915,0.0,0.44407060580927055,0.04268061983683008,0.0,0.0,0.353122018692286,0.44730981425461513,1.0,0.0,0.0494344534758711,0.0,0.0,0.1468098167853514,0.08333829986239752,0.0,0.6231445690677941,0.0,0.2039147716244019,0.0,0.0,0.23598387165714446,0.0,0.2477416494218098,0.0,0.23598387165714446,0.0,0.8961664420624729,0.0,0.0,0.0,0.0,0.22021474200494182,0.2830057861482629,0.06269472023840485,0.0,0.359110886505899,0.1850293893617906,0.2138816991709403,0.034724297633748916,0.1842273535362549,0.018593468287821706,0.0,0.28313331014793464,0.0,0.5930161891148874,0.08189847836474828,0.0,0.0,0.9999999999999999,0.5136829377785538,0.5728255197301334,0.3099785865186736,0.0,0.025010078578416025,0.08474477738720762,0.0,0.0,0.2020163477596352,0.0,0.0,0.0,0.043419803632076114,0.0,0.17546478576037125,0.04395191470693563,0.19243058962892157,0.7987401067928924,0.3259346044470727,0.12786665457493418,0.0,0.12161163962797489,0.0,0.04872126546449331,0.17097751104078124,0.0,0.3039549281150165,0.5685381603709656,0.08939073460726352,0.17522798367705716,0.12161163962797489,0.5110441200910146,0.8843928613678219,0.0,0.0694485591209981,0.0,0.0,0.3886730102119932,0.4717330984786414,0.23728550018617925,0.3260344546713366,0.0,1.0,0.0,0.13110216523403137,0.0,0.0,0.2896112748443797,0.13877199609680557,0.0,0.24680128520355626,0.13004985269348657,0.0,0.24221799301676822,0.45963580479351285,0.0,0.1683553841332831,0.2961586169189674,0.39745606965305863,0.08118337406483388,0.03919749964073031,0.17731498145561436,0.1970955776182977,0.0
TARGET-10-PAPCVZ,0.0010583696165604234,0.1454482124030593,0.3375769311191231,0.4494530116653434,0.5842176062843134,0.0,0.006901070091097906,0.0,0.16580359353763444,0.13488193007039487,0.40637142820389016,0.48449859323341704,0.013488882228493947,0.0,0.02287159798364201,0.36046031220820013,0.05607400922344748,0.042511350583509036,0.024616239559694393,0.08885623956002618,0.1334866686026159,0.5673264917706227,0.2059105663673248,0.10889680739525613,0.5776699912484143,0.565609234840001,0.39512937622418665,0.5099321737005261,0.40995049435819797,1.0,0.7103112735906392,0.05745995480048695,0.22109446123300594,0.09908469738548902,0.1323589247920492,0.1404665688606885,0.8472436165112441,0.1149150773595379,0.31378264067154216,0.15733377235654725,0.11636066123175977,0.22739575827941552,0.44635846352294967,0.035360433098169074,0.13619810037918106,0.2393504819181069,0.41212366061442424,0.29626412096239835,0.09171902655143849,0.11639962598151495,0.012835877313144149,0.31939464309974724,0.12730053550855533,0.21896273683033976,0.36976694519636083,0.0,0.0767332003421518,0.09703036203303982,0.40516364413139627,0.012817961558718319,0.04033113519836838,0.35007505156897306,0.4556345198338356,0.3227543217520176,0.1980595122786049,0.05781506238584862,0.034626706644448765,0.3611129546288722,0.11129527422219009,0.17936034077482133,0.0412412664213301,0.11132480159019487,0.23888493689418183,0.15654785512606526,0.26668535660238346,0.2662764045816271,0.25314913439915443,0.3029108447374611,0.30760083501897123,0.28985233401728644,0.044635902361698745,0.3888124686402019,0.1042585073972271,0.04215236736418423,0.3413156704238593,0.3666863676110179,0.0,0.1361541985781833,0.1241179965397648,0.023888510529352536,0.05064460812121071,0.024955310477773416,0.30894579380824777,0.10432624828654663,0.18633390048139056,0.3439229949339278,0.11053578048425546,0.0,0.055544651923749744,0.10942264011442149,0.020705004222634105,0.0,0.0,0.0,0.1660158711974999,0.15356371142864803,0.0,0.1319153316042906,0.0,0.030775117238234853,0.21985894001532033,0.043971695318368705,0.10189914545143522,0.16698611272549588,0.17270525283428825,0.055267885096211146,0.18979573660208235,0.3437164251539993,0.12310036491790778,0.045182328884371264,0.031152388348178052,0.18469376401844367,1.0,0.0459696717400382,0.2550617249537362,0.009705461692734799,0.022885204876935253,0.7552813823689171,1.0,0.1406861502610322,0.0,0.38674641415627,0.3357301884130312,0.2869446036332451,0.8628996626130658,0.0,0.9650365329560109,0.9492073367920661,0.5424812530950426,0.00991064460617517,0.05126246805087387,0.12632657686248291,0.24198726181238434,0.0,0.0,0.0,0.5312209209154417,0.0,0.0012774590617115086,0.4304166382798526,0.0463610573335989,0.0955468330439312,0.27857606293198145,0.5622553359608208,0.13285264790575788,0.023825874438124877,0.24410862646821244,0.09064153180023848,0.0,0.2905095488261731,0.06371776855859951,0.166633929917913,0.2769542739809621,0.3766680307109204,0.12963970676519948,0.07925694362372196,0.09064153180023848,0.09522480092963696,0.0823959555545531,0.2931455262973658,0.09058435732752444,0.05176237345470076,0.05713475896263588,0.15276513880608183,0.6152987092894868,0.17685720760747606,0.0,0.0,0.0,0.0,0.024428722288380708,0.0,0.0,0.026982174109830993,0.517158526464655,0.12746459095380974,0.16060757682896326,0.4404917133485979,0.10352471697294796,0.27080042924082065,0.17129155376972519,0.09624710388172598,0.1503560260130267,0.110368837947976,0.0,0.012902016733794614,0.06086516820037127,0.3436136718079249,0.27746971334346443,0.6903589668816302
TARGET-10-PAPDJM,0.0004132597487015282,0.5523459166612014,0.04508923548689833,0.35674616456895253,0.1890916488053315,0.440120499714914,0.03363073693049647,0.0,0.0,0.22123472006999714,0.7102366361331097,0.27432238045932866,0.0,0.0,0.0,0.09739492100685378,0.0035044178803653346,0.0008446410950706464,0.6505769295278095,0.02871541936671119,0.00953628823774064,0.4111134308862583,0.194999438259003,0.03825051666113746,0.0018045198478441743,0.05388145869136185,0.009281784214401897,0.0,0.18939721132450085,0.0,0.37700553748225907,0.16651042476525513,0.02238833491920185,0.32619953755074493,0.03578098650658408,0.11125077585882048,0.13079378857172114,0.8638103097501715,0.0,0.0,0.0,0.1534088371653527,0.0,0.0,0.0,0.02697697761382078,0.2535539589211887,0.5072334793432512,0.18893370897512413,0.01885880634005183,0.10400324315111364,0.004706696947759279,0.15370757890394982,0.6681719794636419,0.006803323460601876,0.9999999999999999,0.4471068584685532,0.0,0.0,0.0,0.7791593102596756,0.0,0.0,1.0,0.7553101336316502,0.39421051983609395,0.0,0.6684420400380521,0.9999999999999999,0.45809934876438635,0.00033465234006358244,0.06939119915456618,0.0,0.18902192121899308,1.0,0.8942613884086896,0.12074777591050748,0.0,0.20351178108041884,0.0,0.0,0.0,0.0,0.03701556231366515,0.12536493881623434,0.03985006157900359,0.0,0.0,0.39963960024356393,0.24211476351436587,0.0,0.08035200842205191,0.8321226094391105,0.07167193062739949,0.0,0.0,0.0889767571298218,0.0,0.0,0.0,1.0,0.0,0.0,0.9999999999999999,0.01182144961288717,0.0,0.0,0.0,0.0,0.743180677416202,0.0,0.0,0.0,0.0,0.0,0.21354415536057333,1.0,0.0,0.3963631078746299,0.009593598936382631,0.0,0.0,0.39499836018073564,0.0,0.07699282884541904,1.0,0.0,0.3346625902949951,0.0,0.5096095618156131,0.0,0.0,0.0,0.0,0.0,0.0,0.5099914479138636,0.41759826605009326,1.0000000000000002,0.0,0.09003093541053367,0.0,0.0,0.01126888260032714,0.0,0.0,0.0,0.0,0.0,0.0,0.0002361283076407095,0.0,0.026642647925807277,0.3194769192721321,0.0,0.07671543172454133,0.0,0.0,0.0,0.08769309458246025,0.0,0.0,0.32825535553114893,0.0,1.0,0.6728599473235873,0.43777590055091814,0.18396493305945844,0.0,0.0,1.0,0.9999999999999999,0.0,0.5645503277910894,0.8490688268453251,0.21354421711157232,0.0,0.9999999999999999,0.0,0.0,0.9438796635479225,0.47556803023260286,0.0,0.26063455618771064,0.7493243443333981,0.9849959810027613,0.04835182042431471,0.03733104598323848,0.9999999999999999,0.4359666188611805,0.0,0.0,1.0000000000000002,0.0,0.0,0.039083937985523017,0.8936497249597732,0.22340351877731293,0.2713033548743085,0.0
TARGET-10-PAPDKJ,0.0323117939728127,0.20098116732673574,0.3317173256685645,0.3864389803691873,0.48904155317144404,0.0,0.0096582090402472,0.334746302992622,0.13415157523710838,0.15004603437235287,0.5808636919487895,0.07752571924856286,0.0,0.0,0.0,0.05506644824823669,0.0226966238868305,0.010528491880966384,0.3394271660699837,0.15113742487854454,0.05137765123184482,1.0,0.9702123669676985,0.07689456086598978,0.22565705977476413,0.4230406639451468,0.028144129839272784,0.4263615607293563,0.48452208753545156,0.16181999049547194,0.34338617676210387,0.0,0.2295529673783937,0.44298410680444783,0.23341773434796226,0.2596324771177423,0.178418943784702,0.16427056577527746,0.20541907803307308,0.5287791886769874,0.20398593145430108,0.06447546336438043,0.3714095631235764,0.010728794529617947,0.055098933141965324,0.10993276700576501,0.16618999334886095,0.13097398685073863,0.2589777716678696,0.07074302895862056,0.025264562153051402,0.2767985698007547,0.11587368611944757,0.29830328343988766,0.28103520955378564,0.0,0.17109422404133476,0.0,0.3687949021374779,0.06222621157921609,0.6852715043660782,0.08223258434855724,0.22119206646574896,0.10347070692789083,0.3461198989593202,0.14858937708234965,0.21612688379647696,0.33117021487850923,0.08938548199096358,0.1787162617657449,0.05606105355772405,0.09064480693531374,0.05271318898912419,0.37998842085976864,0.17798499496958972,0.383610439160771,0.034592876701232234,0.09190691202675055,0.31706587736230296,0.08375690768340678,0.0,0.2696469425884133,0.31633293004104324,0.3534566556023337,0.15494451859740022,0.5415980805901176,0.18348402244922954,0.11016226985613226,0.20084768944186807,0.09489638549594243,0.0,0.0,0.19872680513039415,0.08795318312444397,0.9045754743250566,0.0,0.24594470897886284,0.0,0.606705138817024,0.06640027618133157,0.11307868558025037,0.0,0.2818406315941057,0.0,0.07738892276300759,0.0,0.0,0.0,0.0,0.07470039595331772,0.1778877194620118,0.0,0.0,0.48639025455991913,0.0,0.1341516369881074,0.0,0.006045665526558848,0.0,0.04948502672588398,0.03780807742431816,0.14943559937934073,0.24363218056420416,0.0836865543926618,0.4449859782503134,0.10208492649030934,0.0,0.15137284702604845,0.0,0.6829746473559803,0.0,0.40232100257631964,0.3333752493112636,0.17412485121969792,0.06867265944087161,0.0,0.4630411731875736,0.39595405568823355,0.4261412899421153,0.0601401904771607,0.022623528485245313,0.03832902149631669,0.5873756395455204,0.0,0.2741086029667128,0.1992010729993987,0.0,0.0,0.005167958687065245,0.1741249848047054,0.023716847409085577,0.04638413996909418,0.04686446508298069,0.5218205205558789,0.04606757702123803,0.019277498871280548,0.2962624138073676,0.2200139277123625,0.0,0.176288339023332,0.03866553803468711,0.20223491146183392,0.2822495772902842,1.0,0.1763460227705606,0.13006593776241446,0.0550034502799531,0.04622777594660163,1.0,0.3557758483394316,0.03141072992940299,0.0,0.0,0.18778043361496935,0.4267181913111457,0.16098201378652802,0.0,0.0,0.11307186923082127,0.26830315047421677,0.05929589839511911,0.0,0.1344414358300295,0.04366256784144617,0.1882947504057401,0.06187888548165019,0.12436854349961485,0.12646290485822664,0.0,0.10955222194655063,0.20788762665469876,0.2336208347380414,0.08654746896922086,0.13394890333289194,0.04494110073280684,0.009340280086849182,0.08864276085380052,0.11227635764746897,0.1184022101437328,0.0
TARGET-10-PAPDUF,0.0006398086536206407,0.27326392979476394,0.060908860556068756,0.0875425792620174,0.12258901126340227,0.4468246008796937,0.016156964898296596,0.0,0.0,0.09736173354279111,0.7568802066997458,0.09719584744912324,0.018038281654732837,0.0,0.0,0.0,0.0029923955388633967,0.000396627747614648,0.16873408277203372,0.11737574215898065,0.004156238796628188,0.4053251891714379,0.356345594790111,0.04854147540619319,0.0,0.07569158973314949,0.0015558355618123356,0.0013470173774785543,0.18564039963715492,0.0,0.05507398315902627,0.11269787627002452,0.04184529872874565,0.8048264253774176,0.10959737590058473,0.103106706508489,0.10433195423152195,0.9711729443899344,0.009089956813593009,0.118685891736605,0.09509233250536112,0.16676992244823077,0.012986044829749084,0.0,0.0,0.04023627330002645,0.3894177172019912,0.6225397257585499,0.06180055322523559,0.0,0.044595369683568066,0.020355371092093753,0.078024503250032,0.6251209797128071,0.03650923362985034,0.5076165001518153,0.3187108050523994,0.4757724939885213,0.0,0.0,0.0,0.0,0.0,0.8360738730346469,1.0000000000000002,0.4002153586807263,0.024255140041020345,0.44301882737346887,0.4391074042377716,0.6729246329469816,0.000981982975706403,0.1474587801970105,0.13690869535738562,0.19190118288263744,0.4611152296582713,0.9512949009802607,0.06428392137122102,0.0,0.08264471292085716,0.10151712217587888,0.0,0.0,0.38340967444279633,0.24426610406023302,0.18303848025892855,0.2524887402440455,0.0,0.0,0.4057271965912141,0.13656399642446324,0.0,0.04078799385456769,0.7687518184722043,0.024717343925033428,0.0,0.2107958205264546,0.0,0.0,0.0,0.26826709815669747,0.20304651374962246,0.0,0.0,0.5076165001518153,0.006387420443291991,0.0,0.0,0.2156080087529717,0.0,0.6036009650873205,0.0,0.2156080087529717,0.0,0.0,0.0,0.054199284058917864,0.5922190751739274,0.03663810337426842,0.6036011315916577,0.02426580876770741,0.03818755720939476,0.0,0.38278725164297595,0.0,0.07816561610226483,0.6345203735408199,0.0,0.47566451944760496,0.0,0.34491483295706177,0.0,0.0,0.0,0.0,0.0,0.0,0.30066074742573523,0.39214057022916626,0.44048785256942125,0.0,0.0,0.0,0.7910280223905145,0.0,0.0,0.40240067798304163,0.0,0.0,0.0,0.0,0.0008661212090427283,0.013385634444883698,0.0,0.3243434203038974,0.018611980829483635,0.11682601251103872,0.19949074240329764,1.0,0.0,0.044514461759430586,0.0,0.0,0.480838557523811,0.577163992203971,0.48593364570969905,0.4861715417014793,1.0,0.09338363547030527,0.0,0.0,0.31726021388028475,0.25380832347015697,0.5603015532501175,0.6098472416864468,0.9697526782691235,0.10839856811783573,0.0,0.0,0.0,0.0,0.2395643438532153,0.0,0.5431636122062076,0.04410080891202057,0.38036933002144446,1.0,0.013648151506538368,0.0016389056879325822,0.0,0.22130384924933283,0.41994887162068734,0.0,0.3155778519714638,0.0,0.0,0.07194279914981606,0.3461922050813397,0.06480186654867995,0.1789935765357123,0.0
TARGET-10-PAPDUV,0.0008883713061613658,0.02060046874465627,0.4077087705512381,0.18752557423899524,0.17032400952444735,0.0,0.00021272195838899457,0.0,0.0,0.14967622990890644,0.037424393767784184,0.05587830810779923,0.020978380717447388,0.0,0.0,0.04743540166127203,0.12667663739388502,0.10279996977397725,0.046125670127011846,0.306022440244872,0.06122074866042256,0.4608465923887444,0.19339933915981636,0.09145442738562357,0.5360621766243713,0.3915580042885119,0.13670141272951283,0.28788092395818704,0.19629027428523302,0.17107573231792794,0.12699990226278224,0.0,0.18962119570892996,0.0519192892688058,0.18931611726002678,0.21218328984359175,0.0661839518557878,0.035948474749336955,0.2289399301202123,0.1035230936802969,0.11059164020116909,0.04589875241775561,0.3921877253131868,0.02268492754654556,0.1165010013722344,0.24896773559425558,0.5683568464440288,0.3810721101415204,0.06754326730037569,0.08582529380713247,0.004159560087547077,0.16443973143782192,0.08166763266815537,0.5126334534242603,0.3281437508275269,0.0,0.009539615272510531,0.0,0.04332108003499864,0.021928494475627707,0.0,0.019319162750902917,0.0,0.10418009686309282,0.2844299323497632,0.08727137329271173,0.0,0.01825423928199872,0.02458835792464092,0.1119948526202757,0.04869652499309646,0.07077681708237099,0.03184475623491195,0.13390774993429888,0.1132657449867191,0.14405941320855126,0.0998507389167812,0.16193970717888925,0.02162590474963708,0.05903181021088093,0.1718126592508517,0.0,0.0,0.013111375327633191,0.07268816757808562,0.08824165241994258,0.0,0.0,0.07077869390971099,0.07281439282678741,0.1732818442806042,0.049807919806109525,0.26025405836268,0.04860822051350102,0.0,0.0,0.047274969582487086,0.0,0.0,0.0,0.04427654154338904,0.0,0.3972826041126787,0.0,0.4510073316930964,0.1313551915498244,0.0,0.0,0.2692713020700292,0.07897309166206264,0.0,0.0,0.0,0.0,0.5909155157533892,0.0567299634989845,0.08855304879835535,0.0,0.07019838614545229,0.002215782523495904,0.04663241820273423,0.0,0.063596951032704,0.0,0.20453849699329105,0.0,0.019575526290034725,0.08297913018892349,0.0,0.03008501967811593,0.0,0.09451855354482386,0.3132834575822381,0.12272321052863595,0.24200204567450795,0.10625743633766291,0.08215302264068317,0.06876054654450614,0.08131421316716987,0.0,0.0,0.13507140047472405,0.27598805670989934,0.0,0.03219860323062718,0.14039677229090458,0.0,0.0,0.0,0.08181547368575731,0.009244395495147948,0.0,0.13683870141939675,0.25461601392667194,0.06168992586869219,0.0543470872649211,0.9048236508628468,0.1162991832628445,0.08297400420627776,0.09318592335834261,0.14988280446655633,0.2850703669432689,0.0,0.3020567389364624,0.21444724088994382,0.05472968871515283,0.19383205649977425,0.0,0.42287939806514363,0.0,0.0,0.0,0.0,0.10357400201278369,0.4511259005620848,0.0,0.0,0.0,0.0,0.0,0.0,0.0,0.0,0.13847995768124752,0.30965650588982213,0.08722448791253112,0.05618341087504057,0.004681697497245726,0.1771062562352703,0.07721241571005266,0.0,0.0,0.031462227239991696,0.0,0.1583723554080086,0.0168707832895956,0.012495063867038851,0.056523059339394645,0.009285869716843809,0.0
TARGET-10-PAPDWT,0.0011153401229679998,0.09587849091624942,0.677822726819956,0.5089943667200882,0.3874362279086654,0.0,0.01436347420363,0.0,0.0,0.11716834460474353,0.27669671238539645,0.1715541444761392,0.0021961377736649293,0.0,0.0,0.058686887358954734,0.015283770781367362,0.007469912477292496,0.34506727425027256,0.26063084095442945,0.008152757038557754,0.9045782668805306,0.3398463561121243,0.028367354123897775,0.2164983455270535,0.31042131496587666,0.09243762703685189,0.09647326046810785,0.2171713962004649,0.0,0.04589553449780069,0.0,0.08113484683228313,0.14302607042866583,0.16775078969912793,0.15829804389863417,0.1351061553805427,0.10343645725439482,0.037411454754257195,0.021674787920010333,0.02315474027939187,0.1175698462869876,0.12418011925284698,0.0,0.0,0.0351368735965529,0.7920895965560557,0.8832514831582549,0.13780768631307067,0.02947717135814534,0.009979812762363014,0.04773174471286861,0.08549442089692348,0.5203063080620891,0.1836703185390257,0.0,0.09037737073327985,0.0,0.0,0.02295599657284477,0.0722300029650939,0.0,0.16320100594607803,0.3162791143893312,0.792753820990573,0.33498940951762557,0.0,0.04664558698639797,0.026912362946400915,0.6224664847578176,0.00024998660631197746,0.013928900552910524,0.0833423226673614,0.1401823714586437,0.3973289291621099,0.5359213142618253,0.013515834518331812,0.10171668999104816,0.03018567074922593,0.04943832033484395,0.0,0.0,0.09335927722488697,0.21961181179368489,0.09156023066914144,0.28478440423861634,0.0,0.0,0.03704758337667969,0.09905421039804829,0.09070065042228359,0.0,0.31987411041608166,0.06573223120305735,0.0,0.0,0.04949018375244765,0.0,0.0,0.14697532385821896,0.12978348680414195,0.0,0.0,0.0,0.09518472127684509,0.13751009356317526,0.0,0.0,0.0,0.055115745920398265,0.0,0.0,0.18249363777877148,0.05981175786629312,0.0,0.31673729951766294,0.12360329918276135,0.004460642333664852,0.0,0.0050531075273975165,0.013947861731262745,0.0,0.12649625200782327,0.02058199102910533,0.2997719125155387,0.15064154976527183,0.06147832651144279,0.03722887888346674,0.0,0.3464419254884161,0.0,0.0,0.10932107624885813,0.0,0.20267342773444985,0.0,0.31275427045203763,0.23214585388560335,0.22344486833873772,0.0,0.0,0.08484031500419598,0.0,0.0,0.37078074804684974,0.2204630026332131,0.0,0.0,0.0,0.0,0.0037743817331739337,0.004889049881915458,0.07903487596305181,0.32577943397281856,0.03738876881831581,0.028446835894130374,0.1457264046177295,0.4464121709115892,0.2605857358303659,0.19510481761109316,0.1854344003574555,0.0,0.18957649533200382,0.18972634659476753,0.45328120021764445,0.18656191131891203,0.0,0.3069721281276672,0.8853898873213374,0.0,0.0,0.0,0.0,0.148973627639344,0.5509755644234426,0.0,0.10880067063071867,0.0,0.0,0.0,0.0,0.08817264928585376,0.0,0.0,0.09261896111756748,0.5478695042135383,0.15087526884085167,0.006584647548111385,0.0,0.0,0.0,0.17237126018312554,0.1206329450959534,0.0,0.0,0.002124136348965707,0.03488150302280255,0.03550297572700048,0.14375930664412884,0.0
TARGET-10-PAPECF,0.07255765448273956,0.21059107220715406,0.3025205812436742,0.393775892238883,0.2664406746401624,0.0,0.0020401969013992046,0.0,0.0,0.10296982682356645,0.7428117917940394,0.05354492991811641,0.016139361207992715,0.0,0.0,0.038988728996730775,0.032819203023593965,0.008956072038026133,0.1604561011799671,0.1674628246530155,0.032316003929941495,0.8202606242594932,0.5787979279482419,0.051696653112283775,0.08121367729687654,0.10797554364072581,0.06269842614151191,0.2007400958228059,0.1850433234546984,0.0,0.15742268496000633,0.0,0.08532178251819465,0.5508902052673791,0.17786126222903345,0.22427940989906425,0.1395765096768849,0.34031339901266694,0.0487635066616012,0.16057441950561208,0.16236642357171183,0.3371227055892375,0.05664406135282246,0.09306262072108472,0.027379443165261988,0.05147877889797421,0.09410985095026005,0.0761363140589446,0.05574630771947614,0.011529983902043895,0.028191879304480777,0.08544423806714636,0.11346660894363292,0.42953994833651965,0.08110950435433763,0.0,0.22555104158780553,0.0,0.0,0.06047919306462938,0.14164913746409669,0.080524343387882,0.0,0.1510105829806087,0.9414900987593858,0.29776285321905294,0.069493724346912,0.22148063831076123,0.12437545532241319,0.4668536092962298,0.013492905772055664,0.2474473384397241,0.09839467941423558,0.20826294968102702,0.4446658736304799,0.5138131390427749,0.054496659050396364,0.134996503458044,0.04484555913072662,0.08250623749563545,0.0,0.5300594816048894,0.0,0.17618505325690761,0.42411014959972815,0.6616983161830544,0.0,0.10948252190798985,0.36986628829276297,0.21037553456041028,0.0,0.0,0.4860055472794506,0.11027050271967642,0.654431431903978,0.0,0.06568245351539174,0.0,0.0,0.3212263050186849,0.14708915852249882,0.022971265477014533,0.0,0.0,0.10293284141674347,0.0,0.0,0.4679818396470905,0.0,0.2178095265193992,0.17679007675310654,0.15443534341510337,0.0,0.19786068470104942,0.0,0.5713449738083138,0.04162255186974768,0.009012548764686386,0.4367099300354327,0.07452745387672331,0.061059013131101326,0.0,0.12475768222927695,0.027723369678828,0.20896345564094063,0.0344310230081146,0.027603198846704063,0.04940944185414189,0.0,0.7255641616611749,0.0,0.0,0.05521971147882553,0.0,0.01706221036371296,0.0,0.24899526227305507,0.20285512968595198,0.425000791761631,0.0,0.00562097646031995,0.0380925151702356,0.0,0.0,0.3592201425326799,0.5808254539811216,0.07119301818392852,0.0,0.0005136067824969769,0.05768347566815882,0.02158518745273887,0.03563922292383175,0.023287638114912104,0.1777571330796382,0.004578328891241068,0.16031418864238475,0.09814470770759531,0.6415113555416332,0.05850029019089738,0.3574896873793099,0.0,0.0,0.5341615932312541,0.5023506583612307,0.22355231567564954,0.1843299429487126,0.45500628595307546,0.2006660220548322,0.09938291182212246,0.2573923022533815,0.0,0.18179740086387253,0.0,0.6094115907941323,0.4965909199722161,0.07999434360849372,0.0,0.0,0.1636078579759945,0.0,0.2868572758976363,0.23229706722848553,0.06680593756294806,0.09763452825122418,0.6210264736834122,0.1790696833166896,0.0574041190010392,0.053989785240115364,0.0,0.0,0.10330243589455286,0.0,0.15128946709121852,0.0665611908816266,0.10969073126774921,0.03885650440033849,0.2516832903646875,0.06669315596540897,0.09448706549961812,0.0
TARGET-10-PAPEFH,0.011044692608855421,0.15286012823349002,0.10659049445288235,0.18073745340252834,0.2641719402574676,0.0,0.0024204609332096195,0.0,0.6043473012034652,0.1183622152982253,0.6090923231341011,0.1997191033283849,0.03866200673156896,0.0,0.058875818576845415,0.03244373105952404,0.033914051547023094,0.008723384450537799,0.2374064896003108,0.10213085565818408,0.10380667658746714,0.4118059968049724,0.12600621954759875,0.06625752065060064,0.12655565663221863,0.3983188702942562,0.15092316935244743,0.18720279762878983,0.22557813759563103,0.0,0.5090701349304594,0.0,0.1269519950048426,0.41114397537213193,0.11044968632603815,0.21274714913633846,0.02551399586513678,0.6116928137221449,0.1308731973119842,0.031154308771697337,0.1830483341723805,0.40299875031194865,0.12390339065701352,0.01137802743966813,0.0,0.10094167393963396,0.18619488735277284,0.23839738094623658,0.055841290209652256,0.011787697643601092,0.12539954631890843,0.010713103477776981,0.16384743873298532,0.3073359349443834,0.031136472511220314,0.0,0.5333823534593716,0.24977450178989202,0.0,0.07008156500549412,0.5319682635815269,0.061742367296757486,0.0,0.03135202774717563,0.5155701693304334,0.44191855113111944,0.027045619555815293,0.45212697460881635,0.4732347952465678,0.5933492646445706,0.006262118202238078,0.6155182194098558,0.47210563144571643,0.0,0.26016717547231083,0.40807213683425525,0.1792613770892783,0.09746848670171811,0.010846861691020053,0.27308199165820196,0.0,0.0,0.0,0.009864358619899193,0.21545358145203136,0.1661049711641548,0.0,0.0,0.3859537471185412,0.37982857941368997,0.0,0.021413189657678248,0.5604819448127277,0.022607452052555495,0.2398286793014554,0.3457123554617946,0.8979028794696658,0.0,0.0,0.0,0.5194359729097889,0.0,0.0,0.0,0.21854922807659755,0.0,0.0,0.24041304927771767,0.0,0.4998730329236718,0.3773049575702342,0.0,0.5571284913943149,0.0,0.0,0.38400855992347815,0.22758213256261925,0.07370548473292465,0.21125535290489003,0.01952167818451901,0.08267690661671213,0.0,0.019138908807441023,0.0,0.312856184925458,0.2278795801772017,0.3422636910264338,0.04680338646103078,0.0,0.4751343475962832,0.0,0.0,0.12271885788480039,0.0,0.03641412841471605,0.0,0.8791042688918828,0.6084805164250943,0.9795020029423264,0.012755901104332135,0.035988810402316544,0.16763230526447556,0.0,0.0,0.46006497340195385,0.435603301980973,0.3038799371380674,0.4171011611866045,0.014385663160593155,0.0,0.006921570554767305,0.0641166166327222,0.04970039723559,0.6649181186280877,0.019542111765188053,0.22741871179036202,0.10473009983776307,0.2988899479058997,0.1248511789445505,0.07300523980282335,0.10505456740436211,0.0,0.25924636283837965,0.1855580658382931,0.14427342816805616,0.06296469774844929,0.0,0.04902521965779539,0.21210277192547988,0.4006885138916695,0.1040635678127854,0.0,0.14707567462150242,1.0,0.11313512599091599,0.12086949111619252,0.0,0.0,0.5093840969880431,0.6043474555809626,0.3928938732630213,0.0,0.0,0.0,0.14137660553539996,0.9675323556336886,0.0841207890833597,0.16644227413028986,0.0,0.11618170320659836,0.0,0.0,0.28958422114641963,0.0,0.5719280821577752,0.07265771991055268,0.17931087653181293,0.4612378235069596,0.2633353582630012,0.23641016447465005
TARGET-10-PAPEJN,0.030381065741511733,0.2871532038543728,0.3272866037383816,0.15301039502197772,0.6977338799914511,0.015082827645190193,0.0010305911038735753,0.1597820991228263,0.16909260612063548,0.012213592592147448,0.6323045300194634,0.03944513271389949,0.02627468031240332,0.08818223036200423,0.05299845854818341,0.09728658862745466,0.029633807830615942,0.008017730767100972,0.43644248571696237,0.10440657824042522,0.05856010197323941,0.6043974160675053,0.32256725492298144,0.04251291504903061,0.19318359294620763,0.27363052331224075,0.01723535111093269,0.4206891853969314,0.3124766275841365,0.2648241029170558,0.22311090545589057,0.006887863554531719,0.1074235379191085,0.15665011421161745,0.1614398590151867,0.17563121834520368,0.05122614607765156,0.24386654296513913,0.1554043317199329,0.178766984823274,0.15718770291518933,0.09517977696683907,0.2173686554754613,0.08358875260190103,0.08265705464298002,0.09708914700701285,0.16453055391172883,0.07647710444466754,0.3952267875648146,0.08512647756796672,0.044808293359586054,0.2603385480931957,0.2559536657089621,0.2551131886115451,0.2849401976537383,0.0,0.2836392146723572,0.1606002588892912,0.3373351657873387,0.028094652785709353,0.08010507607854163,0.08082517422606796,0.1394016758980207,0.1370181454746743,0.34084659714655186,0.18087737193404754,0.027837449466212933,0.16906707676426358,0.08918915093824427,0.33776463777359855,0.05352593332719706,0.18986016363586208,0.18073370054647292,0.08980491247647987,0.32559362647462,0.3532227129775949,0.0837339983333128,0.09400557754496641,0.06306453685558969,0.21152541955976153,0.0,0.07354770583586254,0.060397231014259485,0.43366035524471447,0.1295054976875991,0.4211744896518106,0.22520871955777214,0.27975963646035135,0.25316014283322097,0.04268893732644766,0.016764875555705192,0.0,0.2243868862139487,0.05970967900255613,0.18504623670632886,0.0,0.1931632227105354,0.0,0.09416308333675957,0.1108614666066175,0.051171067069251924,0.0,0.0,0.03426976851784914,0.035716782867192265,0.0,0.00955191542056783,0.2399522114076533,0.02605177644933478,0.10627372090126509,0.23340997589771492,0.029112007676045715,0.15588089546146847,0.1311576236347669,0.05717058891350795,0.06675011284995062,0.2083881474946908,0.012767136197883161,0.14427105934391798,0.06230210463775919,0.0700576157083225,0.1018987268849911,0.10040517200989672,0.10271702646634784,0.5443769597754632,0.07061640734444823,0.18967823915254842,0.10931864788683544,0.0,0.2509379279720046,0.0,0.03657852280924092,0.26008423832771443,0.10973854742334559,0.1826259993170548,0.0,0.27730373606190356,0.2538352727393896,0.3500929693058073,0.005940061203189156,0.045274965878626186,0.029383330705975357,0.6537851811996823,0.0,0.45245882489135086,0.013583271955878835,0.23446669906927142,0.0,0.0012152366736464422,0.19189312665060976,0.03772516440051456,0.028233192088590382,0.08579797825742974,0.2654162797517962,0.056286310071289807,0.01904044116603108,0.19691661185279669,0.47985254246578746,0.04816613442422711,0.3349460335557348,0.08500907654689518,0.08274120157210867,0.1659101791113101,0.6191898274169475,0.10566064504086768,0.08590220832233231,0.15468501937942056,0.1204527043374475,0.31697508033515903,0.04852002471231403,0.046536702649784226,0.0,0.0,0.2771757844691705,0.5125109474319479,0.09236356271153576,0.07282401373842685,0.0,0.015420476352320215,0.0,0.10402343384298265,0.07531457914467476,0.01833480772973587,0.07957492123518663,0.24913987433794124,0.10650926591064325,0.22849341123241795,0.1609576602380757,0.12409785578994549,0.02988107628908401,0.29038512789032517,0.0,0.12885614300151363,0.03653542874997168,0.09109858138657381,0.038166518830239166,0.10630889408125663,0.1605604415516429,0.3479239130675785,0.00737189902507553
TARGET-10-PAPESW,0.00039722740815994117,0.1203998564408453,0.22902685147261928,0.18260770177940316,0.3832252979274351,0.0,0.008724237523857748,0.0,0.0,0.10487232471362415,0.23924480952317773,0.16212670799213277,0.0,0.0,0.0,0.1675499729042314,0.017211105203651256,0.033559551338262945,0.15805511078594492,0.16949789573114518,0.1753168098253958,0.3562571460525252,0.029818714304889554,0.23396607263415894,0.44286703080003914,0.607433981952912,0.04906213963016126,0.1482127335458706,0.4786061996633989,0.7385509914950861,0.3956273703271471,0.0,0.24234683778224853,0.05159191124860036,0.15788730613608526,0.19981372818624943,0.25715034402693937,0.13912214649490412,0.38139360160026753,0.17876772854843107,0.1909739351263663,0.023315341714558263,0.5710474537904968,0.0,0.08382436059088888,0.1068848490484407,0.39928955356266327,0.26402502744428163,0.13003045581500866,0.08684922858225978,0.044785272352889205,0.2407528034327223,0.35256731193195556,0.309107256260707,0.5539518331220162,0.764584532192068,0.025549672831956693,0.0,0.1870212177519807,0.0,0.2978666645036802,0.0834026607993981,0.0,0.31482893384224436,0.14322374058278994,0.05023455157889042,0.0,0.34602145773776016,0.1227198842744706,0.3837001095138418,0.010433302431148476,0.1348374879278441,0.1145640764582375,0.1445232372092698,0.23558518831112873,0.1845360520658093,0.2281499680472946,0.0,0.09336118675874276,0.20387684047542623,0.08241467882267346,0.0,0.0,0.028301526395420017,0.056476156517500056,0.19348945518582505,0.0,0.3351895193565898,0.0,0.014698997285422446,0.0,0.0,0.15644794169477838,0.02933993981765865,0.0,0.0,0.0,0.0,0.0,0.0,0.0,0.0,0.0,0.0,0.08173906909513062,0.0,0.0,0.0,0.0,0.2272898065209156,0.0,0.0,0.0,0.2466555182386504,0.0,0.0,0.2548615598632332,0.14716062282159845,0.6061062028250362,0.006904090059932212,0.0,0.9093720889400659,0.219643385829702,0.08487731918891114,0.4120726376460969,0.0,0.0,0.9723358640912839,0.0,0.25975977569109193,0.0,0.4080455743445848,0.11270629587934677,0.0,0.10447465022371948,0.0,0.15927040308035117,0.1673524190582112,0.16365123327095776,0.0,0.03441814026959954,0.0,0.0,0.0,0.13900442881940592,0.0,0.0,0.0,0.01572448108784693,0.5298077578157249,0.007846402725329625,0.04032354758789192,0.06111166950213399,0.6106678613738699,0.14016919940161768,0.0,0.0,0.5020751683775861,0.35820665818763725,0.06704878369780515,1.0,0.0,0.2088717497735441,0.0,0.12116165450436399,0.04852537289440622,0.0,0.0,0.0,0.0,0.1911461606850716,0.0,0.0,0.09891202140931982,0.48688873922658527,0.16327260534257293,0.0,0.38229237664426835,0.0,0.0,0.0,0.0,0.4090634689747082,0.06642572954426144,0.572921913720913,0.18827820005890353,0.09895493383428666,0.16847931843700636,0.0,1.0,0.0,0.0,0.12788522765146249,0.0,0.27348357969853637,0.03206470211894856,0.16182729555786526,0.14640932707318616,0.1158321736419614,0.16447265946715808
TARGET-10-PAPGFP,0.0007464464673636031,0.09452503961385142,0.0,0.08373931109242679,0.19878736714098968,0.0,0.012473410636535615,0.0,0.16118307503919643,0.08048771322790566,0.02857726997847563,0.1176112887895728,0.007152537781164896,0.0,0.0,0.353395704695087,0.023345693182348092,0.011034653203864384,0.061186648385965964,0.006645205419291089,0.039827964930520654,0.08349779667301095,0.09419875490406882,0.046194385240856645,0.044940912040748494,0.31430664490896487,0.04371834583559099,0.09921009690487718,0.258879833661371,0.09721322172216684,0.2826007414034677,0.025740542956550455,0.39802357955519,0.03302562174666364,0.3275233642765128,0.37650471846114414,0.19482899713152213,0.28902687364336105,0.27244549032285514,0.14118394959977446,0.07541198780504542,0.2366424160476122,0.30611215962767235,0.032691306165745865,0.3310064992500963,0.07688555483182717,0.04277386733388208,0.04431988925416819,0.03811306446373383,0.06932403741505716,0.05425027736424826,0.2520236025343055,0.2353829899583256,0.15431464574414708,0.28966792752122345,0.0,0.13674625109894467,0.0,0.41416843911558393,0.2096459811664,0.41591705668015827,0.1999793894443042,0.0,0.10784052103214263,0.22917837396761032,0.19202403417468222,0.0,0.23009398673494744,0.13883750289954605,0.23825975181369208,0.03736931275740022,0.27737266370978353,0.1467225090335874,0.32005439965787313,0.24752474651111878,0.32743347312736465,0.1644233252313393,0.11042605141630045,0.06803171614496106,0.06038033027107826,0.0,0.0,0.0,0.0,0.27566345789790225,0.5153754031908605,1.0,0.7941598470021999,0.0,0.14637037577482212,0.0,0.13605312697930616,0.2390279005127105,0.27024707754793037,0.2717116299356324,0.0,0.19192086979987116,0.0,0.0,0.0,0.04637645075784029,0.055542658117331986,0.0,0.0,0.051091298286699074,0.791814911128388,0.0,0.0,0.7051047061145944,0.18274052373876,0.0,0.0,0.0,0.0,0.0,0.1485513215640046,0.0,0.007263865209982771,0.18381911496805275,0.024536164781140322,0.1788931533593239,0.3590938223492706,0.28925736871975805,0.13406575394601747,0.15193488301137642,0.17391168130527612,0.0,0.0,0.0,0.4176926696807685,0.5469141270262405,0.1611293953226233,0.04450556125565493,0.20921095343627397,0.39341032970004697,0.18114111805043992,0.06397431524352681,0.1042988181260993,0.1276807230371732,0.0,0.10970851202172313,0.0,0.0,0.0,0.274451060762233,0.18381911496805275,0.0,0.0,0.25583487461597065,0.06973698447875798,0.07573587998455426,0.15923003278684122,0.07297550044363707,0.5822161938718227,0.04428012865773104,0.03557788927333183,0.3559590366517279,0.06608662804159172,0.0,0.10781416057790741,0.6271640282728719,0.0,0.16318868333793085,0.17411794745775183,0.0868708457922415,0.1722472692974151,0.0,0.055542658117331986,0.2402998258656887,0.0,0.0,0.0,0.2559492100010884,0.554636252729789,0.48758910479162987,0.39613685750401223,0.0,0.0,0.0,0.0,0.1094344718446427,0.0,0.24812049268665348,0.0,0.5791834205244177,0.0,0.10471803272811192,0.9608206993189556,0.0,0.26325404581661654,0.0,0.0,0.0742825794489192,0.0,0.13693846896659012,0.05397520113515883,0.1816025996028462,0.18655229840872434,0.3466862099284666,0.25978849598081905
TARGET-10-PAPGYC,0.0016567472547123513,0.0928776878472099,0.22384526944640795,0.17394639589163607,0.3951464824489668,0.0,0.0013950102221521583,0.0,0.22547265758391805,0.03367192621413878,0.24401604289708045,0.06288958378751199,0.03251756633114777,0.0,0.0699809413997875,0.22880878614040628,0.04385461914074245,0.03615364383916503,0.1584970344834356,0.2663846049648125,0.1648251202395301,0.4449801877530824,0.23471701911017834,0.16962624384728844,0.35400631353494544,0.4285121470131505,0.0528820467308124,0.32239669824713885,0.42782577186127413,0.2719756830076021,0.11947062901439094,0.011720774814310534,0.34231878436451657,0.22687472498349034,0.32617939070369917,0.33928601838615463,0.15190994012965822,0.1316665532474007,0.3056904882198012,0.19749675634414462,0.1384567936456804,0.14881243014806858,0.44785153134447414,0.0157781808011118,0.2778192594448747,0.2986388186984254,0.23304647332155032,0.13278978025649246,0.17740600329846595,0.09783532689462947,0.03214994150344386,0.3378561955564181,0.3245873454990257,0.4841197727584803,0.4513908746209435,0.0,0.05465441708882463,0.0,0.3615760424793583,0.026146344397592974,0.16453657564999996,0.0921405396382245,0.0,0.1366407079801367,0.11690455587637352,0.05896608530158385,0.04540638199957426,0.0788796272067073,0.09332005296634865,0.1853092159703647,0.032229462612368955,0.014705034619304815,0.19617833253446113,0.15966455912904573,0.1508883569720968,0.3271832291892389,0.1541620492456893,0.07723529083275657,0.09024958033543082,0.16188871998198295,0.13657354288724052,0.28325240165241505,0.0,0.03126660336330989,0.15368422508714308,0.43940476008110924,0.3854844362988332,0.27772990046674667,0.1265891143464319,0.0,0.25826509355142896,0.06363037921377065,0.0922288616267168,0.03668296325842448,0.28506502597968364,0.17538495087874525,0.09394699211913167,0.04781601079177344,0.0,0.0,0.015837892491345446,0.0,0.2368490869687336,0.0,0.12582093424782378,0.548173185705477,0.014714772030084982,0.044847189011817196,0.0,0.06277554842771005,0.07474533338082552,0.0,0.0,0.17031067769518968,0.352287764258999,0.0676418590261744,0.08798839224988163,0.005080567524933682,0.3348031829625814,0.10809040836838839,0.03177259980613117,0.18837073849200023,0.29952706914621074,0.1406545090995566,0.24388092749491475,0.0,0.09336323625006736,1.0,0.12748853192590323,0.10761532279773096,0.1912640682141582,0.05634939178546946,0.3579783653876894,0.3658216079093011,0.3606880724121044,0.0,0.042105584793798785,0.0,0.025708918064169244,0.010107941191720654,0.02376503406930495,0.09663122718024914,0.7404150410471738,0.0,0.01919593180747374,0.0,0.541796722236914,0.0,0.04386403482478335,0.3902095548012456,0.025593436659357902,0.22274067101008255,0.07032726831312526,0.1686614867998111,0.056134703176569996,0.008100070562712789,0.1659789742025548,0.09244598200942634,0.0,0.18518324855603022,0.6254932833374997,0.0849756010373981,0.1637551078912824,0.3361461184019784,0.12106705860915777,0.19423423949287313,0.2542265771184726,0.21366530984670826,0.8403653736476742,0.22423600014247658,0.03959473122836361,0.0,0.0,0.20161555398537748,0.2913617733722608,0.24802004684430784,0.0,0.1055859652085552,0.0,0.11273632879195902,0.0,0.0,0.05648995878806782,0.009173116176391377,0.23735452402913096,0.052000868171763574,0.3439107313626109,0.05786748152304941,0.10558593467605512,0.09206388588003445,0.08735077388730227,0.09816342145490659,0.15360259281837552,0.0,0.01888347080357202,0.018705465890772405,0.06952614510872168,0.06065559666973145,0.21601397257920996,0.0
TARGET-10-PAPHJF,0.0010459884897298512,0.16515469470717442,0.3112552712068505,0.06345769567783276,0.7990953391965598,0.02939337786104097,0.0012331618284222618,0.022241560029445856,0.41356620046720804,0.014806726901079306,0.18963807608889577,0.3169874320001014,0.22588603848084088,0.4209331073948553,0.34002122051705075,0.9206202692684161,0.051201913566708813,0.1360880195902064,0.12101101247448177,0.05685761836961034,0.4584135648786007,0.42063687729148885,0.05703570279617999,0.1030022065659459,0.7664821187452991,0.5969996112556719,0.6237203093963706,0.5384726529295704,0.4556057836465035,0.6988152114161598,0.23239175055201083,0.18828166158350831,0.8156841891971778,0.04882131727717273,0.7249541807372132,0.7652136058021637,0.019341850494257695,0.13063576873427674,0.5693259060687402,0.09992454570224896,0.0506659951881789,0.7021654494758982,0.4992643078528785,0.010405604078227175,0.1844865863801963,0.2788618132638448,0.014916833488964196,0.005670926490732132,0.5043084145986023,0.24890867909488412,0.02381704956174676,0.13757490686396126,0.29560196708720327,0.1129125853451321,0.2843154544489731,0.0,0.13840244765342352,0.06259526757314056,0.267877213321271,0.13146101288692,0.6256639917734415,0.08887045133331747,0.0,0.07797442909878596,0.11201712208292366,0.04617660825353139,0.0,0.126836211928533,0.04531080796286173,0.16097988789744488,0.038074472400946066,0.06962725840178521,0.2631531577311993,0.08331088635957165,0.08981951475497507,0.11404216633015332,0.2671721762434186,0.23202025456009992,0.033978700241432916,1.0,0.128843597795491,0.274091073973594,0.00840725366978268,0.006180185461330963,0.5357247615419932,0.29149396076696654,0.22672180438427203,0.13466501559667846,0.13610539676273511,0.012781060519086155,0.23520210792386867,0.0,0.16995108798662434,0.19725317407861553,0.37257905938087,0.22738760327760033,0.2534059535373134,0.0,0.0,0.10145109816158779,0.0070108015862240785,0.0,0.3033488083662478,0.10350042652863525,0.38558382470114866,0.2773585694753492,0.7706328078982587,0.05955617087946829,0.053295898147688134,0.004963320956693911,0.19146291085347963,0.0,0.0,0.054934056295767794,0.05570695237006366,0.08448740804504365,0.20088153123905966,0.0,0.013235523688946623,0.020377839835779427,0.36207259658868907,0.20055538101018602,0.0362112112964441,0.14381436627198357,0.41850767207607253,0.0,0.14908575842267655,0.0034637726848465444,0.0,0.0635249960211498,0.030244417828481387,0.23699285748016985,0.28498117830502867,0.18741288587699226,0.28287254553237917,0.9134076322284499,0.512425775020662,0.49148466615158065,0.433884639630089,0.12307351040455047,0.14369189034038063,0.20016295206472845,0.3148051014035078,0.4189513639243656,0.7236119024744968,0.1932004095956515,0.3864559640027725,0.1097297806164753,0.22626773140912668,0.3555250091171768,0.2376624561774775,0.06761810566401658,0.12827551870130288,0.6549495378939609,0.07351585740368013,0.005378365926586383,0.46844834851529793,0.10596574987919906,0.06569098218916111,0.497751598909488,0.08503437198740649,0.19614308348522566,0.06402200288891624,0.3519270012965544,0.021944683398953828,0.0,0.007309200657926802,0.031326464755911776,0.3773706409459134,0.07326898141950054,0.0,0.0,0.0,0.14120149586235697,0.3217525442114203,0.34295140134629526,0.0,0.05175022822903235,0.0,0.18181686259229451,0.023638755366411725,0.031760735571990835,0.01786541437346198,0.05366285022103992,0.22266539641908636,0.02466848257361658,0.138515469685387,0.12410003791225661,0.0,0.19215107542172707,0.0,0.0,0.15907076057503838,0.0,0.13554542434282385,0.08566895955269728,0.23563937233470245,0.3661241153280843,0.3384821078186005,0.5760137278681297
TARGET-10-PAPIJB,0.0008141950589009663,0.12625855254503804,0.3706665573056217,0.2975771798313362,0.6759730057642378,0.0,0.030538351286947717,0.0,0.0,0.055936002324816624,0.27328003167064896,0.0958396638599879,0.023645239326980663,0.0,0.023211601571503995,0.3632591263340721,0.020359181416032743,0.10193557918131237,0.07939342440176268,0.15135167346741055,0.1851028912509688,0.6043060262993648,0.39335660128224,0.21902098536673278,0.30248929779669226,0.42858899065096984,0.12691162714290083,0.3683659360774197,0.5284005165566145,0.3382870844189798,0.21666061136664627,0.005831401014132134,0.598444807713453,0.08589110039703002,0.30666636802285985,0.34437492574985173,0.6124851243758116,0.3017012436775714,0.2766930689955317,0.19651936626503255,0.06560551878755398,0.09817638506223697,0.43187608384867726,0.006728613581485786,0.54137024852267,0.5192774140252984,0.5468882559475271,0.32827714057464547,0.1777835682508508,0.07922129349775439,0.04461255615318361,0.4027120045927008,0.19378866969149589,0.37035265001257556,0.5537955063356269,0.0,0.05073707818843183,0.5908356660111318,0.8223698496713395,0.0,0.20465298938244034,0.17190856332314078,0.0,0.17304576119611878,0.09919340334544985,0.04486855771621003,0.010040365128002531,0.5351205453885247,0.13463264601265348,0.5185946001606672,0.011322480285897064,0.1534470681350953,0.19520750179104968,0.7347941794705516,0.3906070683757544,0.4767769760855218,0.19483641767918755,0.11527969797323252,0.14967162575997886,0.23112567815638654,0.022649598784324515,0.16911033901318687,0.026452023336688682,0.09333560497840501,0.024600223456856918,0.3532919847828828,0.38357650516678565,0.18423704821545245,0.02099381163132258,0.03246238900028224,0.051397478492550365,0.0,0.09956127659150175,0.07938294186303191,0.18910284602841085,0.1745172293047324,0.06543748215653425,0.04757950532117665,0.0,0.22209750185183005,0.13132937138778994,0.0,0.4713545399880516,0.0,0.3735016655163416,0.0,0.0,0.13387585774553987,0.07986910581580464,0.14054610628425135,0.297502115654121,0.22312634769283826,0.0,0.10168067869709294,0.7010896228940928,0.0785249785878411,0.2626587939907743,0.5257645476174776,0.2498597659839843,0.008821741941699,0.019759597685295137,0.12495900763304957,0.8903617172147461,0.08164247343169849,0.17796095942707352,0.0,0.011612672933502852,0.33402782336958037,0.0,0.392636671048314,0.09515902310394218,0.2242824068572635,0.4026686695399714,0.21840667818169435,0.5024643952983467,0.0,0.2529086217578071,0.28668627812576336,0.3907311571913619,0.005028972866556612,0.09458966810658755,0.08012747876228768,0.08186137600184575,0.0,0.0,0.0,0.239607040378174,0.328881122299345,0.007778667977780904,0.2912089042422591,0.008437186239806396,0.09142583824407985,0.15115515214641903,0.6041766065853292,0.15601412909674323,0.06447991766736992,0.0,0.6669170245332564,0.1968884274254513,0.1013467583997744,0.4445699699471479,0.3382207282266488,0.48494993332406344,0.5495072113400804,0.1917731197142436,0.16689764744306704,0.0,0.05798399776655619,0.4181032478833912,0.07437563126738224,0.11819645159933079,0.0,0.057984110330774635,0.23080408053565252,0.557538376472824,0.13461421372144247,0.1849623958078792,0.0,0.0,0.0,0.1239590955851105,0.0,0.05621055061356859,0.08214954984070173,0.4461176433199688,0.05174352132518103,0.2574919416344579,0.20539242847572925,0.2101268019027515,0.6412584037808693,0.0,0.0,0.10542683165842182,0.1120089329686691,0.03758003697132985,0.007686406118172536,0.03706183412868648,0.18106629290016346,0.29789379518737785,0.1582042748181254
TARGET-10-PAPISG,0.0007056784112164027,0.40289847575125476,0.00256453146319649,0.1469748746191049,0.14830448695466905,1.0,0.0,0.0,0.0,0.2515552919915573,0.2213311828937547,0.2720567273569616,0.026913287218223864,0.0,0.0,0.041492160308320175,0.0014462194785953846,0.000279314072533848,0.05024321840005208,0.11576915360509211,0.0,0.1087458957840645,0.1772237020912802,0.0,0.05713197580202973,0.17078076007269938,0.0,0.038541719360485296,0.07323589317597834,0.1828951269182238,0.08655659986865728,0.03152743717785139,0.05635967588444077,0.5355418637663736,0.037631565807290907,0.13956406749091274,0.042453896236195575,0.20677721544668093,0.012240716861054702,0.06640519093115066,0.0,0.3992975287725282,0.02770030745248974,0.0,0.0,0.0,0.04032012696705989,0.1430913143292999,0.7858678534786501,0.07644531975313171,0.02443942045764736,0.006361572839787747,0.08730994068869387,0.2598609850840593,0.05632590268132168,0.0,0.3113436675151332,0.0,0.1389420761100293,0.2109913150329737,0.22129153722544717,0.061961626514145614,1.0,0.16706656885622373,0.5329897404142707,0.13062114237376216,0.0,0.14559470400604282,0.1758024189770004,0.07946428785535159,0.0017284963012559108,0.5229102392487978,0.11915697332219856,0.4294776574629701,0.16446271291956469,0.2819783875660099,0.04518996252618379,0.0,0.1387200583150787,0.07573225429624264,0.0,0.0,0.0,0.021025811304882302,0.5236997819852963,0.2018308238324279,0.41476176198580245,0.24901948703750326,0.1135029259222835,0.2288707902997871,0.0,0.18256825507935603,0.38214102465361205,0.0847558881845005,0.0,0.23588193222597365,0.5559524772545341,0.0,0.0,0.3001928470685611,0.08520395084133872,0.0,0.0,0.0,0.002056830574828133,0.0,0.0,0.24126680301834064,0.0,0.16885847486322672,0.40211143714224773,0.0,0.0,0.0,0.0,0.9703898402316403,0.09467106105307965,0.04099829815208362,0.45028930501007364,0.014392651495239505,0.021366078061845938,0.0,0.08158890013484066,0.0,0.2624036902233279,0.0,0.0,0.07603886857731074,0.6858568217321139,0.09649055587975816,0.0,0.0,0.0,0.0,0.0,0.0,0.5816923674374262,0.6944368219816265,0.6944359871903134,0.0,0.0,0.0,0.0,0.0,0.4130774927210632,0.22514465250503682,0.0,0.4445241017730997,0.0,0.0,0.0012387565172517008,0.01497861441960355,0.0,0.09073566553445711,0.01041347141184761,0.26145827713398967,0.22323147423778417,0.0,0.0,0.24905990132038566,0.043701266231463476,0.0,0.0696978956975049,0.3875104399361646,0.1338517845353695,0.31026269601222967,0.6216706950525986,0.2089938246214626,0.904191145433681,0.0,0.0,0.8520396316063882,0.0,0.3976230391235976,0.723440185834422,0.12129872231008017,1.0,0.0,0.0,0.0,0.13403712742179416,0.0,0.0,0.0,0.8512719690113522,0.4196277457213773,0.07096080474983846,0.017766366881584197,0.0,0.495280973214808,0.0,0.0,0.22607910160194797,0.0,0.6095304608011227,0.23491212705131773,0.14694164315035846,0.054385322356720195,0.545255147588066,0.0
TARGET-10-PAPJHB,0.009543013464096924,0.04039715579583505,0.21332838424957476,0.0964243748608855,0.30996308329008027,0.0,6.372003148947678e-05,0.0,0.05664419136140575,0.040835238986322464,0.04026879338558659,0.15196429132943792,0.044588582981353396,0.0,0.0,0.4861046649066022,0.01910855869673711,0.11138476043113316,0.08069671175714899,0.2948815458898951,0.036427330723195685,0.34323780357901457,0.19023842110383218,0.23504711197648284,0.735612334612574,0.5320720454125272,0.10993167137581257,0.16319358144652668,0.3173422406425592,0.06401860161279029,0.21940390073406874,0.008090975415558303,0.3094788621133254,0.15494359125105905,0.25702068173672,0.2614676719819554,0.3125534112794464,0.034712727111906184,0.5237736891185198,0.15348567078262196,0.13492790213411707,0.16257682205474844,0.6879199914021824,0.00792772213537661,0.3095733734533196,0.1273148701085888,0.4407244579571275,0.1954559849072355,0.14641095219848133,0.16453317762971725,0.0036201629993277643,0.3884567472467157,0.21598382806832891,0.3263754360592135,0.5226794652273967,0.0,0.0341969114943762,0.0,0.28852980932528577,0.019705784523880707,0.21692038948175746,0.04770419417553392,0.09339618799380957,0.053023903875690614,0.271383128479971,0.19557022704617155,0.01646581192459616,0.01972346794120662,0.021143177355028738,0.07754350184333278,0.019233176991141798,0.09512364196166595,0.1978001822870557,0.1603576458838299,0.10573145397864572,0.05556985476415241,0.5861350429667582,0.09457003744874701,0.039918774417267634,0.1272846407873545,0.04574745172142873,0.10667668525266416,0.0,0.005395913451521602,0.270243731059954,0.3069991583118645,0.5807148196164712,0.04651494165095336,0.09273307848257673,0.014897759414907149,0.27239124474850984,0.2641990903141128,0.12580937763053324,0.044901937247234826,0.19097396618659468,0.27528352856468336,0.04482242573979241,0.0,0.0,0.014018433789606127,0.026525761827243158,0.0,0.059502225900884984,0.0,0.2812082366196649,0.0,0.0,0.08445038205817659,0.0,0.007885368931336945,0.1407506713389153,0.06191698236681024,0.0,0.0,0.08850321696120302,0.048122491751610305,0.0,0.0012763615872127523,0.021027652291161346,0.01860209756464025,0.019955113310631982,0.6542901102249709,0.19417754922946767,0.09125812226529215,0.4154891631171277,0.0,0.017591317244406674,0.7581032074194414,0.0,0.19136230918711597,0.14415049607225386,0.24767330279117242,0.24426156763768228,0.1377733650196971,0.28435013956437705,0.0,0.011366927166149083,0.0018004454023239115,0.0,0.0,0.0,0.06269534818256665,0.12400671607288181,0.0,0.5181396960737009,0.06308295687348403,0.1436072342662162,0.0,0.0036526360424961653,0.49600607544614056,0.013970478792575033,0.060495142824053216,0.17554709475451202,0.5822941196007043,0.16185262204596235,0.030505994636098013,0.2552615633021784,0.06674522578350978,0.12427282929893022,0.1313540438634106,0.5323691981002746,0.20271083552250646,0.010460500573515823,0.2245986760638641,0.11477218993840042,0.06380984976435478,0.16246995484063959,0.0,0.2742691353262498,0.0,0.019894310526482443,0.0,0.08045202345754632,0.08042761374096517,0.1519749695116936,0.2490339982475066,0.0,0.0,0.0,0.0,0.012518556750836095,0.15137768475250357,0.0,0.03110067043547958,0.1887378684253673,0.035896751932451225,0.10607380872242853,0.004368636350410412,0.0,0.0,0.043889259164807445,0.0,0.031776118365508595,0.0,0.01897594050164501,0.04215355788306196,0.013094465527614233,0.07573375969697434,0.1331057030865596,0.05418224483935966
TARGET-10-PAPJXI,0.0061715585329416515,0.16909313949962324,0.263138113266809,0.29708764669276083,0.3389041014858196,0.0,2.4471569381171975e-05,0.0,0.05901048964219618,0.02539300263147615,0.2675954552780385,0.2889971202607433,0.0043440375026255525,0.0,0.0,0.03770271677132389,0.04044423262762835,0.012535495128835648,0.040630645561741834,0.18644324169699233,0.030247671967090765,0.19445429952757856,0.15933869652946914,0.042074601597605905,0.2864529800432227,0.37736860672787426,0.1095266932813738,0.38150382199264626,0.3133603910504307,0.13678308223800348,0.05535073524915558,0.0,0.27231580831341023,0.3675785713228705,0.20045395714027953,0.21323728058385133,0.07677671031883279,0.12100258267567501,0.16057674735063068,0.06937451362065014,0.0686716282402328,0.1549657751223852,0.23343435593835865,0.0023596841437754394,0.06891112356970147,0.3060154953096418,0.2960361248697799,0.3818398726539911,0.16602312326285235,0.04150111866509473,0.024627276911804462,0.03941077514586726,0.31755870681439974,0.9999999999999999,0.2554295336675891,0.0,0.12539678940815674,0.0,0.10391160083436543,0.028821902858838937,0.5145598277541802,0.04317211151452508,0.23046423189704324,0.20302621214861902,0.21573839724230603,0.11355191692252765,0.0019470694997763389,0.12873590394909745,0.2879802339422506,0.07521667935053253,0.012401740988546997,0.12150862122637343,0.04674002783596965,0.11110863927173853,0.10573068229385124,0.16240342085100662,0.02396028469807244,0.03511761326426834,0.054007983484173884,0.2486593883145392,0.008784609406710492,0.021863034986131097,0.030777962913320602,0.031674977127718884,0.23620068588155324,0.15213885000345195,0.05950777234893435,0.10718377712177832,0.07674384956540199,0.0922265352111069,0.0,0.004440872055442449,0.18929455389037303,0.030820674757995957,0.03667161294721464,0.14256763929296906,0.08284845934345102,0.0,0.0,0.12759991668101928,0.0803023987250985,0.0,0.24795167171221497,0.11053540187672599,0.10100951958535419,0.0,0.015404544600188216,0.18043792371413703,0.0,0.018170131927990326,0.02884638611066417,0.051923359419639055,0.0,0.0,0.5532025129780758,0.12302234706901971,0.05042803241194135,0.010919187805469138,0.11992684678513947,0.02251114709999481,0.03305065744046106,0.02423257216075302,0.07043720497375291,0.018094174106030776,0.2531871266271377,0.0,0.08169175299691317,0.10285765504602157,0.1968056988070689,0.25603174041784804,0.03690716805483785,0.05899083704307518,0.09010039800286705,0.0,0.07475151961626099,0.0,0.22125744507160083,0.22017167110138264,0.23087188610089904,0.0,0.011005911768017615,0.14381216616417528,0.031749711827119706,0.0,0.2718899348846521,0.15222926811712306,0.17918519539496114,0.0,0.002824266974463838,0.04706026153272767,0.0023207904955953006,0.013660009548759936,0.046982302452679876,0.2528824320624603,0.0722300774104868,0.06963491338675465,0.13952387619444614,0.06243563560030631,0.019090686416627423,0.15566707890945763,0.12089549774975145,0.0,0.10922982265963652,0.29577475949102894,0.15798053962502057,0.1202470572515068,0.47251890944569047,0.07815085065993627,0.46784015915590654,0.02884638611066417,0.04654436570772894,0.0,0.08349289925020245,0.3422581698484136,0.13590774865801117,0.1205216477389563,0.0,0.0,0.0,0.0,0.05769269611200076,0.0,0.12454116567357634,0.12638725256111258,0.1991126805426047,0.06447279073357666,0.11438084960776013,0.018733995101028786,0.0,0.2993492049564405,0.06742238041217531,0.03788410365105814,0.19356283127793367,0.0,0.01976865612360406,0.09373413488138246,0.06403969639691469,0.12480083882246128,0.14099437755711602,0.08886425852542612
TARGET-10-PAPKNC,0.00362998109702267,0.0682911283725571,0.25343329349523536,0.14514471394576006,0.4566811103220588,0.0,0.0,0.0,0.0,0.02877557226596273,0.05192308741412964,0.09341135783959278,0.14957408200788205,0.13371526592747215,0.10332531430846517,0.7933332369189707,0.11613434078730935,0.0056086380552579215,0.0417858742193499,0.08828193755375013,0.20467343740327876,0.23834042770557143,0.1945567669557984,0.29517230368676944,0.5126005845117548,0.2691679469692719,0.05663656837307392,0.3956054997520874,0.26719982686822374,0.45176154062738816,0.12233240849165085,0.0,0.2836483237020313,0.05009062499207621,0.27019348526644044,0.2935557366270821,0.005825750780422527,0.046696319575857605,0.2590659359884928,0.10934977461747174,0.21416294753294857,0.19337821110545633,0.3972373001709121,0.009984050241947753,0.2563710747039031,0.5443388659456186,0.1815146620002642,0.05072956984147145,0.1589742290688424,0.18180096476160343,0.010548556312223623,1.0,0.191698283954656,0.18199643060585638,0.30867056386461955,0.0,0.060375606932583474,0.0,0.2287966421671433,0.0,0.18220096487219906,0.11903791414867648,0.0,0.06419216860319482,0.04985487652647167,0.06657686168642309,0.08193957663635983,0.030161894957147696,0.013089730127375198,0.011127798407111422,0.16096828578094322,0.09793029905521203,0.24293457410176097,0.0294676656444548,0.06689820101003986,0.17162939693812757,0.1225011301832549,0.28509043203974677,0.26015754684964565,0.19745541368202224,0.0,0.08364319477254469,0.0,0.0,0.20835106692779376,0.7801582147062286,0.6829903589934165,0.8201233789431276,0.09345293036574231,0.05299378951512271,0.07626455202798266,0.06263250510432845,0.04798995658953059,0.14126250541871285,0.7014868508917619,0.5179039324382808,0.09709737370942985,0.0,0.20910764418717048,0.08238813716211456,0.12471623913309707,0.0,0.3497022294036869,0.0,0.028270293816203648,0.0,0.0,0.0,0.0,0.04634332671104468,0.22071953120298118,0.06621596591961473,0.0,0.3520434255090536,0.0,0.016645290529187534,0.0259825872181344,0.0,0.12358221518626078,0.04647950040985108,0.07036726459967657,0.0,0.0,0.15575488594287615,0.312073310023938,0.0,0.13784864051955592,0.05738956108410357,0.0,0.07944575107920172,0.0,0.16639716188158063,0.32172417041530493,0.1080255200798304,0.21301899626023896,0.5611897168700639,0.1729737619315165,0.13649336867153403,0.3011014590235458,0.02238622787337618,0.08421242271842398,0.02377898647026791,0.24293446962220736,0.021081190067778314,0.14171181161856153,0.18537343739648643,0.17776664716794857,0.24399990223873297,0.06540546292085313,0.7561775718787529,0.11879929395872109,0.5590814956738834,0.10383657982284931,0.9462942066262368,0.10860346490936544,0.059797861609057014,0.24506436519629124,0.10237083793760988,0.07303679490521242,0.5468376193650818,0.2878523686009766,0.3763937942295197,0.0625714744056354,0.24815599212716533,0.057622859775700225,0.07659550671512746,0.0,0.08603780554781829,0.3722340700247323,0.0,0.03897380665584295,0.0,0.0,0.13470972324681937,0.1654572828565978,0.09987161967312727,0.09148373652629577,0.0,0.0,0.0,0.0,0.0,0.0,0.2844219217408571,0.19469356240163468,0.038389114128697915,0.5534454965294824,0.5251288386224,0.1558954932550641,0.1359302100415726,0.0,0.0,0.023790492527458622,0.6648048094245038,0.027881062040340784,0.022258982194088395,0.0,0.09950732082351066,0.24731806607065981,0.10060567636846982
TARGET-10-PAPLDM,0.00018657076131988528,0.10640384204279807,0.9999999999999999,0.554128162110335,0.30320085728720636,0.0,0.03959637639775759,0.0,0.44183302900382665,1.0000000000000002,0.2544741863399852,0.0330002495316882,0.04901609425728321,0.0,0.0,0.0268686268739245,0.012289902908700065,0.0048713473925279605,0.6413197746334718,0.07901610137900966,0.004220105665991607,0.4409040092079865,0.24745734100976102,0.3060162893060355,0.1769821974338345,0.20999357612907588,0.04239471531607225,0.1107994877680654,0.2079657198584973,0.1776531115411488,0.06428770488763123,0.0,0.04551175341966639,0.052774823125259204,0.11809110856640463,0.13884276910008858,0.9999999999999999,0.3264660260718828,0.06894565007290505,0.2902586878930334,0.05167958702989584,0.27344678646094844,0.0962380740670279,0.0,0.0,0.17529971792878776,0.6932853282802821,0.7146441099111497,0.10600461144957851,0.020083265035586783,0.011271830378824545,0.03635729681507523,0.08480752272177734,0.4128217469454214,0.17816017510885712,0.0,0.14552739133758363,0.0,0.0,0.0,0.4298980602517896,0.0,0.7285040115663435,0.259645153302152,0.6283130938688729,0.10875202995961626,0.0,0.22129123929019653,0.05884176112435489,1.0,0.0005151994738060682,0.02570222912980312,0.05787088871421695,0.0,0.4365829446390353,0.7531816650889134,0.04812205339641956,0.050449727637784485,0.0,0.0735616680797003,0.0,0.0,0.138913784223724,0.16338547074179985,0.06291308849057788,0.0604972423224549,0.0,0.0,0.11024978247853474,0.39581891167992833,0.0,0.033250426552494584,1.0,0.07460601650433138,0.0,0.11456062258842813,0.0,0.0,0.0,0.2186916933329686,0.2206983821838819,0.0,0.0,0.0,0.04798929986866277,0.0,0.0,0.11717588923776531,0.0,0.2050234605413921,0.7811727868128935,0.0,0.8146233317403468,0.08899680752953609,0.0,0.14727767633460892,0.1379364955128215,0.0,0.4373834200870127,0.00013889957069702962,0.07263794337097393,0.0,0.4556901354653531,0.0,0.10620118943194805,0.0,0.0,0.25850824972484915,0.3330996306613251,0.18745001876445402,0.0,0.0,0.162664117038504,0.0,0.0,0.0,0.2555844109036793,0.20963167608946273,0.16764826284335632,0.0,0.0,0.0,0.0,0.0,0.0,0.21869171004350635,0.0,0.0,0.0,0.0,0.0014716097626417614,0.0,0.05144989888636867,0.13220259266798803,0.03540252659002462,0.27512824986015233,0.0,0.36231167617524407,0.2584920803083664,0.12096075815481243,0.0,0.22202264700351695,0.25676488069897535,0.3136699000192606,0.5465039425886871,0.399422992946191,0.0,0.05075094654310945,0.0,0.0,0.17242061108115772,0.0,0.1522528558282708,0.16753898114124388,0.8783817958477959,0.05891107053384356,0.0,0.0,0.0,0.0,0.13019544670080826,0.0,0.0,0.0,0.6890611603986113,0.1358668871655844,0.0,0.007793555846319105,0.0,0.12027139194649013,0.0,0.5129590707042682,0.1912643341243992,0.0,0.0,0.006855932306240972,0.05190185527330244,0.14087084624782012,0.027132024914235317,0.0
TARGET-10-PAPLTZ,0.027602972241579538,0.35548952579425425,0.26041721531647755,0.3829670970298709,0.40434262577785507,0.0,0.00015812925006267032,0.07516301347752712,0.19214301901869016,0.13130512448130577,0.7446016272964572,0.23736659911942629,0.013863075595938518,0.0,0.02493097709952535,0.05636899971446046,0.005753913029875512,0.0030563135552919255,0.08789969072399374,0.058501083862173966,0.03347869155297493,0.48085121297160205,0.5904015842517101,0.027321212173232242,0.1156290086976641,0.24340529941079458,0.015833019018789897,0.23882076853951756,0.3960404203580725,0.22654230706776368,0.3114244609562453,0.044982933659230694,0.07287918993700464,0.3879588893025793,0.08997734834223298,0.172523065977563,0.08680101099889005,0.2391364773012941,0.10613960525489181,0.27693958450103817,0.15929549290830602,0.05665032932620616,0.1164384220682977,0.0036682986650655256,0.02474352557338436,0.03954709365108158,0.1097537498392096,0.14446280538027875,0.19380911357266206,0.028148807654559977,0.09226319442981827,0.04212286980264424,0.22286281060207375,0.4684841245992122,0.11923265917566934,0.0,0.2844223201928699,0.07051128466763948,0.2009581480425727,0.1296662676911851,0.3766812713313271,0.05390111387215311,0.21747780402378433,0.2050255133049566,0.5393985671053989,0.18383956074671964,0.004615997934916658,0.5215603094130609,0.233959487281372,0.30509352649570265,0.013981003605424336,0.16463261729481668,0.14344256044333453,0.16143324218987426,0.24533731939074033,0.3948260752039751,0.09821521357608559,0.0766057863644594,0.11785537710773002,0.20693063938009754,0.0,0.0,0.07576386127347076,0.11594545949589367,0.11717387478143225,0.2617727062214624,0.20786905460703292,0.13417288923810167,0.23608200648802768,0.18575111465300737,0.0,0.0,0.33234599507013035,0.11653266709942128,0.03385192074778185,0.0,0.15007854727069847,0.0,0.025915795173423344,0.1985680658152706,0.20675802188424766,0.0,0.10835106897081842,0.24706620591934994,0.03112858479467414,0.46983941449290906,0.0,0.2258577209749521,0.0,0.20038791579460974,0.4296861789955975,0.0,0.26422466290403057,0.15251224906008604,0.41216854107661705,0.1663112485002226,0.2514839825694823,0.0,0.18738405048103646,0.0854111933412119,0.03778411520331026,0.04473847170825919,0.14971638146216718,0.03758154366569883,0.3672165084701129,0.04832871959410661,0.051026006754365215,0.12219508155117559,0.0,0.8312490052874497,0.03406936394687086,0.17200429149975016,0.16306970740800258,0.10426022626628569,0.27381510551155414,0.0,0.6430240206295504,0.5025887713488498,0.7002813453234131,0.0082250557472894,0.028516616799887012,0.08436853737201334,0.029308466199281347,0.0,0.2911082100392391,0.08301853748128014,0.18375689736925582,0.07560046237458497,0.00015472039912648534,0.03475340875542856,0.014092901565452703,0.001983801696663293,0.0482185817182012,0.2899188172805177,0.02343067116581164,0.07870087319582358,0.246939476850667,0.18226175060533392,0.20626842143196608,0.6075482272080749,0.0,0.4410221871375297,0.3667748475485151,0.4597707116792941,0.20427423672325395,0.21230050645834864,0.4889653071850513,0.0,0.18371469039029928,0.31167546295670806,0.04231735788172258,0.037615354341296446,0.2075974655431779,0.5854797158064615,0.41955261065100724,0.1341810922146193,0.056690186256142916,0.0,0.1715685764236778,0.0,0.23824438875789114,0.08171934176978445,0.020124814694827794,0.0345365065564321,0.3997336235930913,0.36756649289939175,0.2057907618569224,0.10900303786580404,0.6711001547069966,0.15690978378607348,0.07992050843216351,0.08981340637277753,0.23118243672099256,0.0,0.07109569972461821,0.016890939314142307,0.05420232376968255,0.30222628054308465,0.2113228715637494,0.008091609359394354
TARGET-10-PAPLUG,0.0022418891467055804,0.11471320047796227,0.34080179567569624,0.09117809829556085,0.8537728862099442,0.0,0.00013821161719558466,0.0,0.08190899508276796,0.01119804004278819,0.38886682803270006,0.0162937486644249,0.025443148629906973,0.0,0.0,0.6444214323607785,0.0058580761876759445,0.01589592789830945,0.05295837519803276,0.16277201893289067,0.051160027981589334,0.060569622424488226,0.07479593216063406,0.11150530722961242,0.3597732584798396,0.14233352585193015,0.020924795476812773,0.39642451725340017,0.28385113843203225,0.4199109434659348,0.09888183871734017,0.0,0.37267201861662974,0.14778935257880838,0.5113030283491343,0.5246387571867432,0.33827947995187413,0.11018183318651512,0.10131440064652919,0.6188098233923197,0.3065795261417963,0.21259665256526153,0.17096551132403337,0.0016376694897917029,0.42052250668585417,0.23863625472424646,0.27201755644500736,0.06167477362210766,0.2865055775352773,0.06065161495703933,0.00921069652503834,0.5089511759640342,0.1532897684441094,0.2042298800770884,0.3605382434212937,0.0767138498908376,0.10016251968644442,0.0,0.1313524345207739,0.018996722863371725,0.11954488061666742,0.04184068980444954,0.0675266758980207,0.1263524446651526,0.19896556371479698,0.042842074936582875,0.003665572674709331,0.15035293726825708,0.02250252850022318,0.47776747530157054,0.031994538292677614,0.04171762687007994,0.17931726516450966,0.26101122450719777,0.24425716274851955,0.3486248816131588,0.05474968934235288,0.04208679462078278,0.04371415790573992,0.3835467097334618,0.016537994253893573,0.08231914026754776,0.057943186022682315,0.30099875921895586,0.1487265273674222,1.0,0.8402257591817602,0.5044645064322512,0.10730288522043195,0.0512061808479114,0.03752864995715061,0.0,0.08807048533600255,0.050093887007136094,0.6903845243008803,0.7327040490631346,0.10921219928035385,0.0,0.0,0.04054205018180563,0.1380851811062535,0.0,0.08604178842687221,0.0,0.05780083033585138,0.17069054448942386,0.06414651162715722,0.06516778084948435,0.0,0.06841479499115315,0.7059856942068129,0.097751916923411,0.1510185388907406,0.0,0.12797798659764323,0.1392455386447014,0.07671396107050708,0.0,0.1520329290329916,0.039689506101382735,0.0519401752424769,0.04562048471335094,0.3278114593294917,0.21290247939996804,0.6969582828734544,0.002397308155705819,0.025437572749803704,0.2901083238003455,0.0,0.20850236078445242,0.20844594408779457,0.04094085823204655,0.5314898828327641,0.0,0.5450837469240004,0.0,0.3670577505266522,0.3530754579757924,0.3949702105616077,0.007343961917523495,0.00690662166181667,0.0351039432511848,0.41840719481387945,0.0,0.23709729534046053,0.03040653995976023,0.3061683436223694,0.06003446989858174,0.0028398662828474776,0.17719276450165444,0.00886107971244783,0.06271038131627395,0.06949135104523635,0.24508348469262917,0.07172520174696012,0.011770272227254528,0.12059286257499878,0.4869612838206239,0.17970186475424269,0.45745545356131867,0.12394227460338664,0.12347867208576223,0.2781391870129854,0.7762976410758331,0.0354336483233716,0.025848967930750498,0.16791767534555652,0.028225316519802562,0.30528557244525906,0.05430649738158377,0.0,0.0,0.0,0.033036096348265015,0.47223200919842084,0.0982909176013195,0.09003556786402758,0.0,0.0,0.08190899508276796,0.018102163323426394,0.10944823849431075,0.04104298770573091,0.04665342999759625,0.17245098796900268,0.20779810790964864,0.19472223743550415,0.008699800889855981,0.0,0.033444677756732606,0.0,0.0,0.045612950381748986,0.0408926247978976,0.04115966931015536,0.004447334919884492,0.036081802450933335,0.08324255669562987,0.1922849203044833,0.0
TARGET-10-PAPMVB,0.0910063780593516,0.15857947735892675,0.18689941147127756,0.1464934152375746,0.2929116455498568,0.0,0.00044211806597525865,0.0,0.0,0.028642609677983665,0.2591133093841337,0.0751658603118896,0.07287391254687402,0.8121986439722841,0.3833353904764242,0.2035752909966414,0.050633430218976004,0.10293283400114676,0.09834328085706859,0.025235859974733637,0.11008944577689242,0.5175138615066353,0.5107205015660292,0.11258589860224939,0.3722430271978716,0.4283385011139245,0.07954683740658035,0.3586531741813039,0.6066924958114368,0.8292000554182513,0.4501222136984883,0.0,0.35221229948622107,0.32604037783322815,0.1863258162668491,0.20975665359021586,0.31530389563212574,0.05803803297544682,0.5099409314940144,0.2703499767754917,0.11159329638636714,0.07189617594196562,0.5033074210127761,0.026933331897864156,0.5361754834301522,0.18432794518558387,0.17774808460554345,0.09474930932562341,0.12348883297610802,0.09852766883763905,0.010679383750545744,0.5124303623233879,0.27469117584308816,0.22197027222769886,0.6012069726325174,0.0,0.018426400050270242,0.0,0.5013988140919768,0.0,0.0,0.0,0.0,0.07421449574306503,0.05924564983519443,0.04144619152635256,0.06276891121045282,0.16547363322255942,0.04730104967670602,0.2078582863458026,0.06165308341706734,0.0018360645769108092,0.19224186214539676,0.19864549640097756,0.03842093303185521,0.10789184511282154,0.40251019829558166,0.09609176296787666,0.11551390410257058,0.21728564646659887,0.0,0.0,0.06614738598013496,0.08752525937626515,0.08627332737799982,0.4700088638511209,0.19183892804506741,0.11517848517878182,0.18921409023676758,0.011012870507070739,0.48867370043568015,0.0,0.0616843924111114,0.08090490613903306,0.0,0.0,0.042127097552787325,0.0,0.0,0.0,0.0,0.13543312020996418,0.0,0.0,0.25665244841429996,0.0,0.0,0.11159265174855545,0.0,0.0703735436717314,0.0,0.20110095051495436,0.0,0.08475625671783588,0.0,0.0,0.043788016480491306,0.13662544968161158,0.10413570572381727,0.023099990445838412,0.0,0.31248023467152025,0.2623920057730942,0.11666288085597928,0.5708165930917585,0.0,0.029039289320755512,0.14956520517240204,0.0,0.22314796803558765,0.0,0.2526784063547778,0.2170413173609302,0.8742394671561221,0.3088888295313654,0.0,0.1405538613981417,0.12174278782273244,0.17752061550758563,0.012575726440795897,0.05679361271313248,0.04007432526668272,0.20470706404332462,0.0,0.0,0.0,0.6896802100321894,0.0,0.0030281034879932225,0.40077258889080364,0.1019454727766797,0.18445999865366935,0.09099704467420774,0.713892707034042,0.1406828964468079,0.0,0.10325080720715643,0.0,0.0,0.12911751049646897,0.07685204227422074,0.0,0.1871824055294916,0.5678891269408779,0.02146562840649254,0.0343807091252234,0.16114313832299557,0.0,0.6273208126636105,0.0,0.0,0.0,0.0,0.13263709373410995,0.43511183628853634,0.10110503412668959,0.0,0.0,0.0,0.0,0.24798376586245663,0.0,0.0,0.19639372618866738,0.1968686326613011,0.0,0.3005026101056644,0.13469870527343553,0.0,0.0,0.0,0.0,0.0776482460593845,0.0,0.04698748411258879,0.0076967079626953025,0.04820606980394498,0.04865009139435629,0.1745744150684868,0.22606574357958667
TARGET-10-PAPMYD,0.002447064147369775,0.12538819032628895,0.2502520513886477,0.16042783469966443,0.7346340159571889,0.0,0.00033032789419257995,0.122121719554799,0.19576425197618635,0.09371737124083641,0.127109459929362,0.5632461628455333,0.1172756094984673,0.47178513885692064,0.36456127654289566,1.0,0.04276843066509203,0.004605875035625543,0.03835426870829674,0.049900152531855035,0.5224364756455789,0.32588202890369383,0.07865596457402563,0.10870380435657268,0.5010887066917697,0.2868276765436155,0.0949099364431465,0.8722165204771795,0.8871759890800298,0.8855244398957778,0.2032322573524149,0.46811621957857186,0.5602759122832639,0.0411495893780633,0.37176524673114164,0.38910027194881647,0.047961499983779805,0.10047434545187667,0.2535589330884583,0.40725159072669387,0.06869347717274091,0.38368072576040446,0.3211230490912687,0.03131252115393054,0.26131459320116884,0.2641850765179108,0.06373286819261739,0.022696366156415102,0.37141242691656146,0.5132205902799948,0.026383455195655704,0.5654628414894036,0.6481846579999146,0.15938569499077426,0.4568668064790471,0.0,0.055400493828601814,0.0,0.7624122469795277,0.18161029750586025,1.0,1.0,0.0,0.043140651455516627,0.1418441138187481,0.10239329474386658,0.0,0.13822632939123494,0.06181803214777636,0.13611075504784376,0.0758389366031604,0.1357201772616543,0.9999999999999999,0.589164627125885,0.11220024254472566,0.08420555294750362,0.48992312584097586,0.20117617494809126,0.9999999999999999,0.37889579503281584,0.019763080178364072,0.2951167616239542,0.0,0.0,0.441562307956475,0.3047466930008102,0.13387696842496444,0.4018930511301792,0.1831826005016197,0.020925858418190488,0.2690828307360107,0.3167458429792832,0.14226201637242186,0.9999999999999999,0.9900187840685699,0.5329664549839114,0.19576425197618633,0.16606298405211922,0.4918611930607391,0.09689636796791701,0.03666955404906585,0.0,0.20564171655456623,0.0,0.023728051222130418,0.13598434358328196,0.0,0.3115047830352708,0.0,0.0817563096920408,0.5191747659269759,0.23362858727645305,0.0,0.17744434072994156,0.0,0.1174585511857118,0.0,0.08822298116240294,0.0,0.03849129794937034,1.0,0.3271018056933432,0.06583824503784377,0.16282898031446927,0.3811445037497532,0.005729617820166537,0.020265396909249223,0.0,0.0,0.1557263022629342,0.0,0.19569905549349934,1.0,0.6352407936552465,0.601273808941461,0.3300063186099197,0.07356977150915192,0.025567701621383058,0.10621137790152402,0.18429837533307122,0.4869557486297754,0.08389896513265128,1.0,0.33057989794015646,1.0,0.07267228152892787,0.6272119888758384,0.2869673368744637,1.0,0.5505420211678803,0.10527458793602755,0.14987891412304785,0.22958887647279955,0.5564661979944495,0.23192727118584425,0.05626240526565371,0.6484927057020213,0.2809283639343395,0.0,0.3215666206581058,0.15516503528502604,0.0,0.10718083468213177,0.31270193932109525,0.06779142396124647,0.1200877516765882,0.04013262341919136,0.10118866620888446,0.4377827726251472,0.0,0.0,0.0,0.0,0.19997170849478457,0.42810590951399663,0.5089870551380844,0.32278040237843114,0.0,0.0,0.0,0.25958734753713464,0.0,0.0,0.15928922342998955,0.41216086303644545,0.09029840840873345,0.8255424553856863,0.6143089199374832,0.0,0.15986699182465675,0.0,0.17045870642111563,0.18043730484789675,0.0,0.03279074789988284,0.09902842990106474,0.08623615036767374,0.8660228562397996,0.30708738498222515,0.15776249583849428
TARGET-10-PAPNMY,0.0032316287906782692,0.13355323428946606,0.33397111633294374,0.4771064077631843,0.6207269512092982,0.032109330455322965,0.04862763100269644,0.0,0.0389482075846282,0.0400885921746003,0.18541069875793864,0.27462545610374556,0.027100067064685967,0.0,0.016118035548454795,0.5643905033467636,0.07640135518011724,0.10495196819868893,0.0439554945160895,0.08240106178603124,0.13622413989470847,0.4218390275299401,0.2428711729294115,0.1348588850689303,0.5454588475392197,0.8749919341254995,0.6660267185196943,0.5688675451939222,0.6627788854050486,0.41280340375324576,0.645568124371026,0.08012176082675485,0.7880913850044784,0.16965628435137686,0.3803042197776178,0.44199089224265675,0.11879487663219608,0.15807232953287498,0.4286544241634096,0.43133354653454503,0.28669887548419765,0.2361818387499117,0.7771173209354132,0.02113942357303273,0.44908193701518917,0.36030357137790897,0.33168827080322955,0.23065587080566963,0.2614944921047183,0.14682943240547464,0.0675822380391034,0.2754724499798426,0.297987487021207,0.2606217293391271,0.4660975958886958,0.0,0.06104275973102261,0.0,0.12491736627412257,0.06130354348230049,0.24973300636188384,0.14154887411290862,0.12843732182129186,0.19128639046704032,0.09447099459471298,0.056496875824798745,0.05080207822638943,0.08351160281870998,0.07397353909844434,0.23134606979172867,0.05758186432979312,0.031635220138491904,0.33718547960962536,0.3802404027162004,0.12088914128807676,0.10729148556208318,0.2820537376823729,0.6928701955863614,0.011877888515254755,0.456509114813929,0.1005525298945716,0.5704406615990371,0.5943891068272206,0.7031008843648989,0.2736256039982067,0.5504207024224292,0.21308355961334627,0.44094154091583165,0.014578011824338575,0.04700256822934313,0.03569018634461205,0.0462715962567801,0.1253717410223103,0.20853119827076713,0.5909062519355294,0.4479747719498975,0.07140502150890213,0.0,0.0,0.15010956629352948,0.12324627665750139,0.0,0.0,0.0,0.3299969702496261,0.05410943406342994,0.0,0.030987662024060843,0.3763889261374653,0.0,0.40214664686733753,0.09296298607218252,0.0,0.20679730713782365,0.0,0.12130934348190417,0.16763508766924273,0.0,0.028916976190132337,0.03750356464051047,0.07508063238422272,0.4772416053565308,0.16486937269519827,0.1035571490059133,0.5713654048064151,0.0,0.8853935493900891,0.11563147812202514,0.0,0.1088919933744776,0.0,0.3421075942940091,0.29653008167647993,0.0505536430635317,0.6216546887838067,0.043770860347617235,0.18743004306293687,0.10272068835138264,0.13876206521612927,0.006984193932992965,0.08867171691203031,0.09777759036839677,0.49946601272376767,0.0,0.1724272371815166,0.0,0.16638231952089869,0.4567476546347892,0.0003000824026477494,0.06740485741804227,0.03923030086552183,0.050711202047227774,0.08039235167595711,0.610192131034954,0.27840735382607446,0.005596833480516456,0.3440549187247059,0.373035014613211,0.034179664744163264,0.04478399601974809,0.8612332846527736,0.11742966563832938,0.23517123563411424,0.4491508610806084,0.07873888448972145,0.10961483218783968,0.0958147996565291,0.026842607111569418,0.580659215516412,0.0,0.09836792770237376,0.0,0.0,0.3076428390155089,0.7113223270158435,0.8057523525586835,0.12843732182129183,0.0,0.09848441869579541,0.0,0.05164610901202343,0.06939086475915958,0.2648962770639925,0.06836821977453045,0.41133970431352096,0.05389586382235975,0.2517717887616592,0.2136133835370609,0.4951202232407501,0.15903127830256233,0.40961075734210894,0.0,0.06215054852663992,0.2639258171457445,0.11464504875449316,0.035472349864871834,0.05073890411578215,0.1962642742598161,0.24313478043782327,1.0
TARGET-10-PAPNNX,0.00147054341863561,0.10967060440660897,0.30699044304565337,0.28768471304562737,0.3587070552735775,0.0,0.00014943399775514248,0.0,0.0,0.1200454002377167,0.04466693487668928,0.13665482715539826,0.028756314147000143,0.16066418372449262,0.09656076340707873,0.16714194863631388,0.013192232896608768,0.11286290194948521,0.17446255467291938,0.24003127419366332,0.04165779368061598,0.4772234565554332,0.1503987030312744,0.04532456084066013,0.34861146019711625,0.5928556671366776,0.26079448219295487,0.11490960704173499,0.27164172832336253,0.5014119922414447,0.1180701656758852,0.0,0.16661475530560674,0.13699617056229765,0.09846745186238848,0.10696339303396984,0.006965362507693244,0.1010788076382779,0.33468422237399986,0.18183569623830578,0.07763135180970555,0.010842817945608652,0.3652999115043588,0.009290975436612062,0.22559233643672283,0.15941926862645342,0.1154037944324941,0.06911237377316465,0.4168061520221124,0.07846767073976862,0.9999999999999999,0.21078418496823229,0.32474375773393827,0.22315212152677263,0.20326333751896336,0.0,0.03903586680944915,0.0,0.41168479433344485,0.03069452167160105,0.14594784769331015,0.20382322338366274,0.05496074977600391,0.021982667983159034,0.06134546595008027,0.3567663667619586,0.04755859744451739,0.0807093566637952,0.05992344897785932,0.08945461268541816,0.011956900589107033,0.08564389719623319,0.3864097266581542,0.3530178899465689,0.04276215298945332,0.06399958211723777,0.2951551700878216,0.13600564607972707,0.1749041234976119,0.07075897091620732,0.0,0.0670003540534779,0.015720172327004282,0.0,0.21888757387070323,0.20105834781088688,0.04559123483431236,0.08171275185346044,0.11191836193191187,0.0744877621795142,0.274000819924215,0.0349707986011174,0.14146080800526145,0.007953905253137848,0.056191117618248805,0.10371374266351377,0.071729008416867,0.0,0.1502552613471252,0.016498823952281392,0.05270299910400057,0.0,0.0,0.12487630669577664,0.3840248451303567,0.04630889252298866,0.0,0.10608138947039508,0.09493059820822868,0.00928058838451545,0.221003051373036,0.10529678597520023,0.0,0.11996168139887335,0.10416277722380854,0.006666668725033299,0.031065170889092126,0.0,0.0982605480393485,0.008756062036241592,0.035124569721502866,0.18565488132892483,0.004451010690226013,0.14545528728589088,0.13912697570547464,0.05250902614244988,0.06170318009771846,0.21832319298524872,0.0,0.0633243833764621,0.056552053603723104,0.09996657297015672,0.1009708166752843,0.08653122482757515,0.017063395758042683,0.5619100592200524,0.12427932377446799,0.08388630738965619,0.09618246877556426,0.04184125744281091,0.0,0.13276954377215153,0.19459713025774686,0.0,0.0,0.07387851183914361,0.10679702889657258,0.09772528540858777,0.0,0.1297968706376146,0.005229261672471841,0.052589552870912784,0.058124694418308434,0.21898049034453101,0.1142121937343783,0.057125360977258066,0.1959400764318239,0.05466785342962638,0.02925224498289472,0.0,0.004803708716483987,0.0997571740024911,0.02626014797681598,0.31100274744333767,0.10694536544613657,0.045340040213033096,0.31272284244835563,0.0344593187017512,0.1490848397278478,0.0,0.1938493043750711,0.0,0.0,0.09624097537190761,0.10602859455720813,0.146271937814274,0.0,0.0,0.16732615628199315,0.0,0.05849822081735135,0.0,0.0,0.0918155490464212,0.07751604000557599,0.0,0.09549956554994152,0.0011048299450014526,0.12395269146798144,0.10807847159607793,0.0,0.05804899084157204,0.2880115774067131,0.1321469568298936,0.04433653095066297,0.03175519856266174,0.06853527345584963,0.04571421462567001,0.0,0.44323314285373056
TARGET-10-PAPPGN,0.001317059047945185,0.12607364919264283,0.16638265994573234,0.15099123837311862,0.37648308498911875,0.0,0.000288891118237118,0.0,0.0,0.0296439468277678,0.13343579059467126,0.4199400835014623,0.005698021838725751,0.0,0.0,0.6559192393870001,0.07684443354171028,0.04020286496030456,0.04911997090901021,0.08772185381143725,0.16231598675193282,0.2744352124124391,0.13132500795809143,0.06440083009114811,1.0,0.5490029759563877,0.08680815041460319,0.3192338686905973,0.4534817877472933,0.3097774108056651,0.4282459672565216,0.02669967798460659,0.40105804691196867,0.17372171741767245,0.20401495576123382,0.29464294656958373,0.017976501446839037,0.03795759867785,0.3589577688757835,0.33741999038566206,0.2102677704049167,0.23638609193069307,0.7547431267207022,0.04107697918254458,0.21095545481879238,0.21315827892204595,0.11889210461598587,0.0698530417218886,0.025435571667578122,0.12795405780705954,0.013292083373388755,0.33155688352557106,0.07394027266132817,0.09288445558113201,0.6092841565171754,0.0,0.035003698349828985,0.0,0.23533222188349015,0.0,0.18740542567122426,0.0,0.0,0.19807750972970212,0.16167526067648447,0.015802754460173426,0.022985492933221687,0.10177249222227738,0.021493339793703766,0.10184007833289535,0.11091206616398454,0.15502287267887974,0.4180584189318979,0.3637124700081465,0.1481582643976681,0.07687044573291138,0.5669410891692891,0.08797018230246335,0.4894919607614246,0.1924064682158419,0.0,0.0,0.0,0.053418482417284106,0.12738485414572198,0.22978231942893632,0.35124978357354913,0.0,0.0,0.02280975704009138,0.23532871802953367,0.0386529717239803,0.10195046548964705,0.18150524467153334,0.0,0.39952346162547575,0.08560371172904649,0.0,0.0,0.0,0.04810454261737383,0.0,0.0,0.0,0.1544682238786239,0.0,0.0,0.0,0.0,0.0,0.0,0.0,0.4734915750557095,0.0,0.8025041017039256,0.05136219616192841,0.08017419336431202,0.023146865388545382,0.19066851796198883,0.030456393412359336,0.03618865331513031,0.28606971462433967,0.03454766491065892,0.1602039946316391,1.0,0.0,0.05316983467843828,0.4024697148279201,0.0,0.24514531153905852,0.0,0.2567254535875104,0.21273055031132201,1.0,0.3943870156014489,0.0,0.2681873749233114,0.26331950029975304,0.3978285942917172,0.0,0.12992690183132682,0.07337456594561202,0.3748108513424485,0.0,0.2623676734981932,0.19066851796198883,0.27426683610986724,0.0,0.005935920429525332,1.0,0.1990061393683462,0.06342481498400705,0.17942847820205887,0.4610487066292161,0.18519633050455725,0.0,0.18904830242164422,0.105294999252471,0.22536886216447186,0.16873742382658516,0.2590655343682944,0.0,0.06063138399207172,0.32817155577784746,0.041864697293931316,0.01741385484981057,0.0,0.08849542363190396,0.38286671199160766,0.0,0.0,0.0,0.0,0.16195276142653445,0.1021101075334291,0.0,0.0,0.0,0.0,0.0,0.22702449750406753,0.0,0.0,0.12537704207677025,0.36045899370678514,0.0,0.14815914336854885,0.5160234443724769,0.0,0.0,0.0,0.0,0.04222910237374961,0.0,0.17206469734481641,0.00972720457671007,0.05656395583960069,0.07676230728449132,0.5285985626418565,0.20695895822271235
TARGET-10-PAPRCS,0.0027873576298130974,0.23540752448493957,0.1345332713062742,0.5784458211928415,0.31323716946119284,0.025690697035106298,0.0,0.35182944516287096,0.280463002815228,0.12146132277628055,0.1981730799214457,0.37676176211406454,0.030558635194695264,0.0,0.0,0.30159233811677655,0.013074621659691456,0.02321348441466225,0.061114585991051226,0.16580167622753642,0.02770001810873972,0.34222504538976567,0.08878368898120843,0.05146337151520924,0.40786784809278714,0.6314857330883503,0.12323181443803848,0.3484440315414748,0.227283574488267,0.47172030468120346,0.26130405651197436,0.0,0.3239931698014843,0.4096542714025526,0.17902163145964922,0.2668151149037077,0.03604583945354743,0.12942686804996237,0.3054783880544285,0.1296559392200757,0.05102957225929519,0.19283643184629623,0.45834912210261614,0.0074766790377934905,0.05119644738265405,0.1560682987078905,0.06563330450814935,0.09218882176951697,0.4512938039517181,0.07732867660944026,0.057019280021425915,0.08075142875812899,0.4772936460807601,0.26449173769243395,0.26018047852089654,0.0,0.3221819951957342,0.21884113434272692,0.2427277723588507,0.24679703127869912,0.34222726318227575,0.031836810578646874,0.0,0.044637473744458575,0.15465554149278346,0.2810034272109622,0.15701608390083654,0.14440409388554726,0.13875309338326258,0.08934200776946344,0.00970164654512156,0.24101921364897694,0.1998476273218999,0.1765376687185241,0.096449588299852,0.11526244491743506,0.16924277265128584,0.28874144161599885,0.24553387470068644,0.218292058235633,0.03775159631903577,0.06263721123773806,0.0,0.0,0.6793111301829784,0.3764483079466398,0.12786643637484638,0.23030993818882792,0.35163828419391785,0.12103201085855295,0.2570022461622991,0.004690317347248828,0.2744358348600984,0.10003844455840757,0.0525316333812,0.0,0.3591357824191201,0.10573837440073167,0.015659261592262958,0.06169746071193716,0.023348831506561533,0.0,0.19640923883465672,0.11674421294622847,0.11658289568052924,1.0,0.0,0.07437987091626654,0.0,0.026028594498534632,0.041322092423890705,0.0,0.0,0.07532353358773342,0.0,0.01869752322918204,0.01945737257538907,0.13790451760621358,0.16195578943555894,0.012277276041136018,0.10780247550735789,0.10413875445456118,0.023056874398151437,0.04535961905798929,0.3101019738920583,0.03301375489983877,0.01935556290968659,0.08809947887021244,0.0,0.049578291000332064,0.0,0.24921733526384976,0.1892999591212649,0.0,0.3748766893548507,0.0,0.11813681943394233,0.11279545355867023,0.13789775743739763,0.0,0.042042361921523115,0.22302762677943225,0.13644343745409285,0.0,0.04244910001523553,0.18509228166188368,0.3993686438190932,0.22840313306756754,0.005282125642094117,0.21572315575878287,0.015808509061026453,0.03086065664149561,0.08709046043971835,0.5044278396895462,0.05457609650913859,0.08082498654765183,0.06881977972324715,0.038330831653555685,0.0,0.2513261800714041,0.09452923917099301,0.04697777748816358,0.061444110333106074,0.366011980223353,0.08558149776423475,0.09499148441493149,0.2567959628116661,0.010738394061116268,0.09291743327037862,0.0,0.014593028728225889,0.0,0.03221518561088345,0.2925444018069607,0.35993339345469405,0.18758841971165988,0.0,0.0,0.0,0.0,0.041322155020483045,0.0,0.031229819876101197,0.030427556871853122,0.20483543961857906,0.2745213661970146,0.4074076251209829,0.03688254912974916,0.0,0.17813796622955913,0.0,0.054268511364290145,0.30280491350908145,0.2815697867367797,0.6503319393233287,0.2589155154344754,0.3448061435701797,0.08969570093521426,0.5643716869212971,0.05022657501484209
TARGET-10-PAPRFE,0.001066874386766388,0.12068075465702971,0.3720671891267453,0.22258713012333892,0.9999999999999999,0.11907403070782765,0.0034120315930751457,0.0,0.21665276240006373,0.017217673706087427,0.13805138829499314,0.413549714595395,0.028842055447507006,0.0,0.1195440348727919,0.7773268849492528,0.0073423794962744265,0.018602544525999742,0.10913164324984172,0.02568732099676568,0.7307429543081047,0.25355461754048825,0.08968661348310566,0.1992110689703753,0.7147519052179517,1.0,0.030628615275763004,0.18105421247650139,0.6651168496375434,0.4355610129622098,0.5199815834574887,0.060065552262370314,0.7125235145052657,0.027882290687711368,0.4497471175677546,0.5268259608565848,0.01516546963228704,0.12277996030346341,0.6411193611992868,0.0948856049291399,0.025341078087723647,0.46171478090374873,0.6852570428178189,0.01155122206289118,0.23729034620861436,0.187269087673448,0.10886010586278044,0.04241691113977353,0.1976566239725705,0.14520310381441384,0.021193402036115288,0.10652740092684683,0.18713419360803332,0.07036076820401893,0.3891972447485368,0.0,0.11290467166811874,0.0,0.5955980078782318,0.20098861899464623,0.10540030119586112,0.14756034927794606,0.0,0.0954877567809047,0.06978012082755941,0.08443372362819417,0.0,0.385610647601224,0.07068111324780979,0.3449837259305732,0.021432586918703356,0.29355624380368234,0.18647737370759834,0.025569763226697087,0.1392678233190171,0.18857954300416963,0.2784778677457957,0.8163548687601638,0.04404786041630753,0.29758548114542255,0.2187185398428776,0.07257910116341165,0.0,0.0,0.1411464623611578,0.20875031450513415,0.0,0.0,0.2432744581782697,0.03392903966951611,0.39705975968694623,1.0,0.11188179886924533,0.4351006655727644,0.365218712867113,0.28087400432972176,0.2286891127431214,0.0,0.7620818403330771,0.035745095878721066,0.0,0.0,0.0,0.0,0.11688728533370281,0.6019772124071741,0.24507898290866406,0.05745709859817835,0.10283494151924656,0.06031993468201539,0.47881009143474307,0.0,0.0,0.08727920580603862,0.22567114296313553,0.05777411114068298,0.04509145932390813,0.009763658269094231,0.3217065751930553,0.014782605492546102,0.26967927584188484,0.5631180991166629,0.0291453576002217,0.015016913521212266,0.24996363148333095,0.0,0.17942216687517695,0.0,0.0,0.11489514501680942,0.0,0.28877435149864517,0.6979206406921166,0.09373619899891396,0.16635784510167798,0.0,0.12556447025966042,0.07195095342185141,0.10070887175571437,0.563327816208057,0.14614650744877564,0.04126722224334499,0.0,1.0,0.8607687730642485,0.0,0.23137899902330547,0.7410376453293649,0.8919278107255496,0.5936636623398484,0.05698692454830945,0.04637264095134515,0.0792894416622738,0.5402128402477752,0.15623666753392582,0.0,0.5847834575604274,0.08882973922314456,0.06337568693414806,0.7236199397028351,0.35385050888552966,0.10886861796307296,0.13352751674691396,0.2922352915182641,0.02002991810817145,0.017256245365245622,0.0,0.0,0.86132501342947,0.0,0.0,0.06763705091943695,0.07465705962280628,0.04727935851280071,0.4307145103714257,0.31775754952275737,0.07938251744454398,0.0,0.060869698731437785,0.43330552480012746,0.0,0.0,0.0,0.08226672229846137,0.10136431235089459,0.1332447122130234,0.1209285354550868,0.4289439559773708,0.13527406272139728,0.29487538299859406,0.33573536877168925,0.0,0.168184163599343,0.0,0.6048268148057433,0.031375186457546764,0.09861904701412819,0.19427632172873296,0.4775221527565379,0.0581987510257583
TARGET-10-PAPSPG,0.0036477104863846363,0.20240677513128125,0.32056892155817096,0.37164289448297205,0.4730209527969771,0.16597932108821373,0.0018118436336393177,0.0,0.1006652435119769,0.033394535273884134,0.35317093078396644,0.5073352780706892,0.0290358091389608,0.0,0.0,0.18824026040439704,0.07797164102367006,0.027271473277117687,0.0948205739783962,0.08702425972444894,0.14344217970439485,0.34625790293107767,0.05883091695235084,0.07933820785556767,0.43972822383771126,0.6717029671152643,0.739212416680677,0.3988349657388225,0.43793466393634906,0.7892767545761025,0.3561453482381611,0.0,0.33527332213145833,0.36256504513060983,0.17047460081921026,0.21898687274496187,0.042278802442741584,0.14839282701357331,0.15963836160155778,0.28656899977755856,0.12951906346446787,0.35433190657425684,0.24593422939463194,0.07245649164140869,0.0,0.28936267117737013,0.33145016487238615,0.2834094606323768,0.28363096342484606,0.07685230000673354,0.07815834657334465,0.07875524338977972,0.2898328046993898,0.26666299266539584,0.14624547004174376,0.0,0.13207564167984082,0.0,0.6918451317011477,0.07004035464540294,0.36729807845692547,0.10284345547984332,0.0,0.1331020252211732,0.08281794721035651,0.06813841731204734,0.01801981974846761,0.38168339327536155,0.11196546071683955,0.2174989604459019,0.05008836710827601,0.31165784120890483,0.11301478553644347,0.49899076073814397,0.17579924378658165,0.4921543297922362,0.10701338473478342,1.0,0.015349774066969453,0.2639696933730827,0.0,0.0,0.04747423460253674,0.013959399542853015,0.25307891214530764,0.17015059313727238,0.27536750267101917,0.0,0.1130347737343394,0.07898024945333186,0.0,0.22726911625637675,0.2153508311990347,0.249207595314997,0.0,0.0,0.28521855016476194,0.0,0.0,0.04982572854058675,0.02828417337075798,0.0,0.2114888010882038,0.0,0.28446572840585305,0.2797020991394333,0.0,0.08009047750762371,0.14334346445760382,0.3082971222142783,0.1334841619696484,0.0,0.0,0.0,0.0,0.08053231831157949,0.06285375376116398,0.04990237079190452,0.22421602479947164,0.0625264515156693,0.04964856895723528,0.1121341361388535,0.13542066099170685,0.06279709732542427,0.08710717270861981,0.005892530094491287,0.22925803174772827,0.26503841737330525,0.0,0.2562468930583309,0.0,0.20126374543850675,0.4169329183793606,0.39198209426559644,0.07729632416330719,0.0,0.20036224925465942,0.2245829551042499,0.4484629591319528,0.06317961538432791,0.11883441256890175,0.057523084508271066,0.14691905113390055,0.006374619661566663,0.34281150384815523,0.07473859852176039,0.4300311473885457,0.29512723447858846,0.0007755907141697844,0.043553521501174884,0.0539342138545583,0.014916833887904218,0.08038030984471553,0.5421686975164788,0.12444627408005261,0.08679333466318727,0.14820723415803397,0.08254758392421462,0.0,0.3141747532439078,0.1450700855008137,0.0,0.36126533796665244,0.5359892324893641,0.1182462996770975,0.1903399237366241,0.2063688965142615,0.27750911858339744,0.7503849321115545,0.1334841619696484,0.09428062609785956,0.0,0.20813194087799505,0.16526783665372172,0.24015222178545706,0.16106463662315898,0.0,0.0,0.0848473618767205,0.0,0.2669686969210055,0.0,0.0,0.11467299639116871,0.7535654207598806,0.09286603779281571,0.29353234167648273,0.1153285199663138,0.5656833856252621,0.9042702704338196,0.0,0.35061137735594416,0.18826165599966513,0.30153979334494446,0.674462806908376,0.06494860580213764,0.11086031673346423,0.1685009555472787,0.6657598731075842,0.7301179553607907
TARGET-10-PAPSPN,0.02864643160876558,0.1574225594365126,0.13364034998531613,0.21020719102291852,0.29148084753581416,0.1030116019793109,5.902126093455807e-05,0.0,0.16741004577601556,0.028797429718275057,0.11611045078209142,0.5467832548490469,0.00903712005740639,0.0,0.0,0.15248639990690144,0.022091118292048982,0.0028450542191767736,0.07855321328386985,0.11817710104014152,0.02118064711047183,0.2389922325565013,0.06261103575995143,0.04413297806498177,0.3038181896167688,0.7581579253959518,0.0903054027896451,0.22949712924360238,0.2621293611920187,0.3149796688014611,0.30472630733027434,0.025981518429888946,0.13770534289080955,0.3838654879590236,0.10004274376592927,0.10194065309182937,0.053869102763123344,0.05323189568033023,0.2721428822223049,0.11436217792474988,0.03916271279235136,0.27475799605587237,0.24001349419409618,0.010890383582137425,0.0,0.07835851762669938,0.19319404732771472,0.18025677451572597,0.243647034344261,0.10158249264668162,0.014098135749406885,0.04170070951695833,0.2496462389946947,0.2536209195568574,0.1759142139080721,0.0,0.15564240610003666,0.10968509391783626,0.4418822311141353,0.11127502562668569,0.35919431459015466,0.1087545906117184,0.0,0.11866344635660467,0.2752573145853825,0.1411417555311911,0.00559180563610677,0.2183976432060399,0.04938158249390079,0.09893734116887204,0.007412547860997035,0.328057294939375,0.2282102789406525,0.5511870258532291,0.13984025060162117,0.19434820707311284,0.16070649167516687,0.16518125328924546,0.11258326114215288,0.10577147116030189,0.0,0.18836606957507687,0.0,0.0,0.6657906558702217,0.3588686985394581,0.32811284580723904,0.12925454139325254,0.2890101880594265,0.24591415380340864,0.04807831323085506,0.12447914891325107,0.28151146665472404,0.12918712608966007,0.4043985116397206,0.0816235880010894,0.48767365152799763,0.3730352596132075,0.0,0.1657242340407551,0.06834114603778699,0.0,0.3306865556624415,0.0,0.05224264941483206,0.0,0.0,0.09941311953338444,0.0,0.06121768733037925,0.22198912838325544,0.19086315227842074,0.0,0.06340956069434693,0.0,0.13793160088847337,0.1466614898450501,0.015991086702158697,0.1706781503826721,0.022853481844383985,0.061263023760799125,0.0,0.04234903860403697,0.0,0.1794596940876748,0.0,0.02586986056137135,0.29447302383794066,0.0,0.0,0.0,0.11490472061885995,0.1476348518710653,0.0810917769076941,0.15478432658973035,0.07021169251652433,0.09845285801102485,0.09992389368394684,0.13584082622957872,0.0,0.09313620497426822,0.36696867610004336,0.16775717232783305,0.0,0.2569612669403315,0.22449408587250314,0.35757868128433024,0.09158216653450792,0.0,0.0270305923025647,0.015323075349362007,0.03258194826851176,0.1309359852707217,0.5607152981416677,0.0720794936688085,0.18600433580894396,0.33108778295434865,0.1372796197767439,0.04604348690781142,0.16992706168097174,0.033129151444536514,0.18836608870014318,0.0733360891223108,0.34537337472855834,0.0795301829242219,0.07504657239119586,0.25715073843333364,0.01807986178864038,0.7152940835301531,0.08284418427459983,0.07079812483526232,0.28319254028672564,0.10847902268096914,0.12156774059245025,0.23249086087388435,0.22090956751452845,0.06867431647253672,0.0,0.0,0.22988600148078894,0.10161115858812843,0.0,0.0,0.03415313354926831,0.19524646679287286,0.29852789628423626,0.3365754535150071,0.07463690234579028,0.0982788485172708,0.35094345236294244,0.08130565402555845,0.0,0.14908862002906587,0.0,0.4194030905152155,0.10092046583195874,0.094774324094909,0.13548858239177547,0.769107770776691,0.0503480611239972
TARGET-10-PAPTLM,0.0012681099232428215,0.17201669525135468,0.2735476652999622,0.20563576853340265,0.651858603676785,0.0,0.0007083687061100258,0.06547080434106807,0.5772316656652713,0.01845608902812068,0.11565952422500897,0.38385580588061763,0.02910770550751461,0.08430974339844277,0.0651483161836597,0.799378600514923,0.0027490313014168887,0.026944722592133482,0.09722602375289986,0.06345258088031383,0.11228421483394979,0.25177170062418747,0.09967044603362925,0.23122895572525332,0.9119336298708898,0.8638477544626795,0.02696711998776234,0.48718629578583067,0.6070131215291252,0.47473869996528906,0.34085054248373486,0.08183539272614233,0.721227097360392,0.020684025536633774,0.4800781470095809,0.5171155520230957,0.027549268052183072,0.06780774793858799,0.4166737887893592,0.16087600005679356,0.11661970650924842,0.5180947076021876,0.6814109520818811,0.0020983736076679534,0.21552836477366122,0.204912639990938,0.03602458535052068,0.02737519254563855,0.2971453066625543,0.15582946130455366,0.08596564360426646,0.1213389864563201,0.2719552284978736,0.1343404586984442,0.4070140195029046,0.0,0.11733245248891644,0.09212848627821708,0.456823710238377,0.0973631456215156,0.84245888297973,0.4181659684081251,0.25956870570986396,0.09829463026995974,0.16564559589964611,0.07749754854518896,0.028180506213475086,0.1690365969453673,0.06108521583826466,0.09846694802277667,0.009071565997015512,0.04305339693652551,0.19146792728095569,0.11147895967896745,0.09480150195217396,0.09809943654029332,0.1540860216772879,0.2516560451889444,0.5921217017952353,0.24899793036724716,0.13773748882793307,0.10547659601008727,0.0,0.0,0.4178564938343377,0.17088234349815326,0.14354542421695857,0.08618347008158243,0.11784723030371878,0.01801457095777359,0.28851599658562954,0.03949084580739868,0.14321302674120856,0.3744877858043475,0.6192189803930549,0.20409205293846122,0.36732926517752074,0.0,0.0,0.0,0.004914738359345078,0.0,0.0,0.0,0.08682953734263155,0.0,1.0,0.16700091332366782,0.0,0.05844052967879049,0.41750218116058624,0.04175028974321308,0.0,0.19025937353247763,0.16398035813266218,0.02099021431919215,0.08191221354620506,0.16790520678303048,0.23376202419291797,0.015715467619387045,0.23662794402207632,0.2922711482351056,0.03529654893639362,0.04364714429601384,0.15135959920224817,0.0,0.02172894285318138,0.0032895582350460093,0.0,0.21706484641638227,0.0,0.8917884016540052,0.6230469960523674,0.1362234449703241,0.30891779266615493,0.0,0.08658725282358473,0.060553052693090526,0.10732517530460911,0.42344677937754327,0.9999999999999999,0.299860645638452,0.15317413753169,0.34005479228788515,0.7684246131788316,0.0,0.22416985911461748,1.0,0.30282544498094677,0.34055907997333645,0.036354680544964824,0.04665576994936985,0.13356025700765625,0.5809529840865684,0.09010041542027983,0.0,0.8884735863817346,0.06454650307702182,0.0460509381213296,0.6723411290921774,0.25711900906302043,0.07910765518615263,0.11003590965231935,0.3241092114809345,0.012754620802787997,0.011694580487108149,0.04303095985383118,0.01808278765111548,0.07823339521399923,0.0,0.012286845898362693,0.09829449222691099,0.0,0.20814407476082278,0.2086471883606486,0.33584392311506617,0.0,0.0,0.04423000152500196,0.0,0.04638907941866296,0.0,0.0,0.06831727085850632,0.2209637076591162,0.0,0.4599231120996375,0.9272577911509476,0.0,0.34282534457266534,0.0,0.0,0.25053233993948965,0.0,0.246112342201598,0.06652786383069624,0.08552934862739121,0.4580095855773392,0.5662977171877336,0.021144554660413668
TARGET-10-PAPVTA,0.001268940766799326,0.13483192633475427,0.3983576560047972,0.43446342410599575,0.545417120957341,0.03528752952675735,0.2215872088704708,0.0,0.28150304401549453,0.0788506920869589,0.29816407859822086,0.20448737132132053,0.00557001273507672,0.0,0.007606957385705896,0.20450143919558988,0.008944361489134425,0.00816665616254965,0.34706964247842725,0.13274941888024933,0.006760968721053461,0.7008752954219746,0.3903421915035393,0.1480528920132126,0.3529537243356261,0.5569644128965279,0.04525509665574125,0.3158216397995483,0.4036197180033003,0.23994231362261062,0.18460600501027513,0.0,0.18579284073937974,0.1463599751095567,0.17568071120805456,0.1809994674683165,0.15262078656718195,0.21161496776237912,0.2911376387446477,0.06704895266595044,0.025063343847304492,0.18082237990079622,0.38807108243514227,0.002446639499589521,0.08051259758354355,0.11362951647447442,0.49045728600008187,0.3958356712070329,0.20993987774337347,0.05801135161566874,0.01846543229236503,0.0755651488028953,0.10577249598190791,0.4950810537782332,0.31263449680088146,0.0,0.13346326982832182,0.21483772801880308,0.21608827184639073,0.03550610869295131,0.3347730711793774,0.17652619209227172,0.20176626007982407,0.24611443842237152,0.17877341099985136,0.16788954420609686,0.0016452298572782788,0.26617491528616455,0.25376692449397026,0.4148859289271351,0.008898775138569896,0.03869667787567082,0.08214891058284021,0.13444358033312764,0.2680507750268153,0.5879189821986937,0.045919775793568325,0.04614525815605956,0.13728188429679927,0.06954781850591302,0.0,0.12931593827119503,0.0866888644878205,0.10534692294296835,0.07926855353253116,0.1761586012406454,0.025141363423296356,0.08043299513274099,0.18546910386241156,0.03359557030178749,0.033688049109442904,0.06442376882872801,0.15403383479917798,0.0387211575776985,0.06197311312235564,0.33355824926304917,0.06941275417483066,0.0,0.0,0.1362149953687056,0.13241450376856181,0.006334226271095735,0.08992600655283425,0.034431704813267204,0.042164044164979604,0.0,0.009596970674913202,0.08273439968006649,0.0,0.09709203273429573,0.2841373637823761,0.15585765219318046,0.19172707728906901,0.0,0.32495143322049724,0.08445094408014785,0.07066708513069803,0.005242516424024155,0.6084829029117557,0.0037871745093383006,0.048734045299540056,0.12285534900733554,0.11367852871826942,0.03565652634384937,0.31785388926720654,0.3287616776689382,0.003805730848307538,0.28573787532462225,0.0,0.13435786269921265,0.14523690229651293,0.1714178523796928,0.2028035395272645,0.17485182083044454,0.22556299710992958,0.020657794704512168,0.22881001304624607,0.20102790800526274,0.2154777245714966,0.008782051109919944,0.0175367134266711,0.08920756619111635,0.08048314808255758,0.0009035048986588506,0.09595379332729868,0.16357452667151265,0.1570486546873753,0.0,0.0018876519088661357,0.18019148074973249,0.006021583124813096,0.026019173651303233,0.09261299987409621,0.3133461460415,0.09673985695641911,0.08879031178922618,0.13531442099506835,0.3435659146520623,0.04839346417483635,0.244314358753676,0.25248803016195404,0.08313171530013237,0.3770258380569353,0.3518949770533475,0.30701704740585845,0.4539859109812632,0.25850819034810296,0.14134357519966617,0.3374661271249518,0.1135161536896312,0.18187357139996405,0.017215857384976756,0.04424925925133874,0.1835141512044865,0.4646264442814691,0.02205801259349873,0.0,0.0,0.015493343340399696,0.0,0.329869292784109,0.1417574075653018,0.018421445923379038,0.040810835417515824,0.27766302373335777,0.03670097863010015,0.07495568008481383,0.06905852180684394,0.034431704813267204,0.17498610716093907,0.12330020626468575,0.2981623998490174,0.22318640982294644,0.0,0.07785395207628606,0.005045221165792828,0.07574486338190305,0.09921304005900713,0.2471387412819025,0.007406733751714988
TARGET-10-PAPZNK,0.000510160690598388,0.13877018648438394,0.07643902244292083,0.08682586708752511,0.4210612782688854,0.0,7.167895725848015e-05,0.0,0.25487709389918656,0.00985963895978419,0.03147660023018873,0.3187707246078372,0.013107440994643477,0.0,0.0,0.2544122420630056,0.01297857260861511,0.0013136291734050264,0.12880867065281393,0.002208891678762221,0.09441238971536603,0.06926977368247204,0.004654860399411495,0.009130833396279526,0.28608655937736027,0.4951942195529779,0.21428212147128875,0.13885078817602597,0.18198715316317562,0.23058340744779585,0.19990914508578272,0.1095878256892502,0.05854107499724774,0.020650465003656932,0.0592622491607248,0.07367461691668982,0.0,0.0873534146185943,0.18502001822566277,0.29806482714137067,0.12194328017120896,1.0,0.19523108399798722,0.02571012326523571,0.0,0.12880149992815987,0.0012251886951965482,0.003485563154191601,0.394526265767657,0.07712260710139181,0.02100426832663287,0.0056535289209992765,0.2801636928044149,0.10805826388834217,0.1150174428378594,0.0,0.0837611110614784,0.0,0.14597497893927508,0.06178428327808186,0.6297029183193235,0.13254997239623922,0.0,0.22272632650083415,0.23492036805700428,0.08552991512034833,0.01762489273258848,0.17856977202854082,0.04885266673116763,0.18651541943662536,0.014854210592202571,0.254144039658049,0.6739777567364197,0.641901368726089,0.12108314541286797,0.16305283038470703,0.2201043594240078,0.37105792921797603,0.17000498647028878,0.0810042342431103,0.0,0.0,0.0,0.00923544247129323,0.6793991584271943,0.25566386236856625,0.17430247338482524,0.20929936266974367,0.1994213911689463,0.12821992693366452,0.0,0.4554673061462943,0.3681864620393145,0.16194851739318084,0.33195180993791207,0.0,0.3860968860823746,0.0,0.3580001411869478,0.0,0.04339301987956276,0.0,0.0,0.24950161213365527,0.014777051769466974,0.08852309589555239,0.0,0.317924210348414,0.0,0.0,0.0,0.20736647861402763,0.0,0.03850424241655331,0.19911535375960177,0.1169988767493286,0.1211540604377216,0.0,0.2924027663065168,0.019722535683736372,0.33831214553071515,0.36131132238839286,0.013245278749337923,0.026499604769068544,0.19630320429007342,0.0,0.04076974270421228,0.0,0.0,0.21008103100359377,0.10810370517428464,0.2547922107304161,0.017594054126173344,0.08270581776066109,0.09932865587267663,0.0,0.5611580264511563,0.41228048064383516,0.6060834310291136,0.023368779818200902,0.0,0.37069354046617947,0.09299715116661574,0.00134500565136996,0.06705969227585758,0.0,0.0680504161668334,0.1868100136503695,0.03931918019284104,0.027568605920220365,0.015143661457590267,0.1745274170592168,0.0647489342902308,0.038131410309264445,0.048336352624383835,0.12151680904622496,0.14495908620013281,0.16147683628507073,0.1168911152813822,0.32346223591462236,0.04591331579575452,0.0,0.09191797876320545,0.4144863604013591,0.06977898610033277,0.04460171304433439,0.0,0.043914535876287304,0.29357581102721747,0.17662467292826592,0.014919467767370959,0.30378448123548174,0.0,0.08645610151381611,0.33852043753880856,0.0254877248276684,0.14641436561592136,0.0,0.0,0.0,0.1715322724380766,0.0,0.06385699004681866,0.0311082323801163,0.308900857850484,0.06143953018463461,0.360748518787123,0.0009281492797104829,0.0,0.10877437424232338,0.0,0.0,0.3517953893246113,0.0,0.4075059432984914,0.23343955053140766,0.12859425760954693,0.35940096223451307,0.3716732702305914,0.20540041522994154
TARGET-10-PAPZST,0.025075909858319232,0.0834635608075468,0.39930304791120064,0.2775429813346987,0.28082013262291416,0.0,0.0,0.0,0.0,0.14108210521571768,0.15555001789151898,0.1669817645479188,0.025283092721865873,0.0,0.0,0.05197185701370763,0.07930258287392415,0.0013589863097517943,0.3657776673919286,1.0,0.009570364641626462,0.40366524204806115,0.0,0.048986967433588186,0.12090652188566331,0.14077287810570632,0.7156643364409769,0.17057968193559314,0.10319289664026712,0.274906928622186,0.0,0.023694209539457254,0.036383262387336024,0.06934458969617194,0.07354184341125561,0.08919523348750233,0.0717882824160121,0.13940427517271242,0.004879877373738139,0.0,0.10662781047694234,0.1897510947929201,0.04623606979550324,0.1275858168369817,0.14040674239973502,0.16430117505880332,0.3908317380822308,0.34905654877960773,0.20588813260608196,0.04111537728609098,0.02449206596796108,0.028932076013456903,0.3280855746938427,0.18808185440994277,0.208836229685112,0.0,0.20205106383157115,0.0,0.0,0.05285631476265375,0.1663099992159174,0.0,0.0,0.10044606991614115,0.29927330063983365,0.3085258759861392,0.0,0.030929853413711662,0.024508732251204472,0.24514853137727183,0.003192706542491159,0.0943113731544932,0.2430683915465504,0.0,0.23335111635258265,0.21041046816971726,0.18579496115656463,0.15613551099009884,0.01737567033280399,0.02845800456389848,0.0,0.0,0.0,0.0,1.0,0.28746748190034754,0.0,0.0,0.08530227480822343,0.08317776130186572,0.0,0.0,0.31058571854806377,0.05053196981057335,0.0,0.0,0.0,0.0,0.0,0.11280384416538665,0.2774823066498427,0.0,0.0,0.4268958836372049,0.027722633949326378,0.0,0.0,0.0,0.0,0.06345216173697149,0.30220384219983815,0.0,0.0,0.27543383623154527,0.0,0.0,0.07114932765579432,0.010270654749561592,0.3384115583546578,0.03535682183655829,0.01605751611772079,0.0,0.0919762704694967,0.0,0.03286792170369324,0.0,0.0943694680344498,0.014286610699202078,0.0,0.14503351076057933,0.0,0.0,0.18878430733988558,0.0,0.0,0.0,0.23608297234198117,0.1764552888932787,0.18455724170036153,0.0,0.0,0.26046033252560086,0.0,0.0,0.15522264961394375,0.5076173375319868,0.0,0.0,0.0,0.0,0.032670134798329226,0.011257065605007397,0.03412091018616733,0.20457513178894426,0.06260932164942745,0.16374746570538576,0.0,0.2803271759138938,0.9999999999999999,0.7861520909635653,0.03284335968656969,0.6871319443022232,0.0863372283950126,0.04853842866442006,0.2257319332925103,0.06257200091044282,0.2803271759138938,0.1570677453133535,0.6795380906722835,0.0,0.16008597951013975,0.0,0.0,0.0810313989096409,0.0906160098780394,0.0,0.0,0.0,0.0,0.0,0.0,0.0,0.0,0.07417589374648784,0.10662784659088037,0.2102453952431707,0.11077573584426381,0.0011198599825009941,0.0,0.0,0.0,0.0,0.1546093165798979,0.0,0.3817399445926534,0.0558850535570013,0.21082639046754625,0.0,0.18852351916605342,0.0
TARGET-10-PARACA,0.0007502888713811339,0.33166932673428745,0.06820737295519708,0.17014919614998292,0.1915704045777508,0.0,0.0018655211436500703,0.413808272960468,0.6633452862683685,0.056065761480288495,0.3419447417758449,0.6165903777627366,0.02207706272719415,0.0,0.0,0.015127188170076003,0.0014461932992911662,0.0005000414712085644,0.17607988257834895,0.03037543244052739,0.03169843314444603,0.23114938399255344,0.024229543633764804,0.0,0.05277905889810313,0.22021413850154264,0.010689102563071888,0.07791333688613979,0.21477795443498796,0.6001180244883122,0.30064195648850667,1.0,0.04574209111659999,0.04995591781379909,0.078176464291255,0.10523904737138873,0.023216725960242435,0.1880204920387845,0.00421673569193369,0.07262990005010002,0.03879453119413625,0.7106923880573169,0.028764554828913214,0.03978830401943138,0.0,0.042611450235703924,0.0,0.040511472236097815,0.9999999999999998,0.05723171722532169,0.6055314748034538,0.0037231848143874716,0.19098845065213987,0.1120455553648611,0.0,0.0,0.2141136825173063,0.0,0.0,1.0,0.7261048579774093,0.06776980349819232,0.0,0.2192724902073605,0.4316863791682376,0.10204665603172638,0.11874348046407338,0.34077333712871927,0.21957794647549142,0.09269571195023313,0.0055606373897420375,0.31916225014223226,0.22341688122057868,0.11743403978624066,0.4021443089612768,0.26268561666651763,0.3469110348215209,0.568069506938933,0.5057447042557969,0.12424686104028486,0.0,1.0,0.0,0.0,0.827518968645598,0.08686381041095408,0.0,0.0,0.2482849924692329,0.1411273596337146,0.0,0.4992046353629381,0.620093228356457,0.17926188543550037,0.0,0.0,0.6080664094943397,0.28135141268803393,1.0,0.16416620577862673,0.0,0.0,0.0,0.0,0.01524004654211857,0.9215632824857242,0.0,0.0,0.0,0.18468697973693143,0.43980467609714113,0.0,0.0,0.0,0.0,0.06633452862683685,0.10354536453409376,0.0,0.24624932748419368,0.00881568056618781,0.4440089694193548,0.0,0.0,0.0,0.14350043733503087,0.0,0.2746763466748166,0.0,0.0,0.10553541569651491,0.0,0.0,0.0,0.4305014647596071,0.16978418789859376,0.7454821592088448,0.39225253460371706,0.3676159409640434,0.494058625238867,0.0,0.027966860775031938,0.6633451098369431,0.0,0.16102393320163932,0.11294966774654251,0.49249865496838735,0.0,0.0,0.022998797198764336,0.0,0.01298349711177898,0.016382684138544677,0.049656983467806094,0.0,0.022779224853106232,0.0,0.0,0.27197801745685946,0.0,0.43585005993453985,0.0,1.0,0.09325990915084606,0.2825566051514053,0.11228742742103386,0.11336423606111698,0.13598900872842973,0.11429227429737275,0.0,0.0,0.07765901965776782,0.3106361235447055,0.0,0.2571125168727324,0.5275026989547673,0.3980070482590232,0.0,0.0,0.5591115224047771,0.0,0.2932030773841416,0.2954571333485523,0.0,0.0,0.155178124776545,0.0,0.09256537427051838,0.1043046239624385,0.0,0.2708538826324887,0.0,0.0,0.6298845018132224,0.0,1.0,0.9083812450387652,0.40909443174279847,0.43621084430938967,0.2137525875505411,0.13364417521071278
TARGET-10-PARAKF,0.03975567823340919,0.26498261158038644,0.25970713918405663,0.30708018485476113,0.4864963857953313,0.0,0.008117346423766911,0.0,0.03677210238068626,0.10438791094064519,0.3729499730499103,0.21891264565414273,0.006093345682473726,0.0,0.0,0.12143301418067043,0.011551771707148637,0.00686432009675858,0.2953543510530862,0.10787477229974972,0.04182548114849193,0.8235380508823464,0.6072417357704328,0.04826651603676727,0.226960434256873,0.44590264521472517,0.01504982886871543,0.25268335227005456,0.38369613076258513,0.2439592988697358,0.3406461966104049,0.016187568349144345,0.19238772725430778,0.2182596782046713,0.2174869129593422,0.25697133422170704,0.45571414050905723,0.12710478275056195,0.2741461878658978,0.6639161456646571,0.31161312293834553,0.08509103299774617,0.3786056295581222,0.0014704258081421867,0.21899474350908782,0.058156501886517026,0.1953528960635897,0.14251976075234873,0.21835666719948504,0.08065782097785582,0.08444696530043096,0.27187199038759857,0.19553076151734536,0.3701314399086013,0.31862233072154,0.0,0.13258580083213475,0.0,0.2814101172115105,0.0827471090986102,0.0,0.030054221470167907,0.060630650810458576,0.16035225027353123,0.3718441399340785,0.14742359186026568,0.022059745430006876,0.2635576949926385,0.11026066187010608,0.16619676184524196,0.01282038596737495,0.1929599551534538,0.22276033342433588,0.19447309227324144,0.1566828231727749,0.32625862563905156,0.1331017228499834,0.13186214867474078,0.3818887552682142,0.1031680399801162,0.0,0.11952361344310955,0.1601386123706816,0.9999999999999999,0.27628362226728526,0.5761106411749807,0.6388706128774795,0.32317970928288237,0.27352967450421917,0.12811285522544033,0.23587292928818523,0.0,0.34002714980863,0.08272581303143986,0.06198794675921468,0.0,0.10992881962347946,0.0,0.03695622661591177,0.09100451484344758,0.0984155977062299,0.012671431602166118,0.2498574554219806,0.30778046065092607,0.03580981994399856,0.11413656470335916,0.0,0.06536430019705977,0.0,0.055985302765758985,0.40150406938444805,0.02925632657192141,0.0,0.08888253085610114,1.0,0.047571209708245056,0.24572989329167202,0.0,0.30498210712526336,0.019663702597053696,0.07359433293364392,0.24576968231195054,0.44311429382437745,0.12413316919736019,0.27227840485793436,0.0,0.024622730201330097,0.08038852009421711,0.3521489589174445,0.4802441245645369,0.18715861557065266,0.07351971191641204,0.23590721592795794,0.04772912166521727,0.2629374529842974,0.09232873565691162,0.5586899912398933,0.647446041484781,0.6968727380861109,0.0,0.041034608217637415,0.0574525560458683,0.21467302404429794,0.0,0.8315642834919675,0.08829780088764061,0.36264136845388795,0.3234216533964798,0.009765460836124213,0.19464257327471626,0.05271790136225302,0.11891202882355378,0.09335985535749854,0.5054299266856082,0.07085013022829746,0.044748047102385495,0.1958249559405583,0.14628503401351933,0.0,0.37579798395777925,0.011839601011034508,0.05543433132320387,0.19101740407673004,0.8086980869427297,0.0970546071200882,0.1280476537007174,0.1090694194301082,0.012671431602166118,0.32893041578191734,0.20646163961863773,0.02784625129711714,0.0,0.12294560544453058,0.21678203563497783,0.6147277977977706,0.04412658460782249,0.522909878906356,0.0,0.0,0.0,0.3154020554288339,0.0731853424683908,0.0,0.0193538551949404,0.4026715646797019,0.25839546021363635,0.24111614567220374,0.2090802807317262,0.0,0.36548428772851327,0.0,0.0,0.11741565386311087,0.08203188042597459,0.039841200360114654,0.026093711881785005,0.043531075515673395,0.08054351101731551,0.3323268462069963,0.014816950976093923
TARGET-10-PARARJ,0.0017502362950980754,0.026613838899868687,0.4134217096921188,0.14874495512895725,0.5333682282199526,0.0,0.0006499974617400189,0.0,0.0,0.034269923553802206,0.022497132069987123,0.14733252187559243,0.02747227720214518,0.0,0.0,0.26730053524193964,0.040771224131816344,0.2529360570838618,0.07185883334287271,0.10762104858464254,0.08025453434274152,0.2599153016913808,0.09648249539041945,0.1035000557418083,0.7699382807264455,0.4422115889381885,0.18372985523674806,0.4072173331387477,0.19265463892186188,0.09956998714356156,0.21503817283074123,0.0,0.35493357174223805,0.08982767613383531,0.3039251622369121,0.31344758871545825,0.6384788640513779,0.05975279221098121,0.32669554849970484,0.46997209678433527,0.2799959841300911,0.1948110425185558,0.46496495894330236,0.039609454767078285,0.11866099292147195,0.17598471250831932,0.19208269830043037,0.05600028658564368,0.03970474345165528,0.06522185847577479,0.001160955580222513,0.1923710889057364,0.3564934857126602,0.17051850316400605,0.35580715766543836,0.0,0.06613511086667292,0.0,0.0,0.019144306794124,0.3614203881298909,0.05059888268959992,0.0,0.054571688476302074,0.1904554574126563,0.16762007986768718,0.0,0.0,0.0,0.19739789034195104,0.011362183565150457,0.3411650744748206,0.14827504963429586,0.029226506436086687,0.11301937553956667,0.16186251857040238,0.27151976073460926,0.05655154237055814,0.08810746727397886,0.030922101843789615,0.0,0.16591734139040307,0.0,0.0,0.1418537957038845,0.43423952081483636,0.22580056672057974,0.3389221748181908,0.18537659440142681,0.0584853481527234,0.2269215240857689,0.0,0.11257560464802725,0.05658530181148199,0.13914940282900876,0.6420832234571584,0.3989694993290754,0.0,0.04147932891206148,0.12257120662908551,0.030923966705314505,0.0,0.0,0.0,0.7349298076002363,0.11467746173024852,0.0,0.0,0.0,0.0,0.32837080917270656,0.0,0.15219178912691342,0.0,0.5158889469390747,0.08254540087822271,0.05153989879750711,0.018599926373708685,0.1838568239923839,0.007884593326385093,0.13376710283129903,0.09194981278934333,0.19432819827890416,0.017164489001588627,0.7499907715028103,0.0,0.06836041239586019,0.08796730350328788,0.37338750393674947,0.026265225242218648,0.5601733640327775,0.08251784858327112,0.11396138813783507,0.10714145450027854,0.10563807524519683,0.0,0.0542832685465915,0.06153416417209116,0.020703855081733974,0.0,0.03480141913673738,0.02358438260777821,0.24094677521253594,0.0,0.1405523759074159,0.12257106317212896,0.0881560785549933,0.0,0.003179918121936236,0.17856922441880504,0.06567486623838739,0.036695332975714895,0.11946495069775362,0.6915645606349242,0.08503808742860763,0.03558518779336057,0.4253537369725197,0.10153330162611929,0.14487814420888975,0.4610090253023416,0.2617058266189549,0.2488759348591451,0.022418427046833507,0.2812864855260613,0.22947223468504863,0.029409200039446214,0.0676887833557128,0.08533389623380855,0.36918867588417004,0.0,0.0,0.0,0.0,0.0,0.22974507184486231,0.0,0.0,0.0,0.0,0.0,0.1824281114406753,0.0,0.0,0.04029928619262268,0.4634416438486768,0.038074943047590515,0.20460914935902064,0.11016948410237543,0.0,0.0,0.0,0.0,0.012318149905727799,0.0,0.0,0.021753139105769332,0.0036362064091210082,0.03454262021051296,0.5268055637360002,0.06652163808809106
TARGET-10-PARBVI,0.0023784972487951865,0.23373100416450254,0.23983716945593617,0.3118565117046781,0.4764275737208311,0.026805841207135292,0.0,0.0,0.0,0.120151854623088,0.17031789589001534,0.28093197038088435,0.1318159598470393,0.0,0.04065406672912205,0.6012084657874925,0.05381788448673574,0.016218314840841772,0.10074130265564658,0.30515581976195505,0.06324917093842991,0.087613875370914,0.03815679572740316,0.04676712831178044,0.5769003134656391,0.6688700410972819,0.04049595648508554,0.2768602534188015,0.7081666192599791,0.23699831212691375,0.4051380310827567,0.0,0.1987167986209099,0.33049255795935945,0.054260987346111594,0.10091252668059902,0.16848692314224273,0.0615970011375127,0.3907772881600518,0.1396018433566074,0.12234963420192169,0.08692611792788116,0.39261912492351886,0.008506685784087049,0.1341153374363831,0.20665339367019941,0.3596782048511094,0.3178963325959936,0.260894150138273,0.14336844301381582,0.014928864350757735,0.3327109477541993,0.41350816775001065,0.24218480114654037,0.6407622845969551,0.0,0.07926615007424324,0.17125450725388713,0.8244576730710603,0.07196134461062655,0.5369034776315659,0.2974856446880252,0.32395383644212755,0.21945953345806743,0.4933299475441041,0.3609117534785276,0.0029102205238079144,0.276707348402353,0.10932484062383094,0.07629218165711907,0.0115549411723961,0.7693753758286688,0.4824769340390399,1.0,0.10792223008085108,0.12758461625091586,0.2658542794090128,0.15688103803933048,0.35418343153381854,0.23872837806491926,0.03966985353830901,0.24647660935303167,0.0,0.003381682002607911,0.3772205255522405,0.43717139590756166,0.37990760174154675,0.17355440734523309,0.39682612231426423,0.060209435346806874,0.17940595387204822,0.006117363760012694,0.2441052551330377,0.2429792676065777,0.2740589879087643,0.08906082408812382,0.11426464028705158,0.9999999999999999,0.008169449161450378,0.008046883584342206,0.10260075511483818,0.0,0.44547921249228895,0.0,0.0678003086110304,0.06775818342671779,0.0,0.20805748976993968,0.0,0.1593877797154751,0.08623148265286446,0.10402874488496984,0.5395434001543271,0.09865957659979413,0.0,0.16651965812176925,0.045895453907523566,0.004427185324655226,0.26657666932349094,0.012424178295852082,0.12668492320331148,0.21886063317493556,0.1932063986678088,0.06790001273778701,0.42139010244678293,0.01530750044207169,0.18512692769200884,0.7606958594677589,0.0,0.18711014636274145,0.9999999999999999,0.7524452196415129,0.32378208863481645,0.12751002889443713,0.4934969267071476,0.0,0.1575372788394979,0.19293398155732194,0.2655607590195203,0.06419880575078438,0.0,0.08380819116415542,0.14236551406526993,0.0013726780632207988,0.527612749523929,0.1820840413804391,0.9434982876520356,0.0,0.0012579251355518048,0.261454647222033,0.09103675251707294,0.015325956433851411,0.1312139181319115,0.8750951726281234,0.22394419644852234,0.030470145370546525,0.5530681599677072,0.07332329116830873,0.10047744666692315,0.302790563333958,0.0,0.1470505275426214,0.0870408339320998,0.3749837330653731,0.10426879798775555,0.2134187492127458,0.49468577133916813,0.03385217563941799,0.26764600147022205,0.0,0.07264980157740432,0.030452852089369195,0.016806687820122637,0.1916935300016056,0.31839490207526727,0.1634067285123505,0.1973373313241563,0.0,0.027405924814800742,0.09754527428867481,0.06497967525720155,0.0,0.11474285010571406,0.14388144719843268,0.14516871348429441,0.1962513237625562,0.3796802952010376,0.2912488266209941,0.0,0.43981841479428513,0.10077400691759412,0.0566241194698188,0.1249008225086495,0.0,0.0,0.08014566050740227,0.04673358091274332,0.2866285509689725,0.2909770959722543,0.07916801236533269
TARGET-10-PARFLV,0.018638329662981245,0.2557654519637824,0.03640529390245334,0.04965511611644237,0.0,0.0,0.0006205287706262903,0.0,0.0,0.1422965578959284,0.38268699365031233,0.2905607877782589,0.0,0.0,0.0,0.03773818214211769,0.0011678491308083575,0.0032253074299708018,0.1603809222788212,0.0857739824958048,0.009692690544922177,0.118579034245978,0.1007434491537785,0.03952308240132502,0.06386532737149725,0.19872684970097443,0.18687947062567417,0.03213026367705556,0.2632983892841222,0.0,0.18968690561975088,0.08602503397153902,0.05061628079557319,0.5102871356253604,0.06285225200288763,0.08911047399338315,0.0675725991947998,0.2324980603592661,0.14428905436255585,0.1207944877795815,0.0,0.22001189852439593,0.06933269376393991,0.0,0.056640651997120345,0.06018354072723178,0.10716492911664169,0.18883862574706842,0.4146963374903559,0.053112450295481284,0.4024471308396722,0.034672384603326764,0.3970531917163298,0.43640777383862717,0.08358572579345296,0.0,0.25391287492129905,0.0,0.25274284554265936,0.06396735824405914,0.2012703940330414,0.0,0.0,0.36468324048587564,0.7342572318030182,0.3224660719642105,0.0,0.1989667777626632,0.17354359584401155,0.07879683645630539,0.0007882798504483743,0.7805839017082892,0.37157599964282995,0.8788971918398544,0.24159993826463788,0.3365071496225515,0.15913173414496404,0.0,0.0,0.17220108642273838,0.0,0.0,0.0,0.07649406199478102,0.2949480841326648,0.172878881895689,0.3772365826157829,0.2264896837283148,0.30970145157225054,0.130544226090219,0.0,0.0,0.4655873294983696,0.0899001502731494,0.0,0.0,0.045968472821635735,0.0,0.0,0.4095496205639558,0.852447067427247,0.0,0.0,0.5166346167748651,0.03856018358967088,0.383174713814643,0.07199974723921712,0.8777534202964198,0.3927441043319679,0.07679058177655393,0.0,0.0,0.0,1.0,0.0,0.055162167385962885,0.2583172617955191,0.0,0.0,0.007760319023102175,0.0971649897136483,0.0,0.074207200551059,0.0,0.03977716062496585,0.016144834108531163,0.057103541896247986,0.1037389660955958,0.0,0.08776066380975397,0.0,0.8271566375803151,0.0,0.0,0.2823766555711123,0.0,0.0,0.10438560925120878,0.10554329372928854,0.0,0.0,0.31521229684693225,0.0,0.0,0.28177841687344335,0.0,0.0,0.0,0.0021250266380641045,0.0,0.0025361615739187557,0.05449373835781642,0.027529028402034198,0.0,0.07577055802586638,0.23780304165045757,0.20303481707319845,0.3392552484321829,0.24204251039241068,0.5889685959240455,0.0,0.0,0.1496406659439952,0.4111925321832136,0.28508609707501387,0.2119969207075798,0.2261702500164887,0.0,0.4111926520199902,0.0,0.1291586728682493,0.0,0.0,0.2862881004131192,0.21932920569828715,0.11032433477192577,0.30317531427330235,0.0,0.2324717158978592,0.5516216738596288,0.48764084229293336,0.2456949070495983,0.0,0.0,0.2580846467370696,0.2544415473737519,0.14733995726276164,0.0026062850367140067,0.0,0.4504708941239594,0.0,0.0,0.13974317630907304,0.0,0.0,0.05638808275418486,0.13364720932389104,0.016488287197353502,0.4485445744766486,0.0
TARGET-10-PARGFV,0.01563864646359691,0.2103279809974294,0.3513406044709194,0.7191100027225488,0.36912549266072847,0.03863639834650159,0.05029054877335697,0.0,0.27759358827027425,0.14680047390823292,0.3925858158138668,0.3845712397887949,0.0050394593234152334,0.0,0.0,0.0720175717851282,0.006904479804349171,0.0018190004532519432,0.14029772277252978,0.08998611594507414,0.017551691380018,0.4210344656840567,0.20436670903388462,0.0346128479498081,0.17580385568258328,0.3722951853472048,0.054464623368579934,0.09912753796776329,0.2522237620922243,0.25439044392700877,0.15454435039210368,0.023987941532101965,0.0962924586396201,0.36133833115059627,0.08519492475333831,0.18194667705552645,0.1736160431171411,0.17979296749796944,0.12596497556572311,0.05131308057045072,0.059877469019658264,0.10622807862760075,0.12397731152310233,0.009370158763960298,0.0,0.0897890325471533,0.17756464398992458,0.21860588964003888,0.2406877592688822,0.03341725907556707,0.15650263806226428,0.03480375485056848,0.13182502275733568,0.4337346933372055,0.11083889840025644,0.0,0.17985250158837573,0.0,0.12883717212642234,0.052676936913777256,0.5340624174798143,0.0478794185968533,0.303156817626456,0.4119292157305075,0.5456972899264465,0.21163768656838353,0.020328889559244483,0.3125237934871819,0.22394268149805605,0.151832461377955,0.0032006051753190657,0.314699935415596,0.33857065741333736,0.4225101678231959,0.47245103943032635,0.30315876713364454,0.09156284416535379,0.2371066866235377,0.0890529027940076,0.1278460438280682,0.0,0.14130022959173383,0.022101985237725736,0.03899331499897259,0.2187764588989582,0.18144481612650126,0.0,0.0,0.12009548178245448,0.14015562035850979,0.0,0.056159335303290085,0.43991882670607046,0.08953352585406935,0.0,0.07290890628655035,0.151419573131811,0.0,0.0,0.20698913598125293,0.28564865399833067,0.0,0.0,0.6753220652661105,0.03347584165861923,0.0,0.012234113549557717,0.504833761827394,0.0,0.1405237129711955,0.5545281958250273,0.14914676212266442,0.08640751745430315,0.4640386701068454,0.5745492226179605,0.04542588737729304,0.20258663400693705,0.02940627591152818,0.13650827271808252,0.011390698078847074,0.060710032695868645,0.1004007320931498,0.34869470095810634,0.0,0.17885664686239333,0.04663624107344115,0.04776967296284409,0.39887783132836074,0.0,0.11700717764927565,0.07951011146140231,0.13695174501133217,0.012940400168289097,0.0,0.05997633004602412,0.0,0.31217415578390495,0.30780303160344386,0.2229058153344417,0.01680781709723433,0.027662062694810752,0.07931245379150693,0.13154585035558597,0.0,0.04787942709765389,0.17397534036119514,0.10010179122214756,0.13212276823700228,0.0006944350595510943,0.0,0.009313527494752056,0.00694462893539013,0.05505472854361007,0.12620503686598333,0.04766270972212,0.07356267072769039,0.03449944064851134,0.4582154070982215,0.28789280765518704,0.20963844270108373,0.006753838121461364,0.0,0.20939459624424556,0.2364859173226102,0.274819466277208,0.17621106418350885,0.15224659367930993,0.1267159119466476,0.26874659660173417,0.24380564723048903,0.09791645792063065,0.0,0.0,0.21046578438343871,0.49882687233311723,0.018746183016375748,0.15454542369199858,0.25324588385289354,0.0,0.0,0.44459115919406317,0.08349624980403267,0.13729337951149057,0.038133379438585156,0.1484355803184816,0.12638307908167482,0.26778189920259704,0.10153409199048011,0.0,0.3385674793599309,0.0,0.0,0.22733207085177146,0.08999574407673672,0.3188498962353455,0.07215222772446814,0.23662835345239067,0.1704714286112445,0.462230140012529,0.01888396751611977
TARGET-10-PARGVZ,0.0007193369098298815,0.24481362847551374,0.5778646024728815,0.6356728271831202,0.35584160776656404,0.1617793943960251,0.0016556211914523545,0.0,0.0,0.20317175907175838,0.6764566097494332,0.3482763919329861,0.015239043299993855,0.0,0.0,0.03580038019271785,0.01611465419738058,0.0037809962430209606,0.9999999999999999,0.08427155926483958,0.02630611703592903,0.3599117431233333,0.11468448256639464,0.01757513389067325,0.16428195315098718,0.2920401144002226,0.01625674408046542,0.13278499068351507,0.5497109921378769,0.059177232633007525,0.14666232844586802,0.0,0.109425629425802,0.0905140381963011,0.09393996944808546,0.08474177844506436,0.07554976781998901,0.1011621243025081,0.06249619427279178,0.15040178061324871,0.02295304393549473,0.11664811948755924,0.09907017524866742,0.054929017983770125,0.02014956479968307,0.13295472230345082,0.40087422296907127,0.513378501717184,0.5898744035908423,0.10491943094698385,0.018166306915105512,0.025219648705395482,0.5084978202739414,0.3292069664817169,0.23659730912349985,0.0,0.17369807540549137,0.0,0.17982357796782925,0.09102405417569076,0.28640306170729923,0.12028930987191362,0.3235587887920502,0.22703444490934985,0.1596553467312612,0.1328284206581701,0.0,0.33545789644148316,0.27917452854986874,0.03968491128969209,0.01983418239108969,0.187477096742427,0.09363177668109442,0.1389611613422882,0.2953728573740005,0.4622275183736391,0.031448548150374595,0.26888153808925086,0.22442030546820857,0.08576336982314946,0.0,0.0,0.0,0.08163696824695961,0.17866266122823216,0.05544456389285904,0.13419960219762586,0.0,0.146899361378473,0.07783443540549882,0.0,0.0,0.402264483218762,0.2148687182820949,0.0,0.07632155220571318,0.0,0.0,0.0,0.0,0.04594743518173521,0.0,0.0,0.0,0.0497121282812319,0.13631205597705157,0.0,0.07806387173575222,0.0,0.027317778820602226,0.910746212805122,0.0,0.18090368731315737,0.0,0.30660725286419777,0.0196236029608369,0.061263307695985376,0.09727923484091724,0.1456950621350735,0.011029803004552564,0.06221858666491415,0.0,0.08579606662683695,0.08161075736929771,0.21225739460889229,0.23548065591149253,0.06094276905705259,0.2521810193618235,0.0,0.1248813713180899,0.0,0.0980853380034464,0.2980139925480495,0.0,0.3767020385700446,0.0,1.0,1.0,0.6520807608610156,0.0,0.016546780289593974,0.2523036430707572,0.1432014181981061,0.0,0.0,0.07284741645044152,0.10478725403752064,0.0,0.0,0.127354469153218,0.12497828731469994,0.004846454714046727,0.16158931031771373,0.29358303563811033,0.12466660717181934,0.04229853955061348,0.866741383236911,0.24137629394992682,0.0,0.16117093858224824,0.0,0.0,0.16593658336751696,0.4179410989339346,0.4909665262715209,0.4101260845877643,0.0,0.20286525988361664,0.43883825762579853,0.2602133791223526,0.0,0.091894825815776,0.0,0.31950956063933306,0.624200656391692,0.15698894718869313,0.0,0.0,0.0,0.0,0.13010660356939222,0.1748091896991317,0.0,0.031934670023868614,0.32134239841329804,0.22629019495697025,0.10173904636891071,0.04524594182862027,0.18378959848473894,0.4006309013048679,0.30409711234224535,0.0,0.5746333590313705,0.0,0.09860941709750236,0.01586190099420357,0.4927310690307297,0.3929960089042288,0.23303793004859952,0.0
TARGET-10-PARIAD,0.0009717096465480678,0.21867909240758027,0.02775966518958961,0.003010095481186359,0.2668360322023453,0.08984139549564225,0.0446321865327323,0.0,0.5649211408867567,0.042516595310945995,0.608229984246169,0.8035209533533266,0.010116322569870374,0.0,0.0,0.05650101792021461,0.0003449867163708934,5.85771140575588e-05,0.18865345032232367,0.028354450481071953,0.08807907457163558,0.2841852287329628,0.16864506785878605,0.024859900798716677,0.04116994468739275,0.12603390947111504,0.046095998910984315,0.043160693997181934,0.19791632407777168,0.2629046686897308,0.2885528633459475,0.610244674047208,0.0831335946190397,0.19353644468632045,0.10919543206188846,0.1516030577359279,0.011442346443132167,0.37242668932578665,0.055916368435738925,0.12370681407750023,0.11134815497501999,0.430954073045834,0.020352278903875635,0.0,0.044758891403010446,0.07438226334883638,0.003724348465842263,0.028890668378412896,0.38548644729853293,0.011211959895133877,0.14022549169464288,0.006540251321572025,0.1626504562134638,0.09497918021409985,0.002793528017329766,0.0,0.4981328683217682,0.0,0.04993100004314707,0.271333486335597,0.07952456206284016,0.21677992588653622,0.0,0.1102763018004427,0.3161040176584466,0.15369344925220654,0.8470065286622751,0.35956296822084943,0.29183209609290095,0.12143452220680331,0.011319523960189811,0.9559715578115999,0.1975094790100899,0.11575456158217932,0.5100483260514899,0.22467886959347644,0.17913716732300283,0.0,0.30827398379099374,0.17330234085771734,0.0,0.0,0.0,0.0,0.4983819646432912,0.1776967910298834,0.0,0.08948903288423316,0.04078904503078583,0.15849256910079498,0.0,0.20889057129791455,0.5317194784281699,0.16964199505212738,0.4011908027287646,0.0,0.49894987280323394,0.0,0.2391835670804789,0.0,0.11790138049265947,0.0,1.0,0.0,0.0002534259104711419,0.661268276989893,0.2560322053990864,0.0,0.0,0.12136376222101092,0.28900981655323815,0.0,0.0,0.06585218960636398,0.0,0.18638569550458903,0.07429903740420696,0.0,0.0,0.007658194054668568,0.3002441383762899,0.0,0.01466011090627677,0.0,0.07858233451456613,0.08358641305125762,0.0,0.0,0.0,0.10402610518704526,0.0,0.4758252818843091,0.0,0.0,0.05578532888014928,0.26746058155500263,0.7163146406479849,0.5808695378388653,0.7605070608647158,0.18047769525697294,0.1170263995621009,0.3342629652176912,0.1590491241256803,0.05145270158177291,0.3476513882683864,0.0,0.0,0.4792397613176771,0.01352074544231207,0.10296885999890461,0.004015813515462411,0.00538279848819333,0.010877071054369953,0.06521450431083563,0.023141585370442523,0.046979530779256554,0.4011083159951797,0.23983939709538457,0.0,0.28970287328238153,0.0,0.0,0.08417294376046566,0.1942128970373235,0.09053759742131699,0.14997120800089433,0.09757899343478375,0.11265772792628276,0.0,0.0,0.02551613948442657,0.44579426739565003,0.33797321973750866,0.4538545906525499,0.6464569973087794,0.4243776271190627,0.3813927126605305,0.5478588400904645,0.0,0.21795292968351995,0.6616175973268998,0.0,0.5862241868464038,0.03872979327803919,0.2133206982702146,0.10977637456256732,0.08127882189330009,0.11839431658614473,0.6499232248456545,0.28334483085531476,0.0,0.0,0.5543673496540352,0.2176234992321303,0.1892499424908813,0.3378304528089591,0.648506945078212,0.569998897889143,0.08441462605061405,0.043910976870239156
TARGET-10-PARJSR,0.042275104869928,0.02297093548717081,0.34456817171511434,0.40461634270057517,0.3174649638823297,0.10881666429095055,0.0,0.0,0.0,0.04221316070607498,0.013047864207916898,0.07235801932902156,0.0016372299961678791,0.0,0.0,0.08977897730262739,0.08766769699284137,0.06926826096312444,0.05750674996715019,0.4499773550262006,0.08085425392297294,0.0814208032648225,0.0053905708125332585,0.07357231258864615,0.4045372532315922,0.5548394329146422,0.11626163991571803,0.14842600606462264,0.10442731654610882,0.318432788238221,0.3058866596714845,0.0,0.09443400387289792,0.0204942364780048,0.07897152624262689,0.08233247981157693,0.03750309031954471,0.07848458804068995,0.38896718475768943,0.04847590431908243,0.10308676662523196,0.03716925213206039,0.638977613067356,0.061632932688455384,0.18974345772887788,0.22082682788395727,0.3368337422119628,0.1358217587392817,0.31138620207523143,0.1360678961402788,0.004629055685343233,0.3123790882220881,0.2672154799664329,0.29243284911527934,0.2949906641323806,0.0,0.02352323395030844,0.0,0.1209537767485353,0.017113792509596357,0.1076954325837684,0.0,0.24333382544595586,0.0,0.33820243532893723,0.3785371777950897,0.0,0.04865717120848947,0.011293678916850632,0.3094557991393828,0.04027249054294791,0.05662677105271403,0.20903342971563246,0.36982376793443966,0.1624060611311749,0.07536341505033842,0.1998296655099133,0.0452140632482769,0.03938118052018186,0.09162347068369821,0.0,0.07415977462215419,0.0,0.0,0.7369949880391402,0.6907621264681015,0.18053196565892882,0.2295796084743094,0.2151187039106713,0.03295831452754999,0.24190409715960481,0.0,0.27677955231431656,0.01694418606163578,0.0,0.0,0.0,0.0,0.0,0.0,0.020733010530632066,0.0,0.0,0.0,0.24372179518563095,0.0,0.0,0.0,0.0,0.04108897864743873,0.09784741660924616,0.0,0.0,0.2581203138401272,0.0,0.04115670118753346,0.0,0.01592467360005724,0.05478536688129863,0.039170622955122,0.0549935365090379,0.2940628607521753,0.017756474295542283,0.05489340963336232,0.4535623357266274,0.0,0.32793276676408933,0.37097140939780215,0.0,0.17791600598104693,0.0,0.33766439200306925,0.1543907555234247,0.6502111978968377,0.03777342009260774,0.0,0.05845551084551356,0.05030991912866302,0.05123038853877941,0.011834514699813675,0.0,0.03771234955582065,0.10769554523931192,0.0,0.0,0.10957061914550204,0.1409650150790819,0.1934865198075189,0.0010169619112418693,0.22843129789857428,0.07018102898765842,0.05005257826736278,0.15461733656665616,0.1940476753027498,0.06306404690998717,0.1651780421828724,0.31444440555323977,0.0,0.06475592263093408,0.012120952389888192,0.057065134446712414,0.22247902210521808,0.03651703052405523,0.23573607657253007,0.1860557894265465,0.07724244403573924,0.23564677842847753,0.025427660018610618,0.19678212865501382,0.0,0.0,0.0,0.0,0.08413420461292201,0.3859639129430257,0.0,0.08111135999565583,0.0,0.0,0.2639864468907445,0.032615801085278215,0.0,0.0,0.06444007844726195,0.03452391356634528,0.0,0.003260256039957155,0.0005444767277439355,0.0,0.10778964678402206,0.0,0.0,0.0521005396145578,0.0,0.0,0.13407309945521823,0.06551470826852357,0.040385367430488615,0.056193261050978924,0.18928916754458475
TARGET-10-PARLAF,0.006189458568822519,0.3051584203711285,0.3951381522694615,0.9999999999999999,0.524190978670343,0.0,0.009061562951433183,0.0,0.31589464538562567,0.25295733746457444,0.3848581444666243,0.17858258589913897,0.0011681601393201595,0.0,0.0,0.5234752097903067,0.014410620617943723,0.007352657038067148,0.1741425626598943,0.07968798541968657,0.0648537533887183,0.8206434602016756,0.9999999999999999,0.04338089779606988,0.5660511403925186,0.6662409314774329,0.03046350621248284,0.38056235617961537,1.0,0.6033239405356203,1.0,0.0,0.30121402051540686,0.16792177295319238,0.16535122827210452,0.22570328242135618,0.2358643829355618,0.08178531645404408,0.3255235353409983,0.161407966378214,0.11084711019879279,0.10973872628497588,0.48598547519216023,0.012631848851615196,0.15136870268241961,0.0362890912734784,0.16658156162899534,0.10695224572642593,0.14929157709875523,0.059599880457493135,0.021062339999876268,0.20946689997277024,0.2880130179071785,0.3401191195780602,0.399381049506391,0.0,0.07459693274430086,0.0,0.5065797877871138,0.073263785330902,0.11526059029702308,0.096818889741476,0.08680917569438788,0.1682334629084695,0.25537801168871876,0.025917936168015337,0.0,0.19890384509960676,0.0411567859280704,0.0909864841441663,0.016330277683809867,0.029042514264271686,0.13003759159241682,0.05592379281559825,0.38096240319099894,0.14732659937358641,0.06862493469756234,0.5590808769403375,0.15654797841037033,0.0986136257643726,0.010630240788004681,0.05291284233573517,0.024829632183744028,0.13871747753117422,0.04376203379238444,0.38977127528867844,0.07201025333507882,0.2594056097334024,0.09853072325294929,0.08726762490343654,0.0964899151867902,0.0039621499328504105,0.18448172746421293,0.16620720759912058,0.08875251195929441,0.0,0.16672219110657996,0.0,0.3968454801946518,0.2084756431814219,0.1380674548627814,0.0,0.11061134920794514,0.09861978225351706,0.03329077963096013,0.07314377630626524,0.06871957964334294,0.12566478810546994,0.0,0.08795061814570129,0.7679519444570682,0.12566478810546994,0.38828434781148413,0.06362943834274382,0.0,0.07370877117364566,0.049309804242114855,0.004745357375609116,0.0,0.06675584544881633,0.07419073444979662,0.4691800168079452,0.3116367065982871,0.13137435071955655,0.4024291363849877,0.027736763549406986,0.10900409645838502,0.4422575777188835,0.0,0.11726752216858143,0.08932260162337585,0.9999999999999999,0.4361212005474937,0.3416849344164406,0.4177441045005708,0.0,0.8990136240938482,0.8622631178291186,0.8203468462609447,0.08496935812668845,0.15537930536237649,0.1654686825838982,0.1536806368553061,0.0,0.08964708131222425,0.0,0.11245539420934235,0.9261286900352301,0.0008112853572954441,0.15945307626234495,0.06587603467061662,0.059812827102446696,0.1103544694462377,0.8191741082966236,0.12294171958055475,0.030262592320732373,0.5038411378132062,0.0431732498801485,0.13860937053773917,0.6659158725477492,0.12898458806875698,0.0,0.13537260220325634,0.2466889266940085,0.1493017659242724,0.1279310907565141,0.15110656446934492,0.03628505688621417,0.6279357834271824,0.2792552897494255,0.0,0.0,0.05442775071266038,0.15919269578092005,0.4396078640311151,0.12635785815425027,0.057872783796258584,0.0,0.0,0.0,0.3723401990468264,0.1407009717229448,0.052762969350810734,0.07711103366607899,0.4680211801023758,0.0485699091894614,0.5036818984298209,0.31524219342621945,0.0,0.21497416083217852,0.0,0.0,0.20119825955502135,0.0,0.17637581257488597,0.0,0.09740838364491758,0.03776908619837704,0.44771865919404713,0.04242882145659917
TARGET-10-PARLEK,0.00031341629225803294,0.09935439943274996,0.34075359077021117,0.2230124277041099,0.4501653342804396,0.0,0.0,0.0,0.0,0.049178413812096824,0.011912933059452444,0.08073199886396348,0.007069594924350667,0.0,0.0,0.3245533739607685,0.01889074801555804,0.006903957489808345,0.0548139549447291,0.028300319735847176,0.03130165898757571,0.14808063945207284,0.038794345256414745,0.07039050557338997,0.7565936021804063,0.8235139967389333,0.02327741431426281,0.3052085693841196,0.27566899545961965,0.12811466959847093,0.3311407808535728,0.20428049737697215,0.038116670592906784,0.026159447858659753,0.03675988212653626,0.02974426390708476,0.0,0.016472644161672496,0.44781789958285606,0.1976912742784007,0.031057300540914566,0.183276388134359,0.6975710928041795,0.01061762797789993,0.13086723413418172,0.16622797964173683,0.3449710623165833,0.1339200997337137,0.47900200339461657,0.23807995093268652,0.004815782593974538,0.13554525030294617,0.30579485328630146,0.1438230713292761,0.27127089203316485,0.0,0.047449386752492766,0.279698547921622,0.2919789583729732,0.0,0.19376325392469382,0.0,0.0,0.02925675550858193,0.14246756043124664,0.11437207988471039,0.0,0.09643168048300607,0.015297783367631247,0.0848804108676893,0.01909862338975311,0.0068017528037539535,0.26828751176297105,0.2632358799425066,0.0035525943675570847,0.128456104470195,0.19207348315246597,0.10914551960347986,0.06073176186663053,0.12599142633866037,0.0,0.3202235284516568,0.0,0.0,0.37612888137578576,0.456431926399818,0.5084323968226486,0.43608378977355844,0.05963006154161556,0.029294952245551786,0.19464995205791638,0.0,0.09418889876951188,0.08305858879241201,0.44760160911128816,0.04130767778685608,0.06195544624256492,0.0,0.0,0.0,0.07957836987672165,0.0,0.0,0.0,0.021977907883910158,0.147552934237688,0.0,0.08450135426395397,0.0,0.014785260162588349,0.21125384696952765,0.0,0.0,0.06418001869099943,0.33189140530816685,0.010620924820011276,0.04973652574093581,0.0,0.1577096845256147,0.010811870992917895,0.1608902703658593,0.0591548874337136,0.0,0.02208516546025785,0.6050375082193739,0.0031085266845750884,0.0,0.0033289843915001466,0.0,0.0337948799566158,0.18019047728800738,0.4777830625887953,0.1026421132814115,0.34464170497216756,0.24465993684060958,0.0,0.02885326114433366,0.02055107361677391,0.04663306585419198,0.004761361516413751,0.0,0.3186280974631896,0.5425369307402731,0.0,0.0,0.07885472764571214,0.5671429673707528,0.2335358258835627,0.0008183053434243228,0.5284505341396525,0.008335452635170137,0.13639910668797817,0.16961423935835326,0.3336828674118436,0.15683049919764125,0.0915733106832231,0.3127388494496718,0.08709377558356317,0.0,0.10467707493072721,0.2372423547033902,0.2401678045401992,0.02358475262591162,0.18096255405899392,0.05344264767164458,0.035080487736972525,0.23950778791038616,0.0,0.39585566783477355,0.07041781251803987,0.024868213476600707,0.04973643414439343,0.0,0.024663800115979354,0.3589523906097735,0.10620937170211071,0.0,0.04973643414439343,0.0,0.10620924820011275,0.023472600969331788,0.09461220470816682,0.0,0.0777782936313654,0.19876663678840195,0.0,0.17799545705668993,6.021783100406039e-05,0.0,0.0,0.08229343747203992,0.0,0.16854782189751394,0.0,0.01779017694604238,0.03293078333194856,0.06550082847604068,0.10793838581975554,0.17631610013034127,0.021397977296715734
TARGET-10-PARMSP,0.0007291033727821515,0.1511996770289379,0.2662203618620158,0.507403727505745,0.39584992582348155,0.1388298495153539,0.00031265918318254413,0.0,0.05558794052390782,0.49354073348905503,0.44964177393888943,0.2283516097550787,0.004945545334229502,0.0,0.0,0.05851072930616736,0.008464767639507674,0.0022608755310521735,0.13932992951861567,0.10176532860456955,0.009054772924142772,0.49994847323869224,0.8662735464604914,0.17167108167523804,0.10235071221323999,0.27235261044149744,0.33286668624614096,0.2493973754480649,0.4391630001754524,0.406260847154377,0.18756093278197372,0.028896352234173587,0.060973336133306424,0.37663371868221085,0.10364245846906632,0.12180769966739544,0.017624379539803413,0.2949631486148404,0.0737127180505732,0.20812908499493932,0.11767197637859542,0.3520282286847063,0.07820188714806031,0.0,0.022943046502400113,0.06575621056696716,0.9055876633027278,0.9176965043783577,0.0,0.011308242437799144,0.0476234900843628,0.053924353917412196,0.4837506400500661,0.4955924717455914,0.11801026757886383,0.0,0.05773784910130778,0.09759248136929452,0.12784627474502552,0.03905585668676582,0.16265680525101003,0.03440849313874159,0.18330923678423067,0.25268507254355793,0.6342478294661086,0.29269444237354175,0.024925363602430778,0.06607764479851078,0.11330831701986487,0.6502226131252269,0.0029915074545802086,0.03680415612375155,0.2008660766936702,0.25779312650341885,0.11827799922373067,0.6441372918919934,0.01845469537278842,0.07653963128298764,0.16212858558651383,0.07682969189222626,1.0,0.05586628756155209,0.07890365847603274,0.10859849949615313,0.16374863561315317,0.7704580527269038,0.45990515242756574,0.5057036963227942,0.12524480915604444,0.03054195123764389,0.0,0.04626245306621368,0.43946206188581755,0.0055539067022663605,0.0,0.17295734787013142,0.17711848637598002,0.0,0.0,0.11086551641033955,0.11014739241319672,0.0,0.23586084276116795,0.10412445960990703,0.030616732254291006,0.6238689579367845,0.0,0.044226433522663346,0.0,0.2491439178257391,0.2970110218721993,0.31131944072558865,0.0,0.10175987942831438,0.3491144612982948,0.13450105501581752,0.4546090066671499,0.11304979331026514,0.20635547208374563,0.01245560882804531,0.06297279294837628,0.0,0.022653949455686332,0.023231245277902046,0.4194693059738189,0.24254247105279858,0.05810849519542062,0.5362956480181399,0.0,0.24918728300529924,0.0,0.0,0.16943911732623232,0.21716193308192636,0.3145463610488274,0.37482576979648935,0.17588435531340496,0.15274186979201618,0.33231545843540583,0.005032876166481112,0.02348201378913544,0.17579494927993483,0.0,0.0,0.20897490721202236,0.20716478339317487,0.11873268444589237,0.0,0.0,0.02405051116303115,0.0,0.013755509348686178,0.03067885711911907,0.20073372131754624,0.09982350769073393,0.056228929682907915,0.28925108722383014,0.2985252980653241,0.14778127247218256,0.3124233764738609,0.0,0.16842033240677476,0.31183633621768947,0.4889989491182121,0.31020886693802946,1.0000000000000002,0.8258604274093632,0.03868612602828107,0.0828732943882537,0.22330028122744378,0.11790568915542834,0.0,0.057465753840035314,0.2223243906152108,0.28776216444755337,0.08959470966841565,0.0,0.0,0.0,0.0,0.17319620466509686,0.0,0.16821656206651897,0.05445426676571056,0.2358539176761114,0.4127626233826456,0.10768604916558117,0.056334999641149804,0.0,0.13662939049013734,0.0,0.09775370372461376,0.08458044009855104,0.0,0.0,0.017887572841520386,0.0911302767251154,0.08034111281596928,0.4799491599939621,0.13461121210417176
TARGET-10-PARMXF,0.0016224411871286761,0.087974162971697,0.2871722738558067,0.1534619863269781,0.6403519366062818,0.032455760772175615,0.0,0.45746240972961355,0.196842424418321,0.03772145694108209,0.11863050642394099,0.5045961189808562,0.04195526459291964,0.0,0.028658942030474338,0.3035939523861097,0.21881911795559633,0.19743793707926957,0.09381400733888172,0.05159075696692704,0.5372995185181741,0.3082255912501841,0.06694466286168434,0.5032127390456119,0.6030850702923184,0.3882287386027066,0.46852918296731594,0.34651989787160864,0.3976944694469533,0.2800710120832644,0.22594862102295216,0.0512367880791003,0.38053885096172085,0.0588346739834302,0.20314843971672888,0.24965301396207285,0.011405027032177814,0.13663335801637344,0.2792583000648089,0.41329442523905685,0.19654010416704287,0.13244033851961381,0.26416316772352466,0.11318804459294855,0.12185856157725923,0.9999999999999999,0.03791341530457008,0.024908283001768523,0.31437762968984706,0.10668942139264888,0.03660678059575637,0.09924993191496191,0.45148740523703185,0.028837861304184337,0.31284542834650686,0.0,0.05845269875012186,0.034558413793552054,0.45193097316464004,0.05934839653747046,0.1867370403315858,0.09696717597093098,0.0,0.07052906670146711,0.04154644110186067,0.04607194217158124,0.10433088279245428,0.12713600456380592,0.0951724149655176,0.09551606899896287,0.4463183045846776,0.10588349392993654,0.2413214594860883,0.24779791907807652,0.11308084167990329,0.06697103986944011,0.3327833729906225,0.4659885673865919,0.019509838656860578,0.5032978163613506,0.11923155255402007,0.1780453020889155,0.0,0.0013648174035043312,0.26224300013317203,0.1419144376060635,0.08076866229450044,0.04849282816473885,0.05184129652385155,0.06182596213223931,0.15430320163713232,0.0,0.10596115173015867,0.15568037626939604,0.03318232517518005,0.0,0.0885790806964113,0.0,0.01978277379601279,0.04871501256126856,0.03134077922310763,0.0,0.0,0.0,0.5514136208486221,0.1093866652368569,0.08735488419913037,0.06264410395283927,0.22525542875407395,0.13172967411411238,0.10440686556886018,0.0,0.0,0.1255435138519187,0.6492178420864491,0.021724217568529713,0.10765358311112072,0.0022338414925880657,0.21270686379890108,0.1601262525301019,0.0646171582163345,0.07714251861573655,0.009268114769405192,0.12126832276730476,0.20942855408796598,0.002304465871125583,0.0799886508867925,0.015536499214341413,0.0,0.19182901357917714,0.0,0.4255730050344255,0.6857683177441417,0.025549535324551457,0.16122271686532427,0.0,0.1739203796094523,0.169468791499445,0.1777637687799421,0.1411911476147474,0.06971111546464621,0.09560915993147051,0.10107275114750935,0.0058170101351088235,0.14077102527363763,0.09525987248618918,0.5706553745567449,0.14427390534536882,0.14825063503815047,0.16715538741655947,0.1036422350914387,0.3092209860795087,0.07345314434093948,0.16250456895593243,0.21428326735197845,0.014143067674894722,0.10143217618867305,0.16229443426991988,0.017274216037504262,0.48236055614992784,0.1152479402570195,0.6560672521424729,0.12190042583711769,0.24639340934498982,0.01946346728162028,0.025233437126755562,0.024212217725514185,0.17056256781351256,0.2206301977342746,0.22233876914170564,0.020823962353275934,0.01843572963455305,0.0,0.16545994254968308,0.4594210892409363,0.17407964767350023,0.13060940512068636,0.0368714592691061,0.04977361788239164,0.0,0.18271190451560568,0.03506976437162558,0.0,0.6009713807779287,0.27285373060591245,0.09112563539178528,0.18986332522566463,0.0705250025470016,0.09284877752555558,0.09644845075934072,0.0,0.12060111290519443,0.22894905498276366,0.5145881365329777,0.23127866146905598,0.07941579609397922,0.06817849274403076,0.15148986247203264,0.3466848662857534,0.8065646291171538
TARGET-10-PARPRW,0.0011537620271261965,0.17563651097319757,0.07505161702993626,0.1388890772089631,0.3906912618535815,0.21568901706442942,0.004079612845146583,0.08133994054587317,0.29401333327569906,0.02678422947115589,0.11680448715120884,0.3400270093145793,0.009416492429579561,0.0,0.0,0.0565538181615453,0.005651190429140532,0.0013839502844332937,0.16802761284723097,0.014727746363990196,0.024359022619549503,0.2961966176372053,0.16930676289019653,0.032758800964557265,0.0667880225889658,0.4122193765955266,0.14313478338273777,0.1659677948601943,0.33211528334716856,0.01966025781404793,0.17164679000180955,0.0340006056647437,0.2000696410623204,0.11099438846491477,0.1839672025868372,0.21404890155001616,0.11534902580614304,0.33242278733374014,0.09106560743910774,0.28580728999398936,0.1449858686160489,0.6246371387843376,0.09393025499504716,0.028702273973300222,0.026776926882263404,0.054054089475637085,0.05374985756800092,0.06890460504230331,0.15155739373746557,0.02895820994223076,0.1778207549576448,0.025857058075464574,0.20672234805922599,0.14895305909905143,0.11728070900931024,0.0,0.203359327078653,0.0,0.1793238499358806,0.1740312074492291,0.3097042837045108,0.03996334387119229,0.0,0.08638913004510301,0.3901049944240746,0.22899556545637034,0.014587953446530636,0.19497780595202102,0.11507924554019641,0.4188312992245004,0.012150244096595254,0.43749532825520104,0.15923032386144076,0.011541643581994786,0.20237214784816307,0.26130108156320114,0.028319974217052138,0.12290096430946575,0.13430224290411952,0.1467467221015623,0.013206120294695079,0.0982821114247565,0.0,0.0,0.3221599624788642,0.27264656778632246,0.3126732995215392,0.13384163571544294,0.354225313292737,0.11071044064351136,0.0,0.8325093308757553,0.2932820505908268,0.12941797016852247,0.33041874055656845,0.0,0.560084725458146,0.0,0.5081104143992069,0.307082098079522,0.003052991202375722,0.0,0.6852894644151002,0.18317973482931624,0.026347649823097778,0.0,0.0,0.10373973861944173,0.0,0.1635989260493717,0.12995581998332043,0.0,0.0,0.05922199694428839,0.0,0.24786801588482696,0.16322362404245508,0.03675455241082553,0.2912099461964431,0.011704547909759555,0.20466415767093563,0.10893402305408997,0.1711794474822544,0.03393570524966319,0.3060044988756819,0.0,0.040493653823153404,0.0020434439469604582,0.0,0.07260566548971295,0.0,0.032586569988576786,0.15312986607205653,0.042310513006504256,0.1920603157084426,0.6246802960343348,0.23243640121723308,0.23301519712141697,0.3375314959614284,0.017555146776396083,0.08801014301362838,0.07456909491296153,0.38060314876750323,0.0006880758893019322,0.46710549350881075,0.21797443626154792,0.17406595754643253,0.23892038974158436,0.06329035608697657,0.05659756314229342,0.033628635432380344,0.14975201315926848,0.05213159904871536,0.16593838213530263,0.02018551068764992,0.04690330672205674,0.21612218727569688,0.12037445063580475,0.0572129914481745,0.20903572463736875,0.04227895945281046,0.0,0.2633817151597728,0.431071203044289,0.0892516801810675,0.10680312109700907,0.013365261662370327,0.2135708842850118,0.3411338569484101,0.12967475630571376,0.03062924260504064,0.305895292539448,0.06761647620363878,0.1516745965838611,0.3507062459349948,0.2610341933806634,0.0,0.0,0.0,0.0,0.2451285714324706,0.0,0.0,0.026523885093010412,0.21371556806863382,0.12048311423009855,0.14458400306495106,0.16934522268390528,0.0,0.26637388327796363,0.0,0.11390421745795419,0.17557544415831897,0.0,0.6115329883062034,0.09846904168984587,0.15512017996154026,0.1618446932550096,0.5383550593169643,0.11829885607734106
TARGET-10-PARPZJ,0.04011275461478388,0.057671202177390544,0.20039163152011216,0.42603055792652395,0.3676438636565895,0.0,0.000640744407347175,0.0,0.0,0.047912244358970166,0.10704179274300055,0.010601195873088276,0.037913685076765694,0.0,0.0,0.36369791964514403,0.05581783047733617,0.0562403891313266,0.06312148106776569,0.2516116452445682,0.23973431596395184,0.3801646546892355,0.5825428040211407,0.16324272005291396,0.37047155219143635,0.2692280761538927,0.12718021565435061,0.4016592445546703,0.37106503245984557,0.0,0.268640661669537,0.0,0.5080786369598098,0.22248549513008464,0.29969546643858114,0.44080231155258004,0.2392251290791272,0.06271270888027394,0.18665426887767383,0.24945948083927358,0.3997388240001676,0.12558409227766681,0.5120862190358706,0.0,0.11697179152232802,0.3126803571482868,0.10978803896118913,0.046053649256271034,0.1630829604246048,0.1016379952866812,0.030896319746047583,0.43717795829229916,0.0,0.1460159761623694,0.5432410516075571,0.0,0.025430447513914045,1.0,0.0,0.0,0.0,0.0,0.0,0.12552133032998167,0.052375474272434074,0.0,0.15294162870377412,0.07635440121194573,0.03852340500382222,0.06117636702020099,0.08370967207803214,0.07089791421723374,0.06394688703984373,0.0,0.26786083114290543,0.15084985716126217,0.27000758391410823,0.1951129638999494,0.0,0.14224888577698708,0.0,0.0,0.0,0.15797222773679276,0.0,0.2951226785114354,0.7790524533257884,0.4677365661040301,0.0,0.017155585731050145,0.0,0.0,0.03293752990448204,0.029713362894082593,0.0,0.0,0.0,0.0,0.0,0.0,0.0,0.19627791990967494,0.0,0.0,0.08300312678657712,0.0,0.0,0.0,0.0,0.15858454318114162,0.755291182379416,0.0,0.0,0.0,0.0,0.34175546974911186,0.0,0.0,0.0,0.10025346691848425,0.0,0.0,0.1532495004116993,0.11844113113603083,0.5750223387518824,0.0,0.11792773145009053,0.28564960679909007,0.0,0.5437184270868332,0.0,0.0,0.0,0.0,0.0,0.0,0.018125683091546184,0.07479151541710549,0.10948771237904513,0.051069668893033285,0.0,0.16274069988052947,0.0,0.0,0.19397221707302995,0.0,0.0,0.0,0.07021618971467078,0.0,0.044821248624444775,0.1969416943982611,0.17055522795987785,0.5112899692126393,0.058679279489478646,0.0,0.0,0.23353844280276415,0.0,0.09356249535624599,0.0820846611029453,0.0,0.169671648662156,0.24262197932312324,0.13611170649113313,0.007201654447297173,0.23353844280276415,0.3925558398193499,0.8491770393116378,0.755291182379416,0.0,0.0,0.0,0.06564956804889412,0.9058981215471241,0.0,0.0,0.0,0.0,0.0,0.0,0.0,0.0,0.0,0.0,0.0,0.13866640726359214,0.21594136080001816,0.0,0.0,0.0,0.0,0.033387331054362625,0.0,0.0,0.011138533363815595,0.050182257112404184,0.06810177583079935,0.18527247903366278,0.45902316459557635
TARGET-10-PARUBK,0.00018076616277671172,0.14689302413471825,0.258081225246912,0.2588196765442745,0.42445111397629176,0.0,0.0,0.0,0.20645458491904753,0.02423094607742885,0.0,0.155642968091778,0.010077610194577605,0.0,0.05126260032086321,0.3879449958784268,0.011037654725792524,0.0006384972175475713,0.036152502467184364,0.013237514411819754,0.02690712509081933,0.17281350003143675,0.027147664622422647,0.1301717284605086,0.8173542876126421,0.7748998544072814,0.02414113284920841,0.35917919652984365,0.514338481270842,0.572780402199449,0.46537450972914646,0.2833288307588837,0.05323348925491542,0.038823289970028874,0.044030047960532934,0.02828340551985853,0.004335481394034042,0.029247778950050193,0.47207042660583176,0.1989220041905532,0.09659290274444261,0.21300814932125703,0.6027631400044774,0.004953368693449541,0.08479523450041525,0.19874130611010282,0.2891367938806271,0.13043847016332655,0.4667518193407923,0.30180874638728183,0.0,0.31968424084086816,0.32098564154351633,0.1939901688164231,0.3684602475686048,0.0,0.06934247638511558,0.07249225391965758,0.4351307745466197,0.0,0.331448155468255,0.04218432524024672,0.13616264152480248,0.05914540285758406,0.1049639353323091,0.05843882207662826,0.0,0.1235595210560321,0.032071569357285196,0.11777444317433214,0.011723626974925495,0.022527247084913896,0.17383643469979065,0.05847881231604231,0.0085140359452824,0.09157994176011977,0.40782099374208136,0.141441362166443,0.015740419747194454,0.14952266283815868,0.3084659970502065,0.08299528621701771,0.0,0.0,0.19390934010081207,0.5200305198510184,0.6212258394179079,0.37297878937929957,0.015454915996671276,0.017079338882101856,0.2648584385847621,0.009322127569094231,0.10991705129252265,0.14693625240232044,0.20881648917482817,0.128473227919452,0.2202181621626517,0.0350263816221368,0.0,0.04087505102370633,0.03480479950331818,0.0,0.0,0.0,0.0008859187997712545,0.28682040695959893,0.0,0.0,0.0,0.011496150972020221,0.16425787111357307,0.0,0.0,0.024951308808408672,0.0,0.09083998031378152,0.09023468043793753,0.001860819148635236,0.09196898644790388,0.002034905924544852,0.05527600356185418,0.18398079347465146,0.0027773504242263936,0.0,0.4347100410635842,0.002417007998063704,0.03419526036127563,0.007765249580538211,0.0,0.0788304538247066,0.07005277241806314,0.41277165634791024,0.18241864854646042,0.37516080295276305,0.4755809953471692,0.0,0.026291559502071765,0.02474535685839443,0.04488762112654059,0.025915004785971685,0.0,0.17696098457204223,0.8436863777818033,0.0,0.0,0.0,0.3968776111410443,0.0,0.002863188527512854,0.44661996534804904,0.013862840441551632,0.00203953533109805,0.2122468058599634,0.5559665864452006,0.19425591067825176,0.053401296678583295,0.33435377288374896,0.11850771689196554,0.07247104458426834,0.07460786429410247,0.12496014355173615,0.31123245946383726,0.049752616723385275,0.3165868022372781,0.02457198776202045,0.03406682568302164,0.25394503528704043,0.028457151222829647,0.12311705480558684,0.05475276017632703,0.05800797507453046,0.03867213356046832,0.08537146275158564,0.005570571574137186,0.5417805809314457,0.06606541777329603,0.0,0.0,0.0,0.0,0.05475261623233611,0.07356462521418886,0.0,0.05375603046242724,0.21250437881498613,0.19045888346503076,0.16782400588147214,0.00017167921106324378,0.0,0.0674387656099032,0.0,0.0,0.1510509184848601,0.0,0.09682787562142947,0.03976166644603388,0.07275625367957311,0.1530418711867375,0.33361358801235286,0.0665509987862586
TARGET-10-PARUGP,0.0009848601421389978,0.4060569347203931,0.03283761880765351,0.409286689165732,0.24141336844679542,0.0,0.0005624586560246328,0.0,1.0,0.2157965644531641,0.1074623360457635,0.9999999999999999,0.03328141472433381,0.0,0.0,0.11402197681371644,0.0014206273834717412,0.0005028720495201356,0.09998791776464368,0.016514517829148406,0.005005924094655454,0.14520790901436637,0.03652629201613456,0.035824456629637784,0.06180381363316489,0.20115309254699903,0.0028440722878215596,0.0657095720872294,0.17820975490212657,0.603123012130936,0.8552316388102499,0.7277638413397196,0.04659104007841525,0.0858495788175622,0.08267764690291825,0.08455786167123398,0.0,0.3746624707818748,0.015180065494302935,0.2189806773443062,0.0,0.6270666620083541,0.03670672149563832,0.0,0.0,0.0019368568979349007,0.046004233227996696,0.09626143337709185,0.39041190796320074,0.021743872159498964,0.08326234574144306,0.009608253933821758,0.4318756489396504,0.1484813238252642,0.011095104845613699,0.0,0.35400373760911624,0.0,0.0,0.8117366103028765,0.7297407029886164,0.0,0.0,0.22037042524374906,0.5696037813088408,0.30767287306704033,0.0,0.4701231501696353,0.2703214995665638,0.2508063240059742,0.0006870415444363721,1.0,0.4490711707066212,0.0,0.47866737019489086,0.35470792315844496,0.31274329963872205,0.17127418388637783,0.1906039014992861,0.06243450289826271,0.0,0.0,0.0,0.0,0.5739684054844194,0.12135417989127092,0.0,0.0,0.9357305976573438,0.5367064759159662,0.0,0.8278119963911467,0.4716685655314656,0.21612032074483073,0.0,0.0,1.0,0.0,0.0,0.0,0.046828715762577654,0.0,0.0,0.9365741798360395,0.007824188699870538,0.0,0.5220951289708671,0.3978060088738311,0.0,0.13920878278632473,0.0,0.3978060088738311,0.0,0.0,0.0,1.0,0.0,0.0,0.3712234526749452,0.01154396936166704,0.07045771844892837,0.5569655038161808,0.0,0.10397006774140032,0.07210949552915491,0.0,0.0,0.0,0.0,0.31819149960407983,0.0,0.0,0.13805904014683948,0.0,0.0,0.0,0.6925079084985075,0.5677931398936165,0.5697734233473315,0.0,0.04216033693758311,1.0,0.0,0.1477580227069801,0.5108184383819379,0.3712234526749452,0.0,0.7329411115093978,0.05778489330909232,0.0,0.0058321392510804655,0.024697068747868905,0.02495281612977331,0.14960696008405816,0.0,0.07184969254818,0.368068962288209,0.20500486178688676,0.0,0.24639326440755588,0.0,0.0,0.21884772765154847,0.0,0.19070757173735836,0.24490233121388574,0.0,0.3445936125975084,0.0,0.0,0.0,0.46828722533355266,0.0,0.8650151441539171,0.1988040137760249,1.0,0.0,0.0,0.0,1.0,0.4420067247836308,0.8908094757426818,0.0,0.08136788091901796,0.0,0.0,0.2716669582857105,0.06917063386844237,0.0,0.0,0.0,0.0,0.5553888596877401,0.0,0.0,0.9999999999999999,0.7708928415551711,0.8070454176174164,0.21300547498131578,0.0
TARGET-10-PARVWD,0.00019497403157136124,0.062385131345840165,0.04167243498485504,0.02867548465532234,0.32031016674852064,0.0,0.0076485144657063705,0.0,0.05074017834923524,0.043386151356659845,0.020854533700139226,0.10342818732242909,0.015761232207986527,0.0,0.0,0.867823724447489,0.0056607535933814405,0.008842105170541837,0.1967646248756294,0.03426386316225015,0.04520836765977754,0.2164662813125261,0.1408545532000527,0.10361107479729952,0.3870769094622483,0.45747530703628453,0.0021720848385291076,0.09530664276419178,0.24605922806696115,0.12241027680820667,0.21106668499015702,0.03165156827621291,0.3516083568149981,0.05122959729884338,0.2793507786439635,0.3084078627703011,0.0035517575546061275,0.044385779681091496,0.48493755510512004,1.0,0.2670699750886055,0.07835307958852834,0.6476480208477953,0.008115899056523894,0.29176060805924253,0.10056175008616666,0.38764384508010374,0.13493004170721157,0.01580931302606456,0.08464273528942017,0.008833315364870661,0.23889577393529465,0.11687163084756852,0.18093149398562722,0.3422530337536348,0.0,0.0,0.08908155012673433,0.3719710928730224,0.0235358059310695,0.22216281519894515,0.0829408001374794,0.2509845646330537,0.1174070960970592,0.02889306566494694,0.02810045861565057,0.0,0.038187856082874984,0.01275523222575111,0.1533033568806476,0.023091244952536772,0.006563562230799604,0.24494880308519487,0.46709947784549277,0.07401545493204746,0.12452812737706048,0.2690522954710904,0.06952386109611619,0.5067745070019737,0.1267174353802893,0.01024479395862746,0.0,0.02392932303828928,0.07036201180338472,0.17647527916874878,0.7165165505769372,0.5551931790828586,0.9999999999999999,0.03798330992957609,0.0030339512675536355,0.232478505282117,0.1718316863856359,0.013447183349405992,0.12010424710399203,0.17106878695722552,0.15787393083877194,0.18604721769553093,0.0,0.0,0.07534377102745966,0.028513139758706212,0.0,0.21320128202550173,0.09504388184433873,0.015697890670110584,0.0,0.0,0.16147798270924518,0.0,0.042380870798148396,0.13456501864682477,0.0,0.0,0.03066122442278153,0.0,0.010148035669847049,0.09504380377635514,0.0,0.0,0.020021412950818007,0.13585132659010546,0.28260494604828423,0.003412925763205446,0.11606005096142043,0.6220038720948546,0.0,0.06303104679875933,0.24491863230992297,0.0,0.22603111166127313,0.0,0.10144656011788043,0.3642670408697835,0.3292959936520405,0.9999999999999999,0.11404587775762562,0.40247756758508285,0.38048726217464696,0.6712453680815113,0.018197461077801878,0.20108683328267468,0.02899438762813443,0.8886517114179546,0.010710376946542524,0.3628660510557573,0.0,0.8670244582510902,0.07437912543494712,0.05746747146934073,0.46101468499987314,0.017108470145495516,1.0,0.07090213285562111,0.835018667761969,0.16901401476866812,0.007291332428464743,0.14940707833057335,0.12482367240177336,0.0,0.15002435672754114,0.3656111756635526,0.15298270568763,0.07908282387990179,0.3782297221933069,0.029806074917751585,0.029099450096354652,0.0,0.03496948272240971,0.6808136026377458,0.0,0.0,0.0,0.0,0.08462402054500975,0.12104809062300739,0.060888214019082294,0.0,0.0,0.08553439347861276,0.0,0.20184736395196085,0.0,0.0,0.02477172473838184,0.14243727189533892,0.07021339137855308,0.3842371634462797,0.4859726644738436,0.0,0.20717954691694956,0.0,0.0,0.0,0.0,0.05099424577825146,0.043018761006318296,0.026821865913615274,0.0818992033515983,1.0,0.040890495046253056
TARGET-10-PARXMC,0.08434018329634729,0.5198786669951929,0.3932033560744529,0.685348269281835,0.451834170349491,0.41447880182455,0.013007896351558856,0.0,0.25137874542965416,0.02023773454026426,0.6099177003595883,0.25539929724403787,0.02230998092927416,0.0,0.0,0.05732541704762427,0.0024526831769331107,0.013930404980283069,0.24427786944974078,0.08117888808827997,0.009045384878183939,0.4519004202880938,0.2938219159015196,0.06303855980378174,0.07247011230710498,0.05959547425825085,0.17293151498830536,0.1348014025830625,0.07075181390053875,0.0,0.25878767732705515,0.0,0.03728035710980314,0.7090404472979105,0.04941019777760322,0.0873950608534001,0.008798120022381057,0.4025802115863284,0.03173222384537354,0.055047087944147595,0.029402848811887556,0.12877272065973494,0.03923730534853202,0.040208079981049825,0.05162326541569851,0.05529630884615695,0.08821368097964682,0.050432251652880095,0.1853566699237213,0.017295331297380565,0.10495044527379731,0.006351088274979806,0.07237623920804472,0.550218200644908,0.0027698283736531937,0.0,0.4236344476370349,0.0,0.11517709045820074,0.05830095163350206,0.0,0.05136356143336668,0.0,0.11079291607538082,0.1408769800926289,0.139216376500901,0.06749786584380947,0.5602275370742966,0.28534929452277363,0.40999069971782615,0.0032560232485322827,0.17355821094111887,0.310439157622218,0.0,0.3127754818481673,0.3953464093044258,0.04334588716073757,0.0,0.01916550785315517,0.15694710865482314,0.0,0.0,0.0,0.03485901230814678,0.12494378914096717,0.07084906208745792,0.0,0.0,0.0,1.0,0.23035088965172457,0.0,0.4543302244974739,0.11256411681367873,0.0,0.0,0.0,0.0,0.0,0.12442357156927755,0.4237828642168305,0.0,0.0,0.0,0.10409248160917467,0.3492320313128334,0.0,1.0,0.0,0.9098475303356324,1.0,1.0,0.46347596872129676,0.0,0.0,0.1508272472577925,0.627826463634499,0.04531448190078779,0.746541715694129,0.013635032414772716,0.1239810318408644,0.0,0.0,0.0,0.036253589039368435,0.0,0.0,0.06303301763504687,0.0,0.39993299812748434,0.0,0.2512950273357793,0.0,0.0,0.0,0.0,0.5568353692368047,0.40665384550775846,0.3155181620178776,0.0,0.0,0.0,0.0,0.0,0.17121186424371554,0.18663537161498467,0.0,0.0,0.0,0.0,0.003164017785926314,0.012416636315258411,0.0,0.0,0.05179396844602382,0.3251067846687244,0.0,0.1030677299259345,0.0,0.37162822885129815,0.0,0.0,0.36324823329016226,0.10707657522616383,0.08052497671032462,0.199478539328372,0.206135459851869,0.1732470200356679,0.0,1.0,0.0,0.0,0.0,0.6665456155366726,0.0,0.20110299634372336,0.2763192012163666,0.0,0.0,0.0,1.0,0.67179170528713,0.25192189814380767,0.04090831164738446,0.470445725445953,0.0,0.5446646784989471,0.014442517292274309,0.4708696846579819,0.20528346434457065,0.0,0.43776833957319455,0.9239569708326791,0.25099897047042824,0.0,0.05563512441367184,0.7862179549866022,0.12022168910975488,0.17628517488399592,0.0
TARGET-20-PALGKX,0.023735768830529785,0.6390598940746216,0.1581429487378966,0.14297524151881713,0.2350789409968663,0.0,0.0012021808893138467,0.9999999999999999,0.0,0.026258227464588054,0.5156632756182272,0.5681363955257105,0.0118557694040746,0.0,0.0,0.024370687519694473,0.1382254255816696,0.005702567052417973,0.0,0.0931897250934741,0.08125341820194029,0.0069489870219326495,0.0,0.03828501585751856,0.111101405208344,0.0,0.050219965230574926,0.21643684281941028,0.40062034793477275,0.0,0.7735785360288465,0.19443732178825307,0.22540666472941376,0.38036688520515227,0.006290669067216648,0.013017011252016174,0.0,0.29381961479479024,0.10442232741022081,0.23402109880659158,1.0,0.20156364959977607,0.04546204146631294,0.7478454690111137,0.054866359637515044,0.2346261211545216,0.42324523835604877,0.0324034315480541,0.16278173523291833,0.9999999999999999,0.2544695768903188,0.056743755416097344,0.9999999999999999,0.01496472447220136,0.2099149035161254,0.0,0.14294824164644568,0.0,0.36723835364900487,0.0,0.0,0.27295163913219656,0.0,0.02943828748125783,0.013912925631969705,0.065761002022037,0.14347645151982788,0.4953923062844679,0.28213112517735595,0.1339579725875659,0.19441217645147013,0.4556567221572917,0.23995750425213982,0.09459617529803822,0.08978551788121482,0.09791598118171649,0.14557091498326843,0.0,0.14258668550051998,0.0,0.0,0.0,0.0,0.0,0.19400086369667036,0.09437385726303835,0.0,0.2193947986731604,1.0,0.07097541950883095,0.0,0.0,0.38627998612483655,0.3360281185719037,0.0,0.0,0.044528490984662904,0.0,0.0,0.13224015122119923,0.0750676337156621,0.0,0.0,0.0,0.06807051060815958,0.0,0.0,0.0,0.0,0.29754033740576435,0.0,0.0,0.0,0.16144579302320852,0.0,0.05343418918159548,0.0,0.0,0.0,0.5792010444694025,0.018824255284518147,0.0,0.0,1.0,0.07706224851788554,0.0,0.3318884319653776,0.03349643929742241,0.0,0.0,0.0,0.2670819684477234,0.07377072869435707,0.0,0.06838279101411038,0.0,0.4774989116063585,0.27502353365912213,0.31676830958372226,0.0,0.0,0.07633455597370783,0.0,0.0,0.0,0.0,0.2853309846940559,0.3916411401136203,0.0,0.0,0.2892243676619989,0.36950695048519905,1.0,0.31976506432059876,0.6055254547700566,0.07678460128517842,0.19667466562781694,0.21908537135734685,0.0,0.4388607593973732,0.038502330161695936,0.4027630126249039,0.6383726266371472,0.170705064019224,0.0370901039511727,0.10939960178336863,0.0,0.3682616057260938,0.7966237368587974,0.0,0.1876690842891552,0.0,0.27619623368046836,0.4930449009243805,0.21245862564337262,0.10686837836319096,0.0,0.0,0.45037888231408896,0.0,0.0,0.0,0.0,1.0,1.0,0.0,0.5664529391719475,0.0,0.0,0.0,0.0,0.4652699701099624,0.3744378292915279,0.0,0.0,0.10937831077092396,0.03530745828098886,0.22360494794801114,0.2902110951348558,0.10765386125527436
TARGET-20-PAMYAS,0.10236597486972518,0.5622440949819417,0.06664836925999412,0.01657437649871081,0.06824871038936237,0.0,0.0005299630376546586,0.0,0.0,0.012715903161153643,0.27845628754718627,0.016021559735708207,0.023518956558241162,0.0,0.04874049178241611,0.0,0.014532903487380441,0.001473727959686497,0.07561524834723254,0.5024407766052802,0.013613893490869548,0.0,0.0,0.01687736303318527,0.023488612398348395,0.05278270017036815,0.002115208054959356,0.11695726586666737,0.0,0.0,0.1818007994236081,0.07346975277913062,0.004195301052268209,0.10997443167747055,0.003665214474048179,0.015362997698695334,0.0,0.07030796216451851,0.05548919189560486,0.18053806486770818,0.013776095028771976,0.030873008812553032,0.04858111851613672,0.042386951802534024,0.0,0.027872990713713987,0.14917560043509095,0.06592127134448425,0.08945808951668949,0.04408793778489768,0.022039153592959198,0.0039926731585505325,0.0678206828623039,0.08764710001168735,0.031180656660712083,0.0,0.3540335567917229,0.0,0.053963837090783576,0.10926273555874051,0.0,0.0,0.0,0.012977426791771772,0.05430290619924135,0.22467039018770585,0.0,0.2043351400055762,0.7428243589103787,0.07176630508340959,0.01504368737607664,0.01088213138744365,0.09255889735396063,0.1251037990337015,0.022331601193033512,0.021115285667781897,0.0,0.0,0.161632704503249,0.04412053832003219,0.0,0.0,0.0,0.0,0.22238816125711575,0.02544832851144589,0.0,0.0,0.04408350281844721,0.10933677720843538,0.0,0.0,0.1910110653103837,0.015228172688695106,0.19854276433410764,0.0,0.0,0.0,0.0,0.05829608405375267,0.06618481936654272,0.04058564914461613,0.0,0.6618480979714587,0.0007250479195511012,0.1636254255918072,0.0,0.0,0.0,0.327915211781857,0.0,0.0,0.21715205317368177,0.0,0.0,0.02355565957168272,0.03676937799485814,0.0,0.4372204345775935,0.028414278919145497,0.09128222638640593,0.0,0.03168836505865801,0.1469448828765621,0.0,0.42054943330240635,0.292615923290376,0.0,0.0,0.4122362906505862,0.0,0.0,0.03252071750492228,0.0,0.030145526120282595,0.0,0.16464952696071156,0.0852372197429202,0.09648949383142015,0.17951993341911548,0.0,0.0,0.0,0.0,0.0,0.0,0.2515674265451195,0.0,0.0,0.0,0.0046139581609530664,0.1221686147029613,0.02351118627569611,0.035240906212944,0.05662292212063343,0.1353972631037939,0.0,0.19316086279912079,0.0,0.07738602737843253,0.01697317384050106,0.0,0.19862721008456782,0.05016844291619466,0.0,0.054857841610106185,0.0,0.0,0.17558980345331862,0.6247052720831506,0.0,0.33092414467971154,0.36527056197950897,0.5603895870946788,0.7024434594449667,0.09422251478473292,0.0,0.0,0.0,0.0,0.0,0.0,0.11803278079825338,0.0766669138744249,0.22041737600459949,0.05432653170507454,0.10222241121004563,0.0,0.0,0.09618130987032006,0.0,0.0,0.3163507461611949,0.0,0.0,0.16520927867099702,0.09338850740125483,0.26755480694297723,0.09995496586124754,0.0
TARGET-20-PANLIZ,0.005788859921759917,0.05720026655043101,0.36985016310900154,0.20826983963542545,0.3235096569232171,0.0,0.0,0.0,0.0,0.007430771192032519,0.009339389756756841,0.03654656073670538,0.007996657322376595,0.0,0.049716548681205175,0.38720413083064736,0.2165913957996444,0.044594293825411746,0.04778189208210488,0.40702134545115326,0.08429935478869763,0.02393144978738066,0.014627189721328421,0.12481144485786823,0.5842756365891019,0.3861534119626509,0.08739799862566161,0.4739235280065703,0.27345600209175336,0.04830493892819313,0.3831552570934562,0.0416339941118139,0.1564543544742305,0.004199198243637773,0.13121346251845076,0.11487427364397723,0.03644099187872993,0.024627562879235912,0.5199067887416594,0.07892303188349747,0.0983638941514922,0.07231993553298072,0.5433874477035971,0.16653807529709086,0.9292892850444459,0.12380068042047637,0.3952196715547805,0.08202915200090603,0.704282727070566,0.2658378055290522,0.010107442717965967,0.2821502050314905,0.19600715433740595,0.4295761346272009,0.45685314407494426,0.0,0.03152526301517646,0.0,0.27522275562698006,0.018575167016531047,0.204560611836763,0.024547253846909433,0.0,0.0,0.2533800651436371,0.15524417538668692,1.0,0.02006772321401628,0.012008480058550229,0.2664512133423623,0.07059315229125396,0.08230891558256781,0.2562628158670573,0.09925166308025245,0.03721762768283682,0.05324134825981075,1.0,0.31550431853602984,0.042744028964888284,0.09500879482595474,0.00808546882908385,0.0804923980901592,0.0,0.0,0.38607916395021125,0.6685708907687733,0.6572632716922648,0.1644229406438818,0.07494387316369297,0.0014567808370839729,0.7706127617893812,0.0,0.041364893294328714,0.05233173841113909,0.06750605967077654,0.0,0.0,0.0,0.06036921162604697,0.019821114820799245,0.003750560812943455,0.0,0.2523969868119508,0.0,0.13505827084836175,0.0,0.0,0.03186069922566464,0.0,0.022298839923228328,0.0,0.0,0.0,0.024198668644104006,0.12513754758386603,0.0,0.0,0.0,0.14865883098356825,0.019486217196882993,0.02821527050236671,0.8921620874731968,0.018855076362080066,0.22483176362365387,0.4966797670509121,0.002344100508089659,0.11607411966864475,0.01506212726120717,0.0,0.02548438817073099,0.0,0.6004849542870706,0.16585999011919625,0.5197812679087401,0.13324669944729803,0.2250209319134215,0.06698789979059638,0.058907592098418476,0.13682128916684405,0.003590482270976438,0.0,0.06864973236675966,0.11689184256703229,0.0,0.0,0.0,0.29937335912352053,0.29351100538411123,0.0018512281482384423,0.7623457260144779,0.04650771596929058,0.04153844778938094,0.2138399794251869,0.23964438891562628,0.1320158571545185,0.0,0.29479141712529244,0.13135293635850706,0.03514263248393112,0.04604590526767168,0.9060517550497219,0.30184616644914575,0.05512900107515926,0.14499078037162458,0.05602605434069774,0.026735094374332517,0.0,0.027598969160132776,0.5373187366769759,0.21240553251229166,0.009376402032358636,0.0,0.0,0.032056006692743014,0.3343720759277296,0.016018209134578274,0.0,0.0,0.0,0.08009104567289137,0.0,0.03567293120377577,0.0,0.07168547656430255,0.18735983277802135,0.07388603137837078,0.22449792897109944,0.0012260586087240915,0.0,0.032702381600737455,0.0,0.0,0.04907854693872055,0.03998502334283736,0.21464637270542752,0.06500808456504059,0.029988893173799734,0.07181927272016483,0.15740659124104683,0.06454402089287377
TARGET-20-PARCVS,0.0012073092809369382,0.033023639765223635,0.5805182395127729,0.08880741332749441,0.48828730521465247,0.0,0.0,0.0,0.0,0.0012229593643539234,0.04680567857214296,0.03502049885979841,0.012106512699149087,0.0,0.0,0.2737473045930943,0.2175829019716387,0.09705446553057945,0.114013960354631,0.6559666770845488,0.15954277212706053,0.37803957911644315,0.09566551805049416,0.216975743813016,0.3158305681891763,0.30097911407103506,0.14947146174676218,0.49478293974869975,0.2857809299574978,0.09872698168665148,0.06688418836143854,0.0,0.3797071135336145,0.008679306639670734,0.18418485261987505,0.18606333138297448,0.030555536524535055,0.0,0.2598131354760056,0.32261025894481626,0.14679026541577617,0.11813878195007782,0.499211709104089,0.207279739910765,0.9076335722009481,0.2725393336458191,0.23696249654008983,0.09716014540776802,0.117622604539878,0.15570148002049147,0.0003735320165682433,0.25711843250642774,0.1885199908970657,0.15809267507382535,0.5093308417452724,0.0,0.08120694778886944,0.0,0.22500323603078012,0.012654838708522452,0.11945340431533817,0.0,0.0,0.0,0.1543978720092644,0.19138270030967786,0.0,0.02101309427754746,0.019915995028548968,0.2595016426068355,0.030418192945528146,0.005677527606315687,0.07963557424720798,0.15455495740686728,0.04519629504323197,0.06009874654248243,0.5642836263587514,0.28036364882450193,0.024960411079309405,0.21802848429834362,0.0,0.0,0.0,0.0,0.21303198409553342,0.2876636030001954,0.22388883492890654,0.08961390265836973,0.1633839579465049,0.015035590502938312,0.9999999999999999,0.0,0.019662239428273956,0.15446640891297933,0.09198104000970171,0.0,0.01818808777945672,0.0,0.0,0.054014753817016425,0.020441423946535572,0.0,0.2292694128201253,0.0,0.054230577511518274,0.0,0.0,0.0,0.07769764815175495,0.0,0.0,0.0,0.0,0.0,0.0,0.03273858887852158,0.0,0.0,0.0,0.05786603753900127,0.053822672559697964,0.48624694266158813,0.018350732253234612,0.12480719972593211,0.3855912367526537,0.0,0.7568941196264548,0.1607629110307457,0.0,0.086809473003747,0.0,0.32727685759992686,0.04519858156330683,0.283291721603501,0.05586328831390064,0.0,0.17823996032825654,0.20029656770703724,0.11620736284553844,0.0,0.0,0.0779489917340995,0.23890680863067634,0.0,0.01858167376589282,0.04051118307536463,0.5827311702726105,0.5598937117780602,0.002101994613089587,0.5193678223105664,0.008896158137401819,0.029646724858610116,0.15521476702323173,0.7510143624924759,0.3635043600262016,0.0,0.1606675215660569,0.06711569888139024,0.047883936646802176,0.13444274571449652,0.5897496022809235,0.16451240241811316,0.07251696913305355,0.1045892713261568,0.03301684964362307,0.0441535038613343,0.0,0.0,0.6507776204037724,0.0,0.0,0.0,0.0,0.010937967025206073,0.7593321716635898,0.06547717775704316,0.0,0.0,0.0,0.0,0.07235338222116562,0.0,0.0,0.026638696013242296,0.1021150488946607,0.050336729874963904,0.3834632370778579,2.062434657785644e-05,0.0,0.044558949005464345,0.0,0.0,0.026207570327276844,0.0,0.05483753053361842,0.08070432856268826,0.02403612831777704,0.055452585025840724,0.2726665855801899,0.08794462174214442
TARGET-20-PARDDY,0.029464382266632654,0.07492044241548662,0.44427428003843306,0.20255411049172078,0.597450442831712,0.0,0.00010533220598359665,0.29205867136937486,0.0468177548942298,0.00326172799733526,0.09708988533465895,0.030463962985608578,0.0010387740780647139,0.0,0.0,0.563719174928319,0.9406111354649312,0.6716136203372189,0.012497000557371957,0.07395335246382846,0.7408944118297941,0.03732107180476856,0.017100789868064507,0.10063318247742123,0.7724460093580375,0.33200001534817575,0.5465360119678585,0.7825002957483487,0.2589208677023409,0.6776843960378929,0.16807879396923475,0.01946986808270065,0.8146217486538649,0.17042011089658268,0.40673035973160526,0.49016354246638166,0.013108757829971186,0.16025228997798344,0.24637776213346266,0.4921045461214395,0.246424395109595,0.10008814163564023,0.39664751189922076,0.8031418773857626,0.692244827617254,0.8833949583318528,0.0089240480892297,0.0,0.2863317264943436,0.11565895386687623,0.02255334009392397,0.0921983468522849,0.4583072275875802,0.051874913267962175,1.0000000000000002,0.0,0.04412201286585414,0.0,0.49337338702433,0.0,0.10249446410659196,0.04783074689890626,0.0,0.025793121387497585,0.02559207386098697,0.037451819213918776,0.30170536565458106,0.02960911144252968,0.0614911925410502,0.0887776813016525,1.0,0.027063888238237153,0.391581144361171,0.2486485901478483,0.0005032863862206131,0.006519512810105252,0.5100428335266332,0.5773441214943624,0.08209750294902766,0.25722765210407006,0.009452829455892832,0.282312810126488,0.0,0.0,0.013107293176275708,0.12383973049192065,0.19210307388904607,0.11533707613050247,0.14018806289349023,0.007146914748123815,0.7293240038896888,0.0,0.013632770695538199,0.0,0.0,0.0,0.0234088774471149,0.07942917060569626,0.023526089718875064,0.0,0.008769661346335663,0.0,0.0,0.087696600783656,0.5894658252275146,0.0,0.0,0.18624384218906828,1.0,0.03910465602968537,0.1862438879397275,0.0,0.0,0.2829096762770395,0.14629997602414757,0.09363544803746063,0.0,0.0021098856744295046,0.3823564403689661,0.4802040431282519,0.009896016578245743,0.6258206426812094,0.01889453503232122,0.48676419377255753,0.18905612889990836,0.010962076682919578,0.22294097240178723,0.005869755334086063,0.0,0.029794023275782455,0.15885836201475445,0.5616256462790592,0.284398858805531,0.36460812170128526,0.10784757124950915,0.2630741616044342,0.3382748963640089,0.22651349081065117,0.24821878481463988,0.025186056604326722,0.0,0.09363542157274678,0.3416482136886399,0.0,0.0,0.0,1.0,0.7549220082336711,0.010099999690511624,0.6076804700054904,0.960900947029051,0.3838785265725982,0.17056217724444592,0.616374685381221,1.0,0.0,0.0,0.057587204227583524,0.0,0.25378259598338415,0.52626285206381,0.7763603748187067,0.23407924489340187,0.30910634672496873,0.02801838395944866,0.030239217045001925,0.019195734742527844,0.0645323971708293,0.6979821501974028,0.31040647989954584,0.010962076682919578,0.0,0.048399303027565774,0.026737261976591545,0.5770682022248177,0.03745420391538384,0.051462762346935996,0.0,0.0,0.1872710195769192,0.10346881251260658,0.04170569969277822,0.046918913767458756,0.7695107718268372,0.15333068016268606,0.02159520295223973,0.22978028694692632,0.0005662796650966148,0.0,0.15293116211707702,0.0,0.48918952778687363,0.14769317040139238,0.32722886061643214,0.0,0.04349156923514853,0.03918500034696082,0.047579884717838486,0.20871766210168774,0.547077266907159
TARGET-20-PARFAL,0.0017316784665967729,0.03513905832203324,0.5211764960352179,0.1560571779572345,0.5802553729603792,0.0,8.40377814190059e-05,0.16311055177851969,0.018676589640528908,0.0,0.023432619758177252,0.0024103422632984206,0.8312587297656507,0.6301352059241386,0.5642118688723329,0.47445881442469073,1.0,1.0,0.011014106690297865,0.02158244872945,1.0000000000000002,0.024883293629299322,0.005457447425903362,0.10103022741275174,0.8786118351906045,0.20535525875706312,0.4568118380782684,0.7175432723674827,0.2117080215656699,0.20275575448522848,0.1029450797908326,0.009708611956877491,0.6653620836240124,0.11044052659516902,0.5471218856215593,0.5966365654556756,0.004575661277593158,0.08854789630245552,0.16325251543989056,0.36808073609859365,0.2927254250068797,0.09959181008796433,0.2693132455667741,0.9999999999999999,0.3375160211314714,0.8492077674281826,0.027888372404295553,0.0037881956380315523,0.356689267436653,0.21087442521546992,0.014079915311194659,0.20589223459613581,0.22046826774005435,0.05546896739208271,0.8160308651533158,0.0,0.028184078971288197,0.09836763146654061,0.10268650677727409,0.025989236612988173,0.013629067653709475,0.015264428634957281,0.0,0.00823146796190319,0.0,0.010343227992403092,0.005014835256075115,0.013170542387017238,0.02345698686570982,0.20107554206316747,0.8991340792482929,0.0,0.14362845940885863,0.03967626508010289,0.0,0.010424140249089997,0.850859358001096,0.25590371966067677,0.01993493507242811,0.26352867497643917,0.0,0.1876998532586418,0.0,0.0,0.06492104557229607,0.16947929910943896,0.07663354462185548,0.07668347908234786,0.22369457940784468,0.0005410808078836439,0.7701380092590889,0.0,0.0,0.0024253221400857873,0.09445071042710984,0.0,0.00933824336109864,0.0,0.037539902767186606,0.018488347339286598,0.005247575328943992,0.0,0.11771295576155778,0.0,1.0000000000000002,0.0,0.0,0.0,0.7446481856084104,0.0519985623578981,0.04953066664701473,0.0,0.0,0.23700179801518675,0.0583621453612032,0.022411784066636735,0.005830671665615367,0.016833446389592173,0.16639536800225382,1.0,0.02500213571588511,0.29126033278493413,0.003768697594732375,0.11650760697558198,0.2154801327710236,0.0032797345805899943,0.6766818936385964,0.00234154981917775,0.0,0.02377073177441,0.12674285304208147,0.6347885562887415,0.263002442920029,0.436347278272265,0.03824216452372396,0.46175853055712374,0.11204036727908676,0.08645903316614302,0.08968323525955574,0.0,0.0,0.15474791522011278,0.1362897752927467,0.0,0.0,0.05546504625602112,0.5385401945079563,0.3559075866363969,0.004604661297908465,0.7030039260633701,1.0,0.20571930336449362,0.2386076148411263,0.7041207190101225,0.7016352243961755,0.005367584526179192,0.09623913969422725,0.1301780309009883,0.0,0.23622348749286476,0.5652126245294314,0.30970484795564435,0.0717022356737938,0.24263894493862095,0.025065764920841352,0.014881874633516125,0.022972623474892075,0.05792207587708314,0.7239393480481352,0.024765538031211377,0.013118938322359977,0.0,0.0,0.029152361033899277,0.3564438419759221,0.007470635856211564,0.0,0.0,0.0,0.0,0.0,0.0,0.05615052272225868,0.5379613137946753,0.10485681906989276,0.03445884244904191,0.1990765724022113,0.0001623653213160359,0.0,0.0,0.05788377504087256,0.26019603003951464,0.07925185995371622,0.037296439005344025,0.06882331378299121,0.01426792509157536,0.034554141214600036,0.033495015020251914,0.1845134153420297,0.4440042966147116
TARGET-20-PARUNX,0.07255160930827957,0.07312448994331891,0.020726686551413687,0.0,0.3047939029138449,0.0,2.1613615172564322e-05,0.0,0.0,0.0027202592923252947,0.029599657646642602,0.03218806067227235,0.007247140249153833,0.061738548967006104,0.03180470991215871,0.5660936297336149,0.06862321980922967,0.09975744890744447,0.12443114841222792,0.0706380715340571,0.1622397524049122,0.039585611042067585,0.09825187239292574,0.10187051899655275,0.32796458393101147,0.6347703252215242,0.2293409880483294,0.2673998848510667,0.08954047275215804,0.41717243269736415,0.15539060120515508,0.0,0.2937645607851574,0.09507978887161388,0.15961941646662578,0.15173410243593255,0.028243451240339015,0.0526456675557515,0.9999999999999999,0.21036962464191325,0.08315143946545593,0.056283296667407334,0.818622081433456,0.045329803527812,0.6036921487674048,0.33166719808171313,0.26484635532114964,0.08624962625365773,0.23011980257552572,0.19161327067859857,0.021547262582911248,0.29647777183977053,0.4259566081613495,0.03764287010361901,0.6167732423076705,0.0,0.04161743090522651,0.0,0.22888534124032991,0.02673653690475466,0.18227171255352262,0.07851700648428143,0.12671866091064593,0.02752162147515072,0.05817495466109988,0.055567942973495564,0.0,0.01786442651370236,0.009814549261403172,0.06564328206461378,0.01937587845700355,0.00169254077131549,0.4195483143889473,0.24490297004072373,0.028040808157192558,0.015498175938718786,0.30001691848931084,0.11846815079678004,0.11425982436221825,0.10556366548166665,0.007758683728065673,0.019309722941517254,0.0,0.0,0.13046259332175153,0.15061385946221353,0.0788370826136714,0.06311083187609673,0.02876587756462401,0.02399684551220952,0.21127591015690314,0.0,0.0012610152524991508,0.004835065493678847,0.259110845782745,0.0,0.0,0.0,0.0,0.0,0.03239082058193263,0.039725126391939175,0.0807318001872053,0.03598976331275393,0.1551757891879899,0.05338537840808557,0.0,0.10700552170236849,0.13679655697119686,0.03209627972712308,0.101910045703042,0.03057300620067671,0.0,0.10449291102147674,0.2401598904732891,0.05379790256556875,0.0,0.0,0.0998551010682084,0.02355859433175247,0.03384353176554058,0.2568306997618444,0.027139465714652172,0.09588632398253075,0.27432463764734366,0.002249360532273113,0.035801485254622796,0.0529955285280468,0.0,0.09170375348026588,0.16298450561576155,0.2496928139293489,0.25464979626703405,0.17457009004965357,0.03934181533026232,0.0215925742280522,0.1477582519897116,0.1388416400227245,0.0941145251912799,0.05168057685568485,0.0,0.005489575593323447,0.11216706907226807,0.0,0.0,0.04279504331494645,0.5745463250631949,0.05632949891919488,0.04485417639254503,0.1496316393418534,0.13601571561487222,0.05219696969465898,0.0978040769249129,0.3909290386694997,0.13921593884560196,0.030370716900124654,0.12729417069834614,0.16543241040190731,0.11802803498764725,0.22408001685825343,0.16613311159369465,0.23171660339630581,0.0375101402348798,0.17595901265115427,0.04805996925136248,0.0023258850467724607,0.04726636680267348,0.07945035917887745,0.28644518819900566,0.0,0.04498728293846174,0.05398466057998078,0.0,0.12872343551263934,0.2826598079537466,0.1383374284537488,0.06335933045532295,0.0,0.0,0.07685405830652825,0.016985005299199375,0.01711558084718398,0.0,0.08129492448305442,0.09888285144098224,0.03544977734584397,0.2215802099771801,0.001953575303661251,0.03598976331275393,0.047071006275226465,0.05954834205967083,0.0,0.020552469624152185,0.038368974828086745,0.012873147296161205,0.11118292811313833,0.02285213645572855,0.044795665859996336,0.1387283563171683,0.38709505252330323
TARGET-20-PASGWH,0.03334269519214794,0.0,0.1482902471785222,0.09028515628880605,0.5031270047724821,0.0,0.0,0.0,0.03661278480332616,0.008564995744456072,0.008527805804718631,0.0,1.0,1.0,1.0,0.14360793969740696,0.010694319582804413,0.28982867761901765,0.04283843592376648,0.1668755901809992,0.0597667303782085,0.05576588645287192,0.01337324758180143,0.11542336072102014,0.4025318343060784,0.5605007806030946,0.33292730256427994,1.0,0.13943024306731555,0.28706523860387717,0.3814521465110634,0.0076129567315007425,0.5013068392308655,0.0,0.20126972897094883,0.20289172544153075,0.003844272144188674,0.009019708884007015,0.762385344549728,0.032069902051396815,0.02997713265443945,0.0,1.0000000000000002,0.005856208016076332,1.0,0.40347242185592214,0.2157738139678691,0.05068759835254931,0.03518375161979456,0.09321498070007105,0.009141342429754605,0.33602516440106917,0.15812125748502992,0.07613639232764766,0.2757795491805405,0.0,0.0156823945730638,0.0642789152668793,0.3690554821898061,0.050948321635582265,0.32061317060465383,0.07480969303015607,0.0,0.0,0.03642413063319881,0.03379418707873754,0.0032769739974094713,0.053741531290864585,0.018814923368625194,0.031722163687578436,0.08510947192469986,0.22510093815430826,0.3165026425175718,0.4148257597389621,0.013959889164525771,0.0,0.643631217511514,0.7901214969007058,0.2093555532690405,0.2651637085618272,0.0,0.22077608149994551,0.0,0.0,0.21293801415918967,0.32384353917794917,0.15022951761183442,0.15032748841373297,0.13703834976527096,0.0015395245270008306,0.4697002919530011,0.0,0.009818540000622517,0.0383074251669017,0.06171937986029317,0.0,0.0,0.0,0.0,0.0,0.0,0.02523295717026754,0.0,0.06858117779737721,0.6062902220191067,0.0,0.0,0.05825889753628606,0.15640518459148764,0.030580841278518053,0.0,0.0,0.0,0.02212433712532877,0.11441064508550502,0.007322556960665231,0.0,0.0016499892045662551,0.16309783417244506,0.0328391689372667,0.059331851482611025,0.57097590809593,0.0,0.045679476189326655,0.26929235705436344,0.0,0.2956295047026841,0.0022951558589320124,0.0,0.03494953246054061,0.5590408614981353,0.29280380555777613,0.0808753590742906,0.047522332073626716,0.103081732860008,0.0,0.1659557326770346,0.16694072345153113,0.11572439954537296,0.01969616215094083,0.0,0.03138229875856674,0.21374226394382723,0.0,0.0,0.027183048773471,0.2346078284605223,0.5903685237686606,0.0033850558663746327,0.47522185130118483,0.017258203288385853,0.1211662480709025,0.2759039628595717,0.31769557498725454,0.21499424738829054,0.04735097886242116,0.05390389154990593,0.030023068960405522,0.0,0.0962252270779864,0.9233519230719602,0.1655820097446906,0.03540468206437384,0.17154972809313254,0.0444024989653419,0.029620270984240422,0.0,0.03784948895290085,0.21833625551851102,0.0970981864125671,0.01714522463531435,0.0,0.07569887956478483,0.023419023827373705,0.13101746604915004,0.0732253226026564,0.040245309657625364,0.0,0.0,0.0,0.016183097096126087,0.0326150156361306,0.0,0.029790946648948102,0.06851926353568455,0.033775954718348336,0.06112304472359126,0.0001383891274618468,0.0,0.14949501673192014,0.05673690319722225,0.0,0.013416182759152233,0.0,0.71138934997319,0.14462194912139595,0.009676955956541847,0.17728853153335553,0.12619212687486697,0.6343664981495296
TARGET-20-PASGZS,0.0009085831500074111,0.06333655870688876,0.22893953968490263,0.11480452924471281,0.49123573015376676,0.0,4.648651724961599e-05,0.05155798395270172,0.0,0.001969641083555219,0.07168200887712989,0.18239826899682482,0.1191952391135865,0.13278664290873304,0.10260786968394617,0.938605141122674,0.21821826753131487,0.033506926998628804,0.016048665513718516,0.05392347887230742,0.37898145674157185,0.007068754359399818,0.012075367620067034,0.411556476428836,0.45280970557789413,0.5794477005048035,0.02802319512629851,0.36106186817921315,0.3222840503124422,0.9221734829626119,0.31046702518113817,0.017185303751076797,0.2548487237604337,0.013858132373240075,0.16606128360908012,0.1477598350963401,0.0014463311425951188,0.09481510491848197,0.777949914176578,0.8777737060703523,0.47852109090094885,0.2971210013823019,0.8256772731236535,0.05287856056748574,0.19518648933084898,0.3100175837072143,0.3034869482242778,0.11490424463148392,0.09751673853473089,0.31403702925753835,0.015118949485125346,0.9042688062871587,0.16657142958738105,0.01010728278732416,0.553769253966294,0.0,0.03923637312888733,0.0,0.4165482479811058,0.009584147724282283,0.060311947706197945,0.06754944025654748,0.0,0.027319915503262526,0.10465023300830609,0.027971568671931242,0.0,0.02355885228030103,0.017118667024362433,0.2161230523742712,0.05073152559649075,0.028837008916746946,0.30155989094112223,0.16094666030571902,0.02386003249759941,0.0600751586611655,0.8463145957400352,0.3255777649545386,0.015753131327027024,0.18060414662545068,0.05840557422320121,0.08306231124000327,0.0,0.0,0.0977329394305105,0.12445002258980997,0.0,0.06786906751309357,0.21654286423852348,0.017098318345737683,0.6058795752577542,0.0,0.03224840006968868,0.2800890977978236,0.0,0.03214436504539867,0.0,0.0,0.020765652163457247,0.04090806074461067,0.042573549813274415,0.0,0.1736371343707249,0.0,0.06631563495174955,0.3444621860003753,0.0,0.06575611064628825,0.0,0.0,0.16439052170577198,0.0,0.0,0.024971458817765364,0.12913384459305932,0.008264877205050983,0.0,0.0018623218963886314,0.09204325832561387,0.032436940220945606,0.011646444314223969,0.32222657295901863,0.005559165908506392,0.017185932655114658,0.28606764984930944,0.0,0.05989006433529349,0.025905055776495153,0.0,0.0394471068355664,0.14021816650353983,0.6196575010347564,0.2510282557738549,0.37546377374974454,0.27500208036704865,0.0,0.1793035134112537,0.2311890861468238,0.14168564221491398,0.007410262650283622,0.0,0.14168316815088133,0.060312173017284955,0.0,0.0,0.0,0.706130027652128,0.18172959595630434,0.004775836201966651,0.5363768005589197,0.43097647139134204,0.07960585454340373,0.2990353884535279,0.5935100662996905,0.8258996953135064,0.005938288861313743,0.09126111600281654,0.28803691540035087,0.21758871143861527,0.12897223231626773,0.39304905322080597,0.12459342819853551,0.09427995127106259,0.14962009186552003,0.033199748785746844,0.037211446426892024,0.01694340009107068,0.014240119468816584,0.8009073580607431,0.0,0.009675839636198492,0.0,0.0,0.05014513234206802,0.24646287767872946,0.06611877063641197,0.0,0.0,0.034830940780478305,0.0,0.03653117656965069,0.0,0.0,0.0874241192771404,0.21267599224850434,0.05718383651026853,0.5739688957288612,4.685945745724298e-05,0.0,0.0,0.0,0.0,0.028621269801246255,0.0,0.0415312030411153,0.05929703780946108,0.021844508404680184,0.2223370128749842,0.15355387820436434,0.09990711568961065
TARGET-20-PASMYS,0.2448120866348358,1.0,0.2504313252577183,0.19786962813445524,0.5324645526313228,0.0,0.0004839454075875935,0.0,0.0,0.020824287597156783,0.30972258750225706,0.32235588442247476,0.04772615215095199,0.0,0.0,0.019621144221715216,0.011820522725135705,0.002623235161326122,0.07149527381830044,0.16838950110025297,0.005445986990996649,0.014484136052293574,0.015713816273004003,0.03852968473342424,0.10593031514262383,0.14010419615346592,0.008029252304782426,0.24807703480461124,0.09990717102138641,0.0,0.20838707819895563,0.20127082381832778,0.0,0.06085721182982874,0.0,0.0,0.0,0.199586285779929,0.045658913051329714,0.09420665147213633,0.15095864448500443,0.10410468271005935,0.0962707398765085,0.008601431687894696,0.0,0.16727860299292435,0.7696865098032188,0.19810554385909251,0.3807974743632852,0.12287721609941644,0.053317720233747104,0.0008409126116521656,0.8670445332612685,0.11055558942112498,0.044314890524433784,0.0,0.4187656316139684,0.37764337024421024,0.09855612904229757,0.09977525853145754,0.7848459367849189,0.307659638280016,0.0,0.023701149111675538,0.17739141858498275,0.48974139403137723,0.019252464038110637,0.20563629428374805,0.3718367248625324,0.1617455548499338,0.004853049493661286,0.06883017838966835,0.4709075918184211,0.0,0.05452304583680283,0.046744669376402426,0.02225919521511853,0.14736612876750807,0.0,0.10743865872268094,0.0,0.0,0.0,0.0,0.542505950064026,0.07314099923553481,0.0,0.0,0.08051131325413845,0.06034365548168417,0.0,0.0,0.4096613764034447,0.0034776691382796647,0.3626059108659773,0.0,0.0,0.0,0.0,0.0,0.020145976916266926,0.29649211432185213,0.0,0.8058383817937336,0.008588761150105848,0.2988350982547385,0.0,0.3422765194261831,0.0,0.11977671674831557,0.2852307076294971,0.0,0.0,0.1299821131352127,0.0,0.04302056246514928,0.06715325962403013,0.0,0.4791070227957355,0.010827769818178888,0.030311285022667736,0.0,0.10127885965605996,0.1789139675484331,0.0930656871739385,0.03777368864475061,0.17813843987600483,0.7146628024259106,0.0,0.13688767460275356,0.0,0.0,0.0593937756051566,0.2791972075390035,0.27527922556133755,0.0,0.2218676770119338,0.10108798710773144,0.25200726821364616,0.0,0.0,0.0,0.0,0.0,0.0,0.15970241734330867,0.0,0.0,0.001657292408097195,0.0,0.01678028768096802,0.03187443841252674,0.13955288241454572,0.06436175571517319,0.03693304691127008,0.09273038122321953,0.0,0.17638836265069102,0.0,0.49466538218000444,0.0,0.0,0.9999999999999999,0.04581229098345267,0.014539213456492228,0.20577948037814414,0.35277685189393215,0.0,0.0,0.8556917134730833,0.5540141483183418,0.20145979829093538,0.22236918919660809,0.8007031175673934,0.7697390760772556,0.0,0.7093321522630393,0.20145979829093538,0.0,0.8604106317929957,0.0,0.0,0.0,0.10501470986652389,0.10063914447525366,0.0,0.34535990614243905,0.0001626096988863378,0.8058383817937336,0.3513186346591791,1.0,0.3745949198227567,0.8138566334277771,0.0,0.1441198167320919,0.2323308279306772,0.15160790561425572,0.3471953198293037,0.22017957407096928,0.0
TARGET-20-PASWAJ,0.9999999999999999,0.7737589936704434,0.16471303250374839,0.010156987734568121,0.11736329783939545,0.0,0.000870526565380406,0.7241230670378601,0.0,0.008470917403029198,0.6475811865138155,0.10702387537853086,0.04292517366432526,0.0,0.0,0.008823688496291232,0.037462312113286114,0.00543028829220491,0.22229304323332913,0.3001886759975686,0.02651190644635961,0.028838866038468566,0.0,0.027723052043359526,0.05224884107521955,0.04399481105365027,0.0603938461346982,0.3993807988795647,0.05305326334424207,0.7000976895654285,0.06086843791488998,0.020113796149194604,0.04526975945079886,0.20081246910020442,0.032331917714190986,0.034945545908015505,0.0,0.23792031639909286,0.014115919816414534,0.1270950568645494,0.49783457216178756,0.15053705530461228,0.07072913960464867,0.1392511191906186,0.0,0.13411652191650122,0.2623423667318227,0.06495818778699827,0.25517038779415924,0.09622305691586444,0.04783737387407771,0.001720932045525491,0.5570177044959961,0.002091269902594048,0.035993000989883076,0.0,1.0000000000000002,0.0,0.0,0.0,0.0,0.0395301247528484,0.0,0.042633886038541326,0.22816928445896162,1.0,0.0,0.11789268685024828,0.5888637155595665,0.10446403507209101,0.050548168490997844,0.052654624514032945,0.1954786030048039,0.0,0.025249411192478144,0.04516137984801549,0.018924517005584608,0.3976258839714963,0.014750046438461324,0.024157737849743656,0.0,0.0,0.0,0.0,0.1430586525978092,0.031445214831925736,0.0,0.0,0.5792984050120829,0.019603974869516427,0.0,0.0,0.3966400576427966,0.04811719591301312,0.32612973759036157,0.0,0.06448821492476361,0.0,0.09721667774699766,0.0957581438878452,0.0,1.0,0.0,0.0,0.01589438668070704,0.0,0.0,0.0,0.0,0.37704760199423415,0.0,0.0,0.0,0.0,0.0,0.19346458302329186,0.0603980086458576,0.0,0.14363722680728808,0.10063678305300525,0.04089323241398678,0.21550626669466272,0.0,0.1206871933364938,0.027901275874802536,0.045298486227966714,0.12016405777909349,0.06063884154223202,0.0,0.246235123521194,0.0,0.0,0.16025725895932713,0.0,0.04951755636174663,0.0,0.16202821940781403,0.15724302919477207,0.21093986871982245,0.05203813020196034,0.0,0.0,0.0,0.0,0.0,0.0,0.0,0.0,0.0,0.0,0.009586303041701863,0.03822406180749491,0.08689476334735295,0.0,0.13951474194420982,0.02780075049195131,0.0,0.317289415508271,0.0,0.2860102615235469,0.0,0.29164998799135383,0.5105808970395993,0.0,0.026545393269287662,0.09115027532450101,0.07932238552520528,1.0,0.28842681180467683,0.5130761140090899,0.0,0.18119404340298811,1.0,0.95373327594572,1.0,0.07738585790971633,0.0,0.36238808680597623,0.32612973759036157,0.0,0.17102534799622574,0.6893602801026456,0.19388266280012786,0.15741803153486675,0.3620614413650491,0.35695061504044917,0.37249474325431586,0.0,0.7247759640270087,0.0,0.0,0.3369127177566395,0.6777737100581331,0.0,0.0,0.13197565948132187,0.06817850634500332,0.30070390570848204,0.21488744192305598,0.07795464419063754
TARGET-20-PATDNN,0.0023478321733537296,0.8943246050224893,0.4963992994044456,0.2824517878608149,0.8813463714020539,0.0,0.0,0.0,0.0,0.025730549899022334,0.2385525629794602,0.6572850332022127,0.01586099655436568,0.0,0.0,0.15649833812666206,0.05627183537822311,0.0022902716577747977,0.040599525910636695,0.0011487419945243188,0.029995100486627076,0.005513247215837783,0.010444457912494667,0.3124347768579479,0.2165228587724083,0.2874212333826402,0.026005349490689982,0.6003268665641756,0.42845399916183613,0.7760653860879332,0.6506733628562719,0.07432114381141472,0.06471208987625714,0.12093950013870047,0.041177396974269184,0.037525505623640626,0.0,0.24082133741313724,0.0943572095575575,0.4383123929627374,0.6689147472710503,0.913962741886209,0.17222862755703044,0.12005876468379399,0.0,0.28302864469144723,0.9999999999999999,0.2939579595987109,0.4242126046830778,0.13783623837445327,0.01895515544388463,0.0,0.8232796876555677,0.0,0.08621871089127515,0.0,0.21786423964463733,0.0,0.19652093093001755,0.06631731547622671,0.6259932839271181,0.0,0.0,0.06301343550925281,0.041761829371472305,0.03519079245504412,0.0,0.469212947996314,0.3811030370954516,0.16422020602943743,0.024941631150661718,0.08958480709472699,0.3049711178937061,0.2531070838713683,0.06007708774545126,0.10091282842492308,0.20944499741835543,0.9794941457776665,0.0,0.08926364250545253,0.0,0.0,0.0,0.0,0.9706351809594871,0.0,0.19554773839637501,0.11740522384143033,0.6956712621699633,0.04535275072365752,0.13101217635556983,0.0,0.2807806704818145,0.12647455753577622,0.0,0.0,0.0,0.0,0.3592188483023821,0.0,0.013390369618201876,0.0,0.0,0.5356141289417752,0.009734257500489172,0.1986258813436637,0.0,0.22749988577312918,0.0,0.2786407250378817,0.0,0.0,0.0,0.0863948442842726,0.0,0.0,0.0,0.0,0.2122976807689248,0.029147210634112217,0.14102838456147276,0.0,0.0,0.17837723418472767,0.0412384469568023,0.0,0.0,0.008962511822040433,0.0,0.18196942278181558,0.0,0.1429241644708637,0.1973852955055131,0.5567192590841145,0.14637517872783004,0.0,0.2652562842707793,0.1942174070410138,0.40287845223319024,0.0,0.0,0.36764136501818256,0.41732885595141206,0.0,0.0,0.0,0.0,0.0,0.004406186712110185,0.0,0.049741633747782774,0.03530980809176423,0.37102470683302813,0.17111640131500938,0.14237942202370957,0.020544956753717675,0.0,0.5275778705588643,0.0,0.44621185053058615,0.020603837093625524,0.21553146172220744,0.26065763374985973,0.060899786542308265,0.01153853155023642,0.16765662480027238,0.0,0.29560265212942144,0.0,0.7583331388610145,0.3682348030355541,0.26780714191320265,0.14780150138254997,0.4899272170023374,0.9095467744759043,0.28594331134791934,0.0,0.0,0.12050612368963035,0.5718864991938406,0.06319448785005354,0.2547209562655914,0.1432806975364739,0.3722655907702672,0.9364806389566829,0.13189446016407536,0.9999999999999998,0.00021616258096970046,0.2678073536428437,0.0,0.2215558318935634,0.0,0.7157092269024171,0.0,0.14368756743875072,0.45153707034863083,0.15745116904031295,1.0,0.35339699697098503,0.0
