patient_id,priv_meth_0,priv_meth_1,priv_meth_2,priv_meth_3,priv_meth_4,priv_meth_5,priv_meth_6,priv_meth_7,priv_meth_8,priv_meth_9,priv_meth_10,priv_meth_11,priv_meth_12,priv_meth_13,priv_meth_14,priv_meth_15,priv_meth_16,priv_meth_17,priv_meth_18,priv_meth_19,priv_meth_20,priv_meth_21,priv_meth_22,priv_meth_23,priv_meth_24,priv_meth_25,priv_meth_26,priv_meth_27,priv_meth_28,priv_meth_29,priv_meth_30,priv_meth_31,priv_meth_32,priv_meth_33,priv_meth_34,priv_meth_35,priv_meth_36,priv_meth_37,priv_meth_38,priv_meth_39,priv_meth_40,priv_meth_41,priv_meth_42,priv_meth_43,priv_meth_44,priv_meth_45,priv_meth_46,priv_meth_47,priv_meth_48,priv_meth_49,priv_meth_50,priv_meth_51,priv_meth_52,priv_meth_53,priv_meth_54,priv_meth_55,priv_meth_56,priv_meth_57,priv_meth_58,priv_meth_59,priv_meth_60,priv_meth_61,priv_meth_62,priv_meth_63
TCGA-2Y-A9GS,-0.009110509,-0.0056312443,-0.035468567,-0.035045154,-0.11228901,-0.012763627,-0.0028749953,0.74728024,1.8010607,-0.17235719,0.70366,0.73257315,-0.008139396,-0.202641,-0.36505133,-0.115149215,0.68330973,-0.11916877,-0.20991838,0.7532805,0.3595978,0.18241124,-0.21724594,0.5686609,1.57889,0.7414273,-0.13391204,0.62971526,0.8391997,-0.034529552,0.8693833,0.6407345,0.4129973,-0.016639069,-0.10565408,-0.06348582,1.769748,0.5539377,0.7192531,-0.0014662723,1.0791941,-0.15858524,0.89099336,-0.07864728,-0.06404515,-0.016491493,-0.08735462,2.452213,1.1215198,0.6380063,-0.007237322,0.0868971,0.86761135,-0.14645272,-0.10345786,-0.0034419782,-0.022795504,-0.2591128,-0.0049089203,-0.10657584,0.67790896,0.4108619,1.4723685,0.5201598
TCGA-2Y-A9GT,-0.011972423,-0.017879736,-0.06114142,-0.049200583,-0.18564303,-0.038299054,0.04969929,0.95490205,2.569827,-0.21513604,0.6125167,0.99307644,-0.03584449,-0.2796302,-0.502455,-0.12655048,1.0410279,-0.16327852,-0.25576305,1.0555843,0.115486026,0.25721374,-0.26390824,0.997849,2.2687285,1.1441469,-0.21023153,0.8072082,1.2489661,-0.04298571,1.3124241,0.12846842,0.7023317,-0.027001603,-0.15126632,-0.06853338,2.3795698,0.56259614,0.744673,0.31680197,1.7603341,-0.17978692,1.3570962,-0.17005269,-0.068892375,-0.013347759,-0.123703085,3.1494744,1.2849287,0.40770552,0.21519688,0.21900469,1.0186298,-0.22861123,-0.13265,-0.0055409423,0.05667949,-0.35925955,-0.00017755629,-0.159286,0.61847615,0.45577073,2.0565777,0.59447277
TCGA-2Y-A9GU,0.04662645,-0.0043106363,-0.061793644,-0.032670297,-0.1609264,-0.017574687,0.55957544,1.3731607,3.3670578,-0.2705333,1.2394571,0.40524858,-0.011381588,-0.31835338,-0.5648088,-0.11715616,1.3556684,-0.19737047,-0.25918877,1.0001285,0.13683712,0.6640446,-0.29081267,0.6973826,2.6514218,1.4160858,-0.2024653,1.1938529,1.8639469,-0.025905227,1.3775512,0.26052678,0.72273856,-0.034775306,-0.22868274,-0.16085361,2.459091,0.38696447,0.1865158,0.9939449,2.080666,-0.18676195,1.3241677,-0.18302384,-0.12779973,-0.0053166407,-0.16329801,3.3789973,0.7144289,-0.012048497,-0.0010983052,1.3421712,0.6281781,-0.29763037,-0.17051269,0.4575032,-0.031753786,-0.36943218,1.2378429,-0.15217535,0.726341,0.48782933,2.4563122,0.6280889
TCGA-2Y-A9GV,-0.0013595328,-0.03265519,-0.08376874,-0.059004188,-0.17157795,-0.03850635,0.062052317,1.0050014,2.6864364,-0.18931872,1.081049,0.85222673,-0.02738077,-0.2943041,-0.48330122,-0.11592555,1.207662,-0.120625935,-0.23494653,0.9604188,0.32194757,0.5532056,-0.26775107,0.77588904,2.2733128,1.2634609,-0.19888966,1.0259081,1.2179935,-0.036184855,1.3411844,-0.015434908,0.5433058,-0.012588537,-0.18566866,-0.09418009,2.226442,0.5456242,0.4825195,0.46526575,1.6770988,-0.18406002,1.4186716,-0.17193949,-0.058880825,-0.03417242,-0.15007505,3.303721,0.977005,0.53699416,0.12239111,0.49488524,1.0874071,-0.24003871,-0.14922939,0.19617559,0.027757492,-0.36301625,0.25533342,-0.1535059,0.4679392,0.20597269,2.2907345,0.30340943
TCGA-2Y-A9GW,0.0087271035,-0.028023211,-0.04018252,-0.043479186,-0.12386602,-0.0038074576,0.22911409,0.821996,2.417047,-0.21603043,1.2503102,0.52909786,-0.029756887,-0.2459781,-0.4198396,-0.1359265,1.1569059,-0.1382306,-0.25456947,1.0417745,0.24201308,0.28239304,-0.2544446,0.7552883,2.103645,1.0244666,-0.17453244,1.1947314,1.2557528,-0.034488942,1.081678,0.8798711,0.4139571,-0.0022701826,-0.15622038,-0.12787543,2.1571505,0.14574768,0.54166627,0.23734145,1.6390728,-0.16618979,1.3212286,-0.13159472,-0.043156866,-0.027090598,-0.151677,2.905027,1.1898443,-0.0044100904,-0.0042199204,-0.034251466,0.7762455,-0.20831464,-0.11301775,0.06671374,-0.033896193,-0.30587566,0.15170318,-0.12396152,0.36888275,0.05149495,1.7858847,0.34731042
TCGA-2Y-A9GX,-0.0010255434,-0.01146288,-0.032787677,-0.034989145,-0.12755099,-0.018401343,0.14808579,0.8488747,2.4037724,-0.2053515,1.4978282,0.5920117,-0.021254582,-0.25395498,-0.41831112,-0.093971096,1.127371,-0.13428877,-0.21322007,0.8646977,0.16775467,0.23495053,-0.21796463,0.62569076,2.0320914,1.0558007,-0.1688451,1.0043064,1.1009083,-0.03967689,1.2943479,0.39475986,0.7199407,-0.0071600336,-0.15864967,-0.13254176,2.1028047,0.42441502,0.3532724,0.64826083,1.5372319,-0.1567614,1.4151539,-0.13105635,-0.039045263,-0.027675375,-0.13802905,3.0154963,1.0136272,0.10708675,0.0843772,-0.007835963,0.9618767,-0.18707608,-0.11816286,-0.0020648723,-0.04591276,-0.29007643,0.16706085,-0.13951722,0.41913775,-0.0083087655,1.9431024,0.44045073
TCGA-2Y-A9GY,-0.017065227,-0.0033172618,0.033525646,-0.016680408,-0.05687354,-0.020686025,0.14373869,0.57130235,1.3992391,-0.1510167,1.3159906,-0.009122604,-0.0065189446,-0.13329826,-0.23201378,-0.04361221,0.47954026,-0.106896594,-0.12851171,0.38767755,-0.0031078928,-0.004211231,-0.12292755,0.0004610055,1.1388586,0.25801334,-0.06328588,0.74860775,0.6624158,-0.027489075,0.70582575,0.9024762,0.43195543,-0.020489668,-0.09719768,-0.13061476,1.2165565,0.30535755,-0.00068242586,0.9886979,0.7164149,-0.10973562,0.7977038,-0.0716195,-0.044411384,-0.005806876,-0.07574286,1.4129515,0.6823261,0.39901444,-0.0018582204,0.3848805,0.11457981,-0.050693404,-0.0697986,0.0025961641,-0.013668984,-0.108708456,0.4272699,-0.051463928,0.37774646,-0.0011844166,0.717912,0.537386
TCGA-2Y-A9GZ,0.0022173747,-0.0011287726,-0.074095,-0.025479546,-0.14243437,-0.026362156,-0.02529114,1.0908306,2.2394352,-0.1328309,-0.047259584,0.6821554,-0.014535883,-0.22017772,-0.40072384,-0.09517217,0.84807247,-0.16077046,-0.19861759,0.79640794,0.27402395,0.5138661,-0.19756973,0.25122344,1.5768331,1.1090163,-0.11867946,0.22670302,0.9489773,-0.012327271,0.8451516,0.0829933,0.44099846,-0.023491425,-0.14419968,-0.04294638,1.6201534,0.5199892,0.21891779,0.481355,1.6862245,-0.17991182,0.40822375,-0.14227097,-0.04092414,-0.0037061782,-0.11686726,2.3015563,0.67646956,1.3141282,-0.004024761,1.0147153,0.4979728,-0.20975001,-0.12445223,0.17040819,0.39843023,-0.3017439,0.031176142,-0.074170165,1.2687157,0.33823782,1.6280923,0.68755114
TCGA-2Y-A9H0,-0.010431803,-0.007532698,-0.044296477,-0.026626622,-0.12281362,-0.0046315514,0.023214474,0.8345894,2.036653,-0.13845839,0.76946545,0.4088818,-0.001173124,-0.18344624,-0.37107548,-0.08631622,0.6261359,-0.11858173,-0.17048346,0.67703915,-0.008497159,-0.011750578,-0.19779623,0.11965884,1.3537024,0.5599366,-0.08725098,0.6683529,0.8687632,-0.050894618,0.9444169,0.78095484,0.43962044,-0.0020559789,-0.12486211,-0.13945156,1.5466515,0.9710585,0.243168,0.2290853,1.0524356,-0.14109711,0.8569433,-0.10630254,-0.06101631,-0.0113966465,-0.11465561,2.1463938,0.9473744,1.0666178,0.2724263,0.80820745,0.27154985,-0.12782818,-0.13106266,0.38846737,0.31381914,-0.20422037,0.048405997,-0.064758025,0.7856072,0.25133395,1.1687272,0.5589177
TCGA-2Y-A9H1,-0.0019358367,-0.000493358,-0.049306184,-0.047963146,-0.11184132,-0.024463344,0.28070372,0.6885756,2.5778296,-0.23071067,0.8136446,0.6923485,-0.030761002,-0.2881428,-0.4913961,-0.15405126,1.1988974,-0.14739475,-0.2693909,1.0858371,0.33148533,0.264523,-0.26529333,0.8686904,2.44649,1.0298653,-0.2016783,1.1315286,1.2779468,-0.048085418,1.0758696,0.8715615,0.5866129,0.059170175,-0.15068342,-0.14211954,2.3726225,0.0298925,0.69557494,-0.015528562,1.6506779,-0.16687532,1.2516503,-0.16395107,-0.036913943,-0.023447016,-0.12866983,3.2773032,1.2387987,0.11183775,-0.009596813,-0.0042931302,1.0788686,-0.22727947,-0.14195381,0.16997325,-4.8806145e-05,-0.34063542,0.1877748,-0.13009019,0.7846312,0.34893173,2.0018978,0.5153359
TCGA-2Y-A9H2,-0.019902984,-0.0272055,0.018591676,-0.05164903,-0.13619584,-0.029319499,0.5767398,1.0573723,2.924985,-0.22754121,1.859238,0.2961094,-0.016991947,-0.26240203,-0.4793242,-0.107071675,1.2850653,-0.1284316,-0.24809483,0.93252796,0.24500552,0.26989838,-0.26669595,0.44143936,2.4174187,1.1352082,-0.20400262,1.4761703,1.4987639,-0.026455635,1.0901959,1.0063163,0.6536127,-0.014919649,-0.16468273,-0.13826464,2.2292743,0.2827107,0.65892744,1.2576789,1.5750598,-0.17930491,1.3067728,-0.15402529,-0.06883312,-0.01385831,-0.2040262,3.3596163,0.94684964,-0.013544294,-0.020424671,0.8332365,0.9648401,-0.2549085,-0.14017281,0.29191682,-0.060299214,-0.3103679,0.6338537,-0.12580308,0.2826464,0.17062198,1.8777806,0.10708366
TCGA-2Y-A9H3,-0.010921235,-0.014408967,-0.03245852,-0.04617959,-0.1411431,-0.009575145,0.511423,1.136258,2.8973632,-0.25349328,1.7333384,0.3869486,-0.014317082,-0.27475163,-0.45658252,-0.099769674,1.033014,-0.16514294,-0.23427446,0.9177848,0.12746012,0.38532582,-0.2593806,0.47816187,2.2215405,1.2253035,-0.14803815,1.1611688,1.3719738,-0.03665878,1.4677976,0.2594127,0.77654326,-0.020894432,-0.19027744,-0.19265069,2.327408,0.54157263,0.18887146,1.1452451,1.8145832,-0.1799465,1.5349522,-0.14030288,-0.09491771,-0.02205875,-0.14799629,3.1252337,0.75385886,0.067951754,0.28180233,0.8807153,0.56063044,-0.23081127,-0.14666177,0.25303665,-0.03396454,-0.28913528,0.8328799,-0.13521318,0.6320786,0.2760945,2.0168707,0.46727532
TCGA-2Y-A9H4,0.22560942,-0.050909843,-0.09764577,-0.041485425,-0.16659398,-0.028930573,0.2312792,0.97332513,2.9022493,-0.20674811,0.691352,0.8209126,-0.0028966756,-0.32042965,-0.52850264,-0.15193641,0.90754694,-0.16307656,-0.27683964,1.0667398,0.39060634,0.5482228,-0.2951022,1.0771583,2.4339693,1.4725848,-0.2082297,1.127738,1.4334403,-0.051957507,1.2589214,0.40544733,0.59562004,-0.018535068,-0.18854323,-0.078244634,2.565496,0.6560358,0.6541548,0.052713376,1.9514078,-0.19095322,1.2155368,-0.17252356,-0.062442034,-0.018082319,-0.1428724,3.583914,1.2310663,0.44610628,0.1577563,0.3160098,1.0965261,-0.29017752,-0.18611513,0.24465455,0.108094364,-0.40128025,-0.01454854,-0.1631264,0.9838061,0.16666104,2.354933,0.52783257
TCGA-2Y-A9H5,-0.019411638,-0.023247605,-0.048203547,-0.032925095,-0.15536776,-0.022713855,0.5379536,0.9221335,2.9914627,-0.2276711,1.1108024,0.48855683,-0.011166718,-0.29963592,-0.51765317,-0.1353888,1.0441874,-0.1594746,-0.2420427,0.8833134,0.5724485,0.31243512,-0.2837654,0.5127101,2.4908478,1.0081571,-0.17433704,1.1695336,1.6837952,-0.03076678,1.3038999,0.7891654,0.66789454,-0.02360907,-0.18282111,-0.17379265,2.450317,0.32340032,0.60179174,0.942698,1.8684027,-0.21040893,1.4386915,-0.14340237,-0.07703514,-0.024861796,-0.15915368,3.1069067,0.89057857,0.09641593,0.00010327599,0.8815811,0.9159206,-0.2496169,-0.13301677,0.5409584,-0.011017799,-0.33583757,0.9516017,-0.155481,0.44439977,0.6206474,2.3677578,0.37516648
TCGA-2Y-A9H6,-0.009029868,-0.0059886025,-0.049561597,-0.035682965,-0.19737622,-0.032799967,0.6589898,1.4046443,3.5365198,-0.29121792,1.5678707,0.69861263,-0.0030043153,-0.35383472,-0.6250948,-0.1506312,1.4358279,-0.1903895,-0.31283486,1.1938331,0.3261065,0.46423516,-0.33932006,0.7659749,2.972315,1.625375,-0.22636572,1.3521535,1.8792559,-0.03403088,1.5252321,0.36374944,0.9335954,-0.031716507,-0.23975705,-0.16214487,2.9537973,0.40252668,0.5926249,1.1543046,2.283601,-0.22209728,1.5881991,-0.20098929,-0.11132188,-0.01287117,-0.17171404,3.9766607,1.0222505,0.178521,0.1552046,1.2393956,1.1491711,-0.29803884,-0.17658286,0.5251253,-0.026439974,-0.43873906,0.8238979,-0.1810809,0.69630754,0.3520677,2.6542609,0.62316173
TCGA-2Y-A9H7,0.028524898,-0.01871246,-0.08679884,-0.041366275,-0.22425823,-0.061515283,1.0832821,1.2393363,3.5591261,-0.312615,0.99073255,0.7271954,-0.023711307,-0.3796282,-0.62865204,-0.13336372,1.1091648,-0.21361358,-0.29624328,1.2701273,0.21707612,0.5356853,-0.32560813,0.41864306,2.916293,1.4488176,-0.17715296,1.1874845,1.9153116,-0.028033648,1.4705073,0.6995907,0.6958756,-0.03594261,-0.24100839,-0.20150259,2.9228284,0.8474305,0.33400592,1.3399757,2.5060897,-0.25063232,1.5232049,-0.18617313,-0.14229873,-0.038501415,-0.13648131,3.8039217,0.9040983,0.10259367,0.4972442,1.8015294,0.9375631,-0.2701473,-0.24607623,0.5749434,0.09790799,-0.42024976,0.45775166,-0.21940663,1.4888752,0.5233297,2.3915792,0.8255937
TCGA-2Y-A9H8,-0.00093284174,-0.0008096359,-0.081079945,-0.037166294,-0.19752131,-0.0043524527,0.46126515,1.0082529,3.3436875,-0.28058395,1.6148002,0.40195787,-0.020974677,-0.3261444,-0.5236675,-0.13064392,1.147595,-0.1960522,-0.23047574,0.90150684,0.4730354,0.57126796,-0.27686876,0.50422657,2.6342092,1.3284184,-0.16712935,0.76905835,1.7347447,-0.01640956,1.6326268,0.28742507,0.9272383,-0.0329294,-0.18584757,-0.19789106,2.5924067,0.57837564,0.21518263,1.3118486,2.1097481,-0.23982716,1.6167312,-0.16510753,-0.11364535,-0.025295764,-0.19823997,3.2294278,1.0280199,0.59851855,0.04530571,1.529362,0.98641604,-0.22167678,-0.18606386,0.7716604,0.07854377,-0.35027158,0.83297694,-0.15983401,1.0304378,0.6652066,2.2586918,0.5161517
TCGA-2Y-A9H9,0.03176991,-0.016659176,-0.11042076,-0.02514202,-0.17477883,-0.039157297,-0.00022917688,1.0045696,2.7090423,-0.20128636,-0.050735053,1.0083618,-0.013286385,-0.26953137,-0.5209944,-0.14154744,0.9931126,-0.17017917,-0.28129718,1.1675785,0.46132916,0.7689817,-0.2746676,0.89516866,2.5491633,1.4304854,-0.17905788,0.7723142,1.5729538,-0.007697371,1.0565531,0.54445636,0.4795645,0.20250961,-0.14546673,-0.05704647,2.3435824,0.37731004,0.9835793,0.049770795,1.7499313,-0.19119954,0.8465567,-0.16560881,-0.06975643,-0.011794231,-0.111781895,3.146889,1.0809327,0.5568496,-0.0034656439,0.43233597,1.0948997,-0.26430947,-0.16654243,0.08735058,0.60523087,-0.4086046,-0.027700095,-0.16275299,1.067211,0.28461272,2.390154,0.79318875
TCGA-2Y-A9HA,-0.001623977,-0.012383307,-0.04840681,-0.03387421,-0.07596713,-0.0051490604,0.15100586,0.41187543,1.604977,-0.13459349,0.41014096,0.08578401,-0.017064666,-0.16170262,-0.2695534,-0.073187865,0.6039415,-0.11585601,-0.18548119,0.62352556,0.24154179,-0.0032517985,-0.15183352,0.08242725,1.165992,0.61608154,-0.06373616,0.47087884,0.59842366,-0.00083717436,0.69558406,0.9659573,0.31636217,0.1126461,-0.06317414,-0.10886134,1.2179425,0.404537,0.19079414,0.06854016,0.96887815,-0.11936853,0.51259696,-0.07002812,-0.031298347,-0.01286977,-0.06919421,1.7657762,0.7089837,0.67438763,-0.009250163,0.045759406,0.2965223,-0.10447607,-0.09298175,0.18798167,-0.011863823,-0.16450325,0.017303757,-0.053968996,0.70431787,0.02040352,1.1640677,0.44191566
TCGA-2Y-A9HB,0.13516022,-0.018830772,-0.092290066,-0.050679773,-0.20182584,-0.0361229,0.396156,1.0893832,3.2536411,-0.24270499,0.69357854,1.0156415,-0.036408924,-0.3475238,-0.5942223,-0.15308248,1.2531137,-0.15657209,-0.28481218,1.1773098,0.5514926,0.66549295,-0.30800846,0.9573376,2.7550466,1.3979875,-0.24281351,1.0872484,1.6456156,-0.045370243,1.3366836,0.19470222,0.7368488,0.03818809,-0.20298107,-0.09818574,2.724373,0.48367488,0.7219601,0.14345136,1.9419421,-0.1999625,1.4353042,-0.21601906,-0.07536105,-0.03920172,-0.16026197,3.6692586,1.3999045,0.06758789,0.04454987,0.47408792,1.2289644,-0.3168271,-0.17064935,0.25229537,-0.022045359,-0.42968407,0.16921389,-0.19033316,0.67351013,0.45733333,2.492029,0.55002964
TCGA-3K-AAZ8,-0.00446777,-0.04323237,-0.11528362,-0.045006044,-0.24577586,-0.048619475,0.88640666,1.2843715,3.5353732,-0.29195967,0.39083228,0.9618654,-0.035527907,-0.39534146,-0.67252696,-0.17811137,1.530848,-0.18785451,-0.31585982,1.3589612,0.53524655,0.7185829,-0.3519248,1.1194416,3.0985796,1.5911266,-0.24528448,0.8717214,1.9119406,-0.029423445,1.4873329,0.15271619,0.7696009,-0.044329565,-0.2102071,-0.11805431,3.0216238,0.31629944,0.56784934,0.46557218,2.4662385,-0.23290586,1.2753541,-0.23122337,-0.091639556,-0.032135908,-0.15308486,4.024972,1.2651756,0.25652492,0.052188303,1.0020363,1.2458497,-0.37418988,-0.22675505,0.3263778,-0.017835949,-0.4767561,0.15802568,-0.17391692,1.3830103,0.6285649,2.7595637,0.6280297
TCGA-4R-AA8I,-0.0073610614,-0.04188436,-0.10097765,-0.055562057,-0.15360734,-0.0011410154,0.46668565,1.0617851,2.7197442,-0.19149223,0.06782492,0.627786,-0.019593459,-0.29595515,-0.5251778,-0.15204957,1.0053829,-0.15994844,-0.2375468,0.9384911,0.3275497,0.42339036,-0.27648795,0.39326552,2.4444485,1.2980802,-0.17631458,0.8924388,1.4104536,-0.030800864,1.191665,0.5994067,0.40772143,-0.025815392,-0.15817158,-0.071085714,2.3276694,0.42389336,0.59025013,0.08766257,1.720905,-0.19121347,0.85987914,-0.14467333,-0.07053643,-0.014595019,-0.12175518,3.0368657,1.1269126,0.81761456,-0.036395878,1.3191434,0.6439633,-0.25375998,-0.18977207,0.1813278,0.1677379,-0.3546956,-0.010718259,-0.14913005,1.1481324,0.41358417,1.9217577,0.7622287
TCGA-5C-A9VG,-0.0003211789,-0.031015126,-0.054487795,-0.0396775,-0.17230318,-0.038774516,0.76167846,1.1391883,3.4332256,-0.28243092,1.606949,0.64271843,0.051688574,-0.34816635,-0.55939144,-0.1350944,1.1497089,-0.17493425,-0.27627397,1.1857146,0.30242383,0.485674,-0.3129196,0.55714303,2.757962,1.4212908,-0.18314147,1.3827946,1.7332618,-0.03480467,1.5624278,0.4126485,0.83720833,-0.009407907,-0.23953009,-0.19535595,2.8137846,0.3433384,0.32283968,1.2186956,2.01531,-0.20580514,1.4639113,-0.18661474,-0.10412487,-0.020725949,-0.17513427,3.6681292,0.98579085,-0.004391753,0.30981383,1.0987984,0.82698953,-0.28351787,-0.19789802,0.376843,-0.012740207,-0.37034893,0.8998989,-0.18306018,0.7943675,0.29381633,2.3725047,0.4667829
TCGA-5C-A9VH,-0.022648765,-0.0246611,-0.08127322,-0.024797384,-0.1963904,-0.011417808,0.61074597,1.0136293,3.152798,-0.27211985,1.2756178,0.5223174,-0.029351706,-0.3057867,-0.56751484,-0.15388499,1.394199,-0.18010256,-0.27881232,1.1378294,0.6039891,0.50831056,-0.30192912,0.7352392,2.8881104,1.3354645,-0.21140495,1.3594531,2.024729,-0.004988733,1.4898827,0.14652097,0.7478835,-0.02059017,-0.21822536,-0.15886827,2.6270092,0.2651593,0.5053,0.6134893,1.9614855,-0.19981046,1.5061888,-0.18719064,-0.08868944,-0.020286974,-0.19799104,3.7721975,1.0778747,0.2365359,-0.0013866419,0.9864942,1.0256972,-0.3629951,-0.18040332,0.3910439,-0.021323964,-0.38144034,0.9062438,-0.14448611,0.61115074,0.40616947,2.5463226,0.1693146
TCGA-5R-AA1C,-0.00510402,-0.021380384,-0.11242272,-0.05412494,-0.22845991,-0.051924463,1.023282,1.4056838,3.768069,-0.31348917,0.8226612,0.6419159,-0.0138285225,-0.38664657,-0.67490953,-0.20575288,1.2413638,-0.21706982,-0.33490038,1.5404269,0.65116453,0.7654668,-0.3413534,0.7185708,3.342929,1.8442463,-0.25153914,1.5044107,1.8995006,-0.03990139,1.6606419,0.5543308,0.6550999,-0.0106634125,-0.26469007,-0.13200466,3.108646,0.1382092,0.5354973,0.7593828,2.3405604,-0.2580056,1.471566,-0.23218441,-0.09806902,-0.0239721,-0.14607047,4.0995564,1.0518258,0.30961356,-0.00087043364,1.2600541,1.3213496,-0.37175205,-0.2096319,0.22807251,-0.0018115934,-0.49628282,0.1725474,-0.15984489,1.3525729,0.18072985,2.9028203,0.5696282
TCGA-5R-AA1D,-0.012260619,-0.018927922,-0.034951538,-0.030314116,-0.12936364,-0.014299196,0.33738315,0.93356425,2.757729,-0.2102675,1.7348235,0.49349374,-0.023147676,-0.2661439,-0.46139213,-0.103399396,1.0889271,-0.13905726,-0.2402811,1.1368991,0.22555657,0.31637552,-0.22781777,0.49336952,2.1703854,0.98705584,-0.17962639,1.345436,1.1847346,-0.03956792,1.1424452,0.70609814,0.6059372,-0.0037337828,-0.18121293,-0.15968722,2.3263094,0.38220587,0.40748152,0.9739894,1.5152984,-0.17607589,1.4682156,-0.15537965,-0.06699347,-0.014616685,-0.13919875,2.9338903,0.97654647,0.13223001,0.024341052,0.1687691,0.893441,-0.22890799,-0.110728204,0.018283987,-0.03711256,-0.28477654,0.5273031,-0.13149779,0.23641308,-2.218485e-05,1.975254,0.28424272
TCGA-5R-AAAM,-0.0072910534,-0.025317067,-0.0757526,-0.05688445,-0.18150248,-0.037579678,0.43072072,1.1368828,3.040722,-0.2428755,0.94131607,0.9073891,-0.023133768,-0.32847235,-0.5824457,-0.14579646,1.3403908,-0.18000911,-0.28009218,1.2137817,0.43449396,0.37168705,-0.30266032,0.8321371,2.7290583,1.4599578,-0.21875942,1.1163466,1.7291962,-0.030915359,1.2956673,0.42682844,0.65453386,-0.013013462,-0.20870712,-0.13730031,2.6119022,0.31870374,0.6165966,0.42687634,2.0611727,-0.22501779,1.4639139,-0.19090538,-0.081626765,-0.022484485,-0.16918868,3.6684213,1.1480596,0.18611902,0.033207227,0.49032515,1.2530226,-0.27968374,-0.16668229,0.2031684,-0.0075284005,-0.41880783,0.13727543,-0.14961754,0.8924476,0.3520313,2.406599,0.5364575
TCGA-BC-4072,-0.0032577447,-0.03158749,0.18823425,-0.0001355961,-0.07868376,-0.013359028,0.061632365,0.482913,1.7044799,-0.1539957,1.5259268,0.1459901,-0.0017061745,-0.13676666,-0.2741586,-0.070879094,0.6081228,-0.10565156,-0.13984382,0.6374359,-0.0013493396,0.07007373,-0.1564477,0.23390143,1.1399351,0.53476554,-0.08507674,0.7973487,0.7949396,-0.030154465,0.6183654,1.0087824,0.5711659,0.08524795,-0.111148976,-0.11903454,1.4019982,0.38583133,0.26520205,0.7755446,0.82901394,-0.11952361,1.0872138,-0.059066284,-0.041598286,-0.020246366,-0.1093233,1.8146273,0.93817925,0.13333586,-0.012060764,-0.003628115,0.44974437,-0.07228031,-0.0725742,0.06830641,-0.017021505,-0.15571253,0.4992794,-0.08941764,0.1011483,0.25064456,0.9998,0.48407337
TCGA-BC-4073,0.041097924,-0.0057722605,0.19148636,-0.011583289,-0.074217476,-0.007739447,0.042198204,0.5011007,1.4417825,-0.12359478,1.1686299,0.305423,-0.01167593,-0.14972116,-0.26314735,-0.07491819,0.70147365,-0.10669192,-0.14586924,0.6569454,0.0011975095,-0.0012250463,-0.15172143,0.29685092,1.1623539,0.5048058,-0.09752356,0.740091,0.5910763,-0.02895156,0.60449314,0.86363435,0.3353435,-0.0027386395,-0.11255727,-0.09641867,1.3896599,0.2805455,0.20083559,0.66958284,0.6935289,-0.100415185,1.0062276,-0.06803802,-0.051817514,-0.021523153,-0.09941261,1.8182883,0.7875805,0.30115563,0.09799453,-0.0032595915,0.34959608,-0.09400662,-0.059675008,-0.0038924792,-0.018617207,-0.14660871,0.12352403,-0.082625486,0.12095397,0.11532676,0.9229463,0.45068553
TCGA-BC-A10Q,0.07435193,-0.024025505,-0.009099767,-0.056812346,-0.18815182,-0.046078894,0.9800285,1.7528638,3.8262405,-0.2869621,1.3288511,0.50515056,-0.037284058,-0.37176058,-0.669197,-0.18305747,1.5656624,-0.20935582,-0.31883398,1.3648977,0.39869243,0.60763633,-0.35080847,0.44028246,3.4613898,1.4054487,-0.24476078,1.8202561,2.0624087,-0.028742721,1.4235191,1.3230932,0.7979712,0.016412754,-0.24950111,-0.10681416,3.0670686,-0.03780849,0.9643897,1.718626,2.1717598,-0.24873364,1.7272747,-0.2102081,-0.13072382,-0.016912619,-0.20025103,4.000215,1.1379117,-0.016561622,-0.034569558,1.453051,1.3175554,-0.34919822,-0.19227056,0.5344292,-0.03523382,-0.44883028,0.70004416,-0.20684741,0.5049111,0.7937568,2.5300395,0.4427712
TCGA-BC-A10R,-0.010603041,-0.0031390444,-0.016914105,-0.039845694,-0.13627687,-0.021503761,0.14678866,1.0745068,2.8756075,-0.20941854,1.1724224,0.56537455,-0.020716568,-0.24439405,-0.47965088,-0.09645526,1.2942142,-0.17738327,-0.25842965,1.075265,0.44467682,0.20947732,-0.26452753,0.5105062,2.289212,1.0265163,-0.18971924,1.08304,1.635201,-0.037399318,0.82044023,0.7153354,0.36014935,0.027701646,-0.18988651,-0.075248174,2.3405685,0.33102876,0.9769367,0.7708339,1.8166938,-0.18734434,1.3306644,-0.16742097,-0.095643304,-0.012028349,-0.16124114,2.8578553,0.8436761,0.03621637,-0.029745335,0.6226928,0.6172553,-0.23073645,-0.111249864,0.09355355,-0.043236446,-0.31908867,0.71675813,-0.12119364,0.18782705,0.5656721,2.0180273,0.67300993
TCGA-BC-A10S,-0.0006022729,-0.024425462,-0.11109135,-0.059773635,-0.17267363,-0.03226033,0.36417323,0.9690552,3.0122018,-0.2583487,0.72543496,1.0664366,-0.032763425,-0.32615054,-0.56714696,-0.15932867,1.2470373,-0.16854863,-0.28044477,1.2209591,0.36446482,0.48088428,-0.3068531,1.0876042,2.657766,1.4248182,-0.2235552,0.88485414,1.4878619,-0.041556995,1.3036724,0.23017944,0.65349334,-0.021135597,-0.20769215,-0.08325335,2.5413396,0.38450134,0.8391739,-0.013682379,1.9717462,-0.19891296,1.5548002,-0.1616783,-0.06541468,-0.035699274,-0.14077444,3.6097562,1.2356211,0.15387318,0.013295008,0.1428859,1.0539399,-0.3005056,-0.17313433,0.10086546,-0.0035232957,-0.42958018,-2.0315498e-05,-0.18461503,0.8714125,0.41041857,2.5147872,0.66007656
TCGA-BC-A10T,-0.028747698,-0.027544424,-0.10409152,-0.047739998,-0.20915388,-0.046495568,0.29451904,1.0884775,2.8724856,-0.23320352,0.13521576,0.7486951,-0.016980702,-0.29860014,-0.5482165,-0.14266458,0.9474006,-0.16293865,-0.28250453,1.3573574,0.3345272,0.4193686,-0.31290898,0.51756585,2.3949876,1.0233852,-0.18745421,0.8246414,1.3782007,-0.029581288,1.2116573,0.6821177,0.6737307,-0.03519662,-0.20001426,-0.078329235,2.6056647,0.5684724,0.97191775,0.3817675,1.7980859,-0.20300047,1.0386449,-0.16676866,-0.08690819,-0.017226668,-0.09082258,3.212594,1.1954885,0.998055,-0.00623596,0.84319127,0.7403621,-0.21245126,-0.16512486,0.35983732,0.40859804,-0.3721997,-0.025540272,-0.11991862,1.3065809,0.6718158,2.0546098,0.85984087
TCGA-BC-A10U,-0.010767163,-0.0014932756,-0.06608098,-0.033594053,-0.15831245,-0.03746344,0.37676728,1.0715151,2.6087892,-0.215836,-0.012340021,0.5826796,-0.0010667654,-0.22822063,-0.42956862,-0.1395195,0.92902136,-0.1365635,-0.24511349,1.090695,0.47944462,0.39819944,-0.21309455,0.65778863,2.2091877,1.2143787,-0.16567366,0.6571065,1.1491518,-0.03722184,0.87658775,1.2024002,0.41283423,0.04662558,-0.16518103,-0.086093515,2.0749028,0.26139396,0.49582708,0.2861636,1.4662399,-0.20905255,0.66868347,-0.16124566,-0.0285404,-0.011267684,-0.12303182,2.6737502,0.8848198,0.6405524,-0.016796153,0.46322808,0.60786694,-0.21491764,-0.14277399,-0.0029797321,0.32064337,-0.30051002,-0.007027857,-0.10537056,1.0673205,0.23518552,1.9713974,0.7628104
TCGA-BC-A10W,-0.009203643,-0.021500656,0.17782123,-0.040809084,-0.052023675,-0.011060781,0.19676739,0.423792,1.8707191,-0.15541704,2.0994163,0.10437379,-0.0023770398,-0.1698855,-0.30585182,-0.09672756,0.76216906,-0.11035373,-0.15343593,0.70308626,-0.015864737,0.1797881,-0.15032953,0.43560997,1.4846851,0.53612155,-0.07265267,0.98512,0.71454155,-0.03271286,0.75544935,1.0688553,0.4642372,0.1143997,-0.11753633,-0.15676521,1.573539,0.5067677,0.27192074,0.68038315,0.80855525,-0.1011281,1.3000007,-0.056738883,-0.05530862,-0.021795094,-0.09720931,2.178709,0.92634004,-0.018591536,0.053241964,-0.0037479259,0.17883246,-0.11610736,-0.080512166,0.26142973,-0.06661189,-0.1828396,0.4391846,-0.098900594,-0.0012825137,0.09112993,1.019886,0.3797351
TCGA-BC-A10X,0.042741828,-0.009706605,-0.066283844,-0.029644728,-0.183947,-0.026639124,0.50381744,1.2370284,3.1845992,-0.24003644,1.3854077,0.9099733,-0.01284765,-0.32682988,-0.55625814,-0.13920875,1.2680968,-0.1717851,-0.27278957,1.2180606,0.4495008,0.6746468,-0.2902046,0.7929926,2.68074,1.4784182,-0.22551768,1.1611946,1.4939568,-0.029372707,1.5237689,0.0919604,0.7999347,-0.009456168,-0.22562043,-0.13960479,2.5753343,0.40876353,0.322122,0.97547,1.994076,-0.20964776,1.5803722,-0.19034193,-0.06360605,-0.036276232,-0.16359733,3.7444415,0.9549981,0.2835313,0.17308302,0.6811805,1.2486866,-0.29385003,-0.16698341,0.19656505,-0.025614515,-0.394955,0.32014138,-0.1756378,0.80121815,0.16777791,2.5328217,0.4353633
TCGA-BC-A10Y,-0.026134787,-0.017854856,-0.08077986,-0.016344849,-0.14167671,-0.02889888,-0.023829771,0.75871336,1.7326534,-0.12255751,0.011592932,0.5219136,-0.021240229,-0.18522875,-0.36793938,-0.071669154,0.5405522,-0.1183622,-0.2009025,0.53119534,0.021886304,0.23823945,-0.22040598,0.21523386,1.2891246,0.68615085,-0.08756166,0.1206184,1.01938,-0.012908219,0.68031013,0.35328776,0.39486787,-0.013806336,-0.10966735,-0.045486555,1.6016661,1.1608356,0.58956116,0.026982028,1.1028045,-0.15228324,0.5499903,-0.056970026,-0.04210957,-0.013137645,-0.061923027,2.0277019,1.2264178,1.3114951,0.123318285,0.6104873,0.33465078,-0.12520002,-0.14317814,0.3050808,0.47575587,-0.21446334,-0.043579463,-0.057133723,0.9311152,0.6222589,1.5440888,0.8298438
TCGA-BC-A10Z,-0.0005882651,-0.0073103965,-0.06533977,-0.03042692,-0.10876471,-0.020698238,-0.0059164255,0.6280168,1.7015959,-0.13560283,-0.022963239,0.41022745,-0.0021308335,-0.15187542,-0.3297798,-0.06355179,0.40272647,-0.13666207,-0.14273761,0.3756693,0.10125915,0.3486286,-0.15551448,0.17975157,1.0342504,0.44444922,-0.07274132,0.4342328,0.6761482,0.03749318,0.5931337,0.6101321,0.335143,0.051055897,-0.06866258,-0.06386493,1.3999357,1.2656951,0.22706306,0.23877351,0.87405115,-0.12767552,0.62653935,-0.057901334,-0.04759481,-0.017852023,-0.06408573,1.7370843,0.7091203,1.4484234,-0.028180946,0.6803158,-0.0032300656,-0.12359829,-0.12176863,0.32573527,0.585707,-0.17646457,0.33814558,-0.07374554,1.102722,0.67780817,1.2868667,0.6917449
TCGA-BC-A110,0.1152479,-0.012268848,-0.062984176,-0.030295087,-0.18335156,-0.020869393,0.39421508,1.185538,2.9904366,-0.22933593,1.2589855,0.8895197,-0.011826794,-0.3107997,-0.53996915,-0.13931744,1.151421,-0.15742038,-0.2628804,1.208804,0.32239813,0.6081011,-0.2781112,0.7434571,2.6274326,1.3743329,-0.2197551,1.1596999,1.4105555,-0.032217424,1.4112769,0.110727504,0.78646976,-0.0055969115,-0.21537066,-0.13058764,2.6124291,0.38519722,0.4680475,0.86963266,1.9861346,-0.19866066,1.5117974,-0.18347989,-0.061972678,-0.03521157,-0.1636192,3.5703487,0.96934825,0.26224542,0.0998788,0.5538593,1.1711612,-0.27839553,-0.1644264,0.118419684,-0.027774924,-0.38575,0.26474878,-0.16636543,0.6363775,0.1362538,2.4247942,0.3749833
TCGA-BC-A112,-0.002857145,-0.02152012,0.0027593262,-0.064198054,-0.10536666,-0.011568862,0.33094403,0.5867706,2.4498384,-0.18626252,2.1839476,0.2893432,-0.025189837,-0.21590185,-0.4473748,-0.102007486,1.1475431,-0.14180718,-0.22871307,1.1726426,0.17092505,-0.023673212,-0.21894114,0.51263964,1.9438986,0.6807607,-0.14373595,1.4257306,1.3069305,-0.053187925,0.8781362,1.5460254,0.28162423,0.40942943,-0.1420147,-0.16431066,2.0711238,0.38525462,0.5536869,0.7659152,1.3100022,-0.15440449,1.3131905,-0.09453679,-0.0634575,-0.023900209,-0.15729675,2.6410809,1.0824063,-0.012152109,0.03287916,-0.009573295,0.76200825,-0.16275863,-0.08328491,0.16392592,-0.067171,-0.21665779,0.59525144,-0.09083549,-0.031458016,0.5031981,1.4958934,0.27824637
TCGA-BC-A216,-0.0053439564,-0.035315514,-0.020677354,-0.037561506,-0.14803782,-0.0077710273,0.1670988,0.6589644,2.4154105,-0.19543092,0.4198397,0.7325862,-0.023937322,-0.22608364,-0.44491583,-0.12819825,0.8508511,-0.18228774,-0.19862443,0.85194254,0.05486697,0.027069565,-0.21095411,0.58324724,2.1113055,0.97565883,-0.16378772,0.7966008,1.4267076,-0.049845707,0.8911606,0.57593644,0.43331173,0.041642997,-0.13642552,-0.07218342,2.2046432,0.3124715,0.57392436,0.5706219,1.4477755,-0.17225672,0.997628,-0.12586944,-0.10636741,-0.022733582,-0.09334311,2.5918903,0.9653555,0.23705578,-0.026943102,0.7405119,0.28087094,-0.16069934,-0.13493237,0.34342855,0.0857708,-0.2906757,0.40109405,-0.1256638,0.554229,0.9574292,1.8145825,0.6492924
TCGA-BC-A217,-0.03730452,-0.015756497,-0.05101133,-0.015188119,-0.11923676,-0.027889544,-0.023224391,0.5039786,1.8801984,-0.13553242,0.4222887,0.48063645,-0.0125304,-0.17184682,-0.33049926,-0.082265444,0.4548109,-0.1258928,-0.16921934,0.7174663,0.21942697,-0.011635379,-0.19668634,0.16249967,1.4148042,0.5944148,-0.05488638,0.5608233,0.9395377,-0.01665543,0.53203607,0.78467757,0.37605858,0.010520346,-0.07975796,-0.084667735,1.5943351,1.1454573,0.3478942,-0.013831555,0.8798212,-0.16643946,0.8840413,-0.08854358,-0.03912127,-0.022452315,-0.08385702,2.0262063,0.8750249,1.2435887,-0.0072526345,0.46408868,0.17346631,-0.12808165,-0.101934984,0.06524389,-0.003760311,-0.1726849,0.09733396,-0.07530885,0.6386934,0.4727332,1.4637046,0.70295787
TCGA-BC-A3KG,-0.028358797,-0.03317442,-0.058539864,-0.05127701,-0.15018229,-0.038857035,0.24086222,0.8583784,2.6991506,-0.16884291,0.52559704,0.41654736,-0.0035455653,-0.23428209,-0.48557574,-0.11673605,0.84869766,-0.18060465,-0.21605037,0.89620304,0.31368393,0.348359,-0.2501835,0.2521291,2.1432202,1.1764532,-0.12570404,0.82128364,1.3520075,-0.012745902,1.0491842,0.95627964,0.38782883,0.16656859,-0.1347322,-0.10684725,2.2683208,0.94482726,0.20092437,0.6277147,1.2535506,-0.21018098,1.0597852,-0.089666374,-0.062808454,-0.0095721735,-0.117376804,2.5762715,0.92115015,1.2146308,0.043307822,0.9850135,0.27841172,-0.18414061,-0.1661122,0.5665331,0.16690718,-0.30066955,0.65431523,-0.09782456,0.74835527,1.2949601,2.1910672,0.52813065
TCGA-BC-A5W4,-0.009371168,-0.049045954,-0.09089219,-0.05367582,-0.24700129,-0.009101663,0.6448786,1.0564744,3.647138,-0.31453043,0.39204898,0.7388958,-0.02641325,-0.34959304,-0.67330164,-0.18916054,1.5162759,-0.24136415,-0.31340665,1.3945411,0.79799116,0.493606,-0.35207236,0.72868156,3.1017444,1.5227487,-0.22600499,1.3249784,2.3999102,-0.022585442,1.209028,0.96080124,0.82089585,0.048854712,-0.28424084,-0.15571693,3.0726013,0.62993413,0.499658,0.50993335,2.166851,-0.2604385,1.6189265,-0.20613587,-0.123816095,-0.003215568,-0.13782755,4.0399785,1.1187444,-0.00332096,0.11026861,1.737478,1.1285346,-0.3300439,-0.2254345,0.5668501,-0.003727397,-0.4458027,0.4897518,-0.18599097,0.74074835,0.70009667,2.7932932,0.60237306
TCGA-BC-A69H,-0.036327615,-0.01803723,-0.011128046,-0.040487353,-0.08021524,-0.003897336,0.7266739,0.5214203,2.305306,-0.19821785,1.8446583,-0.04656908,-0.013336024,-0.24330762,-0.3725362,-0.06788141,0.67718005,-0.14309855,-0.1560472,0.571418,0.22285444,-0.018379323,-0.19626167,-0.018899754,2.0398314,0.6255213,-0.08584691,0.8701896,1.2657057,-0.0340945,0.86658514,1.2945397,0.60202914,-0.0063240947,-0.11108778,-0.23474382,2.0180104,0.32518494,0.14095488,1.1878835,1.1501553,-0.14996426,0.8692241,-0.09208023,-0.09575745,-0.012020311,-0.12832868,2.2338593,0.71134645,0.55454963,-0.0114336405,1.1899096,0.26068008,-0.08454137,-0.12446953,0.5334483,-0.04282213,-0.16852544,0.6493356,-0.10844698,0.7777185,0.15445398,1.3124691,0.7542824
TCGA-BC-A69I,0.0010138527,-0.040978387,-0.12655798,-0.057560492,-0.22516051,-0.0488368,0.6129055,1.2167894,3.2919204,-0.28289402,0.6070145,1.0503035,-0.020305788,-0.36742708,-0.6225904,-0.15270077,1.3649162,-0.1801386,-0.29440504,1.3174673,0.46495336,0.78901774,-0.31833816,0.9049649,3.0970278,1.7788497,-0.24040616,1.0793794,1.7432176,-0.039224375,1.4875909,-0.015543358,0.6316798,-0.039076414,-0.23440602,-0.13743185,2.8739815,0.29673392,0.52491975,0.5374623,2.388288,-0.2131677,1.3382417,-0.20398496,-0.06340095,-0.024409179,-0.17120534,4.179346,0.97381586,0.24357516,0.089296356,0.8060626,1.3441521,-0.37078318,-0.21444097,0.36881432,-0.005350667,-0.49210128,0.107616894,-0.19835174,1.2154919,0.05290921,2.8811555,0.34861454
TCGA-BC-A8YO,-0.007903328,-0.027094072,-0.015563044,0.051715124,-0.050468594,-0.024865637,-0.010529389,0.47085518,1.6068435,-0.1496142,0.7084456,0.19287297,-0.03243166,-0.14935857,-0.3277665,-0.08380801,0.3355053,-0.11978741,-0.14976273,0.7331382,-0.017405443,0.056557857,-0.181073,0.52664286,1.3464445,0.5806089,-0.093758546,0.40191945,0.77889866,-0.016121592,0.79685104,0.8775356,0.33321372,-0.0004573431,-0.10640078,-0.05581951,1.4421692,0.63071805,0.5441266,0.039909456,0.86784697,-0.09706791,0.8709191,-0.08932186,-0.048535984,-0.03071653,-0.08120406,1.9402807,0.8004933,0.40216997,0.129412,0.10427344,0.3423648,-0.11557727,-0.1065919,0.10991924,-0.018469868,-0.19684206,0.06975898,-0.07080953,0.44516268,0.42424333,1.2899507,0.47176185
TCGA-BD-A2L6,-0.022184068,-0.04215351,-0.09756517,-0.05602933,-0.16685164,-0.028477136,-0.002564308,0.8311103,2.2129488,-0.15574189,0.35076997,0.90012985,-0.039132472,-0.23240297,-0.4081428,-0.13363631,0.93550164,-0.12922074,-0.17672738,0.60817343,0.23227088,0.27836886,-0.25089702,0.902423,1.9510806,1.1233959,-0.14617406,0.5665116,1.183279,-0.032978687,0.97928894,-0.028887516,0.44526055,-0.025519857,-0.13890928,-0.0052180463,1.9666612,0.95340097,0.5037607,-0.00033785953,1.3916265,-0.13626991,0.95879495,-0.13729012,-0.0632618,-0.040180534,-0.082445316,2.6740708,1.0209414,0.7834889,-0.0019890713,0.6205505,0.8710118,-0.24002333,-0.123445146,0.2653309,-0.0048979637,-0.3190702,-0.01744461,-0.11002606,0.54175884,0.6051587,2.0666986,0.35712767
TCGA-BD-A3EP,-0.01189161,-0.012650182,-0.03924771,-0.037180316,-0.13597767,-0.022049878,0.23244476,0.8639345,2.5046613,-0.20282276,0.97012085,0.641419,-0.015462945,-0.26296198,-0.44890663,-0.10540588,0.93612564,-0.16706806,-0.23124531,1.0357513,0.13043566,0.11812327,-0.24021481,0.4941826,2.1165547,0.9706647,-0.15944025,1.0191276,1.1858847,-0.051115837,1.0723866,0.92573893,0.50416136,-0.017444795,-0.14987044,-0.12661593,2.1673946,0.49991918,0.5791862,0.69543064,1.4400958,-0.18915941,1.2283623,-0.13936819,-0.055921137,-0.025502026,-0.11884918,2.807859,1.1802474,0.57820743,-0.011636766,0.33808383,0.72381514,-0.17048374,-0.13802859,0.031403683,-0.000213952,-0.27779317,0.10535135,-0.10837988,0.74460524,0.34547764,1.7362753,0.6718201
TCGA-BD-A3ER,-0.012482903,-0.011720623,-0.048334595,-0.062206704,-0.17266409,-0.032916166,0.30865175,0.9396823,3.0054371,-0.23938482,1.24177,0.67155445,-0.026429538,-0.3099585,-0.5458808,-0.15636775,1.3830295,-0.16443215,-0.28293094,1.2628965,0.412911,0.55074143,-0.289697,0.9504466,2.6799562,1.1648937,-0.23120387,1.3163759,1.6080523,-0.037552916,1.1120938,0.840859,0.66823715,0.25311062,-0.21197514,-0.15799564,2.5022285,0.36115736,0.48472774,0.54464966,1.834349,-0.20016454,1.6467869,-0.1887693,-0.07655568,-0.0025826432,-0.14524691,3.6844854,1.1288941,-0.020862285,0.04520068,0.0763989,1.1572748,-0.29762566,-0.13993518,0.19067377,-0.031656053,-0.3879908,0.37550387,-0.135671,0.37077036,0.24700005,2.245621,0.48663557
TCGA-CC-5258,-0.0060067214,-0.011106824,-0.023642505,-0.017579023,-0.11810527,-0.017413883,0.9304216,0.71615696,2.5322022,-0.23628175,2.2536726,-0.0025765481,-0.007825947,-0.25987592,-0.41182753,-0.08959409,0.9015095,-0.1267423,-0.18782136,0.8306676,0.010210589,0.19847615,-0.23179393,0.15013586,1.9612962,0.9486768,-0.105697,1.0677227,1.1205981,-0.029564304,1.1820012,0.767606,0.7942209,-0.0071051493,-0.16847609,-0.25280926,1.9693805,0.75084156,0.0769538,1.1827265,1.2772923,-0.19848056,1.640413,-0.12719135,-0.0887145,-0.035194203,-0.12438774,2.988035,0.7959474,0.29590827,0.22136869,1.2599152,0.6226971,-0.18170822,-0.14245038,0.41535062,-0.055596143,-0.23245898,0.8229369,-0.1346538,0.7422749,-0.024970729,1.7987046,0.36570793
TCGA-CC-5259,-0.020466665,-0.018857626,-0.013204855,-0.0459631,-0.06347903,-0.014258337,0.3764123,0.19639559,1.8161933,-0.15699081,1.47165,-0.015912218,-0.008475694,-0.17863958,-0.32106107,-0.07094045,0.7904856,-0.09371373,-0.11112358,0.831259,0.07383784,-0.014867546,-0.15855998,0.091802955,1.4465392,0.4809108,-0.050355684,0.86368597,1.0373425,-0.032507192,0.62151545,1.1858839,0.3417403,-0.0040420466,-0.12829694,-0.19362989,1.4226029,0.026063506,0.009853516,0.90782696,0.7174523,-0.106150486,0.9766853,-0.088221215,-0.06461712,-0.014584559,-0.08033357,1.9375943,0.50474584,0.2944912,0.08025062,0.6399241,0.18172696,-0.08845239,-0.07870703,0.3827181,-0.01854786,-0.14355485,0.616192,-0.06841258,0.40875974,0.22458015,1.1791009,0.42299566
TCGA-CC-5260,0.047242828,-0.02427781,-0.01163049,-0.03128586,-0.18640035,-0.024157032,0.86116153,1.2536896,3.2444863,-0.2640067,1.2505908,0.53175926,-0.019263064,-0.30613407,-0.6045072,-0.14842147,1.3213927,-0.19354886,-0.29182494,1.3608176,0.45792532,0.45756584,-0.31399187,0.47856092,2.9738061,1.235746,-0.22135554,1.635525,1.7960567,-0.03962026,1.2442161,1.2398696,0.686515,-0.0029190492,-0.20602082,-0.12911285,2.86606,0.042066667,0.902249,1.4807643,1.9052185,-0.21369015,1.5104914,-0.16635996,-0.098847866,-0.019768722,-0.16786693,3.6280026,1.1500285,0.0011572056,-0.016459377,0.9892158,1.0486201,-0.26983878,-0.16897102,0.32125315,-0.011536508,-0.37423372,0.5033598,-0.16434035,0.41622066,0.5188475,2.1820986,0.61385024
TCGA-CC-5261,-0.019019976,-0.022382373,-0.018158311,-0.04931265,-0.16828522,-0.020439757,0.63108915,0.927502,3.049371,-0.24448407,1.8428239,0.30872035,-0.024119478,-0.29354927,-0.5116495,-0.12198428,1.1392282,-0.177011,-0.24511062,0.9371766,0.36670417,0.17329048,-0.29417023,0.35209557,2.611955,1.0444149,-0.19312452,1.3703266,1.6627967,-0.02137506,1.3282878,0.6263819,0.83578795,-0.0060678553,-0.19664611,-0.16888613,2.5459087,0.40329075,0.45816618,1.3479279,1.8576334,-0.21716988,1.7336068,-0.13935544,-0.08698244,-0.025458315,-0.17108768,3.2011988,0.8851004,0.091040276,0.0033596882,1.216538,0.80351645,-0.2459358,-0.15752941,0.57849705,-0.035641026,-0.3251463,0.88827825,-0.14853543,0.43925455,0.54962367,2.1150155,0.408156
TCGA-CC-5262,0.10378438,-0.0100842165,-0.034492426,-0.046450365,-0.13399486,-0.029696533,0.19424218,0.8527869,2.3863447,-0.21587792,1.282201,0.68788075,-0.022353558,-0.247525,-0.45080563,-0.119577706,0.9002282,-0.16297819,-0.21540387,0.9693412,0.106465146,0.34852844,-0.24078596,0.5957902,2.1465714,1.0446694,-0.16405766,0.9498792,1.0754418,-0.039378572,1.1342735,0.82440555,0.6173477,0.03312024,-0.16389172,-0.107630506,2.1272914,0.32145068,0.496971,0.641926,1.5347289,-0.16607217,1.3956776,-0.14974748,-0.05620574,-0.016873503,-0.123877406,2.9254503,1.0957476,0.32066724,-0.0062312316,0.15356834,0.6138048,-0.19370307,-0.12307042,0.08290572,-0.011154226,-0.299719,0.06349018,-0.14179018,0.55845416,0.22744809,1.7091575,0.5646123
TCGA-CC-5263,-0.020031625,-0.03470629,0.08511922,-0.04138127,-0.11245008,-0.039975237,0.14118963,0.6824566,2.1223106,-0.19996206,0.5077999,0.5184239,-0.016152564,-0.19735533,-0.37501648,-0.12426879,0.7021144,-0.14144388,-0.1710007,0.68797225,-0.0051106843,0.31678805,-0.20565832,0.3479259,1.7609861,0.5664734,-0.11587328,0.5583626,0.9875341,-0.049057208,0.53593516,0.9918523,0.5451854,-0.0087805735,-0.13127676,-0.043556575,1.9720294,0.40114677,0.7792705,0.38708276,0.9580513,-0.15848902,1.0880245,-0.11548585,-0.065119304,-0.016558522,-0.080881715,1.8208416,1.1608212,0.39593092,-0.024091551,0.50107914,0.2776868,-0.12226255,-0.105153434,-0.013840119,0.11906931,-0.23488927,-0.00084378425,-0.117583625,0.49742582,0.96686095,1.1509073,0.6828918
TCGA-CC-5264,-0.025197133,-0.015826724,-0.021659596,-0.037626036,-0.14101642,-0.012917275,0.14955407,0.8174723,2.1990268,-0.18886974,0.06578472,0.1490914,-0.007936321,-0.20747323,-0.42113265,-0.10193359,0.53925145,-0.17279063,-0.20281358,0.7498682,-0.004301227,-0.014993598,-0.21008351,0.07611226,1.8521167,0.3506193,-0.13184927,0.88015085,1.132548,-0.011748448,0.70316106,1.4863477,0.40828165,-0.03598638,-0.11270207,-0.12181206,1.9080247,0.1912743,0.29087692,0.7932728,0.98710126,-0.13947605,0.5642964,-0.09117671,-0.08030846,-0.003642032,-0.11465283,1.8374994,1.3653755,1.0228726,-0.0013299453,1.2586645,-0.008003536,-0.11684459,-0.11989186,0.42536613,0.6150165,-0.19804427,0.066407345,-0.0602772,1.0570132,0.5268082,1.2423658,0.98134
TCGA-CC-A123,0.06050174,-0.0017917689,-0.024574757,-0.010828255,-0.14462078,-0.00877135,0.58654094,0.79393494,2.6747441,-0.21828763,1.817394,0.13326932,0.14360352,-0.25694102,-0.41749176,-0.06856245,0.6668857,-0.15306367,-0.18452196,0.5213215,0.087927714,0.0907762,-0.20632887,0.07144196,2.0010188,1.2566688,-0.09293781,0.9013745,1.3487765,-0.012483554,1.2654583,0.7010641,0.9786955,-0.016691236,-0.177452,-0.25235572,1.9985688,0.73157007,-0.005775088,1.1689591,1.3791053,-0.17446955,1.5558631,-0.10571175,-0.080239825,-0.022821615,-0.1096248,2.8930469,0.66513366,0.6622167,0.2567268,1.3974417,0.46759322,-0.16110328,-0.12586686,0.5200125,-0.01835902,-0.2482434,1.0467812,-0.12929009,0.83141583,0.2797615,1.8421983,0.37652928
TCGA-CC-A1HT,-0.01651057,-0.015339026,-0.0012496352,-0.027491525,-0.08032324,-0.009334966,0.12261069,0.62607217,2.0917182,-0.19455804,2.028799,0.34670734,-0.008981212,-0.21211612,-0.3473541,-0.08599567,0.84291065,-0.12554686,-0.18417132,0.91126263,-0.00528387,0.09840473,-0.21300052,0.33331627,1.54359,0.73949033,-0.13286291,1.110109,0.859784,-0.038726017,0.93982804,0.761953,0.5458239,-0.0066137314,-0.15231422,-0.13481168,1.8446556,0.46998316,0.33497432,0.93580365,1.0714866,-0.13808115,1.4574393,-0.11076577,-0.046630606,-0.017739622,-0.12271362,2.3763065,1.0759426,0.33577394,0.024878437,0.06496198,0.59965795,-0.1040049,-0.088522814,-0.0014328173,-0.029690756,-0.1887761,0.15989944,-0.12258667,0.34497285,0.020810783,1.2624387,0.57314575
TCGA-CC-A3M9,0.0054273233,-0.014515713,-0.0047937958,-0.017289137,-0.120646946,-0.021355247,0.16566476,0.67210025,2.0260878,-0.19173263,1.7327859,0.39615494,-0.011919451,-0.2144682,-0.37265256,-0.096153624,0.809997,-0.13790725,-0.19156961,0.89939183,-0.009207672,0.12512966,-0.20618501,0.59025717,1.8024898,0.77808887,-0.15923572,0.9926614,0.86830497,-0.043518435,1.0161716,0.6447482,0.647303,-0.02131064,-0.15328397,-0.13011083,2.0273027,0.19280322,0.4433381,1.0047011,1.2421529,-0.148485,1.4445311,-0.116254605,-0.04484115,-0.023681115,-0.11753193,2.4728837,1.2889383,0.112301864,0.089255616,-0.011071674,0.5509151,-0.12882124,-0.08546648,-0.026963675,-0.0154491365,-0.2244597,0.093268655,-0.13393329,0.40883616,-0.015053411,1.3208679,0.5809275
TCGA-CC-A3MA,-0.009079976,-0.045871817,-0.008531208,-0.020436442,-0.09769039,-0.032547627,0.53922004,0.7967637,2.6923501,-0.22159922,2.109146,0.23093377,-0.002074099,-0.2720718,-0.46523568,-0.13742225,1.0999742,-0.1472405,-0.19638354,0.86116123,0.22552656,0.2291183,-0.31468022,0.48579216,2.5117733,1.0222425,-0.2003207,1.1855328,1.5870453,-0.014751993,0.9195121,1.0111674,0.59899116,-0.0012148519,-0.18639247,-0.13142167,2.2166755,0.6302259,0.6800791,1.102812,1.340609,-0.16318974,1.6151528,-0.11172438,-0.08073353,-0.0051087406,-0.15469626,3.067181,0.9309393,-0.007491819,-0.012758158,0.76571053,0.81432575,-0.2494516,-0.14479642,0.31283036,-0.069613546,-0.30067477,0.45609418,-0.12787037,0.08353433,0.3977077,2.0069857,0.25792837
TCGA-CC-A3MB,-0.0021535063,-0.018221362,-0.04422091,-0.031646807,-0.15974961,-0.054500487,0.20461649,0.55977356,2.398565,-0.22506757,0.79642373,0.5090152,-0.0134244505,-0.24369724,-0.4660027,-0.16767971,0.97989947,-0.15821521,-0.22467251,1.0336828,0.1589065,0.19701748,-0.25133118,0.6409707,2.3848243,0.71356565,-0.16397642,1.0320888,1.3864814,-0.038716756,0.77419126,1.2537308,0.49086592,-0.0016739067,-0.13387649,-0.09459816,2.1807666,0.60697794,1.015133,0.2165298,1.3111192,-0.16204636,1.2030939,-0.12741064,-0.07507328,-0.011655099,-0.11421143,2.7307482,1.1496634,0.16496861,-0.00722854,0.3856367,0.7122089,-0.19277926,-0.12779038,0.27638036,-0.010156971,-0.28791186,0.4580451,-0.15105914,0.46151578,0.84713185,1.8013723,0.8673536
TCGA-CC-A3MC,0.050401542,-0.022190198,0.06100787,-0.019465689,-0.09583084,-0.019499743,0.34027976,0.56131995,2.399561,-0.17820211,2.2226462,0.37939256,-0.00947178,-0.21291815,-0.39059722,-0.11948633,1.0212766,-0.095547974,-0.2096666,1.0851374,0.083406895,0.24968894,-0.19487956,0.5456168,1.8406999,0.90101975,-0.15661061,1.2388173,1.04312,-0.04626244,0.89618766,0.7211386,0.62004215,0.24892375,-0.15222344,-0.14479183,1.6760771,0.12637189,0.55525184,0.26684156,1.1347855,-0.1649886,1.5591702,-0.12042209,-0.04805095,-0.03708264,-0.12524287,2.7170572,0.85616064,-0.028982548,-0.0073933513,0.14058428,0.7943504,-0.2053798,-0.11679908,0.16743022,-0.07495551,-0.24478355,0.60555327,-0.11432474,0.109128565,0.10664829,1.8135717,0.1455452
TCGA-CC-A5UC,0.0033405647,-0.020375647,-0.02966316,-0.043653306,-0.1484058,-0.027017197,0.5564624,0.9699722,2.6979845,-0.23735502,1.7031991,0.28717047,-0.022682223,-0.2643639,-0.43606898,-0.101272896,1.0925733,-0.14141259,-0.21861112,0.8560313,0.09687434,0.3726091,-0.23631023,0.33946875,2.2393615,1.2401899,-0.15512303,1.1373501,1.1873451,-0.034867134,1.4686555,0.41266394,0.83490175,-0.009843185,-0.19553898,-0.20425725,2.3798308,0.45068526,0.20127794,1.1464341,1.6454964,-0.18019545,1.6384985,-0.14750205,-0.06713549,-0.026186232,-0.1384198,3.2197542,0.8700954,0.23709127,0.19968699,0.73232734,0.72324055,-0.21268599,-0.14195764,0.23426153,-0.02999863,-0.2977857,0.69618547,-0.13874146,0.59614253,-0.0038628832,2.0924268,0.41452327
TCGA-CC-A5UD,-0.016996253,-0.039671354,-0.041742843,-0.0027932157,-0.15407865,-0.022516761,0.87505853,0.4489854,2.8390229,-0.19748023,1.8307676,0.124574356,-0.003540808,-0.25115812,-0.4696276,-0.14778318,0.8505073,-0.12743892,-0.2273724,1.2349998,0.2881034,0.43427712,-0.23959675,0.4987017,2.2813601,1.1910377,-0.13556431,1.142992,1.3907547,-0.04449672,1.1906601,0.9647265,0.3616278,-0.0059269276,-0.19538477,-0.17867835,2.4020278,0.016663443,0.1672872,0.597094,1.1647145,-0.17382674,1.2900798,-0.14652659,-0.07041206,-0.060189407,-0.13533685,3.126103,0.86856264,0.31107733,-0.0027117745,1.0773522,0.8178272,-0.25750703,-0.15522487,0.2335838,-0.05027188,-0.3140733,0.36268917,-0.123030916,0.83516455,0.21830533,2.045677,0.22429463
TCGA-CC-A5UE,0.024518333,-0.030343536,-0.030222768,-0.039123245,-0.12852943,0.04511825,0.82438725,0.6541092,2.6006794,-0.207779,1.3230032,0.138274,-0.001479326,-0.24630116,-0.40966654,-0.10327869,0.67038524,-0.1382152,-0.19569187,0.588518,0.009316906,0.17757402,-0.21897626,-0.010474493,1.9300777,0.9829263,-0.08524039,0.8346716,1.0788494,-0.033664607,0.96289146,1.2007908,0.70010126,-0.014864007,-0.14405577,-0.1667857,1.964293,0.7660274,0.26388165,0.6830356,1.2423794,-0.1724665,1.2519217,-0.09898343,-0.09384377,-0.026770642,-0.106217004,2.6648316,0.70121163,0.5981635,-0.0008766195,1.3561006,0.6011664,-0.18356062,-0.14925998,0.45455518,-0.027914563,-0.23305069,0.38517877,-0.13333811,1.3279214,0.15067953,1.7931007,0.6504647
TCGA-CC-A7IE,-0.013944263,-0.0043765674,-0.010422808,-0.04335374,-0.1267929,-0.027595285,0.6439687,0.6779571,2.184997,-0.22020777,1.8810939,0.12040189,-0.01630779,-0.2150383,-0.35654172,-0.08158956,1.0726935,-0.10913249,-0.17932014,0.80613065,0.1545768,0.20668511,-0.20102084,0.23899385,1.9457961,0.89067835,-0.11587786,0.94248694,1.0014045,-0.030751197,1.1438038,0.73361266,0.6045269,-0.029490655,-0.15154527,-0.19030924,1.980372,0.18333128,-0.005866374,1.2389156,1.2930408,-0.16043328,1.2457408,-0.11075156,-0.05534748,-0.016736899,-0.13105573,2.640432,0.8547702,0.17092955,0.11346578,0.8385903,0.49007457,-0.14238401,-0.1130466,0.2643254,-0.0314228,-0.22739089,0.73552257,-0.12742075,0.44118094,-0.011779047,1.5086968,0.2996881
TCGA-CC-A7IF,0.055758417,-0.044273566,-0.08206909,-0.023357889,-0.18006733,-0.03266751,0.52448654,0.99811715,3.0925863,-0.269984,1.4497869,0.7884221,-0.005847737,-0.32288784,-0.5701853,-0.17175612,1.1622609,-0.1518763,-0.29058138,1.2257339,0.558879,0.5794245,-0.31538993,1.0951371,2.6537611,1.5822277,-0.19982345,1.1942141,1.7698394,-0.039959695,1.2577114,-0.010208388,0.7664338,0.32509407,-0.20205097,-0.14184174,2.5154984,1.0236604,0.6663835,-0.015868366,1.9486791,-0.23386686,1.7155557,-0.1482689,-0.09239038,-0.03867602,-0.16919897,3.785401,1.032073,0.12893838,-0.003108573,0.9347605,1.3604639,-0.32231525,-0.19060402,0.41166893,-0.056495555,-0.42276785,0.17914942,-0.22368705,0.7989102,0.6338593,2.8137686,0.08708219
TCGA-CC-A7IG,-0.009042299,-0.04405972,0.059893776,-0.041724235,-0.16282074,-0.013547748,0.5673945,0.6512997,2.7261124,-0.25407654,2.1164224,0.45413974,-0.017575225,-0.2548333,-0.47257137,-0.15741415,0.9545957,-0.1407346,-0.22297624,0.9170317,0.34397817,0.19421354,-0.2486707,0.6585263,2.3474576,0.7948558,-0.18040338,1.4233949,1.6213794,-0.042729467,0.9475934,0.7968041,0.8763265,0.29446974,-0.17106359,-0.17386357,2.4822066,0.53414994,0.7869922,0.7211792,1.3659259,-0.18452045,1.7705982,-0.12107461,-0.08307693,-0.034945533,-0.14445196,2.8675666,1.1546212,-0.016964847,-0.012426085,1.0370885,0.82039446,-0.20894225,-0.13192408,0.30907807,-0.05693177,-0.3025072,0.62209845,-0.17815654,0.08790454,0.7764196,1.9836853,0.43114018
TCGA-CC-A7IH,-0.023112452,-0.024721824,-0.08677811,-0.07158517,-0.21955381,-0.043783665,0.7955355,1.0493371,3.0445743,-0.2510762,0.45897368,0.73618996,0.003465807,-0.3420589,-0.59270364,-0.17961952,1.2468504,-0.1734014,-0.28207725,1.3715652,0.6867009,0.8396301,-0.27496132,0.9303129,2.7575145,1.8860958,-0.20068362,0.7981381,1.5954633,-0.024191914,1.1190962,0.22632669,0.41601768,-0.02402395,-0.21611749,-0.07948796,2.7516224,0.519006,0.5867895,0.15154414,2.0759768,-0.22215462,0.80780053,-0.19962814,-0.07754194,-0.026273355,-0.13844764,3.658432,0.9960558,0.54549885,-0.009212626,1.4025756,0.9913892,-0.32188144,-0.18953547,0.36247823,0.15172032,-0.42452413,0.26008987,-0.13929288,1.2820275,-0.0033314123,2.5755968,0.4773076
TCGA-CC-A7II,0.07491135,-0.010313469,-0.022498263,-0.030359102,-0.07651742,-0.01764135,0.46980298,0.39253798,1.7424337,-0.17031112,1.5245192,0.16432253,-0.0050333343,-0.16510537,-0.2644113,-0.049989395,0.2854805,-0.106899105,-0.1191188,0.5139808,-0.0010507584,-0.01421159,-0.13797025,-0.0008126994,1.3730878,0.5540363,-0.04164937,0.6756403,0.71708745,-0.009580597,0.72532076,1.119384,0.46222964,0.03162049,-0.1087757,-0.17832942,1.4598634,0.7842037,-0.022234682,1.0271798,0.80401635,-0.104470186,0.96681076,-0.06879126,-0.06125744,-0.013993575,-0.09437403,1.7983422,0.5845548,0.43788752,0.38310802,0.9113337,0.14244327,-0.08698421,-0.112287916,0.30460376,-0.032553494,-0.13847162,0.6448562,-0.07743003,0.65016353,0.056583554,0.8700733,0.4612584
TCGA-CC-A7IJ,-0.0071597234,-0.016566655,0.032672916,-0.03186548,-0.09682952,-0.014534933,0.2548297,0.521051,2.0407925,-0.1673886,1.9638512,0.3761048,-0.010927094,-0.21948214,-0.39015192,-0.09316694,0.75761557,-0.11606754,-0.16795973,0.8237741,0.061377376,-0.019217996,-0.2102623,0.51708865,1.6389688,0.5921205,-0.13795269,1.118592,0.9199401,-0.038361993,1.0600815,0.77749807,0.4790183,-0.01736289,-0.13786136,-0.15465961,2.0585299,0.2735784,0.5428242,0.8961184,1.1513698,-0.15896384,1.5638435,-0.11001644,-0.038672574,-0.003492608,-0.08423688,2.4043405,1.2804948,0.1705023,0.10177283,-0.019429864,0.3315402,-0.1085035,-0.07719787,-0.005497561,-0.0141940955,-0.20561011,0.34411797,-0.13169877,0.10627035,-0.001554928,1.3946061,0.54258376
TCGA-CC-A7IK,-0.004635436,-0.009014666,-0.046077542,-0.016698096,-0.10529269,-0.01774816,0.35181522,0.27077824,1.2885096,-0.10985159,0.10318567,0.022286711,0.08731835,-0.16669367,-0.26293263,-0.09671721,-0.005095224,-0.090497866,-0.15607636,0.60579246,0.40944684,0.061475035,-0.12235494,0.11248875,0.9592536,0.7256837,-0.05090479,0.4186151,0.568844,-0.015408999,0.53552336,0.92134285,0.13957141,-0.028758058,-0.09270074,-0.076066785,0.92122495,0.45958582,0.035511095,-0.0076600923,0.64235455,-0.12766638,0.34950757,-0.07387344,-0.030375117,-0.03693372,-0.0320227,1.7768333,0.5459786,0.8121845,0.0012939849,0.9214023,0.08801738,-0.095465414,-0.11698592,0.11570201,0.1098797,-0.14085387,-0.00039938578,-0.055908617,1.0203923,-0.007710585,1.0277872,0.43289474
TCGA-CC-A7IL,0.05777993,-0.031598505,-0.013923384,-0.006529055,-0.050974574,-0.010053604,-0.009344804,0.23840383,0.5794508,-0.082486264,-0.009020768,0.345296,-0.01044493,-0.07307682,-0.12280595,-0.028128846,0.1000389,-0.038872335,-0.044981223,0.28505686,-0.015260975,0.1207037,-0.08583088,0.30494744,0.6221221,0.42868474,-0.05857953,0.30339706,0.34112316,-0.008229387,0.27641073,0.14494155,0.16013432,-0.0011675841,-0.04569367,0.0406171,0.49302015,0.5812995,0.18641333,0.016203701,0.412266,-0.03537948,0.17419764,-0.025640681,-0.021018047,-0.008410716,-0.039034706,0.8603822,0.17484702,-0.0036619895,-0.026906831,0.28116572,0.28732458,-0.08142926,-0.029072044,-0.013420129,-0.010808289,-0.073021404,-0.015762815,-0.046600673,0.31682166,0.17651108,0.6284848,0.030100267
TCGA-CC-A8HS,-0.017263299,-0.020465098,-0.027472794,-0.028240358,-0.13146228,-0.013744414,0.61454177,0.6295912,2.9405758,-0.2239447,2.3834193,0.6255405,-0.017620279,-0.26460636,-0.44177815,-0.094518416,0.90517694,-0.1232382,-0.19249,0.65004385,-0.0048739924,0.34204745,-0.24762249,0.49581867,1.9250582,1.2064677,-0.10235655,0.9886774,1.586762,-0.019437319,1.376247,-0.02337025,0.9092513,0.062262286,-0.2058709,-0.20248309,1.9091868,1.1947896,-0.004719555,0.8370814,1.5039064,-0.14792834,1.5040165,-0.1170538,-0.084931515,-0.027768498,-0.15467092,3.1287985,0.40259993,0.02527804,0.47456032,1.441428,0.91944593,-0.2327973,-0.14142522,0.6347167,-0.06256663,-0.29462764,0.8526659,-0.16894881,0.43325588,0.37527484,2.3718555,-0.0073544863
TCGA-CC-A8HT,-0.0145792365,-0.0009937965,-0.0054786312,-0.0156835,-0.062381256,-0.012075725,0.15127873,0.45889983,1.7291249,-0.15883751,1.479243,0.2969554,-0.018223342,-0.16478734,-0.27377623,-0.06654621,0.70324886,-0.10633905,-0.15069461,0.6558829,-0.0024091557,-0.0011132072,-0.16731708,0.2390678,1.2060771,0.41729367,-0.08951851,0.65252525,0.6896087,-0.04170297,0.7520417,1.0125475,0.43506327,-0.009676123,-0.12070514,-0.12482472,1.3592815,0.547037,0.11216496,0.56452227,0.8379072,-0.11798884,1.1079206,-0.079221316,-0.041998822,-0.024510866,-0.12057958,1.9077387,0.87370145,0.4264178,0.12121089,0.0028476762,0.36308113,-0.08319044,-0.08324561,-0.013273145,-0.014181702,-0.14967924,0.1848776,-0.07111331,0.39144644,0.10715321,0.8914954,0.52781916
TCGA-CC-A8HU,-0.015709702,-0.03048049,-0.061535127,-0.023596857,-0.102841355,-0.0080320705,0.14245714,0.53415155,2.012828,-0.19062172,1.1647885,0.50614256,-0.0052302196,-0.20226912,-0.32376793,-0.06972807,0.495118,-0.101956226,-0.1371313,0.32826927,0.050627545,0.24359603,-0.1818624,0.33390394,1.3140122,0.81291735,-0.09235012,0.44725713,0.9374648,-0.034637015,0.94137263,0.119424395,0.55562955,-0.027995875,-0.11346618,-0.105320804,1.6048762,0.5300386,0.2836694,0.66325325,1.1065198,-0.15766893,1.3948379,-0.0970941,-0.072768345,-0.034692448,-0.06478386,2.1768079,0.7626345,0.57366216,0.016863825,1.0340065,0.44789806,-0.09780416,-0.116466604,0.4540146,0.1594561,-0.21754289,0.20790067,-0.12847051,0.7550036,0.42220497,1.3613536,0.44204664
TCGA-CC-A8HV,-0.025325311,-0.0145121785,-0.0016218405,-0.0393713,-0.14992267,-0.027633384,0.73348665,0.4730119,2.7315753,-0.22346464,2.2675698,0.17880829,-0.01984372,-0.2706896,-0.4343764,-0.11760648,0.95974797,-0.14891398,-0.19153407,0.73987705,0.36426884,0.1209472,-0.23849908,0.39959657,2.0336933,0.8369239,-0.1391284,1.0558617,1.6771626,-0.04948127,1.1374453,0.5188519,0.6132254,-0.0055683493,-0.15892981,-0.18510562,2.0747564,0.46297157,0.22383314,0.85873836,1.2673322,-0.17892133,1.42729,-0.10572376,-0.10518225,-0.031363353,-0.12475363,2.8949301,0.67331177,-0.0012083773,0.12849115,1.3759502,0.6670415,-0.17906187,-0.1265167,0.77074456,-0.07172546,-0.262341,0.9241607,-0.15518408,0.29800734,0.6174734,1.9645283,0.13209309
TCGA-CC-A9FS,-0.0032821049,-0.027212923,-0.06516445,-0.043203253,-0.21112464,-0.0463355,0.8062752,1.0801636,3.3804235,-0.30456954,1.6131753,0.9291074,-0.019307515,-0.35028404,-0.62255806,-0.17225963,1.3334519,-0.1750726,-0.31420186,1.3518127,0.48727965,0.56441265,-0.33971918,0.9570959,3.1333268,1.5772865,-0.22430877,1.3102784,1.679924,-0.048728,1.672136,0.04427368,0.91827995,-0.015931526,-0.2471613,-0.16966203,2.9194481,0.603815,0.8802825,0.29342306,2.0144286,-0.21976124,1.8493495,-0.16876237,-0.08612665,-0.037808396,-0.15424119,3.9100225,1.2373947,-0.004778569,0.22997798,1.0029972,1.403016,-0.31808054,-0.20695062,0.38976318,-0.027391184,-0.4394423,0.4262515,-0.23039632,0.8961217,0.3614006,2.6718016,0.27644444
TCGA-CC-A9FW,-0.0067129144,-0.02771012,-0.053574514,-0.06443981,-0.18023603,-0.05358186,0.8955356,0.6502093,2.937493,-0.23412025,0.97598153,0.30986398,0.07446886,-0.28054184,-0.46596175,-0.10793605,0.93238276,-0.14985411,-0.2380245,0.8190456,0.27815294,0.095871,-0.22766104,0.044949457,2.1353981,1.0452565,-0.12069183,0.8773009,1.3420808,-0.048067883,1.2703538,1.0619358,0.57988197,-0.040154822,-0.1718671,-0.18350828,2.2983894,-0.0068982705,0.07915765,1.0484114,1.4184765,-0.18584256,1.2091622,-0.13108665,-0.09855498,-0.02146175,-0.10118693,2.8757672,0.8047564,0.36714694,0.10254602,1.2682202,0.494735,-0.15882568,-0.18319,0.38958204,0.21356794,-0.28839746,0.7794106,-0.14503716,1.3363215,0.26070917,1.7370099,0.7550762
TCGA-DD-A113,-0.017468814,-0.035182606,-0.03799966,-0.019737855,-0.16281186,-0.03291808,0.28964216,0.6198979,2.9359367,-0.25347897,1.6977504,0.5121987,-0.0020067578,-0.26579854,-0.49624977,-0.12659298,1.0962552,-0.13957648,-0.24549921,1.0454054,0.18866025,0.20891944,-0.29318962,0.6787578,2.2572265,0.9492193,-0.15061978,1.4462475,1.8490682,-0.021059418,1.1008738,0.5722224,0.6216391,0.12754421,-0.19229697,-0.18232399,2.5449352,0.48165268,0.7203449,0.49950737,1.5734396,-0.20170283,1.7645261,-0.11613589,-0.10691222,-0.006021143,-0.1651253,3.1359992,1.1216213,-0.009023973,0.18019646,0.77301663,0.8697619,-0.24107344,-0.13234882,0.61640877,-0.012965649,-0.32651377,0.62920576,-0.15883583,0.5163421,0.50662434,2.244025,0.30883306
TCGA-DD-A114,-0.0060893367,-0.013748824,-0.009238253,-0.03800734,-0.13542967,-0.0070943497,0.19323906,0.7954129,2.3367352,-0.22087145,2.0368307,0.52829367,-0.03288242,-0.23814681,-0.40376598,-0.11006945,1.064463,-0.1317759,-0.21360476,0.89270705,0.07035364,0.30150986,-0.22719191,0.6812613,1.9557941,1.0526708,-0.17591888,1.2334354,1.183214,-0.041080628,1.2306186,0.5230222,0.62885046,-0.0060942625,-0.18203166,-0.14945965,2.2083318,0.53154904,0.39074817,0.8412995,1.3075458,-0.16995421,1.745354,-0.12722652,-0.052922126,-0.016612966,-0.14812945,2.9090502,1.1688477,0.054770693,0.21594623,0.13955705,0.8152438,-0.18266879,-0.109236084,0.09666448,-0.05007804,-0.26712057,0.24156222,-0.1467648,0.20821719,0.10829178,1.7436086,0.35806805
TCGA-DD-A115,0.12916222,-0.0036487447,-0.06156681,-0.016541377,-0.11737668,-0.022378668,-0.020389406,1.0089914,2.1123517,-0.15787373,-0.00967666,0.5999303,-0.008877911,-0.22001806,-0.42298928,-0.14152227,0.58737767,-0.1599977,-0.23078446,0.9019577,0.107383385,0.27492335,-0.20095082,0.46562886,1.8354098,0.9248406,-0.11620631,0.6384273,1.0528991,-0.020220669,0.5783346,0.77113914,0.31893376,-0.009896566,-0.11406994,-0.08398949,2.073992,0.82008326,0.5458991,0.17338929,1.2613958,-0.16584137,0.7465153,-0.1494361,-0.05045831,-0.017499616,-0.116091445,2.4526615,1.1588821,1.2284261,-0.0064696246,0.49976018,0.22634791,-0.18349177,-0.14713943,-0.007976439,0.6003983,-0.24870856,0.09130006,-0.0886081,1.0648924,0.3623261,1.7695565,0.6794135
TCGA-DD-A116,-0.01087417,-0.0012347796,-0.036844473,-0.023106242,-0.14157385,-0.013023374,0.72833276,0.89306915,2.838406,-0.23478599,1.7561986,0.42114115,0.088573754,-0.29215077,-0.52569526,-0.15167785,1.1019408,-0.11489111,-0.25429648,1.0570313,0.5553739,0.59488547,-0.28115252,0.87060654,2.445882,1.3524412,-0.1382799,1.0585041,1.4387959,-0.031362917,1.4206693,0.044400845,0.709766,-0.013455252,-0.19988997,-0.18374498,2.4622343,0.714963,0.5732862,0.106971554,1.8167657,-0.2154163,1.6917377,-0.15258783,-0.08360532,-0.041404173,-0.13033514,3.522911,0.90576476,0.2579784,0.39374784,0.7103196,1.0316355,-0.29359362,-0.17250697,0.44630155,-0.061214674,-0.35966775,0.57882226,-0.15210426,0.56954825,0.28355992,2.4509368,-0.0016429346
TCGA-DD-A118,-0.004737747,-0.00718044,-0.04581302,-0.04073273,-0.15433273,-0.0067663975,0.7277651,1.0875273,2.906723,-0.24404375,1.5010363,0.35564137,0.0931493,-0.27897903,-0.49802586,-0.10066229,1.166773,-0.18338309,-0.25169197,0.8117457,0.25399554,0.176492,-0.2543194,0.33478668,2.3269727,1.242792,-0.16212128,1.2545655,1.6408886,-0.02801081,1.2095683,0.6080332,0.6576554,-0.013363813,-0.19135106,-0.183604,2.2446342,0.29772338,0.35396576,0.9725632,1.7579485,-0.18788935,1.4007546,-0.16542521,-0.11181035,-0.030180871,-0.14624014,2.9750416,0.63454914,0.0014139488,0.19707106,1.3039877,0.5599953,-0.22971857,-0.15500793,0.44097984,-0.047574442,-0.29981044,1.2475886,-0.14136459,0.53329235,0.25087172,2.2809353,0.5722463
TCGA-DD-A119,-0.011560372,-0.045405716,-0.039036848,-0.02387395,-0.13041931,-0.013990057,0.83556426,0.98904425,3.096453,-0.26295492,1.8977499,0.2577117,-0.019229468,-0.28742918,-0.516487,-0.12827048,1.222244,-0.1574194,-0.2614165,1.1179008,0.5189993,0.3138702,-0.27942216,0.59436786,2.683278,1.029579,-0.18358402,1.422077,1.5155065,-0.036245577,1.1379766,0.84369236,0.6640503,0.123155,-0.18765762,-0.21150838,2.3624651,0.48456967,0.42283097,0.4658625,1.652108,-0.19623016,1.7054727,-0.15497375,-0.09808218,-0.015659984,-0.1687153,3.4677167,0.9626147,0.05635447,0.09627587,0.80823696,1.0873089,-0.27196908,-0.16538219,0.42469642,-0.051135298,-0.33123073,0.81442535,-0.15131606,0.34071025,0.17637989,2.160946,0.17655075
TCGA-DD-A11C,-0.04445976,-0.004246862,-0.13554357,-0.056188483,-0.19685614,-0.051193364,0.36865497,1.3433042,2.9981196,-0.21934484,-0.044676486,0.99686676,-0.039035242,-0.30182302,-0.5746524,-0.15432732,0.7433781,-0.18879727,-0.26960608,1.2486317,0.37858754,0.58423316,-0.31789154,0.42689496,2.633008,1.1360627,-0.19495438,0.37336364,1.4965739,-0.02294607,1.1333227,0.35617524,0.51485974,-0.035136577,-0.16250749,-0.014793299,2.681362,0.54577374,1.0902724,0.3421286,1.9389286,-0.22049211,0.74748933,-0.17424951,-0.05615855,-0.007056019,-0.11252316,3.0292873,1.297659,1.397749,-0.010138722,1.2105271,0.56327176,-0.25866053,-0.18055998,0.3503502,0.76809806,-0.4198543,-0.04326524,-0.1378131,1.3877362,0.545866,2.2680202,0.8293742
TCGA-DD-A11D,0.15038812,-0.007815729,-0.09110044,-0.01857224,-0.15040027,-0.020062838,-0.023385772,0.8423355,2.3533127,-0.17549391,0.21122321,0.84382004,-0.012943762,-0.22142367,-0.43301064,-0.11042205,0.6846784,-0.14777704,-0.19582622,0.9562973,0.14762932,0.36752716,-0.22611241,0.5992026,1.8437961,0.99177617,-0.17090786,0.5640349,1.008176,-0.022584196,0.94235164,0.28676578,0.27926594,-0.0059373803,-0.12831661,-0.03656324,1.8930578,0.57065463,0.6205417,-0.021634985,1.5394168,-0.14876671,0.94360137,-0.12896702,-0.07510293,-0.009703037,-0.12617901,2.4947412,1.0364182,0.44445068,0.0566475,0.4626691,0.8988203,-0.17949967,-0.12232401,-0.005710238,0.35344625,-0.33364356,-0.0008941069,-0.12960373,0.6406858,0.34806532,1.7060457,0.40281615
TCGA-DD-A1EA,0.1855101,-0.01634988,-0.090301745,-0.037633173,-0.1784862,-0.011615812,0.66466737,1.0774796,3.1492162,-0.20890982,0.26901308,0.5597996,-0.020631706,-0.29515678,-0.5277934,-0.16262946,1.2074274,-0.18573801,-0.27730224,1.3230113,0.21163797,0.5303186,-0.2633549,0.7084712,2.813335,1.408723,-0.19858448,1.1125998,1.5213155,-0.045327418,1.217117,1.1481748,0.41961116,-0.01089285,-0.17311586,-0.0879055,2.5245428,-0.016100653,0.6317165,0.53336316,2.0593255,-0.19332317,1.0712432,-0.20995715,-0.04219783,-0.04510289,-0.16519408,3.4914002,1.1342183,0.21343297,-0.03343849,0.2769363,0.888906,-0.29442102,-0.16415077,0.17246652,-0.0006989475,-0.38520637,0.0043108985,-0.1635884,0.8890155,0.36922807,2.2312963,0.8562558
TCGA-DD-A1EB,-0.006671671,-0.045665894,-0.09258353,-0.04979029,-0.22108053,-0.03614239,0.42643,1.7126536,3.8366318,-0.30791685,0.630753,1.1425157,-0.015893796,-0.38209617,-0.6633784,-0.1843016,1.3105928,-0.189985,-0.3162606,1.4936414,0.22733228,0.6352135,-0.34931633,0.62817127,3.084626,1.5167385,-0.24712513,1.221192,2.0272655,-0.05332554,1.5754815,0.48128885,0.8415608,-0.011681477,-0.24606502,-0.13480447,3.0894892,0.32702118,0.8070483,0.49867445,2.2305586,-0.24195479,1.4118207,-0.20866607,-0.10022092,-0.037058983,-0.18798925,4.010665,1.2144595,0.35846248,0.028912341,0.96037376,1.1518958,-0.34940782,-0.1990455,0.28882512,0.023203898,-0.48762128,0.4809545,-0.20060499,1.2996392,0.58664566,2.7618837,0.613757
TCGA-DD-A1EC,-0.009321989,-0.010400663,-0.034395408,-0.050767954,-0.15508722,-0.017397258,0.3778627,1.003235,2.5802257,-0.21073988,1.5045345,0.69794756,-0.011397037,-0.25829557,-0.46800914,-0.12892269,1.1290346,-0.13257204,-0.22813883,1.0431746,0.1934209,0.4791398,-0.24001181,0.65924484,2.2217174,0.88081604,-0.18714848,1.3667517,1.0734353,-0.04057532,1.0731022,0.46483722,0.57232827,-0.024207981,-0.19211446,-0.15645215,2.373778,0.14107567,0.47299838,0.9758624,1.4597434,-0.16168247,1.5702838,-0.15003847,-0.05910779,-0.017325457,-0.15849221,3.137436,1.0212367,0.090211876,-0.0050027566,0.24107121,0.7436377,-0.20364664,-0.12605494,0.10629604,-0.0029404801,-0.2990941,0.39650175,-0.14342658,0.4575893,-0.0030434192,1.7889495,0.5390751
TCGA-DD-A1ED,-0.0073806304,-0.014831028,-0.07483756,-0.050743937,-0.17661794,-0.031769674,0.46147907,1.2110865,3.177229,-0.252969,1.4235547,0.8425927,-0.020823453,-0.31809947,-0.5369217,-0.14338613,1.2898153,-0.16235034,-0.28064588,1.2252303,0.41827083,0.73043686,-0.2893655,0.7953557,2.6431434,1.4837883,-0.21380286,1.1864882,1.4281626,-0.03246991,1.466824,0.1453105,0.8164888,-0.010962434,-0.22534886,-0.13764553,2.7445838,0.42673492,0.32526284,0.8611918,1.9844372,-0.2088366,1.6470288,-0.19654648,-0.061128225,-0.022601798,-0.15564062,3.719881,0.9906162,0.3003781,0.14983496,0.50134456,1.1869887,-0.29333112,-0.15223302,0.12541844,-0.02964108,-0.39488855,0.20313099,-0.16532923,0.7397301,0.14884175,2.465362,0.46791995
TCGA-DD-A1EE,0.020301364,-0.045515653,-0.10705294,-0.05002849,-0.18179367,-0.02597001,0.42417508,1.0391024,3.401984,-0.24599662,0.42089325,0.9912716,-0.019148773,-0.34726566,-0.61557895,-0.1820106,1.0947078,-0.1674787,-0.34363878,1.5764135,0.4550243,0.707111,-0.30116305,1.0288656,2.8344095,1.4556974,-0.23659341,1.1079233,1.5692315,-0.031044519,1.248659,0.7196257,0.55267316,0.1572526,-0.24379872,-0.114484765,2.741669,0.08375704,0.8449177,0.045262057,2.1886208,-0.22597049,1.1787477,-0.22177815,-0.0774395,-0.040813107,-0.1495978,3.9045525,1.1370178,-0.0045020394,-0.0027632276,0.37428242,1.1941824,-0.3380439,-0.17866437,0.23758884,0.18166462,-0.48178974,-0.016367976,-0.16591421,0.9632287,0.3315804,2.5541282,0.62972516
TCGA-DD-A1EF,-0.024022585,-0.035764873,-0.0709358,-0.05726219,-0.18724047,-0.026368553,0.97967386,1.0948261,3.4332118,-0.3145312,1.7663648,0.4862093,-0.020544667,-0.37501058,-0.58016294,-0.14387125,1.254379,-0.18891005,-0.28525496,1.3115098,0.34384125,0.43076572,-0.33877763,0.5993858,2.7973094,1.4720083,-0.20516267,1.2448893,1.8947253,-0.03902942,1.6970842,0.4694708,0.9341097,-0.033790216,-0.24210398,-0.22111478,2.7662978,0.29588825,0.43106648,1.5006019,2.1946468,-0.22941826,1.6624472,-0.18412565,-0.104026414,-0.03821363,-0.20048562,3.9363966,0.92112434,0.12139351,0.24824937,1.6095808,0.975752,-0.27030772,-0.18479389,0.5062335,-0.020368835,-0.40857074,0.78011,-0.19781226,0.9882411,0.29321706,2.6855524,0.54179376
TCGA-DD-A1EG,-0.016260555,-0.00697574,-0.02966834,-0.035425093,-0.10279204,-0.029274905,-0.0038773043,0.56606233,1.9572449,-0.17517555,0.91375226,0.3321754,-0.014522645,-0.20413378,-0.35564217,-0.09480435,0.7862913,-0.12450228,-0.20549427,0.7380098,0.29616362,-0.003264834,-0.21405624,0.35839748,1.6899779,0.6315569,-0.1330141,0.7020559,0.8797264,-0.037892085,0.8180945,1.1406695,0.55992424,0.04159655,-0.12474143,-0.13317727,1.6889795,0.49267322,0.47995138,0.2865873,1.0359582,-0.14001255,0.93409216,-0.08986435,-0.051435184,-0.0024884392,-0.1021262,2.3143926,1.0641998,0.4811388,-0.0017197194,0.12359833,0.54127884,-0.12405989,-0.09584745,0.115464516,-0.009392432,-0.22334419,-0.0016342051,-0.0808354,0.40376166,0.17481099,1.3120849,0.6845098
TCGA-DD-A1EH,-0.02168998,-0.030880544,-0.089887075,-0.04356901,-0.2241946,-0.030316198,1.2055408,1.2232087,3.9900773,-0.307259,1.7178848,0.3974734,-0.023779,-0.38916504,-0.6502468,-0.17756486,1.4437199,-0.18865722,-0.30127686,1.184978,0.44935453,0.64191824,-0.36222315,0.5957718,3.2997863,1.7239484,-0.21265851,1.3886032,2.1654828,-0.03155491,1.7051171,0.538659,1.0689254,-0.024590317,-0.28096312,-0.2087148,3.0603688,0.44175643,0.59074533,1.7759374,2.261704,-0.27565283,1.6392545,-0.18425478,-0.11223326,-0.025090447,-0.17225851,4.1395907,0.9102784,0.0037917122,0.010946376,2.1578593,1.061313,-0.31043324,-0.20467928,0.8261304,-0.04196471,-0.4609618,0.63744754,-0.21773653,0.9587685,0.7396981,2.836188,0.5640266
TCGA-DD-A1EI,-0.0027604678,-0.028056277,-0.02653845,-0.032499805,-0.16847137,-0.024175858,0.41063142,0.7185617,2.8844259,-0.22330733,1.65872,0.70151234,-0.02330978,-0.26323625,-0.47774997,-0.13354,1.1311262,-0.14808014,-0.24347626,0.96097827,0.32289243,0.33933404,-0.26153478,0.7111123,2.32877,1.0848557,-0.18894152,1.1955601,1.3400046,-0.052981563,1.2169794,0.61497176,0.7369259,-0.008452005,-0.18450837,-0.15314044,2.3463323,0.32608667,0.6276721,0.69174886,1.6294693,-0.17394654,1.7185466,-0.15256761,-0.059477597,-0.022814078,-0.13804936,3.1943612,1.1827013,0.05020281,-0.0024537237,0.37982127,0.9714444,-0.2214353,-0.13194078,0.23625042,-0.034034353,-0.3215584,0.39370516,-0.16558962,0.3998005,0.36546022,2.0661664,0.59661824
TCGA-DD-A1EJ,-0.030563934,-0.021063259,-0.052883964,-0.032127727,-0.09943918,-0.011471638,0.6454528,0.6821972,2.2412407,-0.21699296,0.7747652,0.20651162,-0.018463599,-0.23042324,-0.32595333,-0.08330049,0.5827631,-0.13843521,-0.16035701,0.516717,0.29213655,0.13629489,-0.1655511,-0.013177839,1.5519791,0.72448087,-0.07886248,0.6491349,0.893944,-0.0236988,1.0880313,0.7814289,0.43750522,-0.030896628,-0.13840958,-0.16950223,1.4188201,0.6678404,0.0497658,1.0589417,1.0404704,-0.17343324,0.8965596,-0.09381062,-0.061864145,-0.016797638,-0.074757755,2.0902245,0.7012268,0.7218177,0.19869058,1.4927502,0.15537734,-0.102825515,-0.130712,0.40198833,-0.010604446,-0.19810006,0.55414706,-0.09549634,0.91875273,0.30779403,1.559086,0.8360796
TCGA-DD-A1EK,-0.0045707487,-0.01480175,-0.029980704,-0.002024325,-0.08302043,-0.0112412805,-0.01251123,0.6900599,1.6670899,-0.11658964,0.26240382,0.29706985,-0.01347212,-0.17690705,-0.3258046,-0.08299594,0.71807486,-0.15101013,-0.15405737,0.5547603,0.11529951,0.092395425,-0.19452766,0.272598,1.3372542,0.8747118,-0.08800869,0.6824798,0.8994518,-0.033003483,0.80467105,0.39052126,0.43416408,0.14817807,-0.11008548,-0.06420765,1.4224265,0.69303036,0.28301913,0.4551404,0.9966335,-0.14948553,0.6626141,-0.08985102,-0.04172754,-0.02712566,-0.09937527,1.9356401,0.7956976,1.1292115,-0.0023219606,0.5262292,0.2757906,-0.11935916,-0.10228052,0.0941087,0.16253832,-0.20211111,0.2050451,-0.057781905,0.7435198,0.31297582,1.5089322,0.41707864
TCGA-DD-A1EL,-0.016930882,-0.01953859,-0.009897594,-0.039712317,-0.0696456,-0.007481277,0.23365092,0.3557965,1.642312,-0.10982453,1.2275708,-0.009429702,0.10084723,-0.13724163,-0.2528393,-0.08243626,0.37043387,-0.0923249,-0.17106749,0.54926753,0.020261817,0.083757594,-0.14950292,-0.009558651,0.84256417,0.6119884,-0.04548294,0.6001707,0.65342134,-0.0076053725,0.62769437,0.91112095,0.5357494,0.119392395,-0.121460274,-0.16755268,1.2595801,0.43941337,0.008780632,0.4338429,0.86879486,-0.13871457,0.6632208,-0.06167495,-0.036284443,-0.021810232,-0.07641422,1.6358541,0.63739824,0.70678514,0.037668828,0.4589198,0.10967835,-0.075872414,-0.10125408,0.23013668,-0.011343114,-0.12004153,0.29491925,-0.04729114,0.6741123,-0.0038800202,0.957325,0.5977944
TCGA-DD-A39V,0.048432846,-0.026993126,-0.06170347,-0.058406282,-0.14219536,-0.023233194,0.45448616,0.6111391,2.529472,-0.22733751,0.95088655,0.31487787,-0.0035545193,-0.250841,-0.45549867,-0.12179513,0.87869817,-0.14092788,-0.2280943,1.0273929,0.09744327,0.15459311,-0.21865347,0.23660883,2.1137478,1.017655,-0.12406253,1.0627049,1.2159867,-0.042178992,1.2792127,1.0922029,0.41541028,-0.009363877,-0.16905062,-0.19952594,2.170193,-0.0041743387,0.37147284,0.60564244,1.4711381,-0.15130498,0.9987637,-0.14896892,-0.071366,-0.00837475,-0.11586734,2.7672489,0.9530214,0.4606594,0.1754302,0.46178064,0.48057073,-0.20713508,-0.14880845,0.2805824,-0.011341325,-0.2792773,0.5000961,-0.12768549,0.9999437,-0.010677072,1.8110772,0.6035837
TCGA-DD-A39W,-0.015896771,-0.044724103,-0.13427417,-0.051708985,-0.24699776,-0.052725513,0.8425989,1.2311869,3.9202762,-0.30794078,0.59801793,0.9208636,-0.010459154,-0.37717795,-0.6645827,-0.17333612,1.2977897,-0.20859252,-0.305217,1.2942964,0.45854336,0.7472906,-0.33493173,0.29068923,3.2823694,1.5955621,-0.21466933,1.2136161,1.9144685,-0.024808874,1.609292,0.9333689,0.7817096,-0.01749707,-0.23292449,-0.15732972,2.9057744,0.44094756,0.56471235,1.1114334,2.2140806,-0.22573669,1.3508217,-0.21296306,-0.0923003,-0.045139607,-0.13879582,3.9473982,1.230811,0.22409782,0.31423226,1.6265457,0.9618138,-0.30290973,-0.24893355,0.41856617,0.25904834,-0.44655237,0.49527088,-0.19807304,1.4614828,0.43077677,2.6738641,0.65491444
TCGA-DD-A39X,-0.013829941,-0.03503204,-0.043324213,-0.0035967731,-0.11695528,-0.0049700895,0.5552041,0.80968106,2.9316728,-0.23243646,1.8968426,0.47944027,-0.017605437,-0.2773272,-0.5010951,-0.11619709,1.2436255,-0.15661556,-0.2579688,1.0971855,0.4399668,0.40254283,-0.27908275,0.7226247,2.3572724,0.9679367,-0.1565099,1.3943132,1.3095849,-0.0389273,1.3087474,0.72977775,0.8549209,0.045140866,-0.1776561,-0.20352028,2.173538,0.23360194,0.29113662,0.7513841,1.5853022,-0.19453345,1.5531232,-0.13971533,-0.079231285,-0.010323769,-0.15234925,3.3566718,0.9144977,0.10336937,0.080375284,0.47194493,0.9835499,-0.24578653,-0.14797735,0.43794677,-0.08063059,-0.31478915,0.7023369,-0.13979025,0.38044608,0.2404093,2.1738725,0.35461843
TCGA-DD-A39Y,0.12982076,-0.034041833,-0.004630935,-0.033896454,-0.049658403,-0.014990926,0.19575585,0.29395887,1.2128617,-0.1138823,1.1378973,-0.0015698014,-0.0038938113,-0.14342052,-0.23026446,-0.040367905,0.47657856,-0.10316344,-0.09700849,0.48639405,-0.0017727315,-0.027482772,-0.12673487,0.0054945434,1.1158241,0.36207384,-0.035697203,0.6645506,0.41949168,-0.02794001,0.46535254,1.4802722,0.35874882,-0.013221465,-0.07108797,-0.14271972,1.1882861,0.6543337,-0.0063637826,0.74629045,0.56818366,-0.073404126,0.56440187,-0.05176881,-0.046792325,-0.007558794,-0.0614095,1.6130056,0.648034,0.48296887,0.17246066,0.26963642,-0.0056819646,-0.040992167,-0.089122795,0.1929041,-0.015822109,-0.10612208,0.3518962,-0.06555912,0.5639912,-0.015503325,0.65746,0.7117784
TCGA-DD-A39Z,-0.01933797,-0.035615634,-0.094754726,-0.030648096,-0.2021796,-0.05099783,0.68100727,1.2299645,3.6514847,-0.28361782,0.35751793,0.71564984,-0.013969074,-0.36118698,-0.61858594,-0.20114183,1.1696078,-0.19700544,-0.29780146,1.2948133,0.53740776,0.55208963,-0.31922805,0.59783787,2.9146218,1.5432681,-0.2165912,1.012891,1.8152801,-0.0466145,1.1908168,0.84667754,0.7486429,-0.001989926,-0.25036097,-0.1073511,2.7273233,0.020234864,0.8920145,0.45679343,2.0605252,-0.24440758,1.3260176,-0.19232419,-0.10279795,-0.026542053,-0.14301793,3.7786713,1.1652929,0.1703957,-0.015492262,1.3390081,1.0204116,-0.28740016,-0.18285166,0.39527303,0.041474555,-0.44363877,0.3164734,-0.21312964,0.9104392,0.8617763,2.517277,0.9784949
TCGA-DD-A3A1,0.022553526,-0.006036959,-0.032592323,-0.03115551,-0.07766749,-0.009383964,0.081671275,0.46290827,1.5602167,-0.14302209,0.7709451,0.27060056,-0.013666299,-0.1774162,-0.3255306,-0.123936795,0.50301796,-0.105771504,-0.19189927,0.83400285,0.02928415,0.19764708,-0.16122161,0.43418682,1.4262822,0.5700911,-0.09024217,0.5029575,0.60257727,-0.03279594,0.5650949,1.2399828,0.43264413,0.048968907,-0.08518138,-0.09700218,1.4832203,0.5956681,0.48319042,0.084960386,0.93255484,-0.0986907,0.9570744,-0.08852919,-0.062597,-0.031925038,-0.08578439,2.1592,0.8088193,0.021464951,-0.016085949,-0.015842041,0.41581577,-0.10529875,-0.08694651,-0.013296987,-0.0106943315,-0.22547908,0.013403498,-0.085649565,0.25271615,0.5744123,1.1328644,0.64649254
TCGA-DD-A3A2,-0.0026042245,-0.024657853,-0.10980052,-0.05584779,-0.20783721,-0.026889129,0.34865916,1.7430104,3.2158196,-0.2679654,0.28911197,1.047503,-0.018047106,-0.32996988,-0.61190164,-0.15867992,1.4053676,-0.20621343,-0.29642144,1.2579452,0.43335503,0.6677519,-0.3094074,0.40523842,2.7874882,1.7600623,-0.23902217,0.9937994,1.6369233,-0.03428484,1.3853365,0.12681705,0.82937235,-0.015151754,-0.2156041,-0.087556876,3.102995,0.3696346,0.75362515,0.6624331,2.094905,-0.22935282,1.1117076,-0.2215832,-0.0540934,-0.030124748,-0.14949386,3.7468216,0.97674274,0.60701185,-0.0047937697,1.235961,1.0792797,-0.29752493,-0.196244,0.16364814,0.542826,-0.4466551,0.14504567,-0.16003476,1.1066365,0.34466666,2.4456823,0.5383638
TCGA-DD-A3A3,0.0006151162,-0.022941327,-0.04069164,-0.025816945,-0.13856784,-0.009026834,0.96662784,1.1202422,3.433014,-0.27446923,2.1249208,0.16001953,0.26362458,-0.3300775,-0.5692262,-0.14911193,1.2304071,-0.15387018,-0.29199764,1.4842805,0.5498688,0.5818118,-0.3001798,0.59423643,2.9121072,1.4211428,-0.16893028,1.4461522,1.5802107,-0.02043733,1.3297664,0.7017077,0.77668077,0.20872281,-0.23820822,-0.2372775,2.6724846,0.7053067,0.2910199,0.47294027,1.9996022,-0.23922439,1.5047185,-0.17918052,-0.078507096,-0.029593436,-0.19592065,4.007629,1.0600767,0.2169311,0.48786324,1.0753231,1.1670666,-0.3302006,-0.21541043,0.41464087,-0.043341134,-0.3824112,1.0080314,-0.163193,0.665809,0.21712969,2.6261275,-0.0063310415
TCGA-DD-A3A4,0.12184138,-0.012635131,-0.10600747,-0.03422984,-0.16197568,-0.027972003,0.32981503,1.0237467,2.901918,-0.26725617,1.1332165,0.8503728,-0.0031295419,-0.27299044,-0.53645843,-0.14039056,1.2138788,-0.17229576,-0.2719325,1.2315075,0.112685755,0.3675644,-0.23858202,0.8206917,2.4567897,1.2633423,-0.21370342,1.4960722,1.6734909,-0.027569765,1.1989081,0.9290525,0.60468155,0.18590502,-0.20772961,-0.18812294,2.7846653,0.17122895,0.33017924,0.9119561,1.9221922,-0.20245843,1.6074198,-0.1891928,-0.06996646,-0.030968389,-0.15849504,3.2977834,1.127061,0.038062066,0.22079232,0.56485116,1.1942164,-0.29399592,-0.15070976,0.4952336,0.23969531,-0.35146734,0.40269643,-0.1442323,0.69740134,0.21739897,2.3410873,0.6592979
TCGA-DD-A3A5,-0.00063590036,-0.0065476927,-0.09289356,-0.022369757,-0.1745275,-0.041838255,0.048324876,1.0455524,2.59629,-0.20455313,-0.030167786,1.266427,-0.0037051432,-0.28824362,-0.55274224,-0.1266829,1.0682994,-0.20698678,-0.27020782,0.96714777,0.29929376,0.4081512,-0.27387187,0.90440834,2.2611268,1.0944515,-0.18378337,0.69118065,1.5867735,-0.024533449,1.1386579,0.30024284,0.7592047,0.03343225,-0.16370487,-0.012831451,2.2602785,0.67716277,1.1347407,0.057881054,1.7710935,-0.21002503,0.84199023,-0.14007032,-0.06267279,-0.029837767,-0.09161934,3.0390246,1.1625754,0.75647724,0.017980171,0.7262289,0.80466014,-0.21630163,-0.1554155,0.021676699,0.53969747,-0.3694099,-0.02991536,-0.15253812,0.89208394,0.68938446,2.2140331,1.0043663
TCGA-DD-A3A6,-0.0024807432,-0.019936902,-0.008779782,-0.030417968,-0.1044111,-0.014236659,0.0933602,0.9142679,2.5527613,-0.20495152,2.3906846,0.71611035,-0.018299691,-0.25293913,-0.40511924,-0.08678929,1.0260918,-0.10979303,-0.22087815,0.9624123,0.0069978684,0.24775162,-0.24098337,0.6085082,1.8758854,0.8726745,-0.16247031,1.3319833,0.9408275,-0.04530646,1.2630087,0.38447744,0.7671317,-0.0026746963,-0.19036344,-0.15367381,2.195756,0.49859542,0.26425982,1.2629567,1.3894218,-0.14916942,1.6677601,-0.13016535,-0.044690765,-0.018764762,-0.13921726,2.812023,1.175879,0.1836788,0.20651156,-0.012825087,0.90144247,-0.17748544,-0.10084285,-0.014917369,-0.04154567,-0.2527462,0.3307656,-0.122819364,0.14290456,-0.025200242,1.751734,0.37017813
TCGA-DD-A3A7,-0.0034244915,-0.02306909,-0.04780673,-0.036329556,-0.109025955,0.0898706,0.44771788,0.5656527,2.7653034,-0.23310518,1.682263,0.44235405,-0.01969541,-0.27485663,-0.5049822,-0.18003,1.0223655,-0.13657802,-0.24466069,1.1880897,0.28481853,0.18086003,-0.28162804,0.74502593,2.227296,0.51340014,-0.17051034,1.6355972,1.4311886,-0.04782323,0.9930425,1.5991732,0.5338384,0.37698847,-0.16333754,-0.18995877,2.4770935,0.39026672,0.77882326,0.04862966,1.623397,-0.17191887,1.6218979,-0.12890413,-0.09367628,0.09084266,-0.16111211,2.9768844,1.2773284,-0.024370342,0.25158057,0.15472232,0.8714245,-0.20841227,-0.14700724,0.5856501,-0.052373666,-0.31780943,0.32180855,-0.14666215,0.04653743,0.58536524,2.019642,0.658624
TCGA-DD-A3A9,-0.010379678,-0.018169072,-0.028119037,-0.051844608,-0.20959754,-0.029981244,0.9170387,1.2671402,3.6676488,-0.2945897,1.4903692,0.39582235,-0.0053364444,-0.3510252,-0.6236311,-0.17114978,1.3979189,-0.2002954,-0.32356665,1.1802956,0.5233891,0.4869906,-0.34175715,0.649896,3.161407,1.4518671,-0.22281778,1.4889926,1.957072,-0.031961594,1.4246324,0.6610551,0.8121266,-0.031721406,-0.2231202,-0.17562708,2.986586,0.24981296,0.7083735,1.2455693,2.2261715,-0.22426592,1.573393,-0.20053191,-0.11519706,-0.013110257,-0.1608826,3.8082662,0.9000018,-7.651821e-05,-0.0036487754,1.4225379,0.801132,-0.30244288,-0.17845175,0.42728788,-0.04220565,-0.41383982,1.1493962,-0.18068482,0.4854965,0.64466083,2.6101267,0.56354314
TCGA-DD-A4NA,0.07807273,-0.033949394,-0.029047782,-0.055845704,-0.17992643,-0.014223205,0.7329147,1.5801492,3.5408773,-0.26127774,1.3563292,0.69768184,-0.026986873,-0.31894144,-0.6260215,-0.16936798,1.5179039,-0.20502542,-0.32026988,1.3895609,0.5427849,0.34430197,-0.33540982,0.8417467,3.0844424,1.3867637,-0.24425796,1.5573016,1.8176532,-0.04706264,1.2939886,1.3413012,0.6227234,-0.00201558,-0.21840303,-0.1056445,2.9704485,-0.02614206,1.0953453,1.1866542,1.8323822,-0.24840303,1.4732268,-0.18927343,-0.13081628,-0.0050406246,-0.20169862,3.6565533,1.1459159,-0.008971711,-0.013024489,1.1439586,0.8653886,-0.3088787,-0.1506971,0.27504244,-0.017109908,-0.39538625,0.53432107,-0.1976583,0.4909008,0.8201573,2.2925107,0.531364
TCGA-DD-A4NB,-0.008956671,-0.03413051,-0.031138945,-0.0426749,-0.109977975,-0.03450071,0.18633898,0.8624814,2.3865242,-0.20191698,1.5010486,0.63512754,-0.018928034,-0.20874701,-0.38367525,-0.09903238,1.0912968,-0.118623056,-0.2033929,0.9559493,0.11564623,0.38181075,-0.19619934,0.49604422,1.7924409,0.90956634,-0.15759939,1.1164966,0.86169964,-0.020782705,1.1145875,0.7229519,0.6460461,0.06816794,-0.1818267,-0.1325044,2.048511,0.29560098,0.34708685,0.90142745,1.3146284,-0.15883802,1.5326908,-0.13610461,-0.03840241,-0.0041507813,-0.104483984,2.6802087,1.0379066,0.17756256,-0.01382406,-0.008069831,0.7968581,-0.18880348,-0.08571001,0.0131966565,-0.0053972374,-0.2473305,0.4436496,-0.12224119,0.16729134,0.015967876,1.6916468,0.54984534
TCGA-DD-A4ND,-0.003917945,-0.009860441,-0.03298057,-0.033857744,-0.14831503,-0.019221285,0.4499278,0.92448246,2.6038089,-0.22617558,1.1662284,0.56633127,-0.020732375,-0.27075058,-0.4551723,-0.09234832,1.15323,-0.1615692,-0.20611472,0.8179812,0.050278783,0.41341308,-0.24903212,0.48158354,2.1334167,1.174702,-0.15174566,0.87713736,1.2110481,-0.028589318,1.4013227,0.114098325,0.6541883,-0.023938833,-0.18222006,-0.14067711,2.2754557,0.64489675,0.18351391,0.92270917,1.7017351,-0.17328669,1.2545677,-0.13101588,-0.061775893,-0.027091,-0.111269906,3.0136359,0.8624492,0.49836507,0.31939352,0.56656545,0.7654227,-0.2011892,-0.15149392,0.2149146,-0.008211213,-0.31247887,0.5360243,-0.13857482,0.7053713,0.12808563,1.9941835,0.4817731
TCGA-DD-A4NE,0.051336683,-0.071774535,-0.053111404,-0.024065662,-0.12601241,-0.010526618,0.21708155,0.16260631,2.5707388,-0.21206592,1.6783986,0.68267703,-0.023492703,-0.2794324,-0.4579111,-0.14240341,1.1007833,-0.16475093,-0.20346324,0.90786296,0.33715355,0.13052441,-0.2776092,0.8888611,2.2938526,0.8544032,-0.19438566,1.2889193,1.7109419,-0.012630284,1.171905,0.3245923,0.6221289,0.3021432,-0.145991,-0.116438724,2.2866163,0.75045747,0.5750324,0.13008527,1.2886933,-0.16263263,1.7617506,-0.10612406,-0.0923017,-0.04961787,-0.12531146,3.2178056,0.71941966,0.035167336,0.18509223,0.14892434,0.9274059,-0.25354454,-0.114624515,0.55605584,-0.041205734,-0.31154174,0.3563789,-0.12549277,-0.0044998997,0.475568,2.413987,0.2815942
TCGA-DD-A4NF,-0.00091748463,-0.027851064,-0.10738651,-0.07618483,-0.24778788,-0.048538867,0.9571259,1.3577161,3.7718723,-0.2867139,0.5285455,0.98798877,-0.017912835,-0.39058942,-0.65508276,-0.19226946,1.4259933,-0.19689019,-0.33487946,1.6437095,0.61855733,0.7494995,-0.33791062,0.95334965,3.1981568,1.8577328,-0.26021954,1.2387754,1.8485608,-0.038927242,1.5287322,0.4060864,0.551602,-0.02005413,-0.2430497,-0.09290436,2.991585,-0.007753864,0.65397245,0.5700831,2.4511533,-0.23150897,1.3377259,-0.24652524,-0.08003034,-0.020361826,-0.16486022,4.3674693,1.1047254,0.16205102,-0.0011373656,0.9952456,1.2864549,-0.3827308,-0.21801169,0.49903238,-0.024737423,-0.5152744,0.22711214,-0.20187671,1.2228091,0.20200868,2.9171286,0.57044965
TCGA-DD-A4NG,-0.01744215,-0.033094563,-0.09940245,-0.07244518,-0.210728,-0.045188885,0.6994042,1.1812373,3.2909317,-0.267545,0.89686686,0.64802355,0.02109993,-0.34314728,-0.6053634,-0.18102364,1.371009,-0.2238932,-0.3005057,1.3701323,0.59451354,0.57869774,-0.32336962,0.6510864,2.8663552,1.4728209,-0.21698622,1.3420835,1.5601841,-0.03313952,1.4173961,0.7232803,0.49955165,-0.022653319,-0.21716955,-0.15044336,2.9221842,0.5760386,0.5976397,0.4017337,2.1756835,-0.21769221,1.4295615,-0.1876276,-0.1116596,-0.0111695845,-0.14630955,3.8250203,1.169022,0.5873859,0.15758781,1.1820573,0.75115925,-0.29898307,-0.20440052,0.3051343,0.109556824,-0.4222797,0.35902965,-0.14656006,1.0536076,0.3406242,2.469827,0.5647187
TCGA-DD-A4NH,-0.012272572,0.10300234,-0.0011685614,-0.019158721,-0.12202191,-0.015327528,0.41684172,0.64366364,2.7932184,-0.23219554,2.610978,0.45724866,-0.019115785,-0.2850959,-0.4299917,-0.11601291,1.0020841,-0.1448478,-0.2200369,1.0717616,0.027195558,0.19317652,-0.24974118,0.46989727,2.2544098,0.95851135,-0.1574757,1.4102476,1.3542136,-0.04514667,1.5065835,0.46067995,0.86959606,0.08840869,-0.18854399,-0.22149864,2.3038182,0.59724134,0.12585348,1.4132689,1.6131859,-0.17027897,1.7936907,-0.1361413,-0.061612595,-0.018746207,-0.15796302,3.2584934,0.84089345,0.11021317,0.3566379,0.44268838,0.75070655,-0.19102685,-0.12261152,0.2930742,-0.043923665,-0.27977872,0.54299647,-0.14278518,0.1418767,0.0053944364,1.8652736,0.3346323
TCGA-DD-A4NI,-0.00046957657,-0.018566707,-0.10060777,-0.051402785,-0.21088989,-0.034874525,0.55986,1.1624978,3.2826374,-0.26191893,0.71766055,0.9371513,-0.017851152,-0.33911988,-0.5959432,-0.15248446,1.4121218,-0.18115564,-0.26982638,1.2676095,0.37143886,0.59249854,-0.3140472,0.8218479,2.860168,1.6435114,-0.21748531,1.1469879,1.6225533,-0.038369,1.3755382,0.3577626,0.6543775,-0.016060958,-0.20674966,-0.12389787,2.735285,0.44814193,0.5974571,0.46843725,2.1434417,-0.21433328,1.3321168,-0.20119897,-0.065119386,-0.026018742,-0.16969846,3.9178843,1.0448486,0.19151294,0.17146513,0.6318747,1.2586037,-0.31844196,-0.18523078,0.28325468,-0.006905331,-0.44386393,0.22680122,-0.1934943,1.0358822,0.14144564,2.5105865,0.566674
TCGA-DD-A4NL,-0.008811674,-0.01686232,-0.06249687,-0.043758154,-0.167931,-0.030436678,0.37680584,1.1152629,2.981701,-0.24109323,1.3783972,0.8598181,-0.015523548,-0.3061291,-0.51037276,-0.15004867,1.0667706,-0.1309757,-0.25670734,1.2848494,0.32833713,0.62126946,-0.28058204,0.7594788,2.5118484,1.4126939,-0.21877527,1.2325063,1.371595,-0.0353991,1.3038433,0.08697491,0.7158713,0.062392253,-0.21303509,-0.13892838,2.403975,0.38348943,0.41833708,0.7293639,1.8539394,-0.19464038,1.5894421,-0.18184245,-0.05361866,-0.015048011,-0.16113354,3.5552638,0.96597916,0.07986679,0.079026245,0.27170599,1.2494282,-0.27925694,-0.15137713,-0.0025780878,-0.016980229,-0.36994493,0.12626511,-0.17229655,0.61748034,0.091392085,2.4329262,0.35400856
TCGA-DD-A4NN,-0.025514081,-0.042006917,-0.0557244,-0.04591171,-0.20435624,-0.033574056,0.9752549,1.078396,3.6920934,-0.26925737,1.3774796,0.40341714,-0.003322474,-0.3219951,-0.57100385,-0.14537449,1.0830251,-0.18557821,-0.26099238,0.9044511,0.48900265,0.75071347,-0.33692965,0.30422544,3.0405612,1.3495249,-0.18591921,1.1103961,2.2275338,0.20145994,1.589003,-0.002694602,0.95330924,-0.01783805,-0.23462354,-0.1984269,2.6724973,0.49950397,0.20718944,1.3711592,2.2353492,-0.24103509,1.5640044,-0.15380488,-0.0942476,-0.02301774,-0.17878936,3.5427446,0.61296386,0.02300527,0.09727537,2.031853,0.98642486,-0.31250724,-0.18454362,0.9528503,-0.014715022,-0.4031341,1.2073882,-0.18145232,0.68359846,0.8660216,2.584668,0.200364
TCGA-DD-A4NO,-0.017103637,-0.01573955,-0.072272204,-0.063064665,-0.16237037,-0.027687117,0.33284047,0.9031242,2.9144838,-0.2563624,1.1143143,0.84555763,-0.01488063,-0.30113757,-0.5468716,-0.17036489,1.1447093,-0.17592908,-0.28865528,1.2098707,0.30370766,0.38039222,-0.2884301,0.8660115,2.479788,1.160593,-0.20632954,1.261359,1.4527211,-0.04569341,1.1567591,0.7651085,0.66980875,0.068760306,-0.17335387,-0.15937671,2.5311122,0.15532362,0.75013417,0.3600539,1.7684473,-0.19059157,1.5786943,-0.17418937,-0.07775404,-0.028608328,-0.13805225,3.5349624,1.144239,-0.00791778,-0.004213629,-0.009611917,1.1087416,-0.26331082,-0.1402635,0.24239875,-0.013224982,-0.3774121,0.17783889,-0.16501397,0.53727967,0.31285143,2.186408,0.5957949
TCGA-DD-A4NP,-0.008835618,-0.023657652,-0.09611907,-0.04246344,-0.2012335,-0.024454191,0.690017,1.322529,3.4417822,-0.2642898,0.9518033,0.8427074,-0.0159031,-0.37055823,-0.6119539,-0.1684293,1.4027747,-0.16740276,-0.29631677,1.2936903,0.3869344,0.77389526,-0.31571075,0.90669835,2.9000616,1.714809,-0.22907777,1.2390741,1.6960448,-0.029957304,1.5375239,0.0026228009,0.7486996,-0.011867343,-0.24598566,-0.13817541,2.837651,0.39923525,0.45942152,0.78261644,2.2182598,-0.21736787,1.5534,-0.21151583,-0.08179955,-0.03488686,-0.15509914,4.070824,0.98967004,0.36681238,0.13317627,0.6503372,1.3515582,-0.35095748,-0.19105418,0.16006123,-0.008060001,-0.45574036,0.22457898,-0.17253087,1.048681,0.14005965,2.854171,0.52507454
TCGA-DD-A4NQ,-0.026679257,-0.0066986806,-0.0047217053,-0.026315747,-0.06915186,-0.021451145,-0.003897945,0.5131124,1.8728533,-0.16262783,1.8396521,0.33980644,-0.014134797,-0.17966329,-0.30760938,-0.07928337,0.7674198,-0.12703048,-0.15427871,0.75088537,-0.009271085,0.085672855,-0.19151759,0.37211895,1.3675852,0.6688329,-0.115132034,0.9507325,0.7713569,-0.04693701,0.9782053,0.6046033,0.6020647,0.13962314,-0.14367409,-0.13046657,1.627023,0.58974177,0.107169434,0.7158769,0.9882511,-0.09442177,1.2279854,-0.09977846,-0.05205462,-0.016783735,-0.117110886,2.0592551,0.9047627,0.18030214,0.071548134,-0.010089512,0.5857742,-0.111652486,-0.08044672,0.0013280902,-0.02043379,-0.18848068,0.052850522,-0.090159014,0.303642,-0.015436455,1.0954621,0.3965157
TCGA-DD-A4NS,-0.002322305,-0.022721408,-0.05449621,-0.042981032,-0.17191246,-0.023011327,0.51407653,1.0618641,2.9553273,-0.24002638,1.223942,0.67483985,-0.014114462,-0.31051025,-0.5300911,-0.12627779,1.2502337,-0.16464075,-0.264554,1.1442602,0.2892161,0.5152819,-0.27655685,0.68872994,2.500962,1.3950465,-0.20391206,1.1589546,1.4064692,-0.03357626,1.3472003,0.18907066,0.7603325,-0.019589573,-0.21379101,-0.12930878,2.4930596,0.22723217,0.5066954,0.91532815,1.888516,-0.20412903,1.4534075,-0.16810866,-0.05904743,-0.025517419,-0.15068407,3.5406237,0.9957878,0.24159732,0.06715065,0.60328007,1.0613827,-0.26718196,-0.16055815,0.21188152,-0.016618721,-0.37018174,0.26970243,-0.15834285,0.6714018,0.13809822,2.2864707,0.500944
TCGA-DD-A4NV,-0.009489867,-0.014764346,-0.07883365,-0.045087047,-0.18173237,-0.03614565,0.15108985,1.0428174,2.690426,-0.21019375,0.577136,0.92016464,-0.01789054,-0.27169627,-0.47239342,-0.12990187,1.1290439,-0.1589257,-0.21906562,0.97071284,0.35729772,0.610174,-0.2515622,0.7534729,2.374445,1.3652897,-0.20264275,0.8125413,1.1793032,-0.041523155,1.4750262,-0.014251279,0.6218344,-0.03220448,-0.17697625,-0.08892176,2.3884687,0.51629275,0.4919623,0.28762418,1.8670752,-0.19467448,1.1380999,-0.16493104,-0.061001774,-0.018946974,-0.13765377,3.1595216,1.1214687,0.3176929,0.11354834,0.39246124,1.1137266,-0.26924115,-0.16004266,0.07538663,0.10574216,-0.3872326,0.056779593,-0.15928978,0.8213734,0.2714107,2.0585322,0.42258152
TCGA-DD-A73A,-0.010860763,-0.026280297,-0.08396588,-0.024714995,-0.17240718,-0.009989203,0.37552527,0.9728545,2.5047863,-0.23663767,0.41846526,1.0812764,-0.02728254,-0.27929664,-0.5525014,-0.14667048,1.1646624,-0.16560261,-0.28146955,1.2397275,0.37623495,0.49703968,-0.2897509,0.9105466,2.5481415,1.3470517,-0.18928368,0.8518702,1.2157106,-0.017597133,1.2661227,0.49654353,0.6612509,-0.012882817,-0.1703773,-0.073800094,2.4488168,0.48159912,0.6371375,-0.010643566,1.8095583,-0.17339815,1.1717178,-0.1621418,-0.07790261,-0.00980037,-0.12016562,3.2081826,1.2019442,0.18959284,0.079075545,0.40550944,1.1198171,-0.24851632,-0.14369422,0.04349088,0.15781683,-0.39933768,-0.013022661,-0.16307566,0.79913974,0.54078966,2.0177233,0.78526455
TCGA-DD-A73B,0.04457596,-0.034468394,-0.10236726,-0.0258759,-0.21021603,-0.039484017,0.37302053,1.0894163,3.5780625,-0.25276813,0.8651593,1.020038,-0.03768052,-0.34506133,-0.6508295,-0.18538739,1.377665,-0.2117311,-0.2580043,1.2089654,0.48122585,0.5481295,-0.3439537,0.7844133,3.085939,1.599404,-0.21651538,1.3429632,2.1973753,-0.026136795,1.2563072,0.21459733,0.8227754,0.19074957,-0.2354768,-0.14208551,2.9122033,0.47785634,0.69752026,0.75155044,2.0426283,-0.22119668,1.7029351,-0.17899965,-0.08679381,-0.035162367,-0.15164,3.5177522,0.9959997,0.40739384,0.15538065,1.185766,1.0966685,-0.3130562,-0.17334801,0.4494093,0.19464746,-0.4452888,0.4042994,-0.17827596,0.8482746,0.7354047,2.8732738,0.41042364
TCGA-DD-A73C,-0.010331242,-0.009612606,-0.07497735,-0.04630683,-0.1904736,-0.0049350346,0.49458933,1.4416318,3.2343068,-0.24454252,0.56701005,1.0001746,-0.019768229,-0.32571325,-0.5881185,-0.15152843,1.3873608,-0.17540199,-0.2925851,1.1558911,0.44221884,0.75106525,-0.294726,0.6193419,2.6529615,1.7166088,-0.24378681,0.8750232,1.5799308,-0.044641163,1.4152036,0.04200862,0.88765204,-0.010687492,-0.23533475,-0.11845864,2.7439718,0.40534163,0.5397761,0.7341881,2.0986047,-0.21426916,1.3198258,-0.21875778,-0.061161872,-0.013244084,-0.15619655,3.6837938,0.8414973,0.44782284,0.11440027,0.73576665,1.1201863,-0.30037504,-0.1675456,0.17035677,0.22005847,-0.41396913,0.21585777,-0.17659825,0.87897474,0.25622094,2.5738626,0.4666366
TCGA-DD-A73D,-0.0059890593,-0.042285144,-0.14336535,-0.054257106,-0.22760963,-0.02179098,0.76639473,1.288007,3.211946,-0.2557449,0.05486222,0.9592701,-0.014182064,-0.38031277,-0.6651237,-0.16769184,1.2848712,-0.17969073,-0.28122,1.172906,0.4224198,0.8287735,-0.33931157,0.79474664,3.0870602,1.8173538,-0.22689126,1.0177276,1.8289193,-0.027210837,1.4981948,0.42971575,0.43105152,-0.029277464,-0.23341177,-0.100760356,2.9331923,-0.0046892953,0.69607925,0.48699963,2.2638783,-0.20949407,0.8687935,-0.21546002,-0.09330089,-0.02207469,-0.13747308,3.9049406,0.9189164,0.5015408,0.017417384,1.1946801,1.210886,-0.34148547,-0.23755245,0.2814381,0.44817388,-0.49643403,-0.021472275,-0.16939001,1.6255091,0.49215752,2.556388,0.57869303
TCGA-DD-A73E,-0.010365217,-0.032002393,-0.1226691,-0.06590636,-0.24812649,-0.046482857,0.93239367,1.3027589,3.4625702,-0.27816007,-0.034421965,0.89743865,-0.021405915,-0.3675941,-0.6739666,-0.2026637,1.3735052,-0.20755188,-0.3324072,1.7129351,0.65063655,0.6099612,-0.33708763,1.0298275,3.1719306,1.6812543,-0.23118208,0.9849835,1.8419213,-0.020816054,1.2490336,0.3622738,0.45591828,-0.028658057,-0.253278,-0.081728265,2.7871406,0.4228669,0.8138975,-0.008667964,2.5194454,-0.24922664,0.92159253,-0.21059029,-0.09514795,-0.009958829,-0.12956025,4.0669546,1.1485244,0.5153279,-0.0022275457,1.3758304,1.1138139,-0.35563713,-0.2306026,0.37735826,0.093209535,-0.49810037,-0.011301287,-0.17347082,1.5000315,0.45811212,2.8972538,0.6164443
TCGA-DD-A73F,-0.003474672,-0.01544551,-0.040293362,-0.025574941,-0.12779643,-0.024143085,-0.0035375578,0.6475998,1.8176937,-0.1612659,0.534614,0.53881943,-0.0056119165,-0.19463213,-0.36445588,-0.09106957,0.7312958,-0.1347035,-0.18660972,0.7968732,0.03454642,0.19097832,-0.19228952,0.51608735,1.6268669,0.8155809,-0.13350661,0.76379824,0.8535117,-0.032213792,1.0279535,0.38833147,0.5489939,-0.017170101,-0.11127391,-0.06924666,1.6853456,0.7837764,0.38795266,0.17236827,1.1777576,-0.14970855,0.8404498,-0.10662668,-0.044653334,-0.03160354,-0.09747802,2.3057806,0.9390445,0.69678336,0.08607732,0.33424225,0.4740013,-0.14887904,-0.11110882,0.2244402,0.13088334,-0.23138206,0.16442862,-0.08614766,0.68799645,0.34903032,1.4614148,0.5895673
TCGA-DD-A73G,-0.00557046,-0.015069464,-0.06169014,-0.048423268,-0.19005059,-0.035847485,0.90784377,1.2719024,3.704726,-0.31254673,1.5491623,0.58607215,-0.03247066,-0.35546163,-0.6182346,-0.15510662,1.5809575,-0.1895704,-0.30930874,1.3633859,0.47378343,0.4198007,-0.34227324,0.66761297,2.9333234,1.6070303,-0.21367255,1.2969482,1.9662447,-0.0536259,1.5647954,0.671407,1.0213448,-0.004257394,-0.25951,-0.21428643,2.893187,0.4071099,0.5825823,1.3221345,2.336467,-0.24360843,1.5957986,-0.20851801,-0.12578544,-0.03989561,-0.1812649,3.9758475,0.9753672,-0.012595761,0.12660322,1.2693273,1.1495886,-0.2988741,-0.19941287,0.5052422,-0.020072514,-0.40926728,0.95997053,-0.2003752,0.66272825,0.6619602,2.674658,0.5975913
TCGA-DD-AA3A,-0.036392625,-0.016703112,0.7530183,-0.037888706,-0.09744971,-0.0086732255,0.29890412,1.033115,2.5718224,-0.19499533,2.2231503,0.39722702,-0.013782381,-0.2378803,-0.41354376,-0.07859394,1.0724077,-0.10809715,-0.21326391,0.7949746,0.100997746,-0.015602635,-0.2627767,0.36592293,2.0233335,0.8599777,-0.15465474,1.3416392,1.410996,-0.03333438,0.8274965,0.81888235,0.45949927,0.06219754,-0.15187211,-0.11475414,2.1368387,0.30588782,0.77680373,0.8774031,1.198388,-0.13781503,1.3490777,-0.11810277,-0.09521479,-0.0055982918,-0.13159066,2.9108114,0.7480959,-0.034378666,-0.014875357,0.32219285,0.6857284,-0.1734463,-0.086401194,0.01986673,-0.06856882,-0.2734866,0.6635853,-0.10860045,-0.021864321,0.20234863,1.405301,0.04827607
TCGA-DD-AAC9,0.052380003,-0.02822215,-0.05244104,-0.050261367,-0.19715977,-0.031909447,0.5576163,1.1486847,3.1291606,-0.27122185,1.0554364,0.8832575,-0.034849003,-0.3415583,-0.5781118,-0.17801476,1.4003706,-0.15376158,-0.2990502,1.3170414,0.43255907,0.64053565,-0.3031833,0.90413105,2.844281,1.3657542,-0.2494791,1.2916279,1.7853191,-0.03666356,1.4865268,0.36367863,0.7366083,-0.012548463,-0.2143894,-0.114241324,2.7892005,-0.00572364,0.74651146,0.53655195,2.1309447,-0.21194814,1.6134653,-0.2023629,-0.0764889,-0.0346878,-0.18187198,3.7514668,1.3551629,-0.0004863642,-0.012265071,0.29724196,1.2405031,-0.31371662,-0.16876104,0.14818956,-0.02355074,-0.41610456,0.24929789,-0.17662203,0.6050771,0.22510661,2.46749,0.4441301
TCGA-DD-AACA,-0.0040897722,-0.035763886,-0.091231994,-0.037066795,-0.16514163,-0.054223787,0.6281558,1.0221617,2.9838214,-0.2637212,0.19323531,0.7443897,-0.023761226,-0.3358886,-0.57900673,-0.20260246,1.3502378,-0.14757322,-0.26808545,1.3323745,0.6149484,0.5265911,-0.3087732,1.0197903,2.690831,1.5568804,-0.20477584,0.945995,1.4002489,-0.033416532,1.2789084,0.4208777,0.6050202,0.06023659,-0.23557656,-0.11248598,2.75021,0.2819823,0.78975713,0.1913606,1.888115,-0.2072933,1.1582897,-0.18711609,-0.055631388,-0.049220935,-0.12763695,3.7054346,0.9559795,0.33663192,-0.009585146,0.6137072,0.83389354,-0.3053559,-0.22745882,0.28042316,0.3064393,-0.43900377,0.092637695,-0.16395925,1.2468344,0.12890033,2.5797222,0.56562835
TCGA-DD-AACB,-0.022998048,-0.01350123,-0.053027432,-0.060403306,-0.14176606,-0.007964002,0.6891312,0.67311734,2.2984865,-0.21306162,0.68098533,0.25730604,-0.00957835,-0.2500279,-0.41975236,-0.115292005,0.66939026,-0.12486346,-0.19688527,0.7735909,0.25083816,0.14980285,-0.21735029,0.14492351,1.9940168,1.0488125,-0.0939713,0.56576365,1.1079521,-0.026809791,0.99287057,1.0920866,0.47002593,-0.02398613,-0.13638054,-0.15837638,2.0272906,0.014098045,0.31931266,0.5779224,1.2120545,-0.20140533,0.7173864,-0.11019005,-0.05667376,-0.027704934,-0.08924767,2.5683575,0.91345435,0.7647584,-0.005099121,1.1121389,0.28944042,-0.09997684,-0.16919498,0.2606862,0.06901084,-0.24567142,0.09123259,-0.10593387,1.2734672,0.13983795,1.4397962,0.8011968
TCGA-DD-AACC,-0.01345827,-0.014006342,-0.03441894,-0.04099035,-0.15735474,-0.026639735,0.46559054,1.0755925,2.8876772,-0.27392036,1.8345468,0.53560394,-0.027543316,-0.29746994,-0.48916855,-0.12502316,1.3283882,-0.1624069,-0.23200385,0.9691709,0.06681652,0.4671618,-0.26151493,0.660773,2.5357301,1.2177167,-0.18324082,1.2256761,1.4032607,-0.04822361,1.6245829,0.20840377,1.0402218,-0.030719522,-0.20197709,-0.17569469,2.544823,0.35787845,0.35925147,1.2839308,1.836957,-0.19030245,1.7792094,-0.1616935,-0.06251786,-0.031118605,-0.15502784,3.3493752,1.1126446,0.1164313,0.17095119,0.42388925,0.9199327,-0.21181934,-0.1460428,0.15136324,-0.029775819,-0.34515032,0.3986319,-0.16764049,0.50940675,0.018139176,2.01521,0.59113413
TCGA-DD-AACD,0.010474041,-0.025912935,-0.06650622,-0.040564455,-0.18574883,-0.03032138,0.72849447,1.0370789,3.321163,-0.28223395,1.4958026,0.7095439,-0.013125161,-0.3388724,-0.56144613,-0.15903854,1.494692,-0.13610229,-0.2874262,1.2527913,0.57239527,0.643778,-0.31820807,0.77137184,2.8506467,1.5126172,-0.219187,1.2475657,1.5129243,-0.049146514,1.3844566,0.015106413,0.84637487,-0.041737206,-0.22769172,-0.13444981,2.6431153,0.33873188,0.77598643,0.28172004,2.0270834,-0.22318637,1.6324041,-0.18768947,-0.088020764,-0.017575739,-0.1750324,3.8142705,1.3142302,0.31462374,0.14580502,0.82794034,1.3058555,-0.3254119,-0.19406275,0.2907281,-0.031116664,-0.42477733,0.380686,-0.19245447,0.6938109,0.3983552,2.5483408,0.18206343
TCGA-DD-AACE,-0.00086507126,-0.023038946,-0.06271147,-0.03349516,-0.13452809,-0.05871755,0.21328521,0.72524184,2.1920545,-0.1746573,0.10296145,0.6328507,-0.017233454,-0.27287063,-0.4251039,-0.10645135,0.74334246,-0.13604951,-0.19674496,0.8108175,0.44065952,0.47530097,-0.2052501,0.37823045,1.7989923,0.92892224,-0.13797228,0.33053777,0.97445697,-0.01937648,1.0558769,0.15223174,0.3858736,-0.041039247,-0.13338046,-0.060861655,1.7231374,0.71144974,0.1631614,0.19658059,1.4473304,-0.15530343,0.58883774,-0.13149564,-0.036337096,-0.026561702,-0.10305218,2.470119,0.93119824,1.0469815,0.123887405,0.7424332,0.4299057,-0.2125516,-0.16276966,0.025279963,0.14457367,-0.28370407,0.14381802,-0.09175492,1.1968836,0.05165822,1.8529873,0.4979188
TCGA-DD-AACF,0.09478204,-0.035265565,-0.060107943,-0.0523412,-0.21150625,-0.0071909404,0.3511343,1.0821356,3.3233874,-0.27901968,0.62525177,0.9582319,-0.0051598377,-0.3473755,-0.65326333,-0.19460952,1.2824845,-0.19628541,-0.30577266,1.2816032,0.30637437,0.43515316,-0.3260921,0.85507596,2.9625518,1.4683293,-0.2389038,1.0515065,1.885572,-0.03676096,1.2652566,0.60145855,0.57608277,-0.0032740233,-0.21199024,-0.11777963,2.9994497,0.36335284,1.0796362,0.041725907,2.047111,-0.23780172,1.795748,-0.20266922,-0.094305865,-0.00606537,-0.12688081,3.668107,1.3995373,0.050568886,-0.018658303,0.6023823,0.89455324,-0.31821197,-0.19019957,0.3774689,0.14653933,-0.45351958,0.42796913,-0.21566652,0.8671598,0.927759,2.7301762,0.7144628
TCGA-DD-AACG,-0.014431751,-0.023950031,0.10658042,-0.027523784,-0.08819829,-0.020741982,0.32042307,0.32975623,1.8946202,-0.16314006,1.307085,-0.005159236,-0.006429353,-0.19787207,-0.31434888,-0.06358411,0.5295918,-0.10361911,-0.1825429,0.41130927,-0.010345089,-0.009935453,-0.1893981,0.15613379,1.3818103,0.63568735,-0.05635046,0.41017118,0.7296559,-0.02179987,0.89631855,0.691222,0.7227742,-0.015201149,-0.088481724,-0.18571885,1.5106939,0.8816267,0.1286185,0.6376956,0.9807694,-0.12995912,0.8696433,-0.05583903,-0.084161736,-0.019254774,-0.10735931,1.9087139,0.84992194,0.61517936,0.18279517,0.7748544,0.30140278,-0.103933804,-0.11893065,0.16724695,-0.016364938,-0.18299548,0.5109948,-0.09619361,0.83871245,0.27678084,1.331318,0.5314179
TCGA-DD-AACH,0.10471934,-0.043526303,-0.024980782,-0.016112989,-0.0710549,0.08041818,0.25503016,0.30608577,1.8347486,-0.16048487,0.9472802,0.14988944,-0.027811298,-0.15670387,-0.34895182,-0.09185134,0.39332527,-0.13488123,-0.16993277,0.9551919,0.09727247,-0.0024109993,-0.18273734,0.6103797,1.3455193,0.49709317,-0.094788566,0.8144557,1.174039,-0.045658883,0.57746273,1.3540794,0.15362814,0.34066504,-0.098827146,-0.09459777,1.3793908,0.4101113,0.62295264,0.057318266,0.74249256,-0.11233773,0.5963477,-0.07185736,-0.07305499,-0.014201437,-0.11763263,1.7136519,0.9212919,-0.022280112,-0.007102219,0.1533493,0.4025716,-0.08973539,-0.09198039,0.2073544,-0.021716444,-0.20257924,0.2430971,-0.08384681,0.3784623,0.4570169,1.0538652,0.7040822
TCGA-DD-AACI,-0.0039791414,-0.02018228,-0.004606568,-0.021882325,-0.11696815,-0.030725166,0.24148121,0.7141787,2.5241318,-0.22046314,0.89282405,0.466758,-0.009666366,-0.22736363,-0.4394926,-0.12677203,1.1119027,-0.13444005,-0.2382869,1.1592718,0.1929288,0.3002294,-0.23302801,0.73077893,2.118696,0.883557,-0.17643498,1.1567266,1.2087927,-0.048167977,1.1051658,0.72351813,0.48265317,0.02067108,-0.16885468,-0.1243059,2.1048915,-0.0020209495,0.8262848,0.15713261,1.505279,-0.16438153,1.2012639,-0.15070471,-0.056646682,-0.009047657,-0.13355571,2.7716002,1.1059996,-0.010655726,-0.0053513553,-0.009313055,0.5834481,-0.22764681,-0.10058089,0.08163806,-0.013069381,-0.28728777,0.6449195,-0.115030825,0.2546033,0.2376303,1.8646078,0.47139257
TCGA-DD-AACJ,0.13507897,-0.016129037,-0.045785904,-0.045191716,-0.14692645,-0.0047611333,0.9012225,1.0189058,2.5208247,-0.21505474,0.3061838,0.26679888,-0.0067041325,-0.29051486,-0.5088025,-0.14668798,1.1953472,-0.1599281,-0.26470575,1.5605484,0.38972062,0.37608442,-0.23380183,0.59551525,2.6880193,1.0225807,-0.16887087,1.1368966,1.3875227,-0.041197564,1.0400858,1.7474627,0.30764028,-0.013518668,-0.16308741,-0.132499,2.2994971,-0.026815677,0.46019185,-0.0043757674,1.52869,-0.18289374,0.60108674,-0.16225386,-0.050354987,-0.020252936,-0.13981149,3.3563483,0.80059165,0.037725396,-0.011947987,0.43391344,1.0077538,-0.2751554,-0.18985039,0.09337794,-0.040087644,-0.35794908,-0.0112221865,-0.11979272,0.923889,0.35328674,1.7956333,0.6509505
TCGA-DD-AACL,0.022431776,-0.0033452683,-0.002476113,-0.03160736,-0.102368765,-0.004403297,0.53351784,0.78963757,2.1256285,-0.20110936,1.9571048,0.28958613,-0.012322508,-0.2052301,-0.36026213,-0.08116015,0.8336369,-0.12737824,-0.16421132,0.7591334,-0.012824683,-0.0054383217,-0.1822225,0.12538055,1.6966392,0.78679824,-0.111352384,1.0277609,0.929261,-0.036311362,1.1509571,0.6788695,0.66370815,-0.013581996,-0.15271337,-0.1920099,1.8162013,0.50030655,-0.009919069,1.2192327,1.246113,-0.1420674,1.2841685,-0.123730086,-0.052045505,-0.0061507034,-0.13961814,2.4760656,0.87829024,0.38821626,0.26110885,0.5647316,0.27057233,-0.107134305,-0.11390733,0.15264463,-0.021900743,-0.18425395,0.45076904,-0.103427544,0.5284902,-0.009928559,1.3788025,0.5010884
TCGA-DD-AACN,-0.012858445,-0.03606671,-0.07438931,-0.05779127,-0.2368443,-0.022697894,1.0240608,1.2773923,3.8451371,-0.3062695,1.3429607,0.6996685,-0.011186338,-0.36148795,-0.6355955,-0.17302875,1.538412,-0.18084385,-0.2974427,1.303779,0.6125214,0.6662687,-0.33932924,0.6151573,3.2682643,1.7203457,-0.24337704,1.4262054,2.2941868,-0.031169867,1.7223356,0.08729063,0.984058,-0.034193106,-0.25819513,-0.16746806,3.0546873,0.17852896,0.56281716,1.199113,2.2297213,-0.25208035,1.5650473,-0.21538341,-0.094712056,-0.022715056,-0.17177449,4.0879083,0.926107,0.05832368,0.030522441,1.7311524,1.1832526,-0.34186813,-0.18398155,0.56308377,-0.017066179,-0.45796952,0.8514918,-0.20563546,0.6887154,0.6282167,2.8323274,0.35053506
TCGA-DD-AACO,-0.01554327,-0.030502576,-0.055022676,-0.026477119,-0.19464381,-0.039274294,0.39364502,0.8719362,2.8960924,-0.25352764,1.229303,0.76598483,-0.022099247,-0.30351666,-0.5374018,-0.18219939,1.2780753,-0.18658012,-0.24507217,0.83778435,0.329373,0.601573,-0.3285967,0.9610121,2.6735842,1.4128145,-0.1811602,1.0411727,1.7497251,-0.03245161,1.5084425,-0.00896084,0.94486076,0.073916495,-0.2010783,-0.12731656,2.5722234,0.62284416,0.65144247,0.2990179,2.0194035,-0.18799603,1.8710902,-0.14754245,-0.079678856,-0.026839906,-0.14107859,3.6117568,0.84920263,-0.027639484,0.15207595,0.5606779,1.5077081,-0.27434108,-0.13018295,0.43457147,-0.049423333,-0.4305953,0.46679583,-0.18395026,0.3828352,0.5402376,2.5154529,0.18447885
TCGA-DD-AACP,-0.013697267,-0.0260055,-0.0384462,-0.031890303,-0.13337065,-0.019410728,0.45195553,0.64459324,2.0900252,-0.1858472,0.78380245,0.23242614,-0.007538171,-0.2481222,-0.33452055,-0.07600364,0.5411715,-0.14111027,-0.15055723,0.51340234,0.10889504,-0.00014954797,-0.19433106,-0.014357108,1.6785564,0.80346173,-0.06779232,0.6008232,1.0948132,-0.018870784,1.0130047,0.8699373,0.44875214,-0.041044608,-0.1374525,-0.18730149,1.7840468,0.25945848,-0.022461781,1.0539696,1.0035135,-0.13826582,0.9335784,-0.09400552,-0.06338755,-0.020739837,-0.07478778,2.176416,0.7382075,0.80387086,0.33447182,1.4687544,0.25368407,-0.10239675,-0.12801574,0.30836883,-0.00073348696,-0.22254243,0.48365882,-0.10671719,1.128306,0.14145221,1.3059481,0.701224
TCGA-DD-AACQ,-0.0023076632,-0.0119051365,-0.069235735,-0.02966075,-0.122569196,-0.02179259,0.16591953,0.25674406,1.9963981,-0.16192508,0.6004872,0.35649565,-0.017199565,-0.20030844,-0.39859045,-0.15817438,0.46971998,-0.080547616,-0.15839459,0.6829713,0.08224234,0.36186048,-0.23741524,0.78755,1.625451,0.631162,-0.13903831,0.6533273,1.3079078,-0.023900514,0.71166724,0.12643228,0.45037508,0.49642727,-0.1162216,-0.051811274,1.5769073,0.6183829,0.61553776,-0.015939144,1.0758826,-0.12865143,1.1820358,-0.096746005,-0.04381167,-0.020271376,-0.09776556,2.2198455,0.7878413,0.086452246,-0.030357769,0.22937316,1.0698817,-0.19510262,-0.14396028,0.2391894,-0.009812772,-0.28254774,0.03448508,-0.1103546,0.48032713,0.66738486,1.9989672,0.58323634
TCGA-DD-AACS,-0.006219577,-0.028636593,-0.08868471,-0.045882486,-0.25441128,-0.026730275,0.3822687,0.8263768,3.5826535,-0.30241916,1.0974785,1.1755852,-0.014135306,-0.37506056,-0.651469,-0.18052606,1.4794263,-0.17458634,-0.32876283,1.0955442,0.3277496,0.7571327,-0.34194338,1.3492489,3.0950403,1.6270748,-0.24759856,1.1467792,2.0710917,-0.05284331,1.6268764,-0.013614575,0.7540932,-0.018122239,-0.2541375,-0.1381667,3.0882628,0.7722906,1.0245684,0.08028477,2.3974714,-0.20533133,1.8812319,-0.18325372,-0.114410535,-0.042474087,-0.17296317,4.1909266,1.436965,0.15311152,-0.004259507,0.74910307,1.3162199,-0.344297,-0.21976762,0.31939575,-0.02141778,-0.5179518,0.40016243,-0.23124301,0.8182893,0.18077122,3.037353,0.38728523
TCGA-DD-AACT,-0.004319007,-0.013581541,-0.083858185,-0.057643272,-0.2167876,-0.044513695,0.55246454,1.2751197,3.471517,-0.2778491,0.89389586,0.80031025,-0.037727874,-0.3184274,-0.5974448,-0.17253317,1.4949952,-0.18575157,-0.29842845,1.3776405,0.3670854,0.5286537,-0.32354295,0.9055334,2.938149,1.4619316,-0.23583141,1.2884674,1.7330551,-0.030980093,1.4853238,0.22112457,0.6932948,-0.020370334,-0.24724202,-0.13803647,2.8547447,0.13026468,0.61643624,0.71275777,2.1831791,-0.21828914,1.4683135,-0.22026081,-0.085222915,-0.025236467,-0.17210013,3.8438175,1.1483746,0.0089895055,0.19021864,0.6808751,1.256307,-0.35152888,-0.16845857,0.17537956,-0.009874815,-0.42751747,0.5164089,-0.16628806,0.6590138,0.42391765,2.4923556,0.39571914
TCGA-DD-AACU,-0.019498572,-0.030369824,-0.067804866,-0.048681907,-0.18548506,-0.031402525,0.59142935,0.96918416,2.8507483,-0.26661116,0.552967,0.74376553,-0.006846382,-0.31702515,-0.54553837,-0.15991126,1.0685334,-0.16902973,-0.28972146,1.2177796,0.20405558,0.42203245,-0.29713807,0.4808354,2.610489,1.1441728,-0.20597894,0.94280547,1.4746804,-0.044386204,1.2557532,0.8384192,0.73682874,-0.015223217,-0.17817828,-0.11071358,2.7570908,0.44174024,0.7846001,0.46283752,1.6655241,-0.209056,1.2468456,-0.14201765,-0.07748459,-0.022737512,-0.13142663,3.2895637,1.3041502,0.6461099,-0.0170916,0.79132164,0.8970403,-0.22661185,-0.19126612,0.23127414,0.23014775,-0.3775595,0.13140783,-0.1510956,1.0845878,0.44279033,2.0044656,0.87482226
TCGA-DD-AACV,-0.023755252,-0.023296993,-0.09522871,-0.025298554,-0.15934941,-0.03596296,-0.010563937,0.9218501,2.248654,-0.14850514,-0.044208013,0.9110204,-0.01979682,-0.2368089,-0.43315154,-0.13053639,0.4101895,-0.13745165,-0.19763726,0.6961813,0.20876174,0.36794707,-0.25770825,0.3590342,1.5808026,1.0333418,-0.13912621,0.34691983,1.00729,-0.041930422,1.0641282,-0.055747148,0.5494271,-0.025982663,-0.1424141,0.38617575,1.8844275,0.35584673,0.7916096,-0.0063645816,1.4106559,-0.16431275,0.6202945,-0.11065739,-0.033992793,-0.02726523,-0.079838604,2.2638617,1.1161871,1.41201,-0.038806185,1.1860522,0.5753782,-0.20211147,-0.14602645,0.062251262,0.66749096,-0.3130697,-0.048405174,-0.12911758,1.3117877,0.5342069,1.8096392,0.73067695
TCGA-DD-AACW,-0.013260814,-0.025578657,-0.04623905,-0.029570132,-0.19235569,-0.0058577578,0.8320217,1.0220588,3.2826889,-0.27811444,1.7001562,0.55457133,-0.011281466,-0.33232686,-0.55151546,-0.16098975,1.0484694,-0.17540276,-0.23047979,0.9352095,0.3841375,0.6058259,-0.29310983,0.5164751,2.7853012,1.4306377,-0.14597051,1.2063214,1.7601354,-0.014667873,1.7870446,0.18707365,1.155033,-0.028921058,-0.24299371,-0.24010563,2.7025566,0.731517,0.0815852,1.0225486,1.9681985,-0.22483996,1.9047627,-0.14828219,-0.09016465,-0.057351805,-0.142615,3.7195308,0.6895362,0.34417233,0.30104068,1.7536641,0.9833519,-0.2926245,-0.20676401,0.60111445,-0.020532189,-0.3905234,1.0246065,-0.1890572,0.8932585,0.3758595,2.5881386,0.37095946
TCGA-DD-AACX,-0.008657948,-0.025468558,-0.074418046,-0.042478364,-0.19716229,-0.04404354,0.549189,1.2722445,3.2386937,-0.26128718,0.532334,0.70166695,-0.015940098,-0.3526964,-0.6272431,-0.19247879,1.4032828,-0.16722253,-0.32642648,1.3467015,0.7075865,0.7551597,-0.30848584,1.146253,3.1366863,1.5973562,-0.25489396,1.0487871,1.8026047,-0.0473045,1.260562,0.6931107,0.60349166,-0.0110784,-0.19719768,-0.09577851,3.0700462,-0.024065463,0.8806058,0.1755808,2.1396852,-0.22075878,1.2719644,-0.20301127,-0.05388254,-0.015768163,-0.17189912,3.93477,1.2653545,-0.013708723,-0.012811323,0.46743587,1.1680263,-0.32731104,-0.19891192,0.14169894,-0.013818313,-0.4836703,0.14836922,-0.203221,0.68003637,0.5832793,2.6813967,0.4961738
TCGA-DD-AACY,-0.0016587652,-0.04261044,-0.06151543,-0.04817582,-0.20967117,-0.03768713,0.40008816,0.7664675,3.1292548,-0.25963655,0.7833496,1.0395408,-0.033763897,-0.2886832,-0.5733024,-0.16982049,1.3987074,-0.16543579,-0.29568717,1.1958383,0.5198966,0.3850337,-0.30450743,1.3260112,2.6781328,1.1094358,-0.23267066,1.3518927,1.4818281,-0.03588262,1.0845565,0.79877084,0.6722088,0.15136984,-0.18932608,-0.14263098,2.7076185,0.11483672,1.0139464,-0.022865564,1.654477,-0.22579029,1.4553251,-0.18946372,-0.09938924,-0.0051950486,-0.15770128,3.5293252,1.2134967,-0.041838743,-0.0135997655,0.16701467,1.2941759,-0.29932123,-0.14875278,0.4131789,-0.01197737,-0.38209027,0.5272584,-0.16756997,0.46459696,1.0945635,2.3519673,0.72633183
TCGA-DD-AACZ,-0.0026743286,-0.022596464,-0.00034698658,-0.016168404,-0.07482976,-0.01970923,0.3779372,0.44526634,1.6007993,-0.18171959,1.6850126,0.07195131,-0.015528907,-0.17259191,-0.29514122,-0.048596058,0.659656,-0.11373507,-0.14443652,0.5693777,-0.017964756,-0.01673371,-0.17217909,0.08946581,1.2747751,0.42957762,-0.07822059,0.834101,0.6491443,-0.035298746,0.76541954,1.1396766,0.5063284,-0.0246247,-0.11147072,-0.1697526,1.4771042,0.43023682,0.04911572,1.005563,0.8087058,-0.12513174,0.9392782,-0.07485214,-0.05184632,-0.014861472,-0.09485963,1.9598656,1.0457081,0.38211295,0.1822718,0.33043545,0.18028997,-0.04021284,-0.08838982,0.04681793,-0.01712679,-0.13537486,0.30840278,-0.09993575,0.52405953,-0.019347867,1.0656037,0.6636211
TCGA-DD-AAD0,0.354082,-0.053188946,-0.12160622,-0.052046068,-0.22966336,-0.018266955,0.83092856,1.2228338,3.179459,-0.23997591,-0.01736545,0.9304265,-0.009226238,-0.35135573,-0.6147595,-0.15888847,1.3968617,-0.20219266,-0.30613297,1.2938021,0.47593147,0.93454623,-0.29375026,0.73578393,3.000295,1.7122791,-0.21975112,0.7734187,1.7914962,-0.027808199,1.4875983,0.29420954,0.5876005,-0.01989176,-0.18229876,-0.05531133,2.6039813,-0.009452568,0.659992,0.32855803,2.4238844,-0.22953212,0.94619894,-0.19581237,-0.07579436,-0.022347376,-0.15757023,3.906144,0.77933955,0.49700624,-0.026785094,1.1620935,1.1498648,-0.34783795,-0.22352281,0.522065,0.14870636,-0.48765728,0.11828142,-0.19090864,1.5043699,0.30763924,2.3714252,0.5185681
TCGA-DD-AAD1,-0.011576405,-0.020200064,-0.04036659,-0.03963759,-0.18292302,-0.019781047,0.61372364,1.0118681,3.191823,-0.27918622,1.7802281,0.7298673,-0.028047292,-0.3288061,-0.5754809,-0.15085599,1.337185,-0.1756167,-0.28526267,1.1674012,0.34631294,0.43218112,-0.30469644,0.80500597,2.7514765,1.2757071,-0.2192674,1.2257547,1.7119193,-0.049940918,1.5191836,0.30000523,0.89755315,-0.032461077,-0.22007668,-0.15284012,2.6975896,0.31246158,0.69731337,0.8569195,1.9643716,-0.223586,1.7861154,-0.17524678,-0.086638406,-0.035309434,-0.1663921,3.5696373,1.1412656,-0.015873006,0.1659851,0.9193443,1.0561092,-0.2689921,-0.15005845,0.23630412,-0.049555767,-0.39235753,0.43614987,-0.19671626,0.3719479,0.51422805,2.4043274,0.48202282
TCGA-DD-AAD2,0.015440457,-0.016917132,-0.023591524,-0.026548594,-0.12756324,-0.02683802,0.3732402,0.9004917,2.4437606,-0.22298698,1.9306369,0.49972364,-0.0065042055,-0.26947585,-0.43262106,-0.11963238,1.0679965,-0.10906446,-0.22129746,0.9417666,0.20238446,0.42018023,-0.22786437,0.8202077,2.0906255,1.2464074,-0.1771196,1.2909666,1.3001734,-0.033764597,1.2634513,-0.0012711105,0.7425558,-0.0025505405,-0.18512064,-0.1715438,2.1604605,0.49167955,0.29417667,0.5071335,1.5690922,-0.17386267,1.5492373,-0.14416383,-0.062309097,-0.02438123,-0.16070582,3.1583078,1.0236176,-0.01578193,0.11952706,0.30805764,1.1200205,-0.24938624,-0.12226113,-0.004051996,-0.052660175,-0.31579402,0.44182798,-0.13575298,0.30394402,-0.0032394992,2.1163883,0.1687958
TCGA-DD-AAD3,-0.0005346276,-0.021871032,-0.045424737,-0.030328458,-0.16659503,-0.03372149,0.22520179,0.85551876,2.670545,-0.23808937,0.82184666,0.7766618,-0.009719613,-0.27836913,-0.47049722,-0.16374272,1.096313,-0.115955524,-0.24955569,1.1191078,0.42415053,0.64743817,-0.25250193,0.8855802,2.233363,1.3017453,-0.21013002,1.0323633,1.3242882,-0.03448447,1.2273154,0.15342636,0.6471405,0.0010197945,-0.18028088,-0.09301464,2.4580398,0.36307162,0.55637145,0.02014329,1.6873294,-0.17646797,1.3326974,-0.15277895,-0.05131355,-0.012673712,-0.14246082,3.3002405,1.0212773,-0.00020397082,-0.01293474,-0.0054017836,1.240846,-0.27309322,-0.14168476,0.037155785,-0.042289015,-0.37977576,0.10509264,-0.16280608,0.48035976,0.3614496,2.1877038,0.4353975
TCGA-DD-AAD5,-0.011429439,-0.027009582,0.018812288,-0.022530286,-0.040527664,-0.011435635,0.14098583,0.46244898,1.6311195,-0.14450634,1.4985744,0.02389766,-0.021203442,-0.14554033,-0.26653728,-0.072443254,0.65259486,-0.09343683,-0.12929605,0.6313825,-0.010647408,-0.007516045,-0.16498789,0.21460679,1.1633273,0.1694153,-0.06912505,0.8450096,0.8583016,-0.0262009,0.5366911,1.3288772,0.38724935,0.2319391,-0.095285684,-0.118863754,1.4816288,0.2975852,0.36358684,0.66608447,0.6279701,-0.112513445,0.95580673,-0.054877,-0.05416722,-0.02082721,-0.11075248,1.6294801,0.86819214,0.069601834,0.023101592,-0.0036563517,0.28880665,-0.081872016,-0.0652074,0.18005772,-0.03285137,-0.13661902,0.21269074,-0.0731609,0.22423321,0.1588387,0.90198094,0.45677233
TCGA-DD-AAD6,0.016568936,-0.040958688,-0.04198873,-0.0506559,-0.10580788,0.009827055,0.5801801,0.6504463,2.5527635,-0.24831076,0.9184228,0.417757,-0.0067394446,-0.27599362,-0.462568,-0.13776256,1.0801767,-0.12845473,-0.23166882,0.9721296,0.2459672,0.24025202,-0.25650063,0.505204,2.0580485,1.1250538,-0.112360075,1.1808743,1.1587365,-0.034110263,1.1217014,1.3431861,0.63397425,0.08032948,-0.1441205,-0.19787316,2.4234731,0.13797124,0.49365592,0.32067972,1.4167413,-0.17883885,1.1454225,-0.12678955,-0.06436872,-0.0349635,-0.111040585,3.1797214,0.7942009,0.45450357,0.019910587,0.1915369,0.8586482,-0.20866112,-0.14503516,0.582381,-0.03226585,-0.3246378,0.52988666,-0.1301902,1.0765219,0.22412041,2.0930483,0.71437925
TCGA-DD-AAD8,-0.0112638455,-0.0021965317,-0.105288245,-0.02036418,-0.14994727,-0.065403044,0.05121833,0.8505615,2.0434856,-0.18326645,-0.056668848,0.8656554,-0.027820244,-0.20795524,-0.41761413,-0.14003025,0.59786904,-0.13395491,-0.21867673,0.8596877,0.33386546,0.40216437,-0.2484123,0.64502287,1.9296743,0.68842256,-0.1386776,0.2465473,0.90619934,-0.028162805,0.7459761,0.31899726,0.4377384,0.03689627,-0.103200555,0.3930414,2.0253758,0.8406651,0.644393,0.022128757,1.3462468,-0.13848262,0.43868774,-0.103187494,-0.04025487,-0.03308521,-0.032340337,2.2631066,0.84070235,0.61841047,-0.037014972,0.29031724,0.62840945,-0.16830568,-0.1534029,0.13725537,0.60242563,-0.30140778,-0.043937307,-0.10894187,1.1063882,0.92072713,1.4949648,0.8638454
TCGA-DD-AADA,-0.0029130832,-0.025171284,-0.052499432,-0.0300152,-0.21022835,-0.029814735,0.9292666,1.247555,3.5570595,-0.28066972,1.4226882,0.4262509,-0.013982005,-0.35083327,-0.6209298,-0.16004801,1.2605727,-0.20373137,-0.30554053,1.1193591,0.4859953,0.5399585,-0.34042224,0.72758764,3.135349,1.2477204,-0.22460973,1.3267531,2.0229003,-0.03383973,1.5835105,0.5720096,0.9004227,-0.023340335,-0.22842734,-0.18951373,3.0549119,0.074414685,0.62990403,1.2639127,2.1797996,-0.22820394,1.5239553,-0.184097,-0.12125242,-0.0141605055,-0.19133522,3.693446,0.9147876,0.03923232,0.08661372,1.469507,0.86146003,-0.30318406,-0.1860343,0.62417763,-0.037320044,-0.4175388,1.1979117,-0.1654086,0.4889969,0.782738,2.5716586,0.5570729
TCGA-DD-AADB,-0.001700116,-0.018328812,-0.006743045,-0.04675395,-0.12487488,-0.009055025,0.52835023,0.53074825,2.1674004,-0.21876784,1.5620089,0.13289852,-0.025397032,-0.20069937,-0.35156712,-0.07191979,0.76185113,-0.11038058,-0.17371175,0.6069574,-0.0004415661,0.17515521,-0.17996441,0.18393785,1.6829165,0.9758155,-0.08370358,0.7955816,0.8766098,-0.014374591,1.200991,0.5624081,0.80305564,-0.028209165,-0.12854059,-0.22305708,1.9109241,0.3706985,-0.0045467704,0.9262503,1.4033514,-0.13348633,1.090519,-0.104638696,-0.06370788,-0.012049637,-0.118629895,2.4347408,0.8906408,0.41195574,0.2352059,0.67060757,0.4469794,-0.12491017,-0.12189716,0.28384128,-0.021956658,-0.21544269,0.67582464,-0.12064027,0.5277946,0.13834509,1.4841495,0.5411042
TCGA-DD-AADC,-0.004869073,-0.013889164,-0.02055812,-0.029350972,-0.11079734,-0.021137921,0.2954476,0.5385635,2.2424445,-0.1742559,1.3216331,0.24985287,-0.0031474263,-0.22192506,-0.39585832,-0.10431965,0.81703264,-0.11988524,-0.19407608,0.7322382,-0.0022561909,-0.0016062756,-0.21127568,0.32942533,1.7514818,0.88856804,-0.10153311,0.8823138,1.1726648,-0.04123009,1.1413665,0.7335726,0.46955863,-0.005629906,-0.15604119,-0.15488416,1.9432098,0.4418947,0.3064413,0.6673005,1.1254326,-0.13673428,1.1822768,-0.09740081,-0.076344535,-0.030009357,-0.106394246,2.5620222,0.92773926,0.33315912,0.18713427,0.60218793,0.4443043,-0.16186707,-0.12541717,0.06905884,-0.016880156,-0.22808447,0.34077808,-0.12880586,0.6060234,0.086002216,1.4960244,0.5314894
TCGA-DD-AADD,-0.0069532255,-0.017697101,-0.05037127,-0.032989807,-0.122218214,-0.0038418546,0.39495146,0.34675243,1.5916173,-0.17373924,0.48400843,0.334143,-0.008631068,-0.18575957,-0.29519504,-0.06289981,0.077796444,-0.09192307,-0.13842757,0.43605027,-0.007368841,-0.0007328677,-0.17487764,-0.035410803,1.2600654,0.51647407,-0.057514478,0.4943439,0.91882724,-0.009658479,0.8469433,0.6349131,0.38824883,-0.047929604,-0.11594998,-0.10727508,1.2386072,0.5914354,-0.007334724,0.49789253,0.7551749,-0.13116209,0.58357334,-0.07360634,-0.05374607,-0.027533168,-0.0445165,1.9123542,0.7832474,1.0435736,0.19720179,1.5895925,0.20353463,-0.08584625,-0.14821011,0.18823068,0.3804199,-0.1853308,0.10104544,-0.070124745,1.2385267,0.066947415,1.0848252,0.687236
TCGA-DD-AADF,-0.024876315,-0.0035979145,-0.051476687,-0.031719234,-0.15004627,-0.028186694,0.034484565,0.8374118,2.4584808,-0.17272966,-0.043154247,0.5970231,-0.0026589811,-0.21765922,-0.44710493,-0.1286045,0.6525962,-0.15565707,-0.20278554,0.89564997,-0.014816015,0.1937452,-0.23746347,0.3904147,1.8598063,0.8412526,-0.12363827,0.48048088,1.0245012,-0.012945734,0.9340135,0.8817114,0.54719466,0.036293674,-0.1602237,-0.05673812,2.1743097,0.7065734,0.52424693,0.35853687,1.2420417,-0.17824559,0.74529636,-0.13200639,-0.069667086,0.13668917,-0.12054217,2.3694556,1.142966,1.3726091,-0.023043154,0.80884016,0.06434321,-0.15937196,-0.15044443,0.2665576,0.79661095,-0.29286283,0.16394797,-0.055374634,1.0831268,0.64532787,1.7011528,0.9747641
TCGA-DD-AADG,0.044294067,-0.0112033235,-0.09579143,-0.020522198,-0.1674371,-0.023336789,0.6606252,1.2714616,2.6049633,-0.22538601,-0.01561136,0.9056571,-0.002041162,-0.31273907,-0.51894015,-0.1419625,0.8537519,-0.19081444,-0.25359416,1.2083133,0.4722482,0.5002405,-0.26977453,0.36187458,2.3858817,1.5440197,-0.18914533,0.69868517,1.2872975,-0.0386749,1.1534867,0.16068214,0.3777756,-0.057643224,-0.1923796,-0.020367792,2.2832901,0.39805847,0.52236307,0.48844802,1.8195252,-0.2212971,0.7402988,-0.17907701,-0.06554078,-0.010977234,-0.09504523,3.120119,0.7088325,0.9385662,-0.0035519924,1.6854551,0.6824308,-0.26476938,-0.19063918,0.08260713,0.51696557,-0.3657383,0.084224515,-0.12438486,1.4538907,0.18111558,2.0241375,0.48652688
TCGA-DD-AADI,0.027098008,-0.022049772,-0.052830767,-0.04217069,-0.20582221,-0.028881878,0.7295681,1.1435235,3.6614444,-0.27815902,1.2741647,0.75092757,-0.018496644,-0.33663148,-0.5987399,-0.15322527,1.3600718,-0.21065025,-0.30794,0.95893294,0.3541274,0.40338933,-0.33105442,0.76448166,2.8944898,1.3385137,-0.21951447,1.2391163,2.0048168,-0.019919958,1.541705,0.3617178,0.97165686,-0.03269447,-0.23758109,-0.15633723,2.900456,0.34670818,0.7865436,1.181623,2.1774063,-0.23465538,1.6626819,-0.17402871,-0.11012455,-0.009585554,-0.17008236,3.7276235,1.032069,0.043364756,0.133044,1.1707072,0.98848873,-0.30356297,-0.17932159,0.46837085,-0.022925168,-0.4199973,0.7260389,-0.17742701,0.5780952,0.76366574,2.5281572,0.3877195
TCGA-DD-AADJ,-0.010347762,-0.04260999,-0.048958715,-0.016600773,-0.20577672,-0.0057398,0.7603441,0.9406749,3.3559756,-0.25943038,1.0111194,0.60775054,-0.017741514,-0.32056057,-0.5355853,-0.13762246,1.0169871,-0.18543518,-0.23179877,1.0636528,0.38545746,0.54072595,-0.2884158,0.3949854,2.5418775,1.4188681,-0.17420873,1.0174446,1.959285,-0.029961431,1.5805482,0.2572857,1.0523672,0.08466011,-0.2086169,-0.19137135,2.378415,0.9699119,0.3027194,1.1088685,1.7850443,-0.20329674,1.6247126,-0.14663646,-0.10468405,-0.011239642,-0.15003817,3.4199474,0.6384619,0.13967973,0.14238876,1.8578025,0.67091155,-0.2719678,-0.17216122,0.64354306,0.03028718,-0.35987565,0.87386,-0.17394511,0.78952765,0.8169401,2.342442,0.6001189
TCGA-DD-AADK,0.030116368,-0.018168073,-0.03277242,-0.019448763,-0.14841251,-0.029449461,0.4531713,0.98347026,2.617801,-0.22753303,1.7633842,0.5165691,-0.017519513,-0.2700557,-0.45447,-0.12358512,1.2107576,-0.13026936,-0.24908121,0.94216037,0.23782788,0.3842481,-0.2556009,0.6581305,2.2895093,1.1546917,-0.19039927,1.2513664,1.369865,-0.04061691,1.334359,0.13244624,0.677765,-0.006223416,-0.18879779,-0.16322781,2.243948,0.37127322,0.5015163,0.7776671,1.7378188,-0.18061142,1.6437595,-0.14680403,-0.061032873,-0.024593104,-0.1671069,3.1529896,1.0616663,0.006363161,0.1055997,0.33642682,1.028894,-0.23958778,-0.14083521,0.0151947085,-0.0477369,-0.3166446,0.44784752,-0.1467108,0.21914698,0.017199758,2.0658755,0.21963747
TCGA-DD-AADL,-0.02278519,-0.021550672,-0.06316499,-0.05313986,-0.17313497,-0.023374751,0.21966386,0.9601476,2.677867,-0.21681142,0.20259929,1.0049863,-0.01648247,-0.2973,-0.5264835,-0.16648643,0.87001806,-0.15491794,-0.24725182,0.9449659,0.22073868,0.3761972,-0.28893685,0.673874,2.2864661,1.1612594,-0.19438696,0.6093224,1.4126812,-0.046004366,1.0644122,0.35743454,0.6816806,-0.02697063,-0.17506568,-0.067466706,2.2929888,0.96942884,0.8624356,-0.0014411769,1.75098,-0.17712896,1.0383416,-0.15359196,-0.09391263,-0.04147285,-0.11427795,3.0655308,1.1417637,0.49239627,-0.0063198507,1.0670319,0.7680653,-0.24315794,-0.18101211,0.0910702,0.20784363,-0.36010584,0.0116311535,-0.13933615,1.1733235,0.77382344,2.232935,0.7282833
TCGA-DD-AADN,-0.01575653,-0.020012127,-0.034735903,-0.017786974,-0.086907506,-0.042702194,0.67439526,0.59364915,1.9017154,-0.21269646,1.2839724,-0.011854773,-0.011198437,-0.197879,-0.3659515,-0.10010516,1.0131748,-0.11800982,-0.19813372,0.6222466,0.060879096,-0.012870158,-0.20137146,0.55424803,1.8668851,0.5559591,-0.100760214,0.8055528,0.9232902,-0.024159266,0.9693523,1.2649758,0.8092065,-0.024250964,-0.12549227,-0.20092423,2.0351179,0.4671727,0.36970246,0.5314006,1.1562232,-0.15484618,1.2643203,-0.11365681,-0.052577265,-0.0061899885,-0.11535759,2.560371,1.2118578,0.35715693,0.15470935,0.16605178,0.33038083,-0.095074564,-0.100032665,0.15202715,-0.021582944,-0.20970558,0.2897092,-0.0930141,0.47751266,-0.005364372,1.4642807,0.8409608
TCGA-DD-AADO,-0.012439639,-0.015544943,-0.027750267,-0.05451533,-0.17018776,-0.011238911,0.92933464,0.74299276,3.164745,-0.28450385,2.054295,0.01448196,-0.024718665,-0.3184642,-0.48797384,-0.13355972,1.0325127,-0.17791237,-0.22412895,0.7450332,0.31261355,0.19478929,-0.29779193,0.32112312,2.374246,1.1461895,-0.14235865,1.1256166,1.6507871,-0.03871464,1.3996807,0.9509767,0.94984406,-0.028293658,-0.19563718,-0.26789132,2.3796935,0.52391297,0.32148665,1.2735837,1.8577756,-0.24427548,1.4044877,-0.15569906,-0.09990158,-0.025408158,-0.17378414,3.2849169,0.8852635,0.17295384,0.20798789,1.5830237,0.797356,-0.20965333,-0.18352598,0.74876994,-0.030700257,-0.31320474,0.91961616,-0.1809476,0.97910905,0.3214137,2.0434916,0.46777993
TCGA-DD-AADP,0.15186238,-0.03660799,-0.048620112,-0.03440818,-0.15889217,-0.0155481165,0.58091307,0.9480456,2.956773,-0.23437972,0.66515374,0.71348894,-0.016699798,-0.29356608,-0.5298518,-0.14769493,0.8918864,-0.17908557,-0.22798815,0.96301514,0.23114492,0.34459525,-0.25575045,0.55567217,2.6823497,1.3094388,-0.17118967,0.9505732,1.638876,-0.0220675,1.3926424,0.5975406,0.79321927,-0.0064236596,-0.18632947,-0.15330127,2.6355083,0.66456604,0.5642514,0.41166294,1.8228456,-0.20117183,1.5718132,-0.16004328,-0.072552375,-0.032485113,-0.09107421,3.3301163,0.9001898,0.33326378,0.22876637,0.8757085,0.77132165,-0.2614282,-0.17307423,0.16421278,-0.00062024704,-0.36590943,0.6806484,-0.1446865,0.8840048,0.34138858,2.2424924,0.4030074
TCGA-DD-AADQ,-0.012779343,-0.048694104,-0.07183648,-0.07214298,-0.18500371,-0.027972221,0.7585875,0.7132193,2.8825555,-0.26562995,0.48784757,0.570137,0.013696371,-0.29974914,-0.5365302,-0.1808416,1.4510251,-0.1449913,-0.25571656,1.2030212,0.49500877,0.5746634,-0.292177,0.63044643,2.4953258,1.1925958,-0.18279384,1.0925221,1.4731224,-0.044746187,1.1179291,1.0322046,0.8039105,-0.009099088,-0.19980532,-0.15727615,2.5098364,-0.0129095195,0.7178683,0.15516639,1.6105362,-0.19524397,1.43349,-0.16197912,-0.07071446,-0.021299062,-0.119871676,3.2859733,0.9934256,0.0936937,-0.014740782,0.4021558,0.8851151,-0.26916894,-0.16157477,0.4390316,0.15857717,-0.37951568,0.57628965,-0.16256222,0.8064925,0.7906557,2.2656476,0.58107406
TCGA-DD-AADR,-0.008508738,-0.032707896,-0.08238707,-0.03406611,-0.17107356,-0.026446903,0.45518532,1.0275054,3.1604714,-0.26642403,0.9732407,1.0757831,-0.025914175,-0.3130202,-0.5661296,-0.14223553,1.2200744,-0.19046776,-0.29802415,1.1951882,0.2519219,0.46578047,-0.3004363,0.8137056,2.760894,1.3682889,-0.19140531,1.134232,1.4664946,-0.043318376,1.4249817,0.6994753,0.7223126,-0.007747394,-0.18890378,-0.15390521,2.8100588,0.47180283,0.84797376,0.47958863,1.976626,-0.20234291,1.6299697,-0.17071411,-0.092286095,-0.023031572,-0.12084495,3.6081152,1.1925702,0.22995749,0.14228779,0.20583753,1.0227811,-0.28204772,-0.1842423,0.29062906,-0.0078419745,-0.4145448,0.26037592,-0.17459154,0.95319366,0.2720179,2.2905302,0.71322495
TCGA-DD-AADS,-0.00801779,-0.0256038,-0.10985394,-0.056833755,-0.21776311,-0.037589256,0.6214286,1.2853961,3.278325,-0.28013363,0.5008714,0.930816,-0.009407192,-0.382099,-0.6254826,-0.16743587,1.3751388,-0.17662357,-0.29948932,1.393367,0.51451087,0.7194633,-0.3190022,0.9435387,3.0603185,1.7085799,-0.24926963,1.0681186,1.709537,-0.057445228,1.4566079,0.09265712,0.64840233,-0.037528936,-0.2364711,-0.10019487,2.9065928,0.024378229,0.9234615,0.48822904,2.4236054,-0.2386946,1.3697741,-0.20973065,-0.10050624,-0.009324888,-0.1601634,4.1109157,1.2610223,0.1976121,0.038574528,0.8947206,1.3773162,-0.35217568,-0.20080017,0.40197536,-0.006231008,-0.48768577,0.18152383,-0.19637233,1.2215592,0.33642066,2.7179945,0.73052764
TCGA-DD-AADU,0.12468881,-0.028168747,-0.07833995,-0.06972366,-0.19535705,-0.03256947,0.86421067,1.1310434,3.0990345,-0.2529883,0.4388087,0.79593086,-0.013547775,-0.34327278,-0.57997227,-0.17894585,1.5261147,-0.18027,-0.29006478,1.2541493,0.5931028,0.57812154,-0.29219306,0.6734752,2.8587651,1.6845428,-0.21076234,1.071598,1.6910112,-0.042640038,1.4255991,0.72797024,0.63541466,-0.02449462,-0.21057187,-0.105415344,2.607388,0.11957827,0.6584734,0.3678652,2.0601063,-0.20240326,1.42578,-0.21311818,-0.079865925,-0.046632282,-0.0831912,4.031193,1.021879,0.124816634,-0.008730218,0.7465972,0.9664127,-0.29239565,-0.20151067,0.3311752,-0.015652677,-0.42753616,0.2983391,-0.15062337,0.9848569,0.06722045,2.7798355,0.49679935
TCGA-DD-AADV,-0.021236718,-0.004950507,-0.0691235,-0.03040349,-0.1753973,-0.039334767,0.018984012,1.0948529,2.408952,-0.21637861,-0.013377542,0.99018294,-0.019645238,-0.2749335,-0.47952628,-0.14626755,0.80760854,-0.16017412,-0.25083742,0.8313068,0.32233322,0.47124687,-0.25595784,0.54863876,2.1442482,1.2852149,-0.20841058,0.6276809,1.1984636,-0.028556783,1.0760467,0.12421486,0.46128234,-0.019802058,-0.14972349,-0.02032161,2.275657,0.36400157,0.63602716,-0.003456569,1.407502,-0.18288721,0.9029596,-0.16909246,-0.03461058,-0.011771773,-0.11061291,3.012025,1.1178992,1.1431433,-0.027321199,0.57302165,0.64482635,-0.22709933,-0.1407756,-0.003322833,0.32377666,-0.33487743,-0.026669279,-0.11977749,1.1080315,0.38029927,2.0883653,0.63112265
TCGA-DD-AADW,-0.018809771,-0.023739519,-0.04821945,-0.031170895,-0.2253392,-0.006066589,1.0210314,0.9764252,3.6255932,-0.28087884,1.7398379,0.4671767,-0.010030566,-0.3223826,-0.58559185,-0.18548356,1.1627188,-0.18896563,-0.2777364,0.9430945,0.57836103,0.5014272,-0.3481153,0.51509243,3.0580828,1.6094637,-0.20401299,1.398165,2.1286535,-0.023415806,1.6145228,0.3819567,0.84316754,-0.008443761,-0.25314108,-0.15939732,2.8878493,0.4907663,0.5617595,1.3109453,2.0044317,-0.24418095,1.7571471,-0.15120918,-0.10252364,-0.034355372,-0.184944,3.8474042,0.86087525,0.024553075,0.21591364,1.6644635,1.1767724,-0.345042,-0.18364511,0.80542046,-0.03971106,-0.42816472,1.0211349,-0.21944426,0.49596766,0.85153896,2.7609787,0.37153995
TCGA-DD-AADY,-0.028425409,-0.037131645,-0.09083671,-0.04013541,-0.26561615,-0.040666666,0.8579434,1.4706177,4.0283027,-0.297498,1.0407517,0.83610487,-0.016236022,-0.40192923,-0.6861551,-0.199931,1.4888394,-0.22271727,-0.32477424,1.4035137,0.6674123,0.6922008,-0.40639114,0.75937176,3.586112,1.4929221,-0.2626552,1.3750249,2.2501836,-0.015536049,1.6727238,0.44951487,0.811712,-0.019950915,-0.26148006,-0.12943923,3.2488353,0.27192906,0.7771614,0.78651136,2.37882,-0.25935838,1.7009571,-0.23206954,-0.1314541,-0.004411285,-0.18047239,4.128594,0.95812875,0.08768844,-0.0014380248,1.7802026,1.2327938,-0.38255516,-0.19498059,0.6567427,-0.028960085,-0.47405872,0.804022,-0.19606453,0.7658069,0.8389597,2.8953955,0.18802726
TCGA-DD-AAE0,-0.0041355244,0.0874913,0.03334934,-0.022332072,-0.13092808,-0.013778753,0.7873826,0.6846446,2.6755698,-0.22905429,2.2252364,0.1505957,0.13076651,-0.27471343,-0.42306858,-0.07999243,0.95343506,-0.13860343,-0.21090925,0.7692284,0.34729815,0.12421383,-0.2582496,0.25990248,2.3478963,0.9643275,-0.15964065,1.1609879,1.6823821,-0.015644042,1.4312063,0.47895432,0.88583845,-0.029802738,-0.2005744,-0.22314022,2.2399995,0.56300753,0.13459007,1.6068927,1.6287218,-0.18976374,1.4428328,-0.11746671,-0.07695822,-0.0010169867,-0.17901975,3.2446718,0.6473821,0.2243936,0.19510664,1.3370278,0.62664664,-0.23244672,-0.16006766,0.74030685,-0.058028813,-0.2815744,1.0928278,-0.13041498,0.32040825,0.16810599,2.0214925,0.2058945
TCGA-DD-AAE1,-0.008273979,-0.020392505,-0.06375718,-0.053144265,-0.21629803,-0.040776983,0.7556775,0.88995916,3.4665442,-0.27345768,0.58275515,0.64798504,-0.034437343,-0.32730773,-0.55988854,-0.13780886,0.99273247,-0.205138,-0.262565,0.7624859,0.35417247,0.506492,-0.28361073,0.1372517,2.7472398,1.3205045,-0.1663889,0.79699236,1.5449659,-0.024696793,1.5875585,0.58205897,0.85925317,-0.04361442,-0.22269844,-0.16952516,2.765979,0.6243096,0.18293573,0.8954339,2.0586271,-0.2340837,1.3238671,-0.16226389,-0.09156499,-0.017396731,-0.12006191,3.3663144,1.0289457,0.65632194,0.06384779,1.7787061,0.7513064,-0.20990553,-0.19788131,0.6132318,0.18790495,-0.3949329,0.6101328,-0.16880666,1.3234069,0.6073547,2.196559,1.0010028
TCGA-DD-AAE2,-0.0013689526,-0.006750514,-0.062526636,-0.031296205,-0.1392227,-0.06658143,-0.017716581,0.60330456,1.9249823,-0.17748027,-0.01845516,0.8257369,-0.031230463,-0.2087579,-0.42008463,-0.14525388,0.6457504,-0.107955836,-0.19178127,0.8668457,0.15888774,0.28411695,-0.2127723,0.57804585,1.8782798,0.9124696,-0.13576631,0.42569062,0.988144,-0.02992682,0.66219515,0.15666275,0.5297337,-0.010063215,-0.099076085,-0.021173025,1.9724656,0.7819969,0.29862282,0.14299807,1.3134078,-0.13368331,0.4198398,-0.13620423,-0.031567063,-0.04674663,-0.09344906,2.2818158,1.1590466,0.95615655,-0.007355334,0.014481594,0.6559581,-0.16289319,-0.12696195,-0.0047219465,0.4699772,-0.29556653,-0.044513922,-0.08424477,0.70923036,0.34064275,1.7522371,0.67670196
TCGA-DD-AAE3,-0.018122986,-0.035156623,-0.12573822,-0.05654619,-0.22367842,-0.015485907,0.78514606,1.4254885,3.3471246,-0.25408635,-0.015783735,0.96333045,-0.016527295,-0.33667895,-0.6111461,-0.1641019,1.4077988,-0.2034009,-0.2941339,1.444415,0.33519948,0.71828294,-0.31110972,0.6879204,2.601198,1.4997116,-0.20334141,0.76324433,1.730602,-0.020532418,1.3392937,0.5747341,0.69675165,-0.037578054,-0.20171571,-0.11370267,2.7388985,0.42542762,0.53596413,0.4874282,1.9835907,-0.2489187,0.9831698,-0.19494988,-0.08425843,-0.019799355,-0.1343879,3.6064835,1.2137021,1.1329473,-0.016058313,1.1798514,0.67107457,-0.28006548,-0.21590228,0.33060458,0.39884308,-0.410396,0.100939326,-0.15140988,1.5183375,0.33070844,2.3645124,0.68788344
TCGA-DD-AAE4,0.02499044,-0.003371585,-0.08123808,-0.05101055,-0.11841013,-0.051859077,0.055643104,0.84206563,2.0464644,-0.164388,0.00975861,0.8403176,-0.039780926,-0.21620868,-0.42676353,-0.10544461,0.8457164,-0.12691036,-0.18194644,0.81198996,0.28432018,0.3325706,-0.17049408,0.7543512,1.9882315,1.1387693,-0.16464798,0.69844013,1.0488592,-0.016249666,0.952935,0.0758569,0.43256277,-0.003480766,-0.116645865,-0.033529043,2.0661175,0.39898825,0.57646495,0.1371356,1.5192817,-0.13529783,0.8138725,-0.15278396,-0.020494297,-0.029543025,-0.12523223,2.599051,0.8637366,0.55916435,-0.01497943,0.26856923,0.7518083,-0.22011256,-0.12920642,0.048059948,0.28587446,-0.31650645,-0.0018628113,-0.12733759,0.81810814,0.11562505,1.9093599,0.46515068
TCGA-DD-AAE6,-0.05199633,-0.022369094,-0.061712332,-0.015764384,-0.14890102,-0.03348821,0.3794204,0.51853,2.3111813,-0.21282935,0.90087706,0.2381593,-0.016947841,-0.2678518,-0.45300603,-0.10630132,0.6782079,-0.106143236,-0.15575327,0.39710513,-0.007162861,0.340645,-0.24446581,0.7135697,2.0567968,0.91689545,-0.11630136,0.5823385,1.3139334,-0.013699991,1.1298777,0.22314247,0.59140676,-0.03793623,-0.12636769,-0.12819907,1.967182,0.78331596,0.48210102,0.4358294,1.1717834,-0.15855557,1.2139039,-0.091470614,-0.0917753,-0.048211314,-0.11021986,2.586009,0.85162127,0.4228141,0.11587835,1.3635935,0.88400495,-0.18802434,-0.1702687,0.78481376,0.11459355,-0.29610783,0.22588101,-0.10746018,1.1196381,0.9675227,1.9945142,0.3966453
TCGA-DD-AAE7,-0.0014728777,-0.024135003,-0.08349331,-0.048286576,-0.19758816,-0.038923662,0.3505206,1.1912692,2.9543922,-0.26028678,0.6401077,0.9261789,-0.02207982,-0.31680715,-0.57996947,-0.14957564,1.3154922,-0.16636068,-0.28183028,1.1959484,0.29966813,0.5942943,-0.2991696,1.098357,2.721928,1.3941839,-0.21032126,1.0618775,1.669078,-0.02636361,1.2999519,0.11593473,0.65364903,-0.013545281,-0.18347864,-0.10955564,2.681909,0.27408877,0.6267185,0.38386354,2.163251,-0.19443819,1.4309552,-0.1951132,-0.07216315,-0.035269942,-0.1424281,3.493791,1.2753749,-0.014929495,-0.007674751,0.41879293,1.1996787,-0.2640108,-0.16053045,0.20499651,-0.0011046451,-0.42733273,0.12019377,-0.16443153,0.80972195,0.36823583,2.2838023,0.7070611
TCGA-DD-AAE9,-0.0113137,-0.016013307,-0.0811924,-0.045979332,-0.16952276,-0.018708725,0.78337663,1.1004009,2.8693445,-0.23790593,0.23829252,0.65383416,-0.012960965,-0.31271872,-0.5200394,-0.15968575,1.0093675,-0.19734482,-0.26773083,1.3238597,0.5452033,0.4726968,-0.2730559,0.3638299,2.5304685,1.2611464,-0.20052545,0.9478832,1.4086577,-0.02283087,1.244372,0.8229346,0.4399463,-0.057736546,-0.19246005,-0.11851757,2.470764,0.16225012,0.47242957,0.4403508,2.0317411,-0.2204891,0.90182245,-0.17713629,-0.05782981,-0.019982742,-0.1287479,3.2775328,1.0148938,0.8660954,-0.02105716,0.9653696,0.7025359,-0.2964453,-0.18231799,0.16924323,-0.009222835,-0.37934485,0.21438286,-0.119720034,1.2273946,0.31030756,2.1824448,0.74768275
TCGA-DD-AAEA,-0.0064464607,-0.019379854,-0.07292159,-0.033474173,-0.18360095,-0.014500245,0.5527546,0.84654814,2.7870028,-0.240924,0.510631,0.7726154,-0.015594082,-0.31484514,-0.5066442,-0.14001955,1.0372169,-0.16071741,-0.25111455,0.9834627,0.14505889,0.57200736,-0.2598189,0.7172514,2.3785899,1.2194077,-0.16940473,0.9134129,1.4554586,-0.035324905,1.458589,0.4783375,0.5640995,-0.04469469,-0.1744237,-0.10468866,2.3430977,0.15984629,0.39057058,0.3713147,1.780696,-0.17947106,1.1201658,-0.16044064,-0.06995503,-0.038581852,-0.15022705,3.2948682,1.2020595,0.46882004,0.08349516,0.7738491,0.99862355,-0.27319196,-0.17981087,0.26206827,0.045647938,-0.37827504,0.094657935,-0.16132754,1.1665211,0.253277,2.2527564,0.6736286
TCGA-DD-AAEB,0.018197812,-0.03155439,-0.10931227,-0.037314843,-0.19513991,-0.016481359,0.6220726,1.1844754,2.8741765,-0.24656983,0.044151995,1.1178935,-0.032298293,-0.33250952,-0.5742683,-0.14340748,1.0611864,-0.18383864,-0.303331,1.5119897,0.51886964,0.5910399,-0.28641114,0.90565175,2.7680733,1.7308272,-0.22269695,0.8281042,1.7027317,-0.028899541,1.3651606,-0.017361095,0.31576037,-0.035442382,-0.20348254,-0.047281288,2.6564734,0.39069542,0.98817194,-0.011136275,2.1079817,-0.19362411,0.8718337,-0.19717427,-0.084861964,-0.025051126,-0.1447494,3.552567,1.0882746,0.70528114,0.16496927,0.8662305,1.058681,-0.3452303,-0.19261622,0.044148244,0.20652205,-0.44227633,0.052855663,-0.17588323,1.3602952,0.04581158,2.4970672,0.5863082
TCGA-DD-AAED,0.0761214,-0.033836164,-0.00557889,-0.035945497,-0.19004655,-0.022957984,0.4603312,0.61344904,2.6034088,-0.235255,1.2861682,0.48468682,-0.010488272,-0.26302427,-0.4596572,-0.12381961,1.0763047,-0.14283249,-0.23105676,0.82625467,0.38673693,0.2221116,-0.23503363,0.65714693,2.3935182,1.1322912,-0.15023778,0.857796,1.6091797,-0.01238779,1.2966536,0.26516813,0.95834774,0.10127801,-0.13829562,-0.15795536,2.3492336,0.6913762,0.38302135,0.29565173,1.6479571,-0.20636415,1.5533487,-0.11478641,-0.10098034,-0.029640922,-0.14566499,3.1075726,1.1936208,0.015059732,0.15422389,0.6714951,0.8402861,-0.23186718,-0.18558225,0.31990874,-0.008668584,-0.32843712,0.7071861,-0.1527103,0.2148421,0.5678752,2.0888574,0.37139133
TCGA-DD-AAEE,0.10516528,-0.03405372,-0.05289149,-0.034946714,-0.15595204,-0.036689892,0.5316765,0.8076886,2.7235174,-0.22162674,0.5877765,0.6710457,-0.001348004,-0.26887682,-0.51017565,-0.15772106,1.110613,-0.13766307,-0.23438703,1.311174,0.2789181,0.17232,-0.24420357,0.74195427,2.3866332,1.1647326,-0.13320221,0.9598791,1.167979,-0.054897916,1.1484103,1.1910346,0.53703904,-0.0033907455,-0.15402225,-0.1582233,2.2594266,0.3956146,0.64935005,0.21666434,1.5929006,-0.18305983,1.1945009,-0.15079246,-0.0719074,-0.024554435,-0.12249476,3.2974074,0.94618225,0.35265532,-0.027295336,0.3445343,0.6917672,-0.24645673,-0.16609582,0.3840408,0.0004154928,-0.36638248,0.3177657,-0.14350544,0.8496044,0.3885147,2.1419039,0.72378457
TCGA-DD-AAEG,-0.028848289,-0.060999937,-0.070389085,-0.03429807,-0.19479214,-0.02393995,0.70217526,1.1942711,3.8798018,-0.25868693,1.4974817,0.5017158,-0.022634536,-0.33913526,-0.623546,-0.17014183,1.5564094,-0.20048915,-0.30977222,1.4378556,0.49342656,0.45010483,-0.3287172,0.4350779,3.0661085,1.18052,-0.22303593,1.4819329,2.0080526,-0.046765905,1.260369,0.5810728,0.6750946,-0.0021279436,-0.23381113,-0.15297678,2.8310559,0.4416264,0.6911481,0.8172668,2.1565633,-0.22734337,1.5522656,-0.20477128,-0.106740974,-0.009404457,-0.17884372,3.9216156,1.1582817,0.25435954,-0.0006867586,1.1490052,0.87638813,-0.33219945,-0.20500289,0.41064262,-0.056173146,-0.40986592,0.8315966,-0.16082571,0.48352888,0.42708933,2.6898978,0.4046685
TCGA-DD-AAEH,-0.013107285,-0.0173476,-0.094678134,-0.06388173,-0.1836726,-0.028994119,0.5106542,1.0514908,3.058268,-0.2426232,0.7523118,0.8861525,-0.020626897,-0.32790244,-0.556632,-0.1455097,1.1559484,-0.1533302,-0.2601963,1.33145,0.20895173,0.5898863,-0.2861623,0.9273128,2.7161622,1.4569418,-0.23138137,0.9690574,1.4188385,-0.033390284,1.4012371,0.11232944,0.40373868,-0.035886455,-0.21344869,-0.09320065,2.7980402,0.17635785,0.7325373,0.2717845,2.0076458,-0.1974408,1.4149629,-0.19060223,-0.08236697,-0.019746672,-0.16066155,3.6929107,1.0374742,0.20915097,-0.0029189656,0.4342624,1.17576,-0.30391547,-0.16751546,0.22388439,-0.015349864,-0.4241456,-0.00041180925,-0.17770939,0.93403226,0.08006281,2.5110686,0.4509722
TCGA-DD-AAEI,-0.011838793,-0.02310682,-0.07795791,-0.04721773,-0.15645757,-0.027662013,0.16698386,0.88738936,2.7776399,-0.23348808,0.8113794,0.73039913,-0.04328749,-0.2662898,-0.55298156,-0.17067589,1.2451849,-0.14265852,-0.30241102,1.159491,0.36689156,0.31126207,-0.3242093,0.99268407,2.4394255,1.0527755,-0.18173994,0.58207583,1.4368756,-0.055756886,1.0325737,0.66691864,0.8080541,-0.019410323,-0.20620286,-0.11098092,2.412244,0.4298775,1.0558633,-0.01959831,1.9291663,-0.19103013,1.3400857,-0.16644756,-0.08269916,-0.03129268,-0.15282957,3.4140482,1.1272802,0.13407364,-0.009847518,-0.0029781957,1.1624347,-0.23584314,-0.15488297,0.21020576,-0.0052537075,-0.4161131,-0.0052595683,-0.14749087,0.7903949,0.38556534,2.1900918,0.6270919
TCGA-DD-AAEK,-0.0030725233,-0.023067212,-0.04171275,-0.027648825,-0.14270432,-0.031972233,0.13850255,0.8668431,2.301877,-0.23156324,1.1894184,0.6217352,-0.021267181,-0.2575694,-0.4479733,-0.13662027,1.1212906,-0.15037744,-0.23246494,0.83705217,0.07716201,0.43354347,-0.23583698,0.81255966,1.989719,1.1063625,-0.1573249,0.97141117,0.99537116,-0.02871715,1.2735133,0.2651403,0.7483334,-0.023939712,-0.1550775,-0.11670279,2.2913458,0.081223905,0.4607101,0.23022848,1.5140761,-0.16494787,1.3909578,-0.12866317,-0.052435417,-0.030779136,-0.11026224,3.0817015,1.0469306,0.18194002,-0.0031007829,0.094300315,0.8427444,-0.19407068,-0.13029252,0.08987904,-0.019183889,-0.31384337,0.2589804,-0.15039198,0.6856783,0.18148787,1.845708,0.6362663
TCGA-DD-AAVP,0.06625145,-0.0044861436,-0.08781769,-0.050018977,-0.19928597,-0.030805662,0.7960217,1.1163378,3.3451045,-0.26282772,1.1043758,0.5677045,-0.009503743,-0.33079275,-0.56659687,-0.1715362,1.4167984,-0.156036,-0.2701281,1.3922625,0.65981317,0.66108495,-0.27274826,0.82005715,2.9105227,1.7652472,-0.22157685,1.1305194,1.7406963,-0.038091045,1.5129642,-0.0018508632,0.4372934,-0.033762153,-0.21478203,-0.12853079,2.7224915,0.3152412,0.37889755,0.37689084,2.3365867,-0.20206606,1.2807709,-0.20601617,-0.07177554,-0.039868608,-0.14023136,3.9524364,0.81085557,0.25399533,0.011698453,1.0167105,0.87873167,-0.36294484,-0.21274197,0.38990605,-0.03954461,-0.42058346,0.5199299,-0.16574715,0.89738816,0.08388009,2.7194169,0.3425946
TCGA-DD-AAVQ,-0.010327472,-0.016859122,-0.039256107,-0.037689563,-0.18115531,-0.026300088,0.62085086,1.0464966,3.09823,-0.28423724,1.7738037,0.46480292,-0.020941185,-0.29174268,-0.49956045,-0.14126842,1.2704045,-0.17040841,-0.2489297,0.9110997,0.25570577,0.40688637,-0.2749559,0.63972193,2.702527,1.2235597,-0.18039373,1.2421808,1.5430682,-0.029770037,1.6132469,0.13340491,0.8454101,-0.037239227,-0.2065366,-0.19201128,2.611494,0.41500413,0.26774824,1.0907686,1.8530116,-0.2051218,1.6743947,-0.13849008,-0.086166106,-0.022001725,-0.1769176,3.5587337,1.0684464,0.18077737,0.22304982,0.9750361,0.9413543,-0.26004362,-0.16315225,0.4403671,-0.033265013,-0.3640208,0.65222895,-0.18771133,0.5131431,0.14499892,2.3431075,0.2749477
TCGA-DD-AAVR,-0.015983954,-0.026374388,-0.041299235,-0.034642994,-0.16744864,-0.030491874,0.67834795,1.1450856,3.1942387,-0.24160872,1.6401078,0.49763605,-0.028349062,-0.3212212,-0.5825158,-0.14725438,1.3746448,-0.18786982,-0.2777808,1.1751927,0.3249929,0.59537554,-0.3222711,0.7583941,2.748263,1.3538653,-0.21074355,1.2912903,1.6758033,-0.036841046,1.4980549,0.40730762,0.8285212,-0.028841166,-0.23908122,-0.16215886,2.7350824,0.45440066,0.5509676,0.96398216,1.9976159,-0.21537535,1.4892933,-0.18308051,-0.102205135,-0.028735131,-0.18577334,3.6949387,1.1159016,0.23249361,0.11289461,0.75422496,1.0619977,-0.2661482,-0.18512355,0.2361793,-0.030004889,-0.38247758,0.734879,-0.14208066,0.5959168,0.3431185,2.4004586,0.6085619
TCGA-DD-AAVS,-0.012467175,-0.039889976,-0.07801177,-0.034957465,-0.20041159,-0.01868172,1.0659488,1.0925349,3.7695458,-0.31683347,1.205738,0.4810779,-0.02898615,-0.32594773,-0.5638034,-0.16945331,1.5168395,-0.17543758,-0.27832994,0.9540309,0.5962151,0.7073693,-0.3338376,0.5623505,3.0847304,1.3191196,-0.19087958,1.1372062,1.8893747,-0.0149292005,1.7760648,0.37239176,1.0741796,-0.014889315,-0.24184802,-0.18929648,2.9105785,0.43003082,0.35327023,1.179744,2.0954328,-0.24855621,1.7749014,-0.15090887,-0.106712654,-0.011849597,-0.15234579,3.7404122,0.8056072,0.032334752,0.12273708,1.4603152,0.9726082,-0.32550803,-0.21187079,0.6585404,-0.025404537,-0.4071133,0.9155407,-0.1989666,0.96736425,0.7999682,2.742455,0.5374279
TCGA-DD-AAVU,0.09994697,-0.024908617,-0.07175488,-0.023959875,-0.1864968,-0.007817694,0.71894455,0.7550479,3.0852342,-0.24148694,0.8986427,0.75973606,-0.007055305,-0.2936869,-0.53133756,-0.121900216,1.035718,-0.16469115,-0.25483406,1.1610311,0.09940137,0.09596219,-0.252539,0.33720002,2.3525074,1.2705405,-0.12384655,1.0305504,1.6410087,-0.015569179,1.5263866,1.1343671,0.5486086,-0.034991924,-0.19674812,-0.22032113,2.568355,0.23384476,0.18852147,0.471464,1.7997136,-0.22009476,1.6452006,-0.16253297,-0.0835544,-0.022610812,-0.09820715,3.3961911,0.89071196,0.42043844,0.076873496,0.93046945,0.787107,-0.27915785,-0.202035,0.63998324,-0.0060528,-0.3716609,0.78063273,-0.17949097,1.2777627,0.44185197,2.1093662,0.65483147
TCGA-DD-AAVV,-0.019708818,-0.02919485,-0.011365542,-0.029716132,-0.1053532,-0.014746064,0.33616817,0.6281386,2.3440468,-0.19657694,1.7156954,0.25343555,-0.01607418,-0.23190875,-0.38711342,-0.100234024,1.0656914,-0.11881991,-0.20071588,0.88681376,-0.00038537086,0.08074698,-0.21624506,0.46092856,1.8933033,0.9214916,-0.15837991,1.0596395,1.0181261,-0.040361963,1.0934025,0.50066954,0.58606225,-0.0092410315,-0.16123493,-0.16824509,1.9298792,0.4350034,0.33393648,0.73718363,1.2838457,-0.12858789,1.2798924,-0.13610415,-0.06481897,-0.026328286,-0.13852383,2.6500578,0.9601936,0.0517764,0.12421035,0.24086101,0.6382343,-0.19974825,-0.10762512,0.07225145,-0.05274592,-0.2506012,0.5520663,-0.11219958,0.26117313,0.027273081,1.7372466,0.37264186
TCGA-DD-AAVW,-0.010832559,-0.027224714,-0.02525176,-0.036216166,-0.12755476,-0.018506575,0.41536617,0.99721694,2.4672408,-0.22321701,1.7498529,0.2667096,-0.023156136,-0.23319712,-0.3892883,-0.09335145,1.1536788,-0.109041564,-0.19683324,0.75024533,0.27632058,0.37179077,-0.209071,0.41067845,1.8707753,0.9981304,-0.13027968,1.1156178,1.0479803,-0.013816567,1.3233031,0.4671273,0.7613035,-0.038554903,-0.17525472,-0.20068817,2.1448486,0.28047383,0.21688557,0.6875966,1.3483175,-0.16848704,1.4612128,-0.13068457,-0.058120728,-0.03281103,-0.1358127,2.9270658,0.82676786,0.33951563,0.17560934,0.6626678,0.6555105,-0.20566903,-0.12589268,0.4192542,-0.05258416,-0.24907021,0.74240685,-0.111270405,0.47125533,0.06236069,1.9078255,0.23571536
TCGA-DD-AAVX,-0.01527735,-0.0402549,-0.095803045,-0.048647765,-0.19606124,-0.024807388,0.6036448,1.0231345,3.191659,-0.30580407,0.9567466,1.0183134,-0.0183169,-0.35959768,-0.62832326,-0.17648172,1.4933687,-0.1700577,-0.29410872,1.2856504,0.3703568,0.6135915,-0.3459384,0.7818718,3.1121109,1.4393388,-0.22327593,1.1350851,1.7078259,-0.04643884,1.6268932,0.5415746,0.87331,-0.026480693,-0.24759176,-0.17212568,2.9424267,0.2739048,0.7327399,0.20387067,2.1366897,-0.23003156,1.77403,-0.21398734,-0.084162176,-0.033749692,-0.15814666,3.8864455,1.3928089,0.18251371,0.24623433,0.70520717,1.2332087,-0.3152399,-0.2130192,0.45958194,-0.014303245,-0.4519449,0.28032893,-0.19899194,1.0835534,0.37893194,2.617168,0.40727207
TCGA-DD-AAVY,-0.00776669,-0.031922575,-0.12066336,-0.045954403,-0.2193865,-0.044237144,0.7624234,1.3582981,3.4829326,-0.26643613,0.6950689,0.82486296,-0.0154550765,-0.35079223,-0.60799396,-0.18247177,1.3341551,-0.15004319,-0.28753167,1.4429206,0.4445746,0.9281705,-0.28544137,1.0385462,3.2399368,1.9131763,-0.25296077,1.0552001,1.6943246,-0.019853707,1.4514629,-0.011531967,0.5896765,-0.023938209,-0.23774663,-0.13127992,2.8638413,0.058920976,0.36782354,-0.0019040745,2.3277009,-0.20145504,1.2407472,-0.23889688,-0.06365225,-0.037213363,-0.18058854,4.1401,0.8784284,0.39009753,-0.0006070944,1.0776325,1.5588015,-0.39919573,-0.1965269,0.2003623,-0.0046596257,-0.49277893,0.17206082,-0.17461815,1.2785245,0.076822445,2.9457006,0.19307701
TCGA-DD-AAVZ,-0.02496986,-0.029887198,-0.07340001,-0.040231273,-0.19946766,-0.032608192,0.8829872,1.1014099,3.6522317,-0.28310964,1.71938,0.51292986,-0.027658144,-0.31029636,-0.541219,-0.13306385,1.2914605,-0.18136427,-0.26268706,0.991312,0.44275904,0.646613,-0.30513963,0.3546646,2.8169258,1.3387818,-0.1849877,1.21741,1.9535816,-0.0046346714,1.7848061,0.24695866,0.9384874,-0.029446064,-0.22986877,-0.24020302,2.685105,0.6293942,0.075143486,1.1485984,2.1138163,-0.23601769,1.8541636,-0.15286408,-0.11146795,-0.016463349,-0.17258294,3.6836026,0.9312496,0.19730568,0.2542819,1.4843874,1.0172359,-0.31597334,-0.20143013,0.67649114,-0.027006317,-0.3780162,1.0396293,-0.18618396,0.7872519,0.65188414,2.6498637,0.27440047
TCGA-DD-AAW0,-0.0043259184,-0.022158874,-0.034490902,-0.021561248,-0.13062361,-0.019116744,0.2830186,0.7938694,2.3993437,-0.21322647,1.7231318,0.42546213,-0.022405794,-0.2537733,-0.41869983,-0.122710206,1.113765,-0.110999025,-0.22551782,0.8240889,0.20953931,0.47240284,-0.22051986,0.73982215,1.9957511,1.0250504,-0.15709037,1.0938706,1.2067976,-0.03836627,1.2475677,0.124490134,0.71964616,-0.015270725,-0.1752721,-0.15063368,2.1123197,0.27254796,0.3589108,0.48151374,1.4421272,-0.17166024,1.5505137,-0.12703319,-0.054523744,-0.025498167,-0.14627196,3.0008132,0.9075775,0.17131287,0.109850064,0.16117017,0.9870031,-0.22441316,-0.12709811,0.13750668,-0.05957052,-0.29555994,0.3654528,-0.12636708,0.387143,0.053047128,2.0589635,0.32104686
TCGA-DD-AAW1,0.064046286,-0.030145276,-0.071667776,-0.05273912,-0.20387869,-0.02791785,0.8486879,1.1550558,3.4029078,-0.25582048,0.43772718,0.6167799,-0.012135523,-0.3342639,-0.6253055,-0.19129656,1.3330218,-0.17221738,-0.3066354,1.5941128,0.5267327,0.5808227,-0.29044327,0.88871264,3.053344,1.7171052,-0.23471008,1.1348093,1.8735864,-0.026343172,1.4502074,0.5069235,0.43057436,-0.03025022,-0.21124677,-0.11711329,2.9113379,0.100562714,0.76554716,0.20229228,2.2668903,-0.21321936,1.3596756,-0.22624086,-0.06822747,-0.009634034,-0.17035858,3.9626522,1.09619,0.3058227,-0.0030248137,0.7042512,1.2180766,-0.3492537,-0.19326983,0.2980889,-0.014271701,-0.47470623,0.2831839,-0.15837921,1.1291656,-0.016437592,2.8629658,0.43756235
TCGA-DD-AAW2,0.11809523,-0.04033927,-0.13882406,-0.05154705,-0.23320036,-0.03945776,0.8464677,1.342666,3.3296938,-0.25770122,-0.0012251955,1.0229677,-0.034740802,-0.38275683,-0.6331276,-0.19496919,1.4238441,-0.15734793,-0.31131634,1.5081805,0.5819513,0.951797,-0.31102544,1.0307792,3.3530593,1.9312278,-0.2658528,1.0257845,1.9059653,-0.031569555,1.4338539,0.015231325,0.44997558,-0.038949296,-0.24229725,-0.06988766,2.8867304,-0.010826794,0.951595,-0.0047298297,2.1992068,-0.21330154,1.100613,-0.23966339,-0.081709385,-0.031644028,-0.1494388,4.1967225,1.0412493,0.16851392,-0.010262733,0.98120296,1.3901339,-0.4112838,-0.2190677,0.13285781,0.09271647,-0.4853982,0.17132562,-0.19357647,1.1957912,0.09994802,2.8677197,0.32550535
TCGA-DD-AAW3,0.10457482,-0.04766635,-0.11816316,-0.06611116,-0.21725522,-0.034573033,0.7640597,1.2236588,3.3516493,-0.2633697,0.23222804,0.9844846,-0.024170084,-0.35683545,-0.60975957,-0.18396531,1.3916401,-0.1652023,-0.29080853,1.4629543,0.7107336,0.7483094,-0.28987193,0.7813634,2.9871943,1.5235413,-0.23263545,0.94683754,1.6619208,-0.04063114,1.3226036,0.27828997,0.5690097,-0.047008295,-0.24881737,-0.08658897,2.7921453,0.00890847,0.75430954,0.20258576,2.1109104,-0.23132454,1.1629401,-0.20302244,-0.09035185,-0.0026681812,-0.15154843,4.2229056,0.90062594,0.28113955,-0.011939326,1.1691842,1.2016557,-0.38848123,-0.213993,0.19565971,-0.008668142,-0.455741,0.38548344,-0.17018713,1.2041485,0.33625764,2.7225518,0.44688538
TCGA-ED-A459,-0.01729143,-0.034324925,-0.032612152,-0.040284075,-0.15064442,-0.015355527,0.013678469,0.46365315,2.4430604,-0.21356955,1.7620366,0.6656341,-0.005438438,-0.23415492,-0.40446636,-0.123190545,1.2619269,-0.114087336,-0.21524997,1.0176877,0.2987557,0.41086313,-0.22639696,0.5708409,1.8250633,0.93422073,-0.16637787,1.0920902,1.0436947,-0.055651862,0.991764,0.47809428,0.7762295,0.09844558,-0.15714653,-0.15252456,1.8955972,0.6016392,0.34210947,0.19911548,1.3373722,-0.12792367,1.6610823,-0.11682737,-0.05707956,-0.0028256946,-0.15767793,3.1798675,1.1099648,0.2981088,0.18108414,-0.025208404,0.8558224,-0.22688475,-0.10484015,0.18490289,-0.043899268,-0.3010169,0.46290228,-0.11321439,-0.0035077743,0.25771552,1.976408,0.32218093
TCGA-ED-A4XI,0.015918136,-0.022666639,-0.043202646,-0.04267742,-0.18310584,-0.03094764,0.6018152,1.1232791,3.1522012,-0.26153114,1.5767579,0.70111716,-0.02156196,-0.3172596,-0.54626983,-0.1500153,1.3484861,-0.16576727,-0.27889118,1.1086828,0.3975765,0.55627435,-0.29895023,0.7634208,2.6769438,1.4167196,-0.22913873,1.2759566,1.6026897,-0.044967886,1.4308612,0.25710028,0.7671433,-0.012588707,-0.23018384,-0.1302917,2.6463263,0.30284125,0.48158002,0.88677895,2.0124013,-0.20170389,1.5838417,-0.19184065,-0.09254404,-0.027700035,-0.16681951,3.7379165,0.9904769,0.040009752,0.011209894,0.7044938,1.1894029,-0.30032706,-0.16285723,0.17340755,-0.045255177,-0.3868557,0.61877364,-0.17031725,0.5443259,0.27630013,2.4789863,0.47864887
TCGA-ED-A5KG,-0.0025587545,-0.012205387,-0.021583999,-0.026799554,-0.146218,-0.020119442,0.43354163,1.0059018,2.5710473,-0.25671086,2.127109,0.53375053,-0.031085417,-0.2710602,-0.44786236,-0.10196189,1.2416433,-0.15375116,-0.24000192,0.944925,-0.0022033886,0.31843838,-0.24925342,0.59815365,2.3825672,1.0382434,-0.17671052,1.2988257,1.1861242,-0.039419394,1.478416,0.358419,0.9092426,-0.032898933,-0.19446714,-0.17627656,2.38799,0.33493805,0.44574353,1.3761016,1.6907903,-0.18576728,1.674115,-0.14719181,-0.06521874,-0.027196659,-0.15349305,3.2774038,1.1801703,0.13889822,0.28702295,0.30867338,0.83864367,-0.18466514,-0.12723242,0.04472608,-0.031412654,-0.28777438,0.3081207,-0.16325344,0.3115786,-0.029271275,1.985728,0.46443978
TCGA-ED-A627,-0.00816926,-0.024873877,-0.03670253,-0.04112672,-0.15693344,-0.021573244,0.31552944,1.0443515,2.7351654,-0.22703555,1.677068,0.73441017,-0.0314018,-0.27630997,-0.47171828,-0.1305102,1.2373439,-0.14414024,-0.23806451,0.977432,0.24448186,0.48653397,-0.24814537,0.74404323,2.2552187,1.2981697,-0.19726428,1.1531343,1.2254883,-0.036149446,1.371955,0.117712,0.7659175,-0.014108861,-0.20093353,-0.13079618,2.3993342,0.38040793,0.45820844,0.9306153,1.8011373,-0.18371505,1.5767405,-0.15804799,-0.054963958,-0.02960885,-0.14829847,3.4384642,1.0128126,0.15373898,0.10887969,0.25324425,1.0861471,-0.24203539,-0.1365283,0.114071734,-0.03639639,-0.33480087,0.19688705,-0.16467558,0.4392849,-0.005654249,2.217289,0.46338373
TCGA-ED-A66X,-0.019376038,-0.016420057,-0.026708588,-0.027548123,-0.13252555,-0.03296191,0.4957533,0.9493946,2.726329,-0.2263044,1.9936285,0.1656821,-0.024990827,-0.24231236,-0.41714904,-0.09406446,1.0486954,-0.136593,-0.22146654,0.73047006,0.21429874,0.33508876,-0.22754212,0.26887876,2.1834042,1.0353653,-0.1483748,1.1162928,1.2969401,-0.012618392,1.3215206,0.56882864,0.84089524,-0.01806476,-0.18395507,-0.20713301,2.2572448,0.427263,0.23419625,1.1675458,1.5378786,-0.1927785,1.4933621,-0.13095509,-0.06979149,-0.018408222,-0.15849738,3.0019352,0.98661673,0.26475334,0.15637721,0.6866235,0.7412148,-0.23304883,-0.13986894,0.30612296,-0.048292417,-0.26797375,0.81822914,-0.123912685,0.39458716,0.12418564,1.9806142,0.4461558
TCGA-ED-A66Y,-0.015132776,-0.027439753,-0.0047447677,-0.022657756,-0.16466872,-0.045689594,0.7428878,0.64090973,3.0832515,-0.23852669,2.080932,0.4217143,-0.002926429,-0.26929328,-0.47332856,-0.12942661,1.0235928,-0.13467924,-0.22193483,0.7694607,0.23067683,0.21183534,-0.2876622,0.53101,2.2709014,1.3260945,-0.1511015,1.0141371,1.9363675,-0.052983284,1.106684,0.035757404,0.90626305,-0.0068063037,-0.19586246,-0.15868929,2.1302843,0.3003678,0.3825048,0.95126414,1.5745733,-0.20692675,1.6342977,-0.11547401,-0.10038531,-0.021043444,-0.16608468,3.1343982,0.76108414,-0.023600439,0.08792765,1.4591824,0.879914,-0.21933548,-0.11718068,0.5351508,-0.050659504,-0.346948,0.817956,-0.2063457,-0.0016808196,0.92712986,2.3045344,0.2885787
TCGA-ED-A7PY,-0.030946761,-0.03584173,-0.088570856,-0.031537455,-0.19994143,-0.016599586,0.9620731,1.3472941,3.81815,-0.3072077,1.4113812,0.50882983,-0.0054858164,-0.34628436,-0.61212057,-0.16029339,1.4815154,-0.18549274,-0.29345736,1.0957929,0.5135033,0.83049494,-0.34996384,0.4802773,3.1806931,1.5564967,-0.20112638,1.3270769,2.1150634,-0.0010971475,1.9507523,0.13077816,1.2170599,-0.0071902694,-0.26328465,-0.2057453,2.961743,0.44753104,0.34463125,1.3293694,2.3887777,-0.27216625,1.792069,-0.16713876,-0.124066584,-0.014343712,-0.17899106,3.8964808,0.5311096,0.06865702,0.1680571,2.0218582,0.9160333,-0.36601952,-0.21416937,0.8189095,-0.021537079,-0.4228227,0.9824451,-0.1987608,0.8428865,0.9767051,2.7804945,0.33813262
TCGA-ED-A7XO,-0.018062288,-0.015953949,-0.06941938,-0.046752345,-0.17565481,-0.03560265,0.30850655,1.225385,2.8450348,-0.2241956,0.6545901,0.867071,-0.005524634,-0.31092626,-0.5215267,-0.14571945,0.9984345,-0.15516393,-0.2529578,1.0862079,0.2954958,0.570973,-0.27646685,0.65393674,2.3447,1.3255233,-0.19728963,0.7131165,1.2850105,-0.03824005,1.3462268,-0.0059135025,0.624204,-0.024894549,-0.20629957,-0.06247874,2.3994055,0.44908273,0.55332166,0.67219037,1.8355063,-0.2021476,1.2414824,-0.17365742,-0.05690542,-0.035934478,-0.12042357,3.2065163,1.0845622,0.8819807,-0.0028559659,0.8155673,0.95868266,-0.24980867,-0.15937757,0.18602248,0.15674195,-0.3818619,0.03417591,-0.15855546,1.1293412,0.29832375,2.2816808,0.6740554
TCGA-ED-A7XP,0.00230458,-0.0035913088,-0.064524494,-0.06426053,-0.17310658,-0.0154513735,0.7112087,1.2850187,3.2268097,-0.24981251,1.3748786,0.59096813,-0.017808475,-0.32859957,-0.567792,-0.17250995,1.4433439,-0.1652836,-0.29419318,1.3846773,0.34416002,0.5290947,-0.28615662,0.6894727,2.6743195,1.265322,-0.21401305,1.4518635,1.3788182,-0.05176443,1.3929919,0.80035233,0.6304525,-0.0064005717,-0.21852946,-0.17045675,2.732967,0.21166831,0.5865865,0.44860846,1.9435841,-0.21452823,1.4964254,-0.1988844,-0.07243308,-0.044951852,-0.15762983,3.8345776,1.0436487,0.3962221,-0.009623768,0.62457436,0.9648439,-0.3158933,-0.17661937,0.34145233,-0.03599013,-0.36171654,0.38803896,-0.15270996,0.82541233,0.2363352,2.47097,0.41790736
TCGA-ED-A82E,-2.1667034e-05,-0.044905756,-0.021018578,-0.0693255,-0.18763766,-0.036759075,0.72982734,1.4485087,3.8341079,-0.2917275,1.4961388,0.7475645,-0.023496669,-0.3689786,-0.6683979,-0.18668029,1.4352778,-0.20611611,-0.31717893,1.4486905,0.5645524,0.38822952,-0.38074443,0.417078,3.3721998,1.4657028,-0.2747548,1.989702,2.179583,-0.029794782,1.2441384,1.2564905,0.78258044,0.18354042,-0.23358802,-0.10880478,3.2206156,-0.020792838,1.0584964,1.4884565,2.0869045,-0.2394866,1.5311995,-0.20994137,-0.09739672,-0.005763621,-0.22499374,4.243337,1.2324762,-0.017277693,-0.027086398,0.99244994,1.2678416,-0.37494457,-0.18665841,0.5059209,-0.044393893,-0.4546117,0.76820266,-0.1865328,0.28216586,0.5721547,2.6392128,0.39500988
TCGA-ED-A8O5,-0.0056714616,-0.031667214,-0.071559876,-0.029137352,-0.22609334,-0.03167083,1.2565829,1.2525513,4.144746,-0.32224968,1.4799894,0.60682356,-0.005615079,-0.39605683,-0.6635957,-0.1889226,1.5023425,-0.18895766,-0.2955478,1.223844,0.54583,0.629412,-0.34866145,0.365397,3.5439634,1.8251364,-0.23857658,1.4510612,2.3790948,-0.034231905,1.7862934,0.49835965,1.1138494,-0.014750875,-0.29128465,-0.2032961,3.3341572,0.39706492,0.6214232,1.6176194,2.5128036,-0.28222373,1.7059566,-0.19099197,-0.11091671,-0.01941895,-0.19651991,4.097093,0.96631914,-0.0029814192,0.20532744,2.0297978,1.066658,-0.35924178,-0.22006483,0.6898587,-0.02056291,-0.46336117,0.88314295,-0.22930335,0.7962449,0.7767253,2.9458034,0.42052308
TCGA-ED-A8O6,-0.016686196,-0.021357661,-0.014587025,-0.044050526,-0.13006555,-0.021108875,0.7934803,0.6366119,2.3436115,-0.2429517,2.1584857,-0.017253537,-0.015969018,-0.2558115,-0.37758243,-0.084756605,1.1228204,-0.11942694,-0.16921598,0.5993975,0.10458358,-0.005976229,-0.23316829,-0.0008101384,2.1777184,0.9555695,-0.08733123,1.0528263,1.2451138,-0.014862463,1.2584084,0.87407005,0.9126876,-0.0041557415,-0.16608901,-0.2637716,1.9861165,0.39478344,-0.012812409,1.2278563,1.1585201,-0.18621473,1.4163501,-0.09995248,-0.09183823,-0.022990674,-0.1454836,2.7379425,0.7054756,0.38176152,0.37699488,1.4083853,0.554244,-0.15501195,-0.14167318,0.6829795,-0.049506117,-0.23471513,1.1248642,-0.12251536,0.7354171,0.12347947,1.8009043,0.25947362
TCGA-EP-A12J,0.0046038553,-0.039853513,-0.12562007,-0.027207194,-0.24381402,-0.053174622,0.75352114,1.2517902,3.4807708,-0.28795278,0.6534569,1.1152911,-0.02725841,-0.4079418,-0.68531626,-0.22368793,1.4883579,-0.18073195,-0.35105038,1.627839,0.72631264,0.86874616,-0.3506666,1.3208425,3.277016,1.7756264,-0.27184743,1.1337602,1.9482923,-0.04203025,1.4526461,-0.0015425292,0.68025,-0.024576513,-0.25145477,-0.096724615,3.1651547,0.14513074,1.072304,0.12523432,2.4849029,-0.2418829,1.5389209,-0.23944426,-0.084343724,-0.039638303,-0.16938204,4.27515,1.2540462,-0.004134316,0.049929824,0.7023828,1.519642,-0.38694283,-0.20923892,0.19251461,-0.013421948,-0.52723074,-0.013253259,-0.22848275,0.9008862,0.201094,2.94704,0.41721025
TCGA-EP-A26S,0.005994983,-0.0072776238,-0.09520595,-0.05066322,-0.21799842,-0.055426624,0.72271514,1.3786353,3.4307318,-0.2615682,0.101749524,1.2467026,-0.0040283576,-0.38048396,-0.66936344,-0.2066849,1.3119113,-0.20200291,-0.33724564,1.5032527,0.56253,1.0033777,-0.30693036,0.8563901,3.2858303,1.8242034,-0.23132733,0.8887983,1.7852322,-0.019180663,1.6272103,-0.014226153,0.5260492,-0.02568894,-0.25911114,-0.062918685,2.682094,0.18277955,0.81403196,0.40437633,2.5214152,-0.24549304,1.0962479,-0.23936938,-0.084910326,-0.018703396,-0.12892817,3.97781,0.9521707,0.50869817,0.21048324,1.40855,1.2076204,-0.3548713,-0.21235716,0.28432375,0.35743257,-0.48520622,0.017757252,-0.20726743,1.3772408,0.426575,2.8140497,0.69655657
TCGA-EP-A2KA,-0.003228653,-0.029351357,-0.017033735,-0.023520902,-0.15155242,-0.02734284,0.39590797,0.9420299,2.5965257,-0.23997688,1.0403845,0.60108054,-0.027319336,-0.27368912,-0.48146138,-0.13879792,1.2693691,-0.16175967,-0.24340558,1.0844961,0.16771656,0.046061467,-0.25169984,0.63457155,2.3715863,0.9187976,-0.17528746,1.1294453,1.2909414,-0.052926224,1.0327727,1.2849382,0.6291645,-0.013301711,-0.17082779,-0.15680084,2.307735,-0.0028261845,0.8956527,0.38699248,1.3138901,-0.19465117,1.2507341,-0.15711239,-0.09115023,-0.008127123,-0.14100252,2.9212134,1.4471265,-0.0060422397,-0.0071267276,0.48426154,0.7856198,-0.16258137,-0.120378196,0.21683577,-0.0017311883,-0.32189885,0.13901755,-0.16787733,0.22823475,0.70985895,1.6223125,0.77764606
TCGA-EP-A2KB,-0.009257696,-0.03518954,-0.07978838,-0.0010893866,-0.19912176,-0.033787724,0.6602617,1.0854136,3.3042817,-0.28215694,1.5825291,0.7949751,0.01142568,-0.3270025,-0.5959541,-0.14474861,1.1264083,-0.18131141,-0.26425424,0.7725004,0.27661157,0.45733467,-0.31674632,0.6861448,2.8258538,1.50569,-0.17454441,1.06704,1.7473623,-0.032336548,1.7756199,0.50923634,1.1507229,-0.01672003,-0.22589071,-0.19031458,2.822161,0.7755561,0.46096778,0.99488276,1.9830024,-0.23831475,1.882257,-0.1570863,-0.090761885,-0.058113486,-0.13414489,3.818742,0.824694,0.29416135,0.15655464,1.8011836,0.9202245,-0.26324698,-0.20684652,0.60987806,-0.0032797945,-0.3882203,1.2014947,-0.1977673,0.9031586,0.47116327,2.5987089,0.57794183
TCGA-EP-A3JL,-0.0020973072,-0.021529797,-0.049663752,-0.042012308,-0.15112895,-0.019295005,0.42503643,0.86172616,2.8542638,-0.23310466,0.9694286,0.5584764,-0.015069783,-0.2862135,-0.51406807,-0.15101574,1.0694002,-0.18082918,-0.28372025,1.226956,0.18002188,0.388182,-0.277629,0.7546929,2.3670933,1.1555567,-0.19619825,1.2247809,1.2563286,-0.04026392,1.2145519,0.86918455,0.56385946,-0.009406499,-0.18821357,-0.15113509,2.312683,0.2214748,0.7142832,0.2806648,1.7672178,-0.19168475,1.2404361,-0.16098174,-0.07117175,-0.008052279,-0.17004788,3.332644,1.2773222,0.12803462,0.011812201,0.18633495,0.89027566,-0.24602771,-0.14341743,0.13691847,-0.011862746,-0.35216656,0.3256704,-0.15625182,0.63604045,0.25825685,2.1933115,0.6281999
TCGA-EP-A3RK,-0.015057079,-0.0135486,-0.043218214,-0.04137071,-0.14322186,-0.024019254,0.2369448,0.8232449,2.399263,-0.23010938,1.2376003,0.64583105,-0.021259721,-0.24972554,-0.46775037,-0.14330001,1.1790451,-0.15925592,-0.2561594,0.97142947,0.095182925,0.26578528,-0.25122064,0.7293608,2.1594622,0.97077197,-0.15799111,1.0890167,1.1932733,-0.049484577,1.3037657,0.9700637,0.6480448,-0.023214547,-0.15882456,-0.14390583,2.35853,0.24284786,0.76902163,0.588292,1.6436826,-0.18213095,1.3654141,-0.13600697,-0.05232469,-0.024007922,-0.12984873,2.9444437,1.3257656,0.35669273,0.04645597,-0.0073467046,0.7294721,-0.17913614,-0.12288076,0.030035855,-0.013409048,-0.31703523,-0.004749906,-0.14118652,0.62740546,0.015446231,1.7331562,0.77593327
TCGA-ES-A2HS,0.028461196,-0.018938435,-0.093831584,-0.037639804,-0.20325623,-0.02692002,0.19210717,0.8778286,2.7833052,-0.23334937,0.7509388,0.95442903,-0.013129892,-0.29979056,-0.54596716,-0.14492364,1.275687,-0.15586944,-0.25951856,1.0284125,0.59194803,0.4484621,-0.28775066,1.27698,2.467549,1.4859027,-0.19907561,0.83239293,1.4758971,-0.029085537,1.4980913,0.11228469,0.82567865,-0.015226498,-0.19713649,-0.12755512,2.5245187,0.47373813,0.7289053,-0.02422793,2.0453353,-0.198225,1.531975,-0.16892092,-0.064802796,-0.026493732,-0.13448803,3.5757785,1.0809156,-0.0011164856,0.06507628,0.25435016,1.3351524,-0.27733576,-0.16047241,0.25676724,-0.0156508,-0.4387032,0.08314688,-0.18722034,0.88279057,0.014717519,2.3970082,0.52129716
TCGA-ES-A2HT,-0.0074088746,-0.025298772,-0.04606937,-0.044735815,-0.16375646,-0.031187221,0.58195364,1.1216682,3.1158476,-0.2377414,1.337958,0.8400336,-0.023777781,-0.31290323,-0.53189296,-0.16813748,1.1189331,-0.15730947,-0.2895448,1.403282,0.46952236,0.5982122,-0.27955723,0.9168352,2.7199771,1.3302257,-0.22802866,1.316722,1.3484792,-0.053309496,1.2199621,0.5689161,0.5991565,-0.006137037,-0.21138437,-0.12738901,2.6184418,0.20673215,0.67217815,0.5756903,1.8936578,-0.20759518,1.508779,-0.20645416,-0.07176823,-0.02264712,-0.16600159,3.774075,1.1082395,-0.006615739,-0.008822708,0.4065211,1.1275157,-0.34020045,-0.15701419,0.08690516,-0.046073813,-0.38068375,0.54271054,-0.16785215,0.3797642,0.40419406,2.3610094,0.39736277
TCGA-FV-A23B,0.056885906,-0.010284054,-0.07201384,-0.03469685,-0.19742635,-0.03198736,0.57100064,0.92594004,3.0525222,-0.25926438,1.0993568,0.7547615,-0.03478476,-0.31943673,-0.55474097,-0.09766241,1.0801588,-0.17844762,-0.24728973,0.9177697,-0.008387825,0.40344986,-0.2845372,0.39870995,2.6195037,1.5157853,-0.16004232,0.9595468,1.7771231,-0.03586076,1.5925952,0.5777426,0.8862444,-0.019878244,-0.1896053,-0.20826407,2.3695905,0.87067103,0.30021337,1.05676,1.9705343,-0.20520969,1.5330287,-0.13596718,-0.07212487,-0.04459506,-0.12217702,3.3452997,0.7960178,0.12811013,0.25247797,1.5125271,0.7242873,-0.23319705,-0.1840673,0.4930616,-0.01059968,-0.40234026,0.6989778,-0.17286943,1.1098056,0.5682955,2.26942,0.59928375
TCGA-FV-A2QQ,-0.015505138,-0.0059379437,-0.051293977,-0.05336663,-0.13094793,-0.012244013,0.1812897,0.7432728,2.451334,-0.21444352,0.9556742,0.55365455,-0.010750479,-0.27231458,-0.4501824,-0.124637544,1.1415223,-0.14974883,-0.2509844,1.1828476,0.37143666,0.31801575,-0.24259713,0.8513721,2.2659667,0.9097982,-0.17975384,1.1872269,1.2068273,-0.027872607,1.0560514,1.0483998,0.6007448,0.17430487,-0.14076726,-0.13690656,2.1149628,0.29544967,0.71068966,0.1897048,1.6863195,-0.18205863,1.2657484,-0.13118134,-0.042499967,-0.021358125,-0.13441524,3.1016202,1.2020537,0.18021405,-0.0075970306,-0.0019925225,0.8085881,-0.19893117,-0.14726557,0.12705828,-0.02237369,-0.31429562,0.035054274,-0.12294632,0.54232055,0.215799,1.7746758,0.6644218
TCGA-FV-A2QR,0.25869828,-0.004203716,-0.054012608,-0.035286207,-0.13812634,-0.044422325,0.11146875,0.80085045,2.2636404,-0.20484483,-0.010926552,0.8887403,-0.02877275,-0.22848146,-0.44419822,-0.088742726,0.45664006,-0.18036985,-0.21055265,0.87010306,0.2570939,0.3671017,-0.20447047,0.18233556,2.0923154,0.8387248,-0.13116927,0.6321948,1.2161274,-0.04370978,1.0405155,0.59543216,0.23489802,0.089337215,-0.10894968,-0.030215755,1.8646225,0.56639725,0.59296477,-0.0056813746,1.4356571,-0.19068047,0.75605446,-0.10560514,-0.091398485,0.14252429,-0.11581873,2.3701189,1.0582558,0.45866606,-0.018852383,0.4363768,0.4296473,-0.22723415,-0.13694471,-0.021688512,0.11936721,-0.30627674,-0.003261917,-0.11987803,0.49337354,0.52070194,1.501784,0.58740205
TCGA-FV-A3I0,0.03679905,-0.01259163,0.22073524,-0.043097604,-0.14023991,-0.028084321,0.6945417,1.1681912,3.2497284,-0.22935246,1.8439066,0.097442426,-0.020178223,-0.27403954,-0.5003685,-0.14820486,1.4030535,-0.14499098,-0.25144437,1.1255406,0.44605058,-0.00026309668,-0.25592408,0.11165298,2.6485574,0.97280353,-0.17942643,1.3318087,1.8075784,-0.05207785,0.8662385,1.8509731,0.49595824,0.12173632,-0.17903538,-0.14893705,2.4186916,0.23043759,0.6749101,1.4093395,1.5932823,-0.21370433,1.4322866,-0.12744124,-0.08985765,-0.018219806,-0.17743938,3.290556,1.1272316,-0.035103124,-0.008085975,1.012886,0.8460861,-0.22898605,-0.14325757,0.5185433,-0.08173997,-0.2986289,0.7218689,-0.14338596,-0.006245763,0.45829076,1.9515359,0.25963464
TCGA-FV-A3I1,-0.03324095,-0.0055748834,-0.022924593,-0.02021629,-0.116927005,-0.028349021,0.11275205,0.70476437,2.267397,-0.19703487,1.0451306,0.49149203,-0.027418315,-0.22475366,-0.4365836,-0.12052672,0.8957248,-0.14690481,-0.23680495,0.8049652,0.33414263,0.10160756,-0.24899398,0.53961056,1.807012,0.65691954,-0.1342771,0.8233802,1.0716379,-0.043030538,0.77040935,1.2908274,0.59947413,-0.0052554705,-0.12382273,-0.13507538,1.830267,0.50599474,0.84852886,0.38267305,1.1665851,-0.17679973,1.2773607,-0.10919618,-0.07700589,-0.019549498,-0.1277383,2.5001316,1.1786522,0.4782671,-0.028291509,0.20765269,0.77724,-0.12130815,-0.10740968,0.07308092,-0.0018062014,-0.25465605,0.20651013,-0.09294335,0.44724694,0.47589153,1.5462229,0.63095754
TCGA-FV-A3R2,0.06183879,-0.01951134,-0.06294646,-0.026985286,-0.15864287,-0.028165778,0.3129529,0.5639353,2.94354,-0.2679995,1.1322887,0.95079637,-0.0025035127,-0.29154757,-0.5264712,-0.16515712,1.0779322,-0.16861226,-0.256323,1.3449268,0.2274739,0.21991567,-0.32817003,0.9692358,2.3523028,1.0290307,-0.184195,1.0226607,1.6465114,-0.048264872,1.0187831,0.8123011,0.7462881,0.2640756,-0.17641643,-0.16918042,2.215376,1.120223,0.67119634,0.034809563,1.8322121,-0.20451148,1.6763346,-0.13917316,-0.0889298,-0.04657679,-0.14532559,3.5027058,1.3736968,0.1437602,0.09912206,0.32984662,1.1324232,-0.25673303,-0.14630862,0.3967929,-0.013545088,-0.3833831,-0.017225092,-0.17375967,0.8766909,0.6568361,2.3102028,0.6571656
TCGA-FV-A4ZP,-0.0041496567,-0.045658607,0.049227662,-0.015503854,-0.09900852,-0.0046327063,0.2617768,0.37583864,1.9162151,-0.16396065,1.6159747,0.10280377,-0.010365752,-0.18418664,-0.36008522,-0.10138651,0.849155,-0.12571706,-0.17776123,0.8596024,0.25081038,-0.015840257,-0.20000361,0.5829903,1.6960164,0.26404595,-0.10619476,1.138433,0.96947277,-0.039726246,0.6800949,1.7783155,0.43402323,-0.0009889592,-0.12189653,-0.19567531,2.017844,0.176546,0.5872058,0.6266996,0.735284,-0.16190277,1.354032,-0.074568,-0.06928368,-0.011281687,-0.10292976,2.2118716,1.1526552,0.059343107,-0.010514734,-0.010488127,0.4526333,-0.091614485,-0.08582393,0.38640803,-0.037263066,-0.20320499,0.39159486,-0.10162089,-0.008425346,0.3734901,1.347249,0.83813196
TCGA-G3-A25S,-0.026362125,-0.004819905,-0.02339994,-0.0137847215,-0.08506058,-0.020931473,-0.010387753,0.30346498,1.3604002,-0.10021364,0.21681094,-0.0101127885,-0.014918903,-0.12421318,-0.25538716,-0.06691484,0.11816622,-0.10103402,-0.12153834,0.52396935,0.087544575,-0.012442988,-0.12451104,-0.011630525,0.9992079,0.19473615,-0.052791823,0.2726247,0.57605803,-0.008291291,0.36926103,1.1624244,0.10390927,-0.012385005,-0.056183446,-0.10223311,0.93758434,0.35453773,0.21375288,0.35222974,0.5896383,-0.1029706,0.50379956,-0.07402268,-0.047031227,-0.0014014072,-0.050667137,1.2036464,0.82820797,0.7979905,-0.011303851,0.3603636,-0.011310208,-0.049286075,-0.0739442,0.1627375,0.13595843,-0.0869333,0.13703269,-0.035665948,0.75290805,0.26645166,0.57268745,0.70258254
TCGA-G3-A25T,0.04983355,-0.026945567,-0.0067764344,-0.04921922,-0.1962225,-0.01873528,0.8327782,1.4044852,3.5441568,-0.25608084,1.1318133,0.8054727,-0.023457361,-0.33377826,-0.66617674,-0.17873994,1.4309664,-0.21686335,-0.3363602,1.4104985,0.46189028,0.5647116,-0.35335508,0.71628094,3.2364662,1.4714644,-0.25922427,1.6843686,1.855625,-0.015932418,1.3561846,1.2959108,0.81900746,0.20493978,-0.22950566,-0.11055614,3.1060073,-0.005375562,0.96922255,1.4521642,2.118918,-0.22992234,1.4755768,-0.18630646,-0.10459431,-0.029655859,-0.17463015,4.024852,1.029244,-0.011050514,-0.031183837,0.83026123,1.3595912,-0.33439597,-0.1634727,0.37982684,-0.023104964,-0.43891588,0.5010854,-0.1920558,0.28045887,0.6644595,2.3868477,0.61204207
TCGA-G3-A25U,0.17739618,-0.050533038,-0.11367098,-0.045560807,-0.22941044,-0.04133563,-0.0021304265,1.1016364,2.8345518,-0.20658647,-0.008365926,1.3050004,-0.037262794,-0.30159852,-0.5749001,-0.16757059,1.1626285,-0.17316969,-0.29094347,1.2672657,0.28008658,0.8177532,-0.33174604,1.2242405,2.8305068,1.4898473,-0.22913077,0.8328031,1.5852644,-0.04578902,1.2762643,0.11040687,0.5809262,-0.0029284756,-0.19343849,-0.010804944,2.772663,0.29315412,1.080622,-0.040783066,2.0679405,-0.18877326,1.1786914,-0.1826446,-0.055360343,-0.02520819,-0.14423136,3.4031298,1.0937183,0.3013799,-0.019505598,0.40832427,1.241442,-0.31787223,-0.19533835,0.15516937,-0.0025038836,-0.4791897,-0.032658968,-0.1921081,1.0141582,0.56620675,2.4968183,0.40505487
TCGA-G3-A25V,0.012629792,-0.011984479,-0.04700088,-0.035296604,-0.13108562,-0.020192757,0.22194731,0.8570657,2.3080275,-0.21345396,1.3881915,0.76466006,-0.027894972,-0.25044006,-0.41320816,-0.11258067,1.0013059,-0.12714253,-0.22451393,1.0100988,0.15612343,0.35666084,-0.22379978,0.7774107,1.9842448,1.0834473,-0.17776673,0.9218948,1.056918,-0.047714196,1.2214512,0.29301506,0.5269924,-0.005581279,-0.16949806,-0.10296738,2.0748897,0.41019642,0.3630695,0.5293368,1.4721452,-0.15149826,1.4012151,-0.13474163,-0.043966543,-0.018851345,-0.12597448,2.9106452,1.1320049,0.21118665,0.108956344,-0.0091272965,0.99078727,-0.20122476,-0.116600886,-0.010430324,-0.021573298,-0.29658666,0.06346225,-0.14800255,0.4886349,0.00058442354,1.8432826,0.45563388
TCGA-G3-A25X,0.06398549,-0.01980616,0.09606607,-0.026066124,-0.109667696,-0.010484683,0.2301552,0.45010495,1.9890361,-0.19170775,2.0685234,0.24357578,-0.010821942,-0.2061284,-0.38410282,-0.1268647,0.9371652,-0.1275877,-0.19273011,0.92397916,0.021897987,-0.004982065,-0.21989158,0.79498214,1.8717217,0.6124817,-0.12275614,1.4387538,1.3520588,-0.051255263,0.87360686,1.2666774,0.38278058,0.10756269,-0.15857248,-0.16854541,2.0550444,0.33988374,0.7444466,0.5152823,1.1820536,-0.15821202,1.5437891,-0.08873083,-0.0530591,-0.015285248,-0.15386015,2.4264631,1.1187761,-0.01941963,0.043284502,-0.010657785,0.5947272,-0.17206037,-0.09411726,0.3019642,-0.06912624,-0.2457966,0.47543386,-0.113766134,-0.030464634,0.37274492,1.5404732,0.2775638
TCGA-G3-A25Y,-0.009484242,-0.015765421,-0.021538392,-0.021629123,-0.18045144,-0.028854704,0.4822746,0.96799403,3.4716568,-0.26869723,1.9450518,0.6998853,-0.015889453,-0.31316695,-0.5573455,-0.14866345,1.1968812,-0.17048773,-0.27650738,1.0195653,0.30566084,0.39472985,-0.32158765,0.7768185,2.6730363,1.4069972,-0.21467076,1.5000334,1.8323153,-0.027419785,1.4472401,0.16487862,0.9128227,0.049646217,-0.23359394,-0.15790038,2.8052523,0.7771967,0.5381975,1.1398277,1.8271154,-0.22254165,1.9607067,-0.15102886,-0.09395249,-0.022926187,-0.16993675,3.588194,0.97430617,0.021298446,0.2242731,1.2189732,1.0829796,-0.2763579,-0.15293911,0.3435021,-0.04305267,-0.385039,0.62897724,-0.18989344,0.23770665,0.7950294,2.4491694,0.33356348
TCGA-G3-A25Z,0.138377,-0.017035525,-0.07764807,-0.058539856,-0.18331021,-0.0377332,0.3526997,0.7496885,2.895464,-0.2450759,0.5920773,0.57204616,-0.0090859365,-0.3035501,-0.5262312,-0.15689482,1.169068,-0.15884821,-0.2619723,1.0050299,0.6959303,0.47956777,-0.30210385,0.66996855,2.5080714,1.3114121,-0.21550639,0.83210635,1.5113049,-0.037220854,1.0378869,0.54652643,0.68538177,0.117302686,-0.17455141,-0.093449704,2.4343932,0.46196294,0.5803252,-0.0012800734,2.037961,-0.20018204,1.3935366,-0.15456814,-0.0654638,-0.014435372,-0.1509499,3.1743422,1.1579406,0.121168144,0.069333375,0.26650038,1.0050764,-0.29511473,-0.17452577,0.4588002,-0.010159354,-0.40858236,0.10184043,-0.16160269,0.7474132,0.43778223,2.3020554,0.5794281
TCGA-G3-A3CG,-0.0002630584,-0.03356142,-0.100244574,-0.04897024,-0.20511878,-0.04169343,0.6341495,1.1448044,3.2398725,-0.2704028,0.68993336,0.7803766,-0.009623824,-0.3439023,-0.5872466,-0.1681063,1.2556113,-0.20401604,-0.2924541,1.3879038,0.31008363,0.40897796,-0.31681952,0.6854066,2.8919132,1.2223724,-0.2279768,1.3096807,1.820497,-0.02493321,1.2940425,0.895584,0.5959991,-0.0038869109,-0.20694768,-0.13230412,2.834941,0.20837581,0.8184114,0.45395702,2.1000433,-0.23054461,1.3088135,-0.2201504,-0.10892767,-0.019751385,-0.17489523,3.6668177,1.2354001,-0.0018673771,0.07960551,0.80069774,0.8654394,-0.30371267,-0.14748344,0.24672301,-0.015773214,-0.41781265,0.31720242,-0.17473269,0.6812651,0.41971403,2.4283044,0.52495575
TCGA-G3-A3CH,-0.0066227713,-0.030892283,-0.065807074,-0.027434293,-0.20068745,-0.037159737,0.5401592,1.2212515,3.3846462,-0.28493714,1.5615265,0.96394235,-0.023546806,-0.34455925,-0.60024506,-0.16235831,1.4755746,-0.17570335,-0.31892586,1.4089546,0.6442076,0.69710284,-0.34246254,1.0081489,2.9474437,1.6561223,-0.22873521,1.2077596,1.8837385,-0.03812641,1.4231744,-0.0120130675,0.8218577,0.0031634457,-0.24266021,-0.14259778,2.819217,0.70423955,0.7590289,0.37133294,2.1139107,-0.2270882,1.7846916,-0.19197081,-0.08354537,-0.03952199,-0.17490022,4.0172787,1.2774792,0.05884158,0.11569997,0.6013022,1.5004344,-0.32086453,-0.17228132,0.28443152,-0.04486423,-0.46124592,0.10349921,-0.21135306,0.6568728,0.5936664,2.8221693,0.54112583
TCGA-G3-A3CI,-0.014222691,-0.025054587,-0.031302046,-0.040153533,-0.15197329,-0.02361236,0.42637956,1.0730089,2.827534,-0.20880805,1.8780516,0.7391692,-0.008343951,-0.26069486,-0.44176728,-0.10346422,1.1154736,-0.14442587,-0.21874598,0.75383127,0.25765395,0.40222892,-0.2498252,0.6070859,2.14377,1.1520876,-0.18322904,1.1912823,1.2842314,-0.018820701,1.3278295,0.08886018,0.7788047,-0.013931163,-0.1911203,-0.15253983,2.2614467,0.6591451,0.1356188,1.2746841,1.6270498,-0.15803468,1.66179,-0.1501582,-0.06699439,-0.038257606,-0.14681002,3.3094926,0.90732676,0.18800178,0.17643817,0.45006308,0.89546734,-0.24424195,-0.12709218,0.16193755,-0.0328024,-0.29625168,0.45774722,-0.14871842,0.3174598,-0.0074675307,2.037816,0.27987164
TCGA-G3-A3CJ,-0.0058044265,-0.019240363,-0.12215306,-0.028276354,-0.24659403,-0.06304794,0.6175196,1.0652664,3.1705043,-0.24790375,0.24217178,1.1894473,-0.018230293,-0.3521287,-0.634664,-0.16779794,1.2614609,-0.1699435,-0.30752426,1.3004094,0.6918221,0.94674397,-0.32008418,0.85646755,2.8236609,1.647717,-0.23734458,0.9598086,1.7273028,-0.019538702,1.534782,-0.0047145276,0.54323345,-0.0140539035,-0.23290665,-0.08466991,2.8636005,0.20949051,0.48172677,0.17961101,2.2792966,-0.22259863,1.1210394,-0.21573234,-0.07266263,-0.004240385,-0.16329108,3.8633654,1.1734549,0.21839023,0.36052778,0.638342,1.1968251,-0.31931284,-0.2137533,0.33749032,0.3018824,-0.50654,-0.021820916,-0.19912104,1.1067656,0.17953773,2.7380757,0.4558598
TCGA-G3-A3CK,0.19534838,-0.021952648,-0.08478746,-0.0611251,-0.17195463,-0.009233585,0.4515935,0.99154437,2.8833013,-0.23212941,0.6967863,0.8569845,-0.01360366,-0.3142311,-0.5487207,-0.15508096,1.3760428,-0.15367262,-0.27191418,1.3765333,0.30118507,0.5125686,-0.260624,0.8173301,2.7366064,1.382462,-0.20582204,1.2243307,1.6103582,-0.02148535,1.272938,0.88610744,0.5648978,0.1511594,-0.19871299,-0.13433595,2.638494,-0.0050004316,0.55139494,0.21280958,1.9017004,-0.20555003,1.2892157,-0.19833943,-0.052215565,-0.02292141,-0.14648813,3.7411134,1.0437398,-0.008833545,0.013666762,0.23970063,1.1584921,-0.27125543,-0.1906157,0.21089637,-0.0022256558,-0.41943794,0.09310315,-0.15544342,0.8862665,-0.018652495,2.1934884,0.37835166
TCGA-G3-A5SI,0.13473433,-0.04743116,-0.057027202,-0.005856453,-0.2171223,-0.020387573,0.15807222,0.73138297,3.4384494,-0.2573262,1.4719955,1.0959632,-0.016238099,-0.30556834,-0.5850854,-0.16022657,1.1812513,-0.1969352,-0.25426564,1.0710478,0.4051082,0.4404222,-0.3214132,1.0295638,2.706992,1.4004074,-0.19778313,1.4071407,1.9406334,-0.017415019,1.5124938,0.20532964,0.87292564,0.2751548,-0.23957579,-0.15940253,2.6779544,1.0427773,0.6168159,0.5682589,1.7438123,-0.20340376,2.2521865,-0.1308544,-0.10327518,-0.01617236,-0.12953076,3.724635,1.1070079,-0.0026328086,0.35964218,0.95638883,1.294904,-0.28519946,-0.17291021,0.57281876,-0.012003376,-0.40729132,0.5329912,-0.20729457,0.50102264,0.7260522,2.5458145,0.30821508
TCGA-G3-A5SJ,-0.0058984496,-0.017660147,-0.02135863,-0.038520765,-0.09677144,-0.0065364935,0.07840212,0.70968837,1.9071081,-0.18344572,0.9938919,0.42689946,-0.03982188,-0.19929503,-0.38797396,-0.11677887,0.9354912,-0.1440037,-0.22340314,0.81980777,-0.0010712892,-0.013412306,-0.2109561,0.67403835,1.9105585,0.6254584,-0.12517345,0.91840553,0.99130493,-0.04151166,0.6332277,1.434593,0.32169083,-0.016224556,-0.12424632,-0.10235756,1.7632549,0.58581585,0.78082216,0.100854106,1.076794,-0.13917576,1.2741044,-0.07746835,-0.057369944,-0.015058676,-0.095181376,2.3483047,1.178266,0.101491764,0.05611716,-0.02421918,0.69582254,-0.13949133,-0.10371677,-0.022055414,-0.02416266,-0.23169711,0.01213982,-0.09227093,0.23888938,0.39584523,1.1352215,0.8137987
TCGA-G3-A5SK,0.122773424,-0.02229119,-0.08358877,-0.036429353,-0.1978529,-0.020478338,0.4772125,1.1624794,3.156138,-0.23053537,0.87374705,1.1394441,-0.010805472,-0.33738348,-0.58760715,-0.14302078,1.1695868,-0.1825426,-0.28917935,1.3582684,0.3683374,0.5678974,-0.3113461,0.9810045,2.7694075,1.4452447,-0.21291588,1.0771701,1.6367095,-0.047166325,1.4642866,0.1716847,0.6224387,-0.010570707,-0.2088383,-0.097925395,2.7078655,0.36165237,0.87322986,0.4359695,2.1060917,-0.2067715,1.4975944,-0.17318906,-0.07388608,-0.03364914,-0.16863558,3.7320766,1.2412742,0.3027323,0.04930174,0.19169277,1.3572998,-0.30242455,-0.18635805,0.14872418,0.061925385,-0.45845643,0.01386597,-0.19534156,0.79545724,0.41038162,2.6200643,0.5716535
TCGA-G3-A5SL,0.051546223,-0.036036287,-0.105920695,-0.039000284,-0.2276638,-0.032659374,0.88453907,1.2934172,3.5665455,-0.2672367,0.5848481,0.7595587,-0.004458021,-0.38461715,-0.6340408,-0.20243935,1.3031526,-0.19355218,-0.31422165,1.4588153,0.75066555,0.7649205,-0.31423727,0.92714226,3.194354,1.811005,-0.2399253,1.13201,1.8132426,-0.025369426,1.4696051,0.23955558,0.5598154,-0.030414784,-0.22629635,-0.11571397,3.037886,0.18673643,0.6400814,0.50487465,2.437344,-0.22532038,1.3505554,-0.20865412,-0.08565268,-0.025839189,-0.17614608,4.223476,0.99824196,0.33873144,0.020820135,1.0978246,1.2177203,-0.38130274,-0.2113382,0.36588532,-0.0038902808,-0.47072607,0.33655366,-0.185664,1.1162347,0.25600332,2.86356,0.54295504
TCGA-G3-A5SM,-0.011550107,-0.020790255,-0.048909385,-0.039642394,-0.17116676,-0.029529592,0.10543579,0.7441313,2.522891,-0.23013127,0.92035955,0.5840954,-0.022097511,-0.27100092,-0.48714972,-0.109522544,1.0151526,-0.16244261,-0.2400602,0.9323743,0.23299108,0.22632425,-0.25893712,0.614094,2.2932954,0.8596552,-0.18066823,0.96572393,1.3773518,-0.03668436,1.1700246,0.6334097,0.6099061,-0.009262025,-0.16713305,-0.13723429,2.0660255,0.3949606,0.551734,0.29941788,1.7166868,-0.16654322,1.2267706,-0.14989866,-0.07738819,-0.033052024,-0.13530485,3.1332157,1.1845446,0.25669438,-0.006982936,0.24584402,0.77666515,-0.20391873,-0.12429217,0.15276037,-0.000837661,-0.31538305,0.23823455,-0.12991147,0.59250045,0.1107225,1.9991033,0.59807813
TCGA-G3-A6UC,-0.014718405,-0.012269688,-0.13645044,-0.04996732,-0.1724344,-0.013795829,0.5690315,1.1095797,2.891871,-0.21495596,-0.020326933,1.1875223,-0.026200188,-0.3108579,-0.55078405,-0.16492908,1.1376408,-0.16669762,-0.25913426,1.2134966,0.5819091,0.72587717,-0.26555666,0.79171187,2.5402,1.4926256,-0.21547778,0.5855278,1.2988154,-0.0471224,1.2234282,0.23642623,0.55063134,-0.031538602,-0.1885258,-0.0353851,2.6081696,0.15476367,0.7969256,-0.021189323,2.0577478,-0.21545596,0.7444229,-0.16435051,-0.07758708,-0.0064085512,-0.14159922,3.4713373,0.9204814,0.8127311,-0.008299537,0.8462337,1.0309188,-0.33462462,-0.20207444,0.11507995,0.050798643,-0.41888833,-0.016131293,-0.14917958,1.5261105,0.30214238,2.5768719,0.54257447
TCGA-G3-A7M5,0.18545368,-0.032499164,-0.06083687,-0.017606346,-0.1285169,-0.011466102,-0.01614501,0.7693155,2.0138564,-0.17184967,-0.00812574,0.70394427,-0.009328115,-0.21066366,-0.37742886,-0.11118883,0.6488661,-0.14869808,-0.19038513,0.7209313,0.19177996,0.15771018,-0.21359788,0.52754104,1.6036164,1.0759774,-0.13152264,0.42652905,0.8962466,-0.028299266,0.8955,0.43360174,0.24794562,-0.016241243,-0.115308285,-0.037751142,1.8436482,0.58268166,0.61279386,-0.012055179,1.4601887,-0.15427159,0.8000041,-0.11037979,-0.03293497,-0.027810276,-0.09963984,2.3753018,1.0115829,0.6850041,-0.0009005571,0.22009684,0.59326714,-0.22025564,-0.13612795,-0.0027722304,0.11451155,-0.27847123,-0.003171394,-0.12350388,0.9788255,0.17580374,1.5904433,0.42489347
TCGA-G3-A7M6,-0.0100067295,-0.00393361,-0.000107593834,-0.014691398,-0.077223636,-0.0079824515,-0.010047592,0.3008503,1.4097185,-0.14040114,1.076,0.040542766,-0.019848926,-0.13459904,-0.26579836,-0.033122703,0.39212736,-0.11913299,-0.14337842,0.556798,0.07761601,-0.009891163,-0.13464622,-0.00197585,1.2193098,0.34082603,-0.065915264,0.6546544,0.78244823,-0.02220845,0.50091374,1.0254871,0.2973502,-0.012031767,-0.08496707,-0.10898465,1.273028,0.81657493,0.28635854,0.7336821,0.66031444,-0.11251495,0.6590575,-0.075018756,-0.054176897,-0.0050246236,-0.102640234,1.4598331,0.78463614,0.48358664,0.057053875,0.65177256,0.08472323,-0.085738145,-0.083175816,0.10375265,0.010044746,-0.12530409,0.35575268,-0.07409647,0.3149198,0.23081663,0.6892862,0.58789045
TCGA-G3-A7M7,-0.0072345953,-0.024777321,-0.056982823,-0.04286751,-0.16404556,-0.035190236,0.29172876,0.898248,2.981238,-0.24183877,1.3089215,0.7917175,-0.028266285,-0.3167573,-0.53386366,-0.15837772,1.2333885,-0.18293892,-0.2623492,1.1886512,0.45293844,0.49762335,-0.2807122,0.8638389,2.46142,1.1899908,-0.20413303,1.4037707,1.5887038,-0.037575413,1.3147913,0.7750707,0.6839496,-0.005360493,-0.2027026,-0.15484577,2.422073,0.30061907,0.69478273,0.27817687,1.8119459,-0.20575877,1.620121,-0.18202418,-0.05627358,-0.023457063,-0.1335408,3.4765298,1.2452108,0.046627842,-0.012751154,0.119914375,1.1895183,-0.2694288,-0.15233509,0.21044958,-0.03316598,-0.38410828,0.17956388,-0.15639673,0.6564885,0.20279367,2.2661414,0.54758555
TCGA-G3-A7M8,0.021735676,-0.029760858,-0.058650266,-0.03953255,-0.16598603,-0.029606257,0.3840417,1.3862196,3.1227305,-0.23524714,1.3949932,0.7047723,-0.016844653,-0.30057606,-0.51098037,-0.110709324,1.0525547,-0.17923614,-0.24319544,0.99319625,0.23814021,0.6271288,-0.27741233,0.58416367,2.4727302,1.2528743,-0.20755933,1.074387,1.5060079,-0.018846834,1.5089428,0.16740134,0.7971723,-0.027852133,-0.21285908,-0.11519798,2.6049519,0.68508583,0.31681794,1.3035458,2.0333729,-0.18384692,1.6217465,-0.16544752,-0.0901878,-0.00780392,-0.14741355,3.5696096,0.8547813,0.4412136,0.051053897,0.89169985,0.94927746,-0.2807208,-0.1415314,0.32662293,0.054748077,-0.39163157,0.4519535,-0.1599233,0.72249967,0.41501838,2.397871,0.29990745
TCGA-G3-A7M9,-0.021627208,-0.002103713,-0.008036019,-0.028502678,-0.06800916,-0.013655446,0.42252225,0.36136785,1.7308781,-0.16351618,1.6198465,0.030511068,-0.008643653,-0.16772252,-0.28368685,-0.042911716,0.5064851,-0.10927969,-0.11785177,0.65933144,-0.0013662257,-0.020961039,-0.16338125,-0.010406304,1.2454202,0.43999532,-0.04388989,0.8286106,0.8976558,-0.016267031,0.7161148,0.93559456,0.4213681,0.0469171,-0.13106203,-0.18750061,1.4313201,0.7887022,-0.034406576,1.1565582,0.8692614,-0.11549713,0.9794061,-0.066777036,-0.071608774,-0.007883784,-0.09107785,1.9784653,0.69944215,0.5570285,0.38656744,0.9610623,0.0115155475,-0.048727423,-0.07733323,0.28561196,-0.028988082,-0.12226216,0.59482795,-0.072608165,0.469317,0.0345259,1.0059266,0.50490594
TCGA-G3-AAUZ,-0.010131199,-0.010409389,-0.053598214,-0.027265718,-0.13380733,-0.028523007,-0.030289546,0.6662903,1.888645,-0.16409242,0.4670531,0.7965883,-0.023260692,-0.22531794,-0.39994726,-0.10340331,0.8894198,-0.12818795,-0.2026999,0.7989071,0.06481892,0.31868583,-0.23943141,0.91857564,1.7389511,0.89106834,-0.14957105,0.6201976,1.0837592,-0.017176788,0.9678759,0.3208558,0.33208337,-0.003020903,-0.121590294,-0.060115,1.9397671,0.37722397,0.6617509,-0.020539714,1.3656293,-0.1346265,0.95277536,-0.10951996,-0.05788487,-0.010300371,-0.11141987,2.4956903,1.018329,0.40637818,-0.006165104,-0.015860526,0.9058881,-0.1945334,-0.10374347,0.19232509,-0.02360204,-0.31687698,-0.0033397197,-0.12569998,0.65397024,0.357594,1.8846389,0.5388971
TCGA-G3-AAV0,0.21417081,-0.016922215,-0.09675568,-0.05238154,-0.2324707,-0.04180297,0.44096056,1.2742945,2.9424279,-0.26052505,-0.015651971,1.0050552,-0.026581232,-0.32886216,-0.5571497,-0.15459913,1.1966652,-0.18226482,-0.23002933,1.101111,0.07081394,0.7680974,-0.27809247,0.69584,2.904083,1.4177192,-0.22254069,0.9159517,1.8208312,-0.03195826,1.4459001,0.115131944,0.5381901,-0.009393078,-0.19216846,-0.09843473,2.6057818,0.25478142,0.62212,0.5357335,2.0862377,-0.2089061,1.2026426,-0.20149069,-0.08717001,-0.027021328,-0.14871688,3.415384,0.8540686,0.24817535,0.08064644,0.958099,1.2987661,-0.3004404,-0.2043197,0.21414798,-0.00047537946,-0.4544066,0.31424943,-0.16315012,1.4091283,0.36401397,2.4651668,0.58403635
TCGA-G3-AAV1,-0.01351473,-0.020474738,-0.033284146,-0.052981477,-0.12016691,-0.007146063,0.25207672,0.53104305,2.4328003,-0.19279467,0.8471507,0.18348426,-0.004359717,-0.2507562,-0.42205963,-0.15944688,0.9942983,-0.10954747,-0.2334241,0.94937336,0.2088762,0.18465196,-0.2214434,0.5255693,1.9770132,1.0598525,-0.14697745,0.9092645,0.9016334,-0.035206597,1.0323672,1.1093012,0.5927278,0.07950346,-0.18169145,-0.17662627,2.1976066,-0.00092529797,0.4979385,0.025642443,1.3492144,-0.14745852,1.0712223,-0.16235912,-0.048565622,-0.015608668,-0.101408996,2.8592954,0.81818795,0.11571012,0.0462089,0.06188481,0.55200475,-0.20123117,-0.157189,0.28214118,-0.007756433,-0.2965621,0.34841362,-0.12701239,0.65702075,0.06980119,1.8280363,0.57676166
TCGA-G3-AAV2,-0.008590958,-0.04096749,-0.0941814,-0.05165434,-0.22866939,-0.043323692,0.72560513,1.2855357,3.6122987,-0.27982306,0.33093548,0.8321619,-0.025516558,-0.37872106,-0.6487358,-0.19406845,1.5255934,-0.19029945,-0.29954073,1.3952909,0.5398294,0.8900491,-0.3144587,0.9032608,3.191578,1.7902663,-0.24099138,1.2495669,1.8674482,-0.037622914,1.3387659,0.0953376,0.48801038,-0.009633836,-0.23118415,-0.11371335,2.9785464,0.016114648,0.48691207,0.5515408,2.3076203,-0.22173396,1.4505618,-0.23004627,-0.0702697,-0.041945588,-0.1416391,4.1774125,0.9458349,0.17905995,-0.0035187062,0.91616136,1.2018173,-0.379472,-0.21211997,0.5378666,0.10856253,-0.5080453,0.273782,-0.18169083,1.1146957,0.27051687,2.878783,0.36415905
TCGA-G3-AAV3,-0.007280988,-0.020544281,-0.066338465,-0.05952258,-0.18399827,-0.029183567,0.57186365,1.0417958,2.91423,-0.2628055,1.1307415,0.552048,-0.011784934,-0.31298894,-0.511878,-0.14734347,1.2319859,-0.15903609,-0.2546251,1.0402927,0.37923223,0.43312874,-0.27341947,0.79905766,2.544926,1.3318225,-0.20972677,1.355984,1.3882197,-0.049752995,1.3079065,0.4260847,0.5817147,-0.024573324,-0.19567633,-0.13360672,2.6001692,0.064161494,0.47785783,0.773089,1.9753335,-0.19769636,1.4354126,-0.18506014,-0.06850962,-0.01900329,-0.14294948,3.5355544,1.127534,0.058311954,0.06032178,0.48221534,0.9921076,-0.2603876,-0.14400065,0.25467622,-0.01173061,-0.36337048,0.094540484,-0.15275548,0.8327148,-0.011000772,2.2472615,0.45717123
TCGA-G3-AAV5,0.04216335,-0.04366402,-0.10055275,-0.07391059,-0.19577904,-0.030700902,0.76280946,1.2979205,3.3275886,-0.28520343,0.52620804,0.72192293,-0.007991387,-0.35601148,-0.59568113,-0.1887192,1.4589065,-0.15220207,-0.31737578,1.4708754,0.45975882,0.518802,-0.28684485,0.690189,3.105489,1.4824175,-0.250841,1.2005278,1.7946503,-0.019426614,1.3681549,0.5453213,0.66398424,-0.017122952,-0.23269804,-0.14160115,2.8837435,-0.03992811,0.7797384,0.38965788,2.2625597,-0.19474953,1.1997428,-0.21918812,-0.08353912,-0.03211422,-0.14203829,3.909225,1.014698,-0.013402191,-0.0024486312,0.811726,1.3012652,-0.30983233,-0.20097998,0.3086921,-0.0036875678,-0.46424744,0.086119585,-0.17612447,0.9598218,-0.0060574072,2.5157704,0.52202445
TCGA-G3-AAV6,-0.0090453625,-0.0034312464,-0.0026434602,-0.014910213,-0.09622415,-0.02570625,0.57199204,0.4753906,2.177866,-0.1986974,1.2845645,0.0451845,0.07728107,-0.22944859,-0.3202068,-0.0507435,0.56392056,-0.12645893,-0.15974171,0.39119735,0.015024893,-0.01247889,-0.1625943,-0.021734057,1.5366489,0.530078,-0.063034,0.70874536,1.2022358,-0.018354667,1.1045327,1.0628521,0.58053094,-0.020651659,-0.1348625,-0.23206274,1.7562553,0.469656,-0.025688961,1.2686639,1.0130982,-0.1499008,0.9857745,-0.077454254,-0.088559374,-0.018889362,-0.07203582,2.183946,0.64333266,0.54004794,0.39835018,1.3939061,0.13308649,-0.05732801,-0.10854703,0.35258067,-0.0024252217,-0.1785566,0.7693107,-0.08286541,0.87646717,0.2267804,1.2548993,0.56849986
TCGA-G3-AAV7,0.03472231,-0.016767355,-0.004989756,-0.021767525,-0.118166484,-0.02159009,0.23475221,0.52358896,2.30184,-0.17155997,1.7989709,0.43185535,-0.019529894,-0.20953439,-0.39064357,-0.094934486,0.82719034,-0.14441876,-0.19001618,0.92397916,0.12083414,0.13243501,-0.2156105,0.4492597,1.9469864,0.7332347,-0.1474189,1.1848905,1.0949557,-0.031703565,0.94265723,0.7821785,0.457997,0.10020679,-0.15634957,-0.14487617,1.6940116,0.24427134,0.409918,0.5575034,1.0311308,-0.12483305,1.4006261,-0.11309963,-0.072791904,-0.01070252,-0.13450493,2.4990067,1.1219034,-0.0069405097,-0.006099017,-0.00593885,0.83336467,-0.16122498,-0.09670424,0.10005251,-0.024269609,-0.21775718,0.4132991,-0.11792215,0.11060701,0.29058576,1.458202,0.44264853
TCGA-GJ-A3OU,-0.0049972213,-0.019905824,-0.026615614,-0.029957686,-0.13939732,-0.0210907,0.22357285,0.7773275,2.4807281,-0.2258557,1.6944306,0.45950478,-0.032527518,-0.25416884,-0.43649212,-0.10933568,1.144999,-0.15041296,-0.23835035,0.9007211,0.10689534,0.18156795,-0.25000334,0.687626,2.023636,0.933732,-0.17211215,1.229329,1.0998169,-0.038697153,1.219284,0.6350721,0.70754963,-0.02160924,-0.17206292,-0.16802353,2.20461,0.26675868,0.37005743,0.719294,1.5568414,-0.16293702,1.5122845,-0.13981532,-0.05463015,-0.018668417,-0.13980795,3.0885115,1.2776468,0.17837313,0.20522097,-0.007932796,0.84324574,-0.18214147,-0.11404853,0.04888337,-0.03641833,-0.28506133,0.2158902,-0.1276324,0.4290932,-0.01837755,1.8218713,0.44701114
TCGA-GJ-A6C0,-0.040484227,-0.0011904794,-0.040395267,-0.018844163,-0.11990707,-0.021381,-0.015335818,0.77501476,1.9645684,-0.1624308,1.2955135,0.3505165,-0.009490335,-0.18679504,-0.34389648,-0.10041652,0.7636701,-0.14248502,-0.16852483,0.7246041,-0.0034160614,0.11216913,-0.19221772,0.28909725,1.7158903,0.675989,-0.09712992,0.84838605,0.9244556,-0.019285833,1.0070242,0.6141841,0.571668,0.09423536,-0.1201603,-0.120637596,1.568272,0.8994372,0.23441023,0.23353314,0.89796984,-0.14786291,1.1006887,-0.108254515,-0.057865243,-0.01744805,-0.11201733,2.3780236,0.87007415,0.74050087,0.20807843,0.53854895,0.3736442,-0.1768716,-0.10462885,0.36848348,0.002363313,-0.2151616,0.33921644,-0.073782615,0.53165984,0.2231669,1.6416892,0.35049003
TCGA-GJ-A9DB,-0.007367005,-0.018791586,-0.027504135,-0.0173897,-0.11569037,-0.03719,-0.025318244,0.5112175,1.6967356,-0.15760802,0.47439364,0.5714958,-0.006190374,-0.1933152,-0.34179434,-0.05859209,0.67066246,-0.109748565,-0.16743873,0.76048625,0.1185903,0.16856955,-0.20767348,0.51754576,1.4264039,0.74700755,-0.12441782,0.62399673,0.8758287,-0.031224001,0.8702021,0.57770765,0.47411618,-0.0039967224,-0.09475797,-0.0570652,1.4036295,0.9194365,0.4828807,0.1505521,1.0054548,-0.14172034,1.0155218,-0.07906601,-0.043147948,-0.008402322,-0.061669607,2.0105915,0.95339024,0.6471104,0.07083328,0.27430198,0.68771684,-0.1242181,-0.09894701,-0.0005808657,0.007904459,-0.23348413,-0.013584891,-0.09621955,0.5762717,0.45477748,1.3667294,0.4480999
TCGA-HP-A5MZ,0.0073407292,-0.017079769,-0.034283567,-0.030762492,-0.14720893,-0.02494297,0.28876603,0.86090094,2.7736676,-0.23786752,1.5906632,0.59144,-0.02997366,-0.27093443,-0.4744725,-0.12051465,1.2761284,-0.16002615,-0.26276767,1.1435995,0.1608799,0.32841706,-0.2683341,0.86822605,2.2575824,1.1248441,-0.19140303,1.2671504,1.3037497,-0.04174906,1.2982898,0.59116423,0.7403181,-0.00651989,-0.18746696,-0.1504966,2.3201675,0.2783171,0.55974066,0.44994742,1.6672236,-0.17609195,1.5423033,-0.16008069,-0.04782178,-0.024457961,-0.15070216,3.270166,1.2600151,-0.00017656013,0.06694401,-0.014490905,0.92721355,-0.21864979,-0.12590659,0.07076061,-0.03723201,-0.3209665,0.17943552,-0.14689307,0.37539193,0.118837625,2.004246,0.49994582
TCGA-HP-A5N0,0.026030622,-0.025996644,-0.04731041,-0.04081119,-0.15625507,-0.017520119,-0.0047563375,0.9574149,2.4894092,-0.20974636,0.90079814,0.6483977,-0.011947511,-0.2703833,-0.46874052,-0.11922004,1.1655036,-0.13472784,-0.22119467,0.909734,0.22546913,0.4159299,-0.24011639,0.77536136,2.150174,1.2687455,-0.18096459,0.9467651,1.2409797,-0.03942577,1.2023517,-0.0014003423,0.6802262,-0.012186452,-0.17595887,-0.09907459,2.2252383,0.6781048,0.50795895,0.58829325,1.7352339,-0.17767416,1.1500937,-0.14190838,-0.062809005,-0.01866037,-0.1445863,3.1756413,1.0165876,0.118174516,0.014977427,0.6523632,0.98447376,-0.24187611,-0.13430111,0.25288096,-0.0054537426,-0.3520661,0.29187098,-0.13680847,0.47494912,0.2469727,2.2593281,0.27916527
TCGA-K7-A5RF,-0.00787493,-0.026755894,-0.05745388,-0.045493398,-0.1703945,-0.022328198,0.41765308,1.1236867,2.886675,-0.23757413,1.3725803,0.77354455,-0.021899704,-0.29690263,-0.50477296,-0.12587196,1.3192966,-0.15649419,-0.24637759,1.0901552,0.30849397,0.5237031,-0.2758904,0.8116946,2.43411,1.4021595,-0.20311609,1.1944375,1.4236112,-0.033405766,1.3886515,0.08793535,0.75578433,-0.0098145185,-0.21704109,-0.13194124,2.4625528,0.4455651,0.36671746,0.734306,1.9131025,-0.18315314,1.538471,-0.1759917,-0.067895874,-0.026800519,-0.14836971,3.5128775,1.0024458,0.041821025,0.10567753,0.4877085,1.2015872,-0.27259898,-0.15831904,0.17131546,-0.035351723,-0.36546898,0.28846177,-0.16610797,0.56079483,0.1684611,2.2902226,0.43345696
TCGA-K7-A5RG,-0.0053933947,-0.007983994,-0.036920812,-0.047895793,-0.13697605,-0.017755572,0.13346496,0.9013784,2.3192892,-0.23446885,1.402886,0.5222089,-0.02458967,-0.24483705,-0.42375565,-0.113807224,1.06578,-0.1482196,-0.2390909,0.96485215,0.11780237,0.1589227,-0.22917901,0.6137792,2.0597293,1.0187362,-0.17300777,1.123291,1.0139786,-0.048224714,1.236325,0.6096698,0.66647315,-0.022495838,-0.16034973,-0.124464154,2.3283412,0.24361765,0.49243903,0.8326442,1.5801686,-0.17698663,1.4009107,-0.13644461,-0.057778478,-0.01896685,-0.12140453,3.080501,1.1957936,0.29242447,0.12223557,0.034379315,0.6922836,-0.17708175,-0.11181507,0.14998737,-0.005226394,-0.28510076,0.10899059,-0.14094038,0.60368687,-0.012858632,1.852941,0.59120065
TCGA-K7-A6G5,0.078750156,-0.001386008,-0.054951634,-0.02427929,-0.15401128,-0.026656035,0.32944506,0.8121916,2.5954983,-0.22492468,1.07938,0.8228332,-0.019799858,-0.2573852,-0.45391747,-0.12576355,1.0201229,-0.14890009,-0.24621263,1.0770563,0.41444016,0.45775285,-0.224188,1.1351279,2.300316,1.3307208,-0.19508249,0.8460144,1.3339161,-0.0298592,1.2284073,0.26094523,0.5805691,-0.012508171,-0.17695935,-0.10689566,2.2156937,0.26768705,0.6877735,0.17684743,1.678604,-0.17455022,1.370987,-0.14148901,-0.058114152,-0.016948724,-0.1346023,3.097253,1.0948833,0.064496025,0.06935574,-0.00634743,1.0803123,-0.2546558,-0.12053253,-0.018456519,-0.013165227,-0.33412626,0.23896691,-0.1459378,0.49363634,0.257015,2.1122808,0.45825675
TCGA-K7-AAU7,-0.002546036,-0.0314018,-0.00047433304,-0.031995244,-0.10037618,-0.0072537027,0.14807427,0.81503564,2.0382705,-0.17648539,1.384748,0.24627557,-0.017503006,-0.1982785,-0.3770533,-0.08020215,0.99411994,-0.12479597,-0.19901942,0.8918413,0.10400607,-0.0045966525,-0.19233167,0.56440157,1.5950712,0.67019373,-0.12312545,0.9568931,1.0240754,-0.0449032,0.77963835,1.258488,0.48459557,0.08778837,-0.1344672,-0.13563697,1.7957684,0.336099,0.62359595,0.5487113,1.0205305,-0.12609936,1.1692983,-0.087129414,-0.06399547,-0.012798357,-0.10603272,2.3774357,0.9390028,0.0057082847,-0.007996449,-0.014831086,0.55036813,-0.12526153,-0.07198067,0.1141024,-0.03150481,-0.21179274,0.37749985,-0.099844,0.110927045,0.3860306,1.2828174,0.4227835
TCGA-KR-A7K0,0.15211219,-0.011756517,-0.06552741,-0.042204183,-0.15101142,-0.02837923,0.36547065,1.0240167,2.8854527,-0.22470985,1.0832965,0.78058785,-0.01928441,-0.28950533,-0.4795424,-0.12536733,1.0680102,-0.13363175,-0.265557,1.1073627,0.32586253,0.5645365,-0.25376135,0.9362503,2.2791646,1.3847578,-0.1936561,1.0090126,1.3730428,-0.027423516,1.1685325,0.40775177,0.46611264,-0.004718369,-0.19925784,-0.123176076,2.2815049,0.20648426,0.2898788,0.25276554,1.8080899,-0.1585249,1.3711455,-0.16742633,-0.06713957,-0.018458849,-0.13703018,3.4738917,0.9547389,0.0885696,0.09279166,0.12527454,1.1828103,-0.2712102,-0.15401457,0.10809908,-0.031509142,-0.3695378,0.116529755,-0.13206367,0.75587755,0.0861429,2.2382262,0.43089983
TCGA-KR-A7K2,-0.020684471,-0.038890272,-0.09250564,-0.03857422,-0.23752181,-0.048505463,0.7922276,1.3146951,3.7674937,-0.283889,0.5913771,0.9605954,-0.025590956,-0.39567626,-0.67850655,-0.1887596,1.6754023,-0.21805397,-0.32543498,1.5497553,0.5552163,0.6754239,-0.36135787,1.0079752,3.3113039,1.6512636,-0.24920261,1.1695995,2.1997879,-0.035097644,1.5606389,0.4283466,0.9035143,-0.012164502,-0.26608342,-0.10504099,3.1525705,0.22109322,0.72533625,0.48126543,2.4224453,-0.23842542,1.546803,-0.22184344,-0.12041745,-0.03289408,-0.16642362,4.2759557,1.1905702,0.2197235,0.10245874,1.0163945,1.066669,-0.37517282,-0.22472022,0.47482872,-0.013232653,-0.49220967,0.6093817,-0.20352133,0.9320711,0.85935456,2.946009,0.5275514
TCGA-KR-A7K7,-0.017674683,-0.012621537,-0.028556013,-0.05658237,-0.13894075,-0.025812928,0.5697822,0.68262815,2.5754213,-0.23041032,0.93798876,0.19864692,-0.012390815,-0.2549686,-0.43394184,-0.13342223,0.9694511,-0.13724427,-0.22597404,0.840848,0.2099483,0.08974278,-0.2331178,0.29546845,2.0135283,0.75791186,-0.13668323,0.9681778,1.2482162,-0.030469516,1.0184917,1.3366151,0.57289404,-0.014946887,-0.14264464,-0.20499562,2.3143008,-0.010218914,0.35792944,0.810488,1.5207151,-0.18471768,0.9340464,-0.12056708,-0.062441405,0.13230276,-0.13450937,2.5719955,0.8705888,0.31071034,-0.0012435721,0.55352974,0.3065848,-0.11609399,-0.14112984,0.47085735,0.19317997,-0.26513338,0.5966753,-0.111360565,0.85324645,0.24927674,1.6295518,0.7390106
TCGA-KR-A7K8,-0.00421077,-0.0064333216,-0.03844765,-0.03668507,-0.1357529,-0.03749666,0.26593137,0.887152,2.161663,-0.2023638,0.80629414,0.79263526,-0.035768416,-0.24197343,-0.40567967,-0.11431556,0.95290405,-0.13996534,-0.21054816,0.82905096,0.099818274,0.32818234,-0.22002912,0.539122,1.8831588,0.8946099,-0.1591904,0.7809514,0.8926913,-0.04320526,1.1900545,0.29139,0.59389013,-0.03512145,-0.15193151,-0.076954156,2.0331378,0.2976106,0.57197833,0.6204687,1.484086,-0.1511366,1.0445251,-0.12837647,-0.054050263,-0.018733634,-0.09455375,2.6660595,1.0323277,0.396669,0.11501568,0.19769411,0.6249883,-0.17067808,-0.11174222,-0.00849527,0.005733181,-0.27976575,-0.012718531,-0.112590805,0.6190057,0.02327729,1.619502,0.7083444
TCGA-LG-A6GG,0.14745978,-0.017581271,-0.07682951,-0.04411627,-0.14457051,-0.037049565,0.46218342,0.6129339,2.3095322,-0.16718416,0.5357743,0.44740885,-0.0068782293,-0.23177612,-0.43227682,-0.13337329,0.74716455,-0.1376112,-0.18278408,0.5098762,0.37872523,0.17795591,-0.23400377,0.19767554,1.8584914,0.7980167,-0.09064362,0.715547,1.0062159,-0.020299848,0.84472555,1.0307821,0.51897186,-0.016410068,-0.12987371,-0.10038213,2.0144143,0.5436654,0.54943633,0.5646662,1.2659899,-0.15849768,0.8802147,-0.12621297,-0.06671043,-0.00837785,-0.0647266,2.2920337,0.87233645,0.7798753,-0.016104465,1.2142974,0.43114108,-0.1591348,-0.15110235,0.444366,0.26511306,-0.2637254,0.2925192,-0.12072883,0.955768,0.22384526,1.631129,0.6507766
TCGA-LG-A9QC,-0.019274369,-0.02756389,-0.10671147,-0.06408667,-0.23389287,-0.024059942,0.9490809,1.3703315,3.6656358,-0.2801916,0.9695324,0.8110665,-0.003831739,-0.37864336,-0.6270825,-0.1972907,1.3683078,-0.1922705,-0.3388446,1.4872799,0.63955593,0.9791178,-0.32046008,0.73098886,3.2076259,1.7410771,-0.23130715,1.3292959,1.5428067,-0.020274742,1.7292618,0.5357107,0.80170065,-0.019027613,-0.26174864,-0.12415983,2.926601,0.4740345,0.44349092,0.6849312,2.4865155,-0.23256528,1.4776707,-0.21763654,-0.10600435,-0.031436678,-0.14277169,4.1344643,0.96916074,0.18089804,0.11263348,1.0825194,1.1066197,-0.36688796,-0.22460337,0.41583118,-0.019045344,-0.44927788,0.44360092,-0.1840269,1.0391469,0.3433084,2.67685,0.5865827
TCGA-LG-A9QD,0.088594116,-0.02794209,-0.0670465,-0.04384905,-0.17654993,-0.018919213,0.31284136,1.087302,2.91511,-0.25429294,1.1558474,0.73833686,-0.025453392,-0.32853946,-0.53869313,-0.14895801,1.1860087,-0.13887246,-0.26916528,1.1036314,0.24408926,0.6307504,-0.2994158,1.0118767,2.5029624,1.4000825,-0.2137953,1.1269276,1.4862667,-0.036914956,1.2803272,0.25733718,0.6556757,-0.014998314,-0.19990443,-0.11775688,2.5620782,0.19950227,0.60507095,0.3586615,1.9383072,-0.19110285,1.5900123,-0.18383102,-0.05850925,-0.023227584,-0.1618415,3.585198,1.2892153,0.00054023415,0.09992519,0.0456466,1.3517339,-0.27453908,-0.14880829,0.089904,-0.019563338,-0.41628107,0.068827026,-0.17496963,0.7202463,0.30142552,2.4413033,0.4687335
TCGA-MI-A75C,-0.0038965195,-0.02421782,-0.05953997,-0.0625185,-0.19125615,-0.051501274,0.7079079,1.1242114,3.4810123,-0.28029236,1.0694101,0.5183868,-0.02307913,-0.3624253,-0.57278943,-0.184148,1.3420746,-0.16179948,-0.30990204,1.2967086,0.5180947,0.4671357,-0.3138572,0.78132385,3.0115309,1.3893303,-0.2412318,1.4628977,1.9287179,-0.03894106,1.1607267,1.0275449,0.5495024,-0.007817249,-0.21160482,-0.15174265,2.7727482,-0.035083044,0.872324,0.48089862,1.9939421,-0.21582745,1.2448814,-0.21126123,-0.08234314,-0.01828039,-0.18707503,3.8354344,1.1352688,-0.019018983,-0.010985489,0.66921616,1.269222,-0.31346944,-0.1639265,0.43591094,-0.03174706,-0.43209502,0.18275791,-0.15622859,0.80778146,0.37692028,2.5255644,0.47990867
TCGA-MI-A75E,-0.0059987935,-0.021081058,-0.054199737,-0.047177862,-0.17674175,-0.029331883,0.33408993,1.0509534,2.9445643,-0.24910943,1.0620861,0.7750219,-0.02966394,-0.29203054,-0.5156416,-0.14475213,1.2096547,-0.16286407,-0.26181298,1.0791225,0.2970975,0.5036273,-0.26210317,0.8199577,2.5543418,1.3585944,-0.21162,1.2009606,1.3806621,-0.03116093,1.2978271,0.28046188,0.65672106,-0.020568548,-0.1984704,-0.115774766,2.5609534,0.27331167,0.578992,0.5834157,1.9624369,-0.19671462,1.2790663,-0.18058904,-0.06996148,-0.02347373,-0.14550692,3.4176078,1.0586264,0.17381749,0.071885705,0.33525032,1.1196816,-0.28738672,-0.14828055,0.062926,-0.022493035,-0.38053507,0.14757097,-0.16379544,0.63615936,0.15063633,2.2961924,0.518259
TCGA-MI-A75G,0.17606822,-0.036364388,-0.093063444,-0.03209174,-0.17931704,-0.032747857,0.24370247,0.8023067,2.741789,-0.24344042,0.11104062,0.6261599,-0.016680507,-0.2811203,-0.52389747,-0.16660187,1.1758916,-0.1656392,-0.2435489,1.212514,0.40127474,0.42793706,-0.25944218,0.86433154,2.4933517,1.3800857,-0.1870042,0.9697968,1.3871794,-0.03215072,1.2144839,0.7258128,0.5125953,0.044643078,-0.17800339,-0.0932875,2.696856,0.021994092,0.55155605,-0.00093540055,1.8204707,-0.1834414,1.1621637,-0.171541,-0.070437156,-0.032639045,-0.14679836,3.021669,1.1826499,0.16900852,-0.018176101,0.3686599,0.9530365,-0.26783836,-0.14604478,0.22728197,0.32669896,-0.40211508,-0.0008424841,-0.15817532,0.8202737,0.5198919,2.1943688,0.7253043
TCGA-MI-A75H,0.14710885,-0.021951495,-0.10291791,-0.04456545,-0.19642006,-0.038006824,0.5282997,0.9630748,3.1186059,-0.24892035,0.5383913,0.845091,-0.016314585,-0.34226018,-0.59560275,-0.16995849,1.1056551,-0.19329585,-0.29591528,1.3248209,0.44693744,0.66089296,-0.2898282,0.9351995,2.9777222,1.6703391,-0.22933614,1.0322735,1.606603,-0.022336809,1.4855504,0.14143844,0.493636,-0.007901269,-0.20210393,-0.11274352,2.7873259,0.3118842,0.72949666,0.17463899,2.2455852,-0.21379147,1.39594,-0.19200812,-0.06641694,-0.029881148,-0.122145854,3.808041,1.1439598,0.25850394,0.063142315,0.59256494,1.0851912,-0.32163304,-0.18850695,0.28038812,0.0026561953,-0.44652215,-0.025356872,-0.16677628,1.2208893,0.03701046,2.7123826,0.67206603
TCGA-MI-A75I,-0.0014509767,-0.028667742,0.108908564,-0.025987804,-0.11469793,-0.0258262,-0.006973763,0.5979749,1.6346036,-0.13676532,0.77964157,0.35127708,-0.011551307,-0.18088013,-0.33249557,-0.08673905,0.6934129,-0.120390594,-0.1750708,0.6315286,0.13808113,0.009532777,-0.17786734,0.27183574,1.3448151,0.6220072,-0.09742681,0.78554696,0.8321579,-0.036728643,0.71111053,0.73156536,0.48775142,-0.010359642,-0.115795575,-0.09141945,1.5575482,0.16577438,0.55797756,0.080689356,0.9023045,-0.110702835,0.86492074,-0.080877006,-0.050972667,-0.0075765303,-0.06842824,1.9006522,0.9269914,0.44599825,0.029320719,0.3251975,0.4116364,-0.1443458,-0.092153184,0.20548087,-0.00094153604,-0.2020777,0.29202625,-0.093012884,0.65714663,0.4808764,1.2291371,0.49541888
TCGA-MR-A520,-0.011121309,-0.017933292,-0.054012068,-0.044096004,-0.17158724,-0.025670363,0.46522748,1.2970604,3.1513772,-0.23338221,1.3442807,0.5495467,-0.009930316,-0.29066017,-0.509332,-0.110510625,1.2469927,-0.15968086,-0.24797726,0.9406725,0.3478716,0.6951376,-0.28569883,0.6633034,2.4400544,1.4576917,-0.21711981,1.1888685,1.4948386,-0.01537198,1.3596784,0.16406177,0.8821636,-0.020417238,-0.22507064,-0.13385199,2.4368966,0.7284134,0.17463475,1.1472365,2.010948,-0.19756554,1.6262522,-0.18347202,-0.074213035,-0.034628164,-0.166299,3.6491015,0.9999455,0.2964488,-0.0032423865,0.70233357,1.0679791,-0.28412673,-0.15347911,0.38230607,-0.0074856593,-0.3713353,0.45308027,-0.15109251,0.46698064,0.21102881,2.2826855,0.24912228
TCGA-MR-A8JO,-0.010884386,-0.024799043,-0.018316606,-0.041141227,-0.11297899,-0.0147031015,0.41771734,0.93977404,2.4184513,-0.22190993,1.7776637,0.46593255,-0.02820081,-0.22555426,-0.3965169,-0.08625472,1.0913731,-0.13180088,-0.20902582,0.8979357,0.17699952,0.23356383,-0.2056959,0.5038075,1.8649296,0.9522554,-0.16373597,1.2555993,1.0068296,-0.04148603,1.0826502,0.60565585,0.6120767,-0.0019674269,-0.17811936,-0.1759013,2.1079974,0.20966409,0.31223372,0.87403196,1.2772697,-0.15314281,1.4560691,-0.13632429,-0.051686276,-0.022405377,-0.12608744,2.712216,1.0924046,0.1292293,0.031114077,0.026719153,0.79278797,-0.18999596,-0.08775344,0.079169035,-0.040568825,-0.24470608,0.6190874,-0.106985986,0.31280476,-0.00078053476,1.7653283,0.39940512
TCGA-NI-A4U2,-0.016429026,-0.006833399,-0.048761427,-0.037776995,-0.15793373,-0.01362777,-0.0032877144,1.133649,2.6485221,-0.21167915,0.5518352,0.92247474,-0.00948598,-0.24937105,-0.4941936,-0.12916477,1.0951171,-0.15462045,-0.24843083,1.114054,0.104322374,0.54115707,-0.2611274,0.7014204,2.035496,1.2701563,-0.18707852,0.8822389,1.280303,-0.037985902,1.2537129,0.39731318,0.6763416,0.009989228,-0.17979418,-0.113356285,2.4669707,0.5372526,0.8677937,0.16012476,1.7202493,-0.18993722,1.1433018,-0.16746056,-0.05967049,-0.016553346,-0.1333296,3.1392698,1.0891588,0.4557192,-0.005161791,0.20035091,0.85888577,-0.2468307,-0.14098006,0.12075315,0.11736612,-0.35750833,-0.014772567,-0.16004269,0.80631024,0.36109173,2.0373275,0.5500924
TCGA-NI-A8LF,-0.009596664,-0.02731967,-0.043356813,-0.041444954,-0.122057535,-0.018225301,0.25464696,0.5103092,2.503528,-0.22553277,1.4127543,0.6402523,-0.03764855,-0.261649,-0.44595942,-0.12934479,1.1782306,-0.09935016,-0.22688489,0.9150939,0.13904323,0.33637738,-0.24967337,0.93648404,1.9603164,1.1520585,-0.15884608,1.0299554,1.1971385,-0.0520307,1.3105031,0.06396745,0.567969,0.22894105,-0.17705297,-0.13815999,1.9987454,0.48741192,0.47027576,0.11296159,1.6658953,-0.14382604,1.250254,-0.14022829,-0.047009107,-0.04334682,-0.14179188,3.4573426,0.9627692,0.14661467,-0.008023456,-0.0048222793,1.0351689,-0.242979,-0.14261843,0.121014275,-0.070985295,-0.33059683,0.101055525,-0.13182703,0.6563927,-0.03771306,2.1950042,0.27980384
TCGA-O8-A75V,-0.002587656,-0.014550124,-0.040246543,-0.046360936,-0.129508,-0.029392162,0.54035974,0.7700571,2.603895,-0.21559961,1.3540689,0.508397,-0.027755616,-0.28567836,-0.48438478,-0.13911667,1.2059278,-0.1425338,-0.27115387,1.0530921,0.5616159,0.3283305,-0.27650478,0.75206333,2.2377288,1.210684,-0.18076883,1.1612142,1.3569508,-0.041059148,1.2486507,0.7862577,0.56861836,-0.017676648,-0.16353554,-0.1495609,2.1835034,0.025362588,0.7830125,0.15214537,1.669429,-0.1776271,1.4438097,-0.13000825,-0.07100501,-0.0338243,-0.1167148,3.4166121,1.1207689,0.102374986,-0.0054829004,-0.00021792772,1.0931926,-0.23179792,-0.14471619,0.22116585,-0.054247838,-0.35163933,0.17424944,-0.13869189,0.48283985,0.39519072,1.9971528,0.5136059
TCGA-PD-A5DF,-0.02406832,-0.018803556,-0.011834741,-0.028836641,-0.10628524,-0.017595459,-0.0013430015,0.6126878,1.8423742,-0.14030805,0.7083951,0.4679318,-0.020876879,-0.17335172,-0.35599148,-0.096963406,0.8273974,-0.13030766,-0.18380548,0.602529,0.08902608,0.17003886,-0.21121402,0.5218324,1.6449822,0.59406614,-0.11579708,0.8042069,0.8723793,-0.020017615,0.76143605,0.5795953,0.3275338,-0.008919859,-0.11131116,-0.061141755,1.7246019,0.64978516,0.54888415,0.45002866,1.0791377,-0.122607164,0.8928791,-0.07778862,-0.07584112,-0.02252811,-0.087874345,2.1019826,0.8636171,0.46676138,-0.0032837677,0.3613603,0.19104572,-0.11409527,-0.09295052,0.13799196,-0.012808901,-0.18830656,0.09883409,-0.077228904,0.2433254,0.463278,1.5728127,0.49011293
TCGA-QA-A7B7,0.15975523,-0.004333982,-0.08499359,-0.015575463,-0.1699592,-0.042413175,0.37954143,0.6103194,2.6934805,-0.19470099,0.44696736,0.5008686,-0.023766242,-0.25628048,-0.48001838,-0.13170832,0.6629307,-0.16950981,-0.21612194,1.1845111,-0.0015447468,0.32059142,-0.27562407,0.35893503,2.1730447,1.0254768,-0.14777039,0.5795594,1.6810855,-0.01359884,1.214413,0.5603643,0.38794273,-0.02263015,-0.18556122,-0.07995809,2.1219373,1.0263078,0.32963124,0.77270895,1.4387664,-0.17690866,1.0348518,-0.1319252,-0.07831022,-0.013818202,-0.1419244,2.947994,1.153808,1.2625197,0.037546728,1.0494932,0.5115782,-0.20811169,-0.18804789,0.62963104,0.19920321,-0.31397492,0.10591509,-0.12413291,0.9236263,0.60108966,2.1890285,0.63161635
TCGA-RC-A7S9,-0.013124916,-0.05035004,-0.013910404,-0.041247603,-0.15752546,-0.026771877,0.19252634,0.22092082,2.6615875,-0.21625756,1.6255382,0.5049364,-0.026561676,-0.23634493,-0.4245859,-0.13106121,0.98802274,-0.12823954,-0.20928848,0.89024985,-0.006400375,0.30416378,-0.23792513,0.8129966,1.953935,0.9600299,-0.10670083,1.0250746,1.6006508,-0.023023142,0.96481645,0.554747,0.49174914,0.51179075,-0.16027126,-0.1546121,2.1414597,0.36586502,0.40310124,0.24905679,1.4023057,-0.16569868,1.7143363,-0.09888439,-0.09423641,-0.013482088,-0.13871296,2.7233481,0.80658585,-0.041040972,0.13276549,0.25329092,0.91634387,-0.20074041,-0.08940493,0.6676166,-0.046135683,-0.29395077,0.7385049,-0.15780693,-0.023169948,0.5500646,1.8552969,0.3781662
TCGA-RC-A7SB,0.042835914,-0.018029144,-0.053780954,-0.04778138,-0.14653353,-0.024668781,0.118584394,1.1294335,2.6028132,-0.18667498,0.5049249,0.8014288,-0.026283244,-0.30395412,-0.488334,-0.1472318,1.0506101,-0.17286174,-0.24099831,1.0252063,0.42935306,0.46824577,-0.271659,0.29631132,2.0261033,1.5305157,-0.18033603,0.6823416,1.3900822,-0.016100062,1.2212272,0.13264741,0.51129925,-0.017536907,-0.1894705,-0.050457187,2.3024414,0.64090526,0.5128184,0.19979943,1.5042864,-0.18233469,1.0321207,-0.15094711,-0.032330897,-0.050554067,-0.13319588,3.035802,1.1138076,1.1958176,-0.0074962773,0.6519489,0.8128408,-0.24922009,-0.17942707,0.20804912,0.11394358,-0.35512647,-0.011799247,-0.15166497,1.1350566,0.20375912,2.112039,0.5263725
TCGA-RC-A7SF,-0.01069591,-0.013089873,-0.053709608,-0.075953,-0.14374952,-0.030942285,0.4533968,0.77578145,2.5113554,-0.23921116,0.30399588,0.67674667,-0.034706842,-0.2662283,-0.51863486,-0.19215368,1.0198938,-0.13364965,-0.2516251,1.0657752,0.33884794,0.47544393,-0.291798,0.82454515,2.4988105,0.89034194,-0.18361486,0.89912874,1.5558112,-0.041954722,0.9051174,0.7533219,0.5622336,0.03352828,-0.14446732,-0.04212119,2.3719957,0.11859733,1.2851621,0.24625182,1.5344086,-0.17505616,1.2202935,-0.16765913,-0.08161772,-0.013878924,-0.104642235,2.9494028,1.1346667,-0.0022108124,-0.017730767,0.22284652,1.0722092,-0.25063255,-0.1333069,0.14141738,-0.017499512,-0.37657997,0.10088075,-0.15668389,0.60876876,0.7636357,1.9948642,0.751389
TCGA-RC-A7SH,-0.03651577,-0.019986935,-0.024169374,-0.050591018,-0.18635698,-0.011236599,0.61750096,1.0565696,3.3382509,-0.24327019,1.4086498,0.3073592,-0.00074959156,-0.31406116,-0.52565056,-0.14109954,1.3456984,-0.18685326,-0.25487432,0.88039446,0.6116047,0.31726655,-0.2939037,0.559966,2.9101608,0.9331583,-0.2180628,1.2944564,2.0381515,-0.013927287,1.4623549,0.35345623,0.929552,-0.020167489,-0.19102941,-0.16635768,2.6581268,0.14942452,0.6323714,1.0309922,1.9965707,-0.23205931,1.3983068,-0.13276912,-0.116039746,-0.011958021,-0.16537875,3.4580412,0.93529063,-0.018446216,-0.0076079466,1.1852077,0.984991,-0.36456895,-0.16337362,0.5601085,-0.027105225,-0.39321527,1.1452955,-0.1666737,0.33323088,0.84987336,2.527504,0.17703675
TCGA-RC-A7SK,-0.013458562,-0.011294231,-0.029776702,-0.02735558,-0.08571581,-0.03520859,0.137461,0.4739593,1.7810152,-0.14278431,0.39492697,0.35979646,-0.011346031,-0.2167433,-0.35559556,-0.120155476,0.6937364,-0.10132044,-0.1924108,0.54287934,0.48353654,0.32283357,-0.2005835,0.36491138,1.4606048,0.65380406,-0.10517049,0.40843636,0.73094493,-0.019120632,0.76257545,0.8403877,0.21525948,-0.0062789666,-0.109366015,-0.061635464,1.5178837,0.64828026,0.66579163,-0.018315408,0.827178,-0.1215112,0.72668004,-0.075620145,-0.079551086,-0.038755875,-0.04782882,2.180788,0.87862307,0.7362519,-0.0115641905,0.29215622,0.4943864,-0.13104735,-0.13388276,-0.0017982362,-0.026688293,-0.22210534,-0.012457724,-0.07932662,0.7227858,0.7847427,1.4604497,0.53228605
TCGA-RG-A7D4,-0.006623628,-0.014694708,-0.04407428,-0.054493207,-0.13864426,-0.02883703,0.52180964,0.7558619,2.515682,-0.22564617,1.2117699,0.25713438,-0.022143489,-0.24970141,-0.41814753,-0.11800487,0.8376055,-0.13742477,-0.20979019,0.75246793,0.12356934,0.20320456,-0.23047705,0.22877622,2.0653865,0.82422715,-0.14741693,0.93621653,1.1639612,-0.031387847,1.1394039,0.8767424,0.59613556,-0.033400793,-0.15701763,-0.17476785,2.271018,0.1012357,0.29342246,0.9315402,1.5217881,-0.1722387,1.1548885,-0.12823465,-0.06716775,-0.02352664,-0.11674018,2.7943282,0.9970459,0.64005023,-0.0023633845,0.67989546,0.41354638,-0.14641176,-0.15154852,0.27112907,0.119491875,-0.255122,0.31272703,-0.1327952,0.99950117,-0.007863964,1.658327,0.7239781
TCGA-UB-A7MA,-0.0018312111,-0.006372906,0.14851406,-0.024685675,-0.09466032,-0.021383181,0.34183607,0.67939353,1.9986635,-0.16920207,2.1454463,0.07132862,-0.0012606723,-0.20280984,-0.35162714,-0.07462178,0.9609738,-0.0928521,-0.16687582,0.53204733,0.28092557,-0.014212392,-0.20904933,0.42928895,1.705442,0.5342605,-0.08922573,1.2802844,1.0491323,-0.027048886,0.7319621,1.2980512,0.5921917,0.35883626,-0.13595384,-0.20301478,1.735188,0.5049092,7.528439e-05,0.8814197,1.0443064,-0.12677565,1.473306,-0.077758595,-0.08300998,-0.0072703445,-0.12084969,2.6178942,0.5986809,-0.02058523,0.22989134,0.5830926,0.42134023,-0.17389435,-0.08383835,0.638836,-0.075893395,-0.18398584,0.87768495,-0.068768494,-0.008300964,0.21940818,1.7216628,0.1761061
TCGA-UB-A7MB,0.065031946,-0.034766644,-0.06826749,-0.033821512,-0.16070981,-0.028510382,0.11093618,0.6077632,2.4315264,-0.20474231,1.0770233,0.82119256,-0.008196254,-0.22692482,-0.4435771,-0.15265305,0.9472855,-0.117842555,-0.21946786,0.83733165,0.19843222,0.27547604,-0.23141074,0.96070564,2.0970178,1.0000463,-0.1445009,1.0367817,1.4060582,-0.04293424,1.0882888,0.36469242,0.47918832,0.43301275,-0.14730306,-0.10948926,1.9281113,0.6889859,0.4761309,-0.025069123,1.2230397,-0.1575946,1.5665601,-0.10384583,-0.07540988,-0.0533967,-0.10948664,3.0494828,1.0784082,0.12574115,0.043249857,0.12558603,1.0407627,-0.24321997,-0.14694026,0.5682484,-0.030779129,-0.30536994,0.28575823,-0.13964061,0.50580204,0.656749,2.14774,0.43090123
TCGA-UB-A7MC,-0.010294302,-0.034347348,-0.07905255,-0.07625931,-0.16564511,-0.033259645,0.37414217,0.75345576,2.6916177,-0.20763318,0.12547484,0.5873644,-0.010994724,-0.26523823,-0.5180263,-0.17686096,1.1243155,-0.15559648,-0.2370864,1.2749051,0.3333724,0.17601871,-0.23375916,0.74012625,2.252477,1.2027111,-0.17656456,1.2111734,1.4514142,-0.023113446,1.1876031,1.1829455,0.13756983,0.029547721,-0.1782784,-0.115946665,2.3431785,-0.00664198,0.3514489,-0.013891757,1.6634449,-0.18045495,0.95342904,-0.16571057,-0.08463576,-0.023138896,-0.123683944,3.4516811,0.99842095,0.5160247,-0.018737393,0.4279077,0.5029859,-0.25926968,-0.17440628,0.42233872,0.24225134,-0.33281964,0.25144038,-0.13144326,1.0087386,0.20682748,2.1916103,0.62730247
TCGA-UB-A7MD,0.088318914,-0.007805648,-0.06992863,-0.021071717,-0.10462897,-0.028759012,-0.0015177153,0.82663125,2.1038861,-0.1907966,0.66089576,0.5924361,-0.024914144,-0.24014401,-0.38456237,-0.11578053,0.7389124,-0.12726332,-0.2219589,1.0965556,0.2333387,0.19130336,-0.22182344,0.5731152,1.6318592,0.9542838,-0.14333105,0.7833427,0.90630484,-0.04141181,0.98520774,0.83070517,0.2224116,-0.008224884,-0.1521503,-0.09142228,1.9075537,0.3702314,0.33048114,0.030554112,1.3852189,-0.13478224,1.0806417,-0.13651067,-0.044203974,-0.016991187,-0.10520387,2.736967,1.1285309,0.5535796,0.043778513,-0.013849328,0.616642,-0.1907898,-0.118916,-0.0069785095,-0.0004361842,-0.28385973,-0.022425726,-0.09804868,0.79689157,-0.014221298,1.5755737,0.46482286
TCGA-UB-A7ME,-0.009303419,-0.026273137,-0.02453493,-0.043325156,-0.13493419,-0.028669039,0.35170025,0.8663196,2.671949,-0.22888242,1.5597197,0.31167206,-0.009717211,-0.24470177,-0.39667228,-0.092316434,1.0875499,-0.13016921,-0.2200797,0.7771251,0.20951615,0.38751787,-0.23174527,0.456205,2.0905268,0.9816974,-0.13362744,1.0285417,1.2501006,-0.017561093,1.31344,0.19535787,0.77058727,-0.032443475,-0.17503294,-0.19138126,2.0636187,0.759772,0.20175043,0.8967139,1.6254311,-0.17631811,1.4532514,-0.1085731,-0.08080282,-0.019837447,-0.1641462,3.1137114,0.9500126,0.602917,0.31707984,0.98342025,0.6545984,-0.24133892,-0.14529872,0.5752795,-0.047250267,-0.27879778,0.88332963,-0.13573691,0.5907781,0.120518595,2.118461,0.26118308
TCGA-UB-A7MF,0.06704335,-0.028322527,-0.00027009434,0.040516615,-0.12531416,-0.0036850534,0.3392727,0.35269126,2.5393186,-0.25608853,1.9699733,0.35056227,-0.003284333,-0.26111612,-0.43312415,-0.1150559,0.87868476,-0.13880622,-0.21478711,0.8364582,0.19249469,0.102096155,-0.27760875,0.7012056,1.9618906,0.9404778,-0.117745474,1.2168107,1.5563967,-0.030781163,1.3071928,0.7368438,0.67262954,0.3542832,-0.18260585,-0.20827968,2.083055,0.6048104,0.38145587,0.6402715,1.4965738,-0.18666299,1.8667673,-0.114330225,-0.09353971,-0.037899207,-0.14784722,3.067803,1.104148,0.08819782,0.32688835,0.17509584,0.85215443,-0.16086249,-0.12985128,0.59629405,-0.056012042,-0.28578863,0.7708021,-0.16879122,0.1991695,0.551626,1.8882608,0.42283326
TCGA-UB-AA0U,0.076093905,-0.029960517,-0.08230691,-0.03512337,-0.1759877,-0.03664934,0.30700952,0.8605607,2.6196249,-0.22924578,0.84571695,0.66153765,-0.019265538,-0.30114666,-0.48668024,-0.1378779,1.1759797,-0.15141557,-0.24071006,1.0096239,0.35024703,0.5637565,-0.26986855,0.9078586,2.3635492,1.2219986,-0.20666428,1.0423954,1.4352199,-0.026812319,1.0456177,0.19013251,0.638354,0.08418073,-0.17886417,-0.11345308,2.2376783,0.44257757,0.6049502,0.20225096,1.8024662,-0.18272106,1.3204658,-0.15561268,-0.06886018,-0.027754998,-0.14118876,3.4016843,1.0644724,-0.004054083,0.05218965,0.3071686,1.1985086,-0.26297683,-0.1343457,0.17173745,-0.045173734,-0.3778663,0.13022852,-0.15429044,0.49105915,0.3942806,2.2641003,0.49530548
TCGA-UB-AA0V,-0.019585246,-0.028511798,-0.045690797,-0.027398719,-0.15843557,-0.0160922,0.4740445,1.0084502,2.873051,-0.21932307,1.6135881,0.76714337,-0.009326371,-0.29655516,-0.4857882,-0.10998201,1.090989,-0.13969454,-0.22984818,1.0203471,0.29167235,0.50433034,-0.25797832,0.7333404,2.3218958,1.3766216,-0.21703759,1.2651674,1.2860974,-0.027865713,1.2512672,-0.012612201,0.78494185,-0.016416194,-0.2055521,-0.13798766,2.4043972,0.45109865,0.2770143,0.85269,1.8047789,-0.17001449,1.5589533,-0.16109167,-0.068195306,-0.03660255,-0.15693003,3.503183,0.7520169,-0.005353118,0.00095619424,0.57598644,1.249561,-0.2642773,-0.15105526,0.4029035,-0.034629542,-0.35475266,0.3053172,-0.16080593,0.37792727,0.054459676,2.3199022,0.2178221
TCGA-WJ-A86L,-0.008290042,-0.020367395,-0.04190339,-0.015207413,-0.14782794,-0.03034862,-0.02565637,0.5928734,1.8965373,-0.13938087,-0.016659854,0.56875265,-0.03428462,-0.18406306,-0.36974734,-0.087602295,0.38051862,-0.16908692,-0.1725933,0.69183445,-0.008955128,0.037003394,-0.21654613,0.17273465,1.4108077,0.62374115,-0.10845639,0.6682415,1.1819464,-0.033872258,0.6637213,0.44094926,0.31452373,0.061336424,-0.107862405,-0.018551594,1.5168397,0.74035823,0.6516467,0.02473626,1.0997959,-0.15901424,0.34086528,-0.08971537,-0.061021533,-0.0022605495,-0.08368876,1.5315359,0.91666937,1.0862422,-0.02365919,0.71571755,0.17442766,-0.1203128,-0.122205876,0.13668662,0.42125592,-0.2154059,-0.020535061,-0.06832741,0.8937834,0.9209468,1.5158851,0.62429184
TCGA-WQ-A9G7,-0.0076274076,-0.012387878,-0.031996544,-0.035985895,-0.14515693,-0.019928962,0.74799067,1.0949394,3.0525048,-0.21748994,1.6038136,0.43672836,-0.00270272,-0.27231023,-0.48561612,-0.10731659,1.1916,-0.13187689,-0.22420311,0.8955602,0.35068452,0.37914953,-0.25897476,0.3043596,2.4685693,1.2195437,-0.18584006,1.2081859,1.5434572,-0.031254243,1.3334848,0.07986503,0.7994371,-0.0036112983,-0.1989609,-0.1429094,2.1995766,0.4228121,0.22106941,1.2282401,1.6831318,-0.17970802,1.4308254,-0.15854041,-0.07821401,-0.003325014,-0.15832363,3.245799,0.73001486,0.08303922,-0.00080062024,1.2259418,0.8837266,-0.27098382,-0.15947871,0.37950814,-0.04390938,-0.31903744,0.8681797,-0.13764244,0.47985992,0.2764938,2.1765857,0.16928609
TCGA-WQ-AB4B,-0.0013771534,-0.028365394,-0.04809321,-0.050307166,-0.16738705,-0.022921596,0.20730048,0.87613684,2.7179556,-0.24835001,0.8572023,0.707757,-0.0313548,-0.29786873,-0.5277893,-0.14776854,1.1629466,-0.15902819,-0.2691466,1.2491121,0.3794176,0.24998511,-0.2747968,0.8571052,2.5142753,0.99780756,-0.20486186,1.112587,1.372054,-0.033114266,1.1901429,0.966171,0.6726406,-0.02093554,-0.17495771,-0.14447589,2.3983886,0.06661162,0.78515184,0.03342009,1.6740832,-0.17486687,1.4264691,-0.15192258,-0.08297541,-0.01929918,-0.14500968,3.2235188,1.2289999,0.01843679,-0.0026888547,-0.0074769924,1.0065501,-0.2599926,-0.1543636,0.30776525,-0.017921498,-0.37415764,0.41366002,-0.11798792,0.59195536,0.52358,2.0182443,0.6326498
TCGA-WX-AA44,-0.012625239,-0.024088107,-0.036553342,-0.027228711,-0.17079751,-0.03504074,0.34019464,0.9732252,3.27389,-0.24568711,1.828638,0.7245568,-0.012991306,-0.3041299,-0.5380477,-0.15065603,1.267054,-0.16030571,-0.26896316,0.9903697,0.41808116,0.31838366,-0.30177748,0.7076766,2.5629869,1.3044214,-0.20337255,1.3132567,1.6927578,-0.04211194,1.2637614,0.48308283,0.8669335,0.16052961,-0.21330945,-0.1544654,2.5057683,0.56225455,0.68194306,0.8076571,1.761876,-0.20701085,1.7268,-0.16938005,-0.060836263,-0.015652135,-0.16752128,3.600287,0.96167386,0.10773758,0.08114214,0.6793388,1.0784671,-0.26460853,-0.15603553,0.17903468,-0.033774246,-0.3792896,0.5263063,-0.15114795,0.45431793,0.38615435,2.4249008,0.41041505
TCGA-WX-AA46,-0.016024193,-0.021032099,-0.09612821,-0.052901555,-0.22155865,-0.031759206,0.72436994,1.4290775,3.5464506,-0.27314162,0.7433576,1.0417508,-0.00824388,-0.3860545,-0.64580894,-0.18003532,1.3628416,-0.17580993,-0.32041588,1.4201725,0.68729705,0.83921427,-0.3255324,0.91558135,3.1215515,1.809826,-0.25347853,1.0650795,1.7870644,-0.028940279,1.588046,-0.02036351,0.7908208,-0.020683452,-0.25832203,-0.12633266,3.0606902,0.35994655,0.6452751,0.7091687,2.40844,-0.23964898,1.4863657,-0.2330544,-0.09032724,-0.02897944,-0.16901329,4.242151,0.9761819,0.4031806,0.26505733,1.0194672,1.4704502,-0.3893366,-0.20415878,0.20637701,-0.0014308986,-0.48417458,0.3390144,-0.20919617,1.1320524,0.21813396,2.9932218,0.47090095
TCGA-WX-AA47,0.14538813,-0.028605705,-0.037747845,-0.05639521,-0.12944782,-0.028075395,0.28823996,0.73732084,2.6183953,-0.16228728,1.2485728,0.4737828,-0.00555747,-0.19954562,-0.40990826,-0.123908974,1.1610037,-0.10537487,-0.22401069,1.0128777,0.3310296,0.107062414,-0.16818348,0.48291522,1.9971327,1.2612722,-0.16005866,1.3738927,1.2250512,-0.02377563,0.85175717,0.92280656,0.23467372,0.24987048,-0.15613349,-0.13365269,1.9277673,0.06276466,0.38443846,0.4209939,1.4481587,-0.17959414,1.2741494,-0.15647739,-0.04741041,-0.01385189,-0.10727378,2.6922412,0.64215547,-0.038642704,0.022240628,-0.0088544255,0.6716565,-0.2312635,-0.11012498,0.008823568,-0.05479108,-0.2870925,0.8777659,-0.09823831,0.07091248,0.11701368,1.8806386,0.20584422
TCGA-XR-A8TC,-0.013824359,-0.02549755,-0.0635969,-0.014207641,-0.18647511,-0.0104709,0.98844624,1.1080298,3.3106496,-0.27389535,1.6959994,0.48089376,-0.013284969,-0.3118032,-0.51948446,-0.10376853,1.1226373,-0.15833515,-0.24229138,0.6281342,0.7054159,0.61047184,-0.2939864,0.5083923,2.833979,1.2915999,-0.16116063,1.1215019,1.6328516,-0.011222921,1.5310607,0.37527013,1.1403252,0.017905373,-0.21291177,-0.23742798,2.6391146,0.5661926,0.3246057,1.03466,1.776548,-0.2228949,1.6123,-0.11507999,-0.09705814,-0.03469218,-0.15660009,3.5949945,0.54181087,0.24974364,0.13102283,1.3983804,0.99417347,-0.29260015,-0.18856955,0.86957914,-0.045517858,-0.3617214,0.99879456,-0.1664022,0.79203063,0.5477899,2.7284694,0.13077351
TCGA-XR-A8TD,-0.006785158,-0.007978075,-0.018653888,-0.031289976,-0.10992082,-0.007621256,0.08984947,0.7785801,1.9198191,-0.1645339,0.8307449,0.3971689,-0.015139756,-0.20417975,-0.34949154,-0.078093104,0.7944336,-0.120048575,-0.17379245,0.7097789,0.044783533,0.25781772,-0.20009159,0.29440373,1.5455935,0.7913837,-0.13044111,0.79872197,0.84170705,-0.020563317,1.0128434,0.5516076,0.46159965,-0.014214768,-0.12016135,-0.10921903,1.7692928,0.4070225,0.2725094,0.5612287,1.1907853,-0.1458796,0.90637493,-0.09308659,-0.02934148,-0.028119883,-0.10517664,2.1957736,0.85453016,0.6726484,0.036744077,0.29889554,0.41048807,-0.14334911,-0.10764112,0.06880921,-0.009592647,-0.228042,0.17077607,-0.0933873,0.55082935,0.18876322,1.5090106,0.43052682
TCGA-XR-A8TE,-0.046575367,-0.031119678,-0.09324198,-0.06052473,-0.18528895,-0.030364076,0.6959233,0.98921955,3.1678567,-0.26907316,1.0641556,0.6742269,-0.02588816,-0.3212105,-0.5255127,-0.15964895,1.2108909,-0.13024257,-0.2689157,1.175124,0.5147842,0.6210413,-0.27326536,0.55007595,2.669593,1.3123018,-0.19915508,0.8637439,1.4715612,-0.024024643,1.331109,0.2721271,0.8668571,-0.0041918037,-0.20744243,-0.15480441,2.6082666,0.45496982,0.40601283,0.7899594,1.7128599,-0.19328274,1.3086181,-0.18512936,-0.07565587,-0.04751071,-0.12784344,3.6592705,0.95585245,0.35608956,0.23365542,0.9986317,0.82649916,-0.29065922,-0.19559862,0.26540917,-0.021842863,-0.3631049,0.56802887,-0.17319798,0.8915456,0.22934316,2.4336975,0.35279462
TCGA-XR-A8TF,-0.006987215,-0.0291167,-0.10563451,-0.050047565,-0.16422883,-0.023708513,0.20465589,0.7499901,2.3261542,-0.22250617,-0.027667632,0.7062257,-0.0027088865,-0.24806742,-0.44832093,-0.106238805,0.51957065,-0.15802234,-0.17758869,0.6873858,0.21832763,0.18049319,-0.22789656,0.3306896,1.861415,0.94417006,-0.10181504,0.122035176,0.9658356,-0.033887386,1.0537848,0.8070435,0.50195193,-0.059033494,-0.13667798,-0.11532372,2.0144916,0.88290983,0.8649119,0.1403503,1.5498289,-0.16624498,0.8518456,-0.13058712,-0.07314301,-0.022466538,-0.04346554,2.202259,0.96677923,0.72862387,0.08970818,1.1805081,0.28543916,-0.1606969,-0.17471002,0.44576144,0.6061494,-0.2997394,0.09771081,-0.13559861,1.5844386,0.4518624,1.5591701,0.72614175
TCGA-XR-A8TG,-0.00443145,-0.01103057,-0.05865441,-0.042902425,-0.1372774,-0.05009379,-0.0053942176,0.64401394,2.004291,-0.1640869,0.26254824,0.93247503,-0.019295486,-0.20948835,-0.39284596,-0.12166416,0.9055904,-0.09742825,-0.20618172,0.72158134,0.39481944,0.35378176,-0.24739909,0.7265322,1.8317603,0.7914776,-0.14380558,0.54193604,1.1166339,-0.025577923,0.85736066,0.23085399,0.47920567,-0.014961794,-0.116937034,-0.022939058,2.0955558,1.1329663,0.75947773,-0.024813801,1.2016863,-0.15924352,0.8458722,-0.11570493,-0.055665027,-0.0036329695,-0.10453355,2.4672718,1.0803366,0.87186366,0.0806012,0.23737042,0.57911044,-0.19091414,-0.13458157,0.25967818,-0.0023075757,-0.2985789,0.015988179,-0.09180153,0.47820354,0.60669196,1.815809,0.69388705
TCGA-YA-A8S7,-0.010574046,-0.015200356,-0.0006859381,-0.04021633,-0.08378335,-0.015756337,0.071812265,0.57152873,1.6157217,-0.15780322,1.3272457,0.30523142,-0.02813659,-0.17042363,-0.30087936,-0.0800777,0.80292934,-0.11440692,-0.16412036,0.7750589,0.19322084,-0.01039083,-0.1833582,0.49512884,1.4214317,0.54445326,-0.11008908,0.84184647,0.95452774,-0.05498234,0.91690284,0.7762599,0.22366492,-0.0042759716,-0.12294276,-0.124035954,1.5508424,0.26451218,0.36814743,0.6690096,1.0263326,-0.10996995,1.0836967,-0.099101886,-0.040582873,-0.021974823,-0.10876981,1.944264,0.965736,0.30129123,-0.0040710117,-0.021668345,0.38047776,-0.098243766,-0.0603271,-0.009400072,-0.0144538805,-0.18430702,0.1662049,-0.08030643,0.06779805,0.027356002,1.1929474,0.40527835
TCGA-ZP-A9CV,0.05544021,-0.027897796,-0.062394954,-0.046662696,-0.16878097,-0.031796217,0.52525514,1.0388868,2.9452338,-0.26005104,0.72608536,0.8284246,-0.020942915,-0.33045876,-0.54083186,-0.17207275,1.1083385,-0.13576387,-0.28004393,1.1541672,0.3573181,0.5644208,-0.30531523,0.84669286,2.5773745,1.3194361,-0.23201714,1.0244546,1.534185,-0.03754672,1.2102579,0.38671672,0.5655541,-0.022814885,-0.19006442,-0.09337536,2.787972,0.04292112,0.9777012,0.32677674,1.9417905,-0.18705234,1.338805,-0.1982073,-0.088281006,-0.024308924,-0.15553127,3.4599633,1.1995366,-0.021482298,-0.02281952,0.4991621,1.248266,-0.305142,-0.15511036,0.24902649,-0.0069090426,-0.40740845,0.19362703,-0.16569659,0.70754266,0.5748876,2.340627,0.4960426
TCGA-ZP-A9CY,0.054382823,-0.019522531,-0.086730085,-0.046765808,-0.19527857,-0.030629596,0.20817667,1.0793558,2.6760075,-0.20364864,0.5571144,0.97589916,-0.014532501,-0.31238732,-0.51792485,-0.14671709,1.0981528,-0.16041243,-0.23890436,1.0160849,0.3141259,0.52343285,-0.28238174,0.8972317,2.512283,1.4489043,-0.20956576,0.76819265,1.4625906,-0.03754851,1.3435072,-0.010712589,0.67435974,-0.0070200483,-0.17576039,-0.065240376,2.5024877,0.38131183,0.5197434,0.3493343,1.900025,-0.18846862,1.204608,-0.1740824,-0.061743136,-0.010792956,-0.13963716,3.2972512,1.043059,0.27360338,0.13160807,0.38557175,1.1611868,-0.24554832,-0.16113983,0.08581171,0.16301991,-0.40605122,-0.004082198,-0.16152257,0.81725764,0.3747595,2.3205545,0.4456557
TCGA-ZP-A9CZ,-0.0010083065,-0.021919029,-0.049384564,-0.019291556,-0.1593967,-0.023604522,0.3902101,0.69135046,2.6557374,-0.22746141,1.677561,0.6753191,-0.01906682,-0.27567944,-0.4913064,-0.15331517,1.1278272,-0.14575481,-0.21587387,0.7722037,0.14578013,0.44049785,-0.2843609,0.96497357,2.3079283,1.1800051,-0.15107422,1.2406043,1.4467659,-0.041036196,1.3283972,0.16780241,0.83940053,0.12915924,-0.17462489,-0.13253097,2.321421,0.6710072,0.540009,0.35490495,1.6439157,-0.1628312,1.7310847,-0.13086663,-0.0825919,-0.040559474,-0.11460807,3.1152549,0.9258774,-0.015056932,0.26091358,0.5792071,1.1080391,-0.24639507,-0.15165047,0.39394245,-0.05285675,-0.34599447,0.47507885,-0.16159411,0.5343434,0.7086328,2.258337,0.27828798
TCGA-ZP-A9D0,-0.007763896,-0.007944337,-0.06251013,-0.013533527,-0.20933405,-0.03283271,0.8546822,1.2710547,3.46045,-0.26564613,1.4200232,0.6435829,-0.006332935,-0.3166376,-0.5800623,-0.13825247,1.46467,-0.18574713,-0.290675,1.0191575,0.53047705,0.6455721,-0.2865579,0.8123363,2.747477,1.6173521,-0.20370336,1.1284579,1.9582434,-0.03402886,1.5363902,0.014413464,0.7229046,-0.041507628,-0.24623583,-0.15793233,2.6885273,0.473935,0.16956764,0.9565698,2.3618612,-0.20639174,1.551894,-0.2010448,-0.117552914,-0.02902331,-0.1600667,3.7577105,0.8885607,0.16765997,0.017398136,1.3253522,1.0282371,-0.28740725,-0.1871192,0.49419832,-0.0367943,-0.3973105,0.9520134,-0.15834516,0.7373062,0.2666366,2.768236,0.51748115
TCGA-ZP-A9D2,0.10752621,-0.021761326,0.11072138,-0.013606575,-0.059579905,-0.0058237636,-0.0060205855,0.4180339,1.5902126,-0.15508322,1.8772709,0.1952477,-0.013331053,-0.14950834,-0.28559753,-0.060661476,0.6845397,-0.08174104,-0.13947469,0.7223138,-0.012134259,-0.029232714,-0.17414214,0.11712541,1.30507,0.3976748,-0.08921038,0.94951063,0.7631258,-0.03457259,0.5531213,1.0414283,0.4608737,0.25947455,-0.1352583,-0.1398351,1.5233791,0.50794435,0.35177618,0.70881563,0.6243652,-0.112633966,1.1168481,-0.08052469,-0.041465294,-0.0298025,-0.091573246,1.8877538,0.8701145,0.09748882,-0.0059154187,0.079526365,0.3956332,-0.10512872,-0.06604915,0.33543146,-0.0326759,-0.14248659,0.31822315,-0.07912009,0.051531054,0.20076269,1.1551286,0.3410057
TCGA-ZP-A9D4,-0.0034630545,-0.00947868,-0.11826684,-0.04926288,-0.22593804,-0.03482462,0.50745785,1.390537,3.1553326,-0.2361553,0.42249727,1.0864432,-0.012626931,-0.34458366,-0.5876964,-0.14063121,1.2138652,-0.17540656,-0.2894516,1.4280702,0.6002832,0.84387004,-0.31237853,0.93338424,2.9913876,1.9304575,-0.24304496,1.0516677,1.6009014,-0.03561698,1.467686,-0.030530289,0.5785915,-0.022649763,-0.21500824,-0.064385824,2.7574894,0.13126558,0.5691974,0.27000898,2.3813992,-0.20360315,1.1448047,-0.20581222,-0.051531244,-0.028470969,-0.14897935,3.8391848,0.833399,0.3723643,-0.018260626,1.0132159,1.3434547,-0.3376294,-0.20767775,0.2604987,0.2639994,-0.46185628,-0.003629146,-0.18094932,1.2186219,0.027621642,2.7036047,0.3037568
TCGA-ZS-A9CD,0.008553661,-0.027329076,-0.060617145,-0.045504797,-0.17470668,-0.014508543,0.40150547,1.0673814,3.0626674,-0.24403241,1.1823301,0.7143081,-0.021972418,-0.3099823,-0.53811544,-0.14159139,1.2055856,-0.16826572,-0.28250244,1.2878706,0.32127178,0.5376745,-0.29147017,0.792385,2.6480079,1.3774037,-0.22647081,1.2280877,1.5327015,-0.03176814,1.3931673,0.41579503,0.73067814,-0.01031785,-0.2004031,-0.13681892,2.4812548,0.13666886,0.6218654,0.46007183,1.9567949,-0.19942917,1.4553754,-0.19434473,-0.056696266,-0.020322798,-0.16792089,3.5477555,1.1828381,0.085556194,0.018764822,0.23040001,1.1456513,-0.28104284,-0.15260966,0.1902911,-0.027557436,-0.4031981,0.17895806,-0.15756302,0.6735715,0.13093267,2.3143835,0.41276523
TCGA-ZS-A9CE,0.19078243,-0.029641623,-0.09359189,-0.02014896,-0.1745304,-0.035367403,-0.009145647,0.6940609,2.428261,-0.20012629,0.30816,0.98137087,-0.015157804,-0.24946836,-0.4512817,-0.16285923,1.07314,-0.15932982,-0.2194922,1.0705098,0.31940085,0.2817479,-0.2457762,0.9487959,2.242403,1.3349679,-0.2067507,0.6810551,1.4913623,-0.03110817,0.9908575,0.07824303,0.41958112,-0.004878038,-0.1559447,-0.0629862,2.3169463,0.45633587,0.6025384,-0.02684229,1.8101197,-0.1826375,0.9186587,-0.15290982,-0.04904976,-0.031371318,-0.13887697,3.1432426,1.013649,0.29533127,-0.0047405846,0.14509578,0.88911605,-0.24825393,-0.14031841,0.07572516,0.3650136,-0.35545135,-0.015641369,-0.11445488,0.6480502,0.10752098,2.2684586,0.30887485
TCGA-ZS-A9CF,-0.018895505,0.1943794,-0.058238428,-0.029899133,-0.16575395,-0.049805995,-0.024988692,0.79381543,2.1893096,-0.16228394,0.109518915,1.0531254,-0.007193982,-0.23241273,-0.5037383,-0.15963517,0.81869507,-0.14832695,-0.25634268,1.1391557,0.3916998,0.28205726,-0.24465182,0.9709443,1.9798667,1.0684128,-0.17635472,0.6976255,1.4734603,-0.033900212,0.76952106,0.5917932,0.4302046,0.1715974,-0.14429796,-0.00032119025,2.2953982,0.6235191,0.96182054,-0.03428973,1.6591729,-0.19265012,0.83488107,-0.1307446,-0.07686433,-0.0066179573,-0.13717912,2.7817416,1.0947486,0.2920551,-0.013655852,0.20639059,0.7141517,-0.19811717,-0.12876622,0.21947894,0.4490399,-0.35174498,-0.021560187,-0.13333021,0.44303223,1.0287786,2.1807754,0.81883174
TCGA-ZS-A9CG,-0.009629471,-0.0331224,-0.088872015,-0.046766724,-0.22297564,-0.03622479,0.91967005,1.3037934,3.496765,-0.27571374,0.8808216,0.8902662,-0.013802578,-0.36952397,-0.60987943,-0.18599801,1.434654,-0.17733328,-0.29775634,1.3333898,0.6178854,0.8068324,-0.32143888,0.82439476,3.0419524,1.8542126,-0.24943578,1.0919174,1.6993598,-0.049877103,1.4879593,-0.008445361,0.6137559,-0.03558316,-0.24042137,-0.09563819,2.8096006,0.17222582,0.6136503,0.52864057,2.3701992,-0.21209143,1.4649832,-0.22654498,-0.07722845,-0.025297051,-0.15886079,4.1224766,1.019769,0.09561803,-0.00023594707,0.93698585,1.2992148,-0.35568368,-0.19411302,0.17698087,-0.023688314,-0.47411224,0.11900241,-0.2035797,1.0537832,0.12565254,2.7604742,0.41914552
