patient_id,priv_meth_0,priv_meth_1,priv_meth_2,priv_meth_3,priv_meth_4,priv_meth_5,priv_meth_6,priv_meth_7,priv_meth_8,priv_meth_9,priv_meth_10,priv_meth_11,priv_meth_12,priv_meth_13,priv_meth_14,priv_meth_15,priv_meth_16,priv_meth_17,priv_meth_18,priv_meth_19,priv_meth_20,priv_meth_21,priv_meth_22,priv_meth_23,priv_meth_24,priv_meth_25,priv_meth_26,priv_meth_27,priv_meth_28,priv_meth_29,priv_meth_30,priv_meth_31,priv_meth_32,priv_meth_33,priv_meth_34,priv_meth_35,priv_meth_36,priv_meth_37,priv_meth_38,priv_meth_39,priv_meth_40,priv_meth_41,priv_meth_42,priv_meth_43,priv_meth_44,priv_meth_45,priv_meth_46,priv_meth_47,priv_meth_48,priv_meth_49,priv_meth_50,priv_meth_51,priv_meth_52,priv_meth_53,priv_meth_54,priv_meth_55,priv_meth_56,priv_meth_57,priv_meth_58,priv_meth_59,priv_meth_60,priv_meth_61,priv_meth_62,priv_meth_63
TCGA-CS-4938,0.5557179,-0.119722724,-0.3143885,-0.09273996,-0.57227415,0.8784133,2.3985622,2.1015446,-0.0255804,0.46529981,0.45683336,-0.18079391,-0.075573124,2.6666005,-0.13790737,1.1118648,2.5496762,1.7400982,0.59082735,2.686715,0.5867324,-0.033012405,1.9564588,0.28112763,-0.04272845,1.3140197,-0.025779057,-0.14422515,-0.55364996,-0.10818197,2.5067422,0.46330076,2.7571828,-0.66452575,-0.32868475,-0.26131046,2.131228,-0.20447095,1.4604266,-0.17312911,0.16154578,-1.2968274,-0.21576798,-0.062432993,-0.109650396,-0.0022253373,-0.020598715,-0.35319895,0.15896662,2.7656968,-0.045818873,-0.28599086,-0.042831983,2.143077,-0.017487835,0.9503207,-0.31544325,-0.5955898,-0.175419,-0.027191153,-0.009673148,-0.056960385,-0.6573376,1.0515615
TCGA-CS-4941,-0.009720892,-0.053423297,-0.06820748,-0.0210533,-0.0792176,0.260915,0.35383326,0.3012485,-0.013845563,-0.005780363,0.05324184,-0.0589181,-0.02583685,0.65156364,-0.03223558,0.28759527,0.52193755,0.089754336,-0.01966927,0.5813221,-0.016466685,-0.01062364,0.29392096,0.031678565,-0.002278177,0.14106043,-0.01031025,-0.021859866,-0.13878085,-0.047354415,0.3357061,-0.007640963,0.59779173,-0.14466082,-0.04128694,-0.057360858,0.5443974,-0.08320812,0.11485613,-0.026289204,0.031595048,-0.29565763,-0.046957277,-0.006715989,-0.033822328,-0.004243523,-0.009027629,-0.07209373,0.07731886,0.46878585,-0.015740087,-0.0372896,0.11496656,0.33674645,0.21020244,-0.0065693627,-0.05759741,-0.1254928,-0.03412801,-0.0010147843,-0.005408171,0.10471275,-0.14152193,0.07501957
TCGA-CS-4942,0.42168635,-0.11682037,-0.287928,-0.094024785,-0.5053961,0.8887821,2.2287657,1.9134732,-0.01714777,0.59239584,0.19884208,-0.17840655,-0.067458026,2.4532173,-0.1179988,1.0364153,2.2995667,1.5046535,0.48061192,2.466309,0.38826504,-0.041986722,1.8095522,0.22481741,-0.02824354,1.2250448,-0.0389493,-0.119783245,-0.5249278,-0.0939061,2.2980695,0.44646657,2.5856671,-0.595188,-0.30479667,-0.23722807,1.9913074,-0.19024573,1.3514177,-0.15707009,0.0667043,-1.1990284,-0.20009819,-0.045738604,-0.10164716,-0.017369805,-0.029806068,-0.31479865,0.02540131,2.4893932,-0.045624357,-0.2603612,-0.031650584,1.8936172,-0.019292714,0.86945045,-0.2859908,-0.54191345,-0.15926081,-0.018123992,-0.0041881967,-0.05518468,-0.5895892,0.8455405
TCGA-CS-4943,0.5357542,-0.12151202,-0.30316964,-0.11432373,-0.5766144,0.8356456,2.4682662,2.113614,-0.01794292,0.6619844,0.29130012,-0.17709263,-0.07713642,2.657458,-0.14257945,1.221534,2.5917697,1.6912276,0.76751834,2.753039,0.5953447,-0.03519531,1.9622383,0.30317342,-0.029206831,1.1675347,-0.034646682,-0.16059348,-0.5586502,-0.097683586,2.5259938,0.3770488,2.6857939,-0.6526188,-0.31912705,-0.23790903,2.1810334,-0.19331713,1.403323,-0.1792206,-0.007511136,-1.2810843,-0.20836864,-0.05459089,-0.11370672,-0.025803147,-0.037958503,-0.3515711,0.18716346,2.7310135,-0.049891576,-0.31763217,-0.05606578,2.210532,-0.03139024,0.9529901,-0.30642208,-0.57672,-0.1616352,-0.02584087,0.4518012,-0.06779254,-0.6378883,0.8666364
TCGA-CS-4944,0.42311847,-0.10919731,-0.29082903,-0.078492165,-0.50170517,0.7263071,2.1713624,1.8417561,-0.0130965365,0.38838547,0.3160863,-0.17141382,-0.06266448,2.460812,-0.11113875,1.1141751,2.2400684,1.6648096,0.6327078,2.5367117,0.49180666,-0.03538125,1.8052378,0.25649333,-0.030179454,1.0277591,-0.015828585,-0.12807955,-0.5098093,-0.11500472,2.2454517,0.46249187,2.443055,-0.59956616,-0.30577224,-0.23959582,2.0247154,-0.184386,1.3217219,-0.15960942,0.03963096,-1.1858898,-0.20920353,-0.039763927,-0.11412924,-0.016998034,-0.04670102,-0.31975496,0.16366692,2.5336833,-0.035130557,-0.2519314,-0.039210636,2.0175881,-0.021130748,0.8390062,-0.27742454,-0.5336775,-0.1396651,-0.024260132,0.081025645,-0.04679042,-0.59714633,0.84888434
TCGA-CS-5393,0.2748367,-0.090212874,-0.24512587,-0.080083154,-0.45679718,0.8000254,2.1663852,1.7992092,-0.03289209,0.5323271,0.29909343,-0.1523931,-0.04995906,2.0644648,-0.12211659,0.9743675,1.9619002,1.3194821,0.6275747,2.3962073,0.4412931,-0.03892116,1.605973,0.21067236,-0.021669304,0.9263825,-0.019441705,-0.112418234,-0.47204095,-0.09532376,2.0692732,0.1931091,2.3185909,-0.55089957,-0.27022687,-0.1874208,1.7989316,-0.18709491,1.112535,-0.16546208,-0.0014878873,-1.0651902,-0.17255072,-0.011805405,-0.09367003,-0.03656019,-0.042611446,-0.27103877,0.15871347,2.2644994,-0.043341648,-0.25524685,-0.035512783,1.7280971,-0.0020424945,0.78221905,-0.25285646,-0.48643765,-0.13532157,-0.021385595,0.43551022,-0.0547004,-0.5215408,0.52731097
TCGA-CS-5395,-0.008483079,-0.03227627,-0.047635432,-0.014491287,-0.050142437,0.1863076,0.14693992,0.11424114,-0.013500837,-0.006552639,-0.0021931566,-0.04541233,-0.009351412,0.38294703,-0.009856715,0.11038679,0.36554876,0.017042937,-0.005884997,0.31268355,-0.0034520414,-7.855003e-05,0.11407847,0.034324817,-0.013017247,0.12065357,-0.005113459,-0.016295534,-0.08764469,-0.040007725,0.2351221,-0.01465667,0.43442202,-0.09553577,-0.028723205,-0.030031148,0.2735406,-0.044926323,0.027274167,-0.0164128,0.05707654,-0.19491588,-0.042136487,-0.0061570797,-0.027332593,-0.008235493,-0.0036156178,-0.05040248,0.056940533,0.23417039,-0.0068155634,-0.01461447,0.1579289,0.17652243,0.20419785,-0.011332791,-0.040831413,-0.08133334,-0.02644558,-0.012497809,-0.004344157,0.015235022,-0.08743188,-0.0034672264
TCGA-CS-5396,0.29376626,-0.08764338,-0.2562891,-0.06967865,-0.48477098,0.5574862,2.2395122,1.7990268,-0.014925008,0.40650353,0.3736743,-0.18115029,-0.056263532,2.344954,-0.11895019,1.0129043,2.2738824,1.465247,0.6014066,2.4518256,0.44231686,-0.035363954,1.8183198,0.23699062,-0.05651771,0.93688077,-0.01693227,-0.11489951,-0.49680766,-0.10703824,2.2897587,0.2668805,2.4959824,-0.57357925,-0.292317,-0.20932983,2.095637,-0.18864633,1.1985971,-0.1475025,-0.0023667451,-1.143711,-0.19707243,-0.030287106,-0.10688696,0.071075164,-0.034492984,-0.30739075,-0.006155472,2.4099665,-0.042420227,-0.26083794,-0.023664588,2.0208337,-0.017144013,0.6682954,-0.29242596,-0.51057285,-0.1360293,-0.019724406,0.11406696,-0.04720482,-0.5598039,0.7626699
TCGA-CS-5397,-0.020371025,-0.043258395,-0.05302118,-0.030516515,-0.076308794,0.11063811,0.28506762,0.30972266,-0.009221638,-0.009871877,0.053429008,-0.0531346,-0.012645532,0.6284742,-0.02179963,0.21978892,0.5173465,-0.009831145,-0.004370872,0.5011945,-0.018773383,0.02462656,0.40608135,0.14561768,-0.014811853,0.25742286,-0.004969528,-0.022289542,-0.1458339,-0.051932793,0.47209555,-0.012421274,0.7280746,-0.14587274,-0.055479325,-0.033128094,0.59998775,-0.065625556,0.14820719,-0.025402784,0.052730467,-0.31363595,-0.051433127,0.06452042,-0.034472782,0.088673525,-0.00882503,-0.0857973,-0.0003173217,0.42140058,-0.0061098994,-0.042590395,-0.0010129347,0.495605,0.18223277,-0.015889367,-0.058515448,-0.13923472,-0.027118072,-0.010293604,-0.013093121,0.021595316,-0.13585971,-0.006760457
TCGA-CS-6186,-0.017136281,-0.037655756,-0.075407535,-0.035520703,-0.08480406,0.24865986,0.25647202,0.32826862,-0.043089513,-0.012534887,0.15537909,-0.073487416,-0.010285188,0.5583306,-0.01578271,0.3210619,0.7349403,-0.012924339,-0.025037581,0.71902907,-0.0072948844,-0.009590269,0.17875338,0.23859577,-0.023419542,0.16204225,-0.0009295132,-0.014576486,-0.18471023,-0.06048431,0.5690088,-0.032392245,1.0522794,-0.16639103,-0.07175747,-0.055811185,0.49687392,-0.0880987,-0.0019080678,-0.021170992,0.34817633,-0.35208485,-0.06757377,-0.0053293575,-0.03169486,0.3952987,-0.009682377,-0.09989989,0.09208776,0.45466056,-0.026827201,-0.048411828,0.23297973,0.57382196,0.34673607,-0.018066064,-0.07566872,-0.16119935,-0.034501765,-0.01698203,-0.028764023,-0.023056628,-0.1697268,0.13790765
TCGA-CS-6188,-0.016894372,-0.048236363,-0.06485622,-0.023705935,-0.061356407,0.13353,0.36362588,0.22955586,-0.021638962,-0.0031368607,0.046516337,-0.04591941,-0.01656594,0.5105806,-0.023574792,0.1588852,0.44483957,0.04544139,-0.01220643,0.41224444,-0.020979296,-0.014961838,0.1798664,0.07267964,-0.0009750486,0.1124385,-0.014708543,-0.01850071,-0.1287785,-0.044173744,0.26995352,-0.018439796,0.57738775,-0.12455437,-0.040063795,-0.03697436,0.4280839,-0.060267337,0.08926254,-0.036744528,0.09798457,-0.25833663,-0.04136829,-0.0071436674,-0.03297353,0.084420346,-0.0068229795,-0.061109077,0.07491574,0.38153335,-0.02063571,-0.03221965,0.20175698,0.25740904,0.29552612,-0.0016633243,-0.04504237,-0.10808893,-0.034992117,-0.0075688483,-0.013043498,-0.0014141964,-0.12018993,0.02129659
TCGA-CS-6290,0.3461122,-0.10636067,-0.2587882,-0.07976123,-0.44123346,0.59388936,1.9714249,1.5832635,-0.013959134,0.4172586,0.2989816,-0.14981268,-0.047239672,2.2343233,-0.10537215,0.8829151,2.0465539,1.3747205,0.47446096,2.2593915,0.2977835,-0.016770877,1.6208777,0.256922,-0.011008734,0.8928168,-0.037232794,-0.11766461,-0.45697713,-0.10293763,1.9198605,0.32016063,2.2420728,-0.5243091,-0.27133974,-0.20600462,1.7754513,-0.1852818,1.0354624,-0.13526817,0.07707624,-1.0696472,-0.18135872,-0.04836404,-0.10237052,-0.0040797866,-0.025609894,-0.29543024,0.29737037,2.3018868,-0.03618112,-0.22639345,-0.024143565,1.7129618,-0.012409945,0.6860198,-0.23505178,-0.497135,-0.13769507,-0.01278451,-0.007839932,-0.036230136,-0.5370212,0.7488775
TCGA-CS-6665,-0.003081544,-0.06367023,-0.17830478,-0.074778944,-0.24513271,0.59254974,1.5457935,1.0895854,-0.018179333,0.47110572,0.18574613,-0.09885396,-0.01522049,1.409908,-0.07095597,0.57598317,1.2921906,0.61478156,0.15436932,1.437261,0.13700126,-0.009669673,1.0575967,-0.0019901267,-0.01667028,0.6289642,-0.025299976,-0.09496798,-0.31649297,-0.08271454,1.3900137,0.026714649,1.6052568,-0.37597358,-0.18726161,-0.11718886,1.1957875,-0.115431026,0.8116528,-0.090587154,-0.028577039,-0.70884603,-0.10927428,0.04160769,-0.076671906,-0.039243106,-0.048928153,-0.21335176,0.13449858,1.5210164,-0.015771171,-0.15225975,-0.015603525,1.1222156,-0.0043354435,0.23786682,-0.12096562,-0.2979848,-0.10121305,-0.024315273,0.93540496,-0.020424755,-0.34072474,0.24502268
TCGA-CS-6666,0.42887813,-0.09816321,-0.2964018,-0.099627815,-0.526276,0.7672774,2.4116209,1.9042474,-0.034206666,0.6312999,0.3337455,-0.16514836,-0.06444399,2.3850133,-0.14051692,1.0167555,2.1583047,1.437581,0.537245,2.3983908,0.44865483,-0.038831133,1.9359586,0.21473482,-0.04184931,0.80851305,-0.033106152,-0.14753476,-0.5018793,-0.12012955,2.3495011,0.35065848,2.5588028,-0.59294033,-0.29789218,-0.2197483,2.076409,-0.1833062,1.1116706,-0.172573,-0.0077096643,-1.1687949,-0.1763937,-0.042221505,-0.099135324,-0.018124944,-0.01897895,-0.3043188,0.27918357,2.6123183,-0.042546708,-0.2819996,-0.036205586,1.8779103,-0.019152565,0.91799545,-0.28868017,-0.5178289,-0.14791419,-0.0048669497,0.43772873,-0.04563368,-0.56897646,0.86486936
TCGA-CS-6667,0.5833006,-0.13263236,-0.3166189,-0.09701011,-0.5738029,0.8809545,2.4153535,2.103903,-0.02170992,0.5996267,0.4279312,-0.18210316,-0.0754017,2.7038066,-0.14094926,1.0648129,2.6051695,1.8614454,0.7618754,2.745994,0.50896233,-0.035491165,1.996392,0.29583955,-0.029392669,1.1892503,-0.032767855,-0.15600973,-0.5636221,-0.12244069,2.6104045,0.5188325,2.8456433,-0.67450887,-0.3378186,-0.2574329,2.2797976,-0.20515934,1.396486,-0.18789665,0.121999934,-1.3283542,-0.2314199,-0.062217068,-0.10914309,-0.016735028,-0.029968947,-0.3568481,0.14111759,2.8146474,-0.054756593,-0.2980992,-0.03254208,2.1412716,-0.009055971,1.0321176,-0.30938298,-0.6004433,-0.1739818,-0.012183384,-0.006946586,-0.062141057,-0.6580519,0.9371114
TCGA-CS-6668,0.54636437,-0.1243477,-0.34046832,-0.09747632,-0.6193296,0.9520509,2.7578943,2.321892,-0.01713417,0.626463,0.4113212,-0.18856569,-0.077138565,2.804162,-0.15729612,1.2067279,2.7299898,1.8661679,0.88218784,2.9336097,0.7796464,-0.038985617,2.1904428,0.33180147,-0.051447105,1.2862813,-0.0132460585,-0.15516673,-0.59366727,-0.11341772,2.6906927,0.50776833,3.0934823,-0.70711654,-0.36067796,-0.26876518,2.53402,-0.2096987,1.5689852,-0.1925887,0.23785305,-1.3892454,-0.2484014,-0.049864996,-0.11847273,-0.015813015,-0.029781703,-0.3626936,0.17218854,2.8772595,-0.05291779,-0.32004964,-0.04618692,2.4000928,-0.034025468,1.0225073,-0.33710906,-0.62979656,-0.17483899,-0.034664266,-0.0026022827,-0.079991214,-0.70000094,1.0096998
TCGA-CS-6669,0.032412108,-0.08436147,-0.14921795,-0.030832892,-0.20270078,0.22953115,0.8536693,0.89577496,-0.01778527,0.13028118,0.12674314,-0.106714904,-0.023749936,1.3024727,-0.0291792,0.54449177,0.98279494,0.456914,0.17606747,1.206618,0.013817567,-0.021984434,0.72339594,0.3386314,-0.009292014,0.5220752,-0.024697859,-0.036852453,-0.2810435,-0.07763431,1.1080186,0.065403454,1.3058058,-0.30024657,-0.13588084,-0.106798254,1.0091751,-0.120167755,0.4504519,-0.07853546,0.15504822,-0.60558206,-0.10920707,-0.006702701,-0.058255225,-0.0012756715,-0.02158845,-0.1483229,0.10116716,1.0928403,-0.0149134165,-0.11057377,-0.009744135,0.93205595,0.25376463,0.1306795,-0.13743238,-0.28261802,-0.06009669,-0.0037328564,-0.01915672,-0.02404639,-0.28326198,0.2984217
TCGA-CS-6670,0.57487506,-0.13488445,-0.32493964,-0.09305358,-0.5906064,0.81154567,2.5154107,2.1426253,-0.020599267,0.51716286,0.4129517,-0.19412975,-0.07722587,2.7674038,-0.13088672,1.1973667,2.6520119,1.8968211,0.7757995,2.839987,0.6007339,-0.040388163,2.059562,0.42379963,-0.036423963,1.2753518,-0.032242104,-0.14792694,-0.569771,-0.12373966,2.664577,0.49665606,2.8915436,-0.68653727,-0.3482662,-0.26375803,2.2947183,-0.20841081,1.5116594,-0.18205453,0.19177005,-1.347999,-0.24060111,-0.06131881,-0.118713014,-0.019276893,-0.029182523,-0.35882446,0.10307659,2.7046068,-0.04984457,-0.3010184,-0.04008965,2.2455182,-0.014378704,0.9225868,-0.32088867,-0.6018827,-0.17452572,-0.026827222,-0.017835151,-0.066253595,-0.66585076,1.1123
TCGA-DB-5270,0.36532944,-0.11158692,-0.26773027,-0.074885644,-0.4591274,0.6931953,1.9122773,1.7143619,-0.017411193,0.4326398,0.2685387,-0.15929656,-0.06493122,2.1861367,-0.09145091,0.95532066,2.1471198,1.4885463,0.49823475,2.3038032,0.3583877,-0.029448126,1.6739099,0.2901864,-0.026565224,1.0417261,-0.030230513,-0.11158208,-0.47545323,-0.108261704,2.1274247,0.3563441,2.3452337,-0.5528089,-0.27291384,-0.21377301,1.8413144,-0.17545216,1.1505722,-0.15117465,0.038271006,-1.0972782,-0.18321374,-0.046715166,-0.09483182,-0.009305463,-0.027221544,-0.2898531,0.11701037,2.1928382,-0.0418037,-0.22970465,-0.029566556,1.8005823,-0.0032783274,0.74076605,-0.24389501,-0.49582553,-0.14340803,-0.023802795,-0.006518522,-0.047764104,-0.548135,0.78944844
TCGA-DB-5273,0.37948433,-0.10810459,-0.28259143,-0.087537974,-0.4950687,0.678369,2.1372623,1.8660079,-0.020466724,0.3842388,0.25242314,-0.1554824,-0.060288366,2.3439643,-0.11022866,0.992626,2.3087142,1.5478563,0.5783332,2.4348679,0.36625597,-0.023841035,1.7675002,0.23889925,-0.026396422,1.0868021,-0.024729908,-0.12690705,-0.5008558,-0.10040873,2.236548,0.32450557,2.4242008,-0.574141,-0.2872524,-0.22408013,2.0148659,-0.18679582,1.2048669,-0.15199937,0.15320666,-1.1461815,-0.19449817,-0.04490185,-0.108503975,-0.013913452,-0.036724057,-0.313423,0.11807878,2.5234206,-0.05014999,-0.24812031,-0.03318813,1.952832,0.034764264,0.7373296,-0.2581084,-0.5211183,-0.15259187,-0.019661032,0.09310691,-0.043723933,-0.57276905,0.73613256
TCGA-DB-5274,0.5367082,-0.12592413,-0.32103714,-0.09501868,-0.58228874,0.81402457,2.5521538,2.1564982,-0.016984407,0.54033613,0.46264654,-0.19913426,-0.08481511,2.7453806,-0.13193133,1.1505547,2.6153986,1.9053897,0.71108514,2.8210022,0.7034365,-0.044681694,2.0871482,0.3903849,-0.04080517,1.2637218,-0.031053185,-0.14965232,-0.57710195,-0.121136986,2.6682973,0.46306682,2.946129,-0.68374676,-0.3435031,-0.2627967,2.2973104,-0.20571434,1.4640486,-0.17743945,0.1272896,-1.3508404,-0.23036651,-0.059964396,-0.114512205,-0.017116336,-0.027088726,-0.35930774,0.06735648,2.8018029,-0.050608296,-0.3008511,-0.04163229,2.2323587,-0.013873652,1.0025533,-0.312789,-0.610433,-0.16767518,-0.028694693,-0.022389451,-0.06427734,-0.6642061,1.0260037
TCGA-DB-5275,0.44819844,-0.1174771,-0.31765696,-0.10332644,-0.57993215,0.8761575,2.564305,2.108281,-0.024848431,0.5804835,0.37517533,-0.18956609,-0.068487436,2.713845,-0.14647032,1.1595119,2.5469825,1.865167,0.68191296,2.7454722,0.5732957,-0.038722154,2.0178876,0.30416825,-0.03894701,1.2050402,-0.03512495,-0.1541082,-0.57753795,-0.1087716,2.6068213,0.37732407,2.928181,-0.6798591,-0.3417447,-0.25576034,2.3445919,-0.21245706,1.4280679,-0.16700946,0.07264599,-1.3258752,-0.22036953,-0.06452298,-0.109000586,-0.017835753,-0.043680754,-0.35201427,0.11020459,2.8141544,-0.04825228,-0.2957163,-0.04943908,2.265029,-0.022865908,1.0012977,-0.31100854,-0.5960187,-0.17330974,-0.027930334,0.108122975,-0.05785913,-0.66067165,1.0005915
TCGA-DB-5276,0.3729759,-0.096682124,-0.23380029,-0.07349652,-0.3974994,0.6109871,1.7619959,1.5154284,-0.024362577,0.4038684,0.2826993,-0.1491413,-0.049829166,1.9618609,-0.08862605,0.7769421,1.7670314,1.245235,0.3951087,1.984605,0.31906444,-0.021308001,1.4197474,0.26226968,-0.02057468,0.796311,-0.015016741,-0.1057681,-0.42428467,-0.09356009,1.8916969,0.29025507,2.1205854,-0.4931334,-0.24041033,-0.18489598,1.7212913,-0.14621776,0.88529015,-0.13021955,0.06286073,-0.96558857,-0.15947591,-0.028757695,-0.08453476,-0.012332885,-0.03811434,-0.26256856,0.12103821,1.9146734,-0.038233165,-0.20933166,-0.024463391,1.5514684,0.05713233,0.68477964,-0.21140015,-0.44251513,-0.12554203,-0.011521007,0.030367333,-0.038470205,-0.47926337,0.6349095
TCGA-DB-5277,0.22095619,-0.08189489,-0.23881827,-0.09549677,-0.43249306,0.6398192,2.1920547,1.6944072,-0.017290926,0.58217865,0.1505723,-0.16173676,-0.049609218,2.0910082,-0.10307435,0.9583645,2.0732517,1.324278,0.43033266,1.9721036,0.63455284,-0.029808102,1.6107873,0.04935971,-0.046310477,0.9846065,-0.03334068,-0.1389451,-0.43881398,-0.08213356,2.1527727,0.2947585,2.1534946,-0.50331515,-0.26329544,-0.18713735,1.6776937,-0.14803721,0.96613085,-0.15311775,-0.0051846895,-0.99437183,-0.16646485,-0.01207332,-0.100662224,-0.02960666,-0.03836295,-0.29829308,0.18654306,2.196293,-0.04163635,-0.23565637,-0.040148415,1.7839581,-0.03251269,0.75139844,-0.2208793,-0.44314295,-0.14303182,-0.0063073225,0.82695544,-0.040861245,-0.4710415,0.6194
TCGA-DB-5278,0.4584641,-0.12910752,-0.30883905,-0.08685931,-0.54097915,0.78343844,2.3858547,2.048828,-0.018301053,0.48856047,0.36631835,-0.19232936,-0.06238949,2.6371827,-0.12096562,1.0969748,2.4048579,1.8178309,0.6051763,2.6543815,0.58868444,-0.034540173,1.9860926,0.33631954,-0.031344455,1.261141,-0.026608367,-0.13611647,-0.54750896,-0.11866074,2.4944906,0.3810568,2.7488,-0.64689976,-0.32418618,-0.24025643,2.202176,-0.211403,1.3454341,-0.16116305,0.12109843,-1.2711152,-0.22862346,-0.057695147,-0.1118291,-0.017452084,-0.03086265,-0.33423224,0.09867324,2.6311896,-0.044894505,-0.2850624,-0.039152253,2.129209,-0.009621307,0.82798356,-0.28975686,-0.57629293,-0.16080639,-0.022522649,-0.01021041,-0.06013198,-0.63470954,0.9861843
TCGA-DB-5279,0.252173,-0.0935375,-0.24506858,-0.0934005,-0.45074448,0.6095546,2.2998974,1.6399627,-0.01870767,0.59829,0.28560066,-0.16661747,-0.05357306,2.018471,-0.11985172,0.9501676,1.9644774,1.3812534,0.6979122,2.0223804,0.5798094,-0.03378924,1.7143455,0.013270767,-0.023790006,0.6759806,-0.0073437616,-0.13215582,-0.40898046,-0.09076809,1.8170384,0.22987592,2.1732674,-0.5066851,-0.272314,-0.17927925,1.6775441,-0.1327971,1.0231138,-0.16594994,-0.023360904,-1.0213379,-0.17155965,-0.025578573,-0.096673794,-0.034618746,-0.04034148,-0.29222995,0.041011617,2.1903856,-0.0377606,-0.24286728,-0.048782554,1.7860415,-0.01912988,0.8474385,-0.24744213,-0.4485596,-0.14506353,-0.038244512,0.4691364,-0.06286698,-0.50249195,0.69767153
TCGA-DB-5280,0.58663815,-0.13732107,-0.3353503,-0.10865696,-0.60055614,0.9734067,2.5451636,2.2398002,-0.026531467,0.51323473,0.39077145,-0.1996464,-0.07650822,2.8942883,-0.14345971,1.1542275,2.6986058,1.959883,0.7967625,2.903888,0.6443521,-0.033096597,2.2076018,0.28657007,-0.048571467,1.3227438,-0.040702835,-0.15882191,-0.59586924,-0.13684194,2.8330226,0.5073642,2.9815583,-0.71295923,-0.35388437,-0.2809706,2.341417,-0.21876703,1.5299354,-0.18867405,0.19719888,-1.4019789,-0.24758445,-0.06619514,-0.12185104,-0.017124472,-0.03280082,-0.3692219,0.16165824,3.0095851,-0.052499335,-0.30610037,-0.038580522,2.2677622,-0.014289117,0.99079037,-0.32200512,-0.633816,-0.18320145,-0.024189271,-0.00421242,-0.06682897,-0.70257944,1.0461626
TCGA-DB-5281,0.49059814,-0.13084194,-0.32355225,-0.114428,-0.5917186,0.89753,2.6018999,2.2210646,-0.018914474,0.727414,0.34357816,-0.19249761,-0.06937588,2.751599,-0.14178024,1.1217995,2.7319462,1.9503113,0.7346594,2.8383553,0.5416529,-0.03405152,2.1877682,0.30312696,-0.03784598,1.3895669,-0.026290849,-0.16851534,-0.5776268,-0.110729806,2.6190784,0.5248644,3.0195882,-0.6924737,-0.345172,-0.26856646,2.3476248,-0.19669062,1.6084597,-0.18481703,0.04553527,-1.3431786,-0.2314847,-0.051493257,-0.09939567,-0.015939062,-0.042937964,-0.35251984,0.070547596,2.7931733,-0.04050604,-0.30682358,-0.05201744,2.3482482,-0.013963158,1.0827389,-0.31762123,-0.6098508,-0.17882918,-0.019631295,0.10820092,-0.074546985,-0.6658494,0.97159874
TCGA-DB-A4X9,0.5206027,-0.12888092,-0.32322738,-0.09909598,-0.5835778,0.8365615,2.5966532,2.1410906,-0.01863128,0.6036015,0.32047153,-0.1797434,-0.0683022,2.6726234,-0.1489185,1.1805298,2.6640081,1.8421258,0.6938827,2.7812183,0.6531883,-0.0454848,2.1157045,0.260977,-0.03971185,1.1349798,-0.029663054,-0.1459456,-0.57937086,-0.11146376,2.6192064,0.42623013,2.7199242,-0.6733958,-0.33889067,-0.26413733,2.1369438,-0.21066502,1.5382599,-0.17085627,0.06775135,-1.3276373,-0.2302095,-0.077809654,-0.1037212,-0.021467017,-0.042718362,-0.3564119,0.019851401,2.8726604,-0.048654795,-0.2920552,-0.052212954,2.2808635,-0.019924035,1.0641133,-0.30938953,-0.6016987,-0.18006402,-0.03767599,-0.0015136515,-0.071708746,-0.667806,1.0424503
TCGA-DB-A4XA,0.5216391,-0.1262406,-0.29488295,-0.09075166,-0.5362081,0.76824415,2.3369386,2.0020692,-0.0229024,0.48213065,0.4175054,-0.1787948,-0.073042475,2.5664976,-0.12006525,1.0305812,2.4252734,1.6701254,0.7044539,2.610519,0.5594682,-0.03267467,1.9164407,0.35866618,-0.033357944,1.1609801,-0.026882505,-0.13266517,-0.533724,-0.11573271,2.3926518,0.42613894,2.6158187,-0.6339517,-0.31121168,-0.24827361,2.113765,-0.1988533,1.3285673,-0.1717743,0.08571589,-1.2495855,-0.21560366,-0.060713977,-0.11001357,-0.017852163,-0.03518475,-0.3348383,0.1303231,2.5502357,-0.045682337,-0.27371302,-0.040835444,2.0497155,-0.0021100452,0.8559366,-0.28206527,-0.56471646,-0.16150719,-0.024172908,-0.014659074,-0.057714183,-0.6143791,0.92758405
TCGA-DB-A4XB,0.25059322,-0.11997374,-0.30361667,-0.1047812,-0.53807276,0.7967991,2.2711651,2.0729606,-0.014665658,0.60684747,0.3689391,-0.15191619,-0.061507393,2.6842334,-0.12291149,1.2257015,2.5601366,1.5277668,0.6107846,2.6308532,0.5363455,-0.044561535,2.0185678,0.3112957,-0.017800083,1.2210866,-0.03330057,-0.13409011,-0.5525065,-0.10658182,2.4434555,0.28499845,2.675268,-0.6396129,-0.33354205,-0.23209755,1.9018205,-0.2006505,1.3533895,-0.1776002,-0.004877918,-1.2465516,-0.20240775,-0.047466096,-0.123152964,-0.026325563,-0.045686074,-0.34465685,0.010637596,2.6994328,-0.040161368,-0.28604904,-0.0428386,2.0630033,-0.013163981,0.66339266,-0.3013017,-0.564998,-0.16343252,-0.033041302,0.24533296,-0.054136492,-0.61832464,0.8255022
TCGA-DB-A4XC,0.41709515,-0.109923474,-0.2815657,-0.092797294,-0.49670464,0.7275067,2.2112439,1.8058894,-0.02359806,0.40634924,0.29218563,-0.16986273,-0.057249546,2.4236445,-0.11889138,1.0574914,2.1782696,1.5694247,0.597695,2.4201806,0.45688555,-0.024856813,1.7235441,0.19907027,-0.03490912,1.0818214,-0.028271696,-0.12680691,-0.5083886,-0.103277005,2.289922,0.4171534,2.3897574,-0.5870415,-0.29488677,-0.21679042,1.9679948,-0.19254033,1.1988813,-0.15368019,0.061818477,-1.1591228,-0.19975309,-0.05788913,-0.098974854,-0.006984738,-0.037766498,-0.32363254,0.13747497,2.449906,-0.045941245,-0.2584921,-0.03967547,1.9407328,-0.00029172935,0.82374734,-0.26764092,-0.5305232,-0.15194093,-0.01807799,0.10802525,-0.04812165,-0.5826599,0.7986545
TCGA-DB-A4XD,0.56691563,-0.1265323,-0.32970068,-0.10898488,-0.5862615,0.85486,2.532634,2.1119106,-0.027127126,0.56291544,0.41853032,-0.19013703,-0.080375284,2.7312734,-0.14533316,1.1604848,2.599311,1.7887143,0.680571,2.780852,0.610863,-0.039072435,2.1570067,0.30474588,-0.039133977,1.1753674,-0.035311177,-0.15781198,-0.57054853,-0.11847209,2.675661,0.5634046,2.9260895,-0.68527484,-0.34203368,-0.2645428,2.3095238,-0.2151115,1.4693992,-0.18221872,0.089596614,-1.347965,-0.22350608,-0.057591807,-0.108246185,-0.01541081,-0.031233728,-0.36461395,0.15867199,2.8642519,-0.045292083,-0.30126715,-0.042043746,2.251828,-0.013250725,0.9703088,-0.31810683,-0.6087435,-0.17558038,-0.027625188,0.0544783,-0.059670147,-0.6695942,1.0184026
TCGA-DB-A4XE,0.55585885,-0.13294582,-0.3194945,-0.10029917,-0.5884705,0.8481796,2.5803087,2.0964837,-0.02893186,0.5665349,0.41558427,-0.18956101,-0.07802399,2.74193,-0.14178126,1.1605272,2.58082,1.8094581,0.7202438,2.778018,0.6231309,-0.04293211,2.1080804,0.3652362,-0.039903365,1.2573818,-0.046604726,-0.16128568,-0.5700218,-0.11392106,2.6570456,0.6089476,2.884715,-0.6839462,-0.33602366,-0.2668887,2.2275314,-0.2136911,1.5599198,-0.18127023,0.13241816,-1.3441943,-0.23727265,-0.06940778,-0.10761752,-0.0106132245,-0.03349711,-0.3551427,0.10445334,2.8411505,-0.050162356,-0.2856743,-0.04502895,2.1933093,-0.016870132,0.9700762,-0.31131467,-0.5991106,-0.18045537,-0.019864095,-0.009344022,-0.067749105,-0.6725728,1.0807663
TCGA-DB-A4XF,0.5496713,-0.12048987,-0.3325985,-0.10790639,-0.5946192,0.87069863,2.6041932,2.1389098,-0.018088257,0.5726444,0.4129516,-0.19247298,-0.0786333,2.8227313,-0.14556924,1.1624981,2.7182653,1.8909174,0.70199126,2.836475,0.5175544,-0.038322575,2.125241,0.38716274,-0.038148124,1.1867435,-0.032903843,-0.15804188,-0.5801679,-0.12085988,2.65415,0.49604517,2.9431682,-0.6887314,-0.3406621,-0.2620195,2.3674803,-0.20912479,1.5558369,-0.17849182,0.074147806,-1.3553712,-0.23109606,-0.06273876,-0.11297249,-0.015787398,-0.026056547,-0.3556697,0.063664034,2.828932,-0.047654208,-0.30044636,-0.049544778,2.279501,-0.009858775,1.056071,-0.31902084,-0.60916656,-0.18077719,-0.029183483,-0.0149993105,-0.059727933,-0.67250675,1.0462955
TCGA-DB-A4XG,0.6284128,-0.13935997,-0.35150287,-0.10531857,-0.6369269,0.93601555,2.7482114,2.2630801,-0.015462483,0.55035967,0.5146708,-0.2015327,-0.0815722,2.9851947,-0.14880787,1.1795945,2.8767989,2.0335858,0.7974143,2.9535415,0.7024983,-0.03994462,2.2497687,0.37991238,-0.050061096,1.3755088,-0.03150336,-0.15781423,-0.6031174,-0.12813736,2.7878957,0.5760595,3.1246693,-0.7404164,-0.37515435,-0.2858204,2.517817,-0.21630119,1.6830192,-0.19758523,0.16067384,-1.4457002,-0.25749657,-0.06942132,-0.120348886,-0.019002257,-0.034688972,-0.38538876,0.08450605,3.031996,-0.047322292,-0.31825802,-0.049514215,2.3647523,-0.024189351,1.079937,-0.33893597,-0.64273864,-0.18854035,-0.029679913,-0.014015359,-0.06970142,-0.7166245,1.1659082
TCGA-DB-A4XH,0.6152492,-0.12975709,-0.33946317,-0.104292326,-0.60742515,0.91295236,2.617716,2.2233527,-0.018167665,0.6267502,0.4395759,-0.20222688,-0.08355195,2.8737757,-0.14918146,1.1770922,2.7094126,1.9239972,0.7306352,2.87362,0.6710707,-0.04476553,2.160874,0.4101188,-0.041225746,1.2761712,-0.031548217,-0.16386995,-0.592529,-0.12785679,2.7740707,0.49687377,2.9897742,-0.71145684,-0.35267755,-0.2780601,2.3815417,-0.21658985,1.6025176,-0.1856314,0.13206722,-1.3977623,-0.24323444,-0.07119661,-0.12088519,-0.013846616,-0.029903704,-0.35999376,0.13416506,2.8671772,-0.04549758,-0.30674067,-0.04548808,2.3519526,-0.023423452,1.0493157,-0.3225723,-0.62577003,-0.18226932,-0.02950683,-0.016445538,-0.07085434,-0.6930782,1.0844203
TCGA-DB-A64L,0.4805172,-0.120132126,-0.29319152,-0.09391662,-0.5371701,0.7100108,2.2576103,1.9583338,-0.017824363,0.5028565,0.31745565,-0.1772344,-0.07475953,2.4537344,-0.12847935,1.0906376,2.3182657,1.6103377,0.6135233,2.548634,0.5500736,-0.039357383,1.942626,0.31613183,-0.03353912,1.1447889,-0.02535635,-0.13124405,-0.5227648,-0.10304409,2.3553338,0.32757148,2.5672824,-0.6216285,-0.31464583,-0.24465327,2.0800667,-0.18871798,1.2489178,-0.16166048,0.11718942,-1.2224858,-0.20184927,-0.05273856,-0.104334615,-0.008438895,-0.035506453,-0.32950592,0.096789494,2.5494223,-0.045530867,-0.2674903,-0.028467167,2.1096733,-0.012913502,0.8843587,-0.28105274,-0.55959344,-0.15459734,-0.021884225,-0.0033120054,-0.06237922,-0.6037678,0.89112574
TCGA-DB-A64O,-0.008578348,-0.057994463,-0.07534885,-0.027111117,-0.09592312,0.1980644,0.34117156,0.53773785,-0.00013596825,-0.00039003027,0.17426914,-0.06009535,-0.011913388,0.77949846,-0.02966622,0.25877735,0.635448,0.08661845,0.031651523,0.7240427,-0.008783768,-0.010497889,0.37857273,0.1999309,-0.012456505,0.28060794,-0.0070115984,-0.015517554,-0.17245631,-0.05914398,0.47193044,-0.017755304,0.64903456,-0.17219213,-0.06830677,-0.061727982,0.4649187,-0.08533629,0.054049663,-0.03156217,0.023188528,-0.36915684,-0.060784515,0.0008210656,-0.034626484,0.14231168,-0.015087365,-0.103257455,-0.002580224,0.6269295,-0.022616198,-0.035791915,0.05836478,0.4059512,0.2004879,-0.0021983124,-0.07515579,-0.1592326,-0.030257752,-0.0069869207,-0.010507834,0.025485262,-0.17640908,0.010494907
TCGA-DB-A64P,0.6388871,-0.14092557,-0.3362469,-0.102533914,-0.6069758,0.91598606,2.6597636,2.20421,-0.02113185,0.5933883,0.41689825,-0.20109506,-0.07867644,2.8938093,-0.14801817,1.2024715,2.7224882,1.9983364,0.74908686,2.9158204,0.6372324,-0.03763303,2.1506991,0.38723916,-0.045584615,1.2132189,-0.03477704,-0.15174054,-0.59133685,-0.12677495,2.7400174,0.5604529,2.9648635,-0.711117,-0.3543546,-0.2767665,2.3950274,-0.2196827,1.6314569,-0.18555515,0.17881212,-1.4020919,-0.24679093,-0.06886306,-0.11415634,-0.010935799,-0.033028945,-0.36229798,0.11552359,2.8794932,-0.043462433,-0.31072778,-0.049222887,2.3291578,-0.01573239,1.0264689,-0.32567847,-0.6297936,-0.17908546,-0.023400849,-0.020448547,-0.06745556,-0.6933922,1.0974599
TCGA-DB-A64Q,0.45226598,-0.109680645,-0.2923245,-0.10984234,-0.5066394,0.82320935,2.2015994,1.8163801,-0.025865868,0.37264398,0.3628126,-0.18197425,-0.059728827,2.2577693,-0.117642894,1.0496972,2.2067375,1.5028168,0.6703731,2.4508,0.4293234,-0.04955834,1.8104398,0.03232204,-0.035191905,1.0708814,-0.039884783,-0.12538983,-0.500727,-0.11866385,2.2244859,0.22628699,2.6556215,-0.59126776,-0.30083084,-0.19948657,1.9911842,-0.1871861,1.1795113,-0.15892594,0.18384293,-1.1681693,-0.20407303,-0.028083742,-0.113892615,-0.0026529173,-0.03819932,-0.32271895,0.15762426,2.495027,-0.027316248,-0.28934726,-0.036165282,1.9857275,-0.0011461069,0.54726046,-0.27186367,-0.52620775,-0.15511271,-0.016842386,0.2859742,-0.059754904,-0.5676506,0.81686705
TCGA-DB-A64R,0.65905297,-0.13505866,-0.35773334,-0.10950692,-0.64503956,0.9509625,2.783762,2.3470042,-0.017019698,0.5745335,0.46657127,-0.21017928,-0.09500303,3.008005,-0.15213881,1.237348,2.906389,2.063052,0.8102584,3.083371,0.7332518,-0.044316627,2.2562022,0.3949347,-0.049902122,1.3307481,-0.033594783,-0.16975197,-0.6189324,-0.12638833,2.9067717,0.60572314,3.1641223,-0.7524266,-0.37355152,-0.28955802,2.485458,-0.22267933,1.7232778,-0.19962297,0.17814234,-1.4702387,-0.25697035,-0.076547965,-0.12363546,-0.013969063,-0.024752563,-0.38525528,0.08065678,3.0461793,-0.043570533,-0.32699123,-0.055119205,2.443524,-0.024673887,1.0922937,-0.34449857,-0.6563033,-0.18862352,-0.038755696,-0.020094708,-0.073660396,-0.72887874,1.1697798
TCGA-DB-A64S,0.5136153,-0.13476683,-0.3101637,-0.10123048,-0.54472965,0.84706753,2.467058,2.0068936,-0.01657157,0.5601223,0.4885537,-0.18534702,-0.066612974,2.6347861,-0.1313214,1.1286209,2.413063,1.7680563,0.71358705,2.6457858,0.6299174,-0.032560624,1.9233806,0.3972335,-0.023542682,1.1510608,-0.023432685,-0.14521827,-0.5441601,-0.1073337,2.4409149,0.43365484,2.785137,-0.6536016,-0.33285648,-0.2476642,2.222574,-0.20494092,1.3916059,-0.16324167,0.14671436,-1.2699937,-0.21790533,-0.059442766,-0.10514506,-0.016911434,-0.02325479,-0.33322278,0.13096346,2.703964,-0.049452584,-0.28505588,-0.0364402,2.0698915,-0.0063604224,0.92210746,-0.2953404,-0.57715195,-0.16956274,-0.029981075,-0.011973954,-0.050348103,-0.6368421,0.9750928
TCGA-DB-A64U,0.45808107,-0.13073115,-0.30085695,-0.082252406,-0.53554195,0.7821073,2.3388188,1.9603049,-0.025904482,0.46940568,0.362555,-0.18491058,-0.07048164,2.5651193,-0.122912996,1.0622861,2.3384511,1.7049669,0.5947708,2.6476593,0.5214644,-0.036816992,1.9224039,0.378855,-0.03209877,1.1419264,-0.033189546,-0.13813259,-0.53909284,-0.11726792,2.4603095,0.4537729,2.7136161,-0.63766986,-0.3206898,-0.2524242,2.1497161,-0.20132624,1.3311799,-0.16990152,0.16131373,-1.2505848,-0.22394867,-0.053061754,-0.10564803,-0.016391007,-0.041122556,-0.3295195,0.12926643,2.554067,-0.044808026,-0.27856144,-0.03126966,2.161327,-0.0031541293,0.7747524,-0.2846535,-0.5715492,-0.16183867,-0.022252347,-0.005927465,-0.056865364,-0.62406844,0.9311935
TCGA-DB-A64V,0.34823763,-0.11602881,-0.2630774,-0.08230375,-0.45471177,0.6387836,2.0364027,1.7164949,-0.031479757,0.44557926,0.34997183,-0.16471155,-0.06069109,2.2186623,-0.10464243,0.89312863,2.0356114,1.3713055,0.53181744,2.2603803,0.37702587,-0.030419638,1.6330831,0.36986482,-0.02851679,1.0099721,-0.022997785,-0.121023536,-0.46630144,-0.10272969,2.0971498,0.27584177,2.3740988,-0.55651885,-0.27333906,-0.20839973,1.8925495,-0.1806415,1.1177919,-0.15344502,0.16229962,-1.0904648,-0.19261333,-0.039639797,-0.0945242,-0.013819741,-0.03940515,-0.2861969,0.18954296,2.1236923,-0.038556274,-0.23714574,-0.019984026,1.8177832,0.039498407,0.69775176,-0.23871624,-0.49725923,-0.13733862,-0.014136426,-0.0122307455,-0.05193601,-0.53957176,0.81633496
TCGA-DB-A64W,0.3294662,-0.12128502,-0.32344198,-0.089804225,-0.5810365,0.89983183,2.4719183,2.0976863,-0.019351376,0.6477525,0.4305917,-0.18645802,-0.07543506,2.8246868,-0.14537653,1.129325,2.5409,1.6297324,0.5390543,2.6564038,0.6969066,-0.041051727,2.00099,0.18838616,-0.048927065,1.2295219,-0.03623559,-0.15315162,-0.57181525,-0.10502533,2.5824168,0.46456665,2.911539,-0.67769915,-0.3296887,-0.26969948,2.4770796,-0.20122941,1.4507017,-0.19045483,-0.0026520628,-1.3500527,-0.24309424,-0.043083716,-0.107569866,-0.016989736,-0.038970295,-0.36197114,0.060674682,2.7564828,-0.050466258,-0.30687633,-0.051485825,2.234402,-0.01738836,0.91632694,-0.31248066,-0.5982219,-0.1674797,-0.022367341,0.23193836,-0.06714074,-0.65499324,1.1338507
TCGA-DB-A64X,0.45974284,-0.11092492,-0.2836551,-0.093304545,-0.5115195,0.70879805,2.441723,1.9603425,-0.014721884,0.63012666,0.2685907,-0.17031272,-0.059598323,2.3909824,-0.12761043,1.0198176,2.2025561,1.5259262,0.67304707,2.5135248,0.6302222,-0.021276783,1.8450623,0.15148099,-0.026261633,0.96876097,-0.024424609,-0.1400793,-0.5209419,-0.106961384,2.3481536,0.3350452,2.5668428,-0.6063706,-0.30956027,-0.21414272,2.0566885,-0.18702993,1.2259753,-0.1857749,0.06997503,-1.1805474,-0.1926732,-0.038720172,-0.10004317,-0.015409522,-0.04882599,-0.32487595,0.107270464,2.6288097,-0.034645393,-0.2765604,-0.042612936,2.077042,-0.009818397,0.8738222,-0.30141327,-0.5424314,-0.16947792,-0.01567362,0.7661283,-0.048926264,-0.5998565,0.7412236
TCGA-DB-A75K,0.56416196,-0.13253038,-0.33377755,-0.0998524,-0.59960496,0.9252737,2.6502857,2.1430695,-0.024319379,0.48290983,0.42425498,-0.19195235,-0.08480367,2.8651843,-0.1435953,1.1667473,2.7128308,1.8692839,0.74015456,2.9078474,0.5938393,-0.041025218,2.0776758,0.35280555,-0.04538299,1.2563367,-0.033500087,-0.15888995,-0.5923783,-0.1264069,2.7300208,0.4992838,3.0539427,-0.70549387,-0.36250395,-0.27277818,2.2798252,-0.20927036,1.6127944,-0.17858887,0.1722666,-1.3847517,-0.25597402,-0.06860079,-0.119768955,-0.010987929,-0.02911207,-0.36729226,0.10321589,2.864628,-0.042597126,-0.31483564,-0.04639721,2.3540819,-0.014575779,1.0478771,-0.3274054,-0.6214487,-0.182762,-0.029484991,-0.021042943,-0.065391,-0.6911966,1.110365
TCGA-DB-A75L,0.3509409,-0.11630873,-0.29285416,-0.08720741,-0.54134834,0.90120035,2.2640972,1.9671718,-0.014962931,0.4749879,0.23211989,-0.17102541,-0.07566502,2.3631127,-0.13796498,1.0665042,2.359156,1.6262115,0.7749617,2.5348465,0.48129722,-0.035850663,1.8440473,0.23527633,-0.04113615,1.1432102,-0.022016456,-0.14268637,-0.52301264,-0.095955014,2.4093914,0.3992075,2.5553854,-0.6268139,-0.3260759,-0.23537317,2.106924,-0.17973901,1.4429493,-0.17439811,-0.008411641,-1.232747,-0.2070874,-0.050390553,-0.11618543,-0.013714229,-0.025694508,-0.33340546,0.2492259,2.5867293,-0.04163367,-0.27766988,-0.045823134,2.1221316,-0.020608274,0.936977,-0.29055747,-0.56211776,-0.16600594,-0.02792283,0.11133975,-0.046109445,-0.6100495,0.80257535
TCGA-DB-A75O,0.24249254,-0.116080225,-0.2850176,-0.09679403,-0.5024249,0.69359916,2.2347562,1.8918144,-0.022894723,0.6043598,0.34534067,-0.17279951,-0.058075763,2.4326444,-0.11510896,1.0638433,2.330228,1.5724697,0.5387962,2.499571,0.42597649,-0.035625022,1.8592219,0.25736195,-0.021749558,1.1438836,-0.029915884,-0.13591382,-0.5205962,-0.10271219,2.3541098,0.3560822,2.5337574,-0.6126134,-0.30260637,-0.22602919,2.0485582,-0.18750829,1.2843896,-0.16352299,0.021742564,-1.1874574,-0.21515718,-0.047065835,-0.105293095,-0.008476029,-0.031201733,-0.31759515,0.2250533,2.5266125,-0.032305624,-0.2575163,-0.036702674,1.9996133,-0.013107958,0.8606408,-0.26279733,-0.5446773,-0.16352382,-0.032231834,0.033762503,-0.058203198,-0.5943316,0.8828277
TCGA-DB-A75P,-0.018833699,-0.053997785,-0.09256802,-0.023091603,-0.12904534,0.2151507,0.6556395,0.5338446,-0.0069764154,-0.006560292,0.06022334,-0.06429671,-0.008103513,0.962433,-0.016671441,0.31541398,0.79942346,0.2048249,0.16725963,0.8202025,-0.016262313,-0.004290135,0.54997385,0.21955827,0.02382784,0.4226875,-0.019165969,-0.028436095,-0.1950482,-0.06250132,0.7280463,-0.006041028,0.9591846,-0.19935739,-0.08669347,-0.06738768,0.7310265,-0.09471467,0.23261127,-0.04641502,0.06475903,-0.4189797,-0.06827204,-0.013076722,-0.04709995,-0.0024468193,-0.015383962,-0.105456166,0.02883239,0.7395488,-0.018882763,-0.07340288,0.020279817,0.6323728,0.21831979,0.07981856,-0.10151508,-0.2029366,-0.040508386,0.015116641,-0.024667416,-0.0047042104,-0.21103695,0.049733836
TCGA-DH-5140,-0.012097353,-0.025115505,-0.06510613,-0.018074358,-0.05956891,0.3872554,0.50421953,0.30735743,-0.013200446,0.010919804,-0.017424671,-0.05719195,0.078611635,0.7416866,-0.02228499,0.15163988,0.3516874,0.14207268,0.051757805,0.68092364,0.11269568,0.2281701,0.28309634,-0.0012330925,-0.0025811708,0.19883993,-0.0049830494,-0.019602941,-0.12624542,-0.031680014,0.53085756,0.07414103,0.51470333,-0.1367091,-0.07022177,-0.038595468,0.65415657,-0.05700062,0.11655893,-0.042378522,-0.016710097,-0.28470248,-0.03356094,0.026432693,-0.033047717,-0.012828298,-0.020505687,-0.0842227,0.04615239,0.44619736,0.015799925,-0.06303295,0.0675915,0.35906518,-0.0032044724,0.031854026,-0.06049441,-0.110325076,-0.041483294,-0.0050975704,0.20800647,-0.031447668,-0.10469444,0.029708263
TCGA-DH-5141,0.56195956,-0.13016854,-0.32263938,-0.09707558,-0.57991225,0.8316603,2.4413235,2.156292,-0.019471502,0.5066939,0.48366582,-0.18928142,-0.07808002,2.6841955,-0.12809417,1.1362154,2.560529,1.8640732,0.6437807,2.779448,0.5991072,-0.037981775,1.9980395,0.39060396,-0.03137983,1.2518069,-0.033952143,-0.14404754,-0.5690988,-0.11787287,2.6048827,0.45323926,2.9261167,-0.67994136,-0.33891925,-0.26172706,2.2548463,-0.20338404,1.5460961,-0.17509279,0.18829894,-1.3304687,-0.23151588,-0.05470671,-0.11339932,-0.01184362,-0.035803206,-0.34873053,0.0682881,2.6507752,-0.048496313,-0.29478505,-0.04380261,2.1755626,-0.0054114996,0.9437604,-0.30631918,-0.59133077,-0.17136751,-0.031843003,-0.023892162,-0.06351847,-0.65506345,1.0273087
TCGA-DH-5142,0.30896124,-0.12038294,-0.28498337,-0.07410882,-0.487787,0.71399546,2.2188025,1.6817547,-0.029459035,0.5242004,0.17154744,-0.16131017,-0.0445827,2.338307,-0.10947609,1.1192303,2.169002,1.4645447,0.692493,2.4196594,0.4435285,-0.030890549,1.7479453,0.06335579,-0.02017421,0.9175541,-0.03004599,-0.14574935,-0.46135846,-0.091776915,2.1972294,0.32419762,2.3671186,-0.57478976,-0.30376044,-0.21078046,2.046533,-0.15489566,1.249568,-0.1791659,-0.011034898,-1.1212124,-0.20415814,-0.03510085,-0.122213185,-0.034580577,-0.035386037,-0.31236306,0.23878606,2.465408,-0.033980817,-0.2554726,-0.052215934,1.9520845,-0.015517138,0.73262054,-0.2635441,-0.48409358,-0.15445039,-0.032829467,0.59982395,-0.043745305,-0.55654854,0.659159
TCGA-DH-5143,0.5535219,-0.10726594,-0.30345282,-0.08896073,-0.5486519,0.7677131,2.363932,2.0276277,-0.016974468,0.5432401,0.37087303,-0.17897002,-0.060160965,2.6605976,-0.13370514,1.077733,2.505665,1.6526233,0.70258546,2.6896894,0.53922266,-0.027181849,1.9801788,0.32069442,-0.036191504,1.1870368,-0.025944,-0.13614887,-0.5488633,-0.11605444,2.4433928,0.42114866,2.667294,-0.6396529,-0.32068902,-0.2550801,2.155054,-0.20948783,1.330641,-0.17058207,0.1919542,-1.2601813,-0.22217022,-0.051844962,-0.10628032,-0.012867485,-0.034933645,-0.3370419,0.13941534,2.6632583,-0.05501624,-0.27547297,-0.045870114,2.065524,-0.016712435,0.87156796,-0.29759857,-0.5757216,-0.17042221,-0.020665135,-0.0042339703,-0.06160463,-0.633692,0.937298
TCGA-DH-5144,0.6640524,-0.1379773,-0.35542187,-0.10882492,-0.6516373,0.9519113,2.7588203,2.35902,-0.018483913,0.61219233,0.43901214,-0.20672093,-0.08540208,3.0405319,-0.15279447,1.2388377,2.8609183,2.1155868,0.8242245,3.0763698,0.78043675,-0.039124876,2.2304652,0.40179014,-0.045056395,1.384641,-0.031350106,-0.17056859,-0.61692375,-0.12841876,2.913488,0.56045896,3.192311,-0.75001556,-0.3747257,-0.29490206,2.5334196,-0.2228179,1.7321703,-0.19938579,0.15467098,-1.4706944,-0.263286,-0.07006356,-0.11978898,-0.020650564,-0.034630805,-0.3912731,0.08867921,3.083235,-0.0463189,-0.32563376,-0.0568511,2.3839965,-0.023329986,1.0810306,-0.34227154,-0.6594952,-0.19146988,-0.033357807,-0.015190375,-0.078390144,-0.7301013,1.1582335
TCGA-DH-A669,0.46094462,-0.11790653,-0.23657413,-0.10383636,-0.46417204,0.7688169,2.2653596,1.6175452,-0.026760025,0.53070134,0.22039747,-0.19676557,-0.055528488,2.0878336,-0.13586546,0.9788746,2.005844,1.3311619,0.41268897,2.37311,0.12273778,-0.046766598,1.7608641,-0.0034460798,-0.040411673,1.1233517,-0.029624153,-0.13419886,-0.460049,-0.11998989,1.9604698,0.15022877,2.4127333,-0.55408883,-0.26630053,-0.19825934,1.9235162,-0.17801668,0.7661182,-0.15962303,-0.0072945296,-1.0911363,-0.18465082,-0.022663584,-0.11203563,0.17717464,-0.016288897,-0.28256795,0.22952457,2.2909377,-0.019171705,-0.24927817,-0.025326405,1.743663,-0.04068735,0.7666775,-0.2503086,-0.49357745,-0.1401947,-0.0036123374,0.54923487,-0.052290466,-0.5384938,0.7281478
TCGA-DH-A66B,0.5119979,-0.13047135,-0.3204091,-0.10403605,-0.57149255,0.85241526,2.5575354,2.068265,-0.025023317,0.51863486,0.37057185,-0.17636387,-0.075096734,2.6996815,-0.13415033,1.1531687,2.5883498,1.7778438,0.72422045,2.6834161,0.44668555,-0.03967293,2.044017,0.36049616,-0.034852732,1.2035161,-0.028850315,-0.15840372,-0.5596944,-0.12032553,2.5895936,0.57302326,2.7769525,-0.66973585,-0.33441022,-0.25167298,2.2511873,-0.20192103,1.3549864,-0.18066894,0.0059604906,-1.3192396,-0.22332183,-0.05154794,-0.10826693,-0.011535685,-0.041369047,-0.35298887,0.044484213,2.7917044,-0.04154245,-0.29107442,-0.04057663,2.1188064,-0.013827401,1.0548276,-0.3046717,-0.5803152,-0.17940558,-0.025942577,0.03931852,-0.05662623,-0.6477616,0.9236549
TCGA-DH-A66D,0.5048941,-0.12201051,-0.31754786,-0.104759,-0.5710881,0.85327107,2.4373906,2.093364,-0.019832654,0.5202188,0.44804913,-0.1893295,-0.07016823,2.7869418,-0.13920188,1.1352364,2.590217,1.7747833,0.63040024,2.7445903,0.53749347,-0.027027786,2.024929,0.3672698,-0.036431685,1.2200552,-0.030840222,-0.15215592,-0.5594169,-0.11954587,2.5988634,0.5551352,2.7744362,-0.66694075,-0.3370257,-0.2630298,2.200857,-0.20135994,1.4319148,-0.18063812,0.1247945,-1.3233563,-0.23027563,-0.06321468,-0.11353586,-0.010481427,-0.031828195,-0.3584474,0.06371249,2.8631504,-0.049948797,-0.29088712,-0.043244574,2.17274,-0.01981666,1.0456359,-0.30991587,-0.59418815,-0.17906281,-0.023442456,-0.011467077,-0.061249312,-0.6494421,1.0532205
TCGA-DH-A66F,0.59951466,-0.12988053,-0.34082234,-0.1015765,-0.6173531,0.92137617,2.6503322,2.2800128,-0.020665154,0.55621135,0.44120672,-0.20031114,-0.088608585,2.8716738,-0.14711173,1.2052248,2.8047502,1.9771742,0.7263984,2.9107707,0.63201004,-0.037523683,2.19131,0.34806556,-0.039424002,1.3033916,-0.027704937,-0.1669597,-0.6006238,-0.12954327,2.747519,0.5300192,3.058028,-0.71688783,-0.36300784,-0.27309182,2.339096,-0.22210112,1.567484,-0.19083929,0.16335538,-1.4089187,-0.24459122,-0.067953184,-0.1247754,-0.018624103,-0.036989342,-0.36738914,0.053921178,2.9083655,-0.04843258,-0.31701213,-0.050658256,2.3358607,-0.010935909,0.99924725,-0.33547813,-0.63476294,-0.18010412,-0.03392223,-0.021930272,-0.07126477,-0.6989709,1.1090947
TCGA-DH-A66G,0.47852898,-0.111694954,-0.29943722,-0.09683388,-0.52659535,0.8436363,2.3103435,1.936757,-0.025787745,0.53223664,0.3891924,-0.16681454,-0.06455688,2.6195586,-0.13362525,1.1064925,2.3726444,1.63885,0.66487473,2.5777373,0.4866996,-0.027954787,1.8218975,0.27506527,-0.029679453,1.2204884,-0.031980757,-0.14075202,-0.537208,-0.109906845,2.439871,0.4712651,2.584965,-0.6321301,-0.30846596,-0.24862838,2.0853255,-0.19602428,1.2953681,-0.17060278,0.035155732,-1.2389712,-0.20278811,-0.06461448,-0.113225855,-0.01836562,-0.044016447,-0.33420682,0.08542146,2.6460822,-0.033473875,-0.26145735,-0.038299102,2.0794115,-0.0037783813,0.90307236,-0.28479832,-0.56004876,-0.17205012,-0.013444538,0.1192749,-0.054181397,-0.61103874,0.94361246
TCGA-DH-A7UR,0.5365183,-0.12595862,-0.29384002,-0.09452309,-0.51843524,0.7791267,2.2241669,1.8414255,-0.021215823,0.43692502,0.41284454,-0.17891942,-0.06820509,2.423649,-0.11900053,1.0569081,2.3281615,1.530687,0.53866845,2.473946,0.46411505,-0.03684878,1.7656549,0.37794113,-0.03395062,1.0910614,-0.02882274,-0.13440785,-0.52073306,-0.10810496,2.2298243,0.34299642,2.4676626,-0.6030867,-0.30270877,-0.23149014,2.077575,-0.18916875,1.3045471,-0.17165127,0.035052683,-1.2076786,-0.19730893,-0.06792004,-0.10451746,-0.015481084,-0.014344044,-0.3104414,0.14791171,2.4449034,-0.048225686,-0.26371947,-0.04336719,2.0037694,-0.0023055475,0.8884496,-0.27766714,-0.5310954,-0.15961994,-0.016570125,-0.016990155,-0.046760242,-0.60406727,0.89229095
TCGA-DH-A7US,0.51582336,-0.13008372,-0.29822594,-0.084774084,-0.53219086,0.7771352,2.3097553,1.9247519,-0.029720489,0.59262735,0.39056036,-0.17521504,-0.07262991,2.4402697,-0.12379557,1.0952909,2.3607004,1.6815435,0.56435513,2.549115,0.47720984,-0.0369909,1.8841923,0.37861717,-0.033555124,1.1389285,-0.02030525,-0.13699092,-0.52437735,-0.1113429,2.3653727,0.47609353,2.6049354,-0.62263876,-0.31671306,-0.23237692,2.0664082,-0.1986287,1.3261335,-0.1634689,0.088061064,-1.2233222,-0.21573387,-0.05641971,-0.11203233,-0.007583765,-0.033129424,-0.32466513,0.18446322,2.5369716,-0.032569062,-0.27428743,-0.03350905,2.1423242,-0.009737529,0.7999001,-0.27933672,-0.55309236,-0.15702266,-0.025127752,-0.010765135,-0.064186245,-0.60577816,1.0423452
TCGA-DH-A7UT,0.26484227,-0.10470396,-0.25978425,-0.09487834,-0.43178803,0.63899535,1.9905093,1.7875229,-0.026355732,0.49375305,0.24764809,-0.17376852,-0.03874671,2.30297,-0.1037012,1.0200322,2.0610445,1.2665018,0.5032636,2.2437394,0.60311645,-0.028492589,1.6013416,0.12874515,-0.026109502,1.1052955,-0.036411863,-0.12175029,-0.45501596,-0.109101415,2.235374,0.38758367,2.209137,-0.5646546,-0.27358052,-0.17764989,1.8361892,-0.17860259,0.99175566,-0.15985145,-0.0007877309,-1.0573404,-0.19117814,-0.03795993,-0.10123201,-0.014683597,-0.04340443,-0.29955474,0.06939621,2.327541,-0.021762755,-0.23440543,-0.027735148,1.880091,-0.0036292751,0.61126256,-0.22952203,-0.4899343,-0.14320189,-0.0253086,0.31854147,-0.060673106,-0.54343003,0.85422003
TCGA-DH-A7UU,0.49181432,-0.10543498,-0.2946153,-0.09491126,-0.50439316,0.9403353,2.4299116,1.8884572,-0.037721332,0.44889787,0.22508532,-0.1656829,-0.055226393,2.2440388,-0.12666695,0.88697934,2.0737846,1.4100996,0.63114685,2.3299937,0.6880546,-0.031223143,1.8874955,0.041807942,-0.028417114,0.7863443,-0.027860163,-0.14351551,-0.5081486,-0.08539864,2.2219744,0.39937386,2.4651191,-0.58256996,-0.29293314,-0.22765553,2.1225858,-0.17372,1.2711068,-0.16775568,-0.0015363109,-1.153462,-0.18251713,-0.036349386,-0.09337937,-0.0259227,-0.021732744,-0.30109113,0.28968853,2.5757406,-0.04675604,-0.26894355,-0.04034509,1.7382002,-0.017136954,0.7200282,-0.2723915,-0.5149595,-0.14583485,-0.022145232,0.6494835,-0.042901732,-0.58110815,0.79521894
TCGA-DH-A7UV,0.55724937,-0.11906499,-0.32696757,-0.106663704,-0.584241,0.9427474,2.6189656,2.1424115,-0.020871272,0.59025705,0.3642934,-0.19030403,-0.0880241,2.6637719,-0.13920364,1.2018459,2.6534312,1.9022847,0.74166524,2.7650175,0.6426945,-0.040459298,2.1262035,0.31816214,-0.038202766,1.1726525,-0.033243988,-0.16312025,-0.5665241,-0.11471726,2.6686826,0.55761117,2.8880305,-0.6770084,-0.33676305,-0.25932416,2.2264163,-0.20929225,1.5547258,-0.17790198,0.07743265,-1.3371519,-0.22438698,-0.06484639,-0.118340254,-0.011529092,-0.047605645,-0.35597345,0.113581374,2.7567794,-0.049740683,-0.303835,-0.04686394,2.2118087,-0.013474869,1.0130996,-0.3243344,-0.60457355,-0.17350556,-0.02503845,-0.004959034,-0.055566132,-0.66958505,1.0102295
TCGA-DU-5847,-0.00428944,-0.0501135,-0.053949475,-0.030524334,-0.07921521,0.15620361,0.26688161,0.3527238,-0.022144599,-0.0058285105,0.07662845,-0.066004485,-0.00435874,0.7084692,-0.01880616,0.15725216,0.66611814,0.082309306,-0.013565525,0.71038914,-0.02405053,0.11219489,0.34951612,0.17126425,-0.016590921,0.26747677,-0.009315326,-0.018274127,-0.16046098,-0.04845217,0.40028766,-0.017604949,0.6336845,-0.15601127,-0.06887527,-0.04987289,0.563859,-0.07652429,0.1314701,-0.012880407,0.07185061,-0.33648354,-0.07394608,-0.00786259,-0.03133807,0.050422944,-0.004246139,-0.086604916,0.10785928,0.43713245,-0.015575017,-0.041966613,0.23951994,0.41379213,0.1628062,-0.0018086976,-0.07082715,-0.14611739,-0.03149163,-0.009880642,-0.0239635,-0.0041098236,-0.1706792,-0.00075510883
TCGA-DU-5849,0.39898697,-0.12243545,-0.3019343,-0.08660621,-0.52125186,0.76860994,2.237023,1.882031,-0.019829309,0.49858603,0.3860088,-0.18643203,-0.0730909,2.568686,-0.11592275,1.1135893,2.3626873,1.6682184,0.58418447,2.5913086,0.5504822,-0.03720472,1.9019394,0.38210547,-0.03305613,1.1362275,-0.030211005,-0.13359658,-0.5300732,-0.11595728,2.476654,0.4489516,2.7105303,-0.6261173,-0.31186447,-0.24619246,2.0651267,-0.19137648,1.3079975,-0.16674165,0.13003314,-1.2377819,-0.21311556,-0.05743298,-0.10395978,-0.0076933065,-0.035642814,-0.32226697,0.17527683,2.5099344,-0.0391134,-0.2649594,-0.037916955,2.0938084,-0.010595496,0.83166426,-0.27806225,-0.55736274,-0.1558106,-0.02233929,-0.01939224,-0.06262126,-0.6078243,0.89890337
TCGA-DU-5851,0.28576195,-0.100705884,-0.22588329,-0.08068259,-0.4069178,0.62340325,1.8044015,1.4967424,-0.018026633,0.562669,0.30017033,-0.13503776,-0.05445094,1.9454317,-0.098059714,0.8400531,1.8184721,1.2346045,0.4591916,2.046563,0.3657591,-0.035369467,1.5291591,0.27334902,-0.019935464,0.8760223,-0.017273081,-0.10281338,-0.41962892,-0.087706305,1.8782632,0.32192528,2.1900952,-0.49894387,-0.23947039,-0.17769924,1.7313255,-0.15701944,1.0029687,-0.14443026,0.061951537,-0.9747781,-0.16403666,-0.027985463,-0.08352656,-0.0154515905,-0.035207428,-0.25831243,0.17414643,1.9814146,-0.03199471,-0.22007589,-0.02644974,1.6376112,-0.005264686,0.52752674,-0.2195272,-0.449725,-0.12277428,-0.017136855,0.18781716,-0.046901606,-0.47604585,0.6295612
TCGA-DU-5852,-0.0115339635,-0.03453703,-0.03671202,-0.01541734,-0.023710363,0.081603214,0.10478066,0.032306146,-0.007507843,-0.0143562155,-0.0044823578,-0.04010302,-0.008891369,0.22979873,-0.0066528753,0.0034509022,0.25278994,-0.010786644,-0.0121419905,0.17939737,-0.014502813,-0.005875673,0.060933523,0.023682272,-0.011343512,0.047665697,-0.0065902504,-0.008816103,-0.066485286,-0.026004976,0.094734274,-0.020635566,0.34744835,-0.05887131,-0.016581414,-0.015903926,0.22849981,-0.04455351,-0.002072149,-0.013922924,0.08684309,-0.14742744,-0.026658798,0.07924193,-0.014523669,-0.0016201566,-0.0025427805,-0.0373017,0.034375764,0.0804597,-0.004714463,-0.0008403201,0.1920447,0.14138347,0.2564765,-0.01667411,-0.0209108,-0.06584889,-0.015697334,-0.008771521,-0.0059943167,-0.0002439438,-0.06569182,-0.005704042
TCGA-DU-5853,0.45193994,-0.12088629,-0.3049824,-0.08722836,-0.510259,0.76300806,2.2035315,1.8773689,-0.012261482,0.42983344,0.39959145,-0.1624289,-0.078936465,2.520171,-0.12910464,1.0840672,2.345519,1.6442083,0.52120936,2.43998,0.44799334,-0.015929582,1.8781695,0.29405206,-0.03186551,1.1866707,-0.034912232,-0.14090352,-0.5140297,-0.12239176,2.0937476,0.3940664,2.5918255,-0.6169965,-0.2981237,-0.23083773,1.9978036,-0.18126072,1.3732179,-0.14782074,0.19723138,-1.1786474,-0.22262032,-0.052940886,-0.10301077,0.056939982,-0.023316659,-0.3187983,-0.003203027,2.5144498,-0.039514057,-0.26651484,-0.047165353,2.0131009,-0.01714815,0.84065056,-0.2573987,-0.54508734,-0.15130024,-0.008338777,0.060661364,-0.054471582,-0.60139376,1.0533057
TCGA-DU-5854,-0.0058128494,-0.051206827,-0.079776995,-0.02617606,-0.09031873,0.17901956,0.41038227,0.36324805,-0.015398651,-0.00913406,-0.001357629,-0.0696596,-0.025505072,0.588166,-0.023172824,0.15986155,0.5223963,0.08760852,-0.0010246997,0.6394412,-0.010602991,-0.00845031,0.29331824,0.08138187,-0.0066300533,0.33453143,-0.012912667,-0.03886662,-0.1649404,-0.04631898,0.58977807,-0.010387285,0.8883357,-0.16723996,-0.066548936,-0.04779567,0.60195625,-0.069230445,0.2167903,-0.03612821,0.011432063,-0.33832988,-0.051741887,0.10385294,-0.03586356,0.0053397324,-0.015822025,-0.08766579,0.1555214,0.5022397,-0.013734797,-0.050061714,0.03606294,0.5282053,0.23100556,-0.014461202,-0.061087616,-0.15509836,-0.031170357,-0.017216576,-0.0022771135,-0.004406608,-0.16543885,0.04806338
TCGA-DU-5855,0.47493035,-0.12753145,-0.30514547,-0.09351771,-0.5388518,0.79472923,2.3444834,2.0075078,-0.022987545,0.4290693,0.35204756,-0.16323128,-0.07245641,2.5743399,-0.13404784,1.0239296,2.432992,1.7146323,0.6845293,2.668274,0.5241963,-0.036146387,1.9144115,0.21143846,-0.03770313,1.2107198,-0.030325646,-0.13625279,-0.53757346,-0.10182307,2.4547272,0.52816385,2.5151186,-0.63938606,-0.3142976,-0.24802056,2.0916529,-0.20092979,1.3980129,-0.17425509,0.04642738,-1.2501541,-0.21425168,-0.057600956,-0.11318263,-0.017787384,-0.031166052,-0.3373147,0.07909866,2.6540916,-0.04477968,-0.2758548,-0.032179035,2.0139687,-0.005262605,0.84224594,-0.29373142,-0.5609162,-0.15695445,-0.01638629,0.09172247,-0.054629534,-0.62001574,0.9034921
TCGA-DU-5870,0.48154134,-0.11695128,-0.28234717,-0.08812746,-0.508964,0.74026376,2.2156003,1.9085153,-0.026901513,0.4451671,0.35756016,-0.18211693,-0.05566153,2.4399712,-0.12003104,0.9958097,2.2209275,1.6234941,0.62298137,2.537717,0.56156147,-0.030442176,1.7966284,0.25618893,-0.028661355,1.0686302,-0.031667087,-0.13281058,-0.5098211,-0.10658071,2.242262,0.33221453,2.557248,-0.5985273,-0.29955718,-0.22217996,2.0290725,-0.20235594,1.2522278,-0.16295221,0.12607779,-1.1931229,-0.20048872,-0.037187308,-0.0996421,-0.00957766,-0.043476053,-0.3144879,-0.00042060466,2.3915842,-0.047594424,-0.26142955,-0.032323506,2.0122159,-0.012248486,0.7772637,-0.278746,-0.5469475,-0.14717652,-0.018347543,-0.012421198,-0.057602294,-0.5993057,0.8350338
TCGA-DU-5871,0.43246764,-0.1128595,-0.2947875,-0.10275757,-0.54114556,0.77603835,2.404884,2.0722487,-0.018093007,0.4725999,0.35720754,-0.1762195,-0.07149943,2.5144305,-0.13806364,1.0366198,2.465977,1.5569882,0.7490976,2.6437774,0.69450927,-0.034884263,1.9150171,0.27688232,-0.028599719,1.0190812,-0.02501577,-0.15776904,-0.53694767,-0.11292147,2.499987,0.49482659,2.6192605,-0.6323378,-0.32377514,-0.24186794,2.2332122,-0.20105588,1.2982088,-0.17394932,0.08796224,-1.2636698,-0.20769463,-0.05301122,-0.10275649,-0.014467852,-0.02717073,-0.3344663,0.111190155,2.7046316,-0.05521766,-0.29099575,-0.039164413,2.0098553,-0.020121349,1.0973961,-0.30505246,-0.557574,-0.15715547,-0.021604506,0.15674388,-0.053131174,-0.61226034,0.94704217
TCGA-DU-5872,0.52246034,-0.11985731,-0.29391608,-0.08609357,-0.5279791,0.7725651,2.3810365,2.0130758,-0.015153286,0.57128817,0.4272878,-0.18663505,-0.0744986,2.5625453,-0.120114066,0.9247307,2.460267,1.6687244,0.75356936,2.6902766,0.4898065,-0.03923234,1.8033754,0.26367,-0.028369252,1.2233042,-0.037016694,-0.1347409,-0.5323661,-0.107120216,2.3704755,0.42860782,2.5351791,-0.63449657,-0.31072095,-0.24013694,2.1006958,-0.19728646,1.2207073,-0.17122617,-0.0009609703,-1.2580668,-0.20872477,-0.061749566,-0.105691135,0.01888903,-0.026128039,-0.3372944,0.22237854,2.7164428,-0.028074337,-0.27456358,-0.04177627,1.9847257,-0.018365514,0.9381994,-0.28036344,-0.5721824,-0.15639786,-0.0072176345,-0.0014327693,-0.056038927,-0.61626536,0.97952914
TCGA-DU-5874,0.67571175,-0.1489087,-0.3610092,-0.11502357,-0.65688986,0.9634367,2.8197906,2.402715,-0.022844994,0.5256495,0.46469367,-0.21216936,-0.08652795,3.105425,-0.1657474,1.3140705,2.961294,2.0653088,0.74373466,3.1264622,0.7425499,-0.039611645,2.247774,0.41470918,-0.04485842,1.342794,-0.03223657,-0.17512177,-0.6299098,-0.13581859,2.8688145,0.5864066,3.1870086,-0.76265687,-0.3852962,-0.2979896,2.5903578,-0.23229115,1.6811152,-0.20349987,0.17907776,-1.5045314,-0.2677393,-0.07888516,-0.12434613,-0.022334313,-0.029002607,-0.39313266,0.079831496,3.1072228,-0.045985162,-0.33171204,-0.059469867,2.4148054,-0.023492193,1.06394,-0.3542137,-0.67101526,-0.19804701,-0.03612959,-0.019929728,-0.07399135,-0.749639,1.16613
TCGA-DU-6392,-0.019020176,-0.045884747,-0.12044295,-0.022300262,-0.1536424,0.4994424,0.8121699,0.74524504,0.043476712,0.14979029,0.14054114,-0.08863973,-0.024939481,0.925835,-0.04831178,0.4432124,0.82537115,0.5028985,0.19737005,1.2719275,0.1602882,-0.030912785,0.8183024,0.07949817,-0.01796366,0.35584936,0.025232602,-0.022092603,-0.23352014,-0.034129824,0.9468454,0.11424041,1.1047989,-0.27583823,-0.12640868,-0.08641732,0.97729266,-0.0837203,0.38217232,-0.089404516,-0.0129365325,-0.4896253,-0.048108477,0.058127236,-0.062534854,0.14794,-0.020832881,-0.12773935,0.053001776,0.82547295,-0.010518177,-0.10677572,-0.0073262476,0.7937667,0.043726675,0.19588453,-0.09424244,-0.23357542,-0.056432363,-0.009144527,0.21398266,-0.039767038,-0.201961,0.32420614
TCGA-DU-6393,0.6551844,-0.14371018,-0.35910282,-0.118347764,-0.6435908,0.9428719,2.8022277,2.2955832,-0.023462145,0.5773461,0.517024,-0.21565966,-0.095666066,2.984391,-0.15540533,1.21764,2.8400571,1.9909838,0.77282715,2.9857876,0.77254176,-0.05022792,2.204001,0.38875312,-0.04681574,1.246215,-0.025969863,-0.17182179,-0.6038896,-0.13433622,2.6505058,0.59448653,3.0671904,-0.7384917,-0.38068488,-0.29287398,2.5517092,-0.21253657,1.5810637,-0.19882412,0.11308023,-1.4609178,-0.26752767,-0.07075978,-0.12710917,-0.014788466,-0.029381651,-0.3767335,0.049145,2.997709,-0.046229556,-0.32855546,-0.056273628,2.3912084,-0.03213946,1.0443193,-0.3420126,-0.6548514,-0.19105437,-0.038477357,-0.016791632,-0.0788555,-0.7312309,1.2028018
TCGA-DU-6394,0.50834274,-0.141456,-0.32946998,-0.113827884,-0.593739,0.95939124,2.6102724,2.1351066,-0.019090855,0.5861449,0.4166509,-0.20231795,-0.09466891,2.8596342,-0.14861196,1.0845585,2.740926,1.8605256,0.80725163,2.859508,0.53897554,-0.041112404,2.172875,0.32642606,-0.04939304,1.1142491,-0.031577438,-0.1568123,-0.57294625,-0.114489436,2.4520884,0.5843378,2.7957218,-0.6916999,-0.3562642,-0.25647125,2.3644767,-0.20941012,1.3784022,-0.19883314,-0.0005510088,-1.3781585,-0.242545,-0.053365935,-0.1279313,-0.007447121,-0.031577233,-0.3493629,0.2176627,2.9491134,-0.041907683,-0.30997443,-0.04954955,2.2549849,-0.015203013,0.8881242,-0.32628545,-0.61145157,-0.18432263,-0.029088471,-0.00041672328,-0.066915445,-0.6691485,1.0711535
TCGA-DU-6395,0.5461709,-0.13149625,-0.32864663,-0.10438287,-0.5961125,0.9063696,2.6479752,2.1691964,-0.023077209,0.56498075,0.36871696,-0.19729789,-0.07920761,2.8461351,-0.13979478,1.22591,2.6359897,1.8429368,0.80395174,2.791792,0.6528268,-0.04701786,2.1746194,0.35447612,-0.037520524,1.2934533,-0.035306726,-0.163173,-0.57519025,-0.110550895,2.6531227,0.66471046,2.9152281,-0.6984128,-0.35533187,-0.2697975,2.239481,-0.21160851,1.6297182,-0.18198466,0.035830785,-1.3663529,-0.23505028,-0.0720747,-0.11357272,-0.021543918,-0.038949843,-0.34861743,0.1408359,2.8280804,-0.053062297,-0.30080172,-0.042349137,2.2498097,-0.016414916,1.0510411,-0.31477898,-0.61729115,-0.17079413,-0.03287692,-0.0054791323,-0.07378818,-0.6773032,0.9990169
TCGA-DU-6396,-0.0023238142,-0.0912363,-0.24588612,-0.082386374,-0.41427517,0.6287872,1.86223,1.6956509,-0.024321241,0.4882424,0.4229393,-0.14130287,-0.02838693,2.0990517,-0.0893943,0.7708897,1.7483625,1.3204976,0.46741694,2.0199177,0.47814772,-0.032658603,1.4750352,0.034000874,-0.03924468,0.8768985,-0.031898983,-0.096303016,-0.44137296,-0.07833236,1.9530975,0.19063635,2.1170385,-0.51852375,-0.24484134,-0.1693443,1.782247,-0.17811914,1.0181153,-0.13937381,-0.01061214,-0.9892456,-0.15172191,-0.013153006,-0.09680437,-0.011677144,-0.040381473,-0.29307505,0.20626242,2.0478222,-0.02542164,-0.22687557,-0.030616557,1.593189,-0.0006711815,0.6099615,-0.22340953,-0.4323027,-0.11877041,0.05554708,0.6691633,-0.033033993,-0.4882961,0.50930846
TCGA-DU-6397,0.47882253,-0.1288511,-0.31545052,-0.08963875,-0.56005687,0.7885916,2.4364903,2.093965,-0.018672556,0.5975223,0.40033194,-0.19272608,-0.07602397,2.6418736,-0.130643,1.0725844,2.4949038,1.7476889,0.71569145,2.7331266,0.5244327,-0.0441386,1.9759545,0.36062998,-0.041589808,1.2002517,-0.031456217,-0.14480993,-0.55346763,-0.11767065,2.5067558,0.47790506,2.7526114,-0.6570605,-0.32385835,-0.25613528,2.2316163,-0.1995353,1.3894795,-0.17728424,0.13078277,-1.2978697,-0.2345271,-0.056033727,-0.11435305,-0.012836193,-0.03481291,-0.34674674,0.19013126,2.6586373,-0.040215835,-0.28171954,-0.039709624,2.135308,-0.0038050811,0.8664864,-0.29469043,-0.5843868,-0.15978043,-0.020405201,-0.019826295,-0.063415736,-0.63342994,0.8981436
TCGA-DU-6399,0.40444094,-0.11997744,-0.3101497,-0.102571405,-0.53297555,0.8637338,2.4352622,2.0170226,-0.02777986,0.5648547,0.3462981,-0.16558181,-0.06988405,2.4634123,-0.14131217,1.0371192,2.2802317,1.6008378,0.61172384,2.6235096,0.5846634,-0.034801085,1.9209328,0.3049081,-0.033270236,1.0677891,-0.02473847,-0.13545667,-0.52260476,-0.10808897,2.3745089,0.41843826,2.536518,-0.61975884,-0.31241918,-0.23159371,2.1109014,-0.18394777,1.3507918,-0.1664161,0.07950528,-1.2215928,-0.19497818,-0.06332359,-0.10000291,-0.013242667,-0.033738833,-0.32493305,0.21641101,2.6231494,-0.048138186,-0.28119978,-0.04024855,2.0165546,-0.0067681805,0.9280122,-0.27976555,-0.5378436,-0.16926871,-0.019466842,0.21440174,-0.05501339,-0.60332716,0.8206675
TCGA-DU-6400,0.5461547,-0.13651697,-0.34528118,-0.109974384,-0.62434745,0.8855779,2.7267883,2.270184,-0.02378943,0.53562707,0.4778558,-0.21285312,-0.08849816,2.9263558,-0.15576139,1.1005201,2.8473203,1.9537914,0.7955469,2.9906118,0.73085016,-0.046142172,2.1773028,0.3846764,-0.049168143,1.2813208,-0.033972196,-0.16280973,-0.60639286,-0.1258877,2.728454,0.56238365,3.0323532,-0.73285514,-0.36472836,-0.28111753,2.462588,-0.21530257,1.6081047,-0.19264096,0.115493774,-1.4446478,-0.2597091,-0.06152105,-0.12429645,-0.01887552,-0.032164928,-0.37482572,0.11031945,2.9973557,-0.052468747,-0.32369646,-0.046193242,2.3094747,-0.025464391,1.0714889,-0.3431972,-0.6456613,-0.1846983,-0.022628056,-0.01515125,-0.074513674,-0.70867765,1.1463639
TCGA-DU-6401,0.64583576,-0.12099387,-0.33186254,-0.095434,-0.56813556,1.0226347,2.4648473,2.0752656,-0.022915652,0.499046,0.4351295,-0.1830148,-0.08198147,2.5509868,-0.13640402,1.2237964,2.5784137,1.9284922,0.72319114,2.8048196,0.5853526,-0.04804601,2.0263712,0.2771973,-0.039680775,1.2057234,-0.037598822,-0.16463092,-0.55617714,-0.115946986,2.6610894,0.54072297,2.9330034,-0.6747642,-0.32717183,-0.25624853,2.2330918,-0.2025818,1.5002955,-0.179488,0.118640825,-1.3227543,-0.22476366,-0.06411891,-0.09083058,-0.009113113,-0.003944637,-0.35250247,0.09717448,2.8392198,-0.034004226,-0.3008094,-0.052529275,2.0131145,-0.013609156,1.1430593,-0.29728526,-0.5864854,-0.16278492,-0.031224882,0.0310038,-0.06368559,-0.6603205,1.1324037
TCGA-DU-6402,-0.0024412684,-0.054322798,-0.056653894,-0.023222217,-0.05331662,0.06348552,0.18637946,0.18720014,-0.015037099,-0.010056695,0.058791243,-0.049573172,-0.004250364,0.48449865,-0.013238529,0.08602561,0.48883146,0.036199793,-0.014060325,0.48458064,-0.016237527,-0.005249176,0.29606944,0.044105545,-0.008552975,0.16727185,-0.008552722,-0.027850894,-0.10108566,-0.03812684,0.23489071,-0.012014837,0.45827153,-0.11321266,-0.040331032,-0.046448614,0.4094592,-0.06685906,0.029756052,-0.0247535,0.14175072,-0.23984778,-0.032678496,-0.013446678,-0.02781109,-0.0007221969,-0.009093463,-0.06264537,0.016906045,0.3664952,-0.022958519,-0.026615432,0.24091859,0.29632008,0.19011061,0.01126649,-0.04651991,-0.11550478,-0.02834094,-0.0016710827,-0.0033139046,0.04017562,-0.100482635,-0.009153514
TCGA-DU-6403,-0.010271198,-0.03698186,-0.037760045,-0.018480342,-0.03918589,0.15137012,0.15415154,0.10632698,-0.012891183,-0.0015109001,-0.0041206107,-0.04032972,-0.0102600865,0.22786275,-0.012923528,0.08755444,0.3036553,-0.010081438,-0.016629515,0.27050757,-0.005800573,-0.01546974,0.10376812,-0.003505271,-0.01266371,0.17644311,-0.0074656517,-0.018476589,-0.08340734,-0.03144097,0.24654292,-0.012061691,0.4254865,-0.08704575,-0.027969895,-0.012431277,0.2688508,-0.04229788,0.03462743,-0.009643411,0.030304465,-0.18081324,-0.032699298,0.05866706,-0.023948258,-0.005212384,-0.011191561,-0.045219753,0.08622624,0.15198225,-0.0035747816,-0.018301573,0.19331583,0.22339068,0.2370791,-0.007878587,-0.025597794,-0.07660528,-0.023603572,-0.011336055,0.010080183,0.014256719,-0.08280328,-0.00897721
TCGA-DU-6404,0.008417834,-0.045076303,-0.07973366,-0.028677994,-0.15100324,0.17445673,0.35494947,0.6426598,-0.018879145,-0.011436046,-0.0025792264,-0.060770184,-0.009105494,0.7535316,-0.01594659,0.29387695,0.87242436,0.30924916,0.15644132,0.66106194,-0.011582548,0.13062926,0.42826095,-0.0048697614,-0.00034371912,0.39161044,-0.014527134,-0.030911347,-0.18328343,-0.06303294,0.80212635,-0.0064357705,0.80633324,-0.18803883,-0.10451428,-0.07337789,0.77502686,-0.09402129,0.11868885,-0.017617857,-0.0034967833,-0.3986045,-0.071203224,-0.015178445,-0.036539417,-0.018149495,-0.023117563,-0.092296414,0.14868842,0.6662271,-0.033465564,-0.05898282,0.057271313,0.5901573,-0.0022732087,0.15326223,-0.075543575,-0.17542566,-0.04844455,-0.007547193,-0.015740532,-0.02243307,-0.19448483,0.24604967
TCGA-DU-6405,-0.0071006017,-0.03998959,-0.06622535,-0.02350617,-0.08706304,0.1754605,0.1199819,0.33271235,-0.015080549,-0.008808475,-0.01583828,-0.050977487,0.061247416,0.74187714,-0.038445573,0.14809135,0.64504826,0.124427184,0.031948313,0.30864972,-0.010710462,-0.019637743,0.09676216,0.006071968,0.031715088,0.16288322,-0.033655,-0.039606605,-0.13373996,-0.04216255,0.45191133,-0.011011275,0.77285045,-0.14580412,-0.014734767,-0.036644116,0.33297998,-0.063757725,0.07977678,-0.024664544,0.13934071,-0.28376457,-0.043253012,-0.010173286,-0.05454232,0.0016148593,-0.02011974,-0.03831294,0.033361077,0.35940912,-0.006641622,-0.04464955,0.04220677,0.39369476,0.28304234,-0.0026476725,-0.051632114,-0.123086624,-0.030516198,-0.036563735,-0.0006316036,-0.019078132,-0.1432356,0.103211924
TCGA-DU-6406,-0.0197815,-0.02567991,-0.01631461,-0.022559946,-0.011789843,0.0843422,0.035770655,-0.0025916013,-0.0059957085,0.0093431715,-0.009429838,-0.026581347,-0.0047463635,0.17665191,-0.013347854,0.033446968,0.23895381,-0.017836468,-0.018015241,0.103059225,-0.023151468,-0.0110341795,-0.0050151157,-0.000406578,0.019981805,0.15278848,-0.014432992,-0.0021621305,-0.05615096,-0.02844335,0.022135345,-0.021881485,0.34989738,-0.047720056,-0.017119141,-0.0049235495,0.20498379,-0.042947587,-0.0016729037,-0.008331118,0.14587055,-0.10922672,-0.012398774,-0.004655491,-0.019364526,0.1058157,-0.01082065,-0.029153481,-0.0008975022,0.08479257,-0.0073171146,-0.005800471,0.15848581,0.121043935,0.21360634,-0.02014465,-0.020570492,-0.0648935,-0.01984389,-0.008934273,-0.0032422338,-0.0011955246,-0.04267518,-0.008039663
TCGA-DU-6407,0.550742,-0.1296181,-0.3312147,-0.102483176,-0.60526526,0.95581704,2.612144,2.1092584,-0.028961534,0.62536496,0.42851818,-0.18326478,-0.080435626,2.7336419,-0.15631323,1.2640871,2.6757257,1.8045245,0.7237904,2.9632473,0.60988533,-0.031870473,2.0854008,0.333979,-0.029562593,1.266293,-0.027704595,-0.15763666,-0.5725755,-0.104263626,2.6879394,0.56152457,2.8600256,-0.68344665,-0.35403717,-0.274283,2.2789073,-0.20366983,1.6165462,-0.18663855,0.1447949,-1.3598665,-0.2211536,-0.069618426,-0.10376202,-0.02227689,-0.034090415,-0.36426684,0.114671186,2.900016,-0.041874286,-0.3098642,-0.04633043,2.2177825,-0.020260157,1.1414914,-0.3361016,-0.6046596,-0.16634302,-0.020409388,0.053111102,-0.053962875,-0.6712276,1.0070236
TCGA-DU-6408,0.29275107,-0.10825681,-0.26750106,-0.09504677,-0.46403804,0.61055475,2.2355,1.8238024,-0.036199164,0.5189006,0.30332527,-0.15132768,-0.029930292,2.1262972,-0.112783134,1.0338567,1.9686846,1.3687574,0.6417358,2.155019,0.49542782,-0.026239175,1.6970227,0.0502282,-0.023317566,1.1682225,-0.029518485,-0.12506644,-0.46130237,-0.07315759,2.208696,0.45749456,2.210329,-0.5585503,-0.2671434,-0.18161473,1.9176859,-0.17781924,1.0998813,-0.16896771,0.0024441816,-1.0860413,-0.1820271,-0.029027237,-0.10167549,-0.013005571,-0.04761829,-0.3073759,0.13558362,2.3567903,-0.035606846,-0.2488979,-0.04425564,1.7929027,-0.011011212,0.56180274,-0.25260204,-0.49717218,-0.1373925,-0.015002899,0.705113,-0.052117404,-0.5379127,0.5541285
TCGA-DU-6410,0.7088519,-0.13137528,-0.33515745,-0.10056581,-0.6255972,0.8823308,2.7537868,2.27251,-0.026213983,0.6684136,0.46442568,-0.2194097,-0.09219956,2.8626807,-0.15207855,1.351966,2.7060235,1.929984,0.80293137,2.9089274,0.7504575,-0.04340755,2.1547542,0.27513272,-0.052871216,1.3437811,-0.028406067,-0.1632098,-0.58275634,-0.119136296,2.7584486,0.6046991,3.013997,-0.7313958,-0.35939392,-0.28632674,2.3819823,-0.2158747,1.5752873,-0.1705136,0.11162129,-1.3994344,-0.23957,-0.06717486,-0.112125695,-0.012290166,-0.025556488,-0.371641,0.019997135,2.9611905,-0.027764518,-0.3201874,-0.06788255,2.2981,-0.03287474,1.2201538,-0.3423792,-0.6359168,-0.17791282,-0.03513184,-0.002198044,-0.0865426,-0.6990411,1.1610135
TCGA-DU-7006,-0.010079277,-0.06251505,-0.07178686,-0.017529702,-0.08139686,0.20832509,0.35922748,0.30068925,-0.024613583,-0.015764346,0.054284222,-0.05538727,-0.01191369,0.61992526,-0.018361699,0.06923628,0.473042,0.093731895,-0.009575787,0.5747354,-0.010409822,-0.01122038,0.3052504,-0.0061704502,-0.012510148,0.2527257,-0.015078761,-0.031926226,-0.13906781,-0.033767354,0.37318686,-0.005673311,0.7103518,-0.14507866,-0.055469044,-0.055245828,0.568051,-0.08254006,0.117673494,-0.034986068,0.031336825,-0.30191052,-0.040828977,-0.013983584,-0.03473715,-0.0062161237,-0.00658845,-0.06881695,0.050615698,0.49751517,-0.021475038,-0.048739985,0.24444717,0.33609438,0.23836009,0.08411259,-0.05669264,-0.13468365,-0.016747536,-0.010423496,-0.009892252,0.06546883,-0.1363736,-0.0053146067
TCGA-DU-7007,0.28253344,-0.10323697,-0.27606824,-0.09367606,-0.4660836,0.7549334,2.13075,1.8488642,-0.03368044,0.51586705,0.23152477,-0.14681023,-0.043725554,2.3779528,-0.12265002,0.9610494,2.2042363,1.5681194,0.53613913,2.2809677,0.48431107,-0.011935188,1.7757156,0.1960121,-0.03762041,1.0477655,-0.031885426,-0.13301945,-0.50499195,-0.08868079,2.2601686,0.30871776,2.3044798,-0.57766116,-0.29250124,-0.20597878,2.0148137,-0.18137862,1.0507002,-0.15330534,-0.0089936005,-1.1280011,-0.18722253,-0.035044134,-0.09747579,-0.017902916,-0.039726105,-0.30445263,0.33068484,2.4247584,-0.021457365,-0.2444603,-0.044329762,1.7910693,-0.0072300048,0.6320705,-0.26305994,-0.4958553,-0.14986601,-0.013072184,0.4903202,-0.044014014,-0.55726856,0.654769
TCGA-DU-7008,0.53850996,-0.13603202,-0.3362236,-0.11548767,-0.6376393,0.85066825,2.8506505,2.3736866,-0.023399685,0.6227183,0.360237,-0.21013339,-0.08880896,2.9065387,-0.16028035,1.2970145,2.879101,1.8698701,0.8083404,2.9695284,0.7344012,-0.03973681,2.1370661,0.3429491,-0.03553683,1.3221097,-0.042458117,-0.17468807,-0.61579436,-0.113177575,2.8337488,0.71359247,3.0860603,-0.7215707,-0.36201158,-0.28022867,2.4705348,-0.20877467,1.6495622,-0.19207714,0.051243883,-1.422118,-0.25219908,-0.073251046,-0.10798239,-0.010053287,-0.035868008,-0.37903133,0.064501956,3.027006,-0.041954204,-0.3300692,-0.050645143,2.4400802,-0.022880951,1.1253831,-0.32868242,-0.62213004,-0.19185597,-0.030970076,-0.0068349275,-0.07646716,-0.6929254,1.18103
TCGA-DU-7009,0.55344373,-0.12905137,-0.3276056,-0.10535908,-0.59537697,0.8566029,2.5323536,2.1811037,-0.02061682,0.627569,0.51891583,-0.19304036,-0.082693055,2.6655786,-0.1427703,1.2537533,2.6620543,1.9046184,0.7071519,2.9041553,0.58123124,-0.039561886,2.0283341,0.42718303,-0.042273544,1.1811272,-0.032109782,-0.15250888,-0.5794551,-0.116708934,2.7054114,0.5694632,2.927761,-0.6856574,-0.3452027,-0.2773499,2.2768247,-0.20469406,1.5300329,-0.18215375,0.12949064,-1.3565592,-0.2339549,-0.0657555,-0.112265304,-0.019012658,-0.035813,-0.3540411,0.10353269,2.8485649,-0.04603719,-0.29412267,-0.044555943,2.2712786,-0.014878007,1.0609913,-0.31452715,-0.6190495,-0.17603976,-0.028430674,-0.002523249,-0.066961706,-0.66692466,1.117
TCGA-DU-7010,-0.004257025,-0.04572788,-0.14062998,-0.06201929,-0.22740686,0.568618,1.6100254,0.93382484,-0.029246235,0.45642403,0.15871537,-0.083249316,-0.039582014,1.317447,-0.051138856,0.24149925,0.8194597,0.37948236,-0.010786985,1.15188,0.16293353,-0.011321943,1.0249913,-0.0053645917,-0.029276505,0.48303518,-0.033880107,-0.057337016,-0.29504353,-0.052808262,1.2009056,0.12882708,1.2599666,-0.32743046,-0.14867386,-0.09621539,1.191117,-0.113429144,0.645587,-0.10194023,-0.014284389,-0.6194779,-0.07766818,0.1376333,-0.03880917,-0.02038791,-0.06192931,-0.17711918,0.27576518,1.3597907,-0.01062842,-0.13693318,-0.020915044,0.7933222,-0.019753203,0.17811525,-0.12679906,-0.241358,-0.09195357,-0.008603221,0.95642155,-0.030264085,-0.27034196,0.3041236
TCGA-DU-7012,-0.0022217405,-0.06435977,-0.07524072,-0.015173972,-0.087919876,0.2759351,0.38473833,0.3213039,-0.00437671,-0.008413232,0.018458776,-0.06077568,-0.023096774,0.63967824,-0.025018204,0.2222232,0.56433564,0.18533425,-0.0037895762,0.6752348,-0.016396916,-0.0151303215,0.3688235,0.107338145,-0.011437152,0.20824955,-0.015539092,-0.018543324,-0.14932214,-0.046431445,0.29867575,-0.0137754055,0.65831757,-0.15810601,-0.06598172,-0.06621491,0.5607039,-0.08361911,0.13004403,-0.027010268,0.09511325,-0.3243272,-0.046449926,-0.020004483,-0.030218124,0.03699226,-0.0073765786,-0.07877143,0.10099754,0.49115276,-0.022210222,-0.04926787,0.2528322,0.3962433,0.15856326,-0.0027834468,-0.06439196,-0.14194702,-0.038175505,-0.0032451078,-0.0039838543,0.13492878,-0.14977972,0.06945853
TCGA-DU-7013,-0.006422919,-0.036574055,-0.04736963,-0.035351217,-0.06499128,0.2094134,0.19219497,0.10407294,-0.02098144,-0.00065740215,0.015171237,-0.038382925,-0.0083381785,0.36903378,-0.030066377,0.20242131,0.32832935,-0.010518,-0.020011479,0.40690824,-0.012796752,-0.018631158,0.048417673,-0.0121511035,-0.003012099,0.08159977,-0.014778808,-0.022948477,-0.09236942,-0.038459565,0.1608785,-0.020849574,0.46300656,-0.10447446,-0.03708044,-0.026634818,0.39274153,-0.05999405,0.06702094,-0.014590469,0.10428581,-0.2181199,-0.026399786,-0.010645896,-0.027393183,-0.0024869973,-0.017738203,-0.05052767,0.13493498,0.3024145,-0.0097272415,-0.029886782,0.18086094,0.27289775,0.24815749,-0.015621212,-0.031610467,-0.08631904,-0.03486585,-0.012659541,0.102706686,-0.0053856224,-0.089042805,-0.0037756928
TCGA-DU-7014,0.5783935,-0.10849988,-0.30961573,-0.10234964,-0.5605974,0.7759265,2.49348,2.0181434,-0.02211515,0.68476695,0.3264704,-0.18005039,-0.076780625,2.5594642,-0.13930131,1.0842205,2.5024526,1.6857913,0.7414119,2.609759,0.58992666,-0.0346937,2.112204,0.28574282,-0.028629018,1.0921749,-0.03144983,-0.1495056,-0.5412094,-0.112961605,2.5576386,0.44769496,2.7267487,-0.6500699,-0.32519105,-0.24761267,2.2319865,-0.18219806,1.446179,-0.17591825,0.07506071,-1.2750998,-0.1985177,-0.045948517,-0.10156155,-0.022339499,-0.02968712,-0.3480249,0.20654775,2.7840607,-0.04675244,-0.2876427,-0.03602713,2.0451756,-0.02342481,1.0536405,-0.30323863,-0.5767452,-0.16965348,-0.024979917,0.2278085,-0.061373886,-0.62844425,0.895589
TCGA-DU-7015,0.6297603,-0.13330016,-0.3215941,-0.09394485,-0.5669334,0.8609901,2.4481704,2.098036,-0.015755316,0.58713293,0.46510303,-0.18614346,-0.07539413,2.7713337,-0.13219114,1.144722,2.6535227,1.8046507,0.7097414,2.739609,0.6342242,-0.034997195,2.027314,0.39072403,-0.027316395,1.1192303,-0.030314688,-0.1388418,-0.5536521,-0.1071075,2.6224494,0.43046737,2.7607625,-0.6618954,-0.33360076,-0.27607524,2.3278363,-0.19993801,1.350733,-0.1744463,0.16419822,-1.3059248,-0.21890031,-0.06599396,-0.11723434,-0.009737269,-0.035736047,-0.34528193,0.20504911,2.9026031,-0.047996383,-0.29740638,-0.03430016,2.097169,-0.01756209,1.0449413,-0.31402728,-0.5880649,-0.16771163,-0.018506572,-0.003953641,-0.060387433,-0.651488,0.9826418
TCGA-DU-7018,0.5581596,-0.119722955,-0.32326978,-0.09726069,-0.59489995,0.8750586,2.514562,2.169869,-0.014286454,0.6016514,0.3991235,-0.19566567,-0.08584013,2.8045027,-0.13710801,1.1873717,2.6836195,1.8374375,0.72867113,2.8358955,0.61802316,-0.03721526,2.0721664,0.4222803,-0.04517434,1.2207907,-0.024424573,-0.14484784,-0.57866967,-0.11751679,2.6443248,0.48715848,2.8518238,-0.68915457,-0.34772483,-0.2661878,2.38958,-0.2092003,1.459298,-0.18392132,0.16153833,-1.3626217,-0.23161855,-0.05881853,-0.11935647,-0.0067638136,-0.027476897,-0.35523254,0.13441528,2.863097,-0.039199058,-0.30059645,-0.048807252,2.272139,-0.03140075,0.96686906,-0.31903934,-0.60815686,-0.17543633,-0.018781586,-0.008896696,-0.06830157,-0.66593194,1.0842429
TCGA-DU-7019,0.46397805,-0.11950489,-0.2880835,-0.090329096,-0.52168554,0.83284265,2.2049947,1.8964182,-0.015495616,0.5844405,0.35817242,-0.16953294,-0.06846925,2.3476465,-0.12061723,1.0314322,2.3345952,1.5886495,0.61425483,2.4692638,0.51126146,-0.03936402,1.821074,0.3106774,-0.03619119,0.97913384,-0.02955385,-0.13116065,-0.5169342,-0.10551101,2.442306,0.39943427,2.4903135,-0.60095245,-0.29919368,-0.23634799,2.0699828,-0.18700306,1.2950463,-0.16971964,0.032091808,-1.1932745,-0.197048,-0.043786403,-0.0967428,-0.022403013,-0.029448474,-0.3225077,0.07408799,2.4617338,-0.05546218,-0.2599743,-0.031749487,1.9475417,-0.008531298,0.89684236,-0.28216708,-0.546664,-0.15280186,-0.010657557,0.06431408,-0.044283744,-0.5872478,0.78839946
TCGA-DU-7290,-0.00817997,-0.05075207,-0.057753064,-0.028287077,-0.06159739,0.059522968,0.20925395,0.2745896,-0.026188347,0.004450066,0.13925505,-0.06074688,-0.009489422,0.58799374,-0.011389296,0.18109217,0.4568244,-0.008950281,-0.010059721,0.5700347,-0.027726015,-0.007937154,0.22602993,0.21084994,-0.02036643,0.06336701,-0.0056173108,-0.0070702806,-0.14132537,-0.046778273,0.3923968,-0.020129291,0.54217696,-0.12010489,-0.035784114,-0.038877264,0.5251137,-0.06417554,0.014120838,-0.021337368,0.17638162,-0.2723461,-0.05010472,-0.0026968394,-0.025076464,0.0815622,-0.0064198016,-0.077890806,0.053353384,0.4051974,-0.010638912,-0.039047215,0.12331813,0.21131365,0.20024222,-0.012198328,-0.04530289,-0.123867385,-0.03224838,-0.022013314,-0.012487577,-0.0076114023,-0.13375865,0.014310944
TCGA-DU-7292,0.02615827,-0.04710462,-0.08177913,-0.033718858,-0.10795354,0.03278938,0.24812694,0.41237488,-0.010676115,-0.009620047,-0.005650765,-0.047339637,-0.014866324,0.5578209,-0.029503806,0.16289471,0.64313513,0.010171263,0.041913263,0.49937305,-0.013534588,-0.01581309,0.37896046,0.09256285,-0.011361183,0.32095546,-0.008220856,-0.01585283,-0.14396507,-0.048878007,0.43661162,-0.0051717553,0.7390314,-0.15709794,-0.06519879,-0.047682703,0.53398913,-0.06572076,0.26112524,-0.030139208,0.12663606,-0.31605503,-0.049957402,0.030898679,-0.03292946,-0.003956766,-0.012872341,-0.08552901,0.108488545,0.5482415,-0.015505875,-0.051288493,0.019604042,0.51750326,0.19639818,-0.01000123,-0.07295365,-0.14122988,-0.034588903,-0.027228916,-0.0016024184,-0.013784711,-0.15791325,-0.0015364182
TCGA-DU-7294,0.6274741,-0.1378403,-0.33523247,-0.09995128,-0.6191489,0.85650605,2.6581767,2.2036169,-0.02601937,0.5750181,0.43369594,-0.20395814,-0.091012254,2.8625035,-0.14291677,1.176482,2.777898,1.9869009,0.7323793,2.926306,0.67724884,-0.039708313,2.1108227,0.35783094,-0.04152442,1.3000342,-0.032124266,-0.16079067,-0.5995434,-0.1288054,2.7832704,0.53492635,2.9490082,-0.7150708,-0.35187832,-0.27972493,2.3641343,-0.21871968,1.5322343,-0.19046316,0.12758231,-1.4150378,-0.24661265,-0.064866535,-0.1122905,-0.014384418,-0.03505793,-0.37001014,0.10810818,2.9213133,-0.04688462,-0.3163759,-0.042425152,2.385704,-0.014664105,1.048638,-0.3277311,-0.6453368,-0.18005635,-0.026696369,-0.014674391,-0.07453018,-0.6971845,1.1109776
TCGA-DU-7298,0.44887942,-0.10878431,-0.30797577,-0.08650775,-0.5338022,0.78456914,2.1835961,1.9504167,-0.019601194,0.5228319,0.29189807,-0.18121509,-0.07787319,2.6100771,-0.14267115,1.0846407,2.348839,1.6427087,0.6090803,2.66753,0.53314036,-0.04671479,1.9194738,0.3120677,-0.034204245,1.0516423,-0.031014174,-0.14570238,-0.54497117,-0.118820585,2.4456794,0.29923695,2.7031777,-0.6423509,-0.3160267,-0.238757,2.2168868,-0.20218216,1.2514744,-0.17618792,0.12699598,-1.256725,-0.21361093,-0.054995913,-0.10201378,-0.011638806,-0.029516494,-0.3296348,0.1512055,2.568707,-0.049941774,-0.27482295,-0.029305387,2.0777676,-0.0043513295,0.68351966,-0.28231528,-0.5669612,-0.16211523,-0.026374502,-0.0068499683,-0.045992788,-0.6067822,0.827923
TCGA-DU-7299,0.36061376,-0.12199608,-0.29142436,-0.10778117,-0.52472836,0.83882874,2.4941573,1.8451381,-0.030106321,0.61396044,0.29572213,-0.16955271,-0.059072215,2.5009918,-0.1277246,1.0633839,2.403611,1.6302483,0.57474285,2.5242953,0.413871,-0.031341594,1.9318335,0.19770159,-0.02205391,1.0834216,-0.02481863,-0.1523216,-0.52584505,-0.10856227,2.3809047,0.42691904,2.7142642,-0.63331646,-0.31423593,-0.21158198,2.1072462,-0.1884195,1.1780075,-0.17549187,0.02823874,-1.2076591,-0.21528664,-0.043379672,-0.11349278,-0.023463976,-0.054004338,-0.3156093,0.20890744,2.4447165,-0.010336125,-0.26429597,-0.03748909,2.0062702,-0.012095304,0.8210461,-0.27115,-0.53969455,-0.16862242,-0.020932607,0.39309922,-0.05685342,-0.59160274,0.8308382
TCGA-DU-7300,0.3737756,-0.11994179,-0.27637982,-0.08108653,-0.48332205,0.72642916,2.1114666,1.7852032,-0.019776938,0.48302606,0.38232633,-0.1687365,-0.067149736,2.4171588,-0.113071315,0.9466922,2.27688,1.55889,0.65454906,2.461755,0.41481468,-0.038376536,1.7401518,0.4106927,-0.032825176,1.0333273,-0.03155069,-0.119511776,-0.50675166,-0.111369625,2.3057714,0.32987392,2.545315,-0.59246653,-0.2937313,-0.22202758,2.0060477,-0.18573722,1.1358075,-0.16100387,-0.0028853249,-1.1660417,-0.206615,-0.046377327,-0.11282416,-0.0062491694,-0.036243748,-0.3036883,0.15436734,2.396916,-0.02903516,-0.24527846,-0.02679219,1.9487609,-0.005518615,0.7613004,-0.2624014,-0.5317967,-0.15145907,-0.018812818,-0.016241962,-0.06783661,-0.56388706,0.8602098
TCGA-DU-7301,0.5498157,-0.12824985,-0.324236,-0.11014979,-0.5789542,0.81510824,2.529137,2.1535444,-0.0347439,0.55534476,0.13463432,-0.20073271,-0.086588435,2.6999767,-0.14083807,1.0834236,2.5607662,1.7877938,0.79080516,2.5883868,0.62487113,-0.034613166,2.0367472,0.3343759,-0.043680158,1.1932869,-0.03335702,-0.15012746,-0.56634647,-0.11254348,2.537466,0.33543378,2.8127,-0.68587816,-0.32975048,-0.2618745,2.291926,-0.20772941,1.4117169,-0.18743382,0.00073778257,-1.3366846,-0.22542587,-0.06041052,-0.109526016,-0.017118191,-0.04202632,-0.34533253,0.21347047,2.7960002,-0.04681873,-0.29853258,-0.03426079,2.219265,-0.02104262,1.0237496,-0.30718812,-0.6011026,-0.19045597,-0.015953293,0.16881818,-0.07450987,-0.6620676,0.9413431
TCGA-DU-7302,0.49028313,-0.12888409,-0.3234998,-0.10010507,-0.58733565,0.8389625,2.486419,2.1097906,-0.026150558,0.562602,0.39392805,-0.18180142,-0.08631145,2.7180588,-0.13578163,1.0926181,2.645701,1.7657751,0.6989092,2.7868845,0.6016195,-0.046681058,2.0162227,0.19319138,-0.04957233,1.316271,-0.025470838,-0.15116395,-0.5652695,-0.11887928,2.612641,0.46646634,2.8611963,-0.6766994,-0.3395249,-0.2641505,2.36207,-0.21589594,1.4863448,-0.19368553,0.09329134,-1.3523928,-0.23365359,-0.04673922,-0.11316838,-0.01131718,-0.026173819,-0.3557961,0.119100526,2.778396,-0.045438606,-0.307116,-0.037182838,2.2934408,-0.014595546,0.98670965,-0.31339103,-0.6006273,-0.17358364,-0.020528462,0.02786697,-0.05864176,-0.6553911,1.0344993
TCGA-DU-7304,0.5123243,-0.12149755,-0.30642253,-0.109502494,-0.5434888,0.9355641,2.3648655,2.040893,-0.02176973,0.42802033,0.30528915,-0.18262269,-0.0771966,2.5999835,-0.13778324,1.0581405,2.548259,1.7178787,0.73189783,2.6144462,0.57748914,-0.03779257,2.0070963,0.30558953,-0.03579286,1.1976148,-0.034966316,-0.15440306,-0.5491365,-0.11900474,2.4836595,0.4562233,2.7198446,-0.6418623,-0.31366932,-0.2503824,2.2047632,-0.19521323,1.3162084,-0.175395,-0.004980031,-1.2703575,-0.20495906,-0.054465074,-0.105424665,-0.014694177,-0.026806334,-0.33930087,0.14075945,2.6965334,-0.051762056,-0.28365594,-0.030090457,2.038958,-0.0183132,1.0339789,-0.2942546,-0.56069165,-0.16748713,-0.019778566,0.07567184,-0.051109154,-0.6315265,0.91232014
TCGA-DU-7306,0.57035667,-0.12383262,-0.3065653,-0.1037102,-0.5363769,0.8509379,2.4281452,1.8816884,-0.021442825,0.5577783,0.20193547,-0.17773458,-0.08200618,2.550471,-0.12713535,1.1047479,2.4091012,1.715956,0.7233064,2.485459,0.5646704,-0.032740798,1.9274418,0.20544106,-0.03312801,1.1656436,-0.041870818,-0.14662085,-0.5271845,-0.11286618,2.5412178,0.60497993,2.63536,-0.6434197,-0.31400174,-0.23496735,2.107813,-0.18652412,1.390318,-0.16817246,0.041505184,-1.2669737,-0.20394698,-0.062726185,-0.10726223,-0.00429276,-0.033345547,-0.33552915,0.16901757,2.6807697,-0.045963045,-0.2905304,-0.031290594,2.191915,-0.01777163,0.9750952,-0.2988468,-0.55903375,-0.17772104,-0.019261442,0.21849117,-0.06443555,-0.6185948,1.0229641
TCGA-DU-7309,0.49093926,-0.13440761,-0.31627825,-0.100209914,-0.5482258,0.82719594,2.330099,1.9880337,-0.018073875,0.49086645,0.40284094,-0.18852046,-0.077028506,2.6757975,-0.12761395,1.113006,2.4855878,1.7236558,0.6921986,2.635172,0.5570908,-0.04346315,1.9821007,0.3705734,-0.03593249,1.169532,-0.037167225,-0.13789281,-0.5405726,-0.1201198,2.4886012,0.4804017,2.636665,-0.6407175,-0.31570372,-0.24875756,2.2027617,-0.20776835,1.4220798,-0.17036843,0.124624416,-1.2813854,-0.2175679,-0.064858735,-0.10367689,-0.006088916,-0.021705084,-0.3302249,0.18444486,2.6077368,-0.04718333,-0.28024033,-0.035713475,2.0580683,-0.009913835,1.0097141,-0.2935429,-0.5676355,-0.16394626,-0.013494334,-0.021585224,-0.054345902,-0.6294308,0.99075377
TCGA-DU-8158,-0.0057405573,-0.06199665,-0.08498845,-0.020279652,-0.08670967,0.17965652,0.30531028,0.41433275,-0.017624881,-0.009850863,0.17380032,-0.057985075,-0.0145140365,0.6415568,-0.018359737,0.26043928,0.6001394,0.19656236,-0.0132690435,0.5866734,-0.025514046,-0.016891139,0.3150856,0.142327,-0.012032107,0.23905875,-0.02053385,-0.017931687,-0.14419039,-0.042506997,0.3949523,-0.018302083,0.6912321,-0.1674826,-0.062293705,-0.06366499,0.60111606,-0.0886917,0.09578649,-0.03320694,0.045208108,-0.32277018,-0.05029533,-0.0024952,-0.02853815,-0.008267026,-0.004876369,-0.08466645,-0.00047501773,0.5793556,-0.017678356,-0.04230631,0.22588244,0.379285,0.20836866,0.08278539,-0.07106004,-0.15240885,-0.028545845,-0.0017775918,-0.0040696654,-0.0044587594,-0.13599312,0.042365633
TCGA-DU-8161,0.00170004,-0.061279733,-0.07310498,-0.023089273,-0.09121167,0.141972,0.3049323,0.4197601,-0.005963645,-0.0021429854,0.21087068,-0.06573669,-0.015544352,0.7040193,-0.020995626,0.25639737,0.5195885,0.17042318,0.049815528,0.58756393,-0.009770804,-0.020156948,0.24347103,0.12968706,-0.015733665,0.3584725,-0.012095879,-0.02972274,-0.1513443,-0.040575262,0.45824996,-0.005650261,0.73221946,-0.15824184,-0.05772018,-0.06073302,0.5123537,-0.06438694,0.12907623,-0.033487108,0.11070928,-0.3314533,-0.05404044,-0.0062150983,-0.033153947,0.05095253,-0.0056961477,-0.09067929,0.0048769265,0.5379051,-0.021770548,-0.04362784,0.13392541,0.4728794,0.22204557,0.0007167421,-0.0700812,-0.15509723,-0.024928931,0.02133233,-0.014942308,-0.004686779,-0.16391158,0.098921314
TCGA-DU-8162,-0.00061826,-0.07691652,-0.13513385,-0.03554376,-0.17877077,0.1843941,0.69707274,0.6826981,-0.016571175,0.10341748,0.12671787,-0.103065304,-0.018727435,1.1155174,-0.03377494,0.439554,0.8994982,0.40120065,0.16378376,1.1448307,-0.002269466,-0.018266272,0.6980994,0.2552823,-0.015690727,0.4511291,-0.016565105,-0.04722538,-0.25543767,-0.07564483,1.0732441,-0.0031995606,1.2053971,-0.27598983,-0.12686418,-0.0972048,1.0636815,-0.1035456,0.3394615,-0.062196355,0.1240346,-0.56327504,-0.09756599,-0.0040744278,-0.05403955,-0.0017341891,-0.02183819,-0.14456563,0.1442419,0.9038925,-0.017559897,-0.09422037,-0.0062088943,0.8771847,0.25287426,0.06696212,-0.12246056,-0.25905693,-0.06064495,-0.014010161,-0.010031893,-0.025720114,-0.2675191,0.28679383
TCGA-DU-8163,0.4363784,-0.12346321,-0.2902674,-0.089325204,-0.50158685,0.7157971,2.2086868,1.8889526,-0.021087248,0.5045781,0.3190183,-0.17357914,-0.062141724,2.5039513,-0.117437236,1.0007912,2.2636037,1.5443046,0.6180397,2.4521172,0.45127496,-0.027539944,1.8246105,0.23362704,-0.024070278,1.1104854,-0.027583215,-0.12764841,-0.5108603,-0.10439896,2.2386103,0.40159044,2.5294933,-0.60131496,-0.304096,-0.24005063,2.0596979,-0.18922184,1.3280056,-0.16465063,0.11970647,-1.1888198,-0.20556736,-0.060103726,-0.100150645,-0.015337937,-0.038868107,-0.32532462,0.14477266,2.444245,-0.04529897,-0.26564598,-0.03227706,1.9286145,-0.005599436,0.8989322,-0.2754064,-0.53651005,-0.1553147,-0.025150398,0.053304683,-0.04730483,-0.5869014,0.82151103
TCGA-DU-8164,0.61237836,-0.13665617,-0.34793052,-0.100632094,-0.62886614,0.9133014,2.674811,2.3260767,-0.017259752,0.5743222,0.45357186,-0.2042822,-0.084333144,2.9317982,-0.15018076,1.2958338,2.7948906,2.0416787,0.7520017,2.9840598,0.67633873,-0.03881336,2.2214704,0.38783157,-0.04487812,1.2998374,-0.035236735,-0.15950327,-0.5963842,-0.122964025,2.8092575,0.6231614,2.9975505,-0.72844523,-0.36647677,-0.2826365,2.4529421,-0.22547343,1.689951,-0.1960105,0.1587055,-1.4307722,-0.25542855,-0.07534767,-0.120547354,-0.012816953,-0.029644787,-0.37665543,0.15806027,2.9824443,-0.047117643,-0.3212404,-0.05061946,2.3651204,-0.021091973,1.0699244,-0.33520937,-0.6352983,-0.18148845,-0.028923228,-0.01946903,-0.06775346,-0.70756984,1.1117612
TCGA-DU-8165,-0.02010646,-0.04161933,-0.069560714,-0.03548962,-0.086006045,0.27124316,0.053265855,0.26166967,-0.021998461,0.086460754,0.22401014,-0.06132975,-0.020133127,0.79047394,-0.025546545,0.3202818,0.37980828,0.035634197,-0.018038169,0.5823104,-0.019268919,-0.008318184,0.23102647,0.06050483,-0.01733104,0.30429786,-0.012510066,-0.012101913,-0.1395887,-0.061726015,0.34876546,-0.014015809,0.5679571,-0.12731682,-0.0657252,-0.06516834,0.5517313,-0.07763351,0.1710255,-0.017182494,-0.0024375585,-0.2920386,-0.048630934,-0.02285771,-0.008295785,0.01851215,-0.00902734,-0.081480436,0.17991474,0.38263062,-0.020524602,-0.030156955,0.07734445,0.3980111,0.09305206,0.077028595,-0.058586117,-0.13466573,-0.03495491,-0.007958564,-0.020065144,-0.0013248872,-0.140096,0.19252464
TCGA-DU-8166,0.55586505,-0.13108416,-0.32454655,-0.10570345,-0.593645,0.9097618,2.5954754,2.2182024,-0.019529674,0.5259875,0.38937432,-0.18692873,-0.07801419,2.8588233,-0.14010164,1.1528022,2.6666195,1.9167703,0.7788287,2.8736358,0.6222892,-0.040652152,2.0955849,0.3700524,-0.040468607,1.3097268,-0.03266468,-0.1609268,-0.58735687,-0.1140902,2.690751,0.5471491,2.9250216,-0.69885856,-0.35052058,-0.27524906,2.3122702,-0.21104145,1.6208452,-0.18468392,0.14458822,-1.3681884,-0.23481524,-0.0646995,-0.11352899,-0.01959934,-0.034060817,-0.36172488,0.07614221,2.9068427,-0.051208656,-0.30900845,-0.050866734,2.300714,-0.015674915,0.97528034,-0.3206879,-0.6116452,-0.18400986,-0.0317234,-0.010466473,-0.066033065,-0.6812077,1.0189761
TCGA-DU-8167,0.55319506,-0.12795207,-0.31073835,-0.09886553,-0.56009823,0.8542767,2.4092648,1.9998034,-0.020709096,0.5708885,0.38299367,-0.18135498,-0.0797661,2.623631,-0.13147388,1.1204921,2.5722399,1.733185,0.6711408,2.7057452,0.4617509,-0.039456237,1.945965,0.31868792,-0.0291756,1.1924312,-0.029926805,-0.15018441,-0.5507857,-0.12112232,2.4781454,0.5119751,2.7518,-0.66287935,-0.32648858,-0.26075855,2.1937466,-0.20082729,1.3358696,-0.17920385,0.11529167,-1.300156,-0.22225945,-0.059356626,-0.11465972,-0.015794318,-0.04110976,-0.34044275,0.14011176,2.7694502,-0.046172414,-0.28147253,-0.040607084,2.1541307,-0.014989194,1.0164971,-0.30170447,-0.57938504,-0.16878161,-0.025231918,0.025100883,-0.05967943,-0.6529688,1.0327123
TCGA-DU-8168,0.6242352,-0.13591915,-0.35812685,-0.10763122,-0.64806837,0.97739655,2.7887146,2.3341286,-0.015488445,0.6112693,0.4827736,-0.20882896,-0.0929521,3.0145667,-0.1587344,1.2930969,2.8961656,2.0596368,0.8104795,3.1304843,0.7900792,-0.03866258,2.2650223,0.43558213,-0.05279851,1.3446059,-0.02826455,-0.17146568,-0.61895657,-0.12802933,2.8213096,0.56557125,3.1118546,-0.7501673,-0.3758585,-0.29267856,2.4660165,-0.21648799,1.7259209,-0.19758461,0.14884509,-1.4735221,-0.25945684,-0.06989654,-0.124447264,-0.021335702,-0.031073315,-0.38463005,0.06945683,3.1395588,-0.044017773,-0.32658824,-0.057100385,2.4164631,-0.025025118,1.1354674,-0.3483066,-0.6618961,-0.19128467,-0.039939407,-0.019288957,-0.07563367,-0.73030317,1.179991
TCGA-DU-A5TP,0.3782475,-0.12037722,-0.29914704,-0.0883827,-0.5135464,0.7912082,2.3208854,1.8943216,-0.010930999,0.6670382,0.41259038,-0.15229754,-0.057959266,2.3970857,-0.11465498,1.0494986,2.3464158,1.6728381,0.6381386,2.5884585,0.447543,-0.039966296,1.8185542,0.24518137,-0.015625656,1.1462103,-0.02734226,-0.12210351,-0.5114366,-0.10536589,2.2027302,0.43852746,2.5940316,-0.5983708,-0.3104392,-0.23522495,2.082866,-0.18422787,1.256577,-0.16025984,0.026512701,-1.2009329,-0.20057856,-0.052131217,-0.1192256,-0.009303252,-0.04514206,-0.32014018,0.09403677,2.6478994,-0.042810254,-0.26310822,-0.044094928,2.0053933,-0.0045662182,0.86013705,-0.27197072,-0.5470278,-0.1534156,-0.021781173,0.1775665,-0.04068914,-0.5971452,0.8802385
TCGA-DU-A5TR,0.35579115,-0.1104136,-0.27864438,-0.079494014,-0.48207298,0.7433478,2.153392,1.6522995,-0.011080436,0.5757009,0.35128722,-0.16298372,-0.06110501,2.3303766,-0.11158606,1.0324705,2.1188633,1.4891196,0.53927743,2.3043954,0.5136986,-0.030228823,1.754302,0.26511502,-0.016160809,0.8637859,-0.037704043,-0.116299786,-0.48213002,-0.09972647,2.205423,0.49293447,2.3681889,-0.57414997,-0.28768075,-0.22992969,1.9793888,-0.17895514,1.2183671,-0.15779136,0.10149287,-1.1274818,-0.18893047,-0.061675485,-0.1027884,-0.015550523,-0.027274901,-0.30235845,0.2119049,2.3986726,-0.05270188,-0.24450062,-0.033675678,1.8372155,0.048081916,0.77222794,-0.25964454,-0.51397187,-0.14591971,-0.02269838,0.022464562,-0.037573703,-0.55905014,0.8357154
TCGA-DU-A5TS,0.5194789,-0.10595738,-0.2854343,-0.091376744,-0.48583704,0.7136875,2.2480464,1.9231428,-0.015784241,0.62815934,0.36889017,-0.16754735,-0.04019245,2.4195657,-0.12913549,0.952353,2.0940225,1.4269484,0.55658257,2.4334986,0.7334328,-0.04498837,1.9278948,0.14181815,-0.039810125,1.1086059,-0.033597223,-0.15313268,-0.49116355,-0.08464187,2.305521,0.4627636,2.4508476,-0.58832145,-0.29443297,-0.23116568,2.0256627,-0.18572982,1.1510795,-0.16250584,0.055368092,-1.1629237,-0.18210907,-0.030518038,-0.09138539,-0.008586298,-0.028593231,-0.31689233,0.21441449,2.4330835,-0.036116745,-0.26183423,-0.04266196,1.7371001,-0.005654286,0.7546728,-0.26686084,-0.52412033,-0.13915622,-0.013627531,0.36132124,-0.042013418,-0.56210023,0.7193798
TCGA-DU-A5TT,-0.011279327,-0.06098106,-0.07235743,-0.03305618,-0.09531944,0.1556273,0.31626493,0.4316933,-0.0040067015,-0.004638243,0.1281445,-0.057179194,-0.007830734,0.71092063,-0.023494847,0.31975543,0.61958677,0.19153926,0.015835095,0.6918687,-0.016671894,-0.012585364,0.31686923,0.121369496,-0.0113647645,0.40890858,-0.010085049,-0.024088375,-0.1626164,-0.052119255,0.49333698,-0.006076272,0.8160766,-0.16286181,-0.064474516,-0.0456122,0.44117785,-0.069969706,0.22572741,-0.024607122,0.08068283,-0.34214088,-0.04800604,0.064428665,-0.038794715,-0.006769066,-0.00949424,-0.08607941,-0.0046508955,0.70370805,-0.009225862,-0.043857735,0.029939078,0.43660367,0.25628516,-0.018210838,-0.066514224,-0.14733422,-0.035644647,-0.008710244,-0.012294163,-0.006486745,-0.16490395,0.08256165
TCGA-DU-A5TU,0.128419,-0.08499961,-0.25960088,-0.06576815,-0.42686924,0.57535213,2.0770946,1.7211227,-0.035506863,0.336998,0.3328012,-0.14275773,-0.046472054,2.133521,-0.11173135,1.0313611,1.9585117,1.3226477,0.41534,2.08294,0.41504338,-0.019775903,1.6599514,0.13770007,-0.036847156,1.0181066,-0.030949254,-0.11653898,-0.4910713,-0.09745231,2.1366453,0.22973192,2.3375838,-0.53860265,-0.28194645,-0.18853568,1.8495317,-0.18593451,0.97378623,-0.14312442,0.19852847,-1.0438291,-0.17610262,-0.030611206,-0.090431295,-0.01880387,-0.040748563,-0.28994903,0.18351544,2.3465412,-0.029647175,-0.22401367,-0.04799925,1.7512901,0.07921001,0.42290354,-0.25488326,-0.45306554,-0.14067098,-0.015385679,0.48793063,-0.03626285,-0.5095374,0.56707704
TCGA-DU-A5TW,0.76162434,-0.10339135,-0.31316158,-0.11041117,-0.5481168,0.91488177,2.5345247,1.9048532,-0.020506157,0.6460801,0.36592287,-0.18335573,-0.07522548,2.4433928,-0.14039044,1.1075655,2.3123028,1.584632,0.617818,2.5461073,0.5117953,-0.04142658,2.0335116,0.17492913,-0.026010469,1.011168,-0.029879674,-0.15204652,-0.5440063,-0.10164706,2.5599167,0.3781039,2.7181768,-0.64705503,-0.31634226,-0.2428494,2.2360506,-0.17855774,1.4511609,-0.1712955,0.01960167,-1.2435102,-0.206286,-0.07210288,-0.08905616,-0.02523441,-0.031791177,-0.3270305,0.19275962,2.5506425,-0.0674871,-0.28454882,-0.042701084,2.1629667,-0.018395958,0.9993954,-0.30550706,-0.5646116,-0.16882052,-0.026655143,0.25920802,-0.051835805,-0.62502867,0.96486175
TCGA-DU-A5TY,-0.01097547,-0.04617534,-0.046115484,-0.016853062,-0.05890742,0.1722288,0.20370904,0.2449737,-0.0044598756,-0.0037988431,0.09671492,-0.044788014,-0.014498696,0.43573913,-0.029360894,0.112594575,0.30875802,-0.0018197306,-0.0053417757,0.385425,-0.00642657,-0.014780946,0.17608231,0.005735973,0.004641749,0.14734916,-0.0069792042,-0.009269631,-0.11228269,-0.04292306,0.3370018,-0.014563237,0.44480607,-0.11023765,-0.04786199,-0.04325634,0.38851327,-0.058021404,0.017076826,-0.031783987,0.049134057,-0.23674202,-0.033598956,-0.011642579,-0.019173462,-0.007834873,-0.010499745,-0.052556038,0.15488087,0.45625162,-0.014546032,-0.025550831,0.17783427,0.2365013,0.092339665,-0.009951561,-0.04242865,-0.09401564,-0.027118055,-0.015550943,0.0023056604,0.04890949,-0.11210587,0.042008486
TCGA-DU-A6S2,0.46434987,-0.13236456,-0.30328763,-0.09062587,-0.5303062,0.80816287,2.281291,1.9929491,-0.019416168,0.45085558,0.41975087,-0.1820141,-0.07387266,2.522963,-0.12118484,1.0614536,2.4173906,1.7077384,0.54383343,2.611254,0.544085,-0.04611549,1.865272,0.32795745,-0.031140093,1.1627957,-0.03172719,-0.1358775,-0.5393761,-0.12430199,2.42854,0.4167624,2.696193,-0.6379201,-0.31243753,-0.24298568,2.0615802,-0.2067981,1.4353206,-0.16287903,0.06900507,-1.2522116,-0.21852167,-0.054147758,-0.10875709,-0.010218731,-0.032463994,-0.32712117,0.12010957,2.5492067,-0.042704165,-0.27248397,-0.03464246,2.0965185,-0.007773562,0.81626815,-0.28508508,-0.56147546,-0.16109107,-0.021890579,-0.017516304,-0.056974348,-0.61673325,0.9449838
TCGA-DU-A6S3,0.58287424,-0.13173757,-0.32696688,-0.09356799,-0.57231563,0.8104786,2.4388244,2.099738,-0.019986907,0.51823825,0.41175085,-0.19029492,-0.07076314,2.7450943,-0.13266484,1.0959555,2.586179,1.8424119,0.6712706,2.804275,0.6205108,-0.042358987,2.0452752,0.39690316,-0.036758896,1.2398251,-0.028548202,-0.14770077,-0.568623,-0.123129286,2.6237788,0.48273066,2.8125465,-0.67581695,-0.33765385,-0.25658974,2.2390952,-0.21189253,1.5116065,-0.17616545,0.12424284,-1.3328471,-0.23795508,-0.06644152,-0.10839333,-0.01648525,-0.027812948,-0.356539,0.103426054,2.7363067,-0.042563543,-0.29562345,-0.04246075,2.1766257,-0.015535945,0.9986247,-0.30998567,-0.60020417,-0.1692044,-0.028184477,-0.02613523,-0.06739699,-0.6622277,1.0178136
TCGA-DU-A6S6,0.5968978,-0.13936213,-0.33856753,-0.09497565,-0.59798163,0.94721866,2.599413,2.069207,-0.018203257,0.56826216,0.390628,-0.19113563,-0.084352076,2.7487183,-0.13219103,1.1468649,2.6349175,1.8970923,0.7123605,2.8904324,0.6274053,-0.05214543,2.1036432,0.29377377,-0.033703107,1.2776313,-0.036382243,-0.15706603,-0.58225816,-0.112044826,2.514617,0.5148676,2.9029644,-0.702002,-0.35171714,-0.28338203,2.2744203,-0.20804735,1.6801217,-0.18494064,0.16386506,-1.369325,-0.24658103,-0.0728653,-0.11075161,-0.013182931,-0.02489552,-0.3579604,0.15109475,2.8067787,-0.0386012,-0.30637154,-0.048193287,2.282623,-0.019841125,0.9812814,-0.32126206,-0.6079661,-0.17190605,-0.038804255,-0.013639896,-0.0767601,-0.6779208,1.120346
TCGA-DU-A6S7,0.54538316,-0.10889045,-0.31703123,-0.10395398,-0.56930315,0.8780188,2.5299113,2.0871308,-0.017787112,0.6361244,0.31433213,-0.17652208,-0.0774496,2.6356668,-0.14239039,1.0634968,2.5303128,1.6223987,0.707849,2.621492,0.6374644,-0.03444172,1.9666182,0.30515426,-0.0396332,1.0633454,-0.02692445,-0.15370545,-0.539784,-0.11372673,2.5006328,0.4561153,2.8497818,-0.6488198,-0.33202982,-0.24952336,2.234907,-0.18730718,1.3594347,-0.1816639,0.020796504,-1.2685013,-0.20507573,-0.05516664,-0.09789419,-0.012082002,-0.019904314,-0.33465838,0.11919601,2.7444856,-0.055931944,-0.28973064,-0.044667013,2.1436844,-0.020617275,1.0379219,-0.30496797,-0.5624892,-0.16937353,-0.024734972,0.1346812,-0.065442435,-0.62136257,0.9257262
TCGA-DU-A6S8,0.39718616,-0.112572625,-0.27733806,-0.09069499,-0.50679034,0.61895424,2.3228056,1.9433283,-0.015275704,0.5476496,0.34229243,-0.16181593,-0.080248356,2.420306,-0.13704662,0.99647635,2.1866167,1.481835,0.6175193,2.5151186,0.43703485,-0.034609493,1.9050878,0.20230775,-0.052421104,1.0346596,-0.025872473,-0.122303225,-0.4985969,-0.108014286,2.293504,0.1996027,2.4241319,-0.60339653,-0.31574848,-0.2188292,2.0578363,-0.17526539,1.1496546,-0.1615905,0.075724185,-1.1758763,-0.19767945,-0.036092278,-0.10219178,0.024518987,-0.02763316,-0.31679416,0.130176,2.5097306,-0.032891195,-0.27416936,-0.039102588,2.083911,-0.01939974,0.8093339,-0.28304434,-0.53612286,-0.1482839,-0.006456328,0.28897122,-0.06381973,-0.58278537,0.9565884
TCGA-DU-A76K,-0.016987877,-0.051751148,-0.07130504,-0.011896014,-0.10312303,0.21601076,0.29341337,0.35052833,-0.021615243,-0.0015258385,0.14712983,-0.05995335,-0.017461877,0.6754907,-0.02435596,0.21415873,0.724023,0.13603464,-0.0025084713,0.66518736,-0.014174729,-0.002856054,0.31514493,0.17451534,-0.013535728,0.15373264,-0.014945315,-0.015843635,-0.15949982,-0.048585743,0.3939575,-0.0131852655,0.6657583,-0.16191024,-0.06805685,-0.058465898,0.38699338,-0.0762605,0.12892266,-0.028201887,0.08377862,-0.31640697,-0.07114687,-0.0027007598,-0.02268389,0.014799288,-0.011111845,-0.077283554,0.09737438,0.4239318,-0.016573185,-0.048862647,0.076825455,0.4676023,0.28315535,-0.0002980545,-0.08124574,-0.14660232,-0.028393403,-0.0022642098,-0.011803056,-0.009559968,-0.1486069,0.188615
TCGA-DU-A76L,-0.0052572615,-0.04404809,-0.06150936,-0.024419,-0.059544105,0.15355471,0.23163293,0.2530131,-0.011452402,-0.0041107163,0.049669906,-0.057259362,-0.014673397,0.46891028,-0.017516404,0.104931235,0.45562592,0.026356185,-0.013031155,0.4217876,-0.017059663,-0.021303235,0.15396017,0.050569564,-0.004369085,0.21184157,-0.011300658,-0.020116022,-0.12111384,-0.033014297,0.26984432,-0.027727121,0.5477349,-0.11858113,-0.0497771,-0.037912484,0.4606418,-0.062904365,0.086939625,-0.03197488,0.0857508,-0.24516304,-0.05405311,0.018935684,-0.019204173,-0.000306114,-0.014085263,-0.06780564,0.027574882,0.27594802,-0.012990089,-0.03637152,0.19016251,0.36770773,0.23433821,-0.0058482536,-0.04521256,-0.11964031,-0.028200328,-0.004940593,-0.012385937,-0.00399481,-0.11950202,0.04062583
TCGA-DU-A76O,0.5288112,-0.12752734,-0.3198716,-0.10431101,-0.56823605,0.87794834,2.4509962,2.0981312,-0.012639268,0.5224462,0.42064196,-0.18140678,-0.075715385,2.6921935,-0.13262437,1.1066428,2.618737,1.7922812,0.62761706,2.7251837,0.57050353,-0.03810227,2.0039415,0.33243704,-0.036290806,1.2605119,-0.030320603,-0.14632362,-0.5616974,-0.11250299,2.565704,0.48254797,2.7417572,-0.6595844,-0.33004475,-0.25466746,2.1848488,-0.21487725,1.5324948,-0.16706721,0.106354356,-1.307536,-0.22915936,-0.0643949,-0.10741208,-0.006508873,-0.025782192,-0.3501316,0.092650905,2.7351706,-0.046267528,-0.28561255,-0.039614163,2.1539729,-0.016313275,1.056194,-0.30741486,-0.5869352,-0.17404805,-0.030040342,-0.019639421,-0.058068868,-0.66257066,0.95660776
TCGA-DU-A76R,0.482876,-0.13310793,-0.3115051,-0.09763067,-0.5653198,0.83683544,2.3345673,2.0588923,-0.026593385,0.5521677,0.41017535,-0.18466909,-0.07421919,2.5224326,-0.124648355,1.0904685,2.5355923,1.7601681,0.6645906,2.6180012,0.59449625,-0.045101047,2.0091662,0.3089525,-0.029014176,1.1714226,-0.024548909,-0.14347504,-0.54211783,-0.115307465,2.3341794,0.46197563,2.6871815,-0.6499941,-0.33553168,-0.24919918,2.124159,-0.20376234,1.4653113,-0.16717605,0.0949972,-1.2798232,-0.2306757,-0.05825297,-0.10050887,-0.0071959593,-0.021811824,-0.34998617,0.1234944,2.5875494,-0.05022462,-0.27744976,-0.042833306,2.161793,-0.017120166,0.96982926,-0.29460824,-0.5792329,-0.15744452,-0.024258057,-0.012664856,-0.05737859,-0.63564,1.010353
TCGA-DU-A7T6,0.27909964,-0.06769929,-0.16059849,-0.048903324,-0.30387607,0.3773744,1.4297899,1.1317544,-0.019322345,0.24758193,0.38074636,-0.101278245,-0.019189386,1.4691052,-0.06391642,0.7559292,1.3593519,0.7586657,0.41560626,1.7240956,0.18579376,-0.0059762276,1.1719041,-0.004437119,-0.014313208,0.66707635,-0.009482212,-0.07507759,-0.3009542,-0.06819428,1.4003792,0.25180697,1.6143419,-0.37982187,-0.19918495,-0.123996116,1.230577,-0.12347746,0.6749519,-0.10731037,-0.0061110747,-0.6985801,-0.12568457,0.19253689,-0.08145865,-0.023608856,-0.04046757,-0.19292432,-0.0029279485,1.583431,-0.025703525,-0.15683065,-0.011630905,1.2468537,0.10651283,0.3619889,-0.17575245,-0.31619412,-0.10706314,0.08166339,0.42526978,-0.03289127,-0.3363658,0.62607867
TCGA-DU-A7T8,0.5728014,-0.11768786,-0.3319657,-0.09733675,-0.6011726,0.933826,2.6469707,2.1913679,-0.021806441,0.55797845,0.3450443,-0.19263874,-0.076561816,2.8286824,-0.13965307,1.1933403,2.7168725,1.9181073,0.7187348,2.7858825,0.725293,-0.04583303,2.1670763,0.37198317,-0.037462104,1.3435707,-0.040913127,-0.16777422,-0.5871065,-0.11365004,2.7056909,0.46059313,2.8983743,-0.7165331,-0.35348272,-0.27151886,2.3180134,-0.20928633,1.6469812,-0.18350483,0.12038238,-1.363065,-0.22976327,-0.07173227,-0.109361075,-0.019504242,-0.033028867,-0.3584586,0.14005221,2.8510504,-0.046832994,-0.3027724,-0.04102816,2.3492775,-0.02438884,1.102646,-0.33290565,-0.61663824,-0.17403679,-0.033297963,-0.0049272543,-0.07731929,-0.68240327,1.0822992
TCGA-DU-A7TA,0.6232394,-0.122543804,-0.30659527,-0.08774243,-0.5544523,0.846758,2.4945533,2.0047967,-0.022176737,0.63431257,0.43054968,-0.17979361,-0.077217005,2.5444195,-0.13342884,1.0486908,2.5255902,1.7193698,0.7107191,2.5562873,0.41300216,-0.04201109,2.0766234,0.3765297,-0.02886282,1.141287,-0.03795918,-0.13942139,-0.5402139,-0.10375952,2.5032597,0.4917157,2.6787288,-0.65923816,-0.33157247,-0.25990278,2.1542816,-0.20219369,1.4752215,-0.16834614,0.03988914,-1.2829224,-0.21850537,-0.0700794,-0.098496236,-0.014449678,-0.033505514,-0.34089422,0.17284109,2.7523491,-0.057404358,-0.28421187,-0.03552767,2.0890293,-0.015878987,1.0199165,-0.3026323,-0.5815867,-0.15388064,-0.014593643,-0.005461337,-0.06004649,-0.6323003,0.98311746
TCGA-DU-A7TB,-0.0064669265,-0.04446552,-0.076157145,-0.0031027116,-0.09650748,0.19503696,0.59922755,0.35795859,-0.012355852,0.022536749,-0.0077992664,-0.055761274,0.0077883946,0.522422,-0.0042971447,0.2486507,0.53613853,0.22041328,0.1300879,0.5974171,0.16983855,-0.014899979,0.41869465,0.14884716,-0.010934251,0.15367202,-0.009512976,-0.018657003,-0.13562088,-0.038512185,0.60005885,0.038263798,0.67846775,-0.14385466,-0.08301635,-0.036420524,0.59543127,-0.06096595,0.1344192,-0.035824254,0.0019131582,-0.29756165,-0.045434307,0.13973594,-0.029665807,-0.002772818,-0.008812218,-0.083552994,0.0064458735,0.5087677,-0.014533485,-0.06377053,0.065823495,0.3962027,0.119575575,0.09339204,-0.05777168,-0.1366968,-0.029790133,-0.009420609,-0.010925836,-0.0071607092,-0.1426727,0.12341109
TCGA-DU-A7TC,0.5148833,-0.13847582,-0.33079073,-0.09855554,-0.5783354,0.87530047,2.444473,2.1119685,-0.02261036,0.41091743,0.43234557,-0.19460486,-0.07448465,2.8608453,-0.13135032,1.1684146,2.6704214,1.7899028,0.7435851,2.7436519,0.61067873,-0.03178939,2.0604987,0.40373534,-0.04117164,1.262284,-0.037420306,-0.14946857,-0.5796814,-0.11729651,2.6929626,0.5079101,2.8335264,-0.6930786,-0.3433877,-0.2584631,2.3808572,-0.2116324,1.4767678,-0.18863025,0.14732099,-1.348149,-0.24539423,-0.05194369,-0.11914215,-0.01647117,-0.033067442,-0.36668321,0.1649829,2.8428254,-0.040552612,-0.29818913,-0.05062858,2.1536598,-0.017339526,0.8855683,-0.3116535,-0.5986715,-0.17356257,-0.032616057,-0.016088784,-0.05823341,-0.6746535,0.98333466
TCGA-DU-A7TD,-0.00653774,-0.032093927,-0.02906259,-0.014437388,-0.02932254,0.12057026,0.10949677,0.05997527,-0.009461571,0.01879143,0.04247164,-0.037225444,-0.009938209,0.19179797,-0.017893875,0.09883618,0.21050732,-0.015273332,-0.016033392,0.16225612,-0.019261787,-0.011119428,-0.00086436776,-0.0012997615,-0.006635077,0.038870428,-0.01298331,-0.015863549,-0.062420297,-0.031184468,0.052683808,-0.015320288,0.2988056,-0.07142952,-0.018158136,-0.017667498,0.23530985,-0.044008832,-0.0019243086,-0.013425539,0.07210979,-0.13540809,-0.026153982,0.013426539,-0.016903762,-0.0024148072,-0.00863279,-0.03665755,0.049858764,0.09823528,-0.010198868,-0.015585338,0.2517324,0.1324495,0.20306337,-0.011802901,-0.024566112,-0.067034826,-0.018445631,-0.004315426,0.06473522,-0.0032367972,-0.0595845,-0.0089532435
TCGA-DU-A7TG,0.20117624,-0.10117997,-0.22078441,-0.06582277,-0.36564407,0.4545231,1.4796203,1.4672083,-0.015478695,0.27582985,0.25236607,-0.13780992,-0.048046067,1.946017,-0.077396095,0.752626,1.7546831,1.0634309,0.41538322,1.8463386,0.24740763,-0.03262102,1.3159592,0.36598098,-0.023609016,0.86615264,-0.025070196,-0.07695196,-0.40197107,-0.09303924,1.729135,0.22211213,1.7654355,-0.45947424,-0.21793059,-0.17674333,1.5498017,-0.15955396,0.8912519,-0.11435361,0.12760507,-0.91066885,-0.1546974,-0.035995252,-0.07755502,-0.012726664,-0.023966672,-0.23988259,0.06434794,1.7832386,-0.038295373,-0.17873318,-0.021939678,1.4880869,0.063883945,0.48384938,-0.20725766,-0.41661516,-0.10972998,-0.013858083,-0.012171248,-0.038233288,-0.45147917,0.6043665
TCGA-DU-A7TI,0.41897961,-0.12724632,-0.2925256,-0.08808285,-0.5209979,0.79207903,2.219484,1.9354198,-0.017008899,0.5371577,0.27220765,-0.16689107,-0.07001942,2.4499037,-0.12890701,1.1295333,2.3509724,1.6654834,0.6420678,2.5063403,0.49832144,-0.033046942,1.9108988,0.24008368,-0.034284655,1.1406349,-0.032753166,-0.12468634,-0.5175683,-0.107497744,2.4000015,0.45378995,2.5126085,-0.60866344,-0.30604374,-0.23267853,1.9584994,-0.19582233,1.2540736,-0.15427741,0.08895698,-1.210148,-0.20809832,-0.05301785,-0.10456013,-0.013128148,-0.034577437,-0.3343536,0.10028775,2.5516617,-0.0455064,-0.26142025,-0.029630119,2.01547,-0.0067934725,0.86731863,-0.2831683,-0.5360204,-0.15587382,-0.017645983,-0.0012662079,-0.05132516,-0.59312606,0.87174547
TCGA-E1-5302,0.3149885,-0.11785477,-0.2715381,-0.09711852,-0.49910012,0.6990396,2.248613,1.9645492,-0.0124953035,0.54301304,0.259129,-0.18420921,-0.053277917,2.362558,-0.115349405,1.0030397,2.419226,1.6058403,0.52651674,2.4971719,0.35947368,-0.031446327,1.8615787,0.29900032,-0.020873928,1.1013199,-0.03386492,-0.122306705,-0.5239667,-0.10569691,2.449644,0.25392002,2.3843799,-0.59903455,-0.2924648,-0.21179509,2.0577285,-0.19889772,1.2502371,-0.14941804,-0.002255893,-1.1762007,-0.19978474,-0.036373585,-0.12119297,-0.013755589,-0.04880145,-0.32319143,0.14058249,2.3988059,-0.04297578,-0.25512615,-0.031634443,1.9696853,-0.008602484,0.7119869,-0.2664996,-0.53851753,-0.15454285,-0.0305314,-0.0042868215,-0.04596303,-0.5825104,0.8771523
TCGA-E1-5303,0.39220366,-0.10425415,-0.28634664,-0.09386718,-0.5004891,0.7326148,2.1911821,1.8645172,-0.02227211,0.43534115,0.27334502,-0.16852523,-0.05713569,2.3957992,-0.12495022,0.9448273,2.2442782,1.5527366,0.57698435,2.4767268,0.4760914,-0.014934274,1.7371485,0.18771236,-0.023214329,1.1313536,-0.018278545,-0.12634234,-0.4932557,-0.09898107,2.231965,0.3688059,2.5014045,-0.5960447,-0.29568115,-0.21973304,2.0224977,-0.17453276,1.2191538,-0.15786313,0.076701626,-1.1518307,-0.20210297,-0.03682941,-0.10232307,-0.022317987,-0.039137546,-0.3211724,0.13542332,2.4065204,-0.044665262,-0.2513771,-0.038600594,1.8989652,-0.005703728,0.8776678,-0.27482212,-0.53266835,-0.14663717,-0.017879814,0.087043956,-0.052265733,-0.5773559,0.70876443
TCGA-E1-5304,0.15035738,-0.056992598,-0.15163197,-0.061655946,-0.27485156,0.7227215,1.5009465,1.0324135,-0.031760372,0.43484375,0.43501282,-0.10392658,-0.017762108,1.1652439,-0.07120126,0.6174326,1.2160975,0.60989195,0.1550902,1.4474946,0.013394535,-0.010529577,1.1569927,-0.022522233,-0.029768208,0.60558856,-0.022498539,-0.07713078,-0.30431157,-0.050104853,1.4747243,0.20952514,1.2659622,-0.3629591,-0.1623138,-0.106346086,1.0830839,-0.1237877,0.5209858,-0.08786376,-0.020115662,-0.664463,-0.08331943,0.35055646,-0.084095925,-0.0022165994,-0.02722255,-0.21527123,0.118099436,1.6260039,-0.015616861,-0.17508289,-0.052182134,1.1001564,-0.03551288,0.3591825,-0.17248146,-0.27789873,-0.06986759,0.04746723,0.8667762,-0.04412217,-0.32845053,0.13251461
TCGA-E1-5305,0.39693674,-0.121296346,-0.29862016,-0.08821817,-0.51960963,0.78331345,2.2689872,1.92496,-0.019305354,0.51928455,0.29745024,-0.17795335,-0.05067947,2.447163,-0.12046826,0.88493425,2.257481,1.4771692,0.53000623,2.4156353,0.6959067,-0.032444943,1.8363078,0.23487972,-0.03653817,1.1064428,-0.022704957,-0.117871895,-0.52062845,-0.09293398,2.4150584,0.31224257,2.428303,-0.5873259,-0.2917677,-0.22411323,2.093001,-0.17405151,1.3032312,-0.16301169,-0.013987041,-1.1465987,-0.19754243,-0.023141583,-0.11683798,-0.010481212,-0.04127426,-0.32655364,0.2930417,2.627841,-0.039159372,-0.26033437,-0.05468,1.9497298,-0.004364251,0.6281193,-0.28874826,-0.51492953,-0.14565791,-0.019882916,0.43535617,-0.06626844,-0.5912556,0.68321276
TCGA-E1-5307,0.5741204,-0.12967734,-0.3192376,-0.103686765,-0.5539336,0.92827374,2.28467,2.15815,-0.010533369,0.55072665,0.41216436,-0.1825804,-0.06645882,2.6804602,-0.14668278,1.1174567,2.4927413,1.6438434,0.6933943,2.7802997,0.58338606,-0.04332338,2.0174325,0.2966851,-0.054090716,1.2182502,-0.017719567,-0.14366008,-0.56726074,-0.11921572,2.5522091,0.4064156,2.6875725,-0.66102433,-0.3252495,-0.25503173,2.157331,-0.20861506,1.3860297,-0.19183092,0.051241767,-1.294081,-0.22579555,-0.05059156,-0.12409773,-0.024856484,-0.031479757,-0.3555598,0.12491079,2.7421925,-0.039986264,-0.28685337,-0.04622438,2.0131085,-0.01349576,0.797337,-0.31541702,-0.57686657,-0.16945364,-0.033095166,0.22496536,-0.06339888,-0.64614403,0.8170177
TCGA-E1-5311,0.4694504,-0.13358885,-0.3247657,-0.1084105,-0.5924794,0.93691546,2.4681575,2.2503088,-0.017777463,0.57783526,0.43920493,-0.18260196,-0.08132312,2.734769,-0.14343914,1.1570696,2.644199,1.9770709,0.7482247,2.8018444,0.6189535,-0.04985978,2.0354936,0.32582247,-0.04355484,1.3403453,-0.02883231,-0.1577445,-0.5777425,-0.1219024,2.6486406,0.5052695,2.940808,-0.69143933,-0.34332085,-0.25670433,2.3130834,-0.21203975,1.4909865,-0.18691657,0.06930032,-1.3591673,-0.23193908,-0.053585928,-0.11834073,-0.012667338,-0.034649916,-0.3576629,0.083840504,2.7534735,-0.048610322,-0.29974055,-0.04521377,2.1975217,-0.009781601,1.014641,-0.3068088,-0.6027062,-0.17421336,-0.027386084,-0.021065021,-0.06259059,-0.66586703,1.056043
TCGA-E1-5318,0.64131445,-0.12368406,-0.33357567,-0.11107256,-0.6218618,0.9236518,2.7083397,2.2291443,-0.021217335,0.57647675,0.39391866,-0.19883093,-0.09380808,2.8913126,-0.15174115,1.1694534,2.7976825,2.0102112,0.77596056,2.91277,0.6168623,-0.04479894,2.1925302,0.40230423,-0.042209618,1.2625297,-0.033214133,-0.16557167,-0.606198,-0.11841532,2.817376,0.58106023,3.0363135,-0.71282196,-0.35526904,-0.28296432,2.453633,-0.20969108,1.5771747,-0.19647335,0.094154745,-1.4112418,-0.23516636,-0.06673055,-0.113431446,-0.015544807,-0.034560286,-0.37061182,0.09983726,2.912394,-0.0561539,-0.32193726,-0.045401007,2.3224998,-0.01653844,1.1284916,-0.33861822,-0.63659483,-0.17777373,-0.031369995,-0.019784857,-0.071889676,-0.70184815,1.038658
TCGA-E1-5319,0.57504874,-0.11944741,-0.30864498,-0.08854766,-0.5332901,0.8930961,2.2941809,2.032194,-0.022794122,0.5382293,0.30291593,-0.18334499,-0.07054423,2.5192623,-0.11711371,1.1589236,2.3872025,1.7215197,0.610484,2.5544336,0.5809267,-0.03395287,1.9146192,0.41040933,-0.034865186,1.1398786,-0.029421512,-0.13495985,-0.5313212,-0.102905326,2.5098088,0.4256009,2.7689254,-0.63521904,-0.31366292,-0.24216118,2.1673768,-0.1962391,1.41344,-0.16535187,0.1550034,-1.2442504,-0.22088242,-0.048350062,-0.10584946,-0.015294968,-0.03468765,-0.33199018,0.19318427,2.542843,-0.040187094,-0.2810368,-0.036099415,2.1406846,-0.010570535,0.8387057,-0.28646648,-0.5753724,-0.16314524,-0.031140268,-0.018777339,-0.06547698,-0.62803626,0.92673147
TCGA-E1-5322,0.43274608,-0.108224526,-0.30999216,-0.10308094,-0.5618625,0.83032846,2.4614332,1.9775802,-0.022584222,0.53294253,0.3397203,-0.18090506,-0.06835721,2.629371,-0.14621377,1.1631366,2.5118384,1.6807443,0.6423547,2.6713126,0.571046,-0.03346017,1.9583786,0.31543294,-0.026594762,1.089812,-0.030952523,-0.15372013,-0.54307413,-0.10035352,2.5470028,0.5016096,2.6520722,-0.6479329,-0.31376952,-0.24737807,2.2060933,-0.1859356,1.3077068,-0.17323211,0.07118431,-1.2793661,-0.20482261,-0.053428512,-0.09822266,-0.01936805,-0.04236712,-0.34517184,0.04108341,2.63268,-0.033663735,-0.28665486,-0.043465238,2.0509903,-0.025150359,0.96135426,-0.29957673,-0.56256324,-0.16814812,-0.030860433,0.115533054,-0.049770806,-0.63022065,0.90123487
TCGA-E1-A7YD,-0.0124678435,-0.034977566,-0.023338376,-0.013972336,-0.009051799,0.106781915,-0.0053505017,-0.0012758215,-0.012731797,-0.0050765076,-0.008136406,-0.034085423,-0.0063345805,0.17654227,-0.007982428,0.06580581,0.13579573,-0.01989737,-0.027527967,0.04308109,-0.01893211,-0.008799798,-0.0047092177,-0.0026787193,-0.009491871,0.087209076,-0.0049567567,-0.0082799345,-0.049871366,-0.02973005,-0.00067404826,-0.017328862,0.22229986,-0.04519137,-0.005762582,-0.016862594,0.21390937,-0.03520871,-0.0059788176,-0.005014474,0.06039254,-0.1003498,-0.020085223,-0.0037094613,-0.010035183,-0.0037886463,-0.011088318,-0.026051695,0.060951553,-0.0038920117,-0.003823993,-0.0033612985,0.21216655,0.054035824,0.24076204,-0.018948102,-0.012895939,-0.045955654,-0.020128537,-0.007107095,-0.0022226293,0.041032393,-0.045523133,-0.00751317
TCGA-E1-A7YE,0.14593017,-0.03170081,-0.09872057,-0.021592258,-0.17580917,0.19899058,1.1944611,0.64562476,-0.014179927,0.5149176,0.048346423,-0.0740205,0.064336784,0.8252775,-0.034624867,0.38738653,0.59802544,0.42801395,0.006088033,0.95242167,-0.0063438653,0.0328926,0.7098645,-0.015061395,0.07815754,0.23570125,-0.020438885,-0.04921669,-0.16352361,-0.021851359,0.79503435,0.04075734,0.89269394,-0.22491494,-0.114269614,-0.03504673,0.7095469,-0.07550618,0.24584384,-0.06312569,-0.019734768,-0.3962391,-0.07373612,0.24405096,-0.061143693,-0.006209613,-0.026117329,-0.10411006,0.046234697,1.0103761,-0.026350444,-0.09045818,-0.022823676,0.5915688,0.019466996,0.05696077,-0.09955534,-0.17029123,-0.095590584,0.03151054,0.76111746,-0.010036533,-0.20028897,0.34870335
TCGA-E1-A7YH,0.3756452,-0.12267878,-0.28601176,-0.08797383,-0.50233674,0.93032426,2.2621713,1.9436432,-0.024245461,0.42209098,0.19651881,-0.17769349,-0.06767704,2.3570683,-0.12210567,1.081659,2.3825727,1.691934,0.57690173,2.557859,0.45270342,-0.03305651,1.7921865,0.28876996,-0.037821893,1.2539754,-0.017494667,-0.13584538,-0.51852506,-0.10465719,2.3333127,0.5255942,2.6064465,-0.6219906,-0.2984327,-0.23367003,2.1472514,-0.1899706,1.2540073,-0.16281246,0.107460886,-1.1909345,-0.20397873,-0.046472292,-0.10513667,-0.013035814,-0.027571378,-0.32679278,0.11332779,2.33833,-0.028294144,-0.2675682,-0.038535427,2.0698519,-0.011365584,0.8312266,-0.26282346,-0.5275447,-0.15570112,-0.0262309,0.0329491,-0.06686064,-0.58610684,0.87799966
TCGA-E1-A7YI,-0.0048440057,-0.02960673,-0.08583657,-0.039547145,-0.107378796,0.40151846,0.6336318,0.39305466,-0.005028051,0.20585285,-4.711002e-06,-0.065240376,-0.0212941,0.6715646,-0.019347928,0.091949,0.5195587,0.19959138,0.119622715,0.63322324,-0.022121197,-0.0022163452,0.64548045,-0.008401206,-0.023486163,0.3143796,-0.0063064634,-0.049827877,-0.14984122,-0.04338089,0.64965224,0.0035916017,0.6564616,-0.16971885,-0.07246293,-0.050062753,0.7901463,-0.06463563,0.17368796,-0.038936887,-0.0002613727,-0.3187509,-0.0373549,0.18259256,-0.041580956,-0.007983961,-0.017642526,-0.09238887,0.011768043,0.71008265,-0.011267162,-0.06674607,-0.0028008267,0.62218523,-0.0035116617,0.061973266,-0.06304935,-0.12310704,-0.04529638,0.08052447,0.57908225,-0.014214212,-0.14766459,0.0012315186
TCGA-E1-A7YJ,-0.007916446,-0.045350604,-0.075275235,-0.0175817,-0.086311884,0.31325197,0.21956067,0.35518473,-0.013329647,-0.027332306,-0.0014297651,-0.060558833,-0.02331839,0.48625588,-0.04002028,0.13979119,0.51410735,0.009543559,-0.0194116,0.5018193,-0.026445692,-0.014403026,0.21598396,-0.007060848,0.03348355,0.2098086,-0.014370523,-0.020776687,-0.1488172,-0.035281595,0.2090407,-0.01982214,0.8007495,-0.13772371,-0.054429967,-0.032975867,0.5266285,-0.096450254,0.13586242,-0.04066369,0.04816289,-0.27587143,-0.05112719,0.036850464,-0.03640784,0.023834234,-0.013351552,-0.06833754,0.02720631,0.35573277,-0.014117544,-0.031965576,0.26987317,0.41377664,0.27797493,-0.003101457,-0.0711183,-0.13452385,-0.0313599,-0.0071220035,0.05959816,0.036594898,-0.1258661,-0.004022373
TCGA-E1-A7YK,0.12630764,-0.092653625,-0.20651405,-0.06367462,-0.34482673,0.58058816,1.7273227,1.3979083,-0.027406508,0.37584406,0.32683554,-0.1318563,-0.03975417,1.7805073,-0.08471718,0.6793695,1.6123428,1.0825028,0.29204652,1.8374355,0.21505655,-0.02646622,1.3839417,0.14857085,-0.013636245,0.7912155,-0.020838412,-0.08547894,-0.39908156,-0.07719606,1.7318193,0.19062957,1.9633071,-0.46333432,-0.22094952,-0.15508802,1.5349287,-0.15060322,0.74101526,-0.11859069,0.039963987,-0.8845955,-0.13941148,-0.018242639,-0.07842588,-0.0183819,-0.051832687,-0.24164318,0.117659286,1.7848126,-0.018986862,-0.19035469,-0.017363934,1.4353836,0.044799227,0.44202673,-0.19597904,-0.40313116,-0.10924136,-0.0024904038,0.23958884,-0.026542708,-0.43196866,0.4977788
TCGA-E1-A7YL,-0.0058216243,-0.06403878,-0.050902255,-0.02152674,-0.06850939,0.13047002,0.32366347,0.121103466,-0.026818156,-0.002938503,0.042771988,-0.06423197,-0.00529788,0.5366659,-0.032584842,0.11784163,0.4248245,-0.006249433,-0.014578185,0.41288453,-0.013736877,-0.007908881,0.2834646,0.026371336,-0.013807811,0.13592583,-0.0062971446,-0.012408027,-0.12257216,-0.037080083,0.2583922,-0.024721656,0.35652238,-0.116158776,-0.045997795,-0.04341086,0.49129465,-0.074880734,0.031561546,-0.030336974,0.22134288,-0.24779573,-0.04461811,-0.010015425,-0.017867671,0.0047467556,-0.01682847,-0.071234986,0.07173899,0.3501396,-0.01394645,-0.037907716,0.330476,0.377392,0.31439388,-0.011292908,-0.045760956,-0.111053765,-0.033772886,-0.0035479807,-0.006370102,-0.006886467,-0.10552161,-0.0043697893
TCGA-E1-A7YM,-0.008418658,-0.059289355,-0.081776135,-0.027161246,-0.08862739,0.10619593,0.32718998,0.37886393,-0.0164384,0.0415043,0.1097951,-0.071370296,-0.011930295,0.7044481,-0.021259386,0.22641028,0.5285742,0.012786163,-0.004604874,0.6056614,-0.008908245,-0.016009398,0.2822475,0.18659927,-0.019403094,0.30493662,-0.007042697,-0.026888182,-0.17314352,-0.048883192,0.49005628,-0.018503055,0.7330192,-0.17359479,-0.07132726,-0.060588486,0.5379695,-0.07676592,0.13405412,-0.027518192,0.15565142,-0.3545147,-0.068373844,0.053742256,-0.038788438,-0.0029969136,-0.022022666,-0.096351884,0.11674051,0.52804935,-0.017269345,-0.051516484,0.020080436,0.49579042,0.20931847,-0.016435632,-0.068278484,-0.16814312,-0.034004968,-0.011980551,-0.0032099362,-0.013241618,-0.17056704,0.034132723
TCGA-E1-A7YN,0.030434992,-0.07020755,-0.09119446,-0.014492574,-0.114814,0.20295341,0.5078676,0.4436304,-0.008014063,-0.0022551555,0.10065473,-0.05877883,-0.023758305,0.7958981,-0.026385231,0.2719487,0.57499933,0.20262402,-0.0023215015,0.6860736,-0.0130285835,-0.01543503,0.3855449,0.026933754,-0.0109661175,0.30200243,-0.025535708,-0.038067315,-0.17138933,-0.049545106,0.5304122,-0.002418911,0.7977026,-0.18547897,-0.08046363,-0.08345867,0.61659837,-0.088159345,0.15935408,-0.044570904,0.0746382,-0.37707433,-0.063523844,-0.017798295,-0.03663371,-0.0022062073,-0.016836142,-0.10348965,0.05732307,0.6288109,-0.027868638,-0.060895033,0.22612706,0.50676227,0.31303278,0.1091444,-0.07945222,-0.16802792,-0.036493097,-0.005572857,-0.0018096097,0.0522979,-0.18430606,0.07018687
TCGA-E1-A7YO,0.628469,-0.14297284,-0.318716,-0.087105624,-0.5755338,0.9238526,2.496938,2.1845949,-0.015736792,0.63999254,0.3085448,-0.19189619,-0.07111805,2.592192,-0.116579615,1.0486078,2.6397777,1.8051113,0.6214297,2.8321223,0.6260222,-0.04536887,2.0348423,0.27484655,-0.042339895,1.172167,-0.03710045,-0.14142273,-0.55503607,-0.12429979,2.3461547,0.47584367,2.7734184,-0.66758144,-0.33047643,-0.26523367,2.190935,-0.20320947,1.5119431,-0.17660837,-0.0015187871,-1.3251199,-0.22207141,-0.055951055,-0.10821595,-0.013183246,-0.01980436,-0.3567594,0.17539419,2.8110912,-0.042127606,-0.29017892,-0.056686528,2.2250543,-0.009120566,0.97850657,-0.30269054,-0.5849649,-0.1689876,-0.031776633,-0.0043776636,-0.059143703,-0.6569933,0.99123526
TCGA-E1-A7YQ,-0.026138155,-0.08241653,-0.12685037,-0.02430196,-0.18018349,0.4957314,0.834586,0.92599547,-0.007152757,-0.01213023,0.22247672,-0.087774545,0.01827644,1.1391414,-0.05349747,0.37757215,1.2357218,0.6409779,0.29850394,1.4918972,-0.026839677,-0.013199085,0.8506382,0.14502598,-0.0093223965,0.6649467,-0.019491738,-0.020004285,-0.26467168,-0.0845868,0.79581594,0.067578405,1.3116729,-0.28800526,-0.12891424,-0.09133806,1.052913,-0.153268,0.5239021,-0.07324418,0.19226335,-0.5844478,-0.087637514,-0.01696835,-0.0644616,-0.0066760667,-0.03113668,-0.14221701,-0.0037927106,0.9190223,-0.027384853,-0.105436586,0.09792589,0.94212306,0.24099882,0.016172856,-0.1240074,-0.25882155,-0.06929447,0.020606963,-0.014818466,-0.0110784015,-0.26511264,0.16363673
TCGA-E1-A7YS,0.5258742,-0.13665947,-0.2953745,-0.10027041,-0.551883,0.83533627,2.6418788,1.9508164,-0.007478893,0.74137807,0.29743475,-0.19059934,-0.08371856,2.5751197,-0.14853336,0.99305373,2.4658272,1.7969986,0.8830857,2.618382,0.5811662,-0.036620643,2.1035352,0.33739954,-0.021298876,0.98118675,-0.01188006,-0.1465411,-0.49997255,-0.11821097,2.2650928,0.43663448,2.6246073,-0.6397773,-0.35102892,-0.23417366,2.3704827,-0.18234102,1.155853,-0.1848128,-0.01542134,-1.2495303,-0.20312262,-0.04397408,-0.13048455,-0.01704266,-0.04170452,-0.30989406,0.093297854,2.8365319,-0.029721042,-0.28506637,-0.043036133,2.1588602,-0.029669035,0.88374734,-0.30058515,-0.567874,-0.16933142,-0.03687072,0.4546961,-0.07189344,-0.6236817,1.1349577
TCGA-E1-A7YV,0.2710155,-0.05140397,-0.14718068,-0.065323904,-0.21751049,0.4965875,1.3057472,0.8340492,-0.026461247,0.41542476,0.15302145,-0.08392742,-0.038934465,1.0216136,-0.05441446,0.46322536,0.683815,0.27095002,-0.01195782,1.183181,0.17934334,-0.0069386954,0.7488322,-0.015707122,-0.025428642,0.3442609,-0.011261197,-0.07073897,-0.2395494,-0.057940822,1.0073326,-0.0012509282,1.0134155,-0.2982547,-0.1250578,-0.07605793,1.0594431,-0.08676263,0.38451073,-0.07548686,-0.017989201,-0.5329786,-0.06755226,0.1378568,-0.046985097,-0.0015082458,-0.008869464,-0.17190346,0.3077063,1.1440588,-0.021312142,-0.12824227,-0.020287042,0.8021219,-0.011247893,0.042878836,-0.13138698,-0.19944863,-0.08326503,-0.005186549,1.0928636,-0.022018816,-0.25761756,0.2565043
TCGA-E1-A7YW,0.46090472,-0.12790968,-0.31891888,-0.105034806,-0.5606674,0.8895199,2.4780643,2.1310954,-0.025263865,0.58923435,0.415933,-0.18103063,-0.06450901,2.6928785,-0.13242173,1.0960668,2.5708296,1.8636149,0.7217955,2.7828643,0.550195,-0.03506237,2.019147,0.29782182,-0.033381116,1.2648534,-0.035984587,-0.15143804,-0.5695903,-0.107431285,2.5605202,0.5580581,2.8127844,-0.66267407,-0.33992416,-0.2562085,2.1974418,-0.20488103,1.4329648,-0.176267,0.08608432,-1.3194109,-0.22780886,-0.063566074,-0.11257519,-0.019874668,-0.04087728,-0.35914767,-0.0011507735,2.7550814,-0.042854555,-0.29623643,-0.041765016,2.1925788,-0.013182104,0.94571626,-0.31349194,-0.5921193,-0.17549425,-0.023805091,0.045595404,-0.054650962,-0.65452397,0.95957434
TCGA-E1-A7YY,0.15671504,-0.09787589,-0.2101245,-0.053018548,-0.3370951,0.47898108,1.3344009,1.3013066,-0.01542905,0.25610694,0.24930736,-0.12923262,-0.036888715,1.8786657,-0.060104765,0.6870289,1.6622243,0.9572705,0.41361457,1.7839639,0.21167456,-0.025670946,1.1848841,0.38497895,-0.027819091,0.7762692,-0.031964283,-0.0674271,-0.38048205,-0.0988799,1.652554,0.23457697,1.7040447,-0.4280211,-0.19982952,-0.16966107,1.5117679,-0.15226106,0.81457967,-0.10185137,0.06707308,-0.8612809,-0.14730184,-0.02614148,-0.0704062,-0.008948914,-0.023764895,-0.2237499,0.1121435,1.6628699,-0.034568228,-0.16790876,-0.021218652,1.4347097,0.086316675,0.35589433,-0.19914705,-0.38541612,-0.102881566,-0.0077426257,-0.015660165,-0.03796203,-0.42218518,0.61098814
TCGA-E1-A7Z2,-0.013742215,-0.04605433,-0.058274355,-0.019567547,-0.056693614,0.09954597,0.15807782,0.17352162,-0.010958912,0.046519086,-0.003985997,-0.048671324,-0.013794485,0.53049755,-0.024289882,0.23488873,0.42675528,-0.014482054,-0.006868364,0.50047565,0.033195686,-0.0026050552,0.30592954,0.17723922,-0.014777647,0.23135333,0.047688786,-0.006958769,-0.11588931,-0.046200734,0.29350245,-0.014132624,0.502626,-0.105448365,-0.0486005,-0.03422831,0.32923582,-0.061104354,0.056064576,-0.006618008,0.04566526,-0.25505877,-0.04457214,0.04848266,-0.02181293,0.009370079,-0.007189219,-0.060470898,0.1331233,0.3993406,-0.008142001,-0.023216415,0.0996685,0.26299602,0.16419695,-0.014999664,-0.04163822,-0.108275436,-0.014463144,-0.01962206,-0.00052686746,-0.015395778,-0.124162056,-0.003842034
TCGA-E1-A7Z3,0.45867547,-0.11731728,-0.27629825,-0.08159446,-0.4715449,0.6828713,2.0158668,1.8109818,-0.014170713,0.4556911,0.3263014,-0.1643912,-0.053427596,2.3539531,-0.11006173,0.90190285,2.1716907,1.4820007,0.56596124,2.3523781,0.42004886,-0.034408484,1.7495248,0.33652085,-0.029323006,0.99793506,-0.031109719,-0.106675856,-0.48346797,-0.1066484,2.1160388,0.30942002,2.3242671,-0.5713686,-0.27951285,-0.2208188,1.9079492,-0.1878857,1.1407976,-0.1500904,0.15576254,-1.1279469,-0.18671928,-0.061073374,-0.09402153,-0.012022744,-0.029224599,-0.2965487,0.08085312,2.2639875,-0.04822576,-0.24334502,-0.027439196,1.872232,0.0025284104,0.7869029,-0.2599147,-0.50781775,-0.14832895,-0.016472107,-0.021225708,-0.04388876,-0.5553958,0.7765827
TCGA-E1-A7Z4,0.5286765,-0.13041857,-0.33453223,-0.10331824,-0.5860638,0.9229312,2.4886143,2.143103,-0.012222675,0.624583,0.3094597,-0.19415899,-0.07637906,2.6971638,-0.14182776,1.209897,2.7287946,1.8609362,0.7635847,2.8570936,0.5927141,-0.030170215,2.1823354,0.40008736,-0.026552832,1.3046757,-0.033088405,-0.16103755,-0.57875234,-0.11877421,2.6727073,0.5231161,2.8443933,-0.68951774,-0.3487061,-0.27916893,2.2057886,-0.20613256,1.4945312,-0.16834705,0.10849807,-1.3576474,-0.24212074,-0.069891244,-0.11955462,-0.024095856,-0.036820978,-0.36791864,0.06853135,2.9618986,-0.03964323,-0.2902697,-0.049346503,2.3119376,-0.017846717,0.9977387,-0.31626675,-0.6133316,-0.17127375,-0.030245898,-0.0030293127,-0.05919342,-0.6801105,1.0879066
TCGA-E1-A7Z6,0.36600938,-0.114093654,-0.29449877,-0.0991774,-0.53990936,0.79616016,2.3291554,2.0267975,-0.019676344,0.44807687,0.41154948,-0.17058077,-0.07099318,2.5484753,-0.13234727,1.0873185,2.5682883,1.6544782,0.58687085,2.5309474,0.42339322,-0.027597148,1.9158378,0.2438245,-0.029659083,1.1833335,-0.044017367,-0.1375929,-0.5296938,-0.12074871,2.3727942,0.43614626,2.636521,-0.62170446,-0.3133854,-0.24973547,2.021768,-0.19822554,1.2743639,-0.16104208,0.0887602,-1.2457355,-0.20909563,-0.057813656,-0.11001312,-0.0056845704,-0.03284017,-0.3383977,0.22056408,2.6803544,-0.048830997,-0.2574656,-0.04039503,2.0820203,-0.016925376,0.9486394,-0.28380707,-0.5686488,-0.16673043,-0.02854756,-0.008947547,-0.045206603,-0.619309,0.9628763
TCGA-EZ-7264,0.6177693,-0.13056268,-0.3363252,-0.111068405,-0.6409313,0.8588005,2.7587717,2.3112862,-0.026385432,0.6001138,0.41505435,-0.20471899,-0.08834749,2.885175,-0.15082318,1.2225765,2.813419,1.9980744,0.7915418,2.954456,0.6758607,-0.03999178,2.268321,0.30515045,-0.047933415,1.3851199,-0.022855254,-0.16699995,-0.6015553,-0.12420601,2.7693954,0.5260375,3.0826514,-0.7320168,-0.37020275,-0.27660546,2.4383652,-0.21483903,1.624607,-0.19518763,0.2073155,-1.4281402,-0.25054953,-0.05560348,-0.11692188,-0.014999472,-0.0319718,-0.37887904,0.10175355,2.9848306,-0.041865487,-0.31481677,-0.042024724,2.377069,-0.025394974,1.1253535,-0.33975583,-0.6391431,-0.180388,-0.028493566,-0.011199199,-0.08123128,-0.7018401,1.1088504
TCGA-FG-5962,0.55448073,-0.124297775,-0.30727825,-0.08465113,-0.55785644,0.87092984,2.3869736,2.1325498,-0.022733822,0.52656716,0.29190117,-0.19574118,-0.07757088,2.5138903,-0.13961717,1.1927681,2.4921079,1.7858971,0.72804415,2.6531227,0.52777535,-0.036878157,1.8883526,0.32676297,-0.044479664,1.1539365,-0.016519656,-0.13775676,-0.556205,-0.117537975,2.4410057,0.36151847,2.758382,-0.6473295,-0.32947794,-0.24441122,2.259281,-0.19178742,1.4049401,-0.16281934,0.06882809,-1.2775873,-0.21832256,-0.04938477,-0.11045771,-0.011048636,-0.025197295,-0.3457304,0.109771505,2.6390002,-0.043573797,-0.30110025,-0.03738431,2.1811514,-0.025507212,0.8808564,-0.30120662,-0.57408726,-0.1716468,-0.03763018,-0.0069093257,-0.061131187,-0.6484312,1.0154649
TCGA-FG-5963,-0.013091725,-0.07119097,-0.10047209,-0.022300318,-0.12252196,0.22104494,0.61114424,0.5201511,-0.019980399,0.0505089,0.11969032,-0.06261651,-0.017027514,0.76896906,-0.027905291,0.25753364,0.48692918,0.2828639,0.07438535,0.8705893,0.057785634,-0.009145707,0.5380586,0.12973411,-0.009742322,0.2751465,-0.019398775,-0.020898338,-0.18961602,-0.050512325,0.66684747,-0.005451118,0.7600626,-0.21406546,-0.0897558,-0.06592226,0.68086874,-0.069867045,0.25966606,-0.04440674,-0.0069154697,-0.41689965,-0.059425384,0.042082127,-0.03981647,-0.0073816846,-0.03236846,-0.109279506,0.17599069,0.5641725,-0.015120345,-0.07810582,0.07647611,0.632639,0.2295878,-0.0041567506,-0.08217015,-0.19402112,-0.043123595,-0.0055447714,-0.00067956786,-0.016291773,-0.17856906,0.12626831
TCGA-FG-5964,0.2999432,-0.1041708,-0.26231647,-0.07078625,-0.48053598,0.6478641,1.983758,1.6800734,-0.024592245,0.5323474,0.3331843,-0.15383847,-0.068993434,2.3129206,-0.10719079,0.9142828,2.0650713,1.4342896,0.5524347,2.3154254,0.38022232,-0.038628023,1.6321627,0.30789235,-0.028087307,0.9294156,-0.024330465,-0.11628544,-0.48248085,-0.10630009,2.1671948,0.29220068,2.377362,-0.5733501,-0.27897054,-0.21731225,1.8794451,-0.1890609,1.1703575,-0.15482394,0.11011219,-1.1223264,-0.18648408,-0.044723485,-0.10069507,-0.011494205,-0.033130452,-0.28846613,0.0402676,2.3103073,-0.036685996,-0.25847208,-0.025130047,1.816023,-0.0075442004,0.79734325,-0.24926804,-0.5153977,-0.15201929,-0.011666066,-0.00902462,-0.04508787,-0.55194515,0.7966937
TCGA-FG-5965,0.3870681,-0.10687603,-0.270888,-0.09258852,-0.46290213,0.75485086,2.0009909,1.825059,-0.020040432,0.45426837,0.30207935,-0.15347472,-0.04510959,2.2379324,-0.10849072,1.0580465,2.102137,1.4224024,0.6154717,2.323453,0.38911793,-0.021451483,1.5669194,0.1915238,-0.023416368,1.100127,-0.025019437,-0.11769243,-0.49725467,-0.0797067,2.1926835,0.26657265,2.3975165,-0.5616039,-0.26856375,-0.20381656,1.9419392,-0.18332237,1.1727259,-0.15410942,0.03688955,-1.0989121,-0.18873724,-0.051876724,-0.109438084,-0.020918213,-0.045514446,-0.31258127,0.08659731,2.4059315,-0.03573413,-0.2457861,-0.04115228,1.8595445,-0.00517387,0.6162352,-0.26134038,-0.49063548,-0.14452553,-0.011054281,0.34588125,-0.056275215,-0.5735705,0.7331148
TCGA-FG-6688,-0.0067415643,-0.07537282,-0.10438466,-0.022180839,-0.14736007,0.22024997,0.5460291,0.6017102,-0.02456947,0.05521527,0.13935792,-0.08811142,-0.018504232,1.0185449,-0.028347502,0.37307456,0.8038913,0.20800245,0.03172942,0.9466163,0.055527244,-0.01627998,0.53080195,0.15418263,-0.009078278,0.3753719,-0.015255849,-0.03785971,-0.22460209,-0.07047202,0.7545835,-0.0031215143,1.1475244,-0.23511378,-0.10639661,-0.08779287,0.7072805,-0.0851158,0.3601094,-0.04479439,0.10464504,-0.46525702,-0.09181369,0.014698159,-0.04456642,-0.0064193616,-0.025634635,-0.121993795,0.17030056,0.686975,-0.011627525,-0.07574962,0.057660416,0.72857356,0.2090029,-0.005444936,-0.09627356,-0.20754495,-0.046521846,-0.019262832,-0.013985055,-0.014886896,-0.22860818,0.15771423
TCGA-FG-6689,0.4359373,-0.11862158,-0.28451318,-0.0841163,-0.51400495,0.71928155,2.1789787,1.9003526,-0.021082584,0.5164573,0.3486042,-0.17282325,-0.05030454,2.5221899,-0.115971245,0.9925086,2.3103142,1.6205567,0.6262145,2.5055184,0.5059306,-0.030557975,1.7632806,0.38113737,-0.023964774,1.0858961,-0.026614754,-0.12427703,-0.51936585,-0.10921585,2.3138084,0.41620144,2.5247085,-0.59838235,-0.30411744,-0.22911446,2.0195448,-0.19494504,1.2898145,-0.16123608,0.11894736,-1.1807379,-0.20552745,-0.04823448,-0.106669165,-0.0166903,-0.032979127,-0.31524274,0.084214225,2.5183895,-0.044215072,-0.258109,-0.04144724,1.9626702,-0.007998011,0.82198745,-0.27463508,-0.53186697,-0.16043393,-0.016315987,-0.0016920466,-0.05394693,-0.5888602,0.89086807
TCGA-FG-6690,0.46252614,-0.12615162,-0.30915758,-0.099643946,-0.5621864,0.7570598,2.3636806,1.9945709,-0.019483054,0.49922416,0.3092473,-0.18597077,-0.07161903,2.6384144,-0.13766846,1.1434438,2.5864286,1.713576,0.5938783,2.7644978,0.511577,-0.0332545,2.0133252,0.3844669,-0.041625936,1.2196392,-0.03612983,-0.14130275,-0.5538224,-0.12672953,2.5022793,0.43602985,2.7493324,-0.6455595,-0.32818836,-0.2553812,2.1287909,-0.21208656,1.4282537,-0.16299213,0.20713827,-1.2993616,-0.22490013,-0.06571083,-0.11759772,-0.008399318,-0.034376938,-0.3530874,0.17654373,2.7551177,-0.045007452,-0.2738485,-0.034817733,2.1251233,-0.010733947,0.9096264,-0.29801524,-0.58897626,-0.16995959,-0.023199279,-0.010101008,-0.05669735,-0.647161,0.9953126
TCGA-FG-6691,0.53193396,-0.13546701,-0.30329284,-0.085919455,-0.5197197,0.8645406,2.341747,1.8650236,-0.022991983,0.52400106,0.5526521,-0.18715616,-0.07835291,2.534882,-0.12053137,1.101834,2.3088906,1.6720294,0.6009421,2.59425,0.55288947,-0.04043136,1.8037779,0.34776253,-0.0202104,1.0578716,-0.039001103,-0.1365851,-0.52357036,-0.11138191,2.315603,0.27272287,2.7183774,-0.6170672,-0.3295203,-0.25093055,2.0774727,-0.18861307,1.2422042,-0.16038816,0.045964975,-1.227245,-0.20600663,-0.06227238,-0.11122686,-0.0033104755,-0.027520005,-0.3204542,0.1343527,2.649007,-0.04340484,-0.28634563,-0.030765194,1.8856257,-0.012914195,0.78617394,-0.29358324,-0.549549,-0.15942825,-0.034908846,-0.011270495,-0.05572136,-0.61912,0.81338274
TCGA-FG-6692,-0.014818733,-0.02865989,-0.031876527,-0.015846655,-0.022824414,0.11083007,0.006436169,0.017118923,-0.0129567785,-0.0051388973,0.004280098,-0.034327604,-0.013753469,0.22692768,-0.016757866,0.043026723,0.17160416,-0.012947573,-0.019405192,0.16703637,-0.026795441,-0.009312388,0.051609546,-0.0034933568,-0.012727603,0.07828678,-0.008429276,-0.007631411,-0.07111453,-0.028398035,0.05479677,-0.024388824,0.30404836,-0.06393667,-0.017126849,-0.01764342,0.25462115,-0.050042517,-0.0027439764,-0.01968712,0.06677161,-0.13815519,-0.019827064,-0.0005337793,-0.01452331,0.012234708,-0.008526976,-0.035237636,0.048089717,0.031441174,-0.009054144,-0.00554225,0.31573313,0.15506454,0.32085538,-0.0114281485,-0.02929518,-0.06880345,-0.016881898,-0.0042007277,-0.005924722,0.077108145,-0.060364004,-0.0035339005
TCGA-FG-7634,0.5748136,-0.109080926,-0.29144645,-0.09994205,-0.5473785,0.8865617,2.3532104,1.8912247,-0.016852899,0.49923328,0.39893726,-0.17913474,-0.0830914,2.5701725,-0.122266114,1.1389766,2.360648,1.6210979,0.66196793,2.5942593,0.596704,-0.043899782,1.8610146,0.25746465,-0.03730736,1.1401258,-0.029902527,-0.13860478,-0.5339585,-0.10828527,2.4681058,0.45500457,2.7692134,-0.6366195,-0.32355347,-0.24173914,2.1478438,-0.19181058,1.2145776,-0.17544162,0.07308151,-1.2451003,-0.20256019,-0.06632901,-0.10961721,-0.001467965,-0.02798211,-0.32922545,0.091143,2.5921855,-0.04467748,-0.2837044,-0.03134456,2.0990589,-0.011871708,0.9151966,-0.2948366,-0.5634938,-0.17103611,-0.023589721,0.020144876,-0.05610643,-0.6104815,0.9714758
TCGA-FG-7636,0.33465508,-0.1136384,-0.30392307,-0.101721205,-0.549576,0.714963,2.3136857,2.1285465,-0.025750766,0.6110094,0.46696252,-0.18048456,-0.060722608,2.4717982,-0.14239614,1.1273333,2.457909,1.6616324,0.654935,2.6951325,0.46602914,-0.04045832,2.0773885,0.31376407,-0.041277118,1.2727425,-0.033013217,-0.14158216,-0.5475858,-0.1021024,2.491239,0.41248685,2.6883209,-0.63715595,-0.3114512,-0.24449503,2.0482616,-0.20552161,1.2714401,-0.1695802,0.048353184,-1.2564328,-0.21476102,-0.060160168,-0.116956435,-0.014634691,-0.056368828,-0.34282574,0.019180909,2.781657,-0.044629265,-0.26506,-0.03793159,2.0235548,-0.0037686562,0.8852571,-0.28908643,-0.5699273,-0.17220904,-0.008923164,0.12650278,-0.04929817,-0.6252467,0.8525611
TCGA-FG-7637,0.62169635,-0.13044553,-0.331547,-0.105279066,-0.59469694,0.93504745,2.6644237,2.1664212,-0.016798738,0.7105525,0.4375329,-0.18892294,-0.07925331,2.7741811,-0.14038429,1.1564279,2.6790535,1.9615222,0.7305274,2.8201632,0.6250705,-0.04651599,2.10707,0.35158664,-0.040775746,1.2615507,-0.036124777,-0.16711368,-0.57765514,-0.114657976,2.6847353,0.51837796,2.9900873,-0.7035458,-0.3526814,-0.27040017,2.3360267,-0.20798865,1.5645554,-0.18470418,0.06070211,-1.3631492,-0.23690124,-0.07380648,-0.11870511,-0.010015658,-0.027564868,-0.35981497,0.1405992,2.863076,-0.051253002,-0.30265757,-0.04786842,2.2625618,-0.010297238,1.0528442,-0.31404483,-0.6043829,-0.178237,-0.03357187,-0.017473135,-0.06468694,-0.67227846,1.0728031
TCGA-FG-7638,0.5082549,-0.13438575,-0.326544,-0.09866941,-0.5877573,0.85494846,2.4661903,2.1099408,-0.021043537,0.5477123,0.4906056,-0.19371003,-0.080425315,2.708779,-0.13697098,1.1667109,2.5934784,1.874212,0.6651937,2.8475318,0.6013965,-0.038141362,2.067761,0.41270357,-0.04071007,1.2366619,-0.02581188,-0.1475582,-0.57432127,-0.11900617,2.6403675,0.46524405,2.8502648,-0.6841128,-0.34823132,-0.2654267,2.2643356,-0.20604257,1.5118103,-0.1819717,0.1191954,-1.341479,-0.23960567,-0.063884646,-0.11866527,-0.01447203,-0.028699858,-0.35862637,0.13310339,2.814264,-0.049161475,-0.29479727,-0.03686258,2.224379,-0.015167199,0.9433665,-0.31295905,-0.60269743,-0.17405328,-0.026188398,-0.019397765,-0.062997565,-0.6606447,1.0599605
TCGA-FG-7641,0.5362355,-0.13209401,-0.32519427,-0.09353697,-0.5736553,0.82659453,2.4577818,2.103235,-0.025922699,0.5244948,0.46006584,-0.19207326,-0.075610615,2.7466834,-0.13431431,1.0588692,2.531986,1.7574446,0.6470329,2.7473612,0.6011366,-0.036284935,2.031519,0.34876442,-0.036295824,1.2378681,-0.02826399,-0.15029007,-0.5623336,-0.12022958,2.6209967,0.45758647,2.8013122,-0.6760099,-0.33731368,-0.25300553,2.2619634,-0.20639788,1.4203104,-0.17885982,0.1501587,-1.3267727,-0.23761515,-0.059254717,-0.11279885,-0.016472703,-0.03788195,-0.35227877,0.10945727,2.7540743,-0.044744592,-0.29469204,-0.044541515,2.1821337,-0.013444804,0.97032803,-0.30731174,-0.5963938,-0.17276892,-0.024766508,-0.014982077,-0.06594043,-0.65654284,0.990633
TCGA-FG-7643,-0.004119558,-0.07785613,-0.119632535,-0.033997707,-0.17113948,0.36358413,0.70745695,0.6819459,-0.021275615,0.112115994,0.14540157,-0.11368146,-0.016646957,1.1018792,-0.038251843,0.35125706,0.8712746,0.27942356,0.09047033,1.1347871,0.0125191845,-0.028694496,0.6777333,0.20384003,-0.017412461,0.5219257,-0.016844,-0.030629275,-0.26530743,-0.07402921,0.9862834,-0.0038037691,1.1708761,-0.26537332,-0.119122624,-0.09105325,0.8675296,-0.11162373,0.35399616,-0.060940243,0.14534211,-0.5615481,-0.102551416,-0.00481986,-0.052475095,0.034053706,-0.020517161,-0.14846201,0.20655097,0.8855288,-0.009784362,-0.08798106,0.045252338,0.87307584,0.23588939,0.048677105,-0.11440364,-0.25658667,-0.065584585,-0.012251571,-0.015425674,-0.020091392,-0.26767606,0.17079012
TCGA-FG-8181,0.05602658,-0.09092672,-0.17500822,-0.03928616,-0.250322,0.2744584,0.91234004,1.0272983,-0.009224779,0.06716337,0.22824576,-0.11947111,-0.025053313,1.452699,-0.041742668,0.58531463,1.2555418,0.7086963,0.30207798,1.4315252,0.09377922,-0.028631527,0.9360487,0.40993628,-0.019674165,0.64500165,-0.02506186,-0.036799155,-0.31648102,-0.08761727,1.2046903,0.03355274,1.3126636,-0.34454462,-0.15083574,-0.1332994,1.1468589,-0.13624462,0.659072,-0.08000253,0.086670265,-0.7042023,-0.10832681,-0.019108033,-0.0568232,-0.002564169,-0.013165379,-0.16815847,0.11950393,1.3618633,-0.022869391,-0.115130566,-0.019051194,1.0700977,0.22711007,0.23124012,-0.15929958,-0.31602976,-0.08018314,0.020952908,-0.028625384,-0.02518857,-0.33680868,0.435074
TCGA-FG-8182,0.45305836,-0.12734444,-0.31049415,-0.0971057,-0.5331067,0.84365666,2.2852037,1.9981557,-0.023598123,0.48089358,0.31993172,-0.18516567,-0.066731505,2.6669102,-0.13237585,1.0928195,2.4873323,1.737618,0.6319294,2.6390007,0.53776586,-0.03295069,2.0422885,0.30741113,-0.033484664,1.1919805,-0.03349077,-0.14335011,-0.54817075,-0.1197596,2.4820051,0.36757255,2.6815732,-0.64573735,-0.32490754,-0.24580672,2.1310217,-0.21509759,1.287069,-0.16379915,0.12131396,-1.2696152,-0.21808243,-0.06302405,-0.1109131,-0.012966036,-0.04009366,-0.34203807,0.14167424,2.6051285,-0.044454128,-0.26939106,-0.031784315,2.1413112,-0.016619047,0.90291643,-0.29082087,-0.57754177,-0.1633877,-0.02692498,-0.0061646285,-0.057264037,-0.6297794,0.8747031
TCGA-FG-8185,0.56314665,-0.13200891,-0.33107242,-0.10977548,-0.60946035,0.8938321,2.68418,2.2108421,-0.024299188,0.51181036,0.35652354,-0.19781893,-0.0816989,2.8234317,-0.14512953,1.228867,2.6561208,1.9072542,0.92860174,2.892571,0.7165446,-0.033946402,2.212057,0.37186632,-0.05002911,1.2223296,-0.022116523,-0.1674401,-0.58815026,-0.124036014,2.66524,0.5397744,3.010225,-0.7022154,-0.36434624,-0.27058414,2.4315772,-0.2101959,1.6195195,-0.18956512,0.018083256,-1.3904179,-0.2446014,-0.057519026,-0.106105044,-0.019515954,-0.028772851,-0.36310905,0.11297478,2.9613416,-0.058971055,-0.32568163,-0.057261672,2.3840098,-0.010977335,1.0989218,-0.33095205,-0.617149,-0.17431326,-0.029510498,-0.0017738286,-0.06699421,-0.68445367,1.0332211
TCGA-FG-8186,0.61685866,-0.13485412,-0.3315015,-0.09207135,-0.59440327,0.9096384,2.5261889,2.2204542,-0.022112323,0.56061345,0.437984,-0.19973734,-0.07907415,2.7245624,-0.13108087,1.1789815,2.6907325,1.8754965,0.7581961,2.7785792,0.64287233,-0.045133755,2.1180215,0.36917698,-0.04297655,1.3395611,-0.03916346,-0.15275659,-0.58423465,-0.1228279,2.6864977,0.51993465,2.8936927,-0.69883865,-0.35534313,-0.27140298,2.2816324,-0.21409023,1.5393782,-0.17844875,0.24153683,-1.3676145,-0.23985243,-0.071128935,-0.11379439,-0.019668626,-0.027462859,-0.35845643,0.1347077,2.796453,-0.045062203,-0.30012357,-0.041997194,2.3128302,-0.006282328,0.9810559,-0.31196356,-0.61523825,-0.17685229,-0.026020426,-0.011958814,-0.064666875,-0.6754062,1.0863196
TCGA-FG-8187,0.32936454,-0.10867987,-0.27614787,-0.07994762,-0.49156728,0.6782833,2.128825,1.7707347,-0.03523967,0.3980214,0.32697922,-0.1737356,-0.05774341,2.2803373,-0.106221035,1.0220597,2.213558,1.4998568,0.5020642,2.4202282,0.42120957,-0.025224244,1.7769611,0.2947713,-0.032120373,1.1045392,-0.018935042,-0.13707489,-0.49269882,-0.11445963,2.1834764,0.2703159,2.4908664,-0.5815703,-0.28804696,-0.21809892,1.9258813,-0.18510337,1.2174418,-0.14916001,0.1158497,-1.1322925,-0.2183579,-0.03738315,-0.109895565,-0.020626795,-0.038812142,-0.31427312,0.1028098,2.3077896,-0.04660105,-0.25075722,-0.03480227,2.058051,-0.0078026205,0.6903072,-0.2605504,-0.5261179,-0.14906712,-0.021110205,0.02364673,-0.06748667,-0.5789088,0.8988571
TCGA-FG-8188,0.42215213,-0.11088773,-0.30033153,-0.10258746,-0.5333043,0.87770426,2.3871138,2.0468783,-0.025252372,0.57048047,0.39009982,-0.17051023,-0.057025213,2.49853,-0.14354265,0.9963842,2.3731763,1.6117225,0.61437595,2.6275,0.53419745,-0.03417067,1.8853724,0.21815823,-0.032712236,1.1397953,-0.020137198,-0.14858146,-0.53150254,-0.1051239,2.36758,0.4299711,2.5739672,-0.6226148,-0.31422836,-0.22697678,2.0712445,-0.18840417,1.3240544,-0.16624613,0.053337004,-1.2282729,-0.19910245,-0.048549835,-0.10809981,-0.018368779,-0.046844404,-0.3270385,0.107102826,2.5793476,-0.04690365,-0.2732594,-0.044056237,2.0103037,-0.013703897,0.9775776,-0.2942625,-0.5521969,-0.16490315,-0.0179992,0.22282442,-0.048619743,-0.6150741,0.9044367
TCGA-FG-8189,0.16722263,-0.084788024,-0.19635941,-0.052636445,-0.2965794,0.3409785,1.1405263,1.1551186,-0.013330939,0.2222553,0.15505439,-0.12058866,-0.04213125,1.7081501,-0.04818317,0.6460014,1.4655668,0.8334144,0.31443974,1.5723406,0.22611286,-0.030000335,1.0638169,0.31896764,-0.02530416,0.73442554,-0.019042952,-0.052324515,-0.3347423,-0.09023758,1.4449322,0.1814714,1.4375091,-0.37683374,-0.17595737,-0.1510613,1.3695384,-0.14113621,0.7236666,-0.0959844,0.14486799,-0.7743977,-0.12896489,-0.029952956,-0.061247922,-0.0087298015,-0.016022973,-0.19312085,0.032273337,1.4265202,-0.027660355,-0.14338295,-0.02178776,1.258045,0.1231118,0.3507663,-0.18163066,-0.34813058,-0.0940102,-0.007827764,-0.022205219,-0.04216365,-0.37499577,0.52039415
TCGA-FG-8191,0.35668114,-0.1194675,-0.29350927,-0.09138272,-0.51966375,0.7642148,2.2895677,1.9923774,-0.025415396,0.45995143,0.38397038,-0.17234382,-0.064591356,2.5288599,-0.12481954,1.0172179,2.3950346,1.6686294,0.5717762,2.582618,0.5025756,-0.030231258,1.8537977,0.2843948,-0.033082053,1.1751354,-0.03480467,-0.1326507,-0.52795506,-0.11233218,2.3529887,0.4787171,2.5376606,-0.62254924,-0.31165606,-0.23908086,2.1040647,-0.1934983,1.2659367,-0.16291922,0.108033985,-1.2279052,-0.20544074,-0.052718874,-0.10277738,-0.0082884235,-0.03489981,-0.32534456,0.15490873,2.6120431,-0.04724723,-0.25956917,-0.037286866,2.066502,-0.0029315557,0.8296428,-0.27334782,-0.56303406,-0.15847716,-0.027538955,-0.0011669662,-0.055537876,-0.6074525,0.90562296
TCGA-FG-A4MT,0.6760259,-0.13875999,-0.34267172,-0.10739999,-0.630652,0.9034829,2.6775951,2.242042,-0.026539136,0.53076035,0.47392005,-0.2043594,-0.0747026,2.9329462,-0.15221518,1.2182133,2.8775756,1.8927827,0.83534634,2.9400046,0.5846062,-0.049289078,2.224071,0.3595125,-0.043820556,1.2382579,-0.032516222,-0.17400135,-0.6017494,-0.12511116,2.709842,0.5187316,3.0623527,-0.7181777,-0.36136442,-0.2854747,2.438257,-0.21430059,1.6001089,-0.19566599,0.16816485,-1.4149852,-0.24828044,-0.07063205,-0.11926539,-0.020789217,-0.03193612,-0.37745926,0.08503415,2.986774,-0.047720976,-0.31753895,-0.047408283,2.288781,-0.017325265,1.025009,-0.3348275,-0.6353244,-0.18490757,-0.03137935,-0.010354954,-0.062234562,-0.7098481,1.1204855
TCGA-FG-A4MU,-0.019810086,-0.02619787,-0.038214006,-0.018280912,-0.033552855,0.20987728,0.09880145,0.042394232,-0.009018893,-0.0062203356,-0.0037126967,-0.02889412,-0.015789475,0.29903385,-0.026167348,0.10781549,0.13531539,-0.015148952,-0.022330364,0.2690123,-0.028220711,-0.010438753,0.025615394,-0.0037104716,0.024465837,0.07346037,-0.0069114566,0.0018001399,-0.07289525,-0.031256232,0.062181436,-0.024090216,0.40938398,-0.063211374,-0.018285213,-0.01992816,0.35790044,-0.05238653,0.041850626,-0.018209286,0.056641597,-0.14497605,-0.020264806,-0.0047583086,-0.02824816,0.044581875,-0.006116561,-0.035434105,0.12671976,0.12341502,-0.016684277,-0.014768283,0.18038023,0.16657925,0.18192036,-0.008622582,-0.03562065,-0.07312513,-0.017258702,-0.00611616,-0.001240512,-0.00042692307,-0.05983142,-0.017372007
TCGA-FG-A4MW,-0.0018053722,-0.044637006,-0.07283823,-0.022482038,-0.06885422,0.09549834,0.278351,0.2608965,-0.025703315,-0.0085992,-0.0041253497,-0.05445384,-0.018403433,0.44287753,-0.025184793,0.22202057,0.433843,-0.0031852403,-0.01283468,0.39357167,-0.012777838,-0.015971063,0.22688016,0.060872406,-0.004194591,0.13803475,-0.011038433,-0.016356727,-0.11939665,-0.04487668,0.29933798,-0.018839976,0.6619901,-0.13245682,-0.05529665,-0.041749243,0.43765098,-0.06524679,0.022759985,-0.031243095,0.094877824,-0.25740525,-0.03668567,0.009423565,-0.033610534,-0.0014313901,-0.013774601,-0.07483442,0.1438056,0.40117356,-0.013465333,-0.043868974,0.20424023,0.256406,0.22662081,-0.009267228,-0.05249166,-0.1257113,-0.028510764,-0.01352367,0.040462054,-0.0109659135,-0.12108953,-0.0022840556
TCGA-FG-A4MX,0.4814754,-0.12344741,-0.32192916,-0.09625488,-0.58073944,0.82150966,2.5913837,2.1450274,-0.024891624,0.6128177,0.38048357,-0.18172225,-0.074789524,2.7898,-0.1383181,1.1476301,2.564348,1.8106297,0.72292125,2.75577,0.59615195,-0.031467397,2.1469893,0.3703397,-0.050579157,1.2234381,-0.028229956,-0.15674855,-0.5694666,-0.10759536,2.6828513,0.5563287,2.8015187,-0.68429595,-0.34846398,-0.2550552,2.2487671,-0.2070732,1.5362439,-0.17064296,0.04126395,-1.3392022,-0.22942355,-0.066032596,-0.105495594,-0.0051024533,-0.033166125,-0.36228982,0.016334131,2.8049805,-0.047368728,-0.3001678,-0.054822434,2.2527757,-0.003542294,0.996988,-0.3093028,-0.6023457,-0.1721631,-0.02611965,0.08614622,-0.069226496,-0.65946275,0.95824665
TCGA-FG-A4MY,0.40967944,-0.10342802,-0.27891704,-0.08384494,-0.49021164,0.7100604,2.3387678,1.744738,-0.016383847,0.5426542,0.33403975,-0.16842566,-0.063159235,2.2130222,-0.10668512,0.8788082,2.0697699,1.3614341,0.57613873,2.2034445,0.50593996,-0.03343702,1.712281,0.11114587,-0.021621667,0.9438611,-0.023164373,-0.13443452,-0.4885149,-0.10091491,2.1942666,0.28149766,2.4241421,-0.58576405,-0.28531465,-0.2113112,2.0436404,-0.17167865,1.2132021,-0.16389835,0.00257409,-1.1248473,-0.1761057,-0.035551883,-0.109750465,-0.025927154,-0.045565844,-0.3043978,0.24450509,2.402404,-0.053454515,-0.25504336,-0.032690383,1.8666501,-0.0037340585,0.79842764,-0.26216576,-0.5123159,-0.14476483,-0.018968603,0.26503643,-0.042303506,-0.56420606,0.71852845
TCGA-FG-A60J,0.4034716,-0.13031785,-0.32389447,-0.09588033,-0.5650141,0.84717804,2.4346416,2.025945,-0.028947646,0.47763315,0.2609788,-0.18792127,-0.07090202,2.6831813,-0.13320026,1.3001748,2.5273077,1.8195775,0.7634114,2.6691518,0.5246518,-0.030874154,2.0154467,0.3913104,-0.0377721,1.193622,-0.041545395,-0.16057521,-0.553079,-0.1176618,2.6409504,0.39871854,2.8426256,-0.66710836,-0.33841854,-0.26087686,2.214027,-0.20431288,1.4639018,-0.1834881,0.071745306,-1.3149818,-0.23765576,-0.055359323,-0.10724155,-0.0064662434,-0.031546265,-0.35468408,0.12186898,2.7793188,-0.041914638,-0.2943406,-0.04296721,2.28519,-0.016527416,1.037249,-0.30042982,-0.59611297,-0.17403036,-0.028108492,0.075678766,-0.06784951,-0.6614488,1.0120753
TCGA-FG-A60K,0.54515874,-0.13461982,-0.32086334,-0.09768621,-0.57895476,0.84420055,2.4866784,2.114968,-0.014150863,0.5315314,0.41700476,-0.18975334,-0.0762814,2.7336435,-0.13273732,1.1606406,2.6449156,1.8603402,0.7062576,2.7804737,0.6936497,-0.037576605,2.0660937,0.31492695,-0.034485616,1.2677516,-0.030633677,-0.15081069,-0.5644471,-0.12579064,2.6692457,0.46167737,2.8138425,-0.67804676,-0.3356646,-0.25880122,2.194754,-0.21506293,1.4625189,-0.17614985,0.07908304,-1.3332747,-0.23269473,-0.065223545,-0.114431955,-0.014966058,-0.032020565,-0.35435304,0.14858867,2.8216722,-0.04223272,-0.29104495,-0.041263063,2.236449,-0.01726253,0.9011563,-0.3083937,-0.6031446,-0.16917928,-0.023200301,-0.0055437046,-0.063885644,-0.65997964,1.0650352
TCGA-FG-A60L,0.41780582,-0.111168854,-0.2736757,-0.094474874,-0.48987326,0.7593499,2.1360967,1.7857105,-0.025222588,0.4444905,0.32479408,-0.16689374,-0.061172258,2.3496675,-0.11686257,0.9847486,2.1866443,1.4433879,0.6208695,2.3171778,0.47300676,-0.036851667,1.8328191,0.34876812,-0.029088894,0.8643224,-0.040388063,-0.13212365,-0.4911785,-0.10208783,2.3494284,0.46600103,2.4243677,-0.5802819,-0.28652397,-0.21553805,2.0243378,-0.1704763,1.1254048,-0.15527216,0.091026634,-1.1517022,-0.19340438,-0.048433285,-0.08499435,-0.010100386,-0.030143404,-0.30984998,0.20606919,2.320493,-0.04403638,-0.2528537,-0.017453399,1.8647459,0.0031869225,0.8226367,-0.24979642,-0.5200635,-0.1483322,-0.012006895,0.0068676732,-0.047129046,-0.5606295,0.8630898
TCGA-FG-A6IZ,0.6673488,-0.13742189,-0.34795472,-0.113093786,-0.6377627,0.8742915,2.7435098,2.2201657,-0.029924108,0.5785503,0.43212408,-0.20980811,-0.08781456,2.870198,-0.15860038,1.1410367,2.792646,1.9184777,0.76571894,2.880755,0.671203,-0.045305174,2.2012832,0.4297428,-0.0549814,1.2687428,-0.025513573,-0.16572677,-0.60486525,-0.11570825,2.7825043,0.58582854,3.0345824,-0.72429436,-0.36831188,-0.27795786,2.454206,-0.21533516,1.5773749,-0.19910364,0.14682758,-1.4408461,-0.24747415,-0.059703656,-0.118060246,-0.01900522,-0.031758185,-0.375869,0.10609312,2.9927828,-0.048449963,-0.31247902,-0.048724163,2.3289227,-0.031034946,1.1428376,-0.34333536,-0.6428817,-0.19822003,-0.033857666,-0.006606463,-0.076090924,-0.7153298,1.1656619
TCGA-FG-A6J1,0.5952645,-0.13729207,-0.3307983,-0.097966865,-0.5999775,0.81076044,2.5724711,2.1655529,-0.024904812,0.50592726,0.43058944,-0.19212463,-0.07818882,2.8514702,-0.14044262,1.1375988,2.6997101,1.8891147,0.7027922,2.8453944,0.6076528,-0.040257253,2.1455603,0.41427058,-0.037716877,1.263923,-0.028387377,-0.15543358,-0.58011526,-0.12308403,2.6257017,0.51118845,2.9247777,-0.69901866,-0.35310027,-0.27166682,2.2963307,-0.21706727,1.6109841,-0.18344967,0.13957399,-1.3704385,-0.2475767,-0.06950196,-0.11922733,-0.016006015,-0.030249238,-0.36226103,0.09804608,2.8323152,-0.04656377,-0.30410048,-0.042296298,2.2711568,-0.01861998,1.0207615,-0.32437333,-0.6196792,-0.179621,-0.026756495,-0.025075493,-0.069044165,-0.6785477,1.0927517
TCGA-FG-A6J3,0.057452273,-0.05890738,-0.16645804,-0.07520815,-0.24987255,0.45522958,1.5276649,0.933606,-0.03239531,0.4856623,0.16316476,-0.10763004,-0.027727306,0.9864545,-0.08059945,0.4302976,1.039453,0.57835776,-0.008715175,1.2552559,0.18742414,-0.022972362,0.9357101,0.037613966,-0.024977976,0.50006545,-0.005814587,-0.0689111,-0.31231165,-0.055520423,1.2637467,-0.010152092,1.2843412,-0.3199618,-0.15344964,-0.06454288,1.0814341,-0.10703094,0.39631557,-0.09496118,-0.0080338195,-0.6267225,-0.07262701,0.061835762,-0.040449746,-0.0137227345,-0.033776417,-0.1898733,0.30370224,1.3272543,-0.01394394,-0.1253421,-0.017666852,0.9461512,-0.0067244605,0.21275172,-0.12814222,-0.25816357,-0.092825934,-0.023986718,0.8390363,-0.021635676,-0.29106852,0.23008311
TCGA-FG-A70Y,0.46898156,-0.117159724,-0.2813183,-0.08681529,-0.50007206,0.7368244,2.2037067,1.8513175,-0.020397043,0.47817764,0.33629787,-0.1608491,-0.056499362,2.4221334,-0.12331509,0.98033786,2.3026226,1.495217,0.69907606,2.4822679,0.47197106,-0.02788325,1.860216,0.24187319,-0.015863266,1.0588603,-0.03086253,-0.13892935,-0.5151232,-0.0995491,2.2530065,0.47711265,2.4569669,-0.5971088,-0.29950562,-0.22244501,1.9939826,-0.18844369,1.216873,-0.16089146,0.034379136,-1.1920215,-0.20322192,-0.05248187,-0.10233518,-0.018137287,-0.04206186,-0.3206037,0.19452767,2.5258503,-0.05105127,-0.26073286,-0.034411944,1.9141091,-0.00420764,0.9604193,-0.2704042,-0.5301559,-0.1539598,-0.022252714,0.021787073,-0.03538826,-0.5842455,0.8307178
TCGA-FG-A70Z,-0.007277696,-0.04547968,-0.049049597,-0.021186417,-0.07089763,0.10311918,0.2839898,0.20496312,-0.006751485,-3.8175844e-05,0.056349836,-0.04684266,-0.010528808,0.43997422,-0.016053898,0.100150675,0.39133635,0.018676845,-0.0029254574,0.32888743,-0.0074422196,-0.012192504,0.20484081,0.06633041,-0.0053932667,0.120815486,-0.007970928,-0.0119673,-0.112347364,-0.03139643,0.28717223,-0.010048741,0.4392926,-0.11665993,-0.045548413,-0.04133185,0.4227681,-0.063702665,0.021818276,-0.033157315,0.151017,-0.23551889,-0.03859895,-0.002044752,-0.024181722,0.04415743,-0.0042568776,-0.054473188,0.056723006,0.31846026,-0.015975012,-0.04086394,0.14192733,0.32461676,0.1780066,-0.010199229,-0.037753887,-0.104512274,-0.033454385,-0.011493589,-0.0121869445,0.012240299,-0.10222941,0.05386988
TCGA-FG-A710,0.53086656,-0.12780556,-0.30038837,-0.086205475,-0.5400645,0.8741929,2.2130253,2.006122,-0.010324413,0.5619756,0.47416598,-0.18256131,-0.07378849,2.4933996,-0.13438904,1.0627716,2.4490778,1.7334359,0.65360606,2.572878,0.43823785,-0.03730122,1.8639703,0.2725197,-0.036592785,1.0223832,-0.02206046,-0.13715622,-0.517868,-0.119587235,2.2733376,0.44460315,2.5391803,-0.62994874,-0.31071126,-0.2338641,2.1350603,-0.2042948,1.3842407,-0.16546786,0.011426192,-1.2401243,-0.2201859,-0.05680705,-0.109843336,-0.020181589,-0.030943854,-0.32665762,0.099572375,2.507816,-0.05007517,-0.2885664,-0.028412832,2.0853155,-0.0053865244,0.8939005,-0.29217884,-0.5686291,-0.15549938,-0.008833874,-0.004735428,-0.05172518,-0.6113121,0.83259064
TCGA-FG-A711,0.25593746,-0.1036137,-0.2622448,-0.09078666,-0.43634412,0.68754023,1.9971507,1.7489536,-0.016207745,0.3362346,0.19842401,-0.14770389,-0.0517879,2.1560442,-0.09924737,0.9154971,2.0178778,1.1913813,0.57367814,2.1370602,0.41388467,-0.013597207,1.5340083,0.18028812,-0.031413045,1.0362285,-0.025057083,-0.1087689,-0.4535695,-0.08819967,1.9903438,0.28989774,2.1374273,-0.52731836,-0.27339184,-0.19083282,1.8395145,-0.16194397,1.2144669,-0.14278743,-0.010213665,-1.0327343,-0.16888471,-0.034637894,-0.0914504,-0.0031989075,-0.03494821,-0.30690706,0.10763745,2.1471922,-0.020897787,-0.23701036,-0.04087702,1.7833121,-0.018125577,0.5999552,-0.25438944,-0.46336514,-0.14045136,-0.019404931,0.19227068,-0.048481382,-0.52416295,0.65652126
TCGA-FG-A713,0.34454617,-0.11348315,-0.25242743,-0.07550607,-0.43003303,0.57407796,1.8353112,1.525211,-0.021262547,0.36495692,0.31982765,-0.1529954,-0.055158187,2.2055476,-0.091661595,0.8455841,1.985193,1.2895747,0.4587141,2.226816,0.33840385,-0.034890126,1.6235167,0.40292287,-0.026082302,0.91335833,-0.027646307,-0.10175269,-0.45539713,-0.109927215,2.0633812,0.3048932,2.197333,-0.5247136,-0.2606748,-0.19647434,1.7281723,-0.1777995,1.0727023,-0.1327989,0.09979738,-1.0521308,-0.17974739,-0.04148479,-0.09147682,-0.013347034,-0.032520972,-0.27909115,0.14218687,2.0811484,-0.035300102,-0.21391307,-0.023850722,1.7531441,0.011732642,0.60226786,-0.23714326,-0.4768788,-0.12743689,-0.014166166,-0.016600471,-0.050084718,-0.51529,0.78867877
TCGA-FG-A87N,0.058614966,-0.039430287,-0.16506492,-0.07026434,-0.26684096,0.53327,1.2286098,1.1020557,-0.030994443,0.49634477,0.2279461,-0.08302507,-0.039695326,1.0542305,-0.06257464,0.27361706,1.31923,0.67474234,0.08418766,1.2630795,0.06906681,-0.016307574,0.7357412,-0.0068953778,-0.021503886,0.40971544,-0.017141702,-0.051649045,-0.2791063,-0.04519405,0.96304065,0.07670116,1.3367991,-0.33375713,-0.1649825,-0.109306395,1.2891984,-0.1171415,0.33786142,-0.099079184,0.08128564,-0.6236189,-0.09114043,-0.014275546,-0.082109205,-0.024934314,-0.019643767,-0.15739565,0.11782698,1.3632607,-0.031356808,-0.140469,-0.0056240694,1.0171834,-0.010143458,0.21216732,-0.106429376,-0.2762004,-0.10195179,-0.0036156387,0.46285778,-0.03315396,-0.2765779,0.29078016
TCGA-FG-A87Q,-0.0033488837,-0.05525699,-0.06928885,-0.01799815,-0.099067256,0.09456375,0.3209849,0.51385885,-0.017484993,0.019418152,0.08270883,-0.06795691,-0.020781199,0.63867295,-0.022842562,0.20223175,0.742481,0.15761286,-0.0005259708,0.6910729,-0.024117475,-0.018389923,0.26871058,0.1991952,-0.00078065286,0.19831,-0.015709322,-0.015712103,-0.16841704,-0.04852222,0.5336853,-0.013197866,0.9054097,-0.16355088,-0.07818701,-0.050515383,0.54507613,-0.077276625,0.014907321,-0.040663727,0.027222391,-0.33327764,-0.03493449,0.07420346,-0.044245224,-0.0034776113,-0.01248303,-0.08527265,0.0758968,0.51361895,-0.0060125603,-0.06229032,0.10477485,0.4795136,0.20056887,-0.008229916,-0.062146552,-0.14641455,-0.033681538,-0.0142676085,-0.013894406,0.020056855,-0.15348116,-0.00069186493
TCGA-FN-7833,0.57429236,-0.13592826,-0.32500336,-0.0985245,-0.5968457,0.80361897,2.5324411,2.207265,-0.017077275,0.52016693,0.47011173,-0.18860605,-0.078655735,2.8355844,-0.14236431,1.2150645,2.715665,1.8889053,0.71541286,2.9627087,0.60444385,-0.036338944,2.0894237,0.3186991,-0.032024812,1.2656711,-0.043749582,-0.16593185,-0.5755269,-0.120199814,2.7005174,0.58043396,2.9357774,-0.6878027,-0.35831928,-0.26111156,2.2642543,-0.20509759,1.5139117,-0.18588327,0.13372052,-1.3595974,-0.23595937,-0.06901935,-0.110012926,-0.018086594,-0.033187836,-0.3651657,0.14114793,2.853501,-0.04295767,-0.2963499,-0.042395942,2.2521524,-0.016308812,0.9926455,-0.30984882,-0.6107155,-0.17336944,-0.024062626,-0.0035941978,-0.05742336,-0.67525154,1.086212
TCGA-HT-7468,0.5622544,-0.12385809,-0.31736064,-0.09775269,-0.6077021,0.84330505,2.63472,2.1670022,-0.024589151,0.641802,0.4914037,-0.19694446,-0.069610305,2.6927314,-0.14638518,1.1497889,2.6344736,1.8681407,0.83321184,2.9557915,0.5853574,-0.042349912,2.1392646,0.2300231,-0.04537727,1.21174,-0.023773858,-0.16146909,-0.58119494,-0.12553458,2.6776695,0.43018377,2.949056,-0.6992794,-0.3550869,-0.25362378,2.3734975,-0.2123144,1.5327008,-0.19751173,0.11822565,-1.36631,-0.2347087,-0.049744647,-0.1224952,-0.02198345,-0.04261177,-0.3581358,0.10655309,2.8624494,-0.05487941,-0.31417975,-0.0444975,2.2881129,-0.010926144,0.9563437,-0.32050294,-0.627945,-0.17654698,-0.0222309,-0.0053638285,-0.06866742,-0.67358565,1.0500699
TCGA-HT-7469,-0.0035523833,-0.041466378,-0.062455367,-0.037764896,-0.0955775,0.2720878,0.3675009,0.21554334,-0.02601768,-0.00045239946,-0.013686824,-0.050257176,-0.0071207765,0.3529016,-0.040238257,0.15549332,0.475019,-0.015800988,-0.0307492,0.3872678,0.047414128,-0.020760855,0.33595732,-0.0031264864,-0.012520008,0.26695573,-0.00599208,-0.0153372055,-0.13571051,-0.031462673,0.35372615,-0.01369202,0.5136841,-0.14807974,-0.056980964,-0.054830313,0.57089686,-0.05961907,0.150965,-0.02531672,0.06277311,-0.27484646,-0.034281466,-0.0060045826,-0.016460849,-0.0074643306,-0.009537332,-0.074279435,0.3741607,0.10547202,-0.034332823,-0.036748167,0.08653407,0.41802663,0.059561644,0.039967973,-0.03550069,-0.11283679,-0.05922482,-0.009018297,0.16490762,-0.001972599,-0.11963403,0.22855538
TCGA-HT-7470,0.23428856,-0.0844352,-0.22691837,-0.075064555,-0.38160515,0.5316349,1.8602238,1.4283072,-0.019731607,0.41040078,0.27463055,-0.13785319,-0.029668575,1.7943083,-0.08901232,0.76527864,1.6497518,1.2089219,0.33200508,2.0086358,0.3361464,-0.025632387,1.4343226,0.09446745,-0.022156602,0.8379827,-0.023972701,-0.10044106,-0.41599065,-0.08410392,1.8981237,0.28565264,1.9550332,-0.48150596,-0.22675815,-0.16589792,1.6187696,-0.1667376,0.9309817,-0.12625714,0.08687854,-0.9231353,-0.15842733,-0.0055362796,-0.09528656,-0.017406302,-0.02938754,-0.2585569,0.10751541,1.9368218,-0.032623366,-0.20712267,-0.017228564,1.4488024,0.08366059,0.48294395,-0.20720838,-0.41419825,-0.12021641,-0.0042843125,0.45239767,-0.044076033,-0.46862563,0.49608454
TCGA-HT-7473,0.48924989,-0.12110027,-0.3056632,-0.09159295,-0.5325785,0.8513227,2.360483,2.0636764,-0.02200965,0.43065843,0.30935192,-0.1771655,-0.062688254,2.5280964,-0.12774785,1.0102724,2.5113385,1.758004,0.62097436,2.6499903,0.4404249,-0.027494121,1.877304,0.24404,-0.022917159,1.1134753,-0.038083527,-0.14118879,-0.53354424,-0.10568928,2.4919944,0.5022443,2.654895,-0.62202525,-0.30684924,-0.25426546,2.107587,-0.19918686,1.370331,-0.16744648,0.12858085,-1.2467886,-0.2092785,-0.06063008,-0.10422397,-0.016505985,-0.033851933,-0.33278677,0.13930584,2.6382601,-0.055265676,-0.26566255,-0.035736956,2.02999,-0.005838921,0.9332497,-0.28553435,-0.5657408,-0.16411959,-0.027020816,-0.0007050712,-0.048401844,-0.6153573,0.96539193
TCGA-HT-7474,0.2791928,-0.11144662,-0.2654957,-0.085468285,-0.46351334,0.71568954,2.0268717,1.792928,-0.023536015,0.41227522,0.3052646,-0.15921669,-0.058188874,2.3355937,-0.10814277,0.94097465,2.1585987,1.4652206,0.5611173,2.3419702,0.4408417,-0.03608362,1.7163552,0.3559605,-0.036574047,1.0400659,-0.02751241,-0.11229286,-0.490679,-0.113040105,2.1177843,0.37756008,2.3614898,-0.56475705,-0.28441277,-0.22094233,1.8946584,-0.18218426,1.2311288,-0.14551249,0.1286101,-1.1218196,-0.19125341,-0.045337617,-0.0950652,-0.019896565,-0.037097603,-0.3046788,0.0918069,2.2913587,-0.04281358,-0.23633938,-0.024944037,1.8563149,-0.008932874,0.70359266,-0.24763818,-0.509475,-0.14601974,-0.013628895,-0.010798596,-0.052033823,-0.5605455,0.8025955
TCGA-HT-7475,0.505233,-0.12251414,-0.31151682,-0.11027302,-0.55578905,0.86804503,2.3984964,2.0590127,-0.018451238,0.6027152,0.3127526,-0.18958119,-0.074066624,2.6642656,-0.14002597,1.110284,2.6313999,1.7602037,0.7684003,2.6109047,0.56949705,-0.046980496,2.0420313,0.26642254,-0.03992104,1.2380742,-0.03640038,-0.13917677,-0.5741208,-0.11695152,2.6636157,0.36065853,2.7460926,-0.6585695,-0.32528433,-0.26928988,2.2547197,-0.20270644,1.4859985,-0.17419727,0.12649003,-1.3009185,-0.22699232,-0.06970143,-0.11481643,-0.018051839,-0.03989708,-0.3536013,-8.8046494e-05,2.7663543,-0.054194327,-0.28258258,-0.039702117,2.1456244,-0.015752008,0.86436874,-0.30135122,-0.5890635,-0.16531754,-0.017761216,0.008001503,-0.05681696,-0.65119135,1.0777637
TCGA-HT-7476,0.49979335,-0.109647594,-0.28165114,-0.100921206,-0.50971305,0.7088258,2.195433,1.8633516,-0.016075358,0.5429,0.31488433,-0.17166755,-0.06911076,2.348074,-0.12647292,1.0429555,2.231805,1.6071385,0.6282146,2.334293,0.45925203,-0.043251228,1.7422891,0.31015018,-0.03267013,1.0463731,-0.02511206,-0.13852009,-0.5086362,-0.10530646,2.2509093,0.40056348,2.5265245,-0.59508497,-0.2840086,-0.22161105,2.037702,-0.17449893,1.2575314,-0.15978055,0.07766035,-1.1744392,-0.17781508,-0.0576019,-0.091205835,-0.010457693,-0.020972965,-0.30414802,0.16822936,2.3517973,-0.047706585,-0.26440725,-0.03044622,1.8584678,-0.010996587,1.0054055,-0.26580375,-0.5161064,-0.15441431,-0.012050466,0.054767746,-0.04139669,-0.5749149,0.8912535
TCGA-HT-7477,0.11091803,-0.09324822,-0.22076276,-0.09362041,-0.38162956,0.71370417,1.7945161,1.312062,-0.023590056,0.54151446,0.29202133,-0.12250731,-0.032385364,1.6951814,-0.08756241,0.77427834,1.5411822,1.0043409,0.04548378,1.7554172,0.3068227,-0.022182364,1.3278757,0.085398,-0.013081046,0.78749746,-0.024960771,-0.09722109,-0.38061753,-0.096466586,1.6359062,0.066966146,1.8806033,-0.47621185,-0.20834146,-0.14476304,1.5058709,-0.1591433,0.74057525,-0.13368265,0.102912754,-0.8842373,-0.14183271,0.053314548,-0.0964854,-0.044582944,-0.02744115,-0.24033721,0.15924408,1.9826162,-0.026378253,-0.20660527,-0.037598077,1.296456,-0.014770912,0.31487495,-0.19615369,-0.37624916,-0.10635952,-0.0067230277,0.90481484,-0.046476603,-0.4308644,0.40057194
TCGA-HT-7478,0.37758294,-0.115931846,-0.2783175,-0.07893318,-0.47682387,0.68345517,2.0878017,1.8605071,-0.020828875,0.41972074,0.3857962,-0.16762106,-0.048215028,2.3793178,-0.11926329,1.0087181,2.2396638,1.596991,0.58174634,2.4733388,0.3559707,-0.027731959,1.729874,0.29066998,-0.025729794,0.94936645,-0.037839543,-0.13245927,-0.5026577,-0.097974405,2.2547026,0.5079791,2.4679708,-0.58836925,-0.285537,-0.22561447,1.9483937,-0.19006737,1.2329078,-0.15920754,0.16205348,-1.1423905,-0.20288506,-0.051345628,-0.090334184,-0.011803309,-0.036315665,-0.30526623,0.1063353,2.382582,-0.046602044,-0.24693523,-0.035990972,1.8936697,-5.414076e-05,0.75291944,-0.25888672,-0.5192715,-0.15424976,-0.010564043,-0.0075800675,-0.040332414,-0.5723647,0.7807078
TCGA-HT-7479,0.3671012,-0.11953334,-0.27963698,-0.089251496,-0.49387214,0.70205647,2.1585274,1.8287921,-0.026897717,0.3754945,0.34251738,-0.17408912,-0.06056103,2.3630292,-0.11265868,0.943516,2.2571201,1.4740044,0.5116462,2.453209,0.40892413,-0.032783967,1.7947605,0.34538743,-0.029376296,1.0823413,-0.03155102,-0.12941833,-0.50099486,-0.11418652,2.2741947,0.3744381,2.526964,-0.59382415,-0.29710627,-0.23214488,2.0531607,-0.19080816,1.2059311,-0.15508394,0.1743862,-1.1702287,-0.20317252,-0.0491966,-0.101367585,-0.010943387,-0.03305363,-0.312985,0.16254152,2.393325,-0.035517763,-0.25333863,-0.035622157,1.934634,-0.003617645,0.74705917,-0.25806215,-0.540653,-0.15631288,-0.016070914,-0.008364613,-0.04568717,-0.58113474,0.91814953
TCGA-HT-7480,0.5635043,-0.13907747,-0.33500937,-0.10191214,-0.60452956,0.8399865,2.6508596,2.1970048,-0.024224205,0.6046986,0.43971068,-0.19988966,-0.071397655,2.8430502,-0.1392359,1.2186866,2.6634593,1.9213579,0.72571194,2.903075,0.6533643,-0.0367493,2.125326,0.38623196,-0.037592582,1.2785355,-0.03102527,-0.15938096,-0.58623993,-0.12407803,2.710453,0.5350479,2.9543774,-0.6967911,-0.3546033,-0.26571128,2.3815079,-0.21569109,1.5321498,-0.1846035,0.22993547,-1.3779074,-0.247038,-0.065450795,-0.11847782,-0.01816334,-0.031020982,-0.3613162,0.11596669,2.8429952,-0.046914477,-0.30663082,-0.048635613,2.2657497,-0.0109019205,0.94389987,-0.3201941,-0.61787444,-0.17880867,-0.0241435,-0.021514863,-0.06597154,-0.6822624,1.0484071
TCGA-HT-7481,0.37879288,-0.11739271,-0.2726297,-0.08580001,-0.47449356,0.69156915,2.0450108,1.8057541,-0.02576053,0.42821953,0.37594268,-0.16566944,-0.07109676,2.311046,-0.10538923,0.9216523,2.1307456,1.4588407,0.5691698,2.3769526,0.4240432,-0.030565245,1.7324605,0.38976514,-0.032534,1.0885528,-0.022003904,-0.11471831,-0.48783407,-0.11383659,2.2198622,0.40386406,2.4452024,-0.5756377,-0.27894148,-0.2127064,1.9271517,-0.18145138,1.2306736,-0.15576021,0.08065602,-1.1397147,-0.2006605,-0.045141533,-0.09796522,-0.019236034,-0.03494491,-0.30193147,0.1336263,2.2894428,-0.03828357,-0.24842067,-0.029407239,1.883446,-0.0059206393,0.7282372,-0.2540601,-0.5115926,-0.15113689,-0.0181623,-0.012866934,-0.060163,-0.55703473,0.84231603
TCGA-HT-7482,0.42556334,-0.11987306,-0.30710024,-0.10157031,-0.54346967,0.8114122,2.3469603,1.9177777,-0.023598528,0.5554823,0.37746316,-0.18170445,-0.07748271,2.5579364,-0.12670317,1.0978324,2.4121401,1.6579045,0.6408305,2.7168953,0.6019221,-0.03797699,1.994771,0.33143514,-0.0231242,1.0909938,-0.0322942,-0.14713311,-0.5406793,-0.10744041,2.4996824,0.45153627,2.7088573,-0.640063,-0.31596932,-0.24319544,2.1511374,-0.19213583,1.3202167,-0.1746464,0.116043866,-1.2627815,-0.21269365,-0.05268363,-0.10574768,-0.0064405124,-0.02630498,-0.34525272,0.10839452,2.6027102,-0.038745083,-0.28863963,-0.035245843,2.0841827,-0.021129064,0.95181227,-0.28956226,-0.5817414,-0.16328947,-0.029958187,-0.0050612246,-0.056458514,-0.62387425,0.96926033
TCGA-HT-7483,0.5027974,-0.12717026,-0.3006654,-0.1042608,-0.55240625,0.9924367,2.493042,1.9088291,-0.016041964,0.5591324,0.45633584,-0.18148383,-0.06264145,2.5184808,-0.12824158,1.1058491,2.4091332,1.6938827,0.82196003,2.5462842,0.53895366,-0.029115243,1.9527707,0.30818737,-0.03574359,1.031535,-0.022582378,-0.14834525,-0.5456935,-0.09770756,2.4045892,0.50663227,2.74742,-0.63910735,-0.32779536,-0.25068918,2.2743483,-0.18952785,1.4350538,-0.18102963,-0.00030670204,-1.2752308,-0.20691784,-0.061846323,-0.11175491,-0.017159246,-0.037386447,-0.32923222,0.20093109,2.7367957,-0.041771855,-0.29028568,-0.03898889,2.1114945,-0.015013329,0.89761066,-0.30503505,-0.57261187,-0.16661173,-0.016029043,-0.0061974754,-0.056075376,-0.637837,0.8825002
TCGA-HT-7485,0.40135527,-0.114667825,-0.30428296,-0.094367646,-0.5252277,0.7210911,2.311744,2.1057224,-0.02551511,0.4730679,0.35507768,-0.17399079,-0.06672417,2.4706955,-0.13198115,1.0789747,2.3813262,1.6110258,0.5659121,2.60879,0.47419968,-0.024986526,1.9895477,0.34872743,-0.03521772,1.0956645,-0.03803068,-0.13050795,-0.5409047,-0.12219667,2.5203216,0.530209,2.6686833,-0.61693424,-0.30617553,-0.25207633,1.9879371,-0.21361469,1.3723725,-0.15859072,0.1841861,-1.2193493,-0.21439509,-0.05678193,-0.10029781,-0.01589589,-0.034609962,-0.3409992,0.11037202,2.7244668,-0.05138261,-0.25720733,-0.047215383,2.0528038,-0.011688094,0.80184376,-0.2940037,-0.5604085,-0.1612842,-0.023365287,0.050570335,-0.04822719,-0.6036262,0.91910875
TCGA-HT-7601,0.22098069,-0.09765395,-0.24776924,-0.08012915,-0.42521474,0.60656065,2.0170286,1.541793,-0.022093056,0.5190283,0.37632945,-0.1481779,-0.039978053,2.128298,-0.09430454,0.8736094,1.8537965,1.3364824,0.47243038,2.1031058,0.32509932,-0.029904345,1.5581794,0.05251904,-0.020038843,0.95657045,-0.03412586,-0.1092996,-0.44108868,-0.093107015,1.919134,0.31744412,2.2708726,-0.5212753,-0.25915703,-0.17900765,1.740704,-0.16246596,1.0077504,-0.14510156,0.028372418,-1.0281318,-0.18603685,-0.02578537,-0.094890736,-0.015471845,-0.042678896,-0.27458233,0.13316609,2.0910492,-0.030320182,-0.21619187,-0.03192519,1.6788251,0.11455959,0.6275432,-0.21878932,-0.4684158,-0.14216682,-0.0028747048,0.34358683,-0.03518803,-0.50034064,0.6197717
TCGA-HT-7602,0.2754282,-0.11191219,-0.26481134,-0.08069079,-0.44762936,0.62811893,1.9171314,1.6901528,-0.032191794,0.3811759,0.32973084,-0.16623221,-0.059626497,2.1750383,-0.10222679,0.935097,2.0449824,1.3143778,0.45409152,2.2640262,0.40741077,-0.031753507,1.6312354,0.32350606,-0.02552923,1.0767915,-0.03417827,-0.12381989,-0.46869516,-0.10235969,2.1108456,0.30534458,2.348667,-0.5581303,-0.2681963,-0.20836397,1.8007455,-0.17687538,1.107836,-0.13999793,0.17831889,-1.0786583,-0.19606791,-0.03943158,-0.09452761,-0.010002879,-0.042271115,-0.29459012,0.24123181,2.1597962,-0.039398607,-0.22815,-0.022639383,1.8033024,-0.00032655077,0.67099434,-0.23577149,-0.5071919,-0.13819511,-0.023732102,-0.0032442075,-0.044977725,-0.5384769,0.75845504
TCGA-HT-7603,0.34670123,-0.11090249,-0.27168903,-0.0887567,-0.47422424,0.69337946,2.025388,1.7654095,-0.019172514,0.47578448,0.2684692,-0.15982406,-0.06624138,2.3874366,-0.11001879,0.94651353,2.1005576,1.433751,0.53686386,2.3240395,0.40908757,-0.036147904,1.7133658,0.29552013,-0.02700725,1.0119616,-0.024318306,-0.10944941,-0.4849846,-0.10403488,2.1836207,0.39627197,2.4305882,-0.5707035,-0.279049,-0.21724664,1.8689988,-0.1790306,1.2395885,-0.1496429,0.10402009,-1.1270068,-0.19572048,-0.047403343,-0.09486388,-0.020648967,-0.03750184,-0.30037466,0.09369321,2.29497,-0.040283453,-0.23857825,-0.03079393,1.7930613,-0.009489116,0.7682297,-0.2595959,-0.51314855,-0.14799997,-0.015710665,-0.014584124,-0.052705705,-0.5580445,0.82057416
TCGA-HT-7604,0.5159679,-0.13312103,-0.33268443,-0.10383105,-0.6053116,0.89912415,2.5439355,2.214173,-0.024443919,0.52973515,0.33604366,-0.19370192,-0.0897493,2.7915628,-0.14067107,1.0779467,2.7428753,1.9980801,0.8509539,2.790297,0.58635265,-0.035699945,2.1910439,0.37761194,-0.046021264,1.1113977,-0.032343905,-0.15624963,-0.5692591,-0.1246314,2.7147098,0.4727606,2.8391929,-0.6830755,-0.351223,-0.2672639,2.403987,-0.21310285,1.570231,-0.187411,0.110441625,-1.3683696,-0.219008,-0.069307394,-0.11879893,-0.0014671603,-0.024039205,-0.3592489,0.17065789,2.9337075,-0.041731782,-0.29981762,-0.04107825,2.383935,-0.01720007,1.0798897,-0.3186673,-0.6040244,-0.18799685,-0.04051244,0.015397523,-0.057530787,-0.66195846,0.9697059
TCGA-HT-7605,0.43080196,-0.12238868,-0.29501253,-0.090008385,-0.515496,0.7258336,2.1652796,1.859957,-0.021133594,0.43586183,0.36376843,-0.17468886,-0.068912834,2.4771707,-0.11107335,1.0692699,2.2727356,1.573572,0.59720576,2.5549812,0.51272166,-0.036783557,1.8247585,0.38905185,-0.023743203,1.1436224,-0.022962477,-0.13118331,-0.5149458,-0.11401854,2.3617542,0.35297334,2.5443628,-0.60918367,-0.31031388,-0.23102634,2.0088308,-0.19341001,1.3338822,-0.16120826,0.11580035,-1.2033192,-0.21282469,-0.05278329,-0.099058956,-0.011986582,-0.028563837,-0.32101658,0.07856865,2.416947,-0.043225832,-0.2644467,-0.031070042,2.0334654,-0.012957639,0.80690354,-0.27164438,-0.54378575,-0.14948808,-0.022566233,-0.012680255,-0.058419388,-0.590536,0.97177184
TCGA-HT-7606,0.3442924,-0.09874226,-0.24231294,-0.09622392,-0.43254533,0.80234396,1.9657769,1.7159392,-0.02354194,0.5533673,0.15619543,-0.11945652,-0.048863363,2.0383444,-0.13550554,0.93706805,1.7935908,1.1620964,0.55672175,2.1025217,0.47106895,-0.018239358,1.645187,0.10135545,-0.035693157,0.80041474,-0.028874228,-0.105074875,-0.42629242,-0.0878628,1.9644971,0.3298576,2.0026362,-0.52448887,-0.26310354,-0.17601241,1.6339724,-0.14180695,0.89853626,-0.14305346,-0.024446143,-0.9988184,-0.14636295,-0.025514081,-0.103142165,-0.018360035,-0.034834445,-0.29267198,0.24112074,2.4420109,-0.03273424,-0.21643713,-0.042372417,1.7608951,-0.013419173,0.4671328,-0.23815577,-0.42628095,-0.14313816,-0.013842598,0.65925044,-0.043974325,-0.49036965,0.6659321
TCGA-HT-7607,0.1700647,-0.096012056,-0.2105074,-0.06691579,-0.35803947,0.414097,1.4781692,1.3545436,-0.02455017,0.1716553,0.31630754,-0.13590099,-0.05100587,1.8902781,-0.06969833,0.75691456,1.7389377,1.050876,0.35722095,1.8089948,0.22170918,-0.02999385,1.2061548,0.24150117,-0.024250139,0.83113164,-0.025987655,-0.082119755,-0.39302477,-0.10012571,1.7213635,0.2360129,1.9029479,-0.4480779,-0.21212716,-0.16390765,1.5250595,-0.16082786,0.8360993,-0.12000716,0.081083,-0.88994926,-0.16231619,-0.02768748,-0.07765777,-0.010423023,-0.032749955,-0.23713128,0.16402666,1.6724731,-0.0267172,-0.18336758,-0.017593285,1.4496795,0.17824237,0.42556196,-0.19965945,-0.3969293,-0.12054672,-0.0013683686,-0.00084645563,-0.034990836,-0.4396111,0.63982123
TCGA-HT-7608,0.48866814,-0.12207078,-0.30424532,-0.092777126,-0.5452351,0.7334345,2.2993162,1.9167219,-0.028656093,0.51098555,0.30024248,-0.17693277,-0.06759328,2.4898963,-0.117065206,1.1046603,2.438648,1.6557523,0.7144899,2.6229124,0.5175835,-0.04378677,2.0001714,0.3464359,-0.031239504,1.1081177,-0.025452707,-0.14431901,-0.5322086,-0.11502775,2.4039052,0.4730795,2.6963072,-0.63175625,-0.30999923,-0.25223503,2.1055775,-0.20188303,1.3990393,-0.16870093,0.11318922,-1.2434247,-0.22122863,-0.060215127,-0.116198935,-0.0145347165,-0.028954312,-0.33055827,0.067383304,2.5870826,-0.045529652,-0.2680773,-0.04001147,2.0980227,-0.0033024866,0.78923815,-0.28922498,-0.56764764,-0.16090633,-0.027167855,-0.0031237814,-0.061972238,-0.6191524,0.9812927
TCGA-HT-7609,0.5343011,-0.13564521,-0.3349076,-0.1012316,-0.5970932,0.8839058,2.539399,2.170662,-0.026373407,0.54744476,0.4669121,-0.19036433,-0.07682363,2.774792,-0.14628926,1.1861517,2.7263393,1.8692703,0.70963645,2.9109414,0.56255543,-0.037599813,2.108192,0.34286922,-0.03325535,1.2413588,-0.028737321,-0.16079254,-0.5837448,-0.1134478,2.6803527,0.5101723,2.945113,-0.6904827,-0.34755486,-0.2664081,2.3009646,-0.21683829,1.5619564,-0.1851496,0.09295355,-1.3682277,-0.23908186,-0.064745694,-0.11084254,-0.01768475,-0.032135516,-0.3653897,0.102462366,2.9025757,-0.050065923,-0.30798203,-0.042610627,2.28168,-0.01442033,1.0191864,-0.31348893,-0.6119348,-0.17721774,-0.026061097,-0.010127741,-0.054130774,-0.68205506,1.0108117
TCGA-HT-7610,0.41169125,-0.12952815,-0.30707365,-0.09071063,-0.54438853,0.7816782,2.28071,1.9977309,-0.018193578,0.4911398,0.4141936,-0.18088359,-0.06453379,2.6108084,-0.12610139,1.0585251,2.4371326,1.6665804,0.6812398,2.6528468,0.53089964,-0.030384425,1.9122438,0.35376316,-0.034494415,1.1900039,-0.027375007,-0.12765448,-0.54124755,-0.11889266,2.4512,0.4382471,2.6556273,-0.64352983,-0.3186532,-0.24976607,2.1756816,-0.19834392,1.391968,-0.16945365,0.11391199,-1.2630353,-0.21770823,-0.062809624,-0.10506985,-0.017618177,-0.03368449,-0.33185598,0.120496705,2.5599766,-0.043128587,-0.27163985,-0.037285067,2.0418215,-0.014470585,0.8598833,-0.2920336,-0.5659638,-0.15817378,-0.018869856,-0.025723696,-0.063903,-0.6226921,0.92116785
TCGA-HT-7611,0.59288925,-0.13138662,-0.33891705,-0.099291496,-0.603045,0.9211787,2.5680807,2.1780074,-0.021591369,0.5504386,0.4263548,-0.19328487,-0.076134525,2.849559,-0.15100408,1.2001647,2.7329595,1.8912625,0.70293033,2.8807166,0.5940145,-0.0343862,2.1596365,0.3502689,-0.032894872,1.2475548,-0.033097237,-0.16120149,-0.5852227,-0.12048395,2.6605399,0.49272096,2.908634,-0.70225495,-0.3506283,-0.27383542,2.3317323,-0.2173961,1.5286114,-0.18799971,0.15903038,-1.3759822,-0.23910065,-0.06815111,-0.11258054,-0.01869102,-0.03425849,-0.36318916,0.20489933,2.9305959,-0.0523461,-0.30276582,-0.04256242,2.2621808,-0.011348172,1.0211719,-0.32335734,-0.62462467,-0.18449698,-0.028139284,-0.011192627,-0.062108237,-0.6843235,1.0571557
TCGA-HT-7620,0.25426638,-0.106742375,-0.25381774,-0.07808628,-0.41981897,0.67643166,1.8312954,1.58852,-0.03323056,0.33485565,0.3071404,-0.15987538,-0.058491237,2.1068683,-0.09482216,0.8676874,1.8817143,1.255441,0.3324982,2.1179192,0.3592153,-0.029552847,1.5372734,0.353096,-0.025261376,0.9804363,-0.02241935,-0.11038702,-0.44580898,-0.106704354,1.9618976,0.19789606,2.2847035,-0.52255565,-0.25873655,-0.1821044,1.7238487,-0.16660823,1.0689955,-0.13027878,0.08254257,-1.0220298,-0.18797044,-0.031494524,-0.09533983,-0.0112558585,-0.038007945,-0.27647126,0.16642119,1.9737784,-0.03103726,-0.22663403,-0.025168935,1.7223874,-0.0032554697,0.61745316,-0.22583793,-0.47249714,-0.12489152,-0.019376371,-0.011268741,-0.04597875,-0.5099714,0.66443944
TCGA-HT-7677,0.57795507,-0.1377996,-0.3345117,-0.10169428,-0.61247617,0.85188085,2.70942,2.2870643,-0.018322987,0.5962264,0.43318406,-0.2041903,-0.08116808,2.8346264,-0.14359169,1.1814048,2.8066487,1.990904,0.7522289,2.9796896,0.69129705,-0.043853793,2.2337794,0.41440868,-0.04454816,1.2622485,-0.028476551,-0.15623318,-0.59716815,-0.1279462,2.7126608,0.51964945,2.9963462,-0.71604556,-0.35703868,-0.2734293,2.345884,-0.21583025,1.6798832,-0.17766257,0.19529837,-1.4030802,-0.2453885,-0.064874165,-0.118810415,-0.01577553,-0.029062122,-0.3721733,0.09216292,2.8542569,-0.044159047,-0.31747866,-0.051391333,2.33285,-0.015469653,1.0096536,-0.32846808,-0.6292543,-0.17779006,-0.030642077,-0.020508181,-0.069720924,-0.69273317,1.0489832
TCGA-HT-7681,0.45734078,-0.13338058,-0.3154079,-0.09193272,-0.55469596,0.83897793,2.4542067,2.0845745,-0.024803573,0.55971897,0.4167291,-0.18972929,-0.07612709,2.6962078,-0.13191819,1.1067916,2.4930627,1.8108718,0.6727001,2.7424777,0.5567164,-0.041476887,2.021578,0.33255732,-0.03694805,1.2159375,-0.034578245,-0.1426355,-0.56152916,-0.12085785,2.5477462,0.4508062,2.8066952,-0.6656652,-0.33138582,-0.25918937,2.2423162,-0.21445842,1.4251705,-0.17123225,0.16532056,-1.3058001,-0.23016821,-0.062304568,-0.106645845,-0.009006492,-0.031605728,-0.3441176,0.09720828,2.653309,-0.05194524,-0.28976816,-0.03817582,2.1780796,-0.0016515244,0.90828884,-0.29830393,-0.59004265,-0.17272668,-0.026789857,-0.015084366,-0.056677897,-0.64439505,0.95932055
TCGA-HT-7684,0.25772008,-0.11494905,-0.30045196,-0.086531185,-0.50070035,0.709649,2.298112,1.8771595,-0.008200161,0.4252241,0.33335224,-0.1883453,-0.056551304,2.5057025,-0.114675514,1.1370757,2.2752645,1.5853386,0.72760606,2.459957,0.4646491,-0.022272257,1.8440397,0.23719709,-0.027642323,1.2070123,-0.029831205,-0.12483046,-0.516408,-0.108380735,2.4556847,0.3349359,2.4343474,-0.614869,-0.31386176,-0.2329777,2.0016687,-0.1885769,1.3252958,-0.17106107,-0.003428148,-1.1951605,-0.20831613,-0.052971512,-0.11188044,-0.011756043,-0.037875302,-0.33304384,0.07460238,2.599375,-0.03577755,-0.25410643,-0.032780662,2.0397825,-0.018055154,0.89695764,-0.27667856,-0.52679557,-0.16056873,-0.029831497,0.09978892,-0.05971682,-0.6146457,0.8397558
TCGA-HT-7686,0.07340495,-0.078072995,-0.21880439,-0.07669111,-0.35043666,0.45564693,1.7544203,1.3893988,-0.018688431,0.30053747,0.31743518,-0.12726778,-0.016999977,1.6902986,-0.09015596,0.68186176,1.5880189,1.1347283,0.25844318,1.8581848,0.40199015,-0.010729319,1.2578154,0.040152684,-0.021148963,0.7657187,-0.035911195,-0.11465794,-0.391187,-0.05923584,1.7804615,0.19157821,1.7644075,-0.46547928,-0.22548734,-0.14348523,1.4405978,-0.15068068,0.8462917,-0.1379173,0.03739929,-0.84737486,-0.14312577,-0.019258272,-0.09228637,-0.011482123,-0.031194067,-0.2593184,0.15449636,1.9874257,-0.021659356,-0.1960569,-0.023801152,1.3610232,-0.00062072463,0.5171771,-0.20279543,-0.39526138,-0.098348014,-0.011838692,0.65364695,-0.033712465,-0.4374795,0.36065048
TCGA-HT-7688,0.4199903,-0.10284691,-0.27007166,-0.09391256,-0.48507676,0.73786396,2.2121227,1.8253642,-0.01645273,0.55474013,0.22970206,-0.17408411,-0.06690457,2.3883243,-0.120790176,1.0266265,2.2173629,1.4601023,0.6630134,2.40087,0.41857806,-0.034526844,1.7375362,0.23119049,-0.028422385,1.0138173,-0.029345846,-0.11950892,-0.49248877,-0.11061211,2.2208056,0.24258687,2.4252067,-0.5831941,-0.28976905,-0.217405,1.9898456,-0.17747341,1.1933839,-0.1556762,0.054254908,-1.1463726,-0.19106372,-0.043977983,-0.09123912,-0.010542951,-0.03242773,-0.3128048,0.08024086,2.3750203,-0.039615534,-0.25988886,-0.03478919,1.8729718,-0.016304424,0.8407723,-0.26781854,-0.5166566,-0.15306073,-0.010505347,0.1108568,-0.05361702,-0.5617117,0.94954026
TCGA-HT-7689,0.34528852,-0.09041457,-0.26618266,-0.07939546,-0.4471109,0.5981578,1.9409626,1.8318326,-0.004988533,0.50197875,0.28534064,-0.14458075,-0.05543957,2.1488204,-0.11423694,0.8411034,2.0025933,1.2786698,0.53553206,2.3074758,0.23979135,-0.029806435,1.6983168,0.21088184,-0.035063542,0.96064514,-0.012621618,-0.10988795,-0.4613238,-0.09986962,2.1112583,0.30307192,2.2135353,-0.5455964,-0.27543265,-0.19876428,1.8410587,-0.16756077,1.0679244,-0.14977552,0.012542803,-1.0535734,-0.16722313,-0.020158578,-0.1046613,-0.00582057,-0.045791853,-0.2994798,0.1758912,2.3041072,-0.040198974,-0.24394345,-0.023606801,1.7906157,-0.013756583,0.6841137,-0.25518784,-0.48061797,-0.12827025,-0.019499697,0.24656194,-0.050492376,-0.5329214,0.6223598
TCGA-HT-7692,0.4998861,-0.11491853,-0.30405286,-0.09699532,-0.56898326,0.8715632,2.4220884,2.0797513,-0.019741971,0.58067304,0.3775116,-0.19189435,-0.084126554,2.5221367,-0.13090381,1.1839727,2.4463723,1.6685928,0.7548513,2.6748552,0.6871057,-0.04541857,1.9898939,0.3291953,-0.04008774,1.099687,-0.022852533,-0.14761788,-0.5510503,-0.11507677,2.5479577,0.4233111,2.7499552,-0.66244984,-0.33758304,-0.2492365,2.2282157,-0.19130307,1.2952604,-0.18548326,0.04613811,-1.3023604,-0.20968787,-0.048596352,-0.10663936,-0.014209663,-0.027214948,-0.3402302,0.08372022,2.6236527,-0.04610723,-0.28542972,-0.03986684,2.2243452,-0.022550471,1.0162246,-0.3038671,-0.58806616,-0.16536853,-0.03483122,-0.0012851794,-0.06841187,-0.64539915,1.013111
TCGA-HT-7693,0.55707914,-0.13469528,-0.3391406,-0.11427965,-0.6194799,0.9322694,2.7028797,2.1997428,-0.020925237,0.5056087,0.3855148,-0.19518587,-0.08429936,2.8617823,-0.14501068,1.2628316,2.8111658,1.9928757,0.71092486,2.8438337,0.7433139,-0.036034513,2.0798569,0.26799685,-0.04204071,1.2705802,-0.030920682,-0.16289698,-0.60664284,-0.12336625,2.7752361,0.5333215,3.016042,-0.7277687,-0.35433128,-0.26325113,2.358158,-0.22040537,1.5555418,-0.190123,0.10804728,-1.3922926,-0.24356018,-0.05825401,-0.121016555,-0.01849793,-0.03425663,-0.37424976,0.04099317,3.052961,-0.038229685,-0.31677896,-0.047704052,2.315834,-0.017217798,1.0543139,-0.33984265,-0.61353624,-0.19893679,-0.039987396,0.15503933,-0.06997171,-0.68801534,1.0250545
TCGA-HT-7694,0.42233753,-0.10888376,-0.26052693,-0.07776093,-0.44918844,0.59740746,1.939275,1.6562561,-0.027795613,0.4073472,0.32044432,-0.16717994,-0.060820024,2.2402515,-0.099644326,0.91842246,1.9734476,1.361873,0.44362667,2.2589178,0.38457805,-0.034240324,1.6501805,0.38476598,-0.025268633,0.99150765,-0.0207154,-0.110200755,-0.46553278,-0.10591904,2.1105087,0.26190755,2.3118424,-0.5547554,-0.27369833,-0.20181277,1.9339397,-0.17845236,1.1521642,-0.14894795,0.16171005,-1.0879862,-0.18814667,-0.031625148,-0.09080087,-0.013858609,-0.042837083,-0.2892148,0.22353701,2.1633508,-0.033159323,-0.23502274,-0.023327386,1.8443255,0.012476075,0.6501675,-0.24568501,-0.49976632,-0.14075233,-0.01782622,-0.0022295152,-0.054321326,-0.5295978,0.7637992
TCGA-HT-7695,0.5572283,-0.13409351,-0.32047445,-0.089509025,-0.57657784,0.8297252,2.4400463,2.1642592,-0.015474275,0.5383282,0.4383128,-0.18936025,-0.07746186,2.728206,-0.13233243,1.1132345,2.6514425,1.8325132,0.6661405,2.7297385,0.5831871,-0.04224515,1.9486827,0.3962337,-0.027082453,1.2201968,-0.031088183,-0.1473842,-0.5629448,-0.12471324,2.5708942,0.41475242,2.8305142,-0.6730028,-0.33650872,-0.25646433,2.2355072,-0.20766203,1.5056508,-0.17450178,0.11071135,-1.3244326,-0.23492765,-0.06467713,-0.11958823,-0.016690623,-0.033850122,-0.3506064,0.15057312,2.7414887,-0.04440568,-0.2989049,-0.04349192,2.2156918,-0.021441884,0.9127833,-0.30397606,-0.5930351,-0.16601263,-0.023671808,-0.020242175,-0.060828324,-0.65784204,1.0034615
TCGA-HT-7854,-0.009367107,-0.067868195,-0.10360155,-0.013168776,-0.16011205,0.17841606,0.68968755,0.74192977,-0.021483248,0.009720499,0.20156938,-0.07960986,-0.02197254,1.0398062,-0.02422028,0.45981163,1.0162836,0.4974148,0.21064383,1.1754407,-0.007677941,-0.003927087,0.6503535,0.14457838,0.01177207,0.42670682,-0.03130114,-0.043506797,-0.23309468,-0.04796229,0.84846205,0.07750455,1.0934925,-0.23916022,-0.11415122,-0.099485986,0.6545747,-0.12100293,0.32342792,-0.053732514,0.11678764,-0.5019739,-0.09489086,-0.023386063,-0.03841772,0.082045786,-0.023514248,-0.11284558,0.050188318,0.9066169,-0.047116555,-0.090843186,-0.016131913,0.7661762,0.22213285,0.12537965,-0.10896118,-0.256876,-0.04084712,-0.010438015,-0.0015379172,-0.0025913087,-0.27924982,0.11032165
TCGA-HT-7855,0.6884863,-0.13262592,-0.33586568,-0.110204935,-0.6334734,0.948353,2.7321508,2.2369921,-0.020653406,0.6345809,0.43732554,-0.19485278,-0.08000223,2.8870757,-0.15049972,1.1479934,2.8498242,2.009188,0.84435916,2.8841565,0.6888008,-0.036956932,2.1950684,0.3733604,-0.039966486,1.2972844,-0.026833374,-0.17032376,-0.59595054,-0.12320124,2.7451692,0.55901575,3.0167675,-0.7158766,-0.36077794,-0.2779003,2.374651,-0.20976011,1.587731,-0.19059272,0.13076085,-1.4203733,-0.23714231,-0.06876572,-0.11793766,-0.019995151,-0.030393455,-0.36750928,0.15312739,3.016368,-0.050265964,-0.3162711,-0.047654312,2.3464298,-0.02267654,1.0968409,-0.33622205,-0.63137907,-0.189467,-0.033141684,-0.0101700565,-0.06665326,-0.70231885,1.0895083
TCGA-HT-7856,0.31052044,-0.10612601,-0.23675278,-0.071179666,-0.3964098,0.5140039,1.6729821,1.4848503,-0.023025364,0.35110146,0.29130328,-0.14448187,-0.055613197,2.099652,-0.07988837,0.77584225,1.814043,1.1887729,0.4349466,1.9838449,0.3216367,-0.03018014,1.4355419,0.36435562,-0.029740212,0.8795343,-0.023903888,-0.08955658,-0.42187175,-0.10415574,1.8962828,0.2784295,2.0260906,-0.4957976,-0.24068184,-0.19111681,1.682574,-0.16459058,1.0421801,-0.12892081,0.14805782,-0.97882825,-0.1715108,-0.036033303,-0.07466365,-0.014623182,-0.031274058,-0.25781623,0.15608414,1.9007484,-0.03358446,-0.2014515,-0.02472555,1.6002209,0.15888393,0.55025333,-0.22017638,-0.44177386,-0.12626168,-0.009095282,-0.01958938,-0.04533304,-0.47499695,0.7008739
TCGA-HT-7858,0.41179562,-0.12475254,-0.2894742,-0.09113926,-0.51482075,0.7691001,2.197036,1.9731342,-0.020060277,0.4924613,0.35237464,-0.16965389,-0.07134851,2.4860332,-0.12726662,1.0443593,2.3202434,1.6460053,0.61993665,2.535032,0.48056766,-0.030092502,1.8725579,0.35011223,-0.027534952,1.1249552,-0.023622287,-0.1364846,-0.53067917,-0.10571622,2.3354223,0.46840173,2.610439,-0.6201272,-0.30671194,-0.2412905,2.065735,-0.19654378,1.2538688,-0.16745482,0.14973286,-1.2142118,-0.19636741,-0.049280744,-0.09937008,-0.01401596,-0.03921521,-0.32307208,0.13529886,2.5451913,-0.047046926,-0.26871708,-0.035399016,1.9979696,0.011151571,0.8184477,-0.27866367,-0.55855376,-0.16283403,-0.026246993,-0.009750748,-0.052904695,-0.591948,0.85166377
TCGA-HT-7873,0.23464467,-0.08820063,-0.29286787,-0.090656005,-0.49425873,0.80292565,2.3309867,1.868683,-0.029507205,0.5839013,0.29769647,-0.15781713,-0.039802317,2.3987973,-0.11047997,1.0448627,2.1675472,1.4374022,0.5671299,2.4660327,0.59323364,-0.014034505,1.787254,0.04735619,-0.027394623,1.1704677,-0.034716226,-0.1429268,-0.50013393,-0.10607987,2.3894691,0.33803993,2.4059322,-0.5901802,-0.29292974,-0.20094843,2.0726328,-0.17951323,1.1948609,-0.169604,0.0789628,-1.1495966,-0.1888433,-0.02876701,-0.10572417,-0.01949939,-0.044825613,-0.33168447,0.1397828,2.4526532,-0.03688231,-0.269879,-0.043042623,1.878259,-0.008141885,0.68344104,-0.26726472,-0.51135534,-0.1474018,-0.01737011,0.5523931,-0.07194547,-0.57166165,0.68940777
TCGA-HT-7874,0.29143924,-0.111885324,-0.25008342,-0.07484245,-0.424504,0.5567036,1.8024809,1.6024117,-0.024587655,0.35125363,0.34056813,-0.156479,-0.058090784,2.1783757,-0.09308852,0.8589602,1.9397173,1.3301458,0.47459292,2.1545594,0.37123385,-0.032524813,1.5602707,0.37312573,-0.030011246,0.9551686,-0.021625575,-0.0968367,-0.44489455,-0.107823886,1.9788531,0.27529997,2.1715872,-0.524187,-0.25739023,-0.20100084,1.7788737,-0.17308609,1.0322881,-0.13730744,0.09423214,-1.0371436,-0.17753027,-0.039643325,-0.08904304,-0.012161288,-0.0352955,-0.28051496,0.19077839,2.048991,-0.03565723,-0.21689153,-0.022386322,1.6897372,0.058338758,0.59977746,-0.23549025,-0.4694902,-0.13249175,-0.016600372,-0.017162431,-0.04281156,-0.5085637,0.7185582
TCGA-HT-7879,0.41867852,-0.12783784,-0.30292007,-0.0980339,-0.54559493,0.8604025,2.4040442,2.0814426,-0.01887667,0.45480937,0.31465167,-0.18283294,-0.07277215,2.5920637,-0.1282247,1.1273363,2.4408612,1.7062011,0.5423361,2.7486389,0.46422806,-0.034216024,2.0233064,0.36764246,-0.027197277,1.2484908,-0.03502399,-0.14403316,-0.5442713,-0.118918255,2.5224724,0.49888998,2.5751011,-0.6417046,-0.31941155,-0.25567684,2.0877964,-0.20479333,1.3213683,-0.17094627,0.19091235,-1.2676733,-0.21387494,-0.061273694,-0.11145424,-0.009423087,-0.035841044,-0.33287433,0.09336986,2.7790544,-0.044946935,-0.2713067,-0.035849053,2.1041005,-0.011969553,0.93274367,-0.30564368,-0.5776792,-0.16755572,-0.020463105,0.017990228,-0.052203692,-0.6269602,1.0217584
TCGA-HT-7880,0.20523614,-0.1076852,-0.23930776,-0.06932532,-0.39562386,0.5220383,1.6367825,1.5575583,-0.02428178,0.29142347,0.29847592,-0.14899568,-0.053058315,2.0166628,-0.079817824,0.7913064,1.8318448,1.1981145,0.43216985,2.000199,0.26473215,-0.031643372,1.396916,0.33242488,-0.026099036,0.9546034,-0.027905146,-0.09064794,-0.42025954,-0.0975416,1.8506558,0.24803796,2.0019076,-0.49357495,-0.23358846,-0.18625736,1.6414217,-0.16968793,0.93219787,-0.12390196,0.09057698,-0.96264976,-0.16551743,-0.032847524,-0.080053866,-0.0043795207,-0.029469615,-0.25879,0.16885929,1.9077572,-0.032506905,-0.19454508,-0.026194775,1.6509199,0.094306886,0.58170813,-0.21811512,-0.44305465,-0.122283354,-0.0056402157,-0.002095804,-0.045703422,-0.4763825,0.70039856
TCGA-HT-7881,0.27872604,-0.10471665,-0.23885004,-0.07201552,-0.41402942,0.5867715,1.7324033,1.5124327,-0.027421584,0.4011743,0.33086124,-0.16175894,-0.054727335,2.0543559,-0.084907286,0.88147,1.8936036,1.2102442,0.4376032,2.0501966,0.3532777,-0.032195024,1.5123472,0.3820476,-0.026140595,0.89341503,-0.02028962,-0.10503848,-0.43749362,-0.105540566,1.9421282,0.28845623,2.154144,-0.49949986,-0.25344196,-0.18987589,1.7396016,-0.16569094,0.95806223,-0.1354415,0.1367746,-0.9934627,-0.18237713,-0.033742465,-0.090124406,-0.008878008,-0.03885979,-0.26581895,0.20265622,1.9293042,-0.034310162,-0.21227418,-0.019548176,1.6780105,0.05958197,0.53276896,-0.22302537,-0.45670572,-0.12760164,-0.020155914,-0.00794513,-0.048032295,-0.4919022,0.69998854
TCGA-HT-7882,-0.01035284,-0.07151561,-0.08785417,-0.014840739,-0.09611852,0.16895469,0.46892616,0.37473604,-0.008974991,-0.0031946234,0.22661954,-0.06323601,-0.026284782,0.72032493,-0.023985665,0.20638847,0.65807694,0.24365655,-0.005917641,0.74024814,-0.018459093,-0.021850077,0.41131288,0.11045815,-0.0029033273,0.21393974,-0.02215979,-0.021000331,-0.1645331,-0.039164703,0.40067214,-0.010711614,0.72843194,-0.17838465,-0.072454564,-0.07864757,0.61742693,-0.08908511,0.15078156,-0.04225729,0.09395671,-0.36112848,-0.04145633,-0.016884973,-0.02548241,0.03507536,-0.010713716,-0.08414056,0.00057029724,0.6278521,-0.030910393,-0.04165154,0.26724064,0.41368425,0.38336247,0.090700276,-0.06787773,-0.15787958,-0.035875555,0.042608432,-0.013358453,0.17251286,-0.15869763,0.117256284
TCGA-HT-7884,0.49959487,-0.12538396,-0.3277335,-0.09431946,-0.5880915,0.83887726,2.483219,2.162892,-0.0234624,0.51661104,0.39748138,-0.19733745,-0.0727594,2.841303,-0.1391539,1.1036035,2.6521604,1.8557621,0.61479926,2.7950766,0.6195451,-0.037148256,2.108476,0.34282297,-0.03590255,1.2894026,-0.027387625,-0.15445097,-0.57640713,-0.12175435,2.680602,0.46565855,2.9295819,-0.69041437,-0.3417717,-0.26670554,2.3152962,-0.21192074,1.4328876,-0.17639649,0.15351419,-1.3511983,-0.23962784,-0.056656957,-0.1147966,-0.010454033,-0.037906457,-0.36107767,0.08584483,2.8309276,-0.046208553,-0.2953961,-0.042024907,2.2131035,-0.019912196,0.9824378,-0.31195945,-0.61083585,-0.17764455,-0.028967425,-0.011011908,-0.065037794,-0.6663409,1.041549
TCGA-HT-7902,0.04219548,-0.072341226,-0.18163842,-0.062400848,-0.27234387,0.56822014,1.3742691,1.180318,-0.032494526,0.39763978,0.22073507,-0.1200042,-0.036391012,1.4566753,-0.06474377,0.579827,1.1836802,0.71681374,0.12161931,1.5120852,0.09990664,-0.031916875,1.0799158,0.11150698,-0.015115163,0.67706436,-0.01466465,-0.0680617,-0.3321173,-0.069843344,1.5173639,0.084873624,1.515067,-0.38172874,-0.17615555,-0.11399901,1.2931902,-0.13520947,0.59026456,-0.10047048,0.06396319,-0.7274373,-0.12382262,0.00810821,-0.07620635,-0.0064059356,-0.04309049,-0.20754917,0.33544075,1.3657898,-0.016258022,-0.15620345,-0.008389445,1.1454271,0.04644837,0.24828815,-0.1530796,-0.34259188,-0.09327475,-0.008724142,0.39318085,-0.028894631,-0.34996784,0.35572377
TCGA-HT-8010,0.3350194,-0.10780841,-0.27363417,-0.07790653,-0.44635683,0.55787456,1.9629012,1.6349872,-0.022059841,0.37527958,0.30958158,-0.16087148,-0.05122575,2.1818876,-0.092094384,0.8704204,2.183101,1.5308299,0.4423571,2.236468,0.32271957,-0.028649677,1.62632,0.39275265,-0.03666764,1.0672406,-0.031405203,-0.10591745,-0.46244946,-0.10376165,2.0772572,0.27622917,2.2447567,-0.54250294,-0.26398048,-0.21208294,1.8986435,-0.1985337,1.1210053,-0.12420418,0.11215949,-1.0642956,-0.18723767,-0.040302493,-0.10085633,-0.0050181844,-0.029044578,-0.29286113,0.14105912,2.1769757,-0.03292458,-0.21547215,-0.03967619,1.854181,0.05094288,0.6304276,-0.24172132,-0.4933149,-0.13720554,-0.008561816,-0.011412226,-0.046695516,-0.54292244,0.8344389
TCGA-HT-8011,0.043517705,-0.044331364,-0.07111582,-0.024045069,-0.10494814,0.25492963,0.47332913,0.3228284,-0.017299607,0.020752879,-0.0156175345,-0.04919856,-0.0050466023,0.2882123,-0.050392676,0.26155463,0.53888905,0.1330802,-0.006268834,0.56454045,0.06612404,0.032424904,0.48060784,-0.0018778293,-0.005636386,0.25100747,-0.017887084,-0.0370402,-0.1317365,-0.042830966,0.5440927,0.021505114,0.5262793,-0.1401964,-0.07600065,-0.054221597,0.5206958,-0.055414595,0.20080912,-0.053926904,-0.00902375,-0.27700385,-0.04161665,-0.0001243468,-0.03630164,-0.016916046,-0.014716155,-0.08118122,0.23403563,0.40803596,-0.021152552,-0.07026184,0.1264856,0.35742337,0.15421385,-0.0043704156,-0.042785745,-0.11202361,-0.048983656,0.032172605,0.10187243,-0.004433624,-0.13836546,0.05844925
TCGA-HT-8012,0.6345151,-0.14069952,-0.35599142,-0.11043408,-0.637747,0.9388115,2.6966493,2.263731,-0.018172618,0.57562023,0.48633492,-0.20874682,-0.08960534,2.911466,-0.14733025,1.2260495,2.9011283,2.0632055,0.8042996,3.0160306,0.7586029,-0.044902615,2.2222486,0.38960686,-0.042328727,1.3498826,-0.0305751,-0.16738982,-0.6086253,-0.12581997,2.7991428,0.5325604,3.1370113,-0.73129314,-0.37251425,-0.28857824,2.4866424,-0.21495323,1.6628113,-0.19144692,0.14110158,-1.4515194,-0.2535193,-0.07313133,-0.12114644,-0.011963389,-0.02902779,-0.37649405,0.11093332,3.043242,-0.046944097,-0.32785645,-0.05200341,2.3933392,-0.024206238,1.093016,-0.3373301,-0.65184003,-0.18337661,-0.029729262,-0.019835243,-0.07029663,-0.72162855,1.188372
TCGA-HT-8013,0.34866127,-0.13088606,-0.31595463,-0.10243621,-0.54047,0.7694129,2.4170566,1.9608463,-0.027582482,0.5353608,0.262949,-0.18245465,-0.06855171,2.5215843,-0.11982342,1.1593658,2.3789637,1.7636956,0.717837,2.6614437,0.52241087,-0.045933753,1.983753,0.25499934,-0.033150528,1.1814442,-0.037301745,-0.13639598,-0.538245,-0.10501194,2.4776545,0.5001254,2.736023,-0.63409483,-0.32902715,-0.23371282,2.0830824,-0.20112658,1.2935219,-0.17651242,0.081563726,-1.2549905,-0.20568097,-0.05422395,-0.10377296,-0.00083410536,-0.03880569,-0.33743674,0.18045892,2.5245917,-0.03888251,-0.28479105,-0.03584996,2.0845718,-0.011697975,0.78320616,-0.29006752,-0.5604099,-0.15539382,-0.018373644,0.20083822,-0.04629999,-0.6161816,0.9328028
TCGA-HT-8018,0.11528976,-0.09479905,-0.211691,-0.065679766,-0.3425008,0.49741197,1.5204355,1.3477243,-0.017099353,0.22318086,0.2969417,-0.122138694,-0.040603276,1.7718353,-0.07821591,0.6586911,1.608929,0.9905245,0.38338247,1.7697873,0.19284485,-0.021941317,1.2475139,0.14408995,-0.016386956,0.8059977,-0.026322579,-0.08137514,-0.37834665,-0.07783189,1.6403382,0.28671938,1.7991947,-0.4366506,-0.20898528,-0.15728562,1.4752237,-0.15592884,0.82990146,-0.12084266,0.04227173,-0.8554495,-0.13815334,-0.019627986,-0.07609876,-0.008611966,-0.031065676,-0.23337512,0.062061623,1.753711,-0.03130966,-0.17799959,-0.027475346,1.3206878,0.12091476,0.5258238,-0.20191248,-0.3821333,-0.10701533,-0.0015140744,0.24025148,-0.032366704,-0.42082602,0.5510297
TCGA-HT-8019,0.057448145,-0.08557392,-0.17051753,-0.03444947,-0.238252,0.2236477,0.8863403,1.074108,-0.013007085,0.11349944,0.19059211,-0.11315932,-0.022834549,1.5104584,-0.034042608,0.55154073,1.2431988,0.6463172,0.29696614,1.3366319,0.05732767,-0.030254811,0.8774548,0.40577927,-0.02200173,0.6836397,-0.026027983,-0.037240785,-0.31085268,-0.09103239,1.2636328,0.072796725,1.2946306,-0.3360083,-0.14696866,-0.12686637,1.2075056,-0.1383447,0.55233735,-0.07742635,0.089107856,-0.6814317,-0.107901596,-0.013306319,-0.050600838,-0.005741168,-0.014988762,-0.16587208,0.09888627,1.2435257,-0.021831162,-0.11209568,-0.018268077,1.1096873,0.23625557,0.19078982,-0.15625338,-0.30961367,-0.07177575,-0.002514681,-0.02570342,-0.03140652,-0.32507396,0.3937923
TCGA-HT-8104,-0.018961875,-0.043036975,-0.045778498,-0.019558324,-0.053550143,0.03790738,0.18721648,0.12318276,-0.012514767,-0.0048347027,0.01679539,-0.04238034,-0.00087783916,0.48180464,-0.009950884,0.23652805,0.36257604,0.019288303,-0.014056839,0.26745507,-0.015686436,-0.009691105,0.12640038,0.020984082,-0.007303949,0.14997755,-0.011699236,-0.017945422,-0.102490045,-0.037289225,0.23732728,-0.021745441,0.52725965,-0.09972607,-0.03753565,-0.020846473,0.30168357,-0.055427797,0.03043676,-0.0254627,0.07583782,-0.204433,-0.032768235,-0.004307484,-0.02911259,0.0675459,-0.007900781,-0.053887915,0.08612612,0.25537458,-0.009846957,-0.02705031,0.18394962,0.25505167,0.32989258,-0.009167797,-0.03507678,-0.099230856,-0.029749945,-0.015905999,-0.0071277902,0.014980857,-0.09601744,-0.0038566252
TCGA-HT-8105,0.59918755,-0.1375783,-0.3321475,-0.10341531,-0.5963003,0.9153805,2.6080782,2.1725092,-0.016167771,0.63376886,0.44811565,-0.19149856,-0.083726056,2.7874842,-0.14248939,1.1270442,2.6604884,1.9380513,0.7340407,2.84418,0.6090575,-0.033551972,2.0613155,0.3312726,-0.035781108,1.1814836,-0.027973587,-0.15475748,-0.5722749,-0.11696688,2.627471,0.4939395,2.9023771,-0.6906478,-0.35148707,-0.26816523,2.418744,-0.211246,1.4429255,-0.18841696,0.117652476,-1.3687758,-0.24003108,-0.0592246,-0.11896709,-0.012011293,-0.03359055,-0.36396953,0.13720019,2.8983262,-0.047264304,-0.29521647,-0.043279406,2.252766,-0.011495778,0.97302294,-0.3141125,-0.61300683,-0.18572356,-0.030682905,-0.010681467,-0.060834255,-0.68204,1.0489441
TCGA-HT-8108,0.5559303,-0.1298187,-0.3187072,-0.105187945,-0.5682073,0.92556983,2.504797,2.0980093,-0.027200406,0.49463862,0.37875858,-0.19045432,-0.07829335,2.7082152,-0.13272454,1.1946142,2.558958,1.8363019,0.7495692,2.7050364,0.572976,-0.038705733,2.1123855,0.3641101,-0.03696574,1.1459992,-0.02597009,-0.15706018,-0.56483454,-0.10826372,2.6028156,0.5338723,2.7542107,-0.65776414,-0.3392705,-0.26164818,2.2401648,-0.20768516,1.5071671,-0.1805303,0.08411498,-1.3119446,-0.22079892,-0.052687693,-0.10314407,-0.012297641,-0.034439262,-0.34337702,0.073979154,2.7019608,-0.056185097,-0.29004574,-0.042375084,2.1456215,-0.0139312325,1.0645065,-0.31397197,-0.5850741,-0.16541794,-0.024009226,-0.0036700522,-0.05631854,-0.6644233,1.0143563
TCGA-HT-8109,0.3833725,-0.12328972,-0.29248622,-0.08720074,-0.51730365,0.7617686,2.2244747,1.8993322,-0.03061966,0.5018881,0.38371834,-0.17911151,-0.07503962,2.4468215,-0.116751805,1.0037249,2.292166,1.5515587,0.6624768,2.52113,0.51085854,-0.039419223,1.7914531,0.3495334,-0.03872191,1.153921,-0.029082546,-0.13381849,-0.5131199,-0.1069774,2.3421829,0.38917854,2.6046941,-0.60963553,-0.30747518,-0.2395776,2.1703827,-0.18859057,1.2653391,-0.16605316,0.14349556,-1.2039105,-0.22234033,-0.052007724,-0.10738595,-0.010099862,-0.0335129,-0.3246854,0.12130506,2.4455173,-0.04169163,-0.26508132,-0.034518573,2.013285,-0.0044346,0.82631,-0.273284,-0.54544276,-0.15416391,-0.021726545,-0.006507927,-0.06284567,-0.6012053,1.0377187
TCGA-HT-8110,-0.0075735706,-0.05645839,-0.054372977,-0.011532719,-0.05210502,0.1322808,0.2346227,0.22330101,-0.01238737,-0.009247668,0.078372866,-0.05142029,-0.011742558,0.47572473,-0.014094891,0.09433003,0.41938344,0.017828843,-0.007815368,0.39771906,-0.018144542,-0.009043701,0.17221993,0.09650375,-0.01082016,0.13752155,-0.015519216,-0.013871831,-0.10513766,-0.035400253,0.21212205,-0.014461877,0.38490826,-0.10565132,-0.034265704,-0.047105443,0.3598822,-0.06540484,-8.68408e-05,-0.029677937,0.051789824,-0.22651248,-0.036334187,-0.010601427,-0.016151574,-0.0029657574,-0.0051223054,-0.05373497,0.022549696,0.33415523,-0.016159771,-0.025204185,0.19457853,0.26678437,0.29181242,-0.004551665,-0.046636645,-0.09599786,-0.026099076,-0.0017289745,-0.007594803,0.09370429,-0.103513815,-0.0029708717
TCGA-HT-8113,0.25558987,-0.107797064,-0.24294232,-0.072682045,-0.40204102,0.56146806,1.671241,1.5582463,-0.017145967,0.38151827,0.3009579,-0.14344735,-0.053420722,2.114464,-0.084626175,0.8596073,1.8636239,1.1974381,0.44962823,2.033961,0.31020626,-0.031683136,1.4150617,0.36204362,-0.031543974,0.92339337,-0.02771297,-0.09291231,-0.42965308,-0.10354459,1.9153502,0.27195227,1.9901589,-0.49612856,-0.2428522,-0.19065408,1.6981926,-0.16907421,1.0112731,-0.1306095,0.13402818,-0.98639435,-0.16942315,-0.04029676,-0.07627005,-0.005617497,-0.027224114,-0.25926563,0.15642352,1.9396831,-0.035221856,-0.20174225,-0.02147378,1.6534544,0.064117804,0.5220601,-0.22678399,-0.44831035,-0.11574458,-0.011059757,-0.016488858,-0.049052574,-0.48476943,0.72206
TCGA-HT-8114,0.43813622,-0.11737939,-0.30283526,-0.09454385,-0.5472276,0.857302,2.3569515,2.0249627,-0.021423988,0.54306245,0.35728645,-0.181403,-0.07187615,2.51661,-0.13498321,1.0354365,2.4127,1.7147659,0.6975957,2.5981293,0.51612884,-0.028777285,1.8160573,0.27667847,-0.029113546,1.2004503,-0.0322979,-0.13952719,-0.5364601,-0.10815207,2.4991703,0.5396593,2.6697614,-0.63917094,-0.32057896,-0.2440083,2.177356,-0.19363189,1.3311489,-0.16539997,0.05419765,-1.2555542,-0.20474194,-0.061419196,-0.10867878,-0.013098763,-0.029362494,-0.3329893,0.06529726,2.6633847,-0.04874026,-0.27731726,-0.04517071,2.0888124,-0.011862162,0.9605171,-0.2963433,-0.56307626,-0.17327935,-0.022178173,0.047150362,-0.051718004,-0.6271056,0.99638057
TCGA-HT-8558,0.1081005,-0.08263507,-0.15872352,-0.0421928,-0.21224467,0.28533685,1.0070674,0.9451158,-0.029005218,0.19834992,0.14055917,-0.11639052,-0.026162747,1.3249178,-0.03721305,0.4947508,0.9565345,0.5894797,0.11950568,1.3033198,0.122877866,-0.02913469,0.8260918,0.25829473,-0.011909479,0.6270929,-0.019805817,-0.048721686,-0.29552123,-0.081398316,1.2812717,0.03523721,1.4999157,-0.3303607,-0.15098403,-0.10147679,1.1421729,-0.11794769,0.5526917,-0.08050319,0.08283931,-0.647166,-0.10984997,-0.0021275615,-0.06009006,-0.0044956068,-0.03682995,-0.16831146,0.22009997,1.0049453,-0.016249975,-0.12691611,-0.00800435,1.1084129,0.22413807,0.15296692,-0.13897729,-0.30715644,-0.07112926,-0.0081151845,-0.009134575,-0.032432344,-0.30511782,0.29888654
TCGA-HT-8563,0.23518617,-0.09487071,-0.18176396,-0.063151255,-0.32058856,0.42231596,1.6220521,1.196638,-0.0037869539,0.4135711,0.24690804,-0.09722722,-0.037233856,1.6772919,-0.07749371,0.5506404,1.475074,0.9989272,0.2864089,1.6164303,0.18360722,-0.024609331,1.3101104,0.16475633,-0.024136113,0.5575556,-0.035247613,-0.07029159,-0.3331065,-0.059779864,1.4120259,0.22353289,1.5830977,-0.41592264,-0.1927242,-0.14101948,1.324259,-0.14302906,0.76425356,-0.1179057,-0.0051519666,-0.7814148,-0.122917965,-0.017494317,-0.08062647,0.10510119,-0.033853114,-0.21852179,0.2709527,1.8393251,-0.031120835,-0.17447035,-0.004533466,1.2529638,0.054359164,0.52488923,-0.18561861,-0.36508802,-0.10852466,-0.0007300476,0.4155183,-0.014899887,-0.3977162,0.43941155
TCGA-HT-8564,-0.010809854,-0.059694316,-0.089137085,-0.04308344,-0.1286193,0.36322352,0.52241355,0.55003536,-0.035365947,-0.020118603,0.10558113,-0.07218486,0.07966993,0.6298818,-0.036982596,0.24572887,0.7367356,0.36641315,0.053931646,0.8986467,-0.0021407944,0.01872956,0.59081435,-0.005829041,-0.022316305,0.33387274,-0.007042819,-0.03851925,-0.18258652,-0.05065183,0.5342517,-0.010342941,0.9438316,-0.20115641,-0.11086942,-0.0487797,0.7370353,-0.11627443,0.54530734,-0.04658452,0.33847848,-0.40058795,-0.0826124,0.015495192,-0.046857357,-0.0016409466,-0.013856187,-0.1355359,0.16828316,0.5202737,-0.025346324,-0.08728409,0.008825466,0.6523147,0.34722358,-0.0045355833,-0.081043765,-0.2045549,-0.045971744,-0.00055143965,-0.007690862,-0.0106963115,-0.18101569,0.22700179
TCGA-HT-A4DV,0.31294358,-0.11109789,-0.2520022,-0.072930194,-0.42128006,0.6261391,1.8807845,1.6538163,-0.027177263,0.36958385,0.3372953,-0.1637682,-0.053420257,2.1099093,-0.09188113,0.8729045,1.8660818,1.3164314,0.44780982,2.1946511,0.36923125,-0.02705192,1.5530684,0.32114595,-0.02519838,1.0201622,-0.022420539,-0.11549546,-0.46027157,-0.100827955,2.0978951,0.30466083,2.272896,-0.5328856,-0.262511,-0.19314207,1.7566178,-0.16858308,1.0604438,-0.13891985,0.09801385,-1.0419091,-0.18094061,-0.03930241,-0.08911152,-0.018031083,-0.052633345,-0.28889003,0.17777552,2.0084743,-0.03487058,-0.22719212,-0.021059874,1.7041806,0.06403531,0.61387175,-0.22755337,-0.4806095,-0.13669221,-0.015858358,-0.008930258,-0.048269667,-0.51251334,0.7156611
TCGA-HT-A5R7,0.16576959,-0.085961126,-0.20147578,-0.07534953,-0.33575827,0.54174346,1.6099426,1.2856978,-0.013083048,0.3810413,0.19539312,-0.11957049,-0.04113284,1.6679081,-0.081916,0.6464265,1.5399587,0.9024225,0.26985756,1.664893,0.26190704,-0.026932096,1.2116628,0.13763492,-0.025192311,0.8392468,-0.022541048,-0.087181285,-0.35710368,-0.07660638,1.6138656,0.15671514,1.66158,-0.42735472,-0.20563486,-0.14881086,1.4318851,-0.13778616,0.7277872,-0.11552315,0.013653725,-0.8228225,-0.13134547,-0.016253294,-0.08124439,-0.023836581,-0.03229608,-0.22603357,0.11634813,1.7074188,-0.02464655,-0.17153648,-0.025268262,1.2308435,-0.0047221477,0.47245365,-0.18890578,-0.36471456,-0.10226611,-0.013161932,0.3705611,-0.036969673,-0.40781054,0.50249386
TCGA-HT-A5RA,-0.0066584023,-0.023806084,-0.025436644,-0.014288825,-0.013315886,0.059693273,0.049801804,0.10801332,-0.013792102,-0.011037191,0.008121118,-0.023959948,-0.00023648348,0.16857646,-0.009573469,0.04319857,0.17323428,-0.0033391982,-0.007330303,0.23768586,-0.025230426,-0.000945458,-0.0007611049,0.03697236,-0.003554412,0.10299802,-0.0028292653,-0.014421547,-0.05345382,-0.022565892,-0.002411005,-0.021827301,0.23917387,-0.052091796,-0.018932275,-0.01499901,0.2466118,-0.04118181,-0.003984291,-0.008108694,0.08271065,-0.10898914,-0.015899124,-0.0061830063,-0.016399395,0.008055566,-0.011315614,-0.032779355,0.1251589,0.08910843,-0.01493147,-0.012812279,0.21281101,0.09164713,0.19498478,-0.011435299,-0.015398179,-0.057790693,-0.013654632,-0.0027282115,-0.0043738475,0.04673763,-0.04461459,-0.0036197596
TCGA-HT-A5RC,-0.016319966,-0.034432586,-0.06355188,-0.03571001,-0.06854794,-0.00609248,0.18960561,0.2320828,-0.017547578,-0.007207858,-0.014654596,-0.04868107,-0.0008401731,0.56114644,-0.016333777,0.13038343,0.59456265,-0.008876975,-0.013761664,0.4302755,-0.019904664,-0.013038509,0.23060498,0.15588365,-0.009258706,0.21787475,-0.007904536,-0.035690807,-0.14057367,-0.051296394,0.49691194,-0.014097367,0.6873544,-0.11516769,-0.05524825,-0.028642593,0.5355821,-0.06513445,0.048869617,-0.031465527,0.22434863,-0.28969583,-0.040925346,0.01494636,-0.025703395,0.07577906,-0.008798978,-0.074141525,0.09545774,0.40362522,-0.02499485,-0.029677255,0.16063094,0.42009437,0.17480381,-0.0034613528,-0.038271647,-0.1266236,-0.038371667,-0.012283125,-0.007091646,-0.00873441,-0.13623194,-0.018935654
TCGA-HT-A614,0.24638195,-0.10324234,-0.2614332,-0.09191485,-0.46122786,0.67928535,2.0624955,1.8421447,-0.030981002,0.48179898,0.31226814,-0.15694739,-0.048922244,2.1892354,-0.11443712,1.0033176,2.1006532,1.3618991,0.4973036,2.3216136,0.3573894,-0.025554646,1.6794564,0.18152739,-0.03139234,1.1512202,-0.02143644,-0.1125829,-0.48710537,-0.09039689,2.1628408,0.23172511,2.3330903,-0.5540964,-0.27947372,-0.19371553,1.7853723,-0.18522957,1.0802028,-0.13957934,0.00842661,-1.0879072,-0.18095379,-0.030980457,-0.097405925,-0.014431327,-0.042551763,-0.30382296,0.1851858,2.3113403,-0.037087087,-0.2439914,-0.034122106,1.8701521,-0.004577354,0.7524836,-0.25263485,-0.5050983,-0.14012457,-0.0038281314,0.32721135,-0.04853452,-0.5489746,0.7017498
TCGA-HT-A615,0.4650253,-0.12958011,-0.28849342,-0.08005066,-0.5228888,0.7630455,2.1654143,1.9521891,-0.01723888,0.4274954,0.3708733,-0.17231071,-0.07089695,2.5593164,-0.118092775,1.0441172,2.4242969,1.6278492,0.6579679,2.5984082,0.431196,-0.036353532,1.8240871,0.3630644,-0.02844632,1.0728016,-0.03655013,-0.13294733,-0.52750474,-0.104900755,2.301757,0.41904396,2.6647532,-0.62378764,-0.30221528,-0.24154268,2.146287,-0.19752043,1.3151004,-0.15782432,0.1570203,-1.2232049,-0.2149593,-0.049133655,-0.11129701,-0.011467026,-0.033062894,-0.31174833,0.09555535,2.4249396,-0.03781304,-0.2847343,-0.041621305,2.0218456,-6.08135e-05,0.7066816,-0.27583462,-0.5426705,-0.15656392,-0.020533781,-0.0066964584,-0.05655796,-0.60294515,0.8330374
TCGA-HT-A616,0.4484525,-0.11342903,-0.29573235,-0.096164405,-0.51982176,0.7663774,2.2515366,1.9443189,-0.018731564,0.49761102,0.31375957,-0.1641001,-0.07354194,2.4855027,-0.12728523,1.0481899,2.308921,1.5948975,0.63124126,2.5143218,0.55054724,-0.03252742,1.8538555,0.29075032,-0.019012272,1.0876267,-0.03650055,-0.13960128,-0.5195971,-0.09888743,2.3538885,0.35979268,2.5722911,-0.61412454,-0.30224907,-0.23312728,1.9917291,-0.1929184,1.3450813,-0.1667539,0.08909002,-1.2134349,-0.20235808,-0.05518837,-0.104302935,-0.022501973,-0.045549054,-0.32369813,0.1508949,2.5364048,-0.045912873,-0.26415563,-0.04124692,2.007957,-0.0027962339,0.8539139,-0.2923557,-0.54348636,-0.1487754,-0.017507568,0.15780991,-0.056224402,-0.6048818,0.8388352
TCGA-HT-A617,-0.011047187,-0.07136536,-0.099071525,-0.025119126,-0.1254596,0.20426285,0.4948253,0.5295044,-0.00952094,-0.00552335,0.24561876,-0.080342084,-0.016997175,0.92616296,-0.04193915,0.35936072,0.7257885,0.13977638,0.005541365,0.87722117,-0.015240379,-0.022778876,0.57034916,0.26908058,-0.014557478,0.29834446,-0.013697256,-0.026048198,-0.2063828,-0.05742335,0.6118504,-0.016818902,0.8434066,-0.21875589,-0.08517405,-0.091123745,0.6884405,-0.10266008,0.13323447,-0.04643552,0.1802764,-0.44057694,-0.069737464,-0.014058257,-0.03762391,-0.0032836266,-0.012320538,-0.11074948,0.13534887,0.77985,-0.0254764,-0.06270647,0.22636117,0.6797075,0.2727906,0.1147872,-0.085848995,-0.20878069,-0.039532177,-0.011891889,-0.017926196,0.034006502,-0.2011038,0.08435555
TCGA-HT-A618,-0.0017726992,-0.08076673,-0.18623199,-0.064413525,-0.30842873,0.44831568,1.5646062,1.2507365,-0.022571122,0.3618836,0.31335762,-0.12283114,-0.022222232,1.5572575,-0.06965717,0.57269317,1.4351314,0.91287357,0.24303827,1.6436002,0.16532816,-0.011280273,1.1120586,0.08817431,-0.019050455,0.7278566,-0.016528018,-0.092416145,-0.35070953,-0.06718966,1.5271919,0.22703707,1.6022568,-0.40623385,-0.19686425,-0.12518804,1.3832784,-0.14620052,0.60675913,-0.1075804,0.054014463,-0.7760764,-0.12167316,0.03945523,-0.07741535,-0.012580573,-0.04830377,-0.22097622,0.09906091,1.5985183,-0.02157959,-0.16541573,-0.024349356,1.233338,-0.002178615,0.31312075,-0.17989682,-0.33544075,-0.095323995,-0.007259164,0.56969416,-0.032409746,-0.389204,0.36817625
TCGA-HT-A619,0.6056199,-0.13541214,-0.3403742,-0.105543576,-0.6275982,0.9232653,2.6890154,2.2593298,-0.015884561,0.63020295,0.43388098,-0.205235,-0.08879321,3.0046601,-0.15130423,1.0122591,2.927222,1.9706994,0.8642216,3.0509374,0.68299335,-0.0390824,2.2125816,0.33374435,-0.033502772,1.2330176,-0.044049654,-0.16268468,-0.6023908,-0.11342434,2.7524128,0.44878137,3.0760906,-0.7145143,-0.36256623,-0.278833,2.4927888,-0.19229385,1.6396589,-0.20421718,0.13381615,-1.4244057,-0.24615303,-0.061537445,-0.12116641,-0.019081978,-0.0279906,-0.37254134,0.07288559,3.0592182,-0.044077124,-0.3225749,-0.056634486,2.3197074,-0.032527525,1.150353,-0.33686447,-0.62937254,-0.17986213,-0.03092964,-0.02272158,-0.0811167,-0.69963026,1.189253
TCGA-HT-A61A,0.24943285,-0.105754234,-0.21949433,-0.06779309,-0.36402792,0.48549485,1.545713,1.3697406,-0.023482962,0.26580003,0.30456415,-0.13318172,-0.045127448,1.861051,-0.07326583,0.83360493,1.671927,1.020058,0.34316203,1.8902838,0.25931993,-0.032977033,1.408737,0.3715192,-0.023194883,0.8417175,-0.021195602,-0.0843861,-0.39827594,-0.093663596,1.7654369,0.2366249,1.892024,-0.46162963,-0.22430399,-0.16773158,1.4922909,-0.15995292,0.88862926,-0.11256813,0.14807993,-0.90260184,-0.15982722,-0.02939266,-0.0819945,-0.0046924152,-0.03462703,-0.2289311,0.1732256,1.7456994,-0.03088083,-0.18281709,-0.018572357,1.5055132,0.16064134,0.48535848,-0.19998826,-0.41524202,-0.11281377,-0.008441862,-0.016096761,-0.038273994,-0.44075042,0.60378367
TCGA-HT-A61B,0.42124742,-0.10479647,-0.25118002,-0.10496839,-0.44823024,0.73873967,2.1943212,1.5512701,-0.038634527,0.3990574,0.28414917,-0.1485099,-0.047453277,2.0992987,-0.13193451,0.8204389,1.9438086,1.4004412,0.51827383,2.149286,0.5652137,-0.014601283,1.4121572,-0.008097543,-0.013453136,0.95803404,-0.03758889,-0.16872288,-0.44410345,-0.06853816,2.0648303,0.360538,2.180187,-0.548026,-0.2649641,-0.18431124,1.8293195,-0.16008124,1.1563343,-0.17998067,0.08119732,-1.0258827,-0.18805216,-0.012069521,-0.09828248,-0.0069170333,-0.04760359,-0.2877413,0.2145821,2.177039,-0.022758681,-0.25174028,-0.032316606,1.778338,-0.015136641,0.61006296,-0.22454336,-0.4703304,-0.123355605,-0.033783812,0.8040738,-0.056399364,-0.50038064,0.71346545
TCGA-HT-A61C,-0.0121783735,-0.04279185,-0.038586687,-0.014101612,-0.04198071,0.12561974,0.17808607,0.080893606,-0.009684379,-0.0061895507,0.05429198,-0.03360595,-0.008535716,0.25908652,-0.007957063,0.123087466,0.19650795,-0.012827295,-0.019110007,0.24824136,-0.010181923,-0.014066957,0.046734475,0.020406215,-0.009543042,0.025330503,-0.0069287955,-0.014589526,-0.07967776,-0.031553432,0.15882924,-0.01623495,0.28548276,-0.0809309,-0.023824444,-0.024423756,0.32807913,-0.038623,0.043596484,-0.019391552,0.04434413,-0.17644723,-0.026027251,-0.0009771859,-0.017562065,-0.0062997276,-0.008945038,-0.044702154,0.07849241,0.15493871,-0.003777024,-0.018776247,0.16279083,0.20066547,0.29788083,-0.01446099,-0.029118938,-0.07775625,-0.01630201,-0.0021781402,-0.0036524308,-0.004011555,-0.061387092,-0.011920481
TCGA-HT-A74H,0.018749207,-0.05435425,-0.08125102,-0.01693483,-0.10545593,0.26758456,0.5187713,0.44257766,-0.010855878,0.008087294,0.017021276,-0.074762665,-0.016987802,0.7320482,-0.026522169,0.26612514,0.52084064,0.19951898,0.030208942,0.70475185,-0.0036064256,-0.013573593,0.4426419,0.047586724,-0.0050237216,0.35447547,-0.015523409,-0.032860663,-0.16989379,-0.055993646,0.5734587,-0.005862404,0.77783483,-0.18938361,-0.086796194,-0.06691575,0.6934099,-0.08180692,0.20070116,-0.03928515,-0.0029786904,-0.3781756,-0.081141874,-0.008945043,-0.037053887,-0.0012171367,-0.016235553,-0.10685553,0.12580149,0.6252768,-0.018041788,-0.058830738,0.10331687,0.523922,0.15480539,-0.008062861,-0.07325583,-0.16930723,-0.03470127,-0.006536799,-0.0152722215,-0.012771676,-0.19092505,0.09368239
TCGA-HT-A74K,0.4303056,-0.1233282,-0.2826517,-0.08715689,-0.523503,0.77613145,2.1777003,1.9332281,-0.02401033,0.6128971,0.43222994,-0.17176655,-0.06719627,2.4740677,-0.13507295,0.9488178,2.3331811,1.5649273,0.65588087,2.526459,0.41426462,-0.037418824,1.8922087,0.27373478,-0.04638109,0.9637092,-0.03347118,-0.1323431,-0.5083348,-0.098383896,2.315253,0.3683594,2.5337322,-0.6038752,-0.3116243,-0.2360467,2.099379,-0.18431875,1.1617354,-0.16215374,0.016687114,-1.1974934,-0.19692571,-0.044146962,-0.10526182,-0.018838434,-0.03392784,-0.32158694,0.2509675,2.5434506,-0.046547487,-0.27783385,-0.028708577,2.0344906,-0.013639699,0.86023974,-0.27852446,-0.5383419,-0.15128766,-0.020435793,0.058445122,-0.05859549,-0.58383507,0.909899
TCGA-HT-A74L,0.58367264,-0.13572799,-0.34188744,-0.102072835,-0.6177611,0.87808627,2.6686566,2.234729,-0.024828512,0.59581584,0.49803114,-0.19597244,-0.080800645,2.8847892,-0.14910525,1.1495371,2.7494931,1.995489,0.75008136,3.0227063,0.67521083,-0.043408286,2.0977159,0.37302738,-0.04570238,1.2655864,-0.03574526,-0.16561878,-0.59957093,-0.118696526,2.6771803,0.5879031,3.1031644,-0.7240016,-0.35836637,-0.27748957,2.3695304,-0.21560462,1.6172712,-0.19481014,0.11989857,-1.4066193,-0.23954873,-0.06433465,-0.1297248,-0.011867718,-0.037117466,-0.36453524,0.13637044,2.9103472,-0.044420507,-0.32145223,-0.051094927,2.299483,-0.021078398,1.0942886,-0.32916158,-0.6300614,-0.18904911,-0.03555989,-0.020325681,-0.06933571,-0.69866616,1.1686486
TCGA-HW-7486,0.3543886,-0.11622315,-0.27989385,-0.07998035,-0.48119217,0.74605995,2.1482265,1.8178633,-0.028825352,0.45629916,0.35973284,-0.1729684,-0.06450602,2.3624606,-0.11088618,0.9533855,2.094223,1.438222,0.5067572,2.4142785,0.49663475,-0.035115164,1.7586943,0.33400327,-0.027883306,1.1004909,-0.026847756,-0.12364929,-0.49456507,-0.109831445,2.286028,0.32397538,2.5598004,-0.58381116,-0.29168817,-0.21808954,2.004671,-0.18386278,1.2029483,-0.15219283,0.08991437,-1.1491288,-0.21240662,-0.035102066,-0.09454434,-0.008180187,-0.03833523,-0.30820006,0.20270889,2.2526104,-0.036910977,-0.25168738,-0.026241696,1.9560521,-0.005329547,0.6989965,-0.25657526,-0.5259419,-0.14277272,-0.024827572,-0.013663972,-0.053684343,-0.5624916,0.8724562
TCGA-HW-7487,0.459833,-0.12320607,-0.30678076,-0.091503225,-0.5447163,0.7871029,2.3540595,2.0353112,-0.02641703,0.50457245,0.43423873,-0.18301758,-0.07202437,2.5781689,-0.1270975,1.1067599,2.4205205,1.7413543,0.64418805,2.6991565,0.5238176,-0.045064677,1.8857305,0.31997988,-0.034582503,1.1913112,-0.02456136,-0.13715664,-0.54976815,-0.11742238,2.526576,0.47688937,2.6956894,-0.64707977,-0.31449157,-0.24451351,2.1527274,-0.20572884,1.3131447,-0.17668508,0.12824985,-1.275581,-0.21637301,-0.058604557,-0.10828408,-0.017132936,-0.041124653,-0.32878897,0.1751972,2.51838,-0.044266865,-0.28008017,-0.03239215,2.1173825,-0.0038295311,0.83562243,-0.29055655,-0.57560545,-0.16069517,-0.021680363,-0.02294902,-0.068993025,-0.62475824,0.9488619
TCGA-HW-7489,0.34588155,-0.115787886,-0.28284118,-0.084991194,-0.49851805,0.678752,2.0906768,1.9084967,-0.02176441,0.4754435,0.3137011,-0.16788976,-0.062452476,2.4823503,-0.121030025,0.96605825,2.270875,1.492011,0.5286839,2.4904428,0.4847416,-0.031941492,1.8317931,0.35849506,-0.035027973,1.1232883,-0.030660573,-0.12494948,-0.511002,-0.11452259,2.3184628,0.39971918,2.4599862,-0.5879542,-0.2889904,-0.23142974,1.959545,-0.19218485,1.2640778,-0.15544501,0.11518082,-1.1757246,-0.20143636,-0.04527683,-0.095319405,-0.009650651,-0.034061987,-0.3194675,0.18793054,2.3995109,-0.03822206,-0.24809067,-0.031846635,1.9115425,-0.0019397605,0.74387306,-0.2677178,-0.53821766,-0.15055518,-0.018843155,-0.01416451,-0.050689053,-0.57443494,0.8346548
TCGA-HW-7490,0.48780608,-0.12910758,-0.3025385,-0.104795314,-0.58066833,0.783867,2.4366767,2.1422112,-0.01565042,0.65718824,0.33175024,-0.1694583,-0.08892891,2.6096919,-0.1423422,1.1683099,2.5798032,1.8046632,0.77037704,2.653008,0.6270394,-0.05027309,2.1084187,0.29990828,-0.035136394,1.2820599,-0.019396396,-0.1478255,-0.549348,-0.10419462,2.5595832,0.5593086,2.7333994,-0.66446584,-0.33011243,-0.24531172,2.1898184,-0.20069721,1.4972379,-0.18134767,0.07556942,-1.2966574,-0.21634327,-0.068757914,-0.11435752,-0.009477959,-0.03537048,-0.34432307,0.13705005,2.7239838,-0.04252779,-0.29019395,-0.03712657,2.173379,-0.015178688,0.96355534,-0.30405018,-0.57851046,-0.17214896,-0.017907571,0.07294203,-0.059120536,-0.638674,1.0012991
TCGA-HW-7491,0.57567453,-0.13983153,-0.33826077,-0.1012702,-0.6316218,0.86349636,2.6452143,2.270149,-0.032716054,0.6182121,0.42908055,-0.20011722,-0.0861733,2.8565297,-0.151764,1.2476616,2.7176678,1.9736661,0.7661555,2.9757066,0.7232611,-0.054315776,2.154298,0.3686769,-0.03400486,1.2476887,-0.03493168,-0.15480785,-0.5913647,-0.119419396,2.7526188,0.5081048,3.022189,-0.7120714,-0.36104628,-0.2660348,2.4469042,-0.21622577,1.7134931,-0.19424194,0.23417729,-1.4127345,-0.2573619,-0.06757527,-0.114191666,-0.0072025517,-0.032757558,-0.35836488,0.10914023,3.0214345,-0.04842623,-0.33197197,-0.04207518,2.3174138,-0.01994306,1.157449,-0.31636718,-0.6450922,-0.18272822,-0.025991788,-0.02822627,-0.07090113,-0.69693893,1.1868412
TCGA-HW-7493,0.47509193,-0.12201371,-0.30815363,-0.09128157,-0.5459839,0.76106524,2.3119805,1.9868919,-0.022400469,0.4844523,0.34649566,-0.18025701,-0.06184425,2.6388695,-0.12427086,1.0624347,2.4929209,1.6859735,0.5884552,2.6473594,0.45131174,-0.0323727,1.9565086,0.29617316,-0.030068358,1.2049159,-0.033745408,-0.13801545,-0.53949,-0.11744205,2.4530823,0.38103554,2.6858137,-0.6349103,-0.31555024,-0.25210765,2.131199,-0.20609792,1.3533715,-0.16473201,0.20342879,-1.2550777,-0.21608892,-0.060068686,-0.10512545,-0.0104379635,-0.029665524,-0.33425048,0.07643552,2.6946068,-0.04275866,-0.26229843,-0.043072697,2.0971286,-0.009753036,0.90030026,-0.2907236,-0.5709644,-0.16673951,-0.020452537,-0.008432622,-0.054312464,-0.62639135,0.9483192
TCGA-HW-7495,0.50463635,-0.1312717,-0.3113237,-0.094616346,-0.5430545,0.7670215,2.3616564,2.0424116,-0.031040696,0.53408605,0.3744499,-0.19110374,-0.07833718,2.611955,-0.11924225,1.0961409,2.4735017,1.6722652,0.6489238,2.7007134,0.5727401,-0.044254318,1.9503651,0.40983784,-0.029818935,1.1177485,-0.02585856,-0.14081359,-0.54024726,-0.106827654,2.512157,0.5210406,2.7264535,-0.64419883,-0.3226122,-0.24934487,2.1918566,-0.20318854,1.4007081,-0.16938902,0.15511586,-1.270168,-0.22682343,-0.057621505,-0.10921921,-0.013472842,-0.03737386,-0.33589673,0.10597174,2.5914574,-0.043087017,-0.28125945,-0.037552986,2.0943441,-0.008581439,0.8906777,-0.29523107,-0.579278,-0.166211,-0.025961364,-0.0143378815,-0.06372119,-0.62083596,0.99725723
TCGA-HW-8319,0.084006354,-0.06639037,-0.22130644,-0.070670865,-0.36611196,0.53389424,1.7808955,1.3748742,-0.026694624,0.3838247,0.29259568,-0.12625933,-0.021866133,1.7070779,-0.079229675,0.77838254,1.6359873,0.96554375,0.40776455,1.7846339,0.26348928,0.0092937425,1.2357442,0.07028364,-0.026424525,0.8574659,-0.028982064,-0.098352015,-0.39268765,-0.06965038,1.8718951,0.24613631,1.8055248,-0.45065957,-0.2093709,-0.13073711,1.4594094,-0.16917193,0.8934677,-0.13902816,0.18547152,-0.8380453,-0.13870782,0.07075681,-0.08542138,-0.011646352,-0.03561453,-0.25055864,0.18443684,1.9263995,-0.023060746,-0.19730322,-0.026495595,1.4949387,-0.0068249837,0.20882642,-0.20775591,-0.37844297,-0.119177,-0.012026939,0.8798953,-0.042401887,-0.4271465,0.5037708
TCGA-HW-8320,0.54355955,-0.124215834,-0.32477692,-0.09913736,-0.6003838,0.94267017,2.621414,2.2045004,-0.014911358,0.5323521,0.36673683,-0.18872315,-0.07639866,2.7611666,-0.14649795,1.1264918,2.6312692,1.8953606,0.76436603,2.8615985,0.69754636,-0.039802194,2.087503,0.24373384,-0.030122623,1.2143347,-0.019764671,-0.16835563,-0.57758373,-0.11460879,2.632828,0.51059103,2.8867595,-0.68084115,-0.35003802,-0.26514652,2.3224628,-0.20055881,1.5444126,-0.18094145,0.023612943,-1.3502768,-0.22530429,-0.055940133,-0.10889169,-0.019994538,-0.03974497,-0.359576,0.10088386,2.9077034,-0.04825316,-0.30931807,-0.04537156,2.3233914,-0.016117478,0.94743466,-0.31946713,-0.61280584,-0.1742063,-0.025605489,0.08719805,-0.059163578,-0.66799587,0.9627139
TCGA-HW-8321,0.43781435,-0.1231818,-0.29623505,-0.097915724,-0.51607555,0.6823203,2.3778982,1.9758178,-0.010322451,0.57243824,0.4703526,-0.1760567,-0.065879844,2.5285819,-0.11679844,1.0706967,2.3982341,1.6973008,0.7085825,2.6099994,0.5565876,-0.04277146,1.8974135,0.34209797,-0.03423756,1.113527,-0.027083883,-0.12959318,-0.5279387,-0.11067312,2.461413,0.46115267,2.6344552,-0.6260156,-0.30787966,-0.22663482,2.1356378,-0.18304066,1.347732,-0.16700195,0.033137407,-1.227312,-0.21202946,-0.048451763,-0.10291939,-0.014169787,-0.029269964,-0.32706603,0.029394105,2.5243478,-0.046287958,-0.26632413,-0.039791312,2.1007242,-0.010891209,0.976122,-0.28004318,-0.5446709,-0.1570641,-0.020490674,-0.012096114,-0.047929253,-0.60235316,0.9350107
TCGA-HW-8322,0.640032,-0.1337125,-0.3293866,-0.112244844,-0.61051774,0.9310943,2.628454,2.2110324,-0.025836462,0.59930664,0.40854192,-0.19654207,-0.07934114,2.8348002,-0.14357403,1.1493285,2.6327574,1.8488207,0.7247773,2.810325,0.70921385,-0.047953315,2.1066298,0.31246555,-0.03899865,1.2901078,-0.025713041,-0.16181307,-0.5916299,-0.12443385,2.6022692,0.47053492,2.9452312,-0.7047531,-0.35636187,-0.2743208,2.4038422,-0.21294613,1.5498648,-0.18500653,0.1841075,-1.3767319,-0.24306913,-0.06890139,-0.11181748,-0.016421001,-0.03491245,-0.36310259,0.10787274,2.823003,-0.04775453,-0.30759528,-0.04434009,2.3746047,-0.024487298,0.9947554,-0.3209046,-0.62566125,-0.18306969,-0.032181885,-0.003334457,-0.06831568,-0.69055545,1.0357062
TCGA-HW-A5KJ,0.42243475,-0.122180246,-0.31302512,-0.10061803,-0.5548398,0.8009156,2.4439998,2.0550883,-0.028476063,0.48432818,0.479196,-0.1857655,-0.07648611,2.6423507,-0.13250427,1.0594395,2.4089234,1.7130746,0.67332286,2.6727052,0.58484524,-0.045506716,1.8898159,0.33723104,-0.039318528,1.0988266,-0.021839377,-0.14705181,-0.54724497,-0.10798957,2.4697912,0.45524794,2.7280297,-0.6505289,-0.33110467,-0.24702488,2.2623587,-0.19176625,1.3627481,-0.17571945,-0.00040845014,-1.2880118,-0.21675467,-0.06171423,-0.10944774,-0.0017129341,-0.027101899,-0.34162924,0.08038069,2.6834855,-0.051547952,-0.28409544,-0.035168123,2.2508922,-0.007997699,0.96074784,-0.2901896,-0.5665989,-0.16501297,-0.032446902,-0.0032733995,-0.05805337,-0.629439,1.0767629
TCGA-HW-A5KK,-0.0032567703,-0.07018554,-0.098462276,-0.03061126,-0.12186437,0.13294034,0.5240776,0.43051243,-0.017125113,-0.008851747,0.04694522,-0.07820914,-0.012930016,0.8284919,-0.027975023,0.24577098,0.647438,0.16964914,-0.0057530603,0.7765768,-0.00996198,-0.01430647,0.51333654,0.1647724,-0.008839513,0.3340094,-0.008267547,-0.03775734,-0.19375448,-0.057439517,0.7115406,-0.006424802,0.8780999,-0.20647159,-0.08633765,-0.06921469,0.7042827,-0.090232365,0.22199008,-0.043654297,0.06920776,-0.417433,-0.07437255,-0.0005896542,-0.03627404,0.012859529,-0.023074543,-0.1115564,0.076464996,0.59192765,-0.0194137,-0.07229489,0.106151566,0.6378672,0.3054738,-0.0014308803,-0.08101594,-0.19342956,-0.041901927,-0.01095487,-0.009141522,-0.008022792,-0.19151084,0.103199
TCGA-HW-A5KL,0.50163954,-0.13676761,-0.3303928,-0.098610185,-0.58896375,0.83658886,2.5821888,2.2537944,-0.02246024,0.5387168,0.37363073,-0.19872124,-0.07910975,2.785697,-0.14239961,1.1435204,2.6489103,1.9235429,0.723251,2.8535602,0.5683291,-0.039643694,2.073985,0.37123007,-0.03674185,1.241795,-0.034851633,-0.15355287,-0.58611196,-0.12146785,2.6346729,0.5100043,2.8790925,-0.67932075,-0.35090455,-0.27579343,2.3227563,-0.21437572,1.4801539,-0.17338815,0.16565678,-1.3539288,-0.23712897,-0.063781165,-0.118337296,-0.020250868,-0.03525584,-0.36202818,0.12852688,2.8895564,-0.05235908,-0.3019391,-0.04960234,2.28749,-0.016656635,0.9480146,-0.3156663,-0.6148681,-0.18218516,-0.030169562,-0.00078387,-0.06666345,-0.67340535,1.0187286
TCGA-HW-A5KM,0.40998536,-0.11653318,-0.30028912,-0.09222033,-0.53835607,0.8412193,2.271804,1.978531,-0.029044805,0.44186106,0.35373342,-0.16891347,-0.061561365,2.4280267,-0.12760834,1.0377285,2.4292252,1.6633881,0.6457885,2.538231,0.40849537,-0.022676295,1.9117259,0.29343516,-0.033861652,1.038812,-0.028622309,-0.1412483,-0.51384246,-0.099319965,2.3334851,0.46700674,2.5893366,-0.61786157,-0.31482956,-0.24261501,2.1019866,-0.18847395,1.3497008,-0.16355169,0.07808736,-1.2085074,-0.20476882,-0.05824278,-0.10182647,-0.016522525,-0.028005281,-0.32726723,0.06633188,2.5694532,-0.05099203,-0.26399294,-0.025839964,1.9617854,-0.01066899,0.9379504,-0.27644846,-0.54753625,-0.16439699,-0.022477241,-0.002319115,-0.057927664,-0.60117143,0.93412864
TCGA-IK-7675,0.45421505,-0.07512218,-0.24907444,-0.057903823,-0.44124278,0.8488963,2.2886431,1.551847,-0.032893922,0.47552302,0.24735707,-0.13627255,-0.06794166,1.9936095,-0.094350696,0.7159341,1.5719407,1.1839453,0.5088133,1.910712,0.52582455,-0.032883227,1.4883237,-0.009032913,-0.035489347,0.8599122,-0.026894545,-0.12860243,-0.43103084,-0.087022245,2.1407595,0.23819037,2.1270945,-0.49965143,-0.21736851,-0.15243985,2.0218198,-0.15383117,0.8572355,-0.16618276,-0.010908948,-0.996087,-0.14222248,0.002638456,-0.09727152,-0.012643294,-0.03368355,-0.24227738,0.29539078,2.1902285,-0.020184021,-0.23028015,-0.06593697,1.7477083,-0.014255588,0.43233117,-0.2335761,-0.42130622,-0.14556259,-0.019500064,1.100966,-0.04383805,-0.46062174,0.6713161
TCGA-IK-8125,0.36913985,-0.1162035,-0.29578227,-0.087161906,-0.53553444,0.74546796,2.3460767,2.0175447,-0.025104571,0.5320071,0.39955136,-0.17689149,-0.07119884,2.5453486,-0.12814143,1.0120603,2.4067895,1.6393833,0.6695432,2.5532439,0.5455641,-0.0370915,1.9007809,0.2992007,-0.039443687,1.1409427,-0.028679116,-0.13609895,-0.53821135,-0.11330563,2.4332147,0.39716315,2.6757298,-0.6257843,-0.3113659,-0.24272414,2.196703,-0.18890797,1.2932677,-0.16413474,0.12213652,-1.2449411,-0.21307662,-0.04454379,-0.11123049,-0.01161038,-0.04636542,-0.33042666,0.06623633,2.5547135,-0.046010476,-0.2831296,-0.035308193,2.092875,-0.008046785,0.8181262,-0.28275427,-0.5589011,-0.1571946,-0.020258445,-0.0009440694,-0.060798045,-0.6132389,0.8449553
TCGA-KT-A74X,0.5452078,-0.12776491,-0.31950957,-0.09530697,-0.5902495,0.8932709,2.5618248,2.144654,-0.029004265,0.5837715,0.4784903,-0.1935252,-0.077289306,2.7737787,-0.14109531,1.0870657,2.60981,1.8757031,0.6815341,2.7946615,0.6472365,-0.04396371,2.0471878,0.32779437,-0.03994454,1.1417263,-0.035872426,-0.15431951,-0.56730175,-0.12106861,2.495191,0.43860576,2.889176,-0.68631816,-0.33801648,-0.25981146,2.3546405,-0.20752776,1.5126829,-0.18909618,0.08945975,-1.3523266,-0.24213278,-0.059051014,-0.11994004,-0.010309128,-0.031276893,-0.35523677,0.15827583,2.7527418,-0.038620297,-0.31044975,-0.042716395,2.251656,-0.021381428,0.9955899,-0.30821985,-0.60001755,-0.17782584,-0.02585188,-0.015973656,-0.060158104,-0.6668183,1.0897001
TCGA-KT-A7W1,-0.016290126,-0.0266299,-0.026126796,-0.019152556,-0.018889774,0.044360686,0.10029298,-0.00034369418,-0.010616331,-0.0046826615,-0.008237447,-0.033047475,-0.005343822,0.1239471,-0.012346739,0.03517436,0.17807804,-0.015730342,-0.015432003,0.116259955,-0.025391836,-0.005906256,-0.001551646,0.0030468162,-0.009565846,0.15427122,-0.0046416363,-0.012220933,-0.05986754,-0.036406446,0.054275364,-0.022011906,0.26099086,-0.05703343,-0.0113508245,-0.0056793997,0.22222628,-0.043279618,-0.0044204616,-0.012124901,0.14762697,-0.12578802,-0.021011187,0.016672287,-0.015200472,0.023031196,-0.0075344243,-0.036111534,0.032037936,0.043870475,-0.014520384,-0.005794003,0.258285,0.075944334,0.27146205,-0.021584287,-0.023779422,-0.06313206,-0.017022375,-0.013950433,-0.006410457,0.015503324,-0.046629537,-0.010217822
TCGA-P5-A5EW,0.48103344,-0.12512828,-0.32367414,-0.10522161,-0.5791367,0.93886274,2.600602,2.1141965,-0.021713866,0.5187562,0.41805544,-0.1985812,-0.07951103,2.752175,-0.14487457,1.1723783,2.6466503,1.79866,0.7358673,2.7702458,0.6796643,-0.03652049,2.027981,0.3240267,-0.035215,1.2239667,-0.040209,-0.16836137,-0.58160454,-0.11478225,2.6445336,0.45810935,2.925884,-0.68206984,-0.33823678,-0.26324388,2.236186,-0.2031027,1.4976876,-0.18857338,0.05390046,-1.3415712,-0.231232,-0.0635589,-0.11169205,-0.01237316,-0.037119452,-0.35754237,0.094215706,2.866035,-0.04481016,-0.29804102,-0.04347796,2.3191893,-0.017808752,1.060462,-0.3159952,-0.60715646,-0.1777088,-0.035509504,0.0501688,-0.06960238,-0.6772619,1.0004717
TCGA-P5-A5EX,0.36058474,-0.08293242,-0.21681486,-0.071736775,-0.38738716,0.58434904,1.8603449,1.48126,-0.02082468,0.4372124,0.2814314,-0.13355011,-0.047014974,1.7835191,-0.088186555,0.7575231,1.8633387,1.1313564,0.55513734,1.8967096,0.35913518,-0.019522613,1.4751303,0.07930315,-0.022848962,0.898605,-0.009952009,-0.112231605,-0.38342744,-0.0847307,1.5768929,0.31952757,1.9021033,-0.46597305,-0.24569249,-0.16524093,1.6338297,-0.14654964,0.9475454,-0.13716863,-0.005385352,-0.91913646,-0.14991143,-0.02812008,-0.085512556,0.0643995,-0.024278708,-0.2542777,0.06322782,2.0004816,-0.04065613,-0.20209387,-0.003374143,1.625238,0.04548199,0.72718203,-0.2101121,-0.4236977,-0.11646291,-0.0007965872,0.19209135,-0.039709315,-0.46099,0.6547305
TCGA-P5-A5EY,-0.014817371,-0.06200589,-0.11226224,-0.03080064,-0.15448931,0.17335685,0.6140408,0.64953065,-0.010134845,-0.0053144596,0.14677915,-0.07891052,-0.010833719,1.0462803,-0.02501039,0.2498363,0.9001853,0.28803232,0.19062303,0.89132977,-0.013342409,-0.016588962,0.6048371,0.22038999,-0.007123533,0.4892371,-0.019717796,-0.028582154,-0.22679408,-0.07116727,0.79764223,-0.0071071587,1.0767667,-0.22905557,-0.100630365,-0.089377604,0.87381583,-0.10087146,0.28882483,-0.045966737,0.10383865,-0.48593646,-0.07427894,-0.011608468,-0.041630078,0.02078863,-0.011625016,-0.11852037,0.05784242,0.8855885,-0.023295056,-0.07620096,0.046815366,0.76765656,0.26504722,0.15449554,-0.104207575,-0.22523354,-0.055316545,-0.0015588232,-0.02696681,-0.0045856745,-0.2300765,0.12851964
TCGA-P5-A5EZ,0.3955946,-0.106354855,-0.24986695,-0.0829001,-0.45129585,0.6457947,2.039692,1.6707158,-0.027725974,0.53346413,0.21269223,-0.1480326,-0.05490004,2.0760813,-0.11727836,0.85567075,1.9847792,1.3435432,0.4172877,2.2647774,0.43249872,-0.025540767,1.7382785,0.21979557,-0.030874053,0.9240648,-0.02884068,-0.120626174,-0.46483776,-0.09680025,2.082796,0.32921183,2.264265,-0.54920167,-0.2701552,-0.19451748,1.8364711,-0.16320299,1.1113831,-0.15506105,0.051702138,-1.068677,-0.17898837,-0.032505166,-0.08844008,-0.009063409,-0.035250038,-0.28531966,0.25026876,2.1960936,-0.038780473,-0.23292997,-0.02972875,1.7327267,0.0052423067,0.7152019,-0.24314223,-0.4909908,-0.13270883,-0.018758444,0.28417864,-0.046950918,-0.5270662,0.85643864
TCGA-P5-A5F0,0.464045,-0.12669502,-0.30455872,-0.090644464,-0.54590535,0.84913194,2.355491,2.0175765,-0.016603468,0.4704601,0.4292221,-0.18148091,-0.074398726,2.5840576,-0.11899137,1.0208817,2.4721897,1.8023854,0.6976322,2.7241178,0.5960135,-0.050624724,1.9521213,0.35718822,-0.036079567,1.1942796,-0.033214632,-0.1456636,-0.5445903,-0.11905908,2.396437,0.4576796,2.6856449,-0.6562346,-0.3191889,-0.24885845,2.1339612,-0.19734381,1.4468412,-0.17360178,0.112324595,-1.283894,-0.22159266,-0.047831785,-0.10683375,-0.01863138,-0.025615979,-0.33274236,0.035408095,2.5981987,-0.043889318,-0.27668417,-0.03769288,2.1254234,-0.008514938,0.94064164,-0.2956788,-0.57140625,-0.16613728,-0.032228615,-0.016328119,-0.0666599,-0.6408184,0.93180406
TCGA-P5-A5F1,0.4802131,-0.12584308,-0.29674602,-0.08973988,-0.53686357,0.7799489,2.2931159,2.0536172,-0.027670844,0.5550683,0.2977275,-0.17411424,-0.069936246,2.4264548,-0.1373753,1.1119523,2.4826276,1.7274156,0.54175186,2.637977,0.45710507,-0.03607923,1.9219908,0.20951185,-0.03768366,1.0506976,-0.034561865,-0.14911598,-0.5339242,-0.10753261,2.3884459,0.39262128,2.6125505,-0.6277007,-0.31712985,-0.2475241,2.009132,-0.19414236,1.2936524,-0.16044773,0.105890185,-1.2404301,-0.19830443,-0.05217712,-0.111708954,-0.02143033,-0.042204466,-0.328276,0.20609055,2.7032406,-0.04816428,-0.26858154,-0.031405773,2.0081105,-0.0033133875,0.9324596,-0.28666517,-0.56921154,-0.15826637,-0.023478054,0.19350657,-0.0462613,-0.61401266,0.8899402
TCGA-P5-A5F2,0.35815543,-0.10727682,-0.28912103,-0.08649146,-0.5067939,0.779401,2.1951778,1.9346637,-0.021110972,0.52770215,0.23832023,-0.16252883,-0.06298178,2.4283428,-0.12809207,1.0332923,2.2586148,1.5989528,0.6271863,2.540578,0.38164994,-0.025630593,1.7306905,0.2708267,-0.022988085,1.1737074,-0.03272727,-0.124438606,-0.51892734,-0.105897464,2.2902746,0.38059935,2.468793,-0.5992245,-0.2987507,-0.2349905,1.9776657,-0.19029592,1.1802336,-0.16016698,0.08931337,-1.1808414,-0.19659364,-0.037042867,-0.10870887,-0.014020096,-0.038443174,-0.3205469,0.17761065,2.553116,-0.04623892,-0.25249246,-0.040765144,1.9645859,-0.0126911355,0.6954088,-0.28221557,-0.5385382,-0.15947853,-0.023165053,0.066738635,-0.060403842,-0.5806603,0.8072146
TCGA-P5-A5F4,0.4476723,-0.12664221,-0.3072421,-0.09487776,-0.53693765,0.79131967,2.2903824,2.0110466,-0.011499177,0.5019734,0.28799027,-0.1829268,-0.07163374,2.5694344,-0.12345368,1.081286,2.4970036,1.7519422,0.6714865,2.5926006,0.5765734,-0.03692034,1.9539806,0.38867313,-0.0347076,1.1543521,-0.02971958,-0.13514349,-0.5431096,-0.11281244,2.4806833,0.45526505,2.6463063,-0.6445502,-0.30892178,-0.25195685,2.149328,-0.19422314,1.3330392,-0.16108298,0.099026516,-1.2635201,-0.21483444,-0.069362335,-0.10295234,-0.004084758,-0.030502195,-0.33538315,0.07109846,2.5615644,-0.04597684,-0.26570565,-0.037291773,2.0948434,-0.009927067,0.9617268,-0.29050344,-0.5699048,-0.15424007,-0.025060792,-0.014745322,-0.062308785,-0.6318125,0.9582277
TCGA-P5-A5F6,-0.001494367,-0.09547164,-0.15668425,-0.05256882,-0.23942833,0.7009871,0.7788646,0.8176105,0.21023384,0.18548772,0.28340122,-0.09859901,-0.03710116,1.341673,-0.09348049,0.6240483,0.9982981,0.58541155,0.11030919,1.4943833,0.0797659,-0.032015927,0.9252546,0.31023017,-0.04454641,0.71407044,-0.006702815,-0.043282397,-0.32314423,-0.08850964,1.1390798,0.12837526,1.5488292,-0.30556926,-0.15541224,-0.15204595,0.7781852,-0.14247708,0.8045454,-0.05469314,0.19282384,-0.68019265,-0.10724377,-0.041319434,-0.036470216,-0.00833501,-0.012060811,-0.12825271,-0.0068095787,1.0612761,-0.057871033,-0.088668406,-0.02389638,1.1578839,0.07687716,0.4782941,-0.16470996,-0.30115086,-0.07525929,0.16577248,-0.022858372,0.30452648,-0.30953726,0.4984047
TCGA-P5-A72W,0.6056003,-0.1185798,-0.3329669,-0.11538744,-0.5781056,0.95207256,2.6207259,2.0380242,-0.026157144,0.53221846,0.42145687,-0.19168325,-0.07450585,2.6640682,-0.1376381,1.1632965,2.6437986,1.8542079,0.8454163,2.751516,0.59868747,-0.04940514,2.07481,0.31723756,-0.050906505,1.2542652,-0.03381995,-0.15897873,-0.566343,-0.11440684,2.7294207,0.5337419,2.904474,-0.68853,-0.3498148,-0.25437972,2.2355213,-0.20141192,1.5717134,-0.18330662,0.01792657,-1.3404984,-0.22630587,-0.065395944,-0.11975141,-0.020271258,-0.029139286,-0.3637276,0.17777638,2.8012395,-0.04194411,-0.29521593,-0.04246545,2.2507687,-0.025202585,1.047826,-0.30863136,-0.59908015,-0.16522548,-0.029916618,0.094806805,-0.065648615,-0.6524425,1.0736445
TCGA-P5-A72X,0.3862526,-0.11841518,-0.28136888,-0.088813424,-0.5138991,0.8466424,2.190757,1.8195041,-0.025162859,0.4583623,0.32719022,-0.16042481,-0.062628105,2.3283308,-0.11749839,1.0311325,2.315554,1.6326361,0.57990104,2.5066411,0.43662515,-0.03870497,1.7967169,0.3196647,-0.028790427,1.0515805,-0.02803878,-0.12564704,-0.5024647,-0.108036004,2.2640352,0.41620308,2.469928,-0.5967809,-0.29368445,-0.22354658,2.0192113,-0.18724741,1.3040698,-0.16756833,0.094550416,-1.1747891,-0.19939207,-0.047778647,-0.100678824,-0.017330758,-0.033287175,-0.31270704,0.19900714,2.443145,-0.046492808,-0.25401822,-0.036169674,1.9170017,-0.0015449774,0.9059894,-0.26317123,-0.52869195,-0.1576399,-0.022106213,0.047356803,-0.04597492,-0.5826611,0.8743743
TCGA-P5-A72Z,0.54481465,-0.11835801,-0.27636847,-0.083508454,-0.5359643,0.77855986,2.3818479,1.9548434,-0.0174933,0.56540865,0.36981824,-0.17546244,-0.059524376,2.3910615,-0.14428076,0.94521207,2.4487476,1.5656965,0.59367865,2.7460802,0.33490518,-0.023206526,1.8155177,0.1566757,-0.043172464,1.0047499,-0.03255914,-0.12429582,-0.5225205,-0.10431448,2.3773792,0.29155323,2.621764,-0.60771245,-0.32206875,-0.22573505,2.1146777,-0.19939394,1.1320806,-0.16151287,-0.0031608578,-1.2005033,-0.19472341,-0.021955522,-0.12924361,-0.016490422,-0.04275326,-0.33087027,0.060559586,2.6059546,-0.030630926,-0.28627032,-0.03514121,2.063081,-0.004293293,0.7362987,-0.30515844,-0.53716457,-0.15492968,-0.013827981,0.20717822,-0.066379,-0.58755434,0.7707082
TCGA-P5-A730,0.58962524,-0.13371167,-0.33074924,-0.10617342,-0.6098918,0.89104515,2.5810814,2.1719563,-0.019774465,0.55858445,0.5118004,-0.19588028,-0.082508914,2.8450224,-0.14026245,1.1728306,2.7003124,1.9099668,0.7467294,2.8662632,0.69460845,-0.04222065,2.1840482,0.4191045,-0.037512522,1.2529857,-0.030301187,-0.16312765,-0.58586305,-0.1156921,2.7674446,0.51107794,2.9836388,-0.7068866,-0.360565,-0.27244157,2.3716006,-0.20725822,1.5469414,-0.1867735,0.20559712,-1.3817186,-0.2427367,-0.06041351,-0.11460296,-0.010633967,-0.030122345,-0.3657382,0.049877897,2.8692238,-0.050234433,-0.30905122,-0.038344588,2.2953832,-0.017452968,1.0263127,-0.32470363,-0.6202543,-0.17508654,-0.028535351,-0.025543792,-0.06686524,-0.6825567,1.1039411
TCGA-P5-A731,0.5247898,-0.12857787,-0.30586845,-0.09583112,-0.5405193,0.8030501,2.399002,2.0124176,-0.021120531,0.4680585,0.31171453,-0.19145988,-0.06807164,2.561198,-0.12781434,1.0405622,2.4955184,1.8183995,0.7483736,2.6534073,0.49466255,-0.036386292,1.9059825,0.32133332,-0.04104058,0.9971075,-0.04169151,-0.15061018,-0.5468228,-0.11136675,2.4169993,0.44143894,2.657705,-0.6409402,-0.32020208,-0.24193373,2.181878,-0.19794957,1.2677422,-0.1655973,0.052661363,-1.273908,-0.22590938,-0.053516228,-0.114687555,0.015403589,-0.028511656,-0.34569022,0.07120471,2.4744756,-0.039066017,-0.28218004,-0.04543229,2.1113067,-0.02761904,0.9218561,-0.28117093,-0.57828856,-0.16740423,-0.039356932,-0.0037940894,-0.05879286,-0.6472235,0.8986326
TCGA-P5-A733,0.50615233,-0.12072607,-0.299195,-0.10819595,-0.536791,0.96400374,2.3686857,1.9899684,-0.010533899,0.54937905,0.40866807,-0.17476736,-0.07697959,2.466599,-0.12901014,1.054825,2.3708327,1.6002892,0.59727377,2.3585663,0.4740412,-0.04208589,1.8344301,0.27985048,-0.022957962,1.1746721,-0.030237123,-0.13278346,-0.52334195,-0.11541537,2.3050241,0.3695572,2.6856406,-0.621808,-0.31008846,-0.24495406,2.1013227,-0.18489927,1.3965329,-0.15859143,0.06993829,-1.2285278,-0.19951834,-0.047591932,-0.09841552,-0.009800713,-0.02737577,-0.3264613,0.16934176,2.5614204,-0.037804306,-0.2654315,-0.046795882,2.0303206,-0.022130297,0.95252347,-0.29245964,-0.55385613,-0.16251807,-0.015591063,-0.0025879224,-0.04817025,-0.61264026,1.0065267
TCGA-P5-A735,0.46595085,-0.12750034,-0.32635802,-0.09795731,-0.58814853,0.8452581,2.4418683,2.1136463,-0.019648347,0.51674575,0.4380576,-0.19219993,-0.06949463,2.8261244,-0.13607074,1.1595078,2.6708102,1.811739,0.7668038,2.846294,0.6005394,-0.035636928,2.0618308,0.3560542,-0.035584837,1.2187955,-0.01916062,-0.1435298,-0.5683967,-0.11928922,2.6235113,0.5083436,2.8735898,-0.6871589,-0.34282503,-0.263295,2.2503953,-0.20529722,1.5456812,-0.1860484,0.17242056,-1.3423074,-0.2377136,-0.056425173,-0.116187625,-0.020249126,-0.035702508,-0.3568223,0.13878997,2.836082,-0.05988593,-0.29842386,-0.040223975,2.1935415,-0.0198603,1.0295192,-0.3189303,-0.59877497,-0.17000826,-0.027246742,-0.009539313,-0.07097606,-0.66805017,0.96810436
TCGA-P5-A736,0.35252988,-0.104632296,-0.2666828,-0.08659239,-0.48088747,0.664913,2.05486,1.7658693,-0.021200452,0.44755885,0.31427202,-0.14555012,-0.05620143,2.2363594,-0.11222416,0.9652486,2.2243004,1.5043201,0.5473876,2.352506,0.32722047,-0.02246852,1.7245787,0.20048045,-0.020568652,1.0987662,-0.0413184,-0.12693894,-0.47962752,-0.11131314,2.0784574,0.32081392,2.3072293,-0.5637505,-0.27755058,-0.23231147,1.7810466,-0.18378638,1.1791219,-0.13967334,0.12648064,-1.1141928,-0.19499727,-0.04812793,-0.097900964,-0.011219219,-0.038677376,-0.3128376,0.2508555,2.403176,-0.0408125,-0.22723496,-0.03795269,1.9029638,-0.0073822215,0.74275035,-0.24658369,-0.51252335,-0.15090305,-0.023677548,0.07404661,-0.04550407,-0.5595828,0.8015518
TCGA-P5-A737,0.60321224,-0.12998347,-0.3439525,-0.10559892,-0.62211794,0.8845958,2.6296997,2.1693087,-0.027377738,0.5589973,0.42376775,-0.19992344,-0.08242644,2.8798761,-0.14569221,1.2340082,2.726173,1.9300686,0.8081403,2.9074607,0.6226411,-0.03357662,2.1706917,0.4088884,-0.048349157,1.2514437,-0.030294621,-0.16294138,-0.5880962,-0.12547004,2.7588723,0.4883982,3.0476913,-0.7157425,-0.36305472,-0.27566734,2.4447703,-0.21901162,1.624164,-0.19135384,0.1424011,-1.4052505,-0.24871743,-0.06625254,-0.12458704,-0.009087424,-0.028886778,-0.37229702,0.13679285,2.9925747,-0.047086705,-0.32031772,-0.046335496,2.3820837,-0.017951883,1.068509,-0.33139405,-0.6364866,-0.1845592,-0.03506429,-0.017175365,-0.07159036,-0.6965045,1.1681782
TCGA-P5-A77W,0.597024,-0.12793687,-0.32764885,-0.09977829,-0.58828694,0.88442904,2.481778,2.145221,-0.020535879,0.51427704,0.4812709,-0.19362302,-0.0823478,2.7379518,-0.13677289,1.134797,2.606626,1.9185933,0.71755135,2.8088846,0.5993767,-0.037652917,2.032805,0.34422475,-0.041740384,1.2670076,-0.029423362,-0.14896837,-0.57864887,-0.12017568,2.6132417,0.53906137,2.8972578,-0.6903822,-0.3424533,-0.26071757,2.2960072,-0.20686948,1.5249078,-0.18275897,0.14356723,-1.3522097,-0.23443079,-0.059831627,-0.11844949,-0.011679838,-0.025292123,-0.35835272,0.117253914,2.7421434,-0.04447415,-0.29694158,-0.04537886,2.2051706,-0.010128497,0.9954767,-0.31651303,-0.6077401,-0.17238715,-0.027828911,-0.02256105,-0.06489234,-0.6687244,1.0583726
TCGA-P5-A77X,0.4840414,-0.10830559,-0.29162976,-0.10079553,-0.5424749,0.5599845,2.267828,1.9335667,-0.03285271,0.6465604,0.22505587,-0.17239885,-0.06296944,2.4100957,-0.13148428,1.1109209,2.3649023,1.552436,0.7276488,2.5287695,0.67548245,-0.04197963,1.9952307,0.30941707,-0.038002457,1.1019754,-0.03158778,-0.10786792,-0.49708176,-0.10361334,2.1870635,0.44938028,2.4296887,-0.61669964,-0.32017627,-0.23075037,2.1949198,-0.2003512,1.363883,-0.16388516,0.15210532,-1.2127179,-0.1978783,-0.051822186,-0.096327715,-0.007699845,-0.03227762,-0.32905957,0.016429558,2.5278103,-0.035434145,-0.28735548,-0.041888185,2.134481,-0.027277023,0.7915486,-0.28400132,-0.5431692,-0.16207837,-0.01545722,0.12664074,-0.08749934,-0.5812755,0.8872467
TCGA-P5-A780,0.37759668,-0.11103326,-0.2776193,-0.09340771,-0.50009984,0.815838,2.3273237,1.895799,-0.013956589,0.558013,0.30966002,-0.16558038,-0.061306346,2.2763507,-0.12691239,1.043337,2.298548,1.4770995,0.58730936,2.457635,0.5365435,-0.02546144,1.7419035,0.28333402,-0.034074012,0.9925877,-0.02034739,-0.13425219,-0.49736744,-0.11344612,2.2744882,0.41463742,2.419267,-0.58560777,-0.29692426,-0.21097319,2.077944,-0.17145036,1.1738988,-0.1667894,0.06499259,-1.1646217,-0.19635166,-0.03922954,-0.0931698,-0.018066965,-0.0296022,-0.3166535,0.15184732,2.3614178,-0.036706064,-0.27277157,-0.038757432,1.9514083,-0.006115257,0.88781667,-0.25888282,-0.5230823,-0.15683137,-0.0118798725,0.08616167,-0.04921433,-0.569256,0.80745244
TCGA-P5-A781,0.5204868,-0.12538986,-0.29752463,-0.08778134,-0.5371307,0.75104266,2.3118553,1.9675633,-0.019282818,0.5074929,0.37604043,-0.16874662,-0.06851148,2.5798874,-0.12647359,1.0417893,2.4371314,1.6568724,0.57461476,2.5667977,0.5755742,-0.042034496,1.9307842,0.40033627,-0.028524414,1.2043188,-0.026752595,-0.1425152,-0.5322742,-0.115549624,2.42895,0.44003102,2.6538422,-0.63353556,-0.31871435,-0.23850822,2.050288,-0.2003012,1.3313429,-0.16563995,0.102219135,-1.2481216,-0.22320925,-0.054034766,-0.1104363,-0.010674785,-0.0344396,-0.3329793,0.18225451,2.6083035,-0.047886293,-0.27603632,-0.039674547,2.1008477,-0.0015254114,0.8919692,-0.2881525,-0.56838083,-0.15741245,-0.02146108,-0.016890254,-0.05185792,-0.62003255,0.94426954
TCGA-QH-A65R,0.6616073,-0.13394246,-0.32774886,-0.10931986,-0.586631,0.8963702,2.542374,2.1242964,-0.015593863,0.5508138,0.50565636,-0.19881982,-0.08733589,2.7509062,-0.14077376,1.1571097,2.6637347,1.8461684,0.70363796,2.783738,0.6579832,-0.046899345,2.0402048,0.39342678,-0.04127579,1.1131783,-0.029035721,-0.15978707,-0.5716434,-0.11845698,2.659554,0.519149,2.874939,-0.6904797,-0.34193224,-0.26491842,2.2536325,-0.21142335,1.5478712,-0.18437988,0.085508674,-1.3585911,-0.23575926,-0.06183496,-0.11418887,-0.011435674,-0.02492654,-0.35479814,0.0676216,2.8148665,-0.055946887,-0.29770666,-0.04625533,2.261956,-0.010593972,1.0728834,-0.3178806,-0.6111924,-0.1671385,-0.026096866,-0.014288279,-0.05963247,-0.6759898,1.106091
TCGA-QH-A65S,0.1280425,-0.11245977,-0.26447114,-0.07804193,-0.4360679,0.64680564,1.9083378,1.7181374,-0.032609027,0.43131366,0.35565358,-0.15493499,-0.035161197,2.131134,-0.107392386,0.88083535,1.901217,1.2246524,0.6669295,2.1556637,0.37081096,-0.018633187,1.5836198,0.033470035,-0.028398333,0.9732851,-0.015847329,-0.115246706,-0.4442064,-0.10169084,1.9352986,0.29265067,2.2154448,-0.5363155,-0.25585267,-0.20147777,1.713049,-0.17538773,1.1066344,-0.15872975,0.09815264,-1.0450038,-0.17402731,-0.04248513,-0.11323183,-0.02128642,-0.055434622,-0.2914644,0.27624995,2.2722633,-0.02924043,-0.23399161,-0.032677095,1.6492504,-0.004876598,0.48227704,-0.25047466,-0.46506545,-0.14507285,-0.008376758,0.41139224,-0.053353734,-0.5172326,0.66329
TCGA-QH-A65V,0.4916252,-0.1286785,-0.30608466,-0.09108118,-0.5354113,0.8751436,2.3122835,1.9139501,-0.021088118,0.4697286,0.38682035,-0.1866796,-0.068870254,2.584438,-0.12412673,1.0728853,2.4609916,1.7115002,0.6212595,2.6481915,0.5745524,-0.036973476,1.9175394,0.43123558,-0.030526957,1.1792476,-0.029155303,-0.13792734,-0.53544676,-0.112325326,2.4620466,0.47779003,2.7477343,-0.64220035,-0.31990144,-0.24165812,2.1586983,-0.20277016,1.3033471,-0.1666945,0.09677678,-1.2556584,-0.21604224,-0.058783766,-0.11731698,-0.011560742,-0.034381773,-0.33980152,0.13412036,2.613352,-0.039773624,-0.27809006,-0.03963926,2.0666513,-0.006246222,0.824053,-0.28631973,-0.5702623,-0.16127074,-0.025928376,-0.011308029,-0.0568909,-0.62384546,0.9954332
TCGA-QH-A65X,0.67264634,-0.12131774,-0.3167729,-0.097144775,-0.58620286,0.79982024,2.5569022,2.1180654,-0.020606784,0.5544749,0.41806674,-0.19047648,-0.08168781,2.696361,-0.12880926,1.1078321,2.5451248,1.7373029,0.810667,2.9039996,0.64599645,-0.043961372,2.0621455,0.33166263,-0.0356212,1.165867,-0.032438226,-0.15647446,-0.56339955,-0.11801728,2.6116536,0.5418843,2.841342,-0.6773331,-0.3454208,-0.26056692,2.2524838,-0.19828026,1.5470265,-0.18500468,0.068711445,-1.3315562,-0.2095633,-0.060905535,-0.11683463,-0.022775358,-0.028423673,-0.35025617,0.18233974,2.724796,-0.037921824,-0.30366653,-0.048419576,2.24819,-0.018158268,0.9310503,-0.31117395,-0.5908602,-0.1625956,-0.018548789,-0.014278176,-0.06640409,-0.650171,0.99214077
TCGA-QH-A65Z,0.5574108,-0.12990789,-0.3407225,-0.108069174,-0.62671876,0.9224219,2.7549474,2.3133347,-0.025175726,0.5527796,0.43835092,-0.20998894,-0.08037182,2.893671,-0.15420358,1.2612376,2.772011,1.9911548,0.7330088,3.0152314,0.7299585,-0.04707426,2.1927576,0.38140914,-0.04345582,1.3722886,-0.032442085,-0.16430727,-0.6068539,-0.13088402,2.8152058,0.52743846,3.1006763,-0.7235693,-0.3616385,-0.27427503,2.4330564,-0.21696341,1.6124686,-0.19166163,0.24021631,-1.4349995,-0.2615727,-0.06486718,-0.12301304,-0.012818538,-0.0345298,-0.37983224,0.10247113,2.9445174,-0.050388325,-0.31733957,-0.046907958,2.355616,-0.020804053,1.0799601,-0.3308474,-0.644597,-0.18253459,-0.033997502,-0.020358983,-0.06929922,-0.71221185,1.1516734
TCGA-QH-A6CS,-0.009996017,-0.06484973,-0.10696136,-0.03231887,-0.12889163,0.15979491,0.5707855,0.5802622,-0.020158408,0.027841257,0.15809593,-0.0824978,-0.019472081,0.9611014,-0.025797967,0.33871186,0.7470896,0.17040852,-0.0017859392,0.9809424,-0.0036577997,-0.014515667,0.42755014,0.22372638,-0.014649147,0.39312902,-0.014783479,-0.028979942,-0.2130579,-0.06566992,0.8379408,-0.00645541,0.85490805,-0.21681271,-0.09884165,-0.07525789,0.69901377,-0.08760785,0.18152815,-0.04848508,0.07235885,-0.44908744,-0.08392178,-0.0059413887,-0.03936335,0.057330303,-0.026120767,-0.1303103,0.17581744,0.6852639,-0.020431627,-0.07638841,0.1306321,0.6467843,0.21205576,0.039047126,-0.0852987,-0.20593302,-0.049572572,-0.0056705573,-0.014774582,-0.0048157563,-0.21602479,0.12595901
TCGA-QH-A6CU,0.3433432,-0.12691562,-0.29406214,-0.090519145,-0.523744,0.7348409,2.2879264,1.8557799,-0.032366283,0.51070815,0.4000514,-0.17891268,-0.07711147,2.4317064,-0.12035995,1.0734069,2.2904744,1.5962979,0.54435253,2.5903707,0.5177734,-0.031849924,1.7868327,0.3122505,-0.027628591,1.0600524,-0.03370202,-0.14139831,-0.5299055,-0.11231128,2.2969882,0.484145,2.6843927,-0.61544245,-0.30565348,-0.23939161,2.0438871,-0.19481021,1.3471298,-0.16292696,0.02676585,-1.2087287,-0.20957874,-0.051043253,-0.10842669,-0.014636837,-0.03552344,-0.32274446,0.16019966,2.4115968,-0.03843584,-0.26481494,-0.04235417,2.1420543,-0.0008286532,0.75275564,-0.27864045,-0.55053174,-0.15269321,-0.035301607,-0.001696146,-0.063607424,-0.5913157,0.96008193
TCGA-QH-A6CV,-0.027987057,-0.046801228,-0.053460367,-0.021741206,-0.08227901,0.15301244,0.12027088,0.34228683,-0.017588718,-0.0015714793,-0.003329239,-0.06427355,-0.012233022,0.44330335,-0.03805846,0.28823438,0.56717527,0.016906073,-0.00819392,0.5999379,-0.02792102,-0.016891172,0.2696758,0.0889353,-0.010087123,0.2409269,-0.01221048,-0.010251709,-0.13722424,-0.05391233,0.40898943,-0.015439919,0.75459,-0.124864556,-0.05978594,-0.04206514,0.38441223,-0.07146588,0.22334701,-0.039828986,0.16177845,-0.2905715,-0.04821633,0.019181233,-0.03168397,0.061079614,-0.008245989,-0.07605281,0.025714457,0.34851405,-0.022054963,-0.042636633,0.101789676,0.40571585,0.20155443,-0.008427798,-0.05027477,-0.13505451,-0.042309202,-0.0070347935,-0.008310452,-0.004686181,-0.13857138,0.09793958
TCGA-QH-A6CX,0.03048442,-0.059352186,-0.08886646,-0.021319507,-0.11217101,0.21615978,0.46849725,0.43939978,-0.02509346,-0.0055984594,0.059884906,-0.08058746,-0.011332116,0.78333724,-0.028268823,0.19851317,0.64000136,0.1471512,0.013716321,0.70274055,-0.012541954,-0.016005186,0.43156466,0.1572534,-0.011376577,0.35134298,-0.0154779395,-0.036587015,-0.18678516,-0.047448747,0.616722,-0.008900605,0.98248357,-0.19375877,-0.08087665,-0.05764344,0.68992054,-0.08137601,0.16243786,-0.03242814,0.065390885,-0.3880071,-0.06807455,0.039267194,-0.0341545,0.0459859,-0.01698901,-0.10385304,0.097323254,0.5447395,-0.011844738,-0.0631051,0.03649412,0.62326986,0.28414312,-0.010375107,-0.07663541,-0.17955063,-0.04301136,-0.013273217,-0.0028240692,-0.011768784,-0.1813647,0.15710339
TCGA-QH-A6CY,0.480174,-0.12212493,-0.3020639,-0.08527794,-0.5185317,0.81829023,2.2944882,1.8995682,-0.027256405,0.44898352,0.37805647,-0.17130049,-0.06486031,2.511233,-0.11628126,1.0183363,2.2934225,1.5856736,0.629711,2.5599382,0.49466982,-0.035150398,1.8492591,0.35799587,-0.027950501,1.1180894,-0.038082268,-0.13421074,-0.5255941,-0.11068505,2.3772626,0.45180023,2.6598055,-0.6202233,-0.31093627,-0.2306921,2.0724263,-0.19808935,1.3611095,-0.155435,0.18004155,-1.2176228,-0.21779978,-0.05820435,-0.107120894,-0.018124096,-0.030423472,-0.33111462,0.134555,2.4585855,-0.040165745,-0.26969743,-0.04003833,1.9702654,-0.0069505037,0.83419144,-0.2805513,-0.5487441,-0.16133918,-0.024063315,-0.014644637,-0.052077927,-0.6079705,0.8343398
TCGA-QH-A6CZ,0.629232,-0.13342099,-0.3122617,-0.09643141,-0.577465,0.8742699,2.4996665,2.14588,-0.01821748,0.51465976,0.45005262,-0.18001343,-0.087187015,2.5936646,-0.13906969,1.2036021,2.7259352,1.8082236,0.67693913,2.8140948,0.651896,-0.044920474,2.071823,0.25015864,-0.035537165,1.0995641,-0.025469188,-0.14973173,-0.55900145,-0.112023845,2.531278,0.4633635,2.689205,-0.66303724,-0.33837765,-0.24557666,2.2566135,-0.20347635,1.501174,-0.17937909,0.18434876,-1.3110121,-0.22330153,-0.060278755,-0.10879188,-0.006211046,-0.030831942,-0.35380957,0.10315485,2.7630022,-0.049122524,-0.3002313,-0.044205196,2.1564255,-0.013645567,0.9379624,-0.31613004,-0.59912145,-0.1731957,-0.01607608,-0.0050556487,-0.067139596,-0.6503319,0.902174
TCGA-QH-A6X3,0.5519666,-0.13525014,-0.32874855,-0.114974044,-0.58991843,0.9569864,2.6236763,2.060518,-0.025893787,0.6023699,0.42173588,-0.17412855,-0.084321655,2.7473032,-0.1446993,1.12578,2.7081976,1.8457825,0.8529774,2.817973,0.64168453,-0.038718197,2.0899549,0.31210268,-0.031300034,1.3056495,-0.02404586,-0.15015988,-0.574349,-0.107334994,2.63235,0.4875921,2.8492877,-0.68474185,-0.33810717,-0.26505035,2.2415972,-0.21349056,1.5860827,-0.17717679,0.097375154,-1.3492053,-0.21813317,-0.06279604,-0.10477997,-0.015892457,-0.042534944,-0.35971248,0.11907889,2.8685768,-0.0437867,-0.30162454,-0.041053742,2.1899996,-0.0127111375,0.98003495,-0.31028804,-0.6067528,-0.18328045,-0.024729105,-0.0016785574,-0.065563224,-0.6671872,1.0121961
TCGA-QH-A6X4,0.43088204,-0.12623169,-0.31197473,-0.09485984,-0.5651267,0.8032444,2.5545166,2.089106,-0.028714046,0.57997024,0.36978438,-0.17935078,-0.061770182,2.6107216,-0.12920429,1.1249375,2.596926,1.6652372,0.62478626,2.7531602,0.5875115,-0.04132634,2.1343002,0.29559872,-0.04672673,1.1344086,-0.01665879,-0.13925911,-0.54629946,-0.11693523,2.3428056,0.4186333,2.7876015,-0.65778846,-0.325016,-0.24351902,2.294263,-0.20232737,1.3361049,-0.18629937,0.1180065,-1.2955649,-0.22675152,-0.05026809,-0.112981275,-0.007177029,-0.025727285,-0.3346177,0.19971739,2.7115657,-0.03721986,-0.2964229,-0.04214754,2.1814294,-0.018290553,0.8167954,-0.29893702,-0.56845486,-0.16331302,-0.020424016,-0.010308995,-0.076379076,-0.63246894,0.97504497
TCGA-QH-A6X5,0.33965397,-0.11569853,-0.28100762,-0.08327539,-0.4879717,0.5971224,2.1138697,1.7090453,-0.031673595,0.44690827,0.42284948,-0.16963156,-0.060879428,2.352358,-0.11172094,0.9589847,2.1817052,1.5193057,0.41051364,2.4232628,0.46124515,-0.034530647,1.7480943,0.3444013,-0.030551815,1.084327,-0.020914009,-0.13097705,-0.49704763,-0.11248267,2.2521398,0.2845278,2.4654682,-0.58271027,-0.2870193,-0.2182946,1.8810763,-0.18923718,1.2246941,-0.15418844,0.14954117,-1.1437196,-0.20942838,-0.037681233,-0.10845399,-0.014222072,-0.039396096,-0.3167775,0.14723437,2.3560438,-0.03885718,-0.24449952,-0.033265747,1.9452102,-0.0021538485,0.6874041,-0.26342747,-0.5311285,-0.14890073,-0.016506579,-0.004420924,-0.062298395,-0.5631315,0.85197616
TCGA-QH-A6X8,0.40375102,-0.122932255,-0.28866625,-0.09599542,-0.52986187,0.86836123,2.4121637,1.8991212,-0.04462806,0.5094882,0.4241725,-0.1834365,-0.06887429,2.498624,-0.12988262,0.91689605,2.3593476,1.548289,0.5761248,2.446649,0.51270086,-0.046568822,2.0390615,0.24232636,-0.030651996,1.1152543,-0.035845008,-0.15550514,-0.53698117,-0.11464795,2.354879,0.422628,2.6935232,-0.6282348,-0.2949586,-0.23993795,2.3230104,-0.19114758,1.3221486,-0.19171663,0.038173165,-1.2461069,-0.21971123,-0.054795712,-0.101462625,-0.013120244,-0.039460715,-0.31380305,0.2074023,2.5692186,-0.046476644,-0.29420432,-0.032309957,2.1245027,-0.022253664,0.80725527,-0.2872227,-0.5585112,-0.16836081,-0.010924554,0.09744696,-0.04852208,-0.6265169,1.0292487
TCGA-QH-A6X9,0.5375883,-0.1278854,-0.31421298,-0.10983463,-0.5432263,0.82901305,2.3035176,2.0469995,-0.0108970655,0.5255592,0.40207368,-0.17528033,-0.06811345,2.5947354,-0.13534324,1.179828,2.3689084,1.6019443,0.6646244,2.64163,0.50648236,-0.025923723,1.9152565,0.28358793,-0.029426375,1.2423993,-0.02704589,-0.14248751,-0.53759736,-0.10778188,2.4363303,0.4198989,2.5646212,-0.6382604,-0.31376892,-0.25133467,2.145982,-0.19735889,1.2872019,-0.17211893,0.06440067,-1.2489747,-0.21992655,-0.06943359,-0.10652571,-0.004271064,-0.035829145,-0.35412732,0.14409359,2.6683373,-0.03546434,-0.2731108,-0.042453486,2.1641936,-0.014217493,0.94047725,-0.29442552,-0.55529886,-0.16753739,-0.023326037,0.13833028,-0.06659516,-0.617563,0.89554954
TCGA-QH-A6XA,0.331522,-0.115332596,-0.29655603,-0.09716944,-0.52482575,0.71178514,2.2840157,1.969086,-0.031319804,0.47881094,0.36209935,-0.16868018,-0.067046136,2.4800427,-0.1220574,1.005315,2.3735447,1.6121808,0.68412596,2.5578055,0.46489277,-0.034187682,1.9253774,0.24459575,-0.033782896,1.2141002,-0.025467098,-0.13809492,-0.5354579,-0.1125523,2.3271165,0.41487542,2.6077518,-0.61768,-0.29854664,-0.23937546,2.0177057,-0.20264927,1.3439631,-0.154289,0.098434746,-1.2321243,-0.21361318,-0.05247907,-0.10274714,-0.01119614,-0.044954874,-0.33571085,0.14088608,2.5966961,-0.04803219,-0.2612724,-0.033227324,2.0773134,-0.0062588663,0.85076344,-0.27601978,-0.56496,-0.16234781,-0.02059159,0.07366289,-0.056143682,-0.6175019,0.8193116
TCGA-QH-A6XC,-0.01572135,-0.04677066,-0.051839706,-0.018971415,-0.07781001,0.12761095,0.24914925,0.3121907,-0.015454329,0.09583361,-0.006008096,-0.061966885,0.023552986,0.47076473,-0.03217953,0.18692283,0.57273406,0.0044760983,-0.0028156627,0.52392375,-0.01830686,-0.011691042,0.2866038,0.10236271,-0.014199874,0.061948862,-0.012338954,-0.010728446,-0.1292222,-0.05349779,0.34597808,-0.029259523,0.58219016,-0.14008461,-0.058360584,-0.050253954,0.4198431,-0.060343154,0.015948104,-0.035074692,0.10647312,-0.25947753,-0.048325516,0.04751498,-0.03420492,0.0529223,-0.013492934,-0.07392677,0.09600707,0.34875906,-0.018526768,-0.04716463,0.108717114,0.36367065,0.11922817,-0.0068299184,-0.05486321,-0.12175415,-0.040835507,-0.008604565,-0.011922575,-0.027869526,-0.13293378,0.06202252
TCGA-QH-A86X,0.57742053,-0.13081972,-0.33202198,-0.09526614,-0.5953694,0.86023164,2.5590212,2.199177,-0.019197352,0.54479086,0.43950915,-0.19475785,-0.08153071,2.8327734,-0.1376064,1.1730062,2.6513212,1.8765984,0.7529122,2.8747644,0.63828754,-0.03900933,2.0576196,0.3728701,-0.04035401,1.2594222,-0.03154646,-0.15320496,-0.58209836,-0.12766339,2.6802118,0.5046617,2.9312484,-0.69945025,-0.35260543,-0.2703167,2.3378897,-0.21259864,1.5459886,-0.18504034,0.1517184,-1.3768134,-0.24374385,-0.071987994,-0.12183994,-0.017670624,-0.035863172,-0.3651037,0.071829155,2.842364,-0.04860768,-0.30130315,-0.045208592,2.261025,-0.013450228,0.9515758,-0.31993335,-0.62130755,-0.17095171,-0.029471872,-0.016855,-0.065997265,-0.68268573,1.0845329
TCGA-QH-A870,0.61589557,-0.1228286,-0.32917616,-0.10275116,-0.5800709,0.8301547,2.4938724,2.115865,-0.014011966,0.61040014,0.4253031,-0.19095376,-0.07128335,2.732989,-0.1381499,1.1576709,2.6937668,1.8336192,0.7430587,2.830085,0.48070714,-0.04244547,2.1226764,0.23455329,-0.02197801,1.2720977,-0.04247306,-0.15366144,-0.5729576,-0.11600486,2.6543376,0.5154354,2.8767707,-0.6760556,-0.34376216,-0.26837745,2.1788054,-0.21251462,1.4086715,-0.16873081,0.19857004,-1.3392824,-0.23444314,-0.06472841,-0.10969608,-0.0042303777,-0.03708504,-0.36623478,0.11060919,2.785995,-0.05245751,-0.30654463,-0.049340576,2.249673,-0.013679479,1.0067455,-0.31567663,-0.5956502,-0.18448499,-0.022560833,-0.002846185,-0.055784594,-0.6586674,1.0045999
TCGA-R8-A6MK,0.6410457,-0.1298725,-0.3221036,-0.1031818,-0.5702563,0.820586,2.4522738,2.0723674,-0.026446337,0.4738525,0.46740377,-0.18835579,-0.059696764,2.5894034,-0.11308809,1.1491388,2.6293824,1.6854922,0.7713357,2.76293,0.5719139,-0.04123057,1.9234297,0.34216285,-0.037090234,1.1154398,-0.030870685,-0.14220367,-0.5550532,-0.112335205,2.4569807,0.4806794,2.845413,-0.66150206,-0.32930973,-0.2570436,2.2466197,-0.21251647,1.3986841,-0.18324165,0.064615965,-1.3067636,-0.2296413,-0.056475576,-0.12154462,-0.0039520185,-0.029481484,-0.34821215,0.16020776,2.66947,-0.04609294,-0.28873816,-0.04260504,2.1873808,-0.01006825,0.95043707,-0.31389204,-0.58273715,-0.16950811,-0.024348222,-0.003286295,-0.063032426,-0.6413244,0.9861064
TCGA-R8-A6ML,0.608805,-0.13032714,-0.34300816,-0.099201515,-0.6208841,0.9586005,2.6702466,2.265817,-0.01977225,0.6118736,0.47164053,-0.20145178,-0.077069566,2.9239302,-0.1457086,1.1439009,2.723687,1.9835917,0.78779423,2.9084437,0.6000692,-0.042828366,2.2205656,0.3962998,-0.040771518,1.3040735,-0.029452726,-0.16105689,-0.59226936,-0.12206695,2.7315035,0.53130454,3.0544934,-0.7265675,-0.3612071,-0.2786152,2.4173112,-0.21400614,1.5969933,-0.18988815,0.09269141,-1.4053007,-0.25200614,-0.0678715,-0.12079217,-0.014312445,-0.033658803,-0.37383527,0.11929174,2.9498527,-0.041657604,-0.32114673,-0.04833073,2.3118653,-0.021949848,1.0609592,-0.32712457,-0.63792676,-0.18254064,-0.028278658,-0.016265564,-0.069107085,-0.6954246,1.1316944
TCGA-R8-A6MO,0.5679772,-0.13155977,-0.30194205,-0.0907248,-0.54797786,0.7817009,2.349643,1.9857968,-0.02463306,0.48644957,0.3743103,-0.18360387,-0.0745719,2.5992038,-0.12882338,1.0591226,2.457252,1.6846232,0.6634368,2.671022,0.58845395,-0.042300552,1.931762,0.37301636,-0.039770495,1.140124,-0.030317163,-0.13928664,-0.5423961,-0.10912558,2.4547524,0.5192076,2.6432128,-0.6452436,-0.32798296,-0.24054365,2.1266756,-0.19090383,1.4480608,-0.18057095,0.018130537,-1.2735727,-0.22669375,-0.05428937,-0.11321304,-0.007822326,-0.023978796,-0.34075442,0.14888586,2.5881011,-0.042467434,-0.28289518,-0.03936192,2.1092987,-0.011869951,0.87289464,-0.2938927,-0.57080066,-0.15914832,-0.028053865,-0.020268144,-0.05937184,-0.62524337,1.0286539
TCGA-R8-A73M,0.6237412,-0.13879415,-0.35751697,-0.116590194,-0.6467676,0.95351475,2.7681947,2.3230822,-0.0173295,0.5580766,0.5033541,-0.21284418,-0.09301272,2.9755912,-0.15580434,1.2521623,2.7933195,2.0372458,0.8054869,3.0474312,0.74066615,-0.040123623,2.2282157,0.40507388,-0.04972836,1.3679188,-0.03879307,-0.16446318,-0.6161364,-0.12935139,2.8572135,0.63453066,3.1606047,-0.741295,-0.37190008,-0.2855341,2.4351337,-0.22186807,1.6909573,-0.19394776,0.123174846,-1.4629229,-0.2555498,-0.07129082,-0.11494303,-0.011395822,-0.025278945,-0.3801057,0.08740474,3.007962,-0.0413628,-0.3251172,-0.049084127,2.3703535,-0.024657262,1.106648,-0.3442251,-0.65331835,-0.195261,-0.033992972,-0.021171015,-0.077282935,-0.72648877,1.2481494
TCGA-RY-A83X,0.6087565,-0.13217093,-0.3215911,-0.09510545,-0.5710773,0.8417545,2.448227,2.1322417,-0.01783139,0.51817137,0.46966237,-0.18993364,-0.07690217,2.7124407,-0.13257359,1.1578301,2.5477211,1.8544873,0.74488306,2.810305,0.6004449,-0.035256263,1.9743688,0.36408728,-0.034771644,1.2698189,-0.028547326,-0.15613595,-0.5666711,-0.11537639,2.608367,0.5342152,2.7979743,-0.6758804,-0.3340887,-0.26475775,2.2946482,-0.20375232,1.5374503,-0.1824445,0.0783585,-1.3263339,-0.23633574,-0.06727391,-0.10691681,-0.013071643,-0.032955214,-0.35587382,0.122868314,2.7388842,-0.041417044,-0.29143652,-0.04446721,2.1780212,-0.0117717935,0.8722301,-0.30695555,-0.5959088,-0.16757752,-0.033457488,-0.027475862,-0.06686767,-0.6589192,1.0561188
TCGA-RY-A83Y,0.6754011,-0.12906116,-0.33336338,-0.10614126,-0.599229,0.9034371,2.5735393,2.1840367,-0.016866656,0.5247536,0.4198938,-0.19216172,-0.087994225,2.810152,-0.142332,1.2620724,2.6669362,1.8771757,0.7157534,2.7951543,0.59732294,-0.042380344,2.100562,0.33369213,-0.029743439,1.2844782,-0.028523473,-0.16208056,-0.5827937,-0.12566909,2.6732736,0.5119087,2.9343183,-0.6992785,-0.3469127,-0.26566035,2.2696025,-0.21378534,1.5097793,-0.18967211,0.1260861,-1.3712847,-0.23670565,-0.062123697,-0.115424275,-0.015783207,-0.033871748,-0.3563059,0.12808527,2.847843,-0.0512617,-0.29583654,-0.040117573,2.317377,-0.0076984274,0.99561536,-0.31501615,-0.61890304,-0.17982413,-0.030440403,-0.025058454,-0.06641914,-0.67610604,1.0228791
TCGA-RY-A83Z,0.034747455,-0.036373504,-0.15923929,-0.05408609,-0.2686565,0.5236226,1.6612107,0.96065015,-0.020283813,0.5205478,0.1943568,-0.10010574,-0.005998979,1.1325492,-0.07624495,0.38632932,1.0161014,0.7238484,0.07651938,1.3089505,0.17307977,-0.001172524,0.9255679,-0.011381613,-0.033200935,0.51661927,-0.02619553,-0.08874323,-0.28545707,-0.046551008,1.4027569,0.06212232,1.3229102,-0.3455262,-0.15522957,-0.08541216,1.104505,-0.106637634,0.5486798,-0.109014355,-0.018211363,-0.6156618,-0.08680316,0.19917814,-0.075156614,-0.029284386,-0.025830954,-0.17088234,0.12408559,1.4565028,-0.006278162,-0.15147178,-0.04236665,0.90876245,-0.0008577172,0.2668652,-0.1453514,-0.24266903,-0.095949866,0.028529948,1.0409118,-0.04889961,-0.30146226,0.30300605
TCGA-RY-A840,0.50815326,-0.11855227,-0.31882462,-0.09366852,-0.5853903,0.84308773,2.5002651,2.1567204,-0.01997225,0.50609875,0.500168,-0.18755713,-0.08283337,2.852737,-0.14489786,1.147022,2.631256,1.8395064,0.7333982,2.8010113,0.62296504,-0.053767692,2.1694145,0.30924377,-0.039487902,1.2277274,-0.02106311,-0.15134233,-0.5759955,-0.11486524,2.5523884,0.46667564,2.904792,-0.68203014,-0.34351116,-0.26045305,2.3546379,-0.20812725,1.4096512,-0.18819265,-0.00033732245,-1.3544089,-0.23507075,-0.049001813,-0.11945043,-0.006942997,-0.03993268,-0.35961843,0.057906166,2.9000242,-0.053156625,-0.31106555,-0.0372349,2.238932,-0.01640031,0.89036274,-0.3251159,-0.60223746,-0.16473319,-0.0254574,-0.008758875,-0.055355728,-0.664815,1.0050228
TCGA-RY-A843,0.41317526,-0.12625611,-0.2948191,-0.09340703,-0.5152307,0.8424706,2.186042,1.9727691,-0.01406931,0.51005566,0.46791267,-0.17767897,-0.065508984,2.5007575,-0.12139974,1.1026552,2.333483,1.6377484,0.62889344,2.5909896,0.50026727,-0.037691366,1.8100375,0.36750886,-0.024443716,1.0931106,-0.0292183,-0.13268226,-0.527729,-0.11207073,2.3573496,0.4148419,2.574454,-0.61700815,-0.30539188,-0.2359608,2.0429983,-0.19435297,1.2709312,-0.1684973,0.09350227,-1.2186984,-0.20144425,-0.06114147,-0.102873884,-0.012777691,-0.029432392,-0.32889876,0.12391417,2.5420318,-0.0450449,-0.26044282,-0.042664118,1.9881392,-0.007751708,0.8815881,-0.27831638,-0.55353063,-0.1533901,-0.021216962,-0.015476226,-0.055944543,-0.60349077,0.90097475
TCGA-RY-A845,0.5180574,-0.13042633,-0.32349238,-0.093795255,-0.5654575,0.90179855,2.4475918,2.1227686,-0.015632238,0.5153817,0.44841707,-0.19077747,-0.078217454,2.7956772,-0.13022825,1.2145329,2.6176658,1.8707125,0.6725085,2.7872927,0.54529303,-0.0356151,2.0208957,0.37619835,-0.0408384,1.2241609,-0.031845246,-0.14533374,-0.5726347,-0.11749249,2.5897021,0.52687806,2.8274453,-0.6737058,-0.337007,-0.26669344,2.1773136,-0.21218656,1.510429,-0.18099736,0.07040371,-1.3344125,-0.23227201,-0.064814806,-0.11171925,-0.0119361915,-0.03320354,-0.3539261,0.1004857,2.7576473,-0.0419437,-0.2908009,-0.03862732,2.2095296,-0.02107768,1.0052646,-0.3121999,-0.59384924,-0.16868359,-0.028209228,-0.012516794,-0.058525026,-0.65985936,1.0331872
TCGA-RY-A847,0.406347,-0.124731876,-0.31111953,-0.09200946,-0.5386983,0.7760672,2.2519944,2.0027242,-0.022754325,0.49434203,0.39155126,-0.18358444,-0.06973273,2.5849025,-0.13038358,1.0680897,2.4907522,1.7414523,0.6611689,2.6578224,0.5351419,-0.03621292,1.9423711,0.4415805,-0.035381947,1.1648756,-0.028847594,-0.14164354,-0.5433876,-0.116249,2.418365,0.40433276,2.641947,-0.6337777,-0.3164048,-0.24236989,2.0861616,-0.21037462,1.3504379,-0.16413276,0.12989569,-1.2593641,-0.21353517,-0.055743825,-0.11229116,-0.00977752,-0.02555511,-0.33689973,0.14735903,2.6315935,-0.040310636,-0.2737456,-0.043450497,2.132722,-0.011085483,0.825834,-0.29322556,-0.56818044,-0.16069607,-0.028518066,-0.015625482,-0.05916807,-0.62545496,1.0003606
TCGA-S9-A6TS,0.36176598,-0.09844273,-0.262887,-0.09093075,-0.454106,0.7619412,2.2954419,1.708667,-0.017112195,0.43812603,0.37949353,-0.16123323,-0.052193917,2.2039557,-0.1251691,0.873655,2.0365021,1.3801049,0.56319374,2.3393803,0.3647373,-0.021848695,1.5849926,0.14071716,-0.033463947,0.9579069,-0.02468754,-0.13161485,-0.48187923,-0.0801361,2.1011996,0.21748976,2.4364564,-0.5744969,-0.2804412,-0.18771245,1.918464,-0.1514967,1.2255238,-0.16219516,-0.022399446,-1.094095,-0.17724948,-0.037917923,-0.08925762,-0.011249266,-0.03334476,-0.29626566,0.072192654,2.3163486,-0.03788958,-0.2596587,-0.040879887,1.7696204,-0.008113454,0.74613845,-0.26492992,-0.4901258,-0.13104264,-0.008790414,0.57172054,-0.042540405,-0.53206134,0.8045468
TCGA-S9-A6TU,0.5311332,-0.13375606,-0.3304225,-0.09565308,-0.5824825,0.88531154,2.5428865,2.156781,-0.018686181,0.57324827,0.4468215,-0.19460389,-0.07747762,2.750124,-0.14217173,1.1987919,2.64271,1.8384732,0.72924376,2.9013517,0.6705576,-0.038168296,2.079066,0.3445562,-0.034996774,1.2345737,-0.02643112,-0.15671967,-0.5718118,-0.12189541,2.681665,0.542377,2.8693774,-0.6815155,-0.34859857,-0.27122658,2.2769563,-0.20488556,1.5246146,-0.18176211,0.09462577,-1.3533697,-0.22602092,-0.06402372,-0.11288841,-0.016356926,-0.029695049,-0.35917354,0.1445169,2.833621,-0.04533971,-0.29932547,-0.046102084,2.1702516,-0.008600135,1.0242908,-0.31480265,-0.61016715,-0.1713942,-0.025099328,-0.0104962615,-0.06321582,-0.6606061,1.046429
TCGA-S9-A6TV,0.3308165,-0.10911047,-0.2769101,-0.096090935,-0.47565088,0.818428,2.260913,1.897477,-0.025726307,0.5661068,0.23115048,-0.14786692,-0.054155495,2.294932,-0.11885931,0.9462672,2.1484206,1.5725201,0.7339071,2.229923,0.42630482,-0.017836008,1.672784,0.2107025,-0.028650781,0.88142926,-0.018425696,-0.13012694,-0.48944616,-0.087212764,2.1509812,0.5165886,2.4177897,-0.5506016,-0.28812343,-0.21418686,1.8866593,-0.16961418,1.2573341,-0.15793331,-0.0084486855,-1.1227283,-0.17890148,-0.035967726,-0.10184474,-0.009800373,-0.0414677,-0.29678714,0.18863852,2.4766881,-0.037606314,-0.25811198,-0.03804758,1.8005636,-0.041308843,0.69493085,-0.2632327,-0.50329745,-0.14680485,-0.020231402,0.3989195,-0.039640542,-0.56774634,0.74100614
TCGA-S9-A6TW,0.40635508,-0.119906984,-0.26221856,-0.082009174,-0.4892759,0.708608,2.0787995,1.8029402,-0.02543214,0.48332223,0.4359975,-0.16072771,-0.06858014,2.314263,-0.11193007,0.89705795,2.104932,1.53775,0.5785396,2.2988582,0.40456402,-0.043313712,1.7207277,0.26379263,-0.035486214,0.98448527,-0.026093295,-0.1130252,-0.487837,-0.1033858,2.1052127,0.34324205,2.3405802,-0.5761659,-0.28562507,-0.22182433,1.988866,-0.18232954,1.2066069,-0.15672413,0.081471175,-1.1422094,-0.18246429,-0.058590073,-0.09982416,0.0046983566,-0.01894229,-0.29769093,0.17646559,2.281063,-0.040406052,-0.24638255,-0.035019793,1.7952007,0.019422159,0.7034825,-0.2497298,-0.5051061,-0.14583291,-0.008473174,-0.01672886,-0.03781261,-0.55840605,0.8843606
TCGA-S9-A6TX,0.528649,-0.12253832,-0.306003,-0.09458512,-0.56285465,0.8717812,2.5173595,2.0622885,-0.027035583,0.5098195,0.39719605,-0.19148466,-0.07540619,2.651143,-0.1408736,1.0225705,2.5070686,1.7857659,0.61343217,2.795814,0.60459703,-0.04068468,2.0430217,0.35176277,-0.034238484,1.216833,-0.034610085,-0.14392081,-0.5665761,-0.117582075,2.5872822,0.4451995,2.8339615,-0.6746208,-0.3386045,-0.24592458,2.2444751,-0.20862918,1.414376,-0.17858833,0.114697084,-1.3167797,-0.23139818,-0.056139287,-0.11732204,-0.011932526,-0.036632326,-0.34630394,0.10515572,2.718363,-0.046238188,-0.29867825,-0.042678673,2.149321,-0.019004239,0.95821977,-0.30616423,-0.5910985,-0.1575101,-0.025220921,-0.020729467,-0.072262265,-0.64907396,0.98739046
TCGA-S9-A6TY,0.5883922,-0.12773505,-0.32829055,-0.0963678,-0.59292674,0.8981845,2.5752318,2.1572666,-0.023093073,0.55240387,0.40343934,-0.19429176,-0.08777258,2.7586977,-0.13780664,1.1586756,2.652178,1.7933227,0.7612339,2.785036,0.56950307,-0.04096305,2.0673513,0.3838141,-0.03653517,1.1454587,-0.032447856,-0.15436207,-0.5780201,-0.1253048,2.6179197,0.5218616,2.9666932,-0.68385446,-0.34817454,-0.27015364,2.274143,-0.20404637,1.5299164,-0.18917428,0.1149531,-1.3526162,-0.23656194,-0.062729925,-0.117305115,-0.011720023,-0.02577421,-0.35013223,0.077543095,2.7707512,-0.047864016,-0.3035326,-0.04670876,2.2959201,-0.017121082,1.0543896,-0.3243766,-0.6074735,-0.17153797,-0.031881504,-0.022242745,-0.06870394,-0.6711843,1.0959288
TCGA-S9-A6TZ,0.53713274,-0.13175361,-0.3253291,-0.08967426,-0.5751189,0.8950432,2.4972408,2.1130068,-0.018186238,0.42284626,0.40060568,-0.18592012,-0.071211174,2.7028248,-0.14168392,1.2008488,2.561785,1.8647112,0.71749765,2.786523,0.6410785,-0.038373835,2.0766659,0.2476574,-0.037767697,1.2958864,-0.034875464,-0.15974511,-0.57129717,-0.11472186,2.6102624,0.54160887,2.8083956,-0.67487377,-0.3362237,-0.2586358,2.2791202,-0.19896327,1.5457717,-0.17789556,0.04347511,-1.3225702,-0.23473404,-0.058033574,-0.109457515,-0.008825085,-0.033083647,-0.36610097,0.13574888,2.8045416,-0.037309106,-0.2930681,-0.042326607,2.2225213,-0.019581607,0.9582093,-0.3120197,-0.59545046,-0.17366283,-0.024413334,-0.0029404243,-0.053910907,-0.66310215,0.948725
TCGA-S9-A6U0,-0.0052177114,-0.056184478,-0.075047106,-0.018378565,-0.07921001,0.13228412,0.30926242,0.34847412,-0.0120705245,-0.00408906,0.14571732,-0.05594005,-0.012922387,0.60784316,-0.019852586,0.1385567,0.50404996,0.18898286,-0.0092026,0.49728206,-0.022115538,-0.01786187,0.19672772,0.08671165,-0.0076886057,0.21075669,-0.015895676,-0.01177505,-0.14228007,-0.039303206,0.32618636,-0.020464314,0.5643611,-0.14129153,-0.052715953,-0.049847912,0.45847473,-0.07350658,0.11421595,-0.035162423,0.085761204,-0.29052293,-0.040055554,-0.020023042,-0.02720937,0.00090808235,-0.0068861037,-0.073539235,0.0562066,0.4418728,-0.020033462,-0.03559957,0.10903673,0.32364368,0.39631182,-0.0026471987,-0.05845647,-0.13110085,-0.032697063,0.06282742,-0.01637484,0.16709584,-0.13087709,0.06680618
TCGA-S9-A6U1,0.5648302,-0.13023704,-0.31371748,-0.09810219,-0.556745,0.8808294,2.5440688,2.0125012,-0.016961208,0.5583248,0.3608107,-0.18405926,-0.074027956,2.566808,-0.1268693,1.0945185,2.5095131,1.7342657,0.7519747,2.6975508,0.62611765,-0.04514403,1.9751942,0.37120646,-0.03402593,1.1741388,-0.038735863,-0.14843696,-0.55990934,-0.10496594,2.5666554,0.53762543,2.8392212,-0.6660612,-0.32600877,-0.25291106,2.1385806,-0.2094606,1.5316331,-0.16800486,0.12801656,-1.2949051,-0.21807905,-0.06827212,-0.10021718,-0.011697362,-0.02651149,-0.34591898,0.16975527,2.6074872,-0.041872036,-0.29951,-0.0362503,2.148189,-0.009516013,1.0453184,-0.30437157,-0.57720023,-0.1539573,-0.02887403,-0.0018314172,-0.052615434,-0.64260566,0.96441793
TCGA-S9-A6U2,0.3921688,-0.13270031,-0.2991768,-0.08721381,-0.534563,0.7238334,2.3018553,2.004779,-0.013529288,0.4201518,0.41705945,-0.18012,-0.07124586,2.5609066,-0.12849146,1.0839021,2.3873432,1.746815,0.6437126,2.6794221,0.4912257,-0.038234342,1.8829132,0.42115134,-0.033484194,1.1637647,-0.03252217,-0.13694629,-0.54093105,-0.121156566,2.3287258,0.4239192,2.598756,-0.6354799,-0.32012373,-0.2447304,2.100466,-0.1998065,1.4571278,-0.16071366,0.083811924,-1.2559716,-0.22421043,-0.064197466,-0.1026712,-0.0013507883,-0.022475725,-0.33074394,0.11455424,2.5949047,-0.044370584,-0.27103955,-0.041537385,2.0799255,-0.009393728,0.8570168,-0.28752995,-0.56353223,-0.15848432,-0.022978188,-0.024738371,-0.059190977,-0.61696315,1.000902
TCGA-S9-A6U5,0.4726761,-0.120145336,-0.30733174,-0.08878037,-0.54757303,0.77002263,2.4130442,2.021641,-0.026676917,0.5559148,0.43364784,-0.1872605,-0.067580335,2.4787629,-0.13549635,1.0888728,2.4142652,1.6906399,0.57306135,2.7044334,0.5100994,-0.041327205,1.9000239,0.27752227,-0.029491289,1.2429676,-0.029198477,-0.1482607,-0.5499137,-0.110772625,2.4677851,0.45675504,2.6667774,-0.632214,-0.31411633,-0.24399273,2.1656866,-0.20527779,1.403601,-0.16197519,0.0839427,-1.2498943,-0.22535637,-0.058118857,-0.116542555,-0.006988309,-0.03557244,-0.3326608,0.06801607,2.579403,-0.041652676,-0.2861669,-0.038326252,2.1280837,-0.005869,0.77693933,-0.29417464,-0.57455623,-0.1594743,-0.021075414,-0.003945799,-0.05819374,-0.62392575,0.9915391
TCGA-S9-A6U6,0.5822403,-0.12676427,-0.31722414,-0.09408384,-0.55049866,0.85185724,2.4056103,2.0129614,-0.0063823434,0.55621403,0.4426229,-0.17862514,-0.07422508,2.6254594,-0.13031332,1.0575703,2.5509892,1.772973,0.72926366,2.6853888,0.5396816,-0.041078765,2.032156,0.35042387,-0.039456096,1.2309102,-0.034266356,-0.14016962,-0.54923713,-0.11247295,2.5357602,0.5242095,2.753027,-0.6635486,-0.32953298,-0.26037306,2.194578,-0.211409,1.4673367,-0.16227016,0.055662837,-1.2958566,-0.22296727,-0.07296755,-0.105967246,-0.006698529,-0.027969176,-0.34295171,0.20242126,2.5822313,-0.047909256,-0.2852127,-0.04146184,2.1684527,-0.015346675,0.9714656,-0.29993674,-0.579898,-0.156694,-0.020994691,-0.023901602,-0.055963885,-0.6425227,0.9942012
TCGA-S9-A6U8,0.5867557,-0.12842171,-0.32194433,-0.101746954,-0.5634137,0.8439488,2.3772354,2.107951,-0.012532428,0.49888167,0.4334786,-0.18991773,-0.07415816,2.6832197,-0.13419643,1.1053047,2.575318,1.7467252,0.6788262,2.7235312,0.65592134,-0.036677636,2.0205066,0.3095544,-0.028873099,1.1904796,-0.032390323,-0.15563184,-0.5640668,-0.11016516,2.5803118,0.5206948,2.827351,-0.66141963,-0.330608,-0.25739154,2.1961064,-0.21076937,1.4440379,-0.17067404,0.10518089,-1.307116,-0.22306041,-0.060624927,-0.10360916,-0.008841071,-0.025487036,-0.34866667,0.082320824,2.700486,-0.052816864,-0.2881715,-0.041625652,2.140022,-0.0112396525,1.0009768,-0.31294912,-0.59528416,-0.16948809,-0.024789631,-0.0049486984,-0.05945037,-0.6468438,0.8889887
TCGA-S9-A6U9,0.5340818,-0.12605509,-0.32014886,-0.09826892,-0.5695242,0.88778883,2.5023742,2.0289671,-0.021461604,0.41443416,0.42175785,-0.1864969,-0.07380959,2.7788022,-0.13209362,1.1472251,2.5751421,1.7123222,0.67434835,2.8189104,0.5940476,-0.031023428,2.0548594,0.37575936,-0.04311965,1.2882224,-0.035882536,-0.1527035,-0.569983,-0.12015028,2.5986123,0.5398502,2.8451154,-0.6867397,-0.34072742,-0.25830442,2.2421656,-0.21872723,1.5368327,-0.1828624,0.20580208,-1.3294477,-0.2334259,-0.06472806,-0.108017676,-0.0075170374,-0.023000283,-0.3534343,0.1280259,2.701157,-0.04392087,-0.29332432,-0.038862262,2.1545336,-0.014788342,1.0293287,-0.31084716,-0.5963119,-0.17465417,-0.028193286,-0.011637962,-0.062121492,-0.6694314,0.9767046
TCGA-S9-A6UA,-0.011420052,-0.07469412,-0.10601971,-0.022998262,-0.13355564,0.23635761,0.6391689,0.66882384,-0.023451755,0.01715292,0.03204102,-0.06125309,-0.010921027,0.869452,-0.028659973,0.24018471,0.7547296,0.4573744,0.092022575,0.78042716,-0.023471426,-0.028137425,0.47458383,0.03485451,-0.010459001,0.3234482,-0.02003012,-0.024676276,-0.19541286,-0.043923523,0.59124744,0.01726668,0.9244602,-0.21070288,-0.09316373,-0.07516777,0.84658915,-0.10307121,0.23605081,-0.06653172,0.06969692,-0.42380515,-0.059988268,-0.019418962,-0.05026729,0.047950618,-0.007876906,-0.103581585,-0.0015342877,0.7041701,-0.014255747,-0.08249947,0.11135705,0.6439334,0.17431922,0.10404853,-0.09481405,-0.19148567,-0.040025398,-0.0013954708,-0.0017208625,-0.00478909,-0.18717037,0.10821494
TCGA-S9-A6UB,0.5976357,-0.14010386,-0.3413789,-0.11125692,-0.6147888,0.93457985,2.607248,2.1846051,-0.020022914,0.5179462,0.5288569,-0.2033217,-0.08791213,2.8408592,-0.14516436,1.1113977,2.7148569,1.8988711,0.72931874,2.929389,0.69637537,-0.045917433,2.209403,0.37553152,-0.048566367,1.2667414,-0.036615547,-0.16078715,-0.5897359,-0.12469188,2.7441893,0.57293934,2.927016,-0.7140515,-0.36180967,-0.2754942,2.3741176,-0.21080521,1.5854347,-0.18552439,0.09982629,-1.4098483,-0.25066495,-0.056523126,-0.11896773,-0.015470539,-0.029112477,-0.37110364,0.091845766,2.8857071,-0.04647779,-0.31283417,-0.04591572,2.3575795,-0.02326991,1.0166304,-0.33632398,-0.63154143,-0.17507666,-0.033015635,-0.015245899,-0.07005841,-0.6981906,1.1216677
TCGA-S9-A6WD,0.4874707,-0.12564228,-0.3114319,-0.09272411,-0.5525164,0.8032621,2.4813187,2.0515842,-0.022284083,0.48673674,0.39005703,-0.18013214,-0.08483469,2.6839159,-0.12995577,1.0881068,2.4551532,1.7777308,0.7015853,2.6640937,0.6652779,-0.041112572,2.0253544,0.3317657,-0.036902305,1.1401881,-0.0336434,-0.14418961,-0.54806423,-0.12254204,2.40518,0.5771949,2.7205532,-0.66035604,-0.3282356,-0.24767919,2.1958144,-0.19784318,1.435503,-0.18461631,0.07800645,-1.2862387,-0.22106038,-0.049310792,-0.106767155,-0.014778147,-0.03872607,-0.3417843,0.1389385,2.6123822,-0.036114458,-0.2960005,-0.038492728,2.1638134,-0.011383238,0.8031461,-0.30501202,-0.5681441,-0.15744166,-0.025262777,-0.013999579,-0.06619882,-0.62247413,0.9583275
TCGA-S9-A6WE,0.5062343,-0.13027929,-0.3357168,-0.10133828,-0.6006553,0.9116959,2.5854547,2.1878865,-0.022298267,0.5249961,0.49850476,-0.18897693,-0.08168386,2.7932296,-0.13694498,1.175131,2.713959,1.8588387,0.7024506,2.8429058,0.6447774,-0.03949154,2.1049256,0.32916182,-0.036324486,1.2972227,-0.032033693,-0.15745892,-0.5789416,-0.12711339,2.611105,0.5461349,2.970734,-0.7028482,-0.35228157,-0.2640914,2.310583,-0.21597183,1.5837113,-0.18313101,0.12522122,-1.3660806,-0.23759516,-0.05926105,-0.11368575,-0.017125385,-0.028322268,-0.36031517,0.12084831,2.796851,-0.041545216,-0.30890137,-0.041298267,2.2995517,-0.016156401,0.9647907,-0.32355574,-0.61119705,-0.17326733,-0.030715013,-0.021927295,-0.07111683,-0.67500234,1.0883234
TCGA-S9-A6WG,0.39065036,-0.1159386,-0.27477792,-0.07439069,-0.46511504,0.68117803,1.9754657,1.6640505,-0.020735994,0.4112737,0.4043161,-0.16227165,-0.058682084,2.2212248,-0.11701586,0.958857,2.2031972,1.5128423,0.6250593,2.4184892,0.3909084,-0.025171503,1.6996994,0.30841404,-0.02842765,1.0247796,-0.0325932,-0.117568746,-0.4791692,-0.10019012,2.1433096,0.32118952,2.2789886,-0.5621068,-0.27759954,-0.22409979,1.808929,-0.18605487,1.2204597,-0.14792557,0.10852197,-1.1183866,-0.18891147,-0.060805243,-0.08577158,-0.007868455,-0.02336373,-0.29217896,0.09080674,2.392032,-0.051900007,-0.23401213,-0.028965611,1.7508309,0.029527973,0.81714785,-0.25066507,-0.499924,-0.14134277,-0.013027123,-0.014010017,-0.043528937,-0.5543291,0.85142016
TCGA-S9-A6WH,0.63472956,-0.13432167,-0.34273565,-0.10317767,-0.61955035,0.90097207,2.704676,2.2219577,-0.021187184,0.51615775,0.49375707,-0.20040713,-0.087493524,2.8869088,-0.14993383,1.1265315,2.740135,1.9357616,0.7095778,2.9576507,0.7167695,-0.04816776,2.1479957,0.36567062,-0.048526563,1.2753032,-0.031196117,-0.1602223,-0.59640616,-0.11983474,2.7635865,0.5884728,2.9973114,-0.72544605,-0.36056983,-0.27377534,2.4613109,-0.21724823,1.7261989,-0.19356976,0.1341275,-1.4202822,-0.2552548,-0.0668593,-0.121154785,-0.011683921,-0.022059884,-0.37594312,0.115976766,2.906093,-0.04730847,-0.32375494,-0.051776554,2.3554113,-0.020751195,1.1174812,-0.3377913,-0.6367323,-0.18053061,-0.0318055,-0.022225533,-0.06411867,-0.7030611,1.0874785
TCGA-S9-A6WI,0.28766394,-0.10457523,-0.22820719,-0.06498181,-0.35979056,0.5395937,1.5595834,1.3496658,-0.02761747,0.2846453,0.29458946,-0.13942578,-0.05050105,1.9282479,-0.07290071,0.7680697,1.5917134,1.0565325,0.35512018,1.918932,0.31351253,-0.0347245,1.4015021,0.32031345,-0.028346786,0.86156577,-0.018523946,-0.08644811,-0.39993045,-0.099130385,1.7667369,0.22969536,1.9372379,-0.46914467,-0.22991358,-0.17008415,1.560559,-0.15560247,0.86819,-0.11879392,0.12537347,-0.9237439,-0.16299424,-0.027192065,-0.076730244,-0.0077041904,-0.034596335,-0.25119692,0.18318205,1.693367,-0.029426387,-0.19011526,-0.01116692,1.5479012,0.08843288,0.44935215,-0.1986844,-0.42079526,-0.105610125,-0.013889052,-0.018867487,-0.047163576,-0.44238082,0.61013484
TCGA-S9-A6WL,0.53981787,-0.12676279,-0.3148184,-0.096636906,-0.574136,0.8732558,2.4421155,2.104071,-0.0165323,0.53221744,0.4264782,-0.18506876,-0.08527395,2.6759586,-0.1401944,1.0759692,2.5905807,1.8582141,0.7501768,2.7686067,0.61383826,-0.04165565,2.0367868,0.39838618,-0.038898256,1.1560885,-0.024794562,-0.14995681,-0.5592312,-0.1133706,2.5597062,0.5306063,2.7951298,-0.6711057,-0.33574772,-0.2576974,2.1875246,-0.20609386,1.5456855,-0.1760444,0.005814787,-1.3242064,-0.22916448,-0.06287601,-0.11538567,-0.0072106817,-0.024068452,-0.33719307,0.10300161,2.7668319,-0.04170116,-0.29206932,-0.043640345,2.1984482,-0.019610615,0.9884639,-0.30859,-0.5906026,-0.16341564,-0.02520737,-0.013345621,-0.06823336,-0.64558923,1.0071108
TCGA-S9-A6WM,-0.008581497,-0.026787966,-0.025589703,-0.020877898,-0.011362158,0.08928554,0.06171342,0.067158744,-0.013182412,-0.012596682,-0.0123610245,-0.03124531,-0.011038185,0.21579354,-0.020248773,0.03671412,0.20948555,-0.026463125,-0.010068693,0.20491572,-0.032268975,-0.004549759,-0.00021704064,-0.0012531448,-0.0054279505,0.10456607,-0.0033137947,-0.001817326,-0.061553776,-0.03370379,0.07091227,-0.017217685,0.31534177,-0.053430337,-0.016482245,-0.008598771,0.19843169,-0.036726113,-0.0016581754,-0.006949307,0.024395142,-0.124634825,-0.025154684,-0.00039801482,-0.021528717,-0.0039103846,-0.009668427,-0.04360662,0.08393386,0.1352824,-0.009440099,-0.009615248,0.19216521,0.015924852,0.15537861,-0.02091003,-0.026037026,-0.058493007,-0.017883971,-0.02084258,-0.0052934904,-0.0022615495,-0.054328438,-0.013897197
TCGA-S9-A6WN,0.20213869,-0.076892614,-0.15683414,-0.049833167,-0.2709883,0.35743278,1.2705239,1.0445877,-0.015937282,0.11292401,0.37462243,-0.09705564,-0.028491411,1.6188319,-0.067948915,0.36920515,1.2818885,0.8246732,0.2609217,1.5206125,0.0840099,-0.015058647,1.0853496,-0.01059812,-0.010635122,0.6638307,-0.029416904,-0.06612522,-0.30535102,-0.057793655,1.2802128,0.049021397,1.456709,-0.3517313,-0.17380391,-0.13983487,1.3829898,-0.13583401,0.5789705,-0.10136807,-0.008493456,-0.6951541,-0.09337531,-0.012608598,-0.06893304,-0.0046830187,-0.023262568,-0.18458566,-0.0024456189,1.4735247,-0.028346404,-0.1262529,0.08847087,1.1134076,0.30042592,0.41363972,-0.1612781,-0.2968685,-0.08583992,0.17537808,0.1529783,-0.016601494,-0.35001242,0.27200344
TCGA-S9-A6WO,0.5600211,-0.12801568,-0.3235998,-0.106496654,-0.58088773,0.8696671,2.537402,2.1469886,-0.02301119,0.5637094,0.39146638,-0.1838843,-0.06935999,2.7479494,-0.13919307,1.1005182,2.6348906,1.7931772,0.7517447,2.6984289,0.60766184,-0.025348846,2.0829036,0.29005453,-0.035467964,1.254718,-0.031071117,-0.15731233,-0.5685399,-0.11367011,2.6275995,0.544463,2.8279412,-0.6711243,-0.344478,-0.26714703,2.1888604,-0.20484994,1.5173677,-0.1795479,0.13347375,-1.3287909,-0.23307459,-0.061158717,-0.11492838,-0.018727241,-0.039769992,-0.35966036,0.22878982,2.828128,-0.051107448,-0.29618105,-0.051600058,2.2445078,-0.00987778,0.9350937,-0.31655738,-0.59659857,-0.1692468,-0.0342147,0.022237208,-0.06464691,-0.65928984,0.961265
TCGA-S9-A6WP,0.53306,-0.13234374,-0.32545856,-0.09883704,-0.58668274,0.8195202,2.5664318,2.1838906,-0.015216368,0.5898847,0.47432208,-0.19480519,-0.07986816,2.8328927,-0.13637277,1.1267425,2.6388304,1.8612791,0.72738206,2.8348172,0.66968906,-0.038652416,2.0267546,0.37526235,-0.035907093,1.2423637,-0.028217599,-0.15011248,-0.57494944,-0.12025386,2.6406198,0.47508657,2.8881915,-0.69434214,-0.34621838,-0.26349837,2.3627338,-0.20662594,1.5234083,-0.1808163,0.12443173,-1.3617849,-0.24024205,-0.06263464,-0.118463926,-0.009668229,-0.03228018,-0.35790095,0.12394215,2.8307252,-0.042293403,-0.30252585,-0.04420957,2.2586076,-0.011452004,0.96082854,-0.3115333,-0.60354745,-0.17221992,-0.02700144,-0.019115968,-0.06387491,-0.6690705,1.057004
TCGA-S9-A6WQ,0.46642965,-0.12399264,-0.28839174,-0.08767682,-0.49769974,0.7482329,2.213237,1.8924437,-0.018036453,0.4926155,0.33806238,-0.16274387,-0.064681195,2.4161334,-0.11874922,1.0260017,2.3340805,1.60019,0.57622576,2.604533,0.44686282,-0.030931992,1.7871419,0.3565706,-0.024123548,1.0772823,-0.02993991,-0.12604842,-0.5057534,-0.102808036,2.3559256,0.4398504,2.4286377,-0.6045169,-0.2957234,-0.23300783,1.962911,-0.19213288,1.2445191,-0.1594272,0.094953775,-1.1894362,-0.19956581,-0.052066397,-0.106747486,-0.008222203,-0.036188483,-0.32884198,0.16428317,2.4879034,-0.036048748,-0.25461107,-0.033400428,1.9825273,-0.014328468,0.8371883,-0.27059346,-0.53351504,-0.15487514,-0.024176558,-0.0041735363,-0.055718537,-0.58470285,0.8764538
TCGA-S9-A7IQ,0.41608223,-0.12148078,-0.27811512,-0.08137053,-0.4833873,0.63882434,2.0060885,1.7848153,-0.011816138,0.45548308,0.36614567,-0.16465615,-0.06207034,2.4759223,-0.09683638,0.9462259,2.163707,1.4581026,0.65923107,2.3758984,0.4806017,-0.04356862,1.6822551,0.333664,-0.028962264,1.0503981,-0.03406438,-0.11080219,-0.49418584,-0.11330139,2.1433856,0.35753945,2.396784,-0.582985,-0.2865466,-0.22718588,1.9711895,-0.19344303,1.2436275,-0.1401125,0.16545285,-1.1526645,-0.19949047,-0.047659345,-0.09269167,-0.00773804,-0.025180956,-0.30716494,0.1300291,2.2291727,-0.035611,-0.2458661,-0.035896152,1.89641,-0.0042557013,0.7048439,-0.2617813,-0.51735586,-0.14620136,-0.018485552,-0.02075143,-0.0560021,-0.57230264,0.8962432
TCGA-S9-A7IS,0.11460452,-0.0502699,-0.16922669,-0.059187878,-0.27832687,0.6040327,1.4162202,1.1755185,-0.0011076853,0.42523712,0.16295785,-0.07982093,-0.04825316,1.1702888,-0.070721805,0.6212867,1.0898285,0.7358307,0.06575261,1.3889534,0.12148753,-0.025866667,0.9876191,-0.0047130445,-0.031880867,0.5279712,-0.024219893,-0.072261825,-0.31050172,-0.03947394,1.3470724,0.09551502,1.2908958,-0.36930165,-0.14918916,-0.09379066,1.1047993,-0.11457672,0.5996836,-0.10020166,-0.017101318,-0.6638331,-0.10506747,0.083354905,-0.06561463,-0.020754226,-0.015022444,-0.17038575,0.22170351,1.5067376,-0.033243176,-0.16337043,-0.018794019,1.1348761,-0.007726288,0.28740406,-0.15340981,-0.297066,-0.09145802,-0.004477845,0.7757846,-0.029170705,-0.31947383,0.3298895
TCGA-S9-A7IX,-0.0075288746,-0.04821099,-0.0679998,-0.026213204,-0.082044214,0.13339035,0.21655865,0.3253526,-0.01910556,-0.0030481562,0.11173605,-0.05873918,-0.008615296,0.552843,-0.02272386,0.19353269,0.5942526,-0.005240269,-0.00036205057,0.5632714,-0.020805351,-0.0031116072,0.30856642,0.15969808,-0.020587351,0.22214837,-0.015227631,-0.01480064,-0.13645102,-0.05940152,0.34329915,-0.018740088,0.6081308,-0.1389929,-0.049493503,-0.05010735,0.48802418,-0.078147866,0.05406981,-0.03148894,0.14568366,-0.3012765,-0.052151818,-0.003313419,-0.033297308,0.008311143,-0.005138392,-0.07309488,0.082516514,0.4636656,-0.01822867,-0.039416406,0.09820773,0.3597132,0.21805312,-0.019187918,-0.05883934,-0.13720629,-0.036439404,-0.011193699,-0.016110279,-0.0020106304,-0.14527677,0.015822757
TCGA-S9-A7IY,0.44515842,-0.12736927,-0.30369756,-0.0926398,-0.5277703,0.8301318,2.3021157,2.0396717,-0.018274298,0.47800264,0.36011025,-0.18393977,-0.07146584,2.5951667,-0.12144909,1.0686479,2.411774,1.7001485,0.67613137,2.5877135,0.49258497,-0.0366519,1.8377141,0.3058746,-0.026317969,1.1458427,-0.033877388,-0.13792849,-0.534376,-0.11125046,2.4300272,0.39668268,2.628161,-0.63811433,-0.31908235,-0.2402544,2.0891964,-0.20348895,1.3625536,-0.16652943,0.049165826,-1.2504501,-0.22299086,-0.05160218,-0.11665404,-0.009562705,-0.034546047,-0.33106193,0.13539113,2.6110966,-0.04685577,-0.27587175,-0.037479162,2.1144712,-0.0077897357,0.88588977,-0.2851767,-0.5687587,-0.1644434,-0.029582534,-0.012046905,-0.059355218,-0.6169807,0.9566914
TCGA-S9-A7IZ,0.11682889,-0.10091487,-0.25871956,-0.054804485,-0.43730932,0.6396802,1.9729571,1.6535981,-0.011519365,0.61176306,0.35713965,-0.13820362,-0.049606394,2.0100138,-0.10852233,0.9972443,1.8276151,1.2461333,0.5381255,2.3250468,0.37535992,-0.03972205,1.5731398,0.15213881,-0.033343475,0.85197884,-0.03216129,-0.1090978,-0.45875818,-0.082481414,1.9741485,0.16152564,2.2666824,-0.52371496,-0.27529812,-0.18837892,1.798767,-0.16764991,1.1726077,-0.15564872,0.08629756,-1.0102165,-0.14964217,-0.013389855,-0.09429195,-0.016621195,-0.040468823,-0.27201554,0.1677685,2.231004,-0.0428295,-0.23667018,-0.015518299,1.6460192,-0.0009956409,0.5732441,-0.24746445,-0.45698324,-0.12792383,-0.015271327,0.43229714,-0.033265356,-0.48848215,0.55240834
TCGA-S9-A7J0,0.637772,-0.1067424,-0.2998322,-0.11747799,-0.5279369,0.8980395,2.3329196,1.9690167,-0.033476163,0.54755944,0.19356492,-0.186071,-0.05151217,2.6039479,-0.14415376,1.1057489,2.270155,1.5444121,0.48157626,2.6008956,0.59847414,-0.031902008,1.7519817,0.169366,-0.04759712,1.4210168,-0.041274935,-0.1639804,-0.5683216,-0.10772023,2.546279,0.4565929,2.7477422,-0.6578441,-0.2999221,-0.24353416,2.3193665,-0.21565668,1.3880625,-0.16647166,-0.0021812995,-1.2651229,-0.21798272,-0.047164943,-0.10628587,-0.015818708,-0.01923006,-0.34726778,0.0494013,2.7685685,-0.042274307,-0.2845244,-0.06165374,2.113672,-0.03811815,0.7582563,-0.2858436,-0.54709405,-0.15378293,-0.014305363,0.56003416,-0.07122961,-0.60284984,0.83953667
TCGA-S9-A7J1,0.55833423,-0.11894094,-0.30546874,-0.09257883,-0.5425044,0.7706574,2.2491941,1.9973003,-0.027212644,0.5304423,0.44125026,-0.1848129,-0.07277552,2.6658096,-0.12740503,0.99074703,2.4318886,1.6902765,0.6306679,2.7128918,0.61703455,-0.044803675,2.0093355,0.3747929,-0.028411323,1.1838043,-0.028662926,-0.1436295,-0.5431347,-0.113575354,2.330569,0.44720724,2.7210748,-0.65724915,-0.32255664,-0.2380005,2.113445,-0.20412438,1.3929118,-0.16980907,0.11095722,-1.2687715,-0.22139429,-0.058457263,-0.12271278,-0.016837977,-0.033284646,-0.33919895,0.10863303,2.6469295,-0.04257398,-0.28078353,-0.037480455,2.0309052,-0.01313548,0.84845704,-0.29862115,-0.5781656,-0.16875903,-0.025005002,-0.014452572,-0.05981764,-0.62878215,1.0512499
TCGA-S9-A7J2,0.64252555,-0.13516197,-0.34794968,-0.09685196,-0.63211817,0.90574116,2.7381032,2.320853,-0.015738515,0.5579819,0.4752546,-0.2062428,-0.08958617,2.9818177,-0.1458928,1.2651634,2.839023,2.006561,0.8134854,3.0072074,0.753813,-0.050674345,2.1616457,0.45028716,-0.035733104,1.2941612,-0.030968046,-0.16291794,-0.61433977,-0.12812953,2.8735034,0.5534217,3.0953948,-0.73548836,-0.36906102,-0.28187603,2.4713907,-0.22284065,1.7534089,-0.19175258,0.17198265,-1.4400157,-0.24592419,-0.0694137,-0.12213025,-0.013088129,-0.02804864,-0.3750696,0.07241036,2.9526017,-0.047287147,-0.3280532,-0.055914767,2.4097202,-0.023290154,1.0126562,-0.33962926,-0.64436543,-0.18681782,-0.03504403,-0.025675062,-0.06863158,-0.71091866,1.1267576
TCGA-S9-A7J3,0.47347426,-0.13219582,-0.31616098,-0.09172797,-0.56282496,0.8190851,2.3839784,2.0658612,-0.0225876,0.5043005,0.42706573,-0.19030884,-0.07429662,2.6261313,-0.12895422,1.1106268,2.5293496,1.769886,0.64792466,2.7614105,0.563982,-0.034174453,1.9885969,0.38716072,-0.03733675,1.2383198,-0.030472878,-0.14291786,-0.55952424,-0.12240245,2.52064,0.46596926,2.755625,-0.66428536,-0.33002457,-0.25893116,2.2230453,-0.20462357,1.4380819,-0.17455283,0.14347285,-1.3027397,-0.23367868,-0.061448958,-0.11532893,-0.014776497,-0.041784525,-0.348289,0.10164954,2.6495326,-0.04522639,-0.2889243,-0.03926913,2.200997,-0.00982001,0.885991,-0.30143598,-0.58530253,-0.16505569,-0.020036308,-0.014235658,-0.062052406,-0.6488035,1.0005081
TCGA-S9-A7QW,0.60854614,-0.122243725,-0.32775918,-0.10137987,-0.60839486,1.0137824,2.6112854,2.2950974,-0.01402023,0.59746534,0.33882633,-0.2018042,-0.09249068,2.90495,-0.15077774,1.1956153,2.8504155,1.9239444,0.8211305,2.9016793,0.55820715,-0.039314862,2.1433978,0.34955496,-0.029677281,1.272274,-0.044223655,-0.16136177,-0.5962675,-0.11744004,2.807249,0.52665824,2.9323413,-0.71545863,-0.3574217,-0.26749322,2.3297098,-0.21153978,1.4670262,-0.187546,0.21077026,-1.3833891,-0.2400581,-0.06333663,-0.11775817,-0.018076269,-0.020578016,-0.37414464,0.028822914,2.938,-0.043766696,-0.32565817,-0.054686576,2.3503888,-0.029031638,0.9601773,-0.32836455,-0.6169597,-0.17774914,-0.030142367,-0.0028448757,-0.066178545,-0.6908101,1.1308426
TCGA-S9-A7QX,0.6720883,-0.12416221,-0.31307214,-0.097878985,-0.5541419,0.83926624,2.441589,2.111315,-0.017854711,0.6566929,0.29188454,-0.17194478,-0.07430064,2.456265,-0.14664835,1.119853,2.396374,1.6729164,0.69393474,2.6843216,0.6676383,-0.05447303,2.0197625,0.19788057,-0.034787502,1.1993568,-0.031908136,-0.15653546,-0.5369975,-0.10131114,2.4809191,0.47699893,2.7063046,-0.6543117,-0.3175748,-0.23954736,2.1721096,-0.19866152,1.3579979,-0.18164144,0.054357465,-1.2802998,-0.21817847,-0.06204353,-0.086959,-0.013915174,-0.035237785,-0.34518692,0.22513403,2.6939237,-0.054640826,-0.2938464,-0.034622826,2.06156,-0.023871856,1.0018829,-0.29875544,-0.5671392,-0.16368149,-0.017573606,0.25735217,-0.059021898,-0.6387743,0.92255163
TCGA-S9-A7QY,0.5105553,-0.121761955,-0.2930323,-0.0935701,-0.52827823,0.78890306,2.3206413,1.9975444,-0.018046869,0.59105104,0.34149778,-0.18742596,-0.073831186,2.4925227,-0.117676236,1.0713066,2.3949952,1.6185688,0.6355703,2.5718346,0.57011753,-0.036626354,1.8911538,0.34429207,-0.02914684,1.13504,-0.02694648,-0.13841052,-0.53414655,-0.11763779,2.44524,0.45344928,2.6856587,-0.6325622,-0.3208904,-0.24704838,2.1068697,-0.18882984,1.3322978,-0.16718328,0.16728935,-1.2432692,-0.22059321,-0.050123762,-0.10780325,-0.012590741,-0.038978215,-0.32180187,0.15939291,2.4705288,-0.040450826,-0.2768926,-0.040299352,2.161468,-0.011551592,0.8236529,-0.28473634,-0.55934376,-0.1569992,-0.026618782,-0.01596544,-0.06284576,-0.61316323,0.9492732
TCGA-S9-A7QZ,0.5459063,-0.13288948,-0.32954344,-0.101783566,-0.58554524,0.8890293,2.5311744,2.1783822,-0.020936187,0.5485429,0.43135568,-0.20098837,-0.08391909,2.808902,-0.13976604,1.0937268,2.6634402,1.8550173,0.6995077,2.835102,0.6137297,-0.04448888,2.0812469,0.37974915,-0.040227104,1.3021164,-0.031738065,-0.14816366,-0.5813825,-0.12300688,2.6171238,0.50678205,2.8854492,-0.69371694,-0.3469231,-0.2642385,2.3174756,-0.21059334,1.4684262,-0.182136,0.15329225,-1.3729086,-0.24034464,-0.059872456,-0.11568149,-0.014038103,-0.03606429,-0.3645808,0.11042108,2.7684524,-0.041115247,-0.3048307,-0.038417816,2.2574177,-0.018390564,0.9254072,-0.31557292,-0.6137532,-0.1675899,-0.02620175,-0.013575204,-0.06829711,-0.6716866,1.0344995
TCGA-S9-A7R1,0.62611777,-0.13527928,-0.33456337,-0.10074375,-0.6011213,0.8708987,2.5570776,2.1994572,-0.019468134,0.5843486,0.424156,-0.1971488,-0.07351186,2.813556,-0.1389961,1.1772223,2.6914468,1.9215509,0.75643444,2.849409,0.71863717,-0.05002615,2.1274881,0.39357567,-0.03951224,1.2508025,-0.029427443,-0.1500955,-0.58872235,-0.12503847,2.6798923,0.4667385,2.9642508,-0.7025624,-0.34919637,-0.27532598,2.355872,-0.21096256,1.5474712,-0.18566822,0.12588939,-1.3820156,-0.24184744,-0.06755062,-0.11798568,-0.013070648,-0.031363133,-0.3677208,0.09345706,2.839648,-0.048276633,-0.29682323,-0.048409384,2.3259053,-0.011969146,0.9014541,-0.31845796,-0.6206197,-0.17444883,-0.02821566,-0.011652024,-0.0647591,-0.69187707,1.1654602
TCGA-S9-A7R2,-0.0074104457,-0.062342703,-0.063686736,-0.020351008,-0.083427764,0.14308622,0.3109681,0.32474828,-0.022429055,0.0053974073,0.100184776,-0.066300705,-0.0058158645,0.6447072,-0.01955942,0.23589575,0.5092272,0.02648949,-0.002854294,0.5445624,-0.011475868,-0.0131883565,0.28884664,0.15254302,-0.0156073095,0.14747232,-0.005644898,-0.020895962,-0.15401955,-0.054818746,0.4017486,-0.016141256,0.6242322,-0.13953091,-0.061459042,-0.05741042,0.4304126,-0.07992106,0.12794366,-0.033578817,0.10278249,-0.31268457,-0.05737778,-0.008247413,-0.031042382,0.018696984,-0.019033862,-0.0849858,0.1479275,0.3981342,-0.010257055,-0.045420937,0.10576236,0.4381122,0.25314736,-0.013986081,-0.06296129,-0.13785994,-0.03196141,-0.0063844332,-0.0027874087,-0.008455085,-0.14414473,0.04201263
TCGA-S9-A7R3,0.4723577,-0.110809624,-0.31349748,-0.09778797,-0.5586612,0.8153837,2.4673388,2.0767338,-0.015042143,0.49205983,0.42153272,-0.17988859,-0.06895817,2.6545362,-0.14046235,1.1391932,2.5483766,1.7861816,0.69645405,2.7626824,0.5544836,-0.03304645,1.9299009,0.17614722,-0.02705901,1.2473449,-0.032582525,-0.14738132,-0.55937576,-0.10841562,2.527478,0.39131716,2.7199957,-0.6573334,-0.3334327,-0.26240307,2.1806107,-0.20324543,1.4928854,-0.17246972,0.07646558,-1.2897999,-0.21417335,-0.056637008,-0.11319347,-0.023629736,-0.03121796,-0.3511706,0.13899179,2.824331,-0.047829613,-0.28358942,-0.045794696,2.1197214,-0.012282073,0.89438295,-0.31367385,-0.5896952,-0.17280471,-0.013013263,0.08987406,-0.06911089,-0.64301765,0.97104615
TCGA-S9-A7R4,0.60784787,-0.12844563,-0.33491248,-0.10106885,-0.59118533,0.8721532,2.5235486,2.2086556,-0.019848665,0.56718236,0.4233976,-0.18805656,-0.07667618,2.8456545,-0.14456986,1.171713,2.6952026,1.876839,0.7413208,2.9115105,0.5472429,-0.033386905,2.0792475,0.34714526,-0.039717358,1.2934763,-0.026648462,-0.15735118,-0.58772403,-0.116100326,2.7247453,0.563615,2.8906004,-0.69587,-0.3475558,-0.27501518,2.308248,-0.20860045,1.5891378,-0.1845375,0.11736138,-1.3699903,-0.23650947,-0.0644682,-0.11539197,-0.023436747,-0.03566524,-0.36495095,0.10379757,2.884518,-0.048859514,-0.2931128,-0.046166588,2.2542868,-0.012236977,1.0448246,-0.3261932,-0.6169768,-0.18017317,-0.02405058,-0.012803987,-0.061859578,-0.6788583,1.0757682
TCGA-S9-A7R7,0.1315599,-0.09119853,-0.22245482,-0.076304935,-0.3875105,0.6201599,1.7180789,1.5204321,-0.019422354,0.39845717,0.36909184,-0.12963891,-0.039218094,1.835097,-0.08559213,0.71007437,1.7272187,1.1476415,0.37736923,2.0032957,0.29671815,-0.016668305,1.3090875,0.014221942,-0.0069865794,0.840573,-0.02812173,-0.098014265,-0.40114793,-0.07449897,1.6990857,0.2901828,1.9030625,-0.48213172,-0.23272346,-0.16231124,1.6066914,-0.13455771,0.83175886,-0.13862358,0.12006238,-0.91418594,-0.16327134,-0.024416938,-0.084308475,-0.019732906,-0.044155285,-0.2532687,0.15659864,1.956266,-0.031248583,-0.19806619,-0.014869741,1.4687892,0.19557077,0.6567161,-0.21107928,-0.40560585,-0.12285916,-0.007824021,0.43565318,-0.031826615,-0.45684838,0.47690108
TCGA-S9-A7R8,0.52652246,-0.13584486,-0.31665897,-0.09417023,-0.5677407,0.8929799,2.4807587,2.2616909,-0.011989546,0.5526671,0.33845383,-0.18748021,-0.07262626,2.7183397,-0.14717685,1.0467896,2.6383426,1.8103517,0.75702924,2.9025507,0.5357516,-0.046942312,2.1205745,0.29176444,-0.033092078,1.2025105,-0.037410837,-0.14263903,-0.5782305,-0.120346144,2.643328,0.47508097,2.8038263,-0.66775835,-0.34952435,-0.25457647,2.1413188,-0.21910127,1.4367694,-0.1812717,0.09590194,-1.3379521,-0.22594456,-0.04694529,-0.12343315,-0.010967747,-0.038837153,-0.35235214,0.17946447,2.802899,-0.051029872,-0.2947478,-0.040928263,2.2522812,-0.019359527,0.84665406,-0.32357123,-0.58221763,-0.16221537,-0.027272642,-0.010891072,-0.054881334,-0.65742326,0.90581256
TCGA-S9-A89V,-0.012589805,-0.04886758,-0.088090226,-0.01642265,-0.106360815,0.30301064,0.34728718,0.59506625,0.15997115,0.01521788,0.047141418,-0.069681995,-0.006888875,0.7766504,-0.025979787,0.3826762,0.6407682,0.16159378,0.13689601,0.71416074,-0.0069255605,-0.01488665,0.54282284,0.2682054,-0.01920906,0.41199,-0.006043591,0.034589387,-0.16965076,-0.060847946,0.7650829,0.100390166,0.67160875,-0.17501517,-0.08880823,-0.07042619,0.6168739,-0.07100458,0.27686888,-0.034557294,-0.012815303,-0.36562106,-0.0490111,0.035433378,-0.022959696,-0.027899519,-0.0055352557,-0.087888576,0.03772551,0.6781547,-0.006688231,-0.043770026,-0.017380344,0.61270833,-0.008168751,0.02547653,-0.08264937,-0.1482278,-0.037236016,-0.010494984,-0.02943196,-0.013738902,-0.17955604,0.071493044
TCGA-S9-A89Z,0.34946996,-0.08571387,-0.24953173,-0.08626914,-0.44763422,0.82981926,2.0613148,1.6621025,-0.027206186,0.37543705,0.28592482,-0.1435681,-0.03192558,2.0096054,-0.11415925,0.9084937,1.9038489,1.2870146,0.52550286,2.246886,0.44340596,-0.0228421,1.5077963,0.06655822,-0.039628677,0.92336106,-0.034926508,-0.13000439,-0.4569192,-0.06820803,2.106534,0.3873265,2.1291904,-0.53218406,-0.2502277,-0.19016786,1.8763684,-0.16273206,0.9003838,-0.15851821,-0.018060539,-1.0436772,-0.1571251,-0.018305747,-0.09229676,-0.017371295,-0.020268472,-0.2937203,0.15077807,2.3705628,-0.0368704,-0.2430532,-0.042335503,1.5457419,-0.008519542,0.84233195,-0.23159257,-0.4585579,-0.13547112,-0.017695762,0.6530975,-0.035050202,-0.517961,0.6398622
TCGA-TM-A7C3,-0.009631213,-0.054152038,-0.07856306,-0.038596697,-0.078694135,0.03978954,0.30606636,0.21407934,-0.03097711,-0.0045258724,-0.0061649033,-0.055091973,-0.0021237275,0.4202535,-0.016593337,0.41085082,0.72423863,0.21200976,-0.019778505,0.67710847,-0.030332008,-0.014727259,0.3147922,0.18545218,-0.016584275,0.25164685,-0.007593228,-0.03840904,-0.15451366,-0.06969898,0.42801732,-0.017426873,0.74911225,-0.150599,-0.07522721,-0.047014426,0.44259265,-0.08153381,0.15137686,-0.034255203,0.3291548,-0.31475195,-0.07200311,-0.014374241,-0.05235895,-0.004486389,-0.011776621,-0.09206736,0.093099624,0.6215433,-0.013061689,-0.043166008,0.11253133,0.465893,0.31405675,-0.024285719,-0.042826228,-0.1608044,-0.052254166,-0.0047079176,-0.008965817,-0.019952543,-0.14148004,-7.083891e-05
TCGA-TM-A7C4,0.46955806,-0.11802211,-0.28875753,-0.09326064,-0.51864314,0.7605015,2.2407632,1.8774775,-0.011291134,0.53078324,0.37161008,-0.17255689,-0.06465091,2.5536644,-0.11480565,1.0334592,2.355573,1.6116217,0.6215919,2.6133583,0.5317659,-0.032161392,1.8447682,0.32747287,-0.022177046,1.1420285,-0.03263208,-0.13084851,-0.51505226,-0.117995284,2.3425064,0.5056565,2.4987147,-0.60977316,-0.29822907,-0.24758315,2.013783,-0.1881824,1.3473394,-0.15804814,0.09558946,-1.2160757,-0.20843387,-0.058051664,-0.10034033,-0.01619135,-0.040517222,-0.3192999,0.104460135,2.4737923,-0.03595812,-0.25535613,-0.04383253,1.9774165,-0.0066158953,0.8088089,-0.28775653,-0.54657084,-0.15820362,-0.021265319,-0.015878892,-0.06350127,-0.59510124,0.8868469
TCGA-TM-A7C5,0.5825634,-0.13432492,-0.34496793,-0.102498315,-0.6197138,0.9439089,2.6532762,2.2676585,-0.018699318,0.54208297,0.47271287,-0.2009429,-0.084702395,2.936311,-0.14790796,1.2531476,2.7745607,2.051408,0.75532806,2.988199,0.7072395,-0.04224756,2.1843712,0.4255365,-0.048902605,1.2987245,-0.032383,-0.15815242,-0.6009369,-0.12293478,2.7710934,0.5668407,3.000795,-0.7199798,-0.35913607,-0.27615914,2.4358554,-0.2182604,1.6807005,-0.19305496,0.15290499,-1.4206645,-0.25135687,-0.071069114,-0.122551344,-0.0113039715,-0.018683441,-0.36596212,0.15146394,3.0262086,-0.04585759,-0.32292947,-0.048181206,2.3135011,-0.017927065,1.1085129,-0.33525345,-0.6352764,-0.18062505,-0.03145119,-0.029760925,-0.07023069,-0.70697296,1.1122785
TCGA-TM-A7CA,0.4733171,-0.12665486,-0.31846544,-0.09727571,-0.5639503,0.86644053,2.5254197,2.044501,-0.012694928,0.46845293,0.40346092,-0.18545246,-0.077043064,2.7116299,-0.12436306,1.1541209,2.596009,1.8252156,0.68111485,2.6990952,0.5499096,-0.038124073,2.048222,0.3421366,-0.031354655,1.20948,-0.03870788,-0.14197476,-0.5574809,-0.118622616,2.586416,0.52201456,2.7867198,-0.6752364,-0.33429128,-0.25076485,2.1457145,-0.2091966,1.5142186,-0.17451291,0.118830845,-1.3200377,-0.23052564,-0.06851976,-0.109514095,-0.01452096,-0.03561428,-0.34710938,0.058880284,2.7471,-0.052950706,-0.29267818,-0.040796112,2.209431,-0.022650672,0.95349836,-0.31199023,-0.59002686,-0.16806975,-0.029820297,-0.019334888,-0.05958404,-0.65700936,0.9857868
TCGA-TM-A7CF,0.4554537,-0.12159131,-0.31414038,-0.09791565,-0.5605192,0.8100509,2.3458183,2.1178057,-0.019995378,0.57102585,0.38491732,-0.17314613,-0.058818687,2.6517036,-0.1292312,1.1030328,2.558686,1.7491668,0.68154055,2.69191,0.54267764,-0.037461646,1.9963634,0.32973933,-0.04030708,1.1663095,-0.033260666,-0.14372848,-0.5599454,-0.11835746,2.5328884,0.4462734,2.6976612,-0.65316796,-0.33920503,-0.25234318,2.0905416,-0.20468216,1.4489253,-0.16864923,0.1147992,-1.290095,-0.21981035,-0.056034245,-0.10553469,-0.019754058,-0.034232903,-0.3512291,0.1564997,2.7440064,-0.050619543,-0.27754262,-0.04459421,2.1270218,-0.0075925994,0.8950856,-0.30977702,-0.5823984,-0.16202109,-0.016947534,-0.0073307874,-0.06437978,-0.6351629,0.9533755
TCGA-TM-A84B,-0.010326974,-0.03743489,-0.028329382,-0.012221249,-0.04008248,0.23166712,0.060126066,0.1659234,-0.029556809,-0.009881453,-0.0065754945,-0.03530995,-0.0020112125,0.13828275,-0.017063238,0.22724272,0.27277264,-0.00026686696,-0.0053115985,0.25937173,-0.02279417,0.09187726,0.06377495,0.12953098,-0.017347535,-0.009301381,-0.009918562,-0.005173116,-0.08106227,-0.049929485,0.04021614,-0.014703743,0.2580113,-0.062480237,-0.018790128,-0.039133333,0.21257354,-0.050787687,-0.0013973119,-0.014427701,0.0049549453,-0.15615465,-0.039978683,-0.0059581716,-0.021181626,-0.011847917,-0.014523943,-0.055166554,0.20374353,0.1787823,-0.011529105,-0.022116251,0.13097738,0.20632899,0.1789443,-0.021526769,-0.023562614,-0.06496549,-0.01909046,-0.011702089,0.060640097,-0.006473274,-0.080348045,-0.0015791055
TCGA-TM-A84C,-0.0207785,-0.05667461,-0.086479224,-0.01490128,-0.14221591,0.34004763,0.7588321,0.718974,-0.023580393,0.08026304,-0.009093124,-0.056942295,-0.0039230227,0.79687124,-0.014824758,0.37272868,0.9245577,0.32761854,0.06099984,0.87802833,0.023801733,-0.015712377,0.7990015,-0.01092078,-0.0041998704,0.2836695,-0.031940795,-0.04408789,-0.19587585,-0.048569493,0.5292448,0.27982485,1.0071508,-0.20051305,-0.10923268,-0.073948614,0.8501059,-0.07531514,0.24612656,-0.054656565,-0.006308283,-0.43084022,-0.06319501,-0.003875998,-0.06462593,-0.007489019,-0.024578609,-0.1058412,0.21293597,0.7739699,-0.016615322,-0.07671888,0.07149546,0.74750155,-0.0022193405,0.1352697,-0.06396294,-0.20543396,-0.06281227,-0.013767089,0.009764645,-0.018282032,-0.20595482,0.036512643
TCGA-TM-A84F,0.06964187,-0.089706585,-0.205882,-0.06194337,-0.33453518,0.4513967,1.5628076,1.2948462,-0.028289152,0.27159235,0.26569524,-0.14678793,-0.018241312,1.7810426,-0.07170242,0.7427476,1.5231863,0.9469044,0.5205498,1.7861218,0.11749084,-0.022513118,1.2804947,0.056123823,-0.027057115,0.82404274,-0.017606426,-0.080857806,-0.37647644,-0.07949725,1.740263,0.12866573,1.637463,-0.45008072,-0.21053009,-0.16588485,1.4793928,-0.14934967,0.87078184,-0.11515232,0.0006344989,-0.84483176,-0.14176865,-0.027265126,-0.07065085,-0.013021021,-0.024306985,-0.24781828,0.11613999,1.8617347,-0.0154469935,-0.1812825,-0.019363156,1.3545914,0.03242034,0.3643332,-0.18194686,-0.38690054,-0.11438679,-0.008482768,0.28313795,-0.027652029,-0.44019744,0.5473683
TCGA-TM-A84G,0.6879731,-0.12445965,-0.33305186,-0.110147454,-0.62004393,0.94860953,2.703541,2.3291328,-0.033240255,0.6267747,0.3678087,-0.19888324,-0.07398725,2.8305728,-0.15037505,1.1060141,2.7497962,2.0158381,0.7515174,2.9590952,0.650076,-0.046157412,2.1900907,0.30210558,-0.051104475,1.2242197,-0.026441768,-0.15869524,-0.58421034,-0.11176616,2.6732202,0.48134616,2.9808888,-0.7092046,-0.34649226,-0.27185807,2.413475,-0.20502977,1.6023831,-0.193097,0.2419447,-1.391119,-0.24122457,-0.05801254,-0.12914506,-0.021027606,-0.039183777,-0.35822293,0.11830337,2.820926,-0.05014802,-0.31191945,-0.052533746,2.3827195,-0.012130454,1.0580492,-0.3257832,-0.6308677,-0.1641077,-0.02753201,-0.031971693,-0.07951084,-0.68500656,1.0618209
TCGA-TM-A84H,0.5283682,-0.120756045,-0.32078245,-0.1135602,-0.56727433,0.933316,2.522132,2.097799,-0.018340373,0.52486855,0.33120453,-0.1887683,-0.08353506,2.7746058,-0.150842,1.1692243,2.5902264,1.7685852,0.73947024,2.808144,0.5894464,-0.044572044,2.1080704,0.28805244,-0.04224398,1.2325176,-0.024956634,-0.1495031,-0.56336117,-0.09876668,2.5426476,0.42754263,2.725082,-0.6803222,-0.34079537,-0.26609668,2.1469216,-0.19387257,1.4342484,-0.18040703,0.024603274,-1.3314726,-0.23464218,-0.06372348,-0.1030092,-0.004126904,-0.03726576,-0.35531887,0.039361075,2.767706,-0.04232293,-0.29609093,-0.0409546,2.2242446,-0.02225898,1.1017588,-0.319948,-0.60523504,-0.16980442,-0.025047982,0.04306547,-0.059382927,-0.66163546,1.0407407
TCGA-TM-A84I,0.16731906,-0.06540479,-0.17802964,-0.08783444,-0.27545255,0.5812976,1.6735168,1.0998325,-0.010060861,0.5383877,0.026464567,-0.105059065,-0.024893207,1.1749166,-0.1007128,0.5179275,1.2412912,0.5707195,0.06955442,1.4329455,0.16067936,-0.0051588467,1.0509343,-0.020970045,-0.03624362,0.47182867,-0.030101368,-0.09047883,-0.3052344,-0.059216447,1.2754464,0.018115032,1.3805579,-0.36788103,-0.1778918,-0.10322475,1.1598654,-0.106358014,0.45798242,-0.115407825,-0.0062741446,-0.6827365,-0.103359126,-0.003402697,-0.07422953,-0.025995037,-0.029250158,-0.21828862,0.30998814,1.5815173,-0.000282491,-0.15313376,-0.03421801,1.0718915,-0.017978748,0.19536436,-0.15228759,-0.3011101,-0.087046616,-0.009986541,1.2828661,-0.040207975,-0.30005315,0.37239072
TCGA-TM-A84J,-0.0248457,-0.033926196,-0.0682099,-0.040150374,-0.078847095,0.16993032,0.7881479,0.44708312,0.038452256,0.16333705,0.020466734,-0.04785535,0.12938832,0.5285479,-0.024047272,0.4051154,0.39022037,0.2135598,0.10063318,0.63193995,0.07114473,-0.01954731,0.6697881,0.02653834,-0.010173018,0.15143429,-0.009853834,-0.030314505,-0.15493545,-0.026219372,0.6972332,0.06899362,0.5690357,-0.19352832,-0.10520414,-0.035558607,0.63242245,-0.07099861,0.15840612,-0.039624248,-0.033134256,-0.32289955,-0.05353958,0.2635717,-0.041398328,-0.020865653,-0.0054768375,-0.10529337,0.10938905,0.6360369,-0.017380517,-0.07206919,0.069430746,0.5383911,-0.007924358,0.14470738,-0.043079194,-0.13088264,-0.042747643,0.12351822,0.48049745,-0.015210117,-0.13727474,-0.00254063
TCGA-TM-A84L,0.3632233,-0.11982729,-0.27509922,-0.08028773,-0.48253432,0.8521367,2.097005,1.8129209,-0.025087342,0.3748168,0.3370014,-0.16774224,-0.054661423,2.3317232,-0.118171036,0.97846025,2.201927,1.4720547,0.57087785,2.42056,0.44377977,-0.03574876,1.7013777,0.18044451,-0.025693102,0.9994004,-0.029608702,-0.1330031,-0.4975644,-0.09744719,2.209166,0.44540304,2.4359372,-0.5729489,-0.28990993,-0.21551557,1.9579059,-0.1894512,1.1726243,-0.16219214,0.07298431,-1.1419197,-0.1886063,-0.049670774,-0.10464803,-0.012199144,-0.036392685,-0.30215088,0.046120897,2.344953,-0.046558566,-0.25007635,-0.024113445,1.8758787,-6.994717e-05,0.8538457,-0.25892422,-0.5182874,-0.1500462,-0.019760208,-0.005387171,-0.037890445,-0.5724919,0.8860092
TCGA-TM-A84M,0.5081333,-0.11257278,-0.30830517,-0.10938586,-0.5484105,0.8259959,2.4573252,2.1528797,-0.027514443,0.49839687,0.4405353,-0.18877582,-0.07423287,2.643563,-0.1413626,1.1134293,2.3722212,1.6743546,0.8566854,2.5324917,0.6362015,-0.04466169,2.0608883,0.40113345,-0.03659534,1.209145,-0.018603072,-0.14503942,-0.5349972,-0.10115546,2.4533396,0.3680145,2.7335432,-0.64786386,-0.32569405,-0.23416328,2.247834,-0.17306703,1.1895657,-0.16698764,-0.0077267527,-1.2674437,-0.21627007,-0.03382113,-0.13164958,-0.012033764,-0.044673473,-0.3580475,0.18944897,2.7151792,-0.023712914,-0.28399706,-0.043101337,2.1460347,-0.015327804,0.8265471,-0.29918143,-0.58031243,-0.1775782,-0.03605435,0.102730006,-0.07456766,-0.6281008,0.83860147
TCGA-TM-A84O,0.35554454,-0.11892823,-0.27305076,-0.08730491,-0.48340282,0.6541565,2.1225893,1.799893,-0.021312216,0.38954467,0.4567592,-0.18261038,-0.055661716,2.3815622,-0.12206303,0.9767005,2.1869318,1.4953322,0.4925541,2.4016976,0.3478794,-0.029063707,1.7475107,0.18415849,-0.03227527,1.0507321,-0.025424302,-0.1312937,-0.5104113,-0.10664071,2.040045,0.10678578,2.5766861,-0.5805085,-0.29362473,-0.22551349,2.0229726,-0.18932053,1.1330397,-0.16965938,0.03336471,-1.1774504,-0.22355731,-0.040572602,-0.08705389,-0.009215157,-0.031073142,-0.30268478,0.2137685,2.3341277,-0.031138217,-0.2519367,-0.026498524,1.9207625,-0.007207361,0.6022363,-0.26226532,-0.5474161,-0.16989936,-0.013152562,-0.000115347284,-0.055998426,-0.58466905,0.79268515
TCGA-TM-A84Q,0.45992675,-0.13653542,-0.3208996,-0.097663574,-0.5733873,0.8511117,2.4696882,2.0951493,-0.021880738,0.50226414,0.4370309,-0.18524791,-0.073280096,2.750166,-0.14406733,1.1145027,2.6006203,1.7606276,0.6962881,2.7846243,0.57611614,-0.037343074,2.067832,0.35716522,-0.03220962,1.1852679,-0.036546934,-0.15487969,-0.5706516,-0.11223445,2.586662,0.5076638,2.8170378,-0.6771916,-0.3379732,-0.26251137,2.252428,-0.2021606,1.4025667,-0.1871186,0.05069341,-1.3255419,-0.23377667,-0.05804785,-0.108335756,-0.015290468,-0.04077032,-0.35272932,0.1300583,2.8749049,-0.048133396,-0.29441294,-0.045232374,2.1464596,-0.019029317,0.9756272,-0.30498096,-0.59064955,-0.16760764,-0.027895305,-0.0024717797,-0.06152882,-0.655906,0.95508903
TCGA-TM-A84R,0.25682142,-0.10292228,-0.2198231,-0.06390281,-0.36773577,0.45689803,1.4442936,1.3707129,-0.01610106,0.24344999,0.34306303,-0.13989921,-0.046291582,1.8548977,-0.073145844,0.756308,1.7077845,1.0945486,0.4796367,1.8676199,0.27896836,-0.03308496,1.296487,0.3971289,-0.027450098,0.80806464,-0.022685273,-0.07612118,-0.39906573,-0.096609995,1.6970365,0.23789881,1.8316184,-0.4585406,-0.21730454,-0.17905258,1.4753587,-0.15479697,0.95625585,-0.11465138,0.16447984,-0.9210292,-0.15614127,-0.0383404,-0.07521109,-0.009563563,-0.022619473,-0.23780143,0.1064267,1.8229413,-0.036761638,-0.179041,-0.030224001,1.4289874,0.15551578,0.5404494,-0.20080173,-0.41232082,-0.11552268,-0.004543807,-0.020599168,-0.03839985,-0.45112225,0.6842867
TCGA-TM-A84S,0.35655856,-0.12135016,-0.30106553,-0.08387663,-0.5235097,0.8155353,2.2171576,1.8732423,-0.024077505,0.5043835,0.30052462,-0.17630519,-0.06335359,2.463661,-0.11930915,1.097275,2.3290412,1.7079996,0.6321155,2.5953753,0.48284796,-0.033661332,1.9155405,0.36215514,-0.029336682,1.1493702,-0.03511285,-0.14112853,-0.5278908,-0.1156792,2.403813,0.40825674,2.5227118,-0.61764234,-0.31508994,-0.23129523,2.014358,-0.20007005,1.3473965,-0.15973333,0.04315013,-1.2255647,-0.21828122,-0.051004358,-0.11378598,-0.0064675966,-0.030816747,-0.3265397,0.21202563,2.5661876,-0.04466711,-0.26721025,-0.030918062,2.1757257,-0.0073137744,0.8139302,-0.28170413,-0.5611639,-0.15016595,-0.029193943,-0.007881223,-0.053291716,-0.6140036,0.95025253
TCGA-TM-A84T,0.5829943,-0.13331652,-0.30817005,-0.104975715,-0.5566765,0.9687832,2.5634298,2.2100751,-0.01027865,0.61325353,0.3482324,-0.1920548,-0.064377174,2.5747843,-0.14636709,1.1998358,2.6359472,1.8413572,0.7187744,2.876228,0.53461486,-0.037967786,2.1066828,0.3127541,-0.045097806,1.3140175,-0.035508834,-0.14676969,-0.57105345,-0.10592482,2.7299085,0.47803217,2.8279169,-0.6717325,-0.32279718,-0.25839242,2.0908072,-0.21818821,1.5171719,-0.17088304,0.040127296,-1.3166739,-0.22401626,-0.067161255,-0.102023914,-0.012412504,-0.04232512,-0.35672185,0.10086353,2.8923223,-0.04979391,-0.2968967,-0.042258073,2.1922832,-0.019890407,1.0475062,-0.30345592,-0.5977532,-0.16932102,-0.020291373,0.11657332,-0.060528457,-0.6515402,0.9948138
TCGA-TQ-A7RF,0.5166594,-0.14131866,-0.3183809,-0.10972673,-0.5836876,0.9151383,2.449199,2.13254,-0.01905861,0.7301205,0.24779838,-0.17465611,-0.073922284,2.651214,-0.1416086,1.3053466,2.7029412,1.7653247,0.5958021,2.9312499,0.5873329,-0.039348733,2.1242626,0.3304582,-0.039162017,1.2647525,-0.036110774,-0.14920239,-0.5692913,-0.119121276,2.564152,0.52032375,2.6979854,-0.68307155,-0.3531149,-0.26014277,2.1014392,-0.20098825,1.5497608,-0.18606555,0.115639314,-1.3385062,-0.23436522,-0.06945624,-0.113052905,0.008141002,-0.04028176,-0.37642437,0.109216765,2.8095093,-0.042627316,-0.30443534,-0.04752567,2.2306142,-0.015612398,1.0593792,-0.31023592,-0.59976536,-0.17423207,-0.00813036,0.053703185,-0.05227662,-0.6767957,1.0947157
TCGA-TQ-A7RG,0.51826555,-0.13241433,-0.3208458,-0.09848908,-0.58122295,0.8524161,2.452288,2.0840075,-0.025480235,0.5270478,0.4824466,-0.19341856,-0.0725083,2.693199,-0.13557884,1.1079805,2.6203315,1.8675919,0.6772934,2.7910912,0.6414616,-0.03989618,2.1177824,0.41473562,-0.041057017,1.2529742,-0.034726482,-0.15973695,-0.5663833,-0.12605728,2.5551789,0.50246125,2.8409824,-0.67746854,-0.3355853,-0.25660333,2.2247531,-0.20968018,1.5208256,-0.17604224,0.12412231,-1.337654,-0.23148806,-0.063922636,-0.11550025,-0.012333051,-0.033225745,-0.3474085,0.119964376,2.750075,-0.044118162,-0.29896894,-0.0401149,2.2145047,-0.01816671,0.9285351,-0.30788216,-0.60822,-0.16327366,-0.027783522,-0.012047223,-0.062688954,-0.65776926,1.0747827
TCGA-TQ-A7RH,0.617238,-0.1276147,-0.29941696,-0.08410687,-0.5154604,0.807751,2.2400682,2.0068114,-0.015497009,0.648292,0.23796165,-0.1807505,-0.060865313,2.4621842,-0.11752876,0.98751605,2.3957405,1.6405051,0.61961585,2.4902973,0.5973691,-0.04506436,1.8871145,0.39985782,-0.017863236,1.0984757,-0.045537464,-0.13409695,-0.525725,-0.09892488,2.3770263,0.37085682,2.536426,-0.62869257,-0.30587924,-0.23859036,2.222381,-0.20048724,1.313622,-0.17839098,0.11131975,-1.2171648,-0.19471179,-0.06205638,-0.106571905,-0.012644105,-0.029482437,-0.31818935,0.18092908,2.4724214,-0.043962646,-0.26710528,-0.037292488,2.1141944,-0.020808978,0.8729903,-0.2743648,-0.5376527,-0.15366754,-0.027939161,0.15027134,-0.05072668,-0.6046006,0.82295656
TCGA-TQ-A7RI,0.46055627,-0.12441646,-0.30496535,-0.08916261,-0.5336477,0.76613116,2.4437659,1.9903105,-0.01909004,0.4870992,0.39812487,-0.18943076,-0.072781526,2.4632707,-0.12348443,1.0854636,2.3413513,1.6929246,0.6077011,2.6782212,0.53455806,-0.044137027,1.982141,0.35729772,-0.03407729,1.0941623,-0.029277889,-0.13601936,-0.5352448,-0.12086185,2.3973536,0.49364385,2.660156,-0.63532895,-0.32314312,-0.23706722,2.1511905,-0.20150863,1.4581335,-0.16809542,0.042006593,-1.2622923,-0.22858985,-0.06803625,-0.111125566,-0.009598575,-0.02327285,-0.33493406,0.17264111,2.5553896,-0.053333033,-0.27718154,-0.0412451,2.191876,-0.0136674335,0.89001966,-0.2842553,-0.56970894,-0.1518871,-0.019670673,-0.016617844,-0.055002708,-0.6289777,1.0244895
TCGA-TQ-A7RJ,0.47676075,-0.109346025,-0.29082686,-0.09333324,-0.51438284,0.8510709,2.213885,1.9167799,-0.020000534,0.4733427,0.35674828,-0.16593908,-0.07060029,2.471058,-0.12886803,0.9878123,2.3397672,1.5472568,0.59717673,2.5228186,0.58595824,-0.03397363,1.8115654,0.26461607,-0.032036208,1.0966278,-0.026518181,-0.13574742,-0.5107035,-0.10532557,2.2641563,0.44947952,2.4885848,-0.5971836,-0.30223933,-0.2344213,1.9809446,-0.18882851,1.3760691,-0.15641086,0.016136628,-1.1920444,-0.2041279,-0.058901485,-0.09773435,-0.018827152,-0.023746861,-0.31976613,0.10291819,2.4751744,-0.04856169,-0.26393595,-0.035852708,1.9470863,-0.01200515,0.90379876,-0.2878405,-0.53739524,-0.1569696,-0.020747153,-0.00052934623,-0.044968877,-0.5984904,0.8484237
TCGA-TQ-A7RK,0.60520005,-0.13255392,-0.34561664,-0.105913,-0.6205548,0.9142148,2.6714466,2.2946403,-0.022885803,0.581672,0.41792226,-0.19611907,-0.084204964,2.8652403,-0.15726715,1.2763205,2.7680142,2.0096447,0.76464427,2.971787,0.7243794,-0.044750154,2.1614916,0.38659054,-0.05260817,1.3337495,-0.031249357,-0.16381375,-0.59159106,-0.123745345,2.8059716,0.54313505,2.9939587,-0.715489,-0.3563426,-0.2747193,2.363656,-0.21835887,1.6403824,-0.18736582,0.16315436,-1.4149357,-0.24752842,-0.06905982,-0.110589005,-0.013513814,-0.025825998,-0.37371922,0.15430857,2.974797,-0.04838771,-0.3202106,-0.045046207,2.324048,-0.014883538,1.1262308,-0.33102173,-0.6310715,-0.17825,-0.038670477,-0.011816052,-0.06794036,-0.7014301,1.1235461
TCGA-TQ-A7RM,0.17286289,-0.08746394,-0.23101394,-0.072583966,-0.423834,0.653953,1.8768554,1.4960188,-0.031437866,0.5626944,0.23792133,-0.1428348,-0.03780165,2.039325,-0.10551938,0.8667365,1.7620598,1.172663,0.40508038,1.7448491,0.47257552,-0.043219816,1.6439366,0.041910805,-0.044542518,0.919042,-0.03796361,-0.12871568,-0.41821757,-0.07680407,1.9577942,0.15891404,2.0913723,-0.5066256,-0.22640756,-0.18211535,1.6250728,-0.14086626,0.8969513,-0.13347855,-0.034014463,-0.9478347,-0.12346604,-0.016163545,-0.066472806,-0.023744127,-0.0064757355,-0.25770578,0.24867149,2.0746248,-0.02032019,-0.2582083,-0.033560168,1.749772,-0.024199104,0.7749452,-0.2284017,-0.404008,-0.14377719,-0.022240644,0.88827425,-0.051644024,-0.44006497,0.650792
TCGA-TQ-A7RN,0.5363335,-0.13655044,-0.32409632,-0.09848201,-0.57614267,0.9304272,2.5723293,2.144916,-0.017778927,0.55568075,0.36569706,-0.17966142,-0.07823395,2.7369368,-0.13857277,1.0816684,2.6172695,1.7027612,0.71945906,2.7203026,0.63784707,-0.04280689,1.9651839,0.28362486,-0.031074112,1.2963936,-0.026615763,-0.1575046,-0.57249177,-0.1162758,2.5482674,0.60427415,2.7707713,-0.67157245,-0.3399264,-0.25946972,2.278812,-0.2077653,1.449705,-0.18574774,0.13661061,-1.3401513,-0.22630075,-0.06299468,-0.10462939,-0.00811874,-0.02999265,-0.35358855,0.14779045,2.7375588,-0.04136313,-0.29777512,-0.04157598,2.1359859,-0.012800132,0.9933454,-0.3104199,-0.59330416,-0.17506252,-0.03577663,-0.019128924,-0.0628832,-0.6655074,0.97201025
TCGA-TQ-A7RO,0.59503865,-0.13263337,-0.3241908,-0.09613254,-0.5814534,0.9441007,2.4390728,2.1271381,-0.018070858,0.49073157,0.4486054,-0.19110997,-0.075722836,2.7306929,-0.13933295,1.1526555,2.5510056,1.8844153,0.69366044,2.8611145,0.6127063,-0.046272088,2.0179706,0.4058382,-0.034878492,1.2141658,-0.03027922,-0.1527985,-0.56634754,-0.1184419,2.5697846,0.45274138,2.8758626,-0.6788103,-0.34318945,-0.26374957,2.3075063,-0.20849974,1.5272548,-0.17871374,0.14748397,-1.3344249,-0.23354416,-0.06810195,-0.114432886,-0.006030748,-0.025311155,-0.3536501,0.10598202,2.7246344,-0.04534654,-0.2972599,-0.039303064,2.2005904,-0.016656723,0.9452606,-0.3143216,-0.6017622,-0.1682739,-0.024690663,-0.014486566,-0.061553854,-0.6630938,1.029944
TCGA-TQ-A7RP,-0.0060332245,-0.06481477,-0.11155259,-0.024748564,-0.14237975,0.17995067,0.58226705,0.6110192,-0.017121807,0.021078242,0.12604997,-0.0945275,-0.017881265,0.9424999,-0.022912933,0.3911995,0.7875131,0.27064437,0.07303611,0.9432289,-0.008068829,-0.023102097,0.55108714,0.31331164,-0.005820044,0.41071415,-0.015785782,-0.029236874,-0.23314396,-0.06658249,0.79106283,-0.013023819,1.0010076,-0.237262,-0.10482556,-0.08810757,0.7232788,-0.10754701,0.21032754,-0.048695903,0.14695516,-0.48017302,-0.08548118,-0.010716419,-0.040165436,-0.0034120746,-0.026728421,-0.12693648,0.12831508,0.75071585,-0.02505028,-0.07832963,0.038301945,0.68622535,0.30190626,0.020291004,-0.10042266,-0.22236446,-0.050470818,-0.005203213,-0.016430033,-0.013546081,-0.23206547,0.18328184
TCGA-TQ-A7RQ,0.6363669,-0.13743812,-0.33215103,-0.098693706,-0.601886,0.8570662,2.6186376,2.2310824,-0.01731422,0.4489397,0.48173308,-0.19744864,-0.08535387,2.7861712,-0.13578801,1.0880957,2.6690192,1.8865696,0.84276336,2.8692374,0.62963927,-0.044933256,2.0916739,0.35746777,-0.04623517,1.1681867,-0.024742061,-0.15691891,-0.58101904,-0.12277714,2.6126451,0.39985842,2.9629493,-0.69859993,-0.35224444,-0.2632636,2.2992573,-0.20721631,1.5771319,-0.19119222,0.104606956,-1.3822412,-0.24132787,-0.06940978,-0.11892386,-0.008413426,-0.02609021,-0.36863136,0.10777904,2.8106658,-0.054811835,-0.3171979,-0.051230814,2.3053722,-0.022640228,0.96292824,-0.3315853,-0.62117153,-0.16617253,-0.023613052,-0.026936917,-0.068417855,-0.6823381,1.014229
TCGA-TQ-A7RR,0.11362204,-0.09462961,-0.24766846,-0.084523,-0.41189075,0.66665107,2.0116134,1.6427165,-0.02179046,0.49464083,0.26666737,-0.15034002,-0.027115433,1.9845448,-0.101201534,0.8374329,1.7495482,1.1876526,0.52011645,2.0410516,0.3782184,-0.019286597,1.4150875,0.15901332,-0.018475637,0.9133681,-0.016234552,-0.12170795,-0.43449584,-0.07336605,1.9269269,0.30129755,2.058262,-0.5159508,-0.23915572,-0.17694505,1.7135786,-0.15251593,0.9620612,-0.14120758,0.0626823,-0.98186034,-0.1691389,-0.02662392,-0.0825397,-0.028213084,-0.04571932,-0.2817959,0.20994534,1.9956477,-0.031563487,-0.21970463,-0.03608932,1.554648,-0.0066784816,0.6331693,-0.23677778,-0.440903,-0.12733172,-0.013649992,0.44786438,-0.056311,-0.49926266,0.526909
TCGA-TQ-A7RU,0.64466834,-0.14096273,-0.35644892,-0.111855105,-0.65214556,1.0193454,2.7985818,2.3501136,-0.015796948,0.6202298,0.41986048,-0.20780702,-0.09248525,3.0168288,-0.15655927,1.2436213,2.9008634,2.0806181,0.80923015,3.0620837,0.7008098,-0.04472182,2.2760859,0.38399982,-0.04355792,1.2961981,-0.029405305,-0.17127316,-0.61639416,-0.12437741,2.8695588,0.59311455,3.153433,-0.7528717,-0.37329614,-0.2904276,2.474631,-0.22260062,1.6889999,-0.19746867,0.13972569,-1.4702103,-0.2649555,-0.06475703,-0.121184185,-0.01930738,-0.030510617,-0.38221863,0.09047355,3.0694532,-0.042921644,-0.33800176,-0.051554825,2.4437041,-0.025607219,1.1379013,-0.3459683,-0.6609263,-0.18786697,-0.0415239,-0.020921303,-0.07272888,-0.7290534,1.1276773
TCGA-TQ-A7RV,0.4367084,-0.12392175,-0.30450708,-0.08645302,-0.54496914,0.78330094,2.3559895,2.1042602,-0.016881546,0.48378372,0.4088671,-0.17585456,-0.064199746,2.6465662,-0.13277154,1.1166955,2.467996,1.6857821,0.69668925,2.7097085,0.592441,-0.03917844,1.8970025,0.35228723,-0.030639578,1.1539716,-0.030594597,-0.14393714,-0.5491539,-0.11358174,2.6055717,0.38007775,2.6352267,-0.6522652,-0.32208958,-0.25383452,2.2161908,-0.20475952,1.3806973,-0.16239978,0.103141874,-1.272206,-0.2104548,-0.043821033,-0.105831645,-0.022004716,-0.032162756,-0.339676,0.099911824,2.7647595,-0.04441313,-0.2777612,-0.04262085,2.1387854,-0.016726771,0.9159438,-0.2964807,-0.5752587,-0.15233058,-0.0153461145,0.09342392,-0.066258855,-0.6292801,0.8583128
TCGA-TQ-A7RW,0.30301887,-0.09842173,-0.24772437,-0.078597546,-0.42265397,0.64606076,1.9612799,1.5714504,-0.025411278,0.48311532,0.15317455,-0.13392301,-0.03949457,1.9103018,-0.11572122,0.8256216,1.854846,1.2730993,0.5618906,2.0940778,0.27001718,-0.018872002,1.5926619,0.027485045,-0.024679167,0.85297936,-0.020708002,-0.10347855,-0.41916704,-0.076456174,1.880425,0.32370538,2.0466447,-0.50705093,-0.2619438,-0.18546045,1.7660803,-0.16011387,1.0060109,-0.14968446,-0.005701165,-0.9986559,-0.16138728,-0.035821315,-0.093362644,-0.00022861156,-0.035270747,-0.27301225,0.19778307,2.1650214,-0.045884024,-0.22599006,-0.02250349,1.6971213,0.02926433,0.6944768,-0.2305589,-0.46762672,-0.13138162,-0.011669632,0.40407673,-0.044217248,-0.49635744,0.70735353
TCGA-TQ-A8XE,0.36056384,-0.11172396,-0.29492137,-0.090380006,-0.51759744,0.84708935,2.1979935,2.0738804,-0.012977545,0.6094747,0.33417174,-0.16356587,-0.06165257,2.4820273,-0.13548023,0.98161274,2.335929,1.5675188,0.75675166,2.5489018,0.5141134,-0.037307702,1.829242,0.38013506,-0.041480985,1.0747474,-0.025127525,-0.14334959,-0.53883785,-0.10820438,2.4201596,0.4938721,2.530738,-0.62517,-0.3159948,-0.23465548,2.1000473,-0.20158581,1.3111514,-0.17529783,0.025156152,-1.2293714,-0.19535165,-0.04903853,-0.10947263,-0.016384957,-0.038386367,-0.32351133,0.20905288,2.6401925,-0.034257364,-0.2702254,-0.043453414,1.8926003,-0.020979049,0.759611,-0.2846286,-0.5582885,-0.15764628,-0.023702508,0.3225268,-0.055771697,-0.6037516,0.86230034
TCGA-VM-A8C8,0.47508377,-0.118402205,-0.3093125,-0.099944614,-0.5464844,0.75310105,2.2651956,2.003334,-0.022078905,0.54696935,0.32184297,-0.18251829,-0.068628006,2.559447,-0.12704389,1.1013651,2.5877626,1.7678251,0.6142672,2.645013,0.55125046,-0.03162842,2.03395,0.2786653,-0.03123922,1.1957949,-0.026870027,-0.14471859,-0.5472064,-0.11426573,2.4527707,0.49933147,2.6826932,-0.62953734,-0.31592074,-0.25738412,2.1043754,-0.21034248,1.3651781,-0.1547261,0.14299425,-1.2511982,-0.2181901,-0.053000905,-0.11354077,-0.007799516,-0.037222832,-0.3491838,0.02912362,2.643581,-0.037483893,-0.27079868,-0.04333092,2.1174865,-0.010452933,0.9636865,-0.29476482,-0.58444715,-0.16659576,-0.025850257,-0.008060217,-0.069923036,-0.6236983,0.9279145
TCGA-VM-A8C9,-0.005492673,-0.07036426,-0.09959832,-0.014306173,-0.1249001,0.13573022,0.6104588,0.7008401,-0.003604443,-0.00092335494,0.12807947,-0.07098093,0.0639042,0.9876359,-0.010099377,0.43318957,0.58883303,0.23447111,0.2541851,0.82655406,-0.0121438755,-0.020145118,0.6104756,0.16082796,0.085299365,0.36168763,-0.0064819874,-0.018388014,-0.19986889,-0.05384347,0.7184072,-0.001136932,1.057006,-0.2024869,-0.10258851,-0.079149924,0.92673445,-0.09500646,0.1456617,-0.05795091,0.052070398,-0.44026336,-0.061716598,-0.001941495,-0.05918271,-0.00028332864,-0.017752953,-0.11309806,-0.027180864,0.84245193,-0.012390481,-0.07532486,0.061821043,0.5237876,0.12686135,0.19434482,-0.08613393,-0.20416084,-0.052323896,-9.3615985e-05,-0.012781905,-0.016232284,-0.1891853,0.1292049
TCGA-VM-A8CA,0.41172773,-0.11889788,-0.2973672,-0.09271925,-0.5297808,0.7416957,2.2669032,1.9941665,-0.014575966,0.54762024,0.28491256,-0.18434267,-0.06569253,2.5356708,-0.12963837,1.1059942,2.3752804,1.7531806,0.70237994,2.6118279,0.51309514,-0.032576174,1.9191248,0.34092066,-0.041626863,1.1314504,-0.022464586,-0.13421766,-0.5338762,-0.11946072,2.400329,0.39626795,2.5730143,-0.6375728,-0.32755,-0.23909955,2.150995,-0.20170622,1.2947606,-0.16677712,0.085757434,-1.2458556,-0.21223354,-0.051660676,-0.10777862,-0.010010467,-0.030494263,-0.32805082,0.06199898,2.5042093,-0.044317085,-0.2791854,-0.039870705,2.105913,-0.002685566,0.8649757,-0.29223102,-0.5710704,-0.16453432,-0.014853181,-0.013334443,-0.061176307,-0.6056289,0.9882313
TCGA-VM-A8CD,-0.013451579,-0.04710585,-0.05323499,-0.020458087,-0.0694906,0.049910236,0.18052526,0.35141224,-0.017519299,-0.0014018472,0.1181876,-0.050867587,-0.010370159,0.5289834,-0.03548914,0.24321562,0.46052715,-0.0025007168,-0.00062137254,0.48728818,-0.015379195,-0.0036587075,0.2548628,0.2832397,-0.004630107,0.2825893,-0.0068456978,-0.011909495,-0.13480596,-0.0478445,0.4475523,-0.002309499,0.58120394,-0.1401309,-0.050462168,-0.039215192,0.45230705,-0.07063968,0.08678981,-0.031888004,0.08233966,-0.28244796,-0.035132796,0.02201346,-0.01980121,-0.0107881585,-0.0051725158,-0.07704084,-0.009860168,0.50307673,-0.009013782,-0.03360669,0.061940663,0.32362598,0.13686526,-0.0043826005,-0.059211772,-0.1237006,-0.022430949,-0.01877567,-0.01071789,0.069289885,-0.13975708,-0.008700644
TCGA-VM-A8CE,0.445745,-0.119663514,-0.28695798,-0.08566723,-0.50810426,0.7457945,2.2141266,1.8857825,-0.029475182,0.46649727,0.36671108,-0.18005015,-0.063004404,2.4595313,-0.11363987,1.0453918,2.2855113,1.6119928,0.62511885,2.5697434,0.54905236,-0.032330077,1.8460451,0.30600542,-0.030872313,1.1486385,-0.031848516,-0.13779372,-0.5220234,-0.11728393,2.3591025,0.34989122,2.5826933,-0.6070985,-0.3053379,-0.23446146,2.0132325,-0.19751576,1.2944082,-0.15354939,0.13714011,-1.2008656,-0.21723147,-0.05128954,-0.101598576,-0.015291141,-0.036676884,-0.3264712,0.103457645,2.4654222,-0.045282748,-0.27001807,-0.033375103,1.9891517,-0.0051448005,0.7668123,-0.27265903,-0.54945415,-0.14863326,-0.021800583,-0.01582161,-0.055946033,-0.59350413,0.9136578
TCGA-VM-A8CF,0.42100474,-0.098305956,-0.30030355,-0.084863976,-0.5136799,0.762577,2.2338343,1.8750343,-0.031205554,0.48591518,0.39642602,-0.17521279,-0.067177415,2.5964408,-0.11999673,1.0454607,2.368972,1.6252334,0.59361136,2.5454512,0.5575749,-0.027598003,1.8978789,0.14265382,-0.022352625,1.02871,-0.036681395,-0.14021342,-0.5115042,-0.10782945,2.4040697,0.3481938,2.4130063,-0.6057956,-0.30397567,-0.24053875,2.0674396,-0.19697337,1.2035596,-0.1648622,0.07797867,-1.1918122,-0.19248699,-0.049357813,-0.110249154,-0.020072697,-0.038109075,-0.32382795,0.18076791,2.630746,-0.044817995,-0.26799926,-0.03953247,1.961155,-0.011231107,0.65457374,-0.27899328,-0.5417566,-0.14368741,-0.01769895,0.22215563,-0.054974694,-0.5962914,0.7836269
TCGA-VM-A8CH,0.54480284,-0.13106312,-0.3223332,-0.10765858,-0.57630754,0.9519302,2.5162027,2.1089847,-0.019407896,0.5339308,0.27102724,-0.18804927,-0.07708431,2.6787336,-0.13256797,1.211704,2.6489081,1.7569399,0.75493294,2.8467765,0.6338626,-0.045696765,2.0444045,0.3735609,-0.041434277,1.1966647,-0.037261676,-0.15008603,-0.56437045,-0.11744981,2.558299,0.49504593,2.80254,-0.68312854,-0.3403745,-0.2610443,2.08044,-0.21172178,1.50491,-0.17713606,0.13935563,-1.3215498,-0.21551187,-0.0632519,-0.11324334,-0.008012924,-0.026859118,-0.34706405,0.10207541,2.7134702,-0.030973107,-0.2948546,-0.039719027,2.1786318,-0.019162076,0.93415636,-0.3058525,-0.5877382,-0.16808872,-0.031865504,-0.0009599809,-0.063595876,-0.6430621,1.1053451
TCGA-VV-A829,0.27879974,-0.079812445,-0.27026662,-0.08188005,-0.48132974,0.6755782,2.3715842,1.8745178,-0.024554837,0.53843826,0.44916847,-0.1516289,-0.057689793,2.0089214,-0.12937237,0.9001108,2.0645344,1.429773,0.56571156,2.199438,0.33416262,-0.041963108,1.9050019,-0.017662939,-0.02523658,0.95289016,-0.009213704,-0.114560895,-0.45279303,-0.09212555,1.9482697,0.35420445,2.3655927,-0.5501198,-0.2972716,-0.21148811,1.9510392,-0.16917145,0.9181979,-0.16023126,-0.013941987,-1.0710968,-0.1727557,-0.03018021,-0.108468704,-0.006970332,-0.031888075,-0.30613628,0.124027446,2.4063454,-0.041062735,-0.24908221,-0.028316787,1.8313234,-0.003629048,0.77504194,-0.27901477,-0.4861054,-0.14389442,-0.023273384,0.46352977,-0.054508924,-0.523013,0.7569605
TCGA-VV-A86M,0.57295966,-0.11441175,-0.32879707,-0.08861752,-0.60340744,0.7940692,2.678628,2.2462158,-0.023158733,0.6372494,0.42816225,-0.17958236,-0.0809411,2.71737,-0.15425523,1.180852,2.6838424,1.8399836,0.7188008,2.9819887,0.5256694,-0.042052306,2.2499166,0.2599674,-0.040594455,1.2019985,-0.040430244,-0.15864335,-0.5937608,-0.10505749,2.797161,0.48169842,2.9246242,-0.70529455,-0.35243583,-0.26851258,2.323896,-0.21282904,1.415932,-0.21155885,-0.0016318437,-1.3637742,-0.2279032,-0.0563994,-0.1080611,-0.006596432,-0.044783108,-0.3701888,0.13323177,3.0012062,-0.038657155,-0.30255887,-0.04591424,2.2040706,-0.02387118,0.9998091,-0.335211,-0.62325335,-0.18210997,-0.029159114,0.032130335,-0.06496878,-0.6822663,1.0311068
TCGA-VW-A7QS,0.48479056,-0.13121432,-0.32339606,-0.11018393,-0.5983382,0.8519173,2.5483317,2.0926998,-0.02189442,0.5822849,0.28575274,-0.18969885,-0.080882065,2.5671716,-0.13997619,1.1985813,2.6103487,1.8689781,0.8192918,2.6978972,0.7110479,-0.05150928,2.1106608,0.29282123,-0.042694826,1.2010034,-0.019084586,-0.147634,-0.55525136,-0.112672225,2.5857568,0.4997372,2.8576477,-0.67192465,-0.35707393,-0.24943896,2.3433533,-0.19009183,1.5981076,-0.19128256,0.07547234,-1.3198916,-0.2270052,-0.045798507,-0.11075246,-0.008844707,-0.029587856,-0.35769913,0.14432408,2.7300236,-0.046925664,-0.301657,-0.05175252,2.1920114,-0.015163444,1.0780181,-0.3222568,-0.59381884,-0.16055049,-0.029178297,-0.0038251316,-0.06917812,-0.6486153,1.0028092
TCGA-VW-A8FI,-0.0140663935,-0.03920223,-0.03774261,-0.021327298,-0.042781513,0.09688896,0.023068743,0.0010056011,-0.018614167,-0.0029330438,-0.0031638623,-0.037130482,-0.0066684387,0.23667476,-0.015970679,0.07557532,0.22636138,-0.011491507,-0.0081888465,0.16865997,-0.01052613,-0.0061781746,0.07431189,-0.013688646,-0.008111893,0.008800615,-0.009945378,-0.008348233,-0.076777115,-0.026613241,0.032391176,-0.015669145,0.26575142,-0.07558074,-0.029343953,-0.023255419,0.30550042,-0.051820334,-0.0020240187,-0.008309394,0.14092785,-0.16043985,-0.023705347,-0.0077455617,-0.019675888,-0.0071957866,-0.011384566,-0.04210201,0.17466137,0.07042719,-0.018549368,-0.022806434,0.20638429,0.1942133,0.2719705,-0.022974268,-0.019297713,-0.06868384,-0.019566432,-0.009037164,-0.0005863149,-0.002806519,-0.075709395,-0.0038707962
TCGA-W9-A837,0.49999303,-0.116433635,-0.3058088,-0.08758898,-0.54073447,0.70324796,2.3524687,1.999297,-0.020826178,0.5688021,0.29176995,-0.17451374,-0.063502826,2.6548257,-0.12866585,1.0221001,2.4325426,1.7508061,0.6780547,2.6825888,0.5971788,-0.035854463,1.9774928,0.3245736,-0.028727794,1.2231637,-0.027654966,-0.14421861,-0.5387144,-0.114717424,2.4256725,0.38900682,2.6754882,-0.63687056,-0.32079002,-0.24516816,2.1809325,-0.20181762,1.4555837,-0.17196779,0.09175938,-1.2593876,-0.22538486,-0.05665751,-0.111524485,-0.009800361,-0.036081593,-0.3449703,0.13652231,2.579802,-0.04418848,-0.27723286,-0.04547841,2.1346426,-0.007677886,0.84555364,-0.2885855,-0.57501477,-0.16242598,-0.02726969,-0.005180383,-0.06376638,-0.6228689,0.9625663
TCGA-WH-A86K,0.5755021,-0.09845764,-0.28523806,-0.09860907,-0.5042485,0.88544756,2.3173406,1.9663905,-0.011637427,0.49794158,0.2595081,-0.18679145,-0.07362954,2.360517,-0.1421312,1.0095962,2.2773066,1.5227271,0.7229179,2.4653873,0.4794112,-0.045404952,1.8729736,0.29230443,-0.049814485,1.0288503,-0.026699966,-0.13630967,-0.50066674,-0.111140445,2.327485,0.31610727,2.5243654,-0.5912102,-0.30500123,-0.23730364,1.9846935,-0.18599428,1.1821914,-0.1553611,0.027395453,-1.1927681,-0.19237684,-0.057205725,-0.12673615,-0.021994887,-0.032039072,-0.32694262,0.22921963,2.5305479,-0.047511425,-0.26810053,-0.033450495,1.9223078,-0.022477942,0.9013989,-0.29283726,-0.5510055,-0.14407334,-0.021727031,0.29754755,-0.041912828,-0.59508914,0.83908296
TCGA-WY-A858,0.34233314,-0.09522539,-0.25886163,-0.07873263,-0.45065698,0.6450651,2.051748,1.8354377,-0.018620381,0.47660273,0.3263356,-0.15337129,-0.054452308,2.1889565,-0.10873717,0.99773973,1.9510236,1.4382571,0.60993487,2.3404448,0.40639815,-0.030087179,1.6614196,0.19359697,-0.02410333,1.0700951,-0.030249888,-0.118966065,-0.46685433,-0.09485116,2.131816,0.22569096,2.2546492,-0.5537148,-0.27090657,-0.19592014,1.8922703,-0.16756913,1.0732863,-0.15382642,-0.005292857,-1.0767568,-0.17256597,-0.03672126,-0.09052639,-0.0056216936,-0.027200192,-0.30536473,0.13002478,2.2758958,-0.036239445,-0.22968657,-0.03303273,1.8243583,-0.006994806,0.79169077,-0.24644713,-0.48663694,-0.14052008,-0.009219731,0.29360744,-0.043337706,-0.53655565,0.72060794
TCGA-WY-A859,0.39391527,-0.11853067,-0.28804392,-0.09206318,-0.52014387,0.8686271,2.3764126,1.8920399,-0.012365746,0.5804036,0.32315883,-0.1771342,-0.064955704,2.5536397,-0.12214054,0.98208123,2.3524997,1.7386669,0.5415169,2.502968,0.58890194,-0.039332833,1.8457863,0.27195978,-0.024410106,1.0986763,-0.027978126,-0.1387787,-0.51213914,-0.09998952,2.3755898,0.45186102,2.5197523,-0.614169,-0.30053157,-0.22987448,2.1077893,-0.1866094,1.264742,-0.17641126,0.12604734,-1.1982564,-0.20287065,-0.045121,-0.10760056,-0.028906658,-0.03563039,-0.3198809,0.1945238,2.544655,-0.030742666,-0.2618261,-0.038202763,1.9688535,-0.017523844,0.81335586,-0.28078783,-0.5384409,-0.14650798,-0.019315757,0.09303945,-0.05781544,-0.58962,0.7875457
TCGA-WY-A85A,0.48113006,-0.11493211,-0.29666552,-0.086085156,-0.5265016,0.85384876,2.3244865,1.9257985,-0.014903247,0.5577239,0.2893148,-0.1664393,-0.07193135,2.5361993,-0.120861255,1.0782425,2.385815,1.6801662,0.7006444,2.457546,0.5059062,-0.03618014,1.8913726,0.3384931,-0.026348729,0.97390854,-0.03288529,-0.13666622,-0.5368418,-0.097241126,2.4199595,0.46910784,2.5100799,-0.62291545,-0.31057373,-0.2424422,2.0541983,-0.19827792,1.320716,-0.15866186,0.036066767,-1.232287,-0.19649367,-0.06356474,-0.10391312,-0.008286766,-0.034263346,-0.31932303,0.13045426,2.5567446,-0.045409773,-0.26006263,-0.035187658,2.058053,-0.009004912,0.9477345,-0.28133526,-0.5503056,-0.15206768,-0.013798358,-0.0040005064,-0.05067612,-0.6157086,1.0002143
TCGA-WY-A85B,0.5802559,-0.13657078,-0.3353854,-0.10290289,-0.60263425,0.9408932,2.6270537,2.1973193,-0.020238621,0.52769405,0.48173964,-0.19665766,-0.07642615,2.8523347,-0.14656244,1.2110523,2.715276,1.94573,0.77665985,2.9082143,0.6627817,-0.04008091,2.1927993,0.34480864,-0.04148097,1.2726686,-0.0342216,-0.15757182,-0.5892197,-0.118675545,2.635767,0.5557675,3.0104353,-0.7087466,-0.35588107,-0.2795355,2.361505,-0.2113436,1.5448297,-0.18845592,0.09535526,-1.3915728,-0.24417062,-0.07134659,-0.11379694,-0.015620182,-0.035224672,-0.36220708,0.10792537,2.8955076,-0.051796135,-0.31191722,-0.04898991,2.2790961,-0.0153724495,1.0571656,-0.3271723,-0.6182397,-0.17832693,-0.027184328,-0.015024024,-0.06499577,-0.69666785,1.0208379
TCGA-WY-A85C,0.47647,-0.124461345,-0.3144596,-0.12041342,-0.5637687,0.9584381,2.5001082,2.040524,-0.012214412,0.63182926,0.32981616,-0.19546866,-0.08962236,2.6508477,-0.1369894,1.150729,2.5201454,1.6721147,0.74002695,2.658279,0.64687395,-0.041326847,1.9559824,0.1779069,-0.03920741,1.0454309,-0.03221589,-0.1591736,-0.548339,-0.11535797,2.5760365,0.59549874,2.7799947,-0.6503028,-0.326013,-0.25238797,2.262774,-0.19456498,1.3777739,-0.17852694,-0.006447545,-1.2982401,-0.21352087,-0.050134875,-0.11356355,-0.017838906,-0.041017365,-0.34975392,0.18698566,2.7470672,-0.04736298,-0.2976733,-0.04724107,2.0944529,-0.023371307,1.012244,-0.320771,-0.5718068,-0.16712417,-0.028017655,0.18002385,-0.05174123,-0.6447727,0.99363744
TCGA-WY-A85D,0.47483104,-0.11482169,-0.32240215,-0.10146083,-0.5538377,0.91351765,2.3425355,2.0812123,-0.018987423,0.5241626,0.20696214,-0.18298486,-0.059243795,2.6917727,-0.139421,1.061687,2.5321233,1.6843903,0.6979455,2.5624993,0.53968126,-0.024189668,2.0766084,0.32914197,-0.04258081,1.2563322,-0.024043553,-0.14192124,-0.5522438,-0.1234466,2.5353546,0.3457536,2.6243718,-0.63650656,-0.3245639,-0.25977558,2.2859802,-0.19374503,1.3681607,-0.16341768,0.11844936,-1.2761263,-0.21354114,-0.057978686,-0.1116369,-0.007589022,-0.027082164,-0.34873366,0.13757284,2.7695327,-0.050466876,-0.27339917,-0.056044776,2.1577773,-0.025960082,0.9038749,-0.30593786,-0.58821064,-0.1660158,-0.03578856,0.20467788,-0.06002695,-0.64520746,0.8751023
TCGA-WY-A85E,0.46185723,-0.124882095,-0.30032194,-0.08959869,-0.5316958,0.8359217,2.3984327,1.9938632,-0.018426066,0.52584773,0.3816862,-0.17849979,-0.076380804,2.5263884,-0.12632808,1.1197759,2.4112952,1.6704952,0.6827744,2.574344,0.46641317,-0.035348188,1.9673567,0.37550154,-0.028486485,1.0640687,-0.044505335,-0.13833408,-0.5471532,-0.107695214,2.4614193,0.5045459,2.6362448,-0.6350499,-0.31170473,-0.24373202,2.019623,-0.20342098,1.4938658,-0.16840406,-0.004591575,-1.2533964,-0.21130839,-0.0547372,-0.10155296,-0.023868822,-0.049388777,-0.33086237,0.14142887,2.7351446,-0.050951328,-0.28715914,-0.044985652,1.9624157,-0.011898222,0.77487373,-0.29740164,-0.565117,-0.15968822,-0.0122338515,0.07206473,-0.0531888,-0.6244844,0.9840273
