patient_id,priv_mir_0,priv_mir_1,priv_mir_2,priv_mir_3,priv_mir_4,priv_mir_5,priv_mir_6,priv_mir_7,priv_mir_8,priv_mir_9,priv_mir_10,priv_mir_11,priv_mir_12,priv_mir_13,priv_mir_14,priv_mir_15,priv_mir_16,priv_mir_17,priv_mir_18,priv_mir_19,priv_mir_20,priv_mir_21,priv_mir_22,priv_mir_23,priv_mir_24,priv_mir_25,priv_mir_26,priv_mir_27,priv_mir_28,priv_mir_29,priv_mir_30,priv_mir_31,priv_mir_32,priv_mir_33,priv_mir_34,priv_mir_35,priv_mir_36,priv_mir_37,priv_mir_38,priv_mir_39,priv_mir_40,priv_mir_41,priv_mir_42,priv_mir_43,priv_mir_44,priv_mir_45,priv_mir_46,priv_mir_47,priv_mir_48,priv_mir_49,priv_mir_50,priv_mir_51,priv_mir_52,priv_mir_53,priv_mir_54,priv_mir_55,priv_mir_56,priv_mir_57,priv_mir_58,priv_mir_59,priv_mir_60,priv_mir_61,priv_mir_62,priv_mir_63
TCGA-CS-4938,0.15829271,0.5095709,-0.0057800463,0.8113213,0.062583596,0.6066409,0.13146228,0.19794701,0.14518756,0.36505324,0.34643024,-0.0033082315,0.3671003,0.14454554,-0.0063183247,0.08854791,0.116051145,0.118929744,0.32084084,0.30049506,-0.007669372,0.32496214,0.090107486,0.1850482,-0.009940165,0.11747938,-0.012784514,0.26014417,0.09529746,0.17868324,0.05340289,0.079761244,0.090625525,0.25189102,-0.009585521,-0.013474533,0.086980395,-0.0009683326,0.5705975,0.14447805,0.08477889,-0.0029558286,0.28477085,0.051729612,-1.4772639e-05,-0.0049342825,-0.00829317,0.14711376,-0.01756315,0.15618709,-0.004418661,0.30374518,-0.01777113,0.021916188,0.37968057,0.2020823,0.21669689,0.049163926,0.28057176,-0.0076620663,0.4848228,0.2381527,0.20271005,0.25816393
TCGA-CS-4941,0.28482106,0.5539905,-0.0027060031,0.85814613,0.30151635,0.7012819,-0.0065950565,0.17326847,0.0067781284,0.12516268,0.42358005,0.36930186,0.33046317,0.1373259,0.023783643,-0.0020372772,0.07361885,0.039395835,0.32054424,0.07815343,-0.0029855724,0.1950431,0.16989525,0.1167014,-0.007940128,0.12721628,-0.0008854039,0.25566512,0.46993935,-0.002167315,0.20299372,0.07652567,0.16710202,0.3002054,0.0073131397,-0.00445788,0.11973942,-0.00793736,0.5767227,0.10139136,-0.0020087452,0.08451301,0.091626294,0.02942124,-0.00469079,-0.0037888784,-0.0018192228,0.1145165,-0.007676569,0.05947355,-0.0056773615,0.3877609,-0.0048769987,0.20597428,0.3417698,0.28843206,0.12265651,0.03403284,0.21882576,-0.004610946,0.5209261,0.18421385,0.27733186,0.23966007
TCGA-CS-4942,0.14125675,0.30412525,-0.0048973546,0.46219286,0.111881256,0.42824268,0.056868598,0.04121454,-0.005284318,-0.0031733327,0.1991446,0.21913221,0.33243924,0.14836733,-0.0032753367,-0.003705281,0.01802678,-0.004089126,0.13206026,0.16586451,0.002699662,0.1871699,0.121514514,0.14013258,-0.007201608,0.105806656,0.015784215,0.15514338,0.49925807,-0.009021828,-0.0010955178,0.050431646,-0.00021820217,0.18918432,-0.0074542235,-0.00061968196,0.021756005,0.017510258,0.3451313,0.114572,-0.0041391226,-0.0022283883,-0.0020351748,0.13048713,0.088866256,-0.002801247,-0.00872078,0.14548418,-0.0014389973,0.0013285056,-0.008994512,0.12959175,-0.010572404,0.01766964,0.36468294,-0.0048717484,0.108176276,-0.0033191105,0.052901976,-0.0029882432,0.12668432,0.18053661,0.3171856,0.06679338
TCGA-CS-4943,0.13253583,0.3730158,-0.0055676554,0.5365989,0.09440957,0.46951014,0.04991045,0.079780325,-0.0020401932,0.0192773,0.21319625,0.2073097,0.37041837,0.12628044,-0.000106901396,-0.0042669103,-0.00038553897,-0.0059971754,0.15394932,0.19192907,-0.00036216827,0.22443944,0.23119716,0.15582347,-0.007766628,0.08626699,0.011373814,0.12519611,0.59737515,-0.006047267,0.04406208,0.014520161,0.026472315,0.2233293,-0.0041364874,-0.0024467357,0.025913872,0.044548683,0.3858663,0.14274223,-0.0012505989,-0.002806736,-0.002516585,0.10362379,0.07384518,-0.0052757054,-0.006689574,0.13615459,-0.0016862344,0.009598345,-0.0076267975,0.19892743,-0.008762482,0.10958389,0.37997267,-0.004081176,0.1783945,-0.0034648522,0.07303366,-0.0059516816,0.16046388,0.18779399,0.31172353,0.0057916716
TCGA-CS-4944,0.10845831,0.37746888,-0.0018053275,0.5187415,0.14917395,0.48555505,0.06774779,0.0979548,0.005442925,0.12575826,0.24977714,0.17454371,0.3599251,0.15327796,-0.003973042,-0.0023464363,-0.00016431222,0.0054811537,0.17439254,0.17661625,0.008184329,0.221373,0.12395899,0.028086215,-0.009641939,0.09915397,-0.003710687,0.25954583,0.43202153,-0.0024223945,0.027113233,0.07718091,0.008857012,0.19984233,-0.0033806867,-0.0025595971,0.063707754,0.091082714,0.39460978,0.07301261,-0.0029030535,-0.0012117189,-0.00022979398,0.086884335,0.010420606,-0.004047531,-0.01042417,0.16619019,-0.003049373,0.019397825,-0.008260152,0.22272205,-0.011754719,0.044332463,0.31372422,0.014066286,0.17975827,-0.004813681,0.12159683,-0.001742028,0.20746319,0.2148736,0.38236442,0.1597226
TCGA-CS-5393,0.12578738,0.42723253,0.01970243,0.71813285,0.11467925,0.621189,0.061595134,0.21214671,-0.004127447,0.09206593,0.27092636,0.19173841,0.4023829,0.15368448,0.004015631,0.018674567,0.034586035,0.059363987,0.2372376,0.23473191,-0.0028660826,0.2424571,0.41941214,0.14938946,-0.0034849846,0.1443389,-0.0031018946,0.17265902,0.6600701,-0.006084026,0.051503267,-0.0020258992,0.120972216,0.29112038,-0.0012180604,-0.00691512,0.06685777,0.04969398,0.4814628,0.083081,0.020247001,0.0026389044,0.09274896,0.12759706,0.10033008,-0.0053657237,-0.01015407,0.097280055,-0.0033298803,0.009944364,-0.008969671,0.20049313,-0.0040756543,0.117489144,0.35184002,0.15665606,0.1600859,-0.006587058,0.10383531,-0.0053673023,0.29098305,0.29400888,0.2916893,0.11688736
TCGA-CS-5395,0.21941665,0.43571174,-2.8786808e-05,0.6171715,0.25596648,0.6646714,0.090226226,0.12700363,-0.0052981516,0.114436686,0.2960575,0.26409107,0.396357,0.016765371,0.009554035,0.1060692,0.0980932,0.04573298,0.27335277,0.345039,-0.002247157,0.22392656,0.23989443,0.10590049,-0.008755939,0.044113252,-0.0063505084,0.18695876,0.33156893,0.055706978,0.08227059,0.07440663,0.19387603,0.26422662,-0.0015244618,-0.0046632634,0.08723757,0.018412836,0.49461034,0.1645355,0.101246715,-0.0010883383,-0.0027428162,0.046523757,0.07835896,-0.0052338853,-0.007271187,0.25503197,0.041601654,0.09799554,-0.00916252,0.27469835,-0.00973397,0.020689424,0.35813403,0.060522817,0.1511844,-0.0036262006,0.08342825,-0.002638898,0.35213488,0.23989454,0.29262507,0.15839918
TCGA-CS-5396,0.07039514,0.3227749,-0.0010210801,0.55531687,0.1286214,0.5160492,0.04968719,0.070654266,-0.0019007139,0.058036033,0.21789902,0.24424478,0.36211324,0.1285219,-0.002256299,-0.0032425374,-0.0022135568,-0.0013143384,0.18307737,0.08720842,-0.0023603358,0.20014158,0.2875358,0.11748868,-0.00747426,0.10646565,-0.0021672633,0.17487936,0.4746578,-0.002648385,0.15703283,0.09881322,0.024695843,0.20277828,0.00075796247,-0.00076249766,0.078516774,0.0410998,0.4554676,0.11450504,0.00458258,-0.0003965851,-0.0047412068,0.09107509,0.030302878,-0.0041559595,-0.004625143,0.14105403,-0.007623035,0.037170842,-0.009369671,0.23685187,-0.006307368,0.14767991,0.370788,-0.0032815912,0.13892645,-0.0018857442,0.08330037,-0.0047050426,0.26433533,0.15038335,0.18839973,0.06251946
TCGA-CS-5397,0.14431635,0.59624016,0.08909392,1.152536,0.23738725,0.98216116,0.124824144,0.21208821,0.11302268,0.5247836,0.41371524,0.15557605,0.3444813,-0.007579215,-0.013785036,0.12731242,0.3351119,0.07355541,0.52617955,0.23458168,-0.010658977,0.36860913,0.32592422,0.09300836,-0.01468342,0.13195468,-0.0011946139,0.14495493,-0.0071331523,0.46467972,0.1004619,0.13740143,0.41175318,0.09812224,0.120913036,-0.015190742,0.1734088,0.025076441,0.67660344,0.10465817,0.2754507,0.09813145,0.46118012,-0.006707462,0.021718778,-0.024686841,-0.008952001,0.12768354,-0.009496194,0.13125756,-0.01472343,0.54192734,-0.004566902,0.11650006,0.111073285,0.5907535,0.016681673,0.2328748,0.29636678,-0.0019964108,0.83490634,0.23277357,0.16806203,0.39041704
TCGA-CS-6186,0.18255605,0.48860544,0.12749222,0.6648191,0.25409427,0.8647547,0.059766725,0.26141775,0.010905869,0.03693113,0.29654428,0.11489796,0.39589524,0.033849403,0.027520742,0.015637845,0.1776771,0.14259231,0.36972824,0.24093693,-0.0026414876,0.24134953,0.19108434,0.07162161,-0.021227619,0.054524247,-0.0098828105,0.19566475,0.18089008,0.2955497,0.15779845,0.14517212,0.06689674,0.11305663,0.0029198304,-0.001401221,0.07231937,-0.019973045,0.57304156,0.27735913,0.018997055,0.17549188,0.30112854,-0.011846143,0.0243687,-0.012892357,-0.009541372,0.11729543,-0.02183198,0.04375691,-0.0153438775,0.25469634,-0.0053932685,-0.010637498,0.3654555,0.3798108,-0.00043614788,-0.0014172923,0.19978556,-0.01647749,0.50523686,0.30899704,0.26522714,0.12623031
TCGA-CS-6188,0.11552501,0.468231,0.052815992,1.0195724,0.064536564,0.80474246,0.11308812,0.2542612,0.08006201,0.50276,0.38206756,0.15839621,0.32235688,0.03265261,-0.013372466,0.19349429,0.2517636,0.11340307,0.54451454,0.058152728,-0.0065942653,0.2877399,0.18737984,-0.0025528164,-0.0028445092,0.11828864,-0.00498767,0.28264457,-0.008663119,0.58337986,0.11906399,0.2244215,0.31634483,0.15976822,0.23600432,-0.017975902,0.15074742,0.06599619,0.58836055,0.140599,0.13075244,-0.0002723381,0.26501828,0.009045258,0.12789932,-0.013045606,-0.021964226,0.036353167,-0.012009728,0.020609625,-0.014467388,0.5187731,-0.009418119,0.24927744,0.104694456,0.5061983,0.069342025,0.096258655,0.40573573,-0.006816407,0.84981143,0.29463664,0.19102225,0.42922074
TCGA-CS-6290,0.14456117,0.52400684,0.051629517,0.8608633,0.13340947,0.65835714,0.0722011,0.24802263,0.11007724,0.41386122,0.35758787,0.025343016,0.39790177,0.19528383,0.04153349,0.08133138,0.142198,0.11460236,0.34386048,0.34347337,0.06467912,0.270055,0.09771989,0.16596392,-0.014689073,0.101675585,-0.016642839,0.4120723,-0.011345792,0.25965807,0.044386674,0.02037599,0.056143567,0.27082655,-0.00052586425,-0.0084793,0.1716435,0.049943298,0.54200786,0.17449376,0.058333594,-0.004626961,0.20982325,0.07076297,0.039394096,-0.001708826,-0.011681199,0.06548047,-0.002862762,-0.0045917514,-0.013925403,0.3227469,-0.012283826,0.016815636,0.28579462,0.16614169,0.12437724,0.034483027,0.2260417,-0.0075961263,0.60054976,0.32144713,0.41318914,0.23560695
TCGA-CS-6665,0.12280436,0.7036507,0.096818656,1.5344039,-0.0026222721,0.9814303,0.1625334,0.27159572,0.065263234,0.9303899,0.5275357,-0.0137926815,0.516712,-0.0012559291,0.21125859,0.57605726,0.19246078,0.13244815,0.8251657,0.22624163,-0.02376057,0.6318893,0.9364187,0.27818146,-0.0006300476,0.016013775,-0.023161365,0.36096442,0.43396103,0.49101594,0.19528045,-0.0022291169,0.35978904,0.47628564,-0.015415392,-0.03174569,0.2350238,-0.006107572,1.0379934,0.10931297,0.29681906,0.085851,0.28333503,-0.0046201977,0.11548984,-0.01262731,-0.021756366,0.3161516,-0.016055204,0.010467537,-0.01164779,0.6758963,0.055128757,0.34115267,0.18141429,0.6720172,0.13775688,0.28409484,0.4603536,-0.0070542837,1.1870077,0.31221244,0.21303828,0.30444866
TCGA-CS-6666,0.099873096,0.49443603,-0.00055337325,0.80119646,0.13600348,0.8273345,0.077178165,0.2393405,0.085467376,0.13789143,0.31044665,0.17507707,0.43461472,0.09933984,0.044161975,-0.001317759,0.14581588,0.07825746,0.35471585,0.30756536,-0.00028482042,0.27401376,0.3625903,0.1430664,-0.0025032181,0.102782704,-0.004203941,0.15651879,0.27022195,0.22357215,0.22483645,-0.0020110444,0.16761807,0.22469759,0.013200503,-0.005883198,0.13629502,0.010209471,0.65620273,0.18936574,0.14875543,-0.0070600766,0.18836036,-0.0027218095,0.07191602,-0.014809367,-0.012781324,0.054491002,-0.008601226,0.010288484,-0.006400414,0.3341218,-0.00462514,0.16605331,0.3299549,0.21963984,0.09932189,0.100209415,0.27292734,-0.014076826,0.5513316,0.28595126,0.1938298,0.040593475
TCGA-CS-6667,0.123341516,0.58199847,0.08155058,0.9705145,0.090555154,0.9432276,0.037079856,0.32903433,0.06594727,0.2330925,0.40324157,0.085827544,0.529282,0.087379694,0.05782501,0.043729015,0.08735069,0.13538231,0.42247593,0.30240092,-0.008676245,0.34373766,0.32771158,0.16440396,-0.0034192558,0.10419946,-0.012229263,0.17119692,0.33684435,0.22772487,0.21397991,0.0335584,0.19736046,0.28091243,-0.0036483444,0.008951116,0.12180532,0.0011470616,0.754362,0.22496107,0.114901334,0.0063717775,0.24228144,-0.005760651,-0.00057993457,-0.010870825,-0.007930507,0.017973468,-0.017118767,0.0076576695,-0.007953169,0.33956283,0.022188853,0.23221603,0.33231676,0.4146555,0.067939706,0.11822839,0.27653354,-0.006445683,0.6676458,0.22299126,0.15245676,0.12704174
TCGA-CS-6668,0.075665385,0.361177,-0.0014838204,0.49333692,0.06457615,0.5375874,0.03495612,0.14459772,-0.0026269273,0.013609834,0.25207847,0.0772443,0.34815067,0.24931136,0.014208169,0.0039925575,0.08631434,0.07967469,0.22059633,0.21298651,0.007055871,0.18932344,0.2073484,0.16242944,-0.009809889,0.11749504,-0.008266625,0.1413613,0.23613068,0.15332364,0.1665011,0.01802266,-0.0020056039,0.13958092,-0.003844314,0.08277103,0.030631224,-0.0037156732,0.43056703,0.23331365,0.02681877,-0.0009923604,0.051155873,0.080152184,0.101705134,-0.005698174,-0.0037864894,0.012651522,-0.009672564,0.0118363425,-0.009262676,0.18948707,-0.0069743367,0.007118091,0.45521513,0.056119554,0.06770912,0.033226486,0.1364679,-0.0037781347,0.3185857,0.20099209,0.1357967,-0.0051592328
TCGA-CS-6669,0.05732816,0.46993718,0.22771627,1.3685611,-0.0006988898,1.2878108,0.4002092,0.27977073,0.2044408,0.22161928,0.40786055,0.14478636,0.28867018,0.019917905,0.042824328,0.2468864,0.012350964,0.23848093,0.6819252,0.32093808,-0.026616687,0.31758136,0.9050974,0.22303632,-0.0060138316,0.14971438,-0.012192868,-0.006748572,0.42189163,0.35598484,0.1323732,-0.004833996,0.581424,0.045090806,0.19023284,-0.0229573,0.30473858,-0.01684983,0.760813,0.022225305,0.27679452,0.5021778,0.730502,0.019895412,0.09332951,-0.032236394,-0.010398959,-0.017164884,-0.00721305,0.09698028,-0.007013938,0.35561243,0.16691703,0.23001872,0.08539899,0.9670998,-0.004503328,0.059421454,0.120986,-0.017845511,1.0302714,0.47303116,0.424124,0.4102866
TCGA-CS-6670,0.09279883,0.3861534,0.031682994,0.6676593,0.027792221,0.6871592,0.09092259,0.18181933,-0.0016324271,0.020238977,0.28692544,0.09576583,0.3506958,0.13388002,0.018874213,0.07555052,0.04318052,0.033456903,0.30054584,0.20585842,-0.001366533,0.22451301,0.349989,0.1368191,-0.00500602,0.1107955,-0.01096676,0.0762153,0.40843904,0.12018089,0.07174492,0.05157408,0.1079893,0.18364589,-0.00097387953,-0.0019516647,0.06295839,-0.0052657253,0.47291127,0.17741662,0.06772959,0.019419808,0.1773907,0.11730844,0.09064866,-0.0074827196,-0.0016977292,0.0012849234,-0.0054018926,0.03930501,-0.008787826,0.19206345,-0.0024506059,0.035376213,0.39652225,0.21609792,0.070675105,-0.0025138005,0.11431669,-0.008846662,0.40098238,0.24167667,0.21269993,0.09143494
TCGA-DB-5270,0.13454065,0.39693004,-0.00014490746,0.5920591,0.13632998,0.56916237,0.07934798,0.08825025,0.022273272,0.014424875,0.23537156,0.22476014,0.3346812,0.13816246,-0.0066604726,-0.001059669,0.025651619,-0.0027674807,0.1766214,0.18065894,-0.0013588499,0.23581441,0.26518813,0.14592248,-0.0076902895,0.16348599,0.0006384142,0.16693324,0.5728028,-0.007697566,0.02730165,0.05191497,0.07789461,0.15987538,-0.0010084577,-0.004809552,0.08147188,0.054704197,0.39149705,0.09208204,-0.0010376662,0.015207641,0.058547832,0.07254868,0.046162523,-0.0054320293,-0.0032015243,0.062593505,-0.0035644893,0.03433586,-0.010289448,0.16086194,-0.013514148,0.093000114,0.3142778,0.09321236,0.14219816,-0.0036969506,0.08089333,-0.0018151309,0.26800752,0.23085248,0.37751958,0.13409445
TCGA-DB-5273,0.09091337,0.36330009,-0.0030911379,0.49417967,0.07485779,0.4407042,0.04410609,0.0599665,-0.0048830207,0.06451449,0.17747357,0.21672776,0.35501152,0.15756786,-0.005729883,-0.0040420704,-0.0009137628,0.037005518,0.11839751,0.1660816,-0.0028608658,0.1968043,0.18838997,0.083864614,-0.00829101,0.11710045,-0.00041498095,0.20103623,0.508617,-0.005160901,-0.0021418394,0.054863993,0.00058663636,0.23244789,-0.0026250065,-0.00309767,0.048421837,0.0528545,0.4018393,0.12492858,-0.0011017347,0.03302801,-0.002604544,0.15561157,0.04942729,-0.004908686,-0.006860995,0.19444779,-0.0021217514,0.02215454,-0.011562267,0.16678368,-0.011909825,0.032192122,0.3447356,0.007825129,0.16157468,-0.00995446,0.069864914,-0.004686886,0.14075573,0.18864913,0.29956263,0.099144906
TCGA-DB-5274,0.0904924,0.35241577,0.031936217,0.50405586,0.07429888,0.49502194,-0.0010309307,0.080880545,-0.0102364635,-0.0030089417,0.18898016,0.13810888,0.3838557,0.10967377,-0.0008592495,-0.0027494775,-0.00072248233,0.013898861,0.16175508,0.15115061,-7.50117e-05,0.25416392,0.18469794,0.1415276,-0.0040596835,0.13577512,-0.005168296,0.16814418,0.54012173,-0.011423771,0.048404608,0.04711782,0.051601708,0.24172059,-0.0010477946,-0.00049378205,0.03160216,0.0019612387,0.45239076,0.10554104,0.031916153,-0.005543537,-0.008802584,0.12561297,0.053643927,-0.00044385716,-0.008624712,0.12900151,-0.006548475,0.00053628534,-0.010158792,0.13120449,-0.01053365,0.0289892,0.41253838,0.02345457,0.16609727,-0.005626353,0.05873347,-0.0055476697,0.19106327,0.15005437,0.23680487,0.08040928
TCGA-DB-5275,0.08567093,0.35683256,-0.00398511,0.49868977,0.10086187,0.45727652,0.024331763,0.09145335,-0.00066885876,0.05272822,0.23048323,0.16564408,0.34854853,0.18065444,-0.0034252931,0.0017941184,-0.00071851583,-0.0030629092,0.14023978,0.21004228,0.008967571,0.1876416,0.14580856,0.15999255,-0.009795225,0.11294736,-0.0025349704,0.1675671,0.5543825,-0.003542158,-0.0021964724,0.048199013,-0.0014354304,0.21711898,-0.0014285796,-0.00039768592,0.045239255,0.06734943,0.3302085,0.14131403,-0.0065140724,-0.0035686379,-0.0043875566,0.10132467,0.04494828,-0.003295742,-0.0065787355,0.10485576,-0.0033457149,0.013267316,-0.0071056755,0.16168557,-0.008950236,0.095355704,0.33471075,-0.002729334,0.16987689,-0.0056300308,0.118555024,-0.003310648,0.14794268,0.18664807,0.34598055,0.050973967
TCGA-DB-5276,0.05237222,0.47038114,0.059196535,0.7934998,0.11916435,0.7632828,0.0790398,0.19800174,0.07390929,0.1352822,0.26223624,0.30572122,0.4477203,0.10698564,-0.0020000858,-0.010539461,0.02848823,0.094158486,0.28644356,0.29662836,-0.0021183633,0.2518557,0.30878162,0.048651375,-0.004509806,0.14167334,0.016567744,0.20443574,0.5368049,0.023691492,0.06106141,0.07141058,0.1299303,0.22220165,-0.0075851926,-0.0015404284,0.098855905,0.013160139,0.58872914,0.10401355,0.014603537,0.061042223,0.1594826,0.092404105,-0.00031216256,-0.005250206,-0.0148589285,0.1382503,-0.00594366,0.051780462,-0.01289318,0.28353584,-0.009604623,0.103645556,0.20849472,0.22377083,0.10588837,-0.0027501385,0.11308731,-0.0044156085,0.3316576,0.2567826,0.39912602,0.23605366
TCGA-DB-5277,0.18900135,0.47358325,0.035707284,0.8684733,0.117643386,0.71023595,0.049214855,0.20972133,0.014944635,0.15064433,0.30429026,0.28176916,0.38989228,0.15734749,0.031372193,0.00026175752,0.045048222,0.015009813,0.2861285,0.16875644,-0.0016124527,0.26621324,0.49795198,0.22798952,-0.007954808,0.10818383,-0.006270492,-0.0009389017,0.7579589,0.018199068,0.0061227493,-0.0018832692,0.16686183,0.27618378,-0.009585938,-0.02150414,0.04462599,-0.0042643757,0.5299813,0.15019211,0.0028738417,0.012968436,0.169325,0.14657533,0.07366626,-0.0013139863,-0.0106295105,0.22344851,-0.009510233,-0.003142935,-0.0028361243,0.3234911,-0.00094605796,0.25641045,0.30392992,0.19576076,0.2054753,-0.004373575,0.18114844,-0.008576802,0.32487634,0.26719496,0.39659515,0.15536186
TCGA-DB-5278,0.085711524,0.3572604,-0.0015302546,0.51651883,0.041185386,0.51734316,0.04428158,0.049445033,-0.0045838747,-0.0011543174,0.20318645,0.117534444,0.3711633,0.10498029,-0.0029915532,0.036346324,-0.0010809348,-0.0023318776,0.14345473,0.16201109,0.008447282,0.197961,0.13519478,0.12374662,-0.0070984536,0.15071781,-0.0071581365,0.19629326,0.4359133,0.041461647,-0.0025575552,0.08938421,0.022726037,0.19999385,0.012504131,0.007845305,0.034637656,0.02432622,0.43022022,0.1487546,0.026019271,-0.00017527565,-0.0020995287,0.12788318,0.077201106,-4.9877166e-05,-0.006594695,0.044054244,-0.006333284,-0.0007954747,-0.006188018,0.16550618,-0.010862767,-0.0009235837,0.44341132,0.0094328225,0.1240717,-0.006021729,0.10022946,-0.009484096,0.27750456,0.16077048,0.21408309,0.03798288
TCGA-DB-5279,0.124617755,0.45208344,0.0036816224,0.62221503,0.04848317,0.575348,0.053789027,0.19183746,-0.002274165,0.19424406,0.2899167,0.08615214,0.33805096,0.17956385,0.018911082,0.112063415,0.02078192,-0.001663058,0.32419026,0.19862539,0.0055583715,0.1843525,0.16780303,0.08987222,-0.0045751426,0.04365231,-0.010345712,0.30778942,0.24432823,0.15643209,0.13238715,0.096937805,0.018071584,0.2088995,0.007816516,-0.0038617724,0.057222128,0.031139858,0.479804,0.113652,0.057960574,-0.005533236,0.00650244,0.10952148,0.06417104,-0.0020633189,-0.011100429,0.16009182,-0.0033438725,0.001656428,-0.0105200065,0.28262845,-0.01035047,0.041502766,0.40425625,0.045177415,0.038503096,0.017678458,0.17456177,-0.010076342,0.39386708,0.22348017,0.24232753,0.07014008
TCGA-DB-5280,0.14735995,0.54426724,0.021033201,0.8879576,0.17611107,1.0068593,-0.00081335794,0.252403,0.05239565,0.10489787,0.31114703,0.21929571,0.40967637,0.016860329,-0.00222625,-0.00522578,0.037837885,0.0017179213,0.2292547,0.30921674,-0.012187621,0.36510593,0.4187714,0.15153018,-0.0037262961,0.15377131,-0.01070981,0.11632271,1.0681952,-0.013858541,0.05410977,-0.011956564,0.14785293,0.31038842,-0.0057202964,-0.005835568,0.12527007,0.01660832,0.60028934,0.053093884,-0.00060048775,-0.0010828342,0.0509661,-0.019018967,-0.00030969232,-0.008676434,-0.01880979,0.18504195,-0.018722614,0.01754462,-0.007827184,0.27786288,-0.01956379,0.07227728,0.35610208,0.32605428,0.1904619,-0.008983876,0.2001327,-0.012146859,0.38472393,0.29406568,0.37322024,0.10793778
TCGA-DB-5281,0.116461426,0.56265515,-0.00019393154,0.8413584,0.10636985,0.97097504,0.006667778,0.18544719,0.09389085,0.01711819,0.36502284,0.2480236,0.40776622,0.068366565,-0.00041484841,-0.01466393,0.1181589,-0.00878142,0.23948231,0.3103405,-0.0072470317,0.3474264,0.3136164,0.1600289,-0.006485528,0.19495781,0.053607777,0.15631042,1.0015773,-0.015327399,0.1671436,-0.0049303803,0.23246777,0.23950627,0.008277655,-0.0029971735,0.14749411,-0.0050304667,0.60182774,0.22303227,0.05326819,0.0464564,0.1900108,-0.0067940126,-0.0017010712,-0.008295464,-0.011011367,0.137022,-0.015158606,0.02772984,-0.013333741,0.32426947,-0.01363045,0.10216106,0.36559886,0.29517102,0.24870859,-0.005284977,0.10058814,-0.008639707,0.38526097,0.21767794,0.39083695,0.12760243
TCGA-DB-A4X9,0.26187453,0.42390364,0.03321654,0.78198075,0.08736606,0.72430104,0.1032246,0.19399296,0.023527808,0.21484284,0.34493795,0.20022638,0.33877265,0.2859874,-0.003074088,0.099635296,0.05877909,0.082190186,0.29740137,0.33374983,-0.0007497024,0.25866786,0.21798511,0.20781101,-0.016295737,0.032576185,-0.010785341,0.09937438,0.344346,0.20279701,-0.004196694,0.09027001,0.07927711,0.28169584,-0.011807376,0.008487858,0.14300048,0.10525655,0.43945208,0.09649206,-0.0019276785,-0.0009823826,0.24850112,0.10195966,0.1166047,-0.0053424514,-0.008317366,0.09827259,-0.0031820727,0.009648189,-0.0049949503,0.20437023,-0.015546708,-0.0072744684,0.327381,0.13764831,0.115709886,0.010275681,0.16935089,-0.005435034,0.28418604,0.26930407,0.45433903,0.12369692
TCGA-DB-A4XA,0.13414422,0.37095007,-0.0032537363,0.5455021,0.11581547,0.50781184,0.07973938,0.0995192,0.0043568388,0.021051701,0.22259226,0.193746,0.33099872,0.17710702,-0.0020275388,-0.003222972,0.0010459078,0.022113506,0.23791252,0.21294329,0.034451142,0.20928422,0.19342057,0.1278125,-0.008416745,0.13627979,-0.0028635857,0.22169505,0.4456123,-0.003111264,0.031546798,0.08397708,0.03355585,0.20063001,-0.0014828913,-0.00044027195,0.09232489,0.050568126,0.42315134,0.12704533,0.015657045,0.020180989,0.04055085,0.115729496,0.045195363,-0.00513214,-0.006573266,0.07624048,-0.0046381634,0.010378018,-0.010876685,0.19286765,-0.009414407,0.048327204,0.35938632,-0.0008863464,0.13942309,0.0026429258,0.08878347,-0.005111204,0.23259732,0.17066477,0.3112393,0.10219015
TCGA-DB-A4XB,0.14244717,0.39893848,-0.0012880575,0.58753693,0.11312227,0.54913515,0.050947174,0.063349694,-0.0010240928,0.05227271,0.16836613,0.3134802,0.33886743,0.13769513,-0.0037633367,0.0062228516,0.0002645431,0.009041842,0.19500731,0.19073765,-0.002579603,0.240144,0.24349944,0.11254644,-0.0024760147,0.14003177,-0.0006643679,0.18093675,0.5788125,-0.0048031122,-0.00067461206,0.054591853,0.06485233,0.22775665,-0.0006786622,-0.003031654,0.061434485,0.029199578,0.4362049,0.08894475,0.007082876,0.028664637,0.046939783,0.17567633,0.041136205,-0.00808317,-0.009041572,0.15216601,-0.0037807699,0.033190407,-0.009812678,0.23305303,-0.008348499,-0.003353053,0.36530855,0.06330777,0.18684955,-0.0038583823,0.10314054,-0.0074723116,0.17593487,0.20302422,0.36341104,0.11534414
TCGA-DB-A4XC,0.22047526,0.54061604,-0.0039243666,0.7646774,0.23398936,0.6163658,0.09900778,0.19581765,0.024469063,0.2524187,0.23524043,0.12659606,0.4173972,0.2057252,-0.006186959,-0.0012373676,0.017093014,0.09304097,0.32480812,0.29947436,-0.0031217814,0.26411673,0.3710792,0.0908021,-0.008435652,0.23019238,-0.0064834966,0.25927582,0.6706668,-0.005778113,-0.006966104,0.029919688,0.10585305,0.27405548,-0.0021128282,-0.003444931,0.135403,0.06517016,0.5243506,0.11134946,0.019927382,0.05842892,0.074416004,0.066697575,-0.0025601175,-0.011283775,-0.012818043,0.06734194,-0.006978364,0.04198011,-0.014750371,0.20368038,0.025841746,0.2612559,0.3039061,0.10986482,0.19192876,0.012099031,0.17556942,0.031700514,0.32667834,0.24712256,0.45397905,0.112625495
TCGA-DB-A4XD,0.13652498,0.33819985,-0.004571842,0.5262516,0.07130519,0.48485082,0.0937622,0.094156556,-0.0012625896,0.027167942,0.21822318,0.18666494,0.34678888,0.20982875,-0.0023578238,-0.0064028352,-8.229157e-05,-0.0018999564,0.16556771,0.19930136,0.01194448,0.20349209,0.17702287,0.106362864,-0.013688656,0.101089805,-0.0035828394,0.13200681,0.4449206,0.022366257,0.0042718723,0.056022346,0.023387581,0.21623296,-0.0068429406,-0.00016475246,0.02995258,0.043883957,0.36955282,0.15339811,-0.0045835758,0.029714491,0.049346738,0.1369116,0.09312099,-0.0046945685,-0.008694622,0.11476807,-0.0023458886,-0.00053201505,-0.007762802,0.17739499,-0.009919057,0.005898414,0.36145905,-0.004088269,0.12163994,-0.0042027794,0.073360294,-0.003718833,0.17530528,0.192287,0.33278826,0.051922888
TCGA-DB-A4XE,0.12076609,0.33835942,-0.0041772774,0.58006227,0.120372295,0.49433708,0.07116959,0.05618096,-0.0008242563,0.07206209,0.20147446,0.20780021,0.3154347,0.17546648,-0.0028041608,-0.0025057874,0.024616264,0.014767118,0.15961258,0.17294942,0.013551503,0.21845599,0.24460013,0.13780762,-0.016230676,0.12103041,-0.0030705635,0.1423679,0.43060824,0.016272748,0.014048409,0.05422356,0.019699052,0.22285855,-0.0049541495,-0.0022792749,0.020457577,0.03726116,0.38608548,0.12397063,-0.0013022997,0.051962703,0.11555808,0.14957973,0.06443481,-0.0070513,-0.007010117,0.099008486,-0.006786324,-0.0016431727,-0.010833301,0.20431094,-0.006103059,0.05698814,0.3767397,-0.0008207314,0.14448904,0.004486542,0.066726975,-0.00393172,0.19242544,0.217909,0.33896512,0.07648101
TCGA-DB-A4XF,0.081741154,0.31511703,-0.0036357853,0.4941253,0.0755609,0.46344668,0.044988148,0.10145305,-0.004530528,0.019978035,0.24271503,0.20242244,0.3218292,0.16595876,-0.0044638347,-0.0025298514,0.05890625,-0.00030734838,0.17910388,0.14054874,0.017699625,0.20739928,0.18170637,0.06145453,-0.013726487,0.1174896,-0.0022737074,0.1723301,0.46800926,-0.00083847623,0.049175728,0.046353105,0.041554473,0.17925967,-0.0019922876,0.014889289,0.024504561,0.007562414,0.3623087,0.1215259,-0.0050555067,0.029476505,0.04798758,0.0901922,0.09472347,-0.0061116884,-0.0069950777,0.07559851,-0.0015895482,-0.0035516329,-0.012047291,0.1758602,-0.010729286,0.058229182,0.30863208,0.03070701,0.1332886,-0.0022328352,0.06995132,-0.0011337318,0.200597,0.16726218,0.3084252,0.10544348
TCGA-DB-A4XG,0.089000836,0.2877667,-0.005582356,0.44489038,0.051564455,0.4432915,0.063495934,0.032705978,-0.0064949663,-0.0031201378,0.15343556,0.13038865,0.31223178,0.17937337,-0.0021528688,-0.004208633,-0.00069380517,-0.0017243883,0.14912945,0.1424405,0.0016410016,0.19738196,0.1544265,0.13237171,-0.011998104,0.11096719,-0.0031402912,0.15996446,0.45145625,-0.0029194425,0.0378636,0.02313912,-0.0016379915,0.19610599,0.0038729832,0.013113074,-0.0006747421,0.0033793226,0.3723449,0.13395123,-0.003636437,0.017118128,-0.0022105535,0.1497892,0.07220443,-0.005249603,-0.0071743773,0.06937732,-0.0017666307,-0.004631849,-0.011589653,0.14982009,-0.00637285,0.020065494,0.41685304,-0.003409084,0.15399374,-0.0029852514,0.059383187,-0.005024098,0.16936268,0.14175129,0.26338744,0.016145889
TCGA-DB-A4XH,0.17353965,0.34319818,-0.0005239163,0.6494459,0.08979553,0.6315212,0.06927103,0.14695594,-0.004662982,0.0027360655,0.2380766,0.14001945,0.39492697,0.19828586,-0.0020087888,0.009812981,0.0063664177,0.06803274,0.19770384,0.20389634,-0.0027331605,0.22600792,0.33690208,0.11078,-0.011697062,0.13649744,-0.003284451,0.1643851,0.5160275,-0.002788794,0.052673224,0.033664517,0.07742685,0.2202574,-0.0003641166,0.010379352,0.030882318,0.005325645,0.4858144,0.10456037,0.030473653,0.053634424,0.118719436,0.08464552,0.097066,-0.008612751,-0.0075495862,-0.00016309507,-0.005793522,-0.0031053354,-0.011518982,0.18209057,-0.0044095097,0.08917628,0.39502987,0.0988219,0.11251826,-0.0009424958,0.08058417,-0.00064002274,0.29459405,0.22020526,0.32154563,0.1001973
TCGA-DB-A64L,0.12816413,0.38570324,0.033667866,0.8105638,0.052437484,0.560004,0.1179116,0.17362325,-0.004196369,0.20370154,0.29639977,0.103901796,0.34087592,0.14808874,0.066988945,-0.00022247508,-0.0021788923,-0.0014734674,0.38312653,0.1789997,-0.0029858314,0.2823782,0.45296255,0.10007726,-0.0074416087,0.08346267,-0.0020968479,0.07414436,0.46942288,-0.00030552316,0.16985331,-0.0055586933,0.15174696,0.25009757,-0.013286424,-0.0058457404,0.08928074,-0.00025874525,0.4467395,0.15197387,0.040344346,-0.0011937366,0.10681891,0.07895396,0.047461003,-0.008139363,-0.005263124,0.22657211,-0.0008607775,0.049723916,-0.007659665,0.22729763,-0.0027873379,0.22706884,0.27543816,0.1763539,0.06667376,0.0641523,0.04014066,-0.0014812484,0.3800132,0.2622577,0.30639938,0.13523185
TCGA-DB-A64O,0.3674449,0.5229692,0.0496678,0.67798537,0.35462222,0.70997447,0.08645746,0.0656645,0.13696882,0.17455216,0.3657199,0.4504231,0.4113168,0.28311935,-0.01019315,0.11468243,0.030174796,-0.008196906,0.32750824,0.26065367,0.0020280704,0.21077596,0.17040329,-0.0005444631,-0.015277061,0.028653871,-0.012992533,0.25072265,0.25257277,0.037572086,-0.0002399113,-0.0065361112,0.15882972,0.074423164,0.008194897,-0.009058899,0.16247869,0.0479678,0.43097717,0.23543635,0.047667537,0.13643357,0.15816325,-0.0074140467,0.01815186,-0.015496092,-0.012151696,0.32302266,0.06497049,0.1623143,-0.009969375,0.41478604,-0.0052146832,0.27396667,0.2295847,0.0988306,0.12327413,0.07831192,0.13271931,0.0032203496,0.43162614,0.3339713,0.6457337,0.24126019
TCGA-DB-A64P,0.094411656,0.30608797,-0.0028680412,0.50987476,0.056152083,0.48555982,0.063663095,0.06973356,-0.004451783,-0.0012334886,0.18195337,0.15601143,0.3252793,0.16600686,-0.002484578,-0.0014456386,0.027016014,-0.0006059414,0.20476696,0.18700564,0.011001438,0.20178114,0.1684363,0.121919364,-0.008316725,0.11705422,-0.0028851058,0.1766593,0.40485877,-0.00097242574,0.08299217,0.06728332,0.020013794,0.17992315,-0.0021469572,0.0034256205,0.051144045,0.01067318,0.41910243,0.13962144,-0.00023528338,0.009826161,-0.0010675648,0.122240245,0.076192036,-0.006089236,-0.0055760415,0.09923737,-0.0020978898,-0.00041674823,-0.011458612,0.19310379,-0.006436296,0.04859614,0.37510335,-0.0043124277,0.12132689,-0.0003185831,0.06804794,-0.0053043016,0.20341893,0.13726209,0.26735294,0.057130963
TCGA-DB-A64Q,0.07657352,0.30530494,-0.008544196,0.4426219,0.09998402,0.4330881,0.04883033,0.04588597,-0.004901814,-0.0036042442,0.16874808,0.1608219,0.32542956,0.16707505,-0.005931301,0.0065891705,0.005925509,-0.0010259006,0.14478016,0.16346973,0.010257639,0.17239964,0.1557443,0.15050052,-0.009501292,0.10836861,-0.0009917654,0.16016522,0.4211226,-0.0037017695,0.041780043,0.07994556,-0.002177216,0.17535025,-0.003701996,0.025841318,0.020125825,0.02184628,0.35466772,0.12857504,-0.0032598504,-0.003365114,-0.0031701475,0.162231,0.095217094,-0.0050657233,-0.00530867,0.07141203,-0.00042670593,0.021860197,-0.012209616,0.1447433,-0.008934534,0.0020809195,0.40602377,-0.0054823533,0.11556907,-0.0040065884,0.04979623,-0.0050962493,0.13418044,0.16010529,0.24487877,0.04925765
TCGA-DB-A64R,0.075404346,0.27387,-0.0045996937,0.3775974,0.06175225,0.40982285,0.062010564,0.018193427,-0.006445454,-0.005227462,0.15369424,0.13013081,0.30430886,0.14813681,-0.003473928,-0.0016880712,0.002049529,-0.0018686894,0.09835482,0.15956359,0.011423208,0.1778079,0.13206737,0.1303637,-0.010864237,0.11788613,-0.000996222,0.15438849,0.4046558,-0.0040928917,0.015594546,0.08095648,-0.001962368,0.17371784,0.0074353293,0.06236721,0.016759487,0.022152469,0.35087314,0.15196678,-0.0024941487,-0.0003294077,-0.0038895102,0.1621307,0.10638384,-0.0041093663,-0.005051163,0.057466496,-0.00092844554,-0.0008053914,-0.010489806,0.112455636,-0.007888175,-0.0026444816,0.4357651,-0.0094223535,0.11778924,-0.0063848454,0.03713081,-0.004757948,0.14347722,0.13366808,0.22620541,-0.0006686267
TCGA-DB-A64S,0.053832773,0.33396983,-0.006413601,0.46529424,0.07654528,0.48121285,0.078852236,0.04256998,-0.0027448896,-0.0013774816,0.21390897,0.1720585,0.34399986,0.13287196,-0.006473326,-0.0023051098,-2.4200417e-05,-0.0041618524,0.16125908,0.1824175,0.04029703,0.20463507,0.11979976,0.1158023,-0.010568594,0.11450383,-0.0009786614,0.2059222,0.48537165,-0.0034702108,0.003128752,0.08455374,0.024973333,0.23825145,-0.004327682,-0.0014404379,0.028874632,0.029836558,0.37352833,0.13573492,-0.0060615167,-0.00052320474,0.035344914,0.16926661,0.07060807,-0.0031289563,-0.0050325682,0.10348381,0.023237996,0.018579617,-0.012151222,0.20168494,-0.012469756,0.05316025,0.37113938,-0.008960224,0.16685611,-0.0083904555,0.011423618,-0.004774568,0.14663689,0.18879567,0.32878336,0.06288397
TCGA-DB-A64U,0.1169104,0.33844286,-0.0012764138,0.52161986,0.10699722,0.47981918,0.08071138,0.07950894,-0.0037976273,0.013593756,0.21263707,0.13866885,0.36389983,0.1517672,-0.00049982005,-0.0015341006,0.011201042,0.042202745,0.19354144,0.15213127,0.022238925,0.20807022,0.20703326,0.12253414,-0.007310143,0.113169506,-0.0049579046,0.1812953,0.38730726,-0.0061453157,-0.0011296101,0.07318484,0.022825845,0.20014165,-0.00039584562,0.0034025162,0.059043996,0.026416779,0.39518175,0.08791679,0.020086154,-7.459279e-05,-0.0014310563,0.13442534,0.1021549,-0.0019636664,-0.009991981,0.044532504,-0.0030143296,0.00062983483,-0.008133366,0.11887197,-0.00981146,0.050445158,0.40024307,0.0022849813,0.13612555,-0.0026456956,0.069987446,-0.0063836984,0.21296348,0.19724432,0.29234254,0.0457459
TCGA-DB-A64V,0.025448296,0.38883054,-0.0028018523,0.63400877,0.110836565,0.57797205,0.08676643,0.11539824,-0.00017585084,0.08775325,0.22656116,0.20878631,0.36841756,0.17519832,-0.0068026455,-0.0010862391,0.0336958,0.02377396,0.26189783,0.16264637,-0.00048607215,0.20681305,0.19341703,0.09115228,-0.00767103,0.118217416,-0.0047349883,0.27921805,0.38687265,0.04391235,0.054741535,0.09304237,0.044294566,0.22278997,0.0011289269,-0.0020309829,0.03122011,0.03327647,0.46514663,0.10899081,-0.0003243465,0.018311124,0.065641955,0.097192824,0.018393226,-0.004251094,-0.007814996,0.0581641,-0.001832188,0.049719706,-0.0106724845,0.25410426,-0.009294513,0.0979684,0.3544955,0.06051176,0.14567709,-0.003963513,0.112700626,-0.004926982,0.28839993,0.21282311,0.33769777,0.10857169
TCGA-DB-A64W,0.12835166,0.3981772,-0.00020261259,0.5917289,0.07499422,0.50758,0.07983343,0.08459802,-0.0057094623,0.034591395,0.21769896,0.21159574,0.3815772,0.14393376,-0.0025546055,0.005739253,-0.0019960024,0.016611267,0.21132636,0.19750208,0.005908355,0.22224726,0.29627264,0.18651536,-0.0061124447,0.10733552,-0.002684043,0.0826466,0.47920376,0.035676517,0.038364347,0.11099265,0.045545608,0.21662828,-0.0041019223,-0.0014860847,0.03389705,0.008190349,0.42527583,0.14622611,0.009221058,0.042210646,0.024624148,0.17525956,0.098464675,-0.0038188621,-0.0071254554,0.16504993,-0.0054501016,0.059461944,-0.010740775,0.19954862,-0.004678189,0.13690281,0.3426185,0.02328258,0.15586239,-0.0024750296,0.058984995,-0.0026424967,0.21002431,0.19916426,0.27107805,0.07706543
TCGA-DB-A64X,0.0833984,0.30331627,-0.004951792,0.4399191,0.06375925,0.42066208,0.06883008,0.089599915,-0.00090477057,0.003595326,0.224902,0.18516916,0.38805783,0.18028608,-0.0036073667,-0.0024756826,-0.0019777813,-0.0056911055,0.11198046,0.20164824,-0.0006974325,0.18118776,0.08559434,0.099050775,-0.008470836,0.08292802,-0.0011455063,0.17018244,0.4762556,0.0044282246,-0.000649512,0.06579097,-0.0001732178,0.16159764,-0.0056269593,0.039987415,0.0032048635,0.030436642,0.3350946,0.16423982,-0.0039204354,0.010985112,-0.0015739435,0.09484946,0.08386314,-0.0040101074,-0.006247108,0.12188043,-0.0020524021,0.027526237,-0.005288113,0.17588592,-0.0066976845,0.074694484,0.37479076,-0.00842817,0.124322176,-0.0034398385,0.040405586,-0.0014412411,0.11057329,0.15337566,0.3218252,-0.00038189813
TCGA-DB-A75K,0.10800888,0.34646338,-0.0018975057,0.570802,0.065778494,0.5005927,0.042521127,0.07536185,-0.006314522,0.051180694,0.18558607,0.13548198,0.31629294,0.16996484,-0.00015862426,0.0037347227,0.03898393,0.019277908,0.23670103,0.14450596,-0.0013075672,0.2452706,0.21577926,0.12601969,-0.011270127,0.098262876,-0.0037830954,0.1696653,0.35903043,0.025139349,0.09842858,0.022884384,0.041025065,0.19372424,-0.0021148256,0.006318189,0.034934103,-0.002176091,0.45691797,0.1607144,0.01961125,-0.00174287,0.017380087,0.11135922,0.069641784,-0.005330314,-0.0061451914,0.07082762,-0.0031064388,-0.0017958236,-0.01027743,0.18867475,-0.0070435302,0.03030781,0.41885272,0.044987753,0.103891894,0.03315639,0.09543055,-0.005079675,0.28539428,0.15433374,0.23773114,0.034476012
TCGA-DB-A75L,0.13479213,0.43630865,-0.00050253014,0.65014863,0.08828072,0.60598326,0.057040088,0.19602434,0.009665549,0.07609235,0.24839768,0.12328717,0.411255,0.12062839,-0.0014959407,0.02327191,0.0549893,0.062288437,0.30020055,0.19732343,0.0053227358,0.21976466,0.31184155,0.13908167,-0.005119095,0.11549559,-0.0026459005,0.1706272,0.55499977,-0.0026989204,0.05132286,0.07645841,0.11599302,0.22763216,0.0011852235,-0.0013019778,0.109433986,0.027380869,0.49071845,0.1141805,0.0749508,0.004769396,0.022128606,0.08375224,0.08733702,-0.0064750924,-0.009336539,0.07577115,-0.005044039,-0.0010568846,-0.0111362515,0.20788226,-0.005687855,0.11068136,0.32732806,0.092062764,0.13590862,-0.000119304656,0.14252183,-0.0081586065,0.33133245,0.19621119,0.29662198,0.06919273
TCGA-DB-A75O,0.07483113,0.4848219,0.030894626,0.7537741,0.13263899,0.75378585,0.0523083,0.24162592,0.08555061,0.18827532,0.31393576,0.15905651,0.31926763,0.3107048,-0.003885374,0.062824465,0.13449068,0.105674446,0.34927738,0.26313356,0.055238195,0.22686628,0.22855793,0.13675305,-0.012401648,0.14777023,-0.0072287964,0.22378732,0.17236999,0.22343549,0.10995597,-0.005151382,0.049800456,0.1495074,0.002417989,-0.0038751364,0.14469653,-0.0013873347,0.5281118,0.22185016,0.011563811,0.058390107,0.29036736,0.042717546,0.034281272,-0.010041759,-0.0045414586,-0.0008224171,-0.013868225,-0.0022992555,-0.013212633,0.28770193,-0.0087637575,-0.0004369393,0.33855322,0.345492,0.06727192,0.10414253,0.23993346,-0.009969997,0.52377635,0.24106488,0.2740274,0.15388665
TCGA-DB-A75P,0.09558821,0.5719118,0.21938097,1.2283843,0.27437833,1.1668761,0.21456206,0.30607003,0.15784231,0.24958989,0.36375725,0.37155533,0.4020902,0.13707942,-0.011278321,0.164332,0.1972805,0.21443394,0.6322568,0.20435409,-0.0022022563,0.2892879,0.63289154,0.115530536,-0.010534805,0.15938067,-0.006300786,0.23971543,0.06154286,0.33434165,0.29314223,0.05767648,0.18485978,-0.00014753081,0.16787022,-0.016092414,0.22355393,-0.0026105947,0.6577889,0.15403917,0.01921802,0.19840224,0.517549,-0.00839796,0.007393256,-0.024854524,-0.004841724,-0.0021487717,-0.009887844,0.011762045,-0.006662567,0.33733746,0.016967807,0.27468234,0.22273213,0.78484213,0.005343126,0.15062432,0.22845876,-0.0024455555,0.9470736,0.53210276,0.39656693,0.38849193
TCGA-DH-5140,0.14916888,0.48620486,0.12292947,0.9309829,0.224053,0.81745076,0.069429435,0.15879084,0.041281603,0.17631765,0.275752,0.3532101,0.46735543,0.00788036,0.06606515,-0.006873911,0.056759723,0.027905107,0.3061771,0.28842986,-5.304441e-06,0.32740235,0.69294786,0.18186592,-0.013191009,0.055172417,-0.00063358137,0.088632375,1.0745965,0.11512324,0.20596524,0.121371105,0.16341332,0.36982095,-0.0016609781,-0.0028377273,0.13099034,0.09629562,0.4728504,0.26444384,-0.0062422734,-0.003801853,-0.008773464,0.018862993,-0.008530378,-0.0048260833,-0.0075828717,0.17909966,-0.016483571,-0.0009777456,0.04002152,0.39321414,-0.0008155126,0.37791634,0.26072645,0.09961318,0.17895192,-0.007224088,0.3244331,-0.0077067944,0.2874549,0.3062875,0.14469123,0.023205675
TCGA-DH-5141,0.08079079,0.44347867,0.009646408,0.60018927,0.076798975,0.73340625,-0.0033718047,0.09953463,-0.002499127,-0.0032371182,0.2038391,0.19484958,0.3741415,0.10581675,-0.0059285904,-0.0047862427,0.0033051642,-0.0037346974,0.16520229,0.16528343,0.009216249,0.25465062,0.22204007,0.1438187,-0.0035591428,0.18721111,-0.00290798,0.1719546,0.7005626,-0.014130364,0.094914675,-0.00038370714,0.056980178,0.21521875,0.024832439,0.00038758665,0.08940307,-0.0037753843,0.49815157,0.15033731,0.016208325,0.016423684,-0.00020881165,0.022466656,-0.000750386,-0.009688742,-0.009012962,0.11510147,-0.014542482,0.010324895,-0.012750588,0.2089637,-0.008211126,0.056445543,0.42064932,0.08043235,0.17378287,-0.0031041857,0.052974895,-0.003497082,0.3061133,0.19669747,0.2406539,0.09045045
TCGA-DH-5142,0.092108816,0.3504557,-0.00513385,0.46285522,0.09778558,0.4361208,0.0058739632,0.08437452,-0.0007317223,0.08678341,0.21248019,0.14117347,0.30572292,0.18759099,-0.004319267,-0.0024007072,0.021927051,-0.00257253,0.13334748,0.186178,0.020766169,0.18577982,0.14607131,0.08682932,-0.010750447,0.13985538,-0.00050709845,0.15594965,0.51128864,-0.004376694,0.005932823,0.03058432,0.0060170516,0.1987759,-0.002917582,0.0050998405,0.05162012,0.059631236,0.33600727,0.1371932,-0.0037214968,-0.00069636217,-0.0036408007,0.12555051,0.041464042,-0.0044439896,-0.007012594,0.16546847,-0.0033810597,0.006399542,-0.00859576,0.16867949,-0.009265763,0.03373373,0.33433008,-0.0037748122,0.17139214,-0.0053473646,0.106116354,-0.005963683,0.14127137,0.15251869,0.30876353,0.07116907
TCGA-DH-5143,0.15155253,0.334823,-0.00079499854,0.5368487,0.09242154,0.50831383,0.08761773,0.09063804,-0.00031688885,0.0503599,0.23302266,0.14446232,0.30945793,0.18171586,-0.004114766,-0.0014646068,0.052257434,0.02821092,0.14897346,0.20653822,0.027181484,0.21174303,0.15009724,0.15609622,-0.011000893,0.09477104,-0.003951508,0.16717452,0.37960368,-0.0029243743,-0.0006305106,0.03720619,-0.00089292193,0.24154502,-0.0041258344,-0.0051049204,0.06543463,0.04203453,0.37475827,0.14768678,-0.0035893195,0.027248703,0.07384905,0.15979071,0.09658644,-0.0036439032,-0.0057261395,0.16866863,-0.0066306116,0.036273845,-0.01174462,0.17042542,-0.009508595,-0.00020376628,0.33786663,-0.0012510371,0.20156868,-0.006735602,0.06662814,-0.0061812527,0.20111452,0.21593484,0.32451925,0.13495274
TCGA-DH-5144,0.08740756,0.3183676,-0.0031605929,0.43325597,0.07210523,0.43771076,0.022453569,0.06142233,-0.0057651824,-0.0017872829,0.19445637,0.11474541,0.3341171,0.14442492,0.014521937,0.02002035,-0.0009924938,-0.0010559006,0.15044208,0.18889934,0.0031276792,0.17833923,0.13327546,0.12448482,-0.007585153,0.113205045,-0.0014427226,0.19317229,0.39409578,0.002650382,0.047923874,0.057700366,0.020312108,0.18570964,-0.00019357428,0.03486912,0.026458561,-0.0016432122,0.38389865,0.19869491,0.013794322,-0.0021700615,-0.0044555753,0.13642925,0.09725703,-0.0025243626,-0.006836474,0.09328765,-0.0033150432,0.008901142,-0.008271574,0.16257101,-0.0058257286,0.020805348,0.42790726,-0.0074588903,0.0995753,-0.0022732855,0.07024076,-0.0035641436,0.20761923,0.13473944,0.19089904,-0.0016087078
TCGA-DH-A669,0.10484195,0.35017934,-0.0015703362,0.6150992,0.1225566,0.54041904,0.05349327,0.0892992,-0.002444251,0.06030694,0.26519957,0.2371844,0.3739577,0.21422601,-0.0007208259,0.031897575,0.0005063275,-0.0020410668,0.2432318,0.18022513,-0.0014011808,0.22002335,0.2974465,0.14204954,-0.0071358792,0.13008724,-0.004075407,0.1443788,0.41822043,0.11134294,0.15052101,0.117152974,0.010528579,0.23755366,-0.0039303154,-0.000575944,0.039979327,-0.0006769501,0.41130728,0.1948371,0.00020145252,-0.00020313785,0.0093125645,0.09820273,0.043513082,-0.0044745943,-0.005254352,0.2164281,-0.005891106,0.025871955,-0.01201989,0.28693137,-0.0035916127,0.21690387,0.30161035,-0.0023519155,0.12684101,0.03288098,0.118080646,0.0178907,0.26302612,0.21412002,0.27699655,0.06515378
TCGA-DH-A66B,0.05360831,0.34301716,-0.0005497757,0.55385447,0.069062844,0.4781382,0.06894859,0.18092215,-0.0012211029,0.12749806,0.283239,0.19560179,0.35819912,0.21151868,-0.003498145,-4.3394044e-05,0.04165065,0.00063691847,0.21630964,0.20514561,-0.0015592858,0.19114628,0.21476169,0.069678694,-0.007911989,0.074171595,-0.00079017243,0.15944198,0.4087825,0.06776796,0.07724637,0.05403959,0.023339652,0.17260805,-0.0055031753,-0.0014341526,0.04889832,0.052312158,0.40170798,0.1429578,-0.0016175729,0.0152461715,0.041175812,0.09640047,0.06773257,-0.0056434167,-0.006416203,0.12975669,-0.0019958217,-0.0010149054,-0.008749765,0.22726744,-0.008794057,0.13498284,0.25352782,0.04372155,0.1213586,-0.00048199706,0.13298267,-0.0013520807,0.2498839,0.22639307,0.3027583,0.054890163
TCGA-DH-A66D,0.1304137,0.332846,-0.0026592638,0.494278,0.10892748,0.49838907,0.04327862,0.06683609,-0.00022564903,0.029562287,0.22792724,0.20810384,0.31629488,0.1949747,-0.0044670897,-0.0011318278,0.022617087,-0.0032142126,0.16211064,0.1814372,0.028249487,0.17940162,0.12256144,0.12847286,-0.011452674,0.0993433,-0.0017433744,0.17625919,0.39044535,0.022706704,-0.0010671712,0.073258914,-0.00022076331,0.1848852,-0.0046576075,-0.0008223198,0.07369666,0.047852673,0.3738775,0.15850508,-0.0036191929,0.005299436,0.057613574,0.14842126,0.079362825,-0.004186282,-0.008662808,0.09282088,-0.0025247063,-0.0013729122,-0.007275739,0.20886117,-0.009601782,-0.0023334294,0.36971334,-0.0024660341,0.13082407,-0.0046641487,0.090167075,-0.005327509,0.19083017,0.1659016,0.34943962,0.082095586
TCGA-DH-A66F,0.093890145,0.37048376,-9.6467884e-05,0.49200743,0.09458804,0.5140157,0.049559608,0.028235443,-0.005672416,-0.006277736,0.24282229,0.16846512,0.31804317,0.18728563,-0.010416109,0.009293474,0.09959232,-0.0029946931,0.13801077,0.23239064,0.086098224,0.11468148,0.06299515,0.10071228,-0.016488416,0.05859574,-0.0021333601,0.2012801,0.31547248,-0.00011881646,-0.00074507523,0.1584274,-0.0065266676,0.22948167,0.014796708,0.060466714,0.01577267,0.0001661703,0.3466636,0.13268468,-0.008170515,-0.010499711,-0.0055193864,0.15577736,0.13683668,-0.00041984767,-0.0041429712,0.043059785,0.043351144,0.0037641004,-0.006822835,0.084677756,-0.0094137965,0.027613021,0.40710562,-0.0019894817,0.07092816,-2.6763604e-05,0.023803867,-0.0062510706,0.16835807,0.18589352,0.36033902,0.031643137
TCGA-DH-A66G,0.028832722,0.35092977,-0.00074215047,0.61641455,0.07585342,0.57754314,0.060751937,0.09352117,0.017514147,0.12611547,0.2300846,0.22883755,0.3386811,0.16541108,-0.0037466113,-0.0012059478,0.018680982,0.01382209,0.20449111,0.18898346,-0.0027327363,0.23008636,0.2816313,0.07899828,-0.0057620774,0.095025145,-0.008245786,0.19424824,0.43705058,0.04627388,0.029711496,0.05054975,-0.0003005922,0.1773511,-0.00018211232,-0.006195822,0.08894641,0.049735114,0.4297053,0.12499513,-0.0015070791,0.07209501,0.087942794,0.14708132,0.023120474,-0.005523898,-0.0044746725,0.12344298,-0.0067282855,0.0020341426,-0.009110927,0.22742549,-0.0049846987,0.110414945,0.32911226,0.12298303,0.18109713,-0.0067591644,0.09071277,-0.002983518,0.28770155,0.22543329,0.3292563,0.13952513
TCGA-DH-A7UR,0.09621033,0.3994468,0.046340767,0.6877827,0.041180022,0.6060354,0.09498025,0.19795726,-0.004368692,0.07201971,0.24440241,0.14438,0.35835367,0.10018864,0.005159839,0.009951267,0.03744621,0.04627077,0.30772266,0.22094122,-0.009030073,0.2524968,0.31935462,0.15809675,-0.0064215767,0.10270211,-0.0038281705,0.16548756,0.40437376,0.07180071,0.2014157,0.02736175,0.1156639,0.24242938,0.025345374,-0.004342925,0.08622025,-0.0038140733,0.5306822,0.17517923,0.071938574,0.021376122,0.01516187,0.0084441155,0.014005117,-0.008469253,-0.005244659,0.05533511,-0.005381052,0.036249883,-0.007760635,0.21839908,-0.00396957,0.2110173,0.34426868,0.14327225,0.08868292,0.07076703,0.07529331,-0.007953412,0.37187684,0.20470777,0.30645826,0.014139187
TCGA-DH-A7US,0.08646816,0.38528228,-0.0026194116,0.59522796,0.06520684,0.574348,0.09556698,0.09562197,-0.0035280313,0.06311193,0.22454786,0.13112797,0.3204625,0.18804762,-0.0020597428,-0.0006703414,0.019149717,0.046854433,0.2442114,0.20448577,0.008667201,0.20668508,0.2189692,0.1621068,-0.007623618,0.093934655,-0.006999697,0.1990687,0.299026,0.07230312,0.011314694,0.062268604,0.045247868,0.20344895,0.011943635,-0.00045382307,0.07071169,0.051328212,0.45310506,0.17993116,0.017227024,0.014987402,0.07739915,0.11111053,0.08925429,-0.0078106746,-0.0064635635,0.02376962,-0.0028907836,0.02752588,-0.010438344,0.21910623,-0.008978943,0.054550845,0.39641675,0.030323088,0.10623015,0.021032136,0.11137397,-0.0056484723,0.30027053,0.19890723,0.23075826,0.0295261
TCGA-DH-A7UT,0.06684227,0.3785916,0.05014408,0.65258586,0.12203002,0.59938496,0.03313776,0.18775755,0.024794921,0.10986352,0.23338565,0.1269297,0.31417358,0.19548488,0.044187527,-0.001120761,0.08104976,0.059739295,0.2965147,0.24082851,0.002641812,0.21322748,0.29771242,0.11298141,-0.008070903,0.14743525,-0.005889487,0.1814358,0.33436602,0.083784245,0.07335682,0.0043646395,0.08655676,0.21717253,0.016161334,-0.0007204853,0.07130754,-0.00046378598,0.47496065,0.14831889,0.06497708,0.04722072,0.097904526,0.1133343,0.08725949,-0.008457206,-0.0075513157,0.14805983,-0.006573893,0.010367215,-0.008505677,0.22046989,-0.0040929033,0.0375604,0.36522546,0.1374571,0.09530238,0.057064224,0.12226844,-0.006923484,0.36679572,0.1821459,0.27371025,0.09535667
TCGA-DH-A7UU,0.13126093,0.43087018,0.049539726,0.59337425,0.12061146,0.6995628,0.0014007688,0.1904965,0.047157295,-0.0006639596,0.26740885,0.20361179,0.4707923,0.22757494,0.016131014,0.06704602,0.008018796,0.022549044,0.27504787,0.3014641,0.003622014,0.21804024,0.2562884,0.16070026,-0.0019604943,0.10890593,-0.0048885304,0.1644043,0.42914635,0.2275894,0.06619696,0.020930924,0.06786099,0.2373071,-0.00028701648,0.0674306,0.073828556,0.041659825,0.49349037,0.21895984,0.04406454,0.017190602,0.061322257,0.089743875,0.118453965,-0.004747734,-0.0045203785,0.10263808,-0.0035207067,0.009473443,-0.0053490964,0.266498,-0.0047868355,0.0920719,0.41406798,0.10778909,0.032030575,-0.00012614169,0.15865383,-0.009132083,0.315604,0.14053059,0.2755118,0.0025075898
TCGA-DH-A7UV,0.16684705,0.38394648,-0.0018470578,0.5575229,0.10088888,0.5788181,0.028274871,0.12401637,-0.0007206369,0.0050509684,0.2712881,0.13734254,0.35487127,0.22072938,0.008316978,0.010498472,-0.001325275,0.024677493,0.23547259,0.21738307,0.015999362,0.25213376,0.18693338,0.14885126,-0.007751147,0.099549346,-0.0062074806,0.14832076,0.48710608,0.0056589264,0.011455018,0.00019773096,0.07336703,0.26804832,-0.003005427,0.04204247,0.06248933,0.0010593161,0.39629474,0.10509966,-9.278394e-05,-0.0026080243,0.08011113,0.14545792,0.114858896,-0.004939354,-0.008262034,0.12066914,-0.0063629686,0.027409181,-0.0068288455,0.16623342,-0.008218051,0.019411646,0.3849194,0.07301239,0.11113253,-0.0002557464,0.11279995,-0.0047090002,0.23823433,0.16502976,0.25908017,0.07218579
TCGA-DU-5847,0.39170963,0.7262082,-0.0058109215,0.8259524,0.25117522,0.72309566,0.11062547,0.25720012,0.042159818,0.5704777,0.3807953,0.26737112,0.44672453,0.13586092,0.12069652,0.022347048,0.0958812,0.12166822,0.38311836,0.3933787,-0.0010577146,0.3029118,0.19038509,0.060593788,-0.017500719,0.004653174,-0.009023401,0.5102379,0.002622135,0.26212528,0.29514158,0.101799734,0.21447504,0.31314188,0.051060364,-0.010843758,0.18263242,-0.005768902,0.6285735,0.1627106,0.27869037,0.013433926,0.10778756,-0.0042784074,0.0530332,-0.011084588,-0.021706698,0.41730443,-0.0025107872,0.07634037,-0.0074348375,0.4745954,-0.018709205,0.18536504,0.24532282,0.09239151,0.111526504,0.056851055,0.29920167,-0.00060785713,0.5853291,0.36876237,0.33982828,0.2682656
TCGA-DU-5849,0.0709952,0.34588844,0.019988928,0.629068,0.02025211,0.6230482,0.07407247,0.18192287,0.0011638328,0.17512573,0.25867292,0.0106788725,0.3675021,0.15854266,0.026190307,0.10188227,0.085716836,0.051487956,0.29170033,0.29184332,-0.0013037053,0.17394222,0.15384361,0.11940168,-0.0073119155,0.10504228,-0.0062328856,0.2919006,0.12792987,0.20565867,0.079480186,0.0592959,0.091600165,0.1876795,0.051593415,-0.0018641271,0.050564136,-0.0012784553,0.50118333,0.17382196,0.07838133,-0.0012190659,0.09065174,0.06867582,0.07621747,-0.0058960235,-0.008143318,0.043007355,-0.0004365586,-0.0016338818,-0.008240836,0.2809617,-0.0029591054,0.06332895,0.37902454,0.060993575,0.03541624,0.019976657,0.17858508,-0.010002399,0.40199757,0.20079449,0.25378287,0.06325264
TCGA-DU-5851,0.030940909,0.5447897,0.07860315,0.9778213,0.05886335,0.82932794,0.14124262,0.21284859,0.065894164,0.4281612,0.28572103,-0.00061081647,0.39027512,0.13663475,0.019550513,0.15818796,0.14615926,0.2148687,0.45945928,0.28595716,-0.006729167,0.33503073,0.3795748,0.13369125,-0.0005120419,0.14898099,-0.008569962,0.25778663,0.053124376,0.3204051,0.0049905963,0.032319926,0.3232528,0.15885702,0.0530266,-0.0077346587,0.14649329,0.021828637,0.6631729,0.08418779,0.22214696,0.0760315,0.27870944,0.079612926,0.06535349,-0.006549697,-0.013735983,0.060661633,-0.010522524,-0.0025145255,-0.010069253,0.32166418,-0.005458519,0.14253765,0.24457058,0.43810952,0.038683563,0.10873215,0.29944247,-0.008404049,0.739435,0.22257794,0.2875259,0.18268462
TCGA-DU-5852,0.2295647,0.4389753,0.03893173,0.79114187,0.1510402,0.5399957,0.17382294,0.19240941,0.047001533,0.23620869,0.27330387,0.19699097,0.42653078,0.15493134,-0.0055913297,0.25712618,0.04266611,0.04163802,0.37879184,0.24050239,-0.010406824,0.2447217,0.15664573,0.092586644,-0.010101021,0.04908864,-0.011971516,0.21965705,0.12995723,0.3573542,0.17636107,0.08250306,0.062285393,0.22427535,0.06541098,-0.008902484,0.08552592,-0.0052129524,0.49848375,0.27934402,-0.000102179874,0.042271443,0.027094895,0.040462747,0.09413959,-0.008761677,-0.013392081,0.220526,-0.0031597582,-0.0013992392,-0.002510974,0.31373662,-0.01128729,0.31495255,0.32581797,0.08401152,0.060790874,0.023621459,0.24930444,-0.010357448,0.5173685,0.2512121,0.3361085,0.15836902
TCGA-DU-5853,0.1402286,0.54422957,0.07011804,0.8481621,0.060557887,0.6589133,0.10754863,0.1727944,0.03839004,0.43171003,0.25615323,0.006331131,0.4095199,0.1002776,0.033455435,0.18854493,0.098886244,0.14669284,0.3850915,0.23192596,-0.0051423917,0.3766206,0.3393668,0.16843769,-0.00030900017,0.054272,-0.015584062,0.20621887,0.2620627,0.23355494,0.035559256,0.071644686,0.16853781,0.2696464,-0.00409767,-0.0004116386,0.13489538,-0.0003876999,0.5837248,0.15057668,0.13355908,0.021595024,0.15587007,0.11617836,0.021471255,-0.004938125,-0.008873149,0.066859886,-0.01083821,-0.002675774,-0.0079218075,0.26029184,-0.006577359,0.10480079,0.32448775,0.24607909,0.10235531,0.026222501,0.30287087,-0.011639922,0.5943989,0.18695247,0.3216629,0.09854551
TCGA-DU-5854,0.19159654,0.6666453,0.2753982,1.2991802,0.16118395,1.0846456,0.07613095,0.38073993,0.13482997,0.5077404,0.3259795,0.21040833,0.46798384,0.19360334,-0.006157489,-0.00051071536,0.2510015,0.29656366,0.61978024,0.34800643,-0.003107988,0.41112614,0.3971755,0.16040224,-0.004948892,0.10174531,-0.014826617,0.46583828,-0.013049486,0.38258496,-0.0010943558,-0.008784468,0.31862122,0.25739163,0.16009346,-0.022093246,0.22774342,-0.013252172,0.8591094,0.08522924,0.12957397,0.16626416,0.37886494,-0.004586132,0.070069104,-0.014363966,-0.007903442,0.15674199,-0.0155954575,-0.005624299,-0.019235732,0.53380984,0.011298794,0.21386743,0.2069577,0.539781,-0.0014897475,0.24780978,0.44414857,0.032654397,0.9653531,0.40623614,0.2544624,0.29592663
TCGA-DU-5855,0.026661638,0.48995718,0.01868679,0.7495818,0.015208585,0.56219375,0.0069695786,0.2741881,0.05530075,0.49437493,0.3631436,0.040093616,0.4534703,0.22512957,0.012917216,0.13852692,0.09555947,0.026504725,0.3625073,0.31613046,-0.00023304373,0.22260284,0.106439635,0.051432714,-0.007950747,0.05711595,-0.01330196,0.44333944,0.101730876,0.31394947,0.13512945,0.11861407,-0.0020443455,0.17556834,-0.0046305615,-0.008588164,0.08318573,-0.004220882,0.5692956,0.18807474,0.11387053,-0.002220982,0.17026868,0.08737776,0.064612314,-0.0012907296,-0.013383246,0.1205063,-0.004070237,0.00402271,-0.005199848,0.4336221,-0.0073726363,0.1072498,0.3530879,0.09863817,0.15430428,0.08026962,0.2234675,-0.0013422341,0.55373627,0.30168962,0.3436823,0.110278115
TCGA-DU-5870,0.06494789,0.37806743,-0.0032453097,0.60233736,0.050348267,0.5833111,0.038027987,0.1348301,-0.0023456735,0.07618934,0.24547616,0.1319805,0.40592957,0.12379643,-0.00028420586,0.09214271,0.03106561,0.018608406,0.27188388,0.22109985,-0.0018967191,0.21939023,0.23248999,0.13756847,-0.0043160752,0.12371434,-0.006801538,0.21000317,0.33999878,0.119642824,0.08396943,0.08416222,0.059911534,0.21052581,0.009392358,-0.0034352222,0.033635683,-0.0024564953,0.5157449,0.16912079,0.051141907,-0.0029667248,0.057903312,0.13303998,0.07832049,-0.0027024043,-0.003244493,0.063212365,-0.003534269,0.047667295,-0.0073331962,0.26841846,-0.002822458,0.112484045,0.44374737,0.050836742,0.11654055,0.021396134,0.14108285,-0.007722267,0.3287393,0.16399896,0.17072573,0.036667466
TCGA-DU-5871,0.10463807,0.40920764,-0.0014366662,0.66588056,0.011134196,0.59688205,0.05465527,0.18396609,0.0022729263,0.2391981,0.32060257,0.011811793,0.3868025,0.13677251,0.0029502204,0.0874467,0.056330435,0.04846355,0.2789225,0.29420573,0.015320644,0.21464495,0.053556535,0.12418553,-0.008243295,0.05583577,-0.011649112,0.31509426,0.14276728,0.20753293,0.051337022,0.08085194,0.024414286,0.26080176,-0.002600991,-0.0030008547,0.11920599,-7.243008e-05,0.55621034,0.14874503,0.052146,-0.00025940314,0.17364934,0.123924166,0.07061796,-0.0039422996,-0.013891319,0.06696905,-0.009954045,-0.0026293264,-0.0040836683,0.3018165,-0.012846598,0.020099938,0.37544432,0.08106633,0.13776702,0.017956432,0.19621697,-0.01117045,0.4244818,0.19499482,0.24441081,0.09619479
TCGA-DU-5872,-0.0033095875,0.47117436,0.085340604,1.1621095,0.040580347,0.7480452,-0.00080581475,0.31569797,0.10904998,0.68249685,0.35727268,0.12792265,0.3328464,-0.002096959,-0.0030590345,0.13028547,0.21360613,0.019042708,0.6067298,0.029625397,-0.002550523,0.48870802,0.24067314,-0.004754451,0.015398964,0.19781838,-0.011437098,0.384172,-0.000119585544,0.1734173,0.43138012,0.00628829,0.3231179,0.13501742,0.008107416,-0.005941208,0.0844724,-0.011389859,0.7130804,0.105484575,0.21396598,0.0915847,0.05916307,-0.0075743445,-0.009656953,-0.0052216835,-0.01604314,0.0700198,-0.02264334,0.008079506,0.019143086,0.3718725,0.06599422,0.78322923,0.18386546,0.453766,-0.0030953435,0.17431237,0.28316495,-0.0034064644,0.80769193,0.22246104,0.33591658,0.36304086
TCGA-DU-5874,0.10901649,0.41053396,0.0059048496,0.54625696,2.5425106e-05,0.5544325,-0.005525396,0.17746821,-0.005503647,0.18576883,0.2105746,0.028315872,0.35573065,0.17664966,0.07683934,0.053688325,0.13589233,0.045358438,0.19918403,0.3260272,-0.00014344082,0.19781941,0.16331099,0.13281476,-0.00865463,0.13323437,-0.0030933989,0.20038795,0.32141888,0.10484576,0.1161816,0.05084189,0.04050912,0.16606086,-0.0019598752,0.044662163,0.023388905,-0.006444453,0.48107806,0.20660907,0.09839809,-0.005379661,0.011620304,0.10615438,0.09325056,-0.0032887221,-0.0089231,0.15218887,-0.0058363336,-0.0008108378,-0.008893572,0.20166731,-0.010593767,-0.0050993203,0.41519126,0.003084965,0.014589436,0.009988982,0.1456775,-0.007949109,0.31647855,0.17407669,0.16227254,0.02189891
TCGA-DU-6392,-0.0020929475,0.6759593,0.2445479,1.7430556,0.023398362,1.114369,0.22844449,0.5441522,0.120953746,1.125797,0.9084895,0.011614598,0.7704808,-0.002216668,0.44322255,0.8457194,0.1652546,-0.005146028,1.1086199,0.62577367,-0.012885789,0.64103854,1.449755,0.46626264,0.16347802,0.0240562,-0.007223332,-0.011868558,-0.004188227,0.76955414,0.3425615,0.44356823,0.46621728,0.702836,-0.020599041,-0.027589276,0.29767048,-0.0396427,1.1896527,0.016908832,0.62699145,-0.010301101,0.66354346,-0.014742178,0.08737514,0.022036426,-0.0024689783,1.0079738,-0.011931106,0.36315212,-0.015306517,0.73006356,0.050084334,0.7371688,0.012836538,0.66168493,0.2802961,0.18749774,0.25025216,-0.0012252622,1.4808258,0.26713306,-0.008869404,0.16454078
TCGA-DU-6393,0.071401745,0.34116402,0.008422166,0.54048884,-0.0017440915,0.5511054,-4.953109e-05,0.15163079,-0.005875887,0.1670182,0.25232297,0.051092785,0.36999947,0.20090002,0.081223816,0.10221582,0.06969684,0.0044925325,0.30932435,0.27719074,-0.00014877692,0.18656905,0.20623069,0.14456674,-0.007948323,0.045661993,-0.006127293,0.24128878,0.2089482,0.23169573,0.17725156,0.0929092,0.005218759,0.20167193,0.012020074,0.020569295,0.03336047,-0.005615949,0.44610402,0.20447594,0.06035172,-0.00890098,0.0197742,0.06734012,0.107076064,-0.004887818,-0.00431738,0.13928977,0.021772638,-0.003438249,-0.00888282,0.31411418,-0.008307192,0.03605117,0.41886327,-0.0028960945,0.040969722,0.04511266,0.13087055,-0.0020934716,0.3463462,0.22092195,0.19145872,-0.0046320963
TCGA-DU-6394,0.02867994,0.39331302,-0.001708974,0.6150296,-0.0025091588,0.60700375,0.006121896,0.21227123,-0.0037313737,0.22323257,0.2767784,0.029713266,0.3653254,0.20806162,0.042132217,0.1345006,0.09932084,0.03729486,0.28223404,0.3165952,0.0037406757,0.15516576,0.18822022,0.11872168,-0.010545786,0.1232521,-0.012205019,0.30017468,0.18616477,0.3244744,0.14073889,0.06352884,0.005779475,0.20044148,0.03251413,-0.00041364954,0.04492992,-0.0030375947,0.4855074,0.23983565,0.039208498,-0.0032553715,0.08309134,0.097162455,0.07395443,-0.006706121,-0.0057598683,0.07317631,-0.004569582,-0.001958295,-0.010382797,0.36498678,-0.0072950455,0.017852532,0.43655702,0.014718823,0.06676649,0.016955148,0.16661066,-0.006211381,0.41045716,0.22459325,0.20428467,-0.00081256515
TCGA-DU-6395,0.15727237,0.46852577,-0.003277293,0.78452,0.076190755,0.66629755,0.045791574,0.16419117,0.01847706,0.23662315,0.30341348,0.03700194,0.42462403,0.13537043,0.05594798,0.086316265,0.07604658,0.06393382,0.26963735,0.3150616,-0.002571685,0.31311893,0.26186526,0.13756597,-0.009939757,0.1142436,-0.010690644,0.23327862,0.3197275,0.12777327,0.025793884,0.049917556,0.108127534,0.29903084,-0.0060491064,-0.005458341,0.06285734,-0.0019574582,0.5580988,0.15837522,0.12898625,-0.0024651808,0.19326594,0.068896845,0.06789917,-0.003675645,-0.011488721,0.1292927,-0.014285065,-0.0015361131,-0.007527341,0.25786352,-0.014062985,-0.00020110978,0.43968633,0.20262891,0.09310531,0.031935286,0.21821928,-0.0058515966,0.47825786,0.23812583,0.20864674,0.12830786
TCGA-DU-6396,0.01061938,0.40236694,0.0067992136,0.6498154,-0.00046923477,0.41017446,0.001129128,0.13909556,-0.0010643483,0.37557232,0.2273188,0.11314259,0.41713524,0.11495249,-0.003908712,0.05451914,0.015737373,0.016643621,0.17878166,0.21727318,-0.00011058972,0.23044555,0.08272551,0.031623244,-0.005890999,0.06983733,-0.0083004,0.37003613,0.31095234,0.22333322,0.027514797,0.06373894,0.0071841627,0.21031591,0.008847386,-0.0042893807,0.030130917,0.024221294,0.47438627,0.124550216,0.033733655,0.008747289,-0.0024852445,0.17267464,0.06872868,-0.00097039866,-0.014127101,0.13107497,-0.0016749271,-0.0060926466,-0.0021055155,0.3344557,-0.012027074,0.11108346,0.29244632,-0.0050414903,0.17541814,-0.0007877689,0.16982132,-0.0049603255,0.33298165,0.246322,0.2833871,0.073400386
TCGA-DU-6397,0.0755222,0.38766015,0.034641165,0.6635056,0.0170402,0.6034337,0.039864607,0.13898718,-0.0047035376,0.08337915,0.20901543,0.15478937,0.40330476,0.13534275,0.045225948,0.05803924,0.057080492,0.070550695,0.363219,0.2695104,-0.0047336393,0.25564173,0.24099164,0.16020834,-0.004124168,0.13196288,-0.00928236,0.2281055,0.22489506,0.20806725,0.19730644,0.014599912,0.106204286,0.21814561,0.060613006,-0.004869055,0.024000488,-0.0060735843,0.56505173,0.19726783,0.06396109,-0.0025685828,-0.0010949069,0.06889886,0.069224775,-0.003748136,-0.0069225593,0.09962633,-0.0065774443,0.02429407,-0.0054591657,0.28965804,-0.00030889883,0.19904473,0.4324357,0.09748136,0.047384165,0.09563969,0.16836207,-0.007905503,0.43164855,0.15748721,0.10930209,-0.0036844218
TCGA-DU-6399,0.10749127,0.439269,-0.0024259735,0.70737636,0.051611878,0.62831455,0.020490471,0.23862852,-0.0014658243,0.26075366,0.30526757,0.0742341,0.4239756,0.19155683,-0.0029619772,0.14278072,0.08383856,0.040443,0.29734436,0.35718766,-0.0017821159,0.21302529,0.20860507,0.17232399,-0.0027457855,0.08907437,-0.0071586384,0.22672114,0.2022399,0.28846073,0.06888242,0.0500058,0.09564948,0.23369938,-0.0018540741,-0.003218539,0.09723955,-0.0028472599,0.50858194,0.18314558,0.11766106,-0.005534963,0.13387011,0.10710162,0.07956077,-0.0039465916,-0.008057362,0.1358717,-0.0046030385,0.055071615,-0.007983637,0.3196228,-0.008451602,0.069211885,0.40429348,0.099574395,0.08126362,0.0144667365,0.21131286,-0.0076924837,0.39970332,0.24313265,0.21970601,0.059787437
TCGA-DU-6400,0.08602972,0.44724137,0.0012186356,0.60150945,0.020976538,0.6573997,0.010452881,0.16277367,0.0358079,0.2723707,0.26060542,0.011785671,0.34160703,0.1614182,0.073753305,0.15705231,0.128482,-0.0052373423,0.32220107,0.35767162,0.024250485,0.21821964,0.27602255,0.09222458,-0.0016697918,0.13533755,-0.0039334004,0.24657878,0.32365808,0.18951961,0.092268825,0.07731049,0.05089119,0.13126591,-0.002856835,-0.002043464,0.09941673,-0.009039993,0.49952498,0.24960855,0.1606961,-0.008592889,0.15766126,0.084413335,0.06479055,-0.006307073,-0.0049470733,0.164133,-0.010952068,-0.00058807136,-0.0039646192,0.30932185,-0.0038674218,0.01978663,0.44323823,0.06803357,0.018446518,0.08592792,0.22838959,-0.0077014538,0.47180733,0.19966239,0.24271816,0.033779323
TCGA-DU-6401,0.0923222,0.3609616,0.006495733,0.60061145,0.029083606,0.5648574,0.06307164,0.119987376,-0.00065821933,0.096845984,0.28557587,0.027575634,0.40205264,0.15067337,-8.539083e-05,0.020708036,0.09298862,0.04818723,0.22172579,0.2780724,0.015337989,0.23289882,0.05784181,0.13033193,-0.007113208,0.08249567,-0.005051325,0.2412063,0.2012304,0.12480748,0.092584714,0.031391,0.030227333,0.22775957,-0.0014451452,0.05681968,0.080931835,-0.0059819296,0.5180393,0.15871242,0.009693306,-0.0006205458,0.102055125,0.06721835,0.10560413,-0.0040421677,-0.007848172,0.03279525,-0.006592551,-0.0045605004,-0.009154722,0.20636728,-0.0080503365,0.0138849765,0.4069977,0.09233365,0.06517644,0.020069096,0.119406074,-0.0065555996,0.37417817,0.15333532,0.21969886,0.026297092
TCGA-DU-6402,0.014935467,0.5279689,0.06746706,1.3207126,0.14101574,0.7778888,0.021428574,0.20959835,0.019674227,0.7167479,0.5008103,0.21412128,0.24762625,-0.0057460987,-0.009286429,0.2882433,0.092099465,-0.0066146613,0.54459983,0.0375299,-0.010552423,0.2657992,0.31206363,-0.0031301752,-0.010162138,-0.006299168,-0.005043291,0.40513417,-0.017782498,0.61473054,0.2542636,0.3026431,0.20618439,0.2097972,0.3746154,-0.019175414,0.21626613,-0.009224473,0.5552805,0.24182156,0.13998765,0.106114104,0.26161095,-0.0034403242,-0.004837458,-0.010607697,-0.032851707,0.28557113,-0.03204579,0.03418842,-0.013867271,0.5843154,0.055909652,0.41592813,0.09577598,0.4966638,0.15276279,0.012499366,0.39737877,-0.0041115517,0.9523846,0.46153018,0.3253614,0.39658082
TCGA-DU-6403,0.23966444,0.5520332,0.051969323,0.9627127,0.090490244,0.82665503,0.039034247,0.211145,-0.001058536,0.41411465,0.27102402,0.2006307,0.54861695,0.20517609,0.0996743,0.17471325,0.14750051,0.14664173,0.49449575,0.33744395,-0.0040403605,0.3580826,0.30253777,0.21344377,-0.016872639,0.035248507,-0.0068762065,0.40532708,0.11126632,0.45523933,0.20269345,0.048982784,0.14510068,0.29697335,0.100662395,-0.0030432679,0.033965934,-0.0045950133,0.6472067,0.15916426,0.18428302,-0.00428848,0.14444686,-0.00067444815,0.08957299,-0.008712227,-0.018487273,0.18573721,-0.008834461,0.003721796,-0.0054320646,0.45135984,-0.012534802,0.21460249,0.36372375,0.17569637,0.062558375,0.1386778,0.3115549,0.066121094,0.75421464,0.35103714,0.19752122,0.11345677
TCGA-DU-6404,0.5958006,0.49819392,0.0044413097,1.6764952,0.36907306,1.3806267,-0.0035916485,0.38572335,0.49499622,0.24144039,0.45696828,-0.0014954545,0.45938355,-0.02563249,-0.006915975,1.6167791,0.28574902,-0.033603188,1.31904,-0.005636451,-0.028858928,0.5882736,0.5471023,0.27357322,-0.023935324,0.39463693,-0.030120378,-0.016826829,0.5537719,0.5408996,0.7960483,0.04546255,0.11640592,-0.002367523,0.08942969,-0.063256204,0.19306368,0.020027272,1.2369225,0.61035025,0.38570887,-0.003626198,-0.0050936113,-0.050339114,-0.01122974,-0.04746413,-0.004209276,0.22652197,-0.01012625,-0.025542099,-0.002754702,0.64490503,0.37796065,1.9510691,0.68138814,0.58269197,-0.02717919,0.0017707087,0.59845203,-0.007389258,1.4027416,0.37279326,0.11421248,0.55902964
TCGA-DU-6405,0.20793018,0.54452294,0.058840904,0.81959015,0.15585065,0.8196759,0.041234843,0.2350554,0.00607232,0.4343056,0.303056,0.1324009,0.31635702,0.07421907,-0.0016695488,0.18597832,0.15635966,0.018258937,0.36974594,0.3076273,0.00028349832,0.23669676,0.19825001,0.06470794,-0.017882852,0.10649674,-0.010366626,0.33936298,-0.008339665,0.50100344,0.16185002,0.039898455,0.022813305,0.19439456,0.030976437,-0.014919124,0.19021088,-0.0041209194,0.5746442,0.27860212,0.04082394,0.024305906,0.2372477,-0.0039939852,0.06433353,-0.010107539,-0.007522234,0.2202889,-0.007081428,0.06019164,-0.011836031,0.5337831,-0.010718538,0.110917956,0.32864305,0.17859387,0.087249056,0.13910802,0.33665502,-0.007168139,0.700611,0.33330053,0.13588396,0.1636831
TCGA-DU-6406,0.20039815,0.47079617,0.0428339,1.0136677,-0.0026324359,0.7409544,0.02567897,0.20044182,-0.008809163,0.46493873,0.29285726,0.08775266,0.3740238,0.10957849,-0.009891189,0.43157986,0.0866074,-0.009312689,0.44253066,0.19367535,-0.00854241,0.24286,0.20148234,0.10545317,-0.017406208,0.029488172,-0.017483821,0.36597377,-0.00014413819,0.71531916,0.15779395,0.16942224,0.06676197,0.30925035,0.17940345,-0.009128504,0.08722507,-0.008451039,0.5652791,0.27795464,0.10629177,0.02057061,0.20024163,0.038131073,0.17610532,-0.01686924,-0.016577216,0.24946253,-0.015001804,-0.002088443,-0.007716683,0.62594926,-0.009270488,0.2376079,0.31224623,0.069414504,0.08770264,0.12447998,0.33568153,-0.008943106,0.821637,0.29318115,0.05334931,0.039633676
TCGA-DU-6407,0.19903108,0.632648,0.08053796,1.0306287,0.21360204,0.8633393,0.07733004,0.2743712,0.061297603,0.34999982,0.39171788,0.1957007,0.5021512,0.13359472,0.095823824,0.0636966,0.1600401,0.13801038,0.43265665,0.4264446,-0.0056282734,0.3711277,0.5741727,0.19812942,-0.0030966697,0.07077651,-0.0063735754,0.13107674,0.3406794,0.3351279,0.20178242,0.049972095,0.28438783,0.34749222,-0.0025958472,-0.017393366,0.12431953,0.0155755505,0.67250395,0.20074105,0.21902865,-0.006841348,0.22313914,0.066083625,0.0582558,-0.006523499,-0.013762205,0.23798238,-0.011218563,0.052536465,-0.00017152242,0.41429946,-0.0030900266,0.20640543,0.35466817,0.3762932,0.079315394,0.101649076,0.25285873,-0.003631527,0.6371232,0.29815254,0.16455269,0.0955783
TCGA-DU-6408,0.1725733,0.41478944,-0.0021589624,0.62063944,0.052426323,0.4791839,0.036545612,0.10497363,-0.0009988986,0.25837803,0.2230311,0.0808597,0.35281157,0.13908103,-0.0019751152,0.10894144,0.06128294,0.010673698,0.24532408,0.2613642,0.03202813,0.20463292,0.13241805,0.12015168,-0.0026419652,0.15314828,-0.0040245173,0.24704996,0.2584177,0.10050386,-0.00028248542,0.07138193,0.062434822,0.21484017,-0.0034906843,-0.0076402687,0.1494318,0.06521612,0.46078712,0.13667388,0.09581132,-0.007914013,0.060768135,0.12600216,0.061401427,0.00017445534,-0.005357101,0.1481909,-0.004139026,-0.0049826684,-0.007371372,0.26188073,-0.0095861135,0.05153654,0.3832964,0.00093881786,0.15818541,0.00919744,0.19406599,-0.013406125,0.34026477,0.16657186,0.34046242,0.09836441
TCGA-DU-6410,0.07491793,0.37888658,0.056887377,0.6683297,-0.013313747,0.6776232,-0.001376443,0.18894123,-0.0033751882,0.21891703,0.28998893,0.011112131,0.34814066,0.24583247,0.1607163,0.14515164,0.07865177,0.046532992,0.33819464,0.43773896,-0.008069645,0.18808247,0.33475748,0.19406115,0.013340361,0.10412629,-0.011209825,0.1305596,-0.003262026,0.5174587,0.22886224,-0.003422025,0.10346313,0.073193446,0.019362744,0.003366802,-0.0015427851,-0.01961185,0.45833448,0.31841365,0.17018631,-0.0017630544,0.19081685,0.01061403,0.1050926,-0.010527375,-0.0003140606,0.04666661,-0.007417442,0.0370635,-0.00026544445,0.37631238,0.02176695,0.13578716,0.531577,0.11477963,-0.00933833,0.20467837,0.15741825,0.012271531,0.54125935,0.24720983,0.049460575,-0.023840513
TCGA-DU-7006,0.1600146,0.40243012,0.20707509,1.2187816,0.05427885,0.9631412,0.039123543,0.3266899,0.07145675,0.4881869,0.34904772,0.5965471,0.38155037,0.014618497,-0.0009750438,0.096302874,0.1488849,0.03180581,0.47884592,0.017649889,-0.025257153,0.29995006,0.54764247,0.055594396,-0.0013670139,0.25049165,-0.0072748302,0.14397512,0.2643028,0.6239619,0.3708893,0.102846384,0.23171079,0.08999376,0.2869366,-0.021409864,0.06226388,-0.00884663,0.6714866,0.342157,0.061276738,0.17756332,0.36598718,-0.0010076038,-0.0014519539,-0.01518631,-0.0077087195,-0.00832922,-0.024313195,0.061683558,-0.010232347,0.48811218,0.06709117,0.38349366,0.1052687,0.8415565,-0.005161073,0.151101,0.24827981,0.05162693,0.93950284,0.29503545,0.1340591,0.42879212
TCGA-DU-7007,-0.0036357734,0.53508806,0.064937055,1.0396303,0.21835122,0.7342644,0.032200582,0.41587406,0.21386316,0.8194629,0.4217275,0.3616132,0.5044509,0.14737228,-0.001209387,0.06922156,0.2910073,0.22844729,0.47498345,0.10902707,-0.020684917,0.43375233,0.34236613,-0.010147995,-0.00030808375,0.10181279,-0.0034932164,0.34530577,0.43327308,0.36741787,0.24835326,0.048385356,0.12660368,0.09157476,-0.015181857,-0.019546423,0.17389745,0.074443765,0.823344,0.3461915,0.20051599,0.083955914,0.25290978,-0.00772878,-0.0035670132,-0.008622252,-0.02225927,0.08162092,-0.02758099,0.040288314,-0.016792594,0.55134183,-0.0011455674,0.35289648,-0.00155003,0.7840114,0.16278884,0.18220519,0.35154587,-0.00570085,0.76429087,0.13906312,0.37845632,0.41005242
TCGA-DU-7008,0.14865243,0.38410908,0.0012474693,0.60959876,0.097489275,0.6607602,0.0770165,0.08101271,0.04262454,0.006173577,0.26859027,0.24015903,0.35607308,0.16612807,0.04781338,-0.0008958053,-0.0017174572,-0.004383838,0.20405066,0.20128375,-0.0028382828,0.22657628,0.3272044,0.16289061,-0.010077233,0.11204447,-0.0057692854,0.046336364,0.49927425,0.1770105,0.1322792,0.064976856,0.040679403,0.19571209,-0.0061518545,-0.00019797162,0.0869422,-0.0022078305,0.38224676,0.22512248,-0.0028156673,0.05001461,0.078139536,0.10072973,0.022901144,-0.008715647,-0.0032814015,0.08765136,-0.010385177,0.03127273,-0.0052782143,0.28260532,-0.00051185157,0.108207285,0.3876631,0.05415363,0.08085737,-0.000636195,0.15292364,-0.007500035,0.31134623,0.2542515,0.20871837,-0.0013585853
TCGA-DU-7009,0.08870414,0.37276852,-0.0022870642,0.5765747,0.071454436,0.6467496,0.033526503,0.15905626,-0.0026004494,0.024425056,0.24352622,0.10017368,0.33044654,0.18935782,0.009395751,0.04514526,0.04097029,0.043968935,0.2665427,0.21963295,0.003716372,0.20936157,0.28481117,0.14035392,-0.009198953,0.13393293,-0.008504915,0.15094934,0.2854902,0.12928772,0.121330634,0.010496005,0.048321508,0.13957438,0.013772849,0.030770347,0.05526414,-0.0018602554,0.45711148,0.19281283,0.068537086,0.0061210655,0.10738338,0.07944149,0.083122715,-0.008324839,-0.007795693,0.02642272,-0.009238191,0.004317321,-0.010578207,0.20201272,-0.0063300417,0.029637922,0.43261388,0.10925553,0.053895272,-0.0002004534,0.10903314,-0.0073803416,0.36225313,0.23144808,0.21659547,0.044321455
TCGA-DU-7010,0.089759335,0.538434,0.11850372,0.95202625,0.036391847,0.82477605,-0.0008945044,0.27789527,0.03919539,0.27456272,0.2699822,0.3285722,0.5278479,0.17999972,0.054341394,0.06548393,0.06513313,0.09900978,0.45108184,0.2782918,-0.0038269476,0.33833632,0.5590168,0.23974751,-0.0033754937,0.15355487,-0.010013634,-0.0023417738,0.5688053,0.29543272,0.09049986,0.027159065,0.13781519,0.26836973,-0.004738252,-0.0047745123,0.08472625,0.087237634,0.5933645,0.19179076,0.1316922,0.035669282,0.15188572,0.10810688,0.029656254,-0.0066699,-0.000831471,0.29067513,-0.012119223,0.042074077,-0.0040790103,0.40329617,-0.00154141,0.2579636,0.27710557,0.3082766,0.13626084,0.06645468,0.25355348,-0.011808064,0.4734496,0.35443267,0.25012755,0.03922192
TCGA-DU-7012,0.24630633,0.6901072,0.24407735,1.1682068,0.44499567,1.2825556,0.018357892,0.491055,0.33035812,0.5961202,0.45997846,0.419262,0.45088917,0.17666829,0.09362177,0.11870956,0.3377201,0.22061677,0.715653,0.16568263,-0.00024683253,0.3608796,0.5188009,0.032548018,-0.0030406048,0.08993809,-0.014768538,0.26862535,-0.020699445,0.49410188,0.4704083,-0.0011544399,0.4178306,0.039674263,0.014168419,-0.016613677,0.21647012,-0.00435415,0.77502275,0.34091625,0.24229488,0.15580593,0.42454693,-0.030553875,-0.0118763,-0.022991052,-0.0143018365,0.052382883,-0.020039987,0.097495,-0.014468926,0.5872376,0.039997306,0.38461372,0.0787554,0.7706207,-0.015612452,0.31669486,0.401705,0.009888612,1.1523633,0.28635147,0.3932688,0.36563176
TCGA-DU-7013,0.4759585,0.6884737,0.09008348,1.1720885,0.21961644,1.1261971,0.10725262,0.32345796,0.07323059,0.48957247,0.49547008,0.46774024,0.5784859,0.06044071,0.051549453,0.19634786,0.13116294,0.14224172,0.5655194,0.18231148,-0.016299753,0.4166799,0.776804,0.07819027,-0.020502342,-0.007854864,-0.010559941,0.0786397,0.46510422,0.57481825,0.2889736,0.11781637,0.24381027,0.21417218,0.033664815,-0.017528454,0.119910665,0.019320317,0.73997355,0.4350066,0.15561494,-0.005005704,0.16098845,-0.018268213,0.12696934,-0.018333344,-0.01114153,0.25445092,-0.013250296,0.11307045,-0.006253918,0.63130665,-0.0019690373,0.41066378,0.26694766,0.4495914,0.0466528,0.13123792,0.42150608,0.0006382391,1.0072417,0.3395434,0.18945271,0.17282684
TCGA-DU-7014,0.056983206,0.63951933,0.12290849,0.9574475,0.06477613,0.96683544,0.03429444,0.38343924,0.04852646,0.2819746,0.44563717,0.08815679,0.57762706,0.13024177,0.058193374,0.018221047,0.16330013,0.1805124,0.44120875,0.2961799,-0.010846189,0.38706163,0.3431955,0.1905251,0.059348345,0.13240528,-0.017850889,0.13073291,0.306722,0.23728468,0.23746003,-0.00060739665,0.20699036,0.2601679,-0.0005791657,-0.0019093938,0.13737065,-0.0065473816,0.82326233,0.25150824,0.22560263,-0.0036863785,0.20575333,-0.0019060515,0.03714528,-0.0055006123,-0.014055999,-0.0011730347,-0.022225415,0.062438168,-0.007705892,0.32269675,-6.941706e-05,0.19517426,0.38169575,0.56015146,0.120084584,0.09914011,0.26299968,-0.0071935183,0.78314734,0.21592152,0.15465693,0.08656569
TCGA-DU-7015,0.13817692,0.4160524,-0.0025914821,0.6609822,0.09235721,0.6596924,0.061016694,0.21297854,0.028637804,0.08189291,0.30338383,0.15599328,0.3429979,0.23419389,-0.00223356,0.01035887,0.049197607,0.0290885,0.2623302,0.21348314,-0.0037103717,0.23146431,0.26184815,0.12111848,-0.012240252,0.096786976,-0.0064817206,0.13251843,0.30508804,0.14922269,0.10993548,-0.0006927975,0.04102227,0.19015232,-0.004703333,-0.0012917676,0.071537755,-5.8904293e-06,0.49481425,0.20241502,0.026489262,-0.000566791,0.12701803,0.055579506,0.07038529,-0.0075618974,-0.0067311483,0.06643848,-0.0038599966,0.05560244,-0.008892143,0.24936682,-0.010228342,0.01038594,0.35352394,0.18988904,0.082711436,0.0349367,0.18127295,-0.0058290563,0.36934748,0.228391,0.2279509,0.057141535
TCGA-DU-7018,0.07371141,0.33558962,-0.0021590206,0.4664283,0.053313963,0.5365895,0.034319095,0.09551526,-0.0031410425,-0.00033767783,0.24439654,0.10143459,0.36107862,0.16716178,0.015382935,-0.0017095193,0.05146408,-1.2565032e-05,0.20043534,0.23328078,0.02288749,0.22273241,0.20118795,0.16050743,-0.008446417,0.11153751,-0.004603244,0.11689657,0.31351215,0.06280256,0.124850765,0.032523423,0.0064557493,0.1837718,-0.0007734455,0.013395503,0.018205557,-0.0053797476,0.42589703,0.20089811,0.041523818,-0.0045107114,-0.00032501164,0.060673162,0.060032137,-0.0073049567,-0.0019685049,0.05882751,-0.006943406,0.035717987,-0.008821306,0.18057886,-0.006177401,0.06266579,0.43437284,0.0017628744,0.10220763,0.038868617,0.08320238,-0.0033362438,0.27799428,0.17085132,0.1685622,-0.0026234253
TCGA-DU-7019,0.023105945,0.4551137,0.018127855,0.82776296,0.112072945,0.795177,0.054114394,0.22434592,0.051690735,0.10008706,0.37412602,0.1906566,0.42958933,0.092158526,-0.0023993328,0.024866678,0.08645516,0.019727845,0.3522356,0.27993232,-0.010728131,0.26326123,0.33755147,0.063451536,-0.002888665,0.103629194,-0.001973958,0.14507319,0.4286232,0.17764401,0.18517545,0.0340096,0.14274366,0.16622849,-0.0023439005,0.040509496,0.05985906,0.011081971,0.5857563,0.17813048,0.024819314,0.018828444,0.16202427,0.077106446,0.056537542,-0.003970796,-0.0022739626,0.056521263,-0.007145864,0.01999534,-0.008817404,0.24305657,-0.007365349,0.16266665,0.30536368,0.3076545,0.06566294,0.024349514,0.15696627,-0.005514418,0.43787506,0.24598435,0.2529404,0.09876816
TCGA-DU-7290,0.20354941,0.95026004,0.18793298,1.5091275,0.52248937,1.3413825,0.26567578,0.38862896,0.49116895,0.81927216,0.36589515,0.9626187,0.400985,-0.0085180225,0.03461008,-0.0040240968,0.17104003,0.2522733,0.53578645,0.19294041,-0.017956538,0.4787974,0.74942666,-0.014999367,0.06228619,0.045367967,-0.0027729084,0.28699124,0.15770137,0.2923591,0.47895655,-0.0010485947,0.47250772,0.026936378,-0.024943098,-0.023572981,0.44059312,0.14199534,0.874212,0.061487786,0.1389999,0.26861316,0.59007025,-0.0044966587,-0.0076926025,-0.024325604,-0.005253609,0.32769406,-0.016855568,0.29297066,-0.013092649,0.79717296,-0.010445604,0.41878477,-0.010420966,0.8412771,0.15241148,0.1831247,0.43423662,-0.004274953,0.89402515,0.37467057,0.5550536,0.55242133
TCGA-DU-7292,0.16533303,0.499902,0.17051761,1.109308,0.1727507,1.0800242,0.16685078,0.24858028,0.10145519,0.2861998,0.40860438,0.2308402,0.33711356,-0.000571917,-0.0019305575,0.14226249,0.1341285,0.11763008,0.53089756,0.1698277,-0.020605108,0.31497622,0.65250146,0.14396614,-0.0058138547,0.09729218,-0.008928184,0.065479666,0.4130508,0.26254737,0.2512601,0.025679156,0.3176396,0.15584953,0.08123037,-0.022881422,0.1997506,-0.0004143335,0.6895274,0.22100767,0.13443494,0.082322866,0.2507479,-0.0042337864,-0.0028078302,-0.019510131,-0.0008580629,0.10175434,-0.014913075,0.05682674,-0.0068715014,0.380456,0.025128309,0.23686786,0.2425595,0.62626284,0.11584589,0.12690505,0.31088915,-0.0032557317,0.8224983,0.42483777,0.27730775,0.31597757
TCGA-DU-7294,0.014855947,0.484846,0.048967306,0.74162996,0.0078096576,0.8296541,0.04534594,0.23039886,0.027556501,0.072487146,0.27363405,0.09632252,0.42258787,0.13305464,0.031300962,0.09670948,0.02147391,0.09761721,0.31283844,0.2139602,-0.0015831843,0.2566617,0.3730243,0.2017392,-0.00089079625,0.11674244,-0.016193992,0.07020816,0.2914576,0.23820473,0.12857553,0.015514091,0.09331502,0.20057794,0.0012468323,0.01790154,0.08665354,-0.008867115,0.6248751,0.19667003,0.14502133,-0.00069930777,0.17772892,0.0071840733,0.09880012,-0.0032841302,-0.004699493,-0.010274834,-0.013550455,0.027241595,-0.00039529987,0.2885691,0.020575527,0.05954766,0.54542327,0.29912007,0.096045755,0.028181639,0.19386837,-0.0103036305,0.5788284,0.26671806,0.087273456,-0.0016815385
TCGA-DU-7298,0.059137296,0.50950867,0.007044561,0.8875712,0.09522912,0.8352913,0.06990334,0.14625128,0.022349387,0.15562235,0.28492913,0.2036593,0.45632142,0.052468404,0.015618912,0.07647475,0.098101445,0.10368851,0.33530656,0.26997262,-0.009069249,0.2987842,0.37491313,0.15450257,-0.0022735426,0.16857734,-0.008818462,0.15197365,0.42907497,0.21344587,0.16259818,0.09684947,0.20308197,0.24493688,-0.000845217,0.0038871989,0.05452735,0.0040897653,0.64140856,0.14591753,0.102611125,0.024232883,0.15618685,0.027701944,0.04563582,-0.004239134,-0.0064925253,0.03904656,-0.011963585,0.057047747,-0.0076003517,0.30412623,-0.004803151,0.086613685,0.35496566,0.32526112,0.10547564,-0.00041344203,0.21346918,-0.008505176,0.50895494,0.24317375,0.16404235,0.11843665
TCGA-DU-7299,0.22920132,0.68339,0.019890726,1.2482628,0.113418326,1.0746477,0.106246255,0.37837303,0.21094969,0.48162568,0.61021745,0.1308732,0.4940846,0.16607872,0.11810142,0.13425303,0.124067254,0.10995771,0.51955694,0.44572374,-0.022476694,0.35495234,0.64776146,0.23333308,-0.0022873357,0.046579733,-0.01684993,0.08557977,0.16838288,0.38802832,0.2673741,0.0011709705,0.17774191,0.295155,-0.007806524,-0.018612394,0.30628985,-0.0102249915,0.7383964,0.34741068,0.31738612,-0.0035918932,0.5229889,0.035578363,0.079893455,-0.007432919,0.022043627,0.104591906,-0.019895146,0.18479946,-0.0005726468,0.46127322,-0.0056108516,0.06621223,0.42900568,0.63734263,0.20792948,0.12672837,0.2252135,-0.010367831,0.818417,0.42245975,0.30777225,0.12181778
TCGA-DU-7300,0.06738861,0.47665864,0.11776219,0.8924594,0.059073612,0.83742833,0.073101215,0.2196452,0.0039453283,0.23626547,0.34507966,0.07793689,0.4050904,0.08015418,-0.0004547947,0.08556432,0.103036836,0.10529232,0.37667355,0.1635339,-0.008475187,0.3140085,0.3081134,0.15259941,-0.0024021359,0.11864625,-0.008317909,0.10747817,0.36711234,0.20410143,0.20357107,0.040001817,0.18409237,0.20391178,-0.0019634576,-0.009605262,0.13585275,-0.0054488652,0.6257847,0.16307159,0.13281886,0.014292322,0.12178055,-0.0069491765,0.015254982,-0.0072274813,-0.013548787,0.04277541,-0.020065058,-0.0022450336,-0.010462417,0.25606638,-0.00712789,0.13763316,0.3479087,0.46060765,0.0806358,-0.00012835414,0.21414104,-0.016229853,0.6115578,0.2262725,0.26667035,0.18138415
TCGA-DU-7301,0.08457455,0.44640362,0.030940596,0.6924534,0.1238943,0.7347876,-0.0029623609,0.2567616,0.099360816,0.19171903,0.29472023,0.12112686,0.38188457,0.23518506,0.002618338,-0.0014646739,0.104376316,0.10781096,0.30433014,0.2471629,-0.0058076135,0.24104139,0.25697818,0.14192855,-0.0057516433,0.11321131,-0.0056776805,0.11399035,0.3338721,0.25325167,0.18584456,-0.0013788991,0.12509747,0.12813231,-0.004408357,0.0148594305,0.06528294,0.00018692017,0.47646508,0.19301918,0.07575938,-0.0044693616,0.10750527,0.039630745,0.057542063,-0.003412377,-0.014681763,0.09148748,-0.0069744843,0.046177544,-0.009782676,0.28358206,-0.0020712956,0.08684094,0.31251636,0.24953872,0.058720276,0.059698533,0.1738517,-0.001727625,0.49058124,0.2381111,0.19612265,0.06375255
TCGA-DU-7302,0.061311144,0.38806716,-0.0022671137,0.60191894,0.08440011,0.624097,0.09102457,0.13669735,0.020300962,0.075697735,0.27866545,0.08761031,0.3544067,0.12486252,-0.00019073347,0.0036093332,0.05625715,0.04273129,0.2781798,0.18218413,-0.0052691363,0.20350386,0.28042278,0.13707522,-0.006515217,0.100504994,-0.0024177474,0.1264751,0.33932105,0.13967645,0.16930293,0.045988005,0.0865376,0.12173334,-0.0012077503,0.032683514,0.043243907,0.021849036,0.48080978,0.20737433,0.0573184,-0.0011409577,0.060771637,0.084629744,0.050565578,-0.008369633,-0.007940622,0.04754738,-0.0074764225,0.05696895,-0.011438726,0.20703502,-0.004455114,0.08621709,0.37115514,0.14127162,0.057074666,0.038993586,0.116294995,-0.006867414,0.35229006,0.21027994,0.19285972,0.054456495
TCGA-DU-7304,0.10769454,0.50874954,0.013744321,0.77363414,0.10692738,0.7058708,0.07615551,0.25133747,0.06996492,0.20343052,0.33853334,0.10522953,0.4333291,0.18314908,0.008432972,0.027478807,0.08132912,0.06927654,0.3492354,0.2855382,-0.0035296583,0.26490194,0.31337965,0.14163001,-0.0036422424,0.114427805,-0.005666762,0.14258316,0.3792863,0.1560426,0.12942882,0.03297784,0.14822306,0.22212547,-0.0065989713,-0.0051716603,0.12675524,0.050988965,0.53684676,0.18844408,0.07148264,-0.0017872278,0.12256322,0.018506806,0.052788485,-0.010168693,-0.009152362,0.12224929,-0.006511754,-0.00028983652,-0.008836222,0.27388975,-0.005168937,0.1695423,0.26134297,0.245309,0.091342755,0.047456097,0.19934979,-0.0058740475,0.4980864,0.19467881,0.30319244,0.08604099
TCGA-DU-7306,0.0243194,0.45947164,0.017751072,0.63839114,0.054004207,0.6528866,0.04140789,0.21065085,0.06358891,0.15949063,0.33599162,0.08484839,0.4130497,0.1886088,-0.002609005,0.013328932,0.08123722,0.03405604,0.2234487,0.21954724,-0.004999975,0.22323908,0.11906108,0.14038233,-0.007275328,0.1186523,-0.006307635,0.1455192,0.27633873,0.16667654,0.11589144,0.07432653,0.03660796,0.12809049,-0.009229671,0.0011473522,0.075271785,-0.00019063578,0.5333586,0.23537856,0.043127168,0.035566386,0.15289575,0.02127716,0.035108086,-0.0069593326,-0.0075528086,0.056697275,-0.011139653,0.038093507,-0.010117804,0.23682001,-0.0082220305,0.066255465,0.3080222,0.17641422,0.11383943,0.0061831735,0.18736568,-0.006717805,0.39822242,0.14188337,0.26493677,0.07236473
TCGA-DU-7309,0.027594347,0.3935039,0.06867911,0.83352506,0.06429061,0.74714386,0.099017166,0.19451177,0.054554477,0.1379178,0.3269608,0.120666966,0.3853935,0.09175375,-0.0017748922,0.048779793,0.050321743,0.03701153,0.3346018,0.2329948,-0.017376987,0.23549826,0.27065867,0.1319679,-0.004475902,0.13311504,-0.002895899,0.119470954,0.42336208,0.1818405,0.18204156,0.0103271045,0.2235772,0.16449119,0.0048691854,-0.0023341633,0.0782392,0.018410347,0.5263952,0.1429043,0.06803168,0.08001247,0.15651931,0.03829953,0.042570345,-0.007970706,-0.004182171,0.06403582,-0.006101988,0.011910379,-0.0065138377,0.23010954,-0.0031919566,0.13092488,0.30865774,0.31665444,0.048830785,-0.0009665821,0.15652631,-0.007390462,0.44688147,0.24348004,0.27328897,0.12961182
TCGA-DU-8158,0.26577953,0.677413,0.11225879,1.3196172,0.3693366,1.0825312,0.16874015,0.23597881,0.26028156,0.4022079,0.4183812,0.5987059,0.46939182,0.0021496974,-0.002988912,0.24784893,-0.00057516474,0.07560928,0.63838524,-0.0041161673,-0.019049637,0.3555132,0.41582927,0.07765983,-0.005919073,0.115740374,-0.011609561,0.21244676,0.081160866,0.50287783,0.45197752,0.12299879,0.31254447,0.14404494,-0.00022268073,-0.01691903,0.14210463,-0.0044646724,0.7817761,0.2665729,0.11361739,0.11365919,0.24185249,-0.0077048144,-0.0044785226,-0.020026648,-0.019670988,0.14967503,-0.025060017,0.15317327,-0.00084660464,0.62015396,-0.0064698095,0.59764534,0.24452609,0.6199473,-0.000678972,0.219694,0.37801403,-0.008250026,0.93003035,0.3025334,0.2951191,0.53098935
TCGA-DU-8161,0.04127403,0.67123675,0.12130454,1.0713148,0.34895492,0.9889803,-0.004971468,0.21466804,0.115258865,0.22251754,0.36662474,0.2422134,0.3997494,0.011448849,-0.003699636,0.025882654,0.20084062,0.07206006,0.50697947,0.17015648,-0.004555763,0.23215197,0.37431902,0.09474511,-0.001122506,0.10617393,-0.013014478,0.27199787,0.11706383,0.30498683,0.13370024,0.065666154,0.28187734,0.1613906,0.073868155,-0.0005727731,0.14331904,0.022873014,0.57174635,0.104692414,0.14994225,-0.00061937125,0.34530312,-0.0051967315,-0.009084813,-0.013446498,-0.007904206,0.1583174,-0.01687645,0.081048794,-0.0164016,0.3844415,0.04010761,0.10475712,0.28523538,0.49772012,0.03994356,0.06464906,0.27351496,0.017790921,0.7452199,0.31398147,0.3166932,0.23637663
TCGA-DU-8162,0.044280257,0.37975892,0.11009821,1.1533326,0.04939425,0.91990274,0.24321765,0.23050156,0.056615658,0.26720065,0.33604717,0.087573916,0.34007734,0.05353813,-0.0013120157,0.17428926,0.07387353,0.17765863,0.5055917,0.27142185,-0.020456044,0.29448754,0.5029316,0.13263711,-0.00083648786,0.09046671,-0.0062060906,0.12181431,0.17705779,0.32905528,0.05618604,0.043029875,0.38210097,0.18366222,0.06300096,-0.016110778,0.14593816,-0.008182681,0.6456027,0.012239065,0.18927106,0.18500005,0.45164526,0.01138863,0.07024826,-0.0054892227,-0.008495937,-0.004165322,-0.010928914,0.06284593,-0.010042392,0.28904295,-0.006671411,0.16823861,0.20633078,0.69339156,-0.0034857101,0.06399053,0.23829299,-0.013357914,0.69314367,0.31955484,0.27276516,0.28774565
TCGA-DU-8163,0.1377824,0.52345866,0.07416333,0.9263314,0.10550126,0.7741509,0.086121626,0.2473743,0.06442756,0.33327362,0.3249313,0.07023817,0.43224978,0.1931728,0.015833404,0.0371364,0.10648858,0.20792091,0.36199316,0.3006897,-0.0049114763,0.32856506,0.38176402,0.14377096,-0.00210398,0.056712758,-0.015429082,0.21273291,0.17786118,0.2714172,0.05338465,0.0068642423,0.10608353,0.2904873,-0.0006769948,-0.0083366595,0.12266015,0.014392622,0.6060338,0.16429399,0.10074915,0.038219035,0.20871595,0.01584915,0.02568692,-0.005741545,-0.010163361,0.019910354,-0.01130859,0.056568198,-0.013402419,0.3123388,-0.003055234,0.11536933,0.32570216,0.37269768,0.09601678,0.053400625,0.25717622,-0.0054589002,0.57059914,0.30271634,0.26404202,0.15202339
TCGA-DU-8164,0.06651211,0.40813434,-0.00062441715,0.6624106,0.01842416,0.7886174,0.04291646,0.15463944,-0.0003687758,0.05859821,0.27337393,0.035276778,0.3947984,0.13939562,-0.0015611557,0.14585257,0.031178467,0.013237815,0.30428758,0.19768684,-0.0055391686,0.17511459,0.2746776,0.19032253,-0.006118361,0.11545443,-0.007162732,0.10386108,0.32415518,0.2700633,0.09774625,0.055096664,0.107570365,0.13235298,0.027474634,-9.154305e-05,0.07219452,-0.0051056654,0.5364934,0.24632868,0.12571561,0.010615306,0.18912372,0.060020134,0.09321442,-0.010496602,-0.0014710826,-0.0071253567,-0.0069459304,0.027635805,-0.010170362,0.28105864,-0.0018396777,0.03371127,0.5147283,0.19055873,0.051520806,0.04010376,0.18264887,-0.014025131,0.5074577,0.22001734,0.13551603,-0.0045004124
TCGA-DU-8165,0.2561097,0.9132539,0.14661442,1.4602338,0.540748,1.2304957,0.036358602,0.3136893,0.16274497,0.8423214,0.4341026,0.34135145,0.58771205,-0.010158432,0.07542573,0.00378396,0.23607224,0.19128796,0.7004103,0.1317376,-0.012386414,0.5053671,0.6155611,0.14294094,-0.011126498,0.08643187,-0.00834827,0.098814994,0.03478702,0.5493994,0.5200261,0.011836067,0.40763777,0.2124306,-0.011054794,-0.027620802,0.18141103,0.060446464,0.9006803,0.26221457,0.40840727,0.022046674,0.37154877,-0.031149382,-0.005763994,-0.01508628,-0.017207768,0.4756817,-0.016105412,0.06044677,-0.023706546,0.87289745,-0.00085743185,0.38422114,0.23430136,0.9346665,0.13921586,0.3527073,0.4159517,0.0857831,1.0350534,0.3693335,0.33782077,0.48597276
TCGA-DU-8166,0.112373516,0.44303837,-0.00032407753,0.70722073,0.06263898,0.68603754,0.06326825,0.15332523,0.033536926,0.16428225,0.26651105,0.058906846,0.3720299,0.18970296,0.0051381914,0.058952637,0.06322879,0.062755644,0.26531616,0.27919984,0.0124106705,0.24700709,0.28965455,0.20311913,-0.009751427,0.102578394,-0.009475345,0.13070929,0.26992637,0.19181015,0.07238543,0.037667967,0.05301866,0.19182032,-0.0027923652,0.012867603,0.075084805,0.028478988,0.48895353,0.20753044,0.04185157,0.023045158,0.16776548,0.07274367,0.05416389,-0.012004294,-0.0049904347,-0.0021632498,-0.0076757744,-0.0010322761,-0.009255764,0.23137969,-0.0073460625,0.009359945,0.4094797,0.14151034,0.058140807,0.011768375,0.18544154,-0.0051239193,0.4299856,0.2561001,0.22332662,0.031173468
TCGA-DU-8167,0.07260437,0.5766562,0.045491595,1.0618018,0.03306409,0.84385604,0.17241988,0.46305704,0.13087335,0.43337718,0.49103528,-0.002504889,0.461066,0.3354343,0.009755022,0.14706075,0.16924617,0.26109332,0.4512286,0.3080779,-0.0082417345,0.34022895,0.31376553,0.19194539,-0.009772012,0.021619447,-0.021458639,0.13225088,0.24016044,0.31463045,-0.005090174,-0.005466226,0.24054492,0.29184473,-0.011002728,0.023197688,0.16078907,-0.007376776,0.6278977,0.16015819,0.117804736,0.032148294,0.39660627,0.019600578,0.2332672,-0.00837354,-0.0071523385,0.021493532,-0.01079589,0.033313923,-0.0021610525,0.32914907,-0.014871185,0.02789272,0.31866392,0.6956494,0.06654583,0.15325443,0.28660688,-0.008179455,0.74253035,0.32598588,0.243393,0.14759469
TCGA-DU-8168,0.09686223,0.3629794,-0.0034108446,0.49018627,0.037152596,0.5256903,0.014878929,0.07191492,-0.0011826769,0.0503696,0.2299118,0.10032585,0.34825683,0.14140502,-0.0019768786,0.010692768,0.026571706,0.0015633292,0.1878143,0.18113618,-0.002374031,0.18406904,0.17442656,0.1480867,-0.006379404,0.10658828,-0.0011509449,0.12544598,0.36362815,0.09092434,0.12278846,0.06353601,0.043171406,0.12407987,-0.0016949251,0.026754558,0.025375191,-0.00041815266,0.40014625,0.16240847,0.03405265,-0.0044709016,-0.00083136617,0.09207853,0.055447012,-0.005102294,-0.001887738,0.076151535,-0.006296593,0.023026846,-0.008898596,0.2043347,-0.007996126,0.03437045,0.41599306,0.0071869195,0.08419736,0.027033929,0.11970411,-0.0038332008,0.27275026,0.18148279,0.14890292,0.019222565
TCGA-DU-A5TP,0.02912477,0.43129683,-0.0034504873,0.51732767,0.11948379,0.4621116,0.07232172,0.06392817,0.0603903,0.16366649,0.24615356,0.16984609,0.34860647,0.15812807,-0.005516322,-0.00016010739,0.033964477,-7.6400866e-05,0.19247696,0.24945527,0.06826522,0.20024754,0.15759984,0.070219904,-0.002682867,0.17319405,0.0040734,0.24551384,0.4974019,-0.0038131743,-0.0060395557,0.13733995,-0.0032041871,0.2122789,-0.0053862953,-0.00089331047,0.14337006,0.061969213,0.4253197,0.20099837,0.017662697,-0.001886274,-3.7593953e-05,0.15356806,-0.0013312988,-0.0029739463,-0.007643183,0.13304158,-0.008589794,0.022051074,-0.004689221,0.23395753,-0.0044820756,0.068835005,0.32664865,0.01982376,0.22549805,-0.0036283922,0.10584073,-0.0014230841,0.24097012,0.15209347,0.40112343,0.13485245
TCGA-DU-A5TR,0.06652631,0.6125225,-0.0038242948,0.8942758,0.30034924,0.8098604,0.014145736,0.2248762,0.12810844,0.460202,0.26345187,0.21790561,0.49714267,0.13040902,-0.0065033175,0.019852288,0.061837815,0.07500799,0.43866858,0.23922652,-0.0024315477,0.27728572,0.45987207,0.027496267,-0.004528059,0.19020201,-0.0077005075,0.36198875,0.79358685,-0.008645211,-0.011979732,0.027399428,0.15127501,0.21822488,-0.00075949955,-0.0028896474,0.15540493,0.20800704,0.54029286,0.12657918,-0.0035889295,-0.000106495245,0.019948026,0.021539472,-0.011409839,-0.007158225,-0.015273079,0.02626418,-0.010596831,0.065254435,-0.021324927,0.3373368,0.04177813,0.34978265,0.18324928,0.21678275,0.27340186,0.046195623,0.28317958,0.11236646,0.42646527,0.33298394,0.59665,0.24858992
TCGA-DU-A5TS,0.11074898,0.4059972,-0.003325458,0.5795102,0.1375084,0.55673504,0.07032519,0.06887235,0.0078034624,0.023166064,0.22840282,0.18973254,0.37394023,0.145863,-0.0031440053,-0.0028919857,0.0134221045,-0.00075630064,0.19251789,0.21199822,0.031268008,0.24572693,0.2540037,0.1318948,-0.00705041,0.13925935,-0.0029061157,0.17758983,0.54139334,-0.0052661346,0.02384198,0.057069004,0.063917845,0.22669196,-0.002998262,0.0099953,0.09227992,0.034504175,0.4127688,0.12894867,-0.00060646795,0.004004745,0.045162074,0.15008473,0.06784186,-0.0040536313,-0.007828087,0.08660442,-0.007953788,0.039509676,-0.009936946,0.19617102,-0.007363701,0.06718874,0.36895904,0.008010358,0.17083962,-0.0025371236,0.10100424,-0.0036324933,0.23043011,0.16480112,0.30821317,0.11078787
TCGA-DU-A5TT,0.17923583,0.50031656,0.03259525,0.92685735,0.3532165,0.78199655,0.09433507,0.21377225,0.11134473,0.29004627,0.34548515,0.48038736,0.40821075,0.16749983,-0.002659053,0.12554017,0.03960056,0.073874325,0.38372025,0.31197232,-0.008045788,0.23228969,0.4339493,0.036168512,-0.0147667425,0.096206814,-0.0015110191,0.13401458,0.37823442,0.1354214,0.10146423,0.078780085,0.1996172,0.24511492,-0.012111316,-0.0034542957,0.2021864,0.07571628,0.5262551,0.13509786,0.069573134,0.063763574,0.2673301,0.15338881,0.04712208,-0.0051836343,-0.010688379,0.26475033,0.04042924,0.08073833,-0.0032882493,0.42439225,-0.00011801459,0.28321537,0.2026214,0.3154763,0.13712259,0.009315629,0.11397384,-0.0004590541,0.4126796,0.38632908,0.5895777,0.30409193
TCGA-DU-A5TU,0.07910727,0.43034607,0.0145688765,0.7076204,0.15191701,0.5054954,0.06149274,0.16074885,0.031519264,0.19995238,0.3209644,0.28332517,0.37871456,0.21820816,-0.0017592509,0.048509642,0.047527708,0.015490808,0.24776244,0.26829663,-0.0008834079,0.2391252,0.34209704,0.118463606,-0.009843975,0.11180449,-0.005120927,0.15234004,0.4706117,0.13497652,0.021176249,0.0707158,0.025203139,0.21207851,-0.0061880867,-0.005898913,0.0631104,0.04240171,0.3824146,0.20515543,0.044671204,0.054685466,0.11868142,0.116885185,0.07239808,-0.009799318,-0.008740454,0.1650895,-0.0059946505,0.03662201,-0.0018667363,0.25478277,0.0010599531,0.23783416,0.29639605,0.11412356,0.12021321,0.04562952,0.08225023,0.025624149,0.3096061,0.24717999,0.38368323,0.06668542
TCGA-DU-A5TW,0.15283215,0.34830242,-0.00497773,0.46054828,0.16162387,0.5066538,0.018409993,0.07241316,-0.00416502,-0.0015445229,0.25529116,0.1975077,0.40967083,0.12093265,-0.0018520795,-0.005072796,0.10171727,0.011309627,0.10658808,0.29303098,0.038400963,0.25451332,0.10459407,0.1358994,-0.009176632,0.10871481,0.012789931,0.16763657,0.4420952,-0.0084609855,0.025698777,0.12023601,0.042747244,0.22962147,-0.004518483,0.025179535,0.014800373,-0.0002787158,0.40721723,0.09192548,0.028781418,-0.002410555,0.0022772048,0.076653324,0.096229196,-0.00292527,-0.009362656,0.12613642,-0.00015650019,0.0064087287,-0.008523819,0.11307724,-0.010225701,-0.0010951314,0.40971744,-0.007131006,0.09628962,0.0016436838,0.013034552,0.003308732,0.15301579,0.11452033,0.29432148,0.025900543
TCGA-DU-A5TY,0.3241332,0.35581422,-0.002347019,0.731498,0.33181265,0.5635929,0.07694093,0.072929814,-0.0014285654,0.121864155,0.2618434,0.4334319,0.42484885,0.13399354,-0.0051550264,-0.008595902,-0.0046676123,-0.003801193,0.18022093,0.16294453,-0.009051575,0.18669982,0.21209912,0.03546325,-0.025483174,0.023240197,0.043847047,0.12669359,0.37792227,0.06138198,0.16445652,0.019542877,-0.00010191798,0.15465125,-0.0015927985,-0.016207775,0.07926807,0.03264288,0.40479884,0.29567748,-0.0044897213,0.023179349,0.07465642,0.03591147,-0.0005672969,-0.0067453566,-0.022842085,0.3111748,-0.0008179039,0.15243533,-0.0065621845,0.32858026,-0.0055979663,0.29292777,0.27400747,0.11170732,0.06938852,0.07344122,0.1650567,0.09564265,0.34694174,0.23164588,0.3190049,0.24301077
TCGA-DU-A6S2,0.08234587,0.45314276,0.063792646,0.90023017,0.048690557,0.71022093,0.12693736,0.18540834,0.02423498,0.23298776,0.27138698,0.10925459,0.3815602,0.09727727,0.07191248,0.036933348,0.050774787,0.030868351,0.476701,0.19842236,-0.0027772242,0.34805906,0.5149803,0.111935526,-0.0069950023,0.05600724,-0.009618136,0.12028468,0.31362075,0.12873346,0.18554734,-0.0035213933,0.17338274,0.2768232,-0.0061005554,-0.0035537288,0.09504607,-0.0048739,0.57167614,0.12258406,0.10299769,-0.00044297913,0.16344662,0.020829715,0.03292371,-0.008105751,-5.1307306e-05,0.06868805,-0.0057984274,0.08000136,-0.006224986,0.2393794,-0.001995715,0.16555469,0.37523702,0.31393826,0.0695035,0.106307134,0.12163672,-0.0059556477,0.581909,0.24388048,0.18273959,0.10274358
TCGA-DU-A6S3,0.15225436,0.42750716,0.054837797,0.7262026,0.07185344,0.64724636,0.10123842,0.15337816,-0.007020776,0.05334652,0.29838383,0.10208924,0.4108128,0.09223609,0.05295963,0.07120262,0.0003338838,0.11077438,0.28394327,0.20393607,-0.002183836,0.26224485,0.39119804,0.1879241,-0.0053271735,0.09435549,-0.008373924,0.12215466,0.47435492,-0.00026082827,0.059074145,0.111408174,0.15065184,0.25760654,0.0038463175,-0.00081135705,0.100322366,-0.00273055,0.53654134,0.123356044,0.08727948,-3.9495528e-05,0.10413462,0.102378376,0.08914007,-0.0049154856,-0.008513569,-0.0039599393,-0.006489651,0.029390536,-0.0062582153,0.18157898,-0.003568944,0.11466933,0.4026493,0.23315755,0.10784979,0.011928219,0.08662275,-0.0067121624,0.39065439,0.20859858,0.2409425,0.074799806
TCGA-DU-A6S6,0.11063275,0.2965399,-0.0012844034,0.46144378,0.06649489,0.46297064,0.063873895,0.04657968,-0.0033998669,-0.0015577428,0.20309404,0.11385976,0.30313557,0.12553875,-0.0011361544,-0.00050699635,0.022117987,-0.001094279,0.13222566,0.19974914,-0.0012471576,0.1987071,0.17036636,0.1393166,-0.008855431,0.10784127,-0.0018472295,0.14456621,0.38772973,-0.0017318254,0.03456107,0.07517701,0.039563805,0.15521827,-0.0013609313,0.014546026,0.044803485,-0.0006380275,0.37002963,0.13768584,0.017027859,0.016468326,0.02308465,0.15055496,0.07599186,-0.005137998,-0.0050911196,0.071448326,-0.0046847775,0.013517894,-0.009020914,0.12617552,-0.008124611,-0.0014588137,0.38438997,-0.0010709495,0.1039293,-0.0024076768,0.06302205,-0.0048334072,0.20042382,0.1683045,0.25781086,0.058550216
TCGA-DU-A6S7,0.14666283,0.43781525,-0.002031653,0.6643179,0.09390627,0.6176257,0.052993916,0.17318125,-0.0003147021,0.071084484,0.23734748,0.15656567,0.36452007,0.20913261,-0.0026257546,0.028078422,0.0629101,0.045593265,0.29315186,0.27324963,0.017468728,0.2567061,0.2862088,0.15014322,-0.008713963,0.10239722,-0.005425328,0.15322636,0.39863616,0.11303252,0.062280517,0.008633338,0.09134942,0.26724654,-0.0042772195,-0.0013104432,0.06530641,0.026557699,0.47620335,0.1273262,0.021994118,-0.0017948862,0.09436536,0.08671649,0.12317663,-0.0060067284,-0.0062711905,0.12285906,-0.0044816863,0.00280476,-0.0072745383,0.23957407,-0.010020918,-0.0017680265,0.38307956,0.12374022,0.1060872,0.02699441,0.17554623,-0.004260227,0.33149233,0.17856678,0.22298552,0.06126868
TCGA-DU-A6S8,0.09384383,0.38437802,-0.0008484148,0.5548601,0.08249152,0.50395805,0.06381883,0.08383608,-0.0052567767,0.052913792,0.22030982,0.12695178,0.3638816,0.09243569,0.009839862,0.026485771,0.019110538,0.050620314,0.22424135,0.1698785,-0.0022602447,0.23260857,0.25920245,0.12760451,-0.00432347,0.09612956,-0.005133535,0.17868307,0.40290353,0.050262436,0.09298977,0.13267675,0.058190435,0.19746172,-0.00090654567,-0.00036536157,0.05701644,0.016318522,0.43911707,0.15125133,0.04212806,-0.004305163,-0.0027808952,0.10234071,0.077704966,-0.0004437294,-0.0059710713,0.087801754,-0.005546236,0.043306977,-0.008235819,0.19992241,-0.007945224,0.081727415,0.42019656,0.044156067,0.1228116,-0.0020454307,0.11206944,-0.0051737973,0.25944373,0.16522509,0.18671332,0.04141161
TCGA-DU-A76K,0.26112524,0.46680626,0.11853525,0.90928245,0.1946454,0.7291337,0.14840347,0.20987315,0.019468725,0.16775472,0.27379268,0.23861787,0.34194267,0.12141463,-0.003665865,0.13001028,0.09128816,0.12207341,0.435096,0.23512559,-0.011907995,0.29686168,0.35211712,0.13705331,-0.008968157,0.07988247,-0.013112865,0.1309498,0.23527387,0.21898802,0.13356338,0.038454615,0.2676183,0.23786986,0.027317174,-0.007923703,0.17775267,0.041275255,0.54838467,0.17881754,0.09925747,0.08603378,0.14095476,0.025233567,0.09778164,-0.016083624,-0.014503083,0.20427527,-0.00186898,0.036998324,-0.004029013,0.26084426,-0.002119982,0.21231088,0.28878832,0.26659948,0.000463387,0.030343253,0.16026895,-0.010728524,0.49727032,0.21408397,0.32314998,0.19314282
TCGA-DU-A76L,0.10035634,0.51523954,0.21252498,1.5831298,0.20912854,0.9888576,0.10218846,0.37736148,0.0237059,0.6733707,0.5306401,0.50544024,0.33479184,-0.006130685,0.026656527,0.19208157,0.09299455,0.008010991,0.8301181,0.05579984,-0.01930253,0.52924377,0.76990294,0.056236874,-0.0015531898,-0.004562625,-0.002515013,0.10985452,0.19226275,0.35557532,0.4973041,0.01417812,0.5065284,0.29462898,0.110064685,-0.032855414,0.22944424,-0.009045897,0.84175295,0.19469422,0.24078128,-0.0022066177,0.22938204,-0.0036158988,-0.016943274,-0.00045601316,-0.00075048395,0.38302475,-0.018837666,0.10493971,0.027347174,0.5037977,0.018958893,0.87789595,0.16639844,0.7983954,0.053822115,0.07162018,0.29608333,-0.006201979,0.9048648,0.48837736,0.26594484,0.45072937
TCGA-DU-A76O,0.114389166,0.40267342,0.01027859,0.6538811,0.071472645,0.52864516,0.045900516,0.11005325,-0.0032235384,0.12791836,0.25461236,0.116704635,0.36349404,0.1209909,0.01893935,0.06255343,0.040148217,0.05400778,0.24514475,0.21851371,-9.109155e-05,0.28445947,0.29265177,0.14656414,-0.0053364886,0.09999861,-0.006364362,0.121688545,0.43229064,0.012810746,0.025755022,0.108388886,0.08427131,0.26206848,-0.0069362293,-0.00023408458,0.089745946,-0.00022188574,0.43900126,0.13509321,0.05795053,0.01645247,0.07507366,0.15246306,0.06985586,-0.0005450472,-0.0052748723,0.08750847,-0.0051246565,0.03886377,-0.0060841567,0.1890856,-0.005526661,0.06432115,0.39805475,0.089589976,0.14130674,-0.0051710983,0.07607938,-0.0068634055,0.29572368,0.18365176,0.28231573,0.09453662
TCGA-DU-A76R,0.08319281,0.3656077,-0.0018479389,0.56196874,0.110262446,0.51823324,0.073668025,0.12271166,-0.003603582,0.08679134,0.22877339,0.095524535,0.2865461,0.113872975,-0.002642267,0.077372305,0.06952811,0.03522153,0.25570852,0.23142642,0.019208636,0.20603405,0.13135037,0.11575564,-0.009368855,0.078669906,-0.0026338603,0.18883008,0.2615762,0.08879784,0.09952502,0.12012465,0.021664418,0.18621844,-0.0037440404,-0.0040799803,0.09916669,0.010310449,0.4206592,0.14911202,0.02448874,-0.00078952423,0.04025574,0.109175235,0.037401803,-0.0027215106,-0.008133011,0.115770206,-0.0040007285,0.019210212,-0.0077379965,0.20225675,-0.0063236924,0.018337406,0.35239032,0.042271227,0.07783773,-0.0018347204,0.120937474,-0.008505688,0.27782002,0.20753816,0.25600654,0.10733907
TCGA-DU-A7T6,0.115643665,0.47852057,0.09480986,0.9269799,0.062478848,0.8001661,0.16055262,0.244244,0.031184666,0.09042522,0.36320424,0.1848812,0.5146864,0.16198334,0.014787647,0.11157238,0.05120948,0.16700992,0.47426268,0.31568688,-0.0077722245,0.26188296,0.60097015,0.21058957,-0.0056510707,0.0045103985,-0.007460277,0.12509494,0.2859525,0.3076322,0.2330939,-0.0018334925,0.14055334,0.23028892,-0.0010089696,-0.014742243,0.18268046,-0.00036061855,0.59091866,0.19089486,0.13024276,-0.0030081642,0.17201494,-0.0032442473,0.06406544,-0.008624732,-0.0017173551,0.109406784,-0.009047766,0.018104583,0.021750774,0.331144,0.017571058,0.43044877,0.3182929,0.302921,0.06620345,0.15408495,0.22420296,-0.004823161,0.58060414,0.34599975,0.18258409,0.0071125925
TCGA-DU-A7T8,0.13223726,0.3519786,0.0014965609,0.56915534,0.10607413,0.51547486,0.041440688,0.10936418,0.005757138,0.07361613,0.22947872,0.13231826,0.31569138,0.17306228,0.04217722,-0.0009938251,0.040342297,0.011547547,0.22741349,0.23315439,0.009818681,0.22852586,0.28245756,0.12060773,-0.008765245,0.093039,-0.004955224,0.16767341,0.3906537,0.011161329,0.084379345,0.012781732,0.062534854,0.202835,-0.003324189,0.015542351,0.072998375,0.0068233833,0.40085685,0.15366411,-0.0021934276,-0.0022264447,0.08805407,0.11424378,0.06984973,-0.005651334,-0.0027746358,0.101853386,-0.005778907,-0.0012714617,-0.0074037644,0.1906287,-0.007141383,0.05270263,0.3805879,0.0206758,0.11783631,0.008231033,0.120832965,-0.0013795398,0.2752743,0.19558743,0.24500307,0.030230418
TCGA-DU-A7TA,0.09198156,0.43891585,0.018851742,0.76986766,0.086826146,0.6544406,0.08868555,0.20347245,-0.0011514735,0.25936002,0.27083886,0.18973634,0.43577302,0.09701735,0.0012239544,-0.0007008288,0.014900426,0.119448245,0.2388335,0.2916629,-0.0068468386,0.28467736,0.3828531,0.17505054,-0.005907874,0.052113935,-0.0029535543,0.14075164,0.49667913,0.068188004,0.14870109,0.11856937,0.088422075,0.29753867,-0.0041213855,-0.006207233,0.111325145,0.090850465,0.53325206,0.1862591,0.05085318,-0.002826982,0.06232182,0.1327672,0.026568964,-0.0026971728,-0.0108618215,0.07528745,-0.0047938838,0.058741465,-0.008013204,0.27001128,-0.0021458012,0.15352769,0.29199934,0.15370902,0.22028138,0.010064688,0.17129564,-0.0005948417,0.28211302,0.26368776,0.23022078,0.1275673
TCGA-DU-A7TB,0.24347422,0.7646067,0.36554158,1.4882041,0.20794503,1.2574542,0.28918308,0.31171584,0.18735498,0.21838833,0.2994789,0.34716958,0.6341978,0.15303704,0.004333156,0.22633028,0.10682092,0.13529995,0.702748,0.19127133,-0.008073091,0.41968971,1.1171806,0.38208592,-0.00037050582,0.20627327,-0.021754611,0.23240317,0.6927732,0.26463866,-0.003930675,0.08241725,0.39451092,0.30520132,0.19718269,-0.018792395,0.1115753,0.11358162,0.71858203,0.008200958,0.1652666,0.21610756,0.18447399,-0.0029833892,0.12404863,-0.021005172,-0.0062842504,-0.022162724,-0.0145583255,0.02630543,-0.010958776,0.36871946,0.021003481,0.32854038,0.2931689,0.41753823,0.028061515,0.24263461,0.3947984,0.006696552,0.932663,0.4033099,0.114589095,0.052148893
TCGA-DU-A7TC,0.1252633,0.31910086,-0.0016924326,0.61838835,0.09827159,0.5838148,0.08382395,0.13083044,-0.00017518774,0.021500435,0.24396747,0.21290353,0.34437752,0.13788824,0.031233478,0.05174765,0.0043540644,-0.0004696373,0.26105255,0.2094445,-0.0065510883,0.22236149,0.36493808,0.11341427,-0.0055919643,0.10202083,-0.0024957347,0.12003133,0.50750893,-0.00060658436,0.06262019,0.017283514,0.08761233,0.20169353,-0.00052582176,-0.0020329065,0.052593373,0.0072045475,0.44759098,0.1089337,0.015443198,0.024688449,0.11801199,0.13360381,0.095509596,-0.012202572,-0.004173444,0.111634985,-0.0006965917,-0.001439779,-0.0087271435,0.2127459,0.00036239997,0.09167212,0.34551886,0.10404866,0.09883253,-0.0013068945,0.09585808,-0.0029426448,0.27303323,0.21863696,0.28798348,0.0929658
TCGA-DU-A7TD,0.6553007,0.7667177,0.15938672,1.4911315,0.5617424,1.4166216,0.10228353,0.5604115,0.1268532,0.5739224,0.5188702,0.37538823,0.52084047,0.18575904,0.038808934,0.44990325,0.064111374,0.3179103,1.0654808,0.3688894,0.025708199,0.4173402,1.4174917,0.12057029,-0.0077248313,-0.004573045,-0.0203345,0.035945375,0.5734283,0.2639239,0.20780528,-0.011634146,0.48281252,0.43864518,0.12336915,-0.042887464,0.20034972,0.231749,0.84727037,0.48831213,-0.0039225216,0.0474943,0.08486472,-0.019456604,-0.010814655,-0.01761694,-4.7107413e-05,0.22049999,-0.02768438,-0.0013193742,-0.0047830762,0.4645826,0.30160546,0.96981436,0.19791682,0.5387131,-0.0027448724,0.21794815,0.7443048,0.11692538,1.1269828,0.51738393,0.5304432,0.26366693
TCGA-DU-A7TG,0.033887845,0.44593102,0.116130844,1.0822107,0.081367165,0.9748733,0.16542348,0.27780938,0.12585574,0.14756577,0.39204717,0.12021728,0.35322982,0.16150251,0.13149889,0.13728222,0.07287815,0.09199478,0.5436825,0.3428789,-0.0059425975,0.2615517,0.5270578,0.04199401,-0.016279228,0.10159713,-0.014182123,0.06553833,0.09953625,0.23425053,0.22361656,-0.00812083,0.25938165,0.21643317,0.027056891,0.02587124,0.16211918,-0.017673595,0.64406335,0.2054607,0.13380109,0.24233332,0.48251754,0.05514355,0.077907726,-0.013397105,-0.0010769081,0.029229496,-0.009226364,-0.00071226247,-0.0029968326,0.23149031,0.108521625,0.14326337,0.33018652,0.56125414,-0.0060724257,0.02336042,0.051212087,-0.010908727,0.8370305,0.34452242,0.36242795,0.23380049
TCGA-DU-A7TI,0.111361906,0.3577875,0.014698889,0.6043869,0.06943668,0.5717348,0.06126047,0.12338975,0.038684122,0.13158824,0.28191137,0.07038207,0.30131638,0.22364417,-0.0010660329,0.020783916,0.10875685,0.045777645,0.2055127,0.22507924,0.011618473,0.19789745,0.1187049,0.13329959,-0.014468305,0.12503165,-0.0093288375,0.16746463,0.19834732,0.18041159,0.029230122,0.032779552,0.01633592,0.19182417,-0.0048594647,-0.002427841,0.1013937,0.009331837,0.36778483,0.21804813,0.0026065558,-0.0017442204,0.12089216,0.101457074,0.10450928,-0.008351385,-0.008023135,0.10060133,-0.006798969,0.0067212954,-0.004936005,0.196616,-0.010423571,-0.0047516613,0.36097893,0.12092065,0.07723069,-0.0012804669,0.13071463,-0.009071159,0.33105612,0.20824176,0.27805567,0.11521472
TCGA-E1-5302,0.1123386,0.418761,-0.0060699563,0.4887616,0.17486307,0.48459268,0.0096227005,0.0013067648,0.048477598,0.048041295,0.26877728,0.23150209,0.32292545,0.22368333,-0.009423172,0.0014477372,0.025797818,-0.0030498758,0.11804562,0.19510624,0.0047997497,0.20638385,0.104084864,0.11771346,-0.011349096,0.13562411,0.0047657005,0.17282559,0.43534738,-0.0051497826,0.01983494,0.044034902,0.013445795,0.22940007,-0.002079738,-0.00010742769,0.08203891,0.07806363,0.3368996,0.16311184,-0.0016561138,-0.00041279272,0.014906703,0.12892139,0.040889382,-0.004567546,-0.008896645,0.14081648,-0.0046902765,0.07665429,-0.007381727,0.18800806,-0.012445222,0.012597576,0.36764747,-0.0012393218,0.19694741,-0.0069418806,0.06765589,-0.004870762,0.17007267,0.18369019,0.39355624,0.13119806
TCGA-E1-5303,0.14593138,0.43624443,-0.0024033517,0.6722431,0.112691835,0.61054146,0.022406943,0.15834239,0.0134605095,0.12531333,0.29042074,0.1443346,0.32971036,0.19902515,-0.0062541813,-0.00039402695,0.044412002,0.019650195,0.19951212,0.21163511,-0.0030315376,0.22586133,0.2572045,0.080601215,-0.011361397,0.15701209,-0.0056065787,0.19668043,0.5810693,0.0147571135,-9.889528e-05,-0.0014252693,0.06635553,0.25535968,0.00857484,-0.0069809416,0.045500174,0.05841794,0.45760626,0.069051266,0.020485908,-0.0012518555,0.06993196,0.0972401,0.08082987,-0.006614372,-0.010707939,0.15376268,-0.0044951956,0.014155611,-0.011870371,0.21745855,-0.013389069,0.07067963,0.3330908,0.10657828,0.17020506,-0.0073674293,0.16344509,-0.010262635,0.24061063,0.2638735,0.3821343,0.13561758
TCGA-E1-5304,0.43383172,1.0533693,0.04615474,2.6857245,0.31130597,2.0718665,-0.00015340261,1.0359051,0.42934987,1.4127885,0.66028684,0.15853974,0.83961314,-0.01745464,0.86818767,0.2973846,0.4616325,-0.013493739,1.5631796,0.4972291,-0.045089506,0.8748234,2.6707187,0.3176856,-0.0026529448,0.037952017,-0.022383204,-0.007666552,3.2423513,0.18570635,1.1440303,-0.034189533,0.52622736,0.8902705,-0.030691883,-0.03885531,0.37608957,-0.014833656,1.3411796,0.029055238,0.3495108,0.18359156,0.6003576,-0.059097853,0.00013311952,-0.01860993,-0.0141674895,0.714545,-0.028876975,0.04364679,-0.0072234324,0.93340707,-0.0007817607,0.750834,0.0055045485,1.3230401,0.0480538,0.18618597,0.69438404,-0.03619258,1.352268,0.9239433,0.1250944,0.17761618
TCGA-E1-5305,0.08832249,0.39938927,0.028597046,0.610538,0.07880242,0.7171974,0.0025529265,0.20455435,0.062582724,0.037839454,0.28542614,0.095530465,0.3908378,0.24903,0.030528314,-0.0052690175,0.12357209,0.062228862,0.24614154,0.25806388,-0.0010450989,0.20315365,0.2326817,0.11660839,-0.008396511,0.10962671,-0.005152538,0.13054444,0.20494348,0.18900567,0.20847654,-0.00394128,0.04729577,0.13810469,-0.0043329867,0.046013497,0.06567349,-0.008159452,0.47151208,0.22739062,0.059481014,-0.0013990615,0.15369637,0.0042675063,0.08425705,-0.013132532,-0.0057599586,0.009374667,-0.008916201,-0.00013327152,-0.010409699,0.23392084,-0.006200964,-0.006234595,0.41595146,0.17924732,0.013805082,0.082651705,0.14810106,-0.0037916705,0.41739345,0.25819534,0.23113559,0.038483493
TCGA-E1-5307,0.070282504,0.3678953,-0.0013775632,0.59206504,0.036312256,0.6253078,0.027401991,0.13477638,-0.003397012,0.053646706,0.24158773,0.08105713,0.3486374,0.17159627,-0.0025017795,0.04097528,0.045112144,0.043530714,0.18804438,0.21490335,-0.0031321326,0.19898058,0.17800371,0.14983538,-0.010452251,0.12601723,-0.0061320243,0.15667458,0.30370247,0.16597569,0.090693995,0.019251786,0.054710634,0.17271076,-0.0028012693,0.012132958,0.049074546,-0.0027742765,0.4436477,0.19909263,0.014843915,0.019662617,0.12081485,0.10799596,0.07088143,-0.008078324,-0.005637089,0.015107479,-0.009408173,0.0024509616,-0.008066133,0.22881329,-0.007563001,-0.004184238,0.42216712,0.11311845,0.07935068,0.023557771,0.14100072,-0.0068420838,0.33590502,0.23557036,0.19142187,0.018438093
TCGA-E1-5311,0.10027048,0.45108032,0.029396754,0.75576866,0.085559376,0.71192575,0.055619545,0.16778596,-0.0007424902,0.02043761,0.25796312,0.16662708,0.40612155,0.03706447,0.026684057,-0.0004681617,-0.0020773236,0.023169775,0.31724396,0.11079591,-0.0023596992,0.2643202,0.4583076,0.16578871,-0.0023485161,0.09983378,-0.0056487857,0.0875524,0.7663106,-0.0095742075,0.1516179,-9.771213e-05,0.15305838,0.25527,0.0051132143,-0.0016136892,0.120676704,-0.0066393227,0.53148746,0.13919967,0.07569833,0.020315476,-0.0010709105,0.001072906,0.020582363,-0.007846638,-0.01020609,0.12243517,-0.012607405,0.046553396,-0.013641128,0.2281963,-0.0070882426,0.17740783,0.33680373,0.20003995,0.16329975,-0.0021050014,0.08408755,-0.014446712,0.39386407,0.21644929,0.2603189,0.058330685
TCGA-E1-5318,0.1477921,0.5457447,0.03069083,0.9469178,0.0661003,0.92165655,-0.0035717716,0.34001732,0.048167214,0.011354957,0.33579573,0.23483205,0.5551078,0.108199894,0.038640782,-0.0041309604,-0.0015942432,0.04924718,0.41232488,0.26915586,0.014554121,0.31490716,0.54938525,0.20827092,-0.0011095863,0.18614154,-0.007813418,0.2354756,1.0085874,-0.0054445523,0.3467494,-0.0021258101,0.16891667,0.32592258,0.08492506,0.037642784,0.1838913,0.041511513,0.7395196,0.12762277,0.074905425,-0.001610307,-0.018395076,-0.00854794,-0.0077568265,-0.00834448,-0.015652081,0.11399245,-0.018049223,-0.00028523133,-0.0074115456,0.31452388,-0.00823434,0.43953645,0.29692638,0.084222265,0.1593753,0.031426553,0.17866835,-0.0063144774,0.5352861,0.2236342,0.14417657,0.028825298
TCGA-E1-5319,0.031281475,0.4398474,-0.0036493267,0.7347538,0.11155939,0.69328654,0.14050803,0.11722836,-0.0015042216,0.17945285,0.21971759,0.13320509,0.4072724,0.107619554,-0.003366851,0.053376198,0.0052477857,0.08949709,0.31030348,0.14761299,-0.00859047,0.20964938,0.29564705,0.09786314,-0.007296003,0.03032953,-0.0043294756,0.19963464,0.32291806,0.13215177,0.0768871,0.12802973,0.063141316,0.22733882,-0.0058238455,0.010307953,0.12613013,0.04607796,0.6183495,0.22642252,0.025412682,0.025907107,0.14102629,0.080200925,0.013209045,-0.006248612,-0.0018213441,0.036478426,-0.015474245,0.08282701,-0.010162612,0.2668308,-0.007543777,0.12107756,0.36405239,0.2218833,0.13478297,0.009044196,0.23169407,-0.008702301,0.3848408,0.19168901,0.23051831,0.0807899
TCGA-E1-5322,0.09605476,0.36885476,-0.0050286236,0.4991323,0.080389515,0.46435076,0.017701246,0.061445568,-0.000887413,0.061362773,0.21927956,0.18829545,0.3368687,0.17795567,-0.0035265086,-0.0047625853,0.013413531,-0.0039982484,0.12592158,0.19358373,0.030302279,0.20328982,0.18411623,0.12684076,-0.006891399,0.1440642,0.0057852305,0.13389967,0.53092456,-0.0052606054,0.0024394654,0.054101747,0.0034054369,0.20353478,-0.0047196536,-0.0013765552,0.0680577,0.03534594,0.38637596,0.14629921,-0.0026271928,-0.0033618014,-0.0037895346,0.1419467,0.053267412,-0.0010270022,-0.0066064894,0.17122416,-0.0020084274,0.00036611408,-0.007971471,0.18466581,-0.008692914,0.055686403,0.3404471,-0.0038487662,0.14989838,-0.004747636,0.08644734,-0.0048573907,0.15601967,0.15423408,0.33114636,0.0708151
TCGA-E1-A7YD,0.28174776,0.6023739,0.20293805,0.79560316,0.41465583,0.7964506,0.062351525,0.14670329,0.067826964,0.14542064,0.20231187,0.47108316,0.42592943,0.21935296,-0.0012511422,0.006090492,0.13581663,0.030658755,0.29530016,0.19875942,0.07582614,0.28405523,0.53297573,0.18741146,-0.0001543507,-0.00027060328,-0.0026151424,0.07131553,0.43178308,0.20463821,0.116914615,0.21268518,0.25965816,0.3327784,0.06637944,-0.017991776,0.088955455,0.0356721,0.571184,0.32957008,-0.0032300947,-0.00024549663,0.033676304,0.25059697,0.0019441396,-0.0064461217,-0.0074602487,0.34648004,-0.012033132,0.27557868,-0.0010153543,0.23806345,-0.00017072224,0.20798396,0.37885338,0.17717507,-0.0014863244,-0.013445097,0.33581057,-0.006253049,0.45281497,0.16495928,0.29839355,0.042151235
TCGA-E1-A7YE,-0.0033298258,0.5362361,0.09587264,0.79742855,0.14684549,0.7575704,-0.007856621,0.23080228,0.113819756,0.11916971,0.31196535,0.34049177,0.5479977,0.3287433,0.09521349,0.1190945,0.1450609,0.10944471,0.27045128,0.12115347,-0.0009000145,0.17255989,0.4254198,0.25166708,-0.0061554867,0.10907758,0.014239106,0.19430442,0.30126512,0.32286617,0.1785577,0.12728503,0.06806864,0.24854061,-0.0042487714,-0.002214133,0.0030803308,0.057452537,0.69242066,0.2835297,0.09393029,0.10441308,0.1420054,0.14042526,0.0603423,-2.238527e-05,-0.0060412306,0.2250864,-0.009105175,0.010556519,-0.015812846,0.32659885,0.014320452,0.15132499,0.22796106,0.35914475,0.07550358,0.11549036,0.23063707,-0.01117642,0.600095,0.15439874,0.18948871,0.04676108
TCGA-E1-A7YH,0.09407298,0.39588076,0.023023415,0.60215116,0.11868956,0.55652285,0.057038322,0.15593979,0.024821542,0.09761208,0.20761445,0.15126163,0.33756936,0.1990003,0.0056352345,-0.0034108285,0.07487821,0.07526213,0.22422269,0.24573395,-0.0002807766,0.22839011,0.25209,0.12003478,-0.006998583,0.13820761,-0.0036829624,0.20188937,0.38105816,0.0025208015,0.03705531,0.030224413,0.04869865,0.22301966,-0.002138853,-0.004385003,0.06080471,-0.0009878714,0.48332343,0.17294808,0.031017434,0.04387401,0.09675925,0.13918066,0.083989054,-0.007298888,-0.008703415,0.130538,-0.00589658,0.005322121,-0.009787421,0.21312138,-0.0045882296,-0.0024188894,0.35508904,0.097173505,0.12657513,-0.0020756715,0.10913459,-0.0044277757,0.285826,0.18710595,0.260757,0.09302561
TCGA-E1-A7YI,0.18251237,0.5958754,0.17882466,0.9835938,0.1567266,0.91677773,0.012557186,0.26904815,0.17702371,0.12076339,0.4097278,0.33876744,0.5554894,0.28805876,0.09482776,0.06992637,0.11510559,0.018676873,0.5642246,0.32192427,-0.0032065131,0.34365848,0.6634544,0.20764762,-0.021181852,0.100059,-0.017240008,0.06639315,0.46054775,0.49560744,0.33499485,0.050149664,0.031425007,0.32254368,-0.0037997968,0.014026217,0.07551502,-0.0021244145,0.6642359,0.39005798,0.022337332,0.034983218,0.08505619,0.0042018816,0.020278625,-0.00923094,-0.0010242198,0.23173614,-0.011775888,0.0027090535,-0.0002334904,0.48343697,0.050769415,0.3186863,0.2710549,0.21737629,0.09440213,0.16650979,0.25931007,0.01423002,0.69098353,0.27455923,0.1713832,-0.0025493132
TCGA-E1-A7YJ,0.0985993,0.49129796,0.06976867,0.9948889,0.27590474,0.6892657,0.09589272,0.2945705,0.11695694,0.40521967,0.34681982,0.34154412,0.3120911,0.25274542,-0.0039950516,0.040765144,0.14354464,0.07915501,0.5063991,0.2383044,-0.005661013,0.35987198,0.3545015,-0.002184897,-0.014901044,-0.0016976234,-0.015851596,0.26258153,0.25877076,0.31506485,0.3587108,-0.0038657382,0.043107823,0.25152415,0.058386587,-0.017355505,0.09115115,0.011811413,0.73089904,0.22400853,0.015036132,-0.003901628,0.1844421,0.17597456,0.008264676,-0.0023922238,-0.0217761,0.17400496,-0.0014280487,0.0144177005,-0.00118616,0.42647603,-0.004519474,0.14273119,0.20865542,0.44515914,0.24359238,0.0028033592,0.20867074,-0.007980951,0.54241014,0.38328075,0.3605471,0.36665684
TCGA-E1-A7YK,0.0520673,0.8098191,0.21219975,1.2127043,0.3009908,1.1527919,0.020537406,0.56098855,0.24894118,0.48236248,0.4062118,0.31942356,0.4911319,0.3223189,0.08770613,0.06355761,0.19415668,0.23897675,0.62387997,0.39261675,-0.00038040988,0.30399016,0.6785964,0.051270917,-0.00019361153,0.16438542,-0.013442278,0.4028836,0.20494965,0.29512584,0.14699817,-0.0149467755,0.20304275,0.17507645,-0.0031936595,-0.012242206,0.22237569,0.05500289,0.8518787,0.3143704,0.11522558,0.12218942,0.33551162,0.0068426207,-0.0014934968,-0.011865285,-0.019552274,0.11674027,-0.01783691,0.048927553,-0.012502502,0.46094987,0.12801841,0.23866522,0.1838421,0.6225413,0.032914758,0.13807365,0.36528522,-0.004340887,0.87701994,0.3807896,0.44667396,0.25430554
TCGA-E1-A7YL,0.30790025,0.5260901,0.123490274,1.1421566,0.37391084,0.98071957,0.093724154,0.176605,0.09976631,0.4179713,0.3236484,0.6564505,0.38632822,0.2007659,0.08745422,0.09925979,0.07751713,0.0129904635,0.6133191,0.1763606,-0.00040600897,0.32305858,0.64790386,0.31428736,-0.019336298,-0.0076695057,-0.005360569,0.14047168,0.27704975,0.30549866,0.24059875,0.1561853,0.27945113,0.28918898,0.01983779,-0.026456658,0.1119945,0.06491446,0.69751084,0.22524843,-0.008910864,0.022628207,0.1841771,0.22103035,0.028022438,-0.012003287,-0.0041012694,0.31779903,-0.011137582,0.22010517,-0.0049813814,0.43991098,0.0048496164,0.5841738,0.15591034,0.45592356,-0.0058445795,0.07113311,0.36537433,0.08762367,0.68034196,0.27556846,0.35504553,0.27157927
TCGA-E1-A7YM,0.16757405,0.6393313,0.107111424,1.054539,0.33928385,0.9622709,0.11802899,0.33161747,0.09499437,0.25242338,0.3154468,0.30428293,0.40405846,0.15433167,0.1290025,0.1416533,0.14173374,0.24319458,0.51322013,0.38762894,-0.0038016916,0.29771557,0.55284274,0.10321829,-0.0076199337,0.08942913,-0.008599088,0.29692563,0.20717973,0.08745041,0.09570916,-0.013017683,0.2897247,0.36672676,0.04940053,-0.00418926,0.27957866,0.0063726977,0.69013685,0.12049006,0.17427918,0.07095904,0.3153314,0.021108918,0.07398448,-0.008779749,-0.011060299,0.095227525,-0.0057480102,0.017963342,-0.0077092084,0.2709495,-0.0032152634,0.0019407908,0.27396387,0.49629754,0.065538086,0.03316756,0.19561225,-0.010193716,0.7486324,0.3763484,0.4589974,0.21960442
TCGA-E1-A7YN,0.21493956,0.65016514,0.104707554,1.1557227,0.39370725,1.0459207,0.12230226,0.38258934,0.18387106,0.5581985,0.36298788,0.25957745,0.33825934,0.14376804,-0.0037990648,0.012183923,0.091817096,0.27515426,0.66000384,0.17419761,0.09750119,0.28927317,0.4649536,0.036386102,0.029195733,-0.0034241404,-0.00823193,0.33470297,0.03536047,0.33848578,0.15759747,-0.0037826658,0.14787051,0.103546485,-0.0040554903,-0.005008653,0.25323406,0.07196357,0.669941,0.33603743,0.013001975,0.17389786,0.20085257,-0.017383218,0.023022354,-0.018188102,-0.01923829,0.17428972,-0.028915321,-0.0019752015,-0.014827496,0.4139627,-0.007385041,0.6809783,0.08381663,0.40195298,-0.007839535,0.10233812,0.44675702,-0.0026762113,0.8519765,0.32021323,0.52484584,0.41371357
TCGA-E1-A7YO,0.05926549,0.33126217,0.004512392,0.5414909,0.09097984,0.6446933,0.004935138,0.16752076,-0.004511181,-0.00046651738,0.24675938,0.09220313,0.32312906,0.21411514,0.03156111,0.062496,0.09147728,0.027687438,0.28111047,0.25130725,0.019346848,0.17552927,0.19521053,0.13523147,-0.011910972,0.105646595,-0.005173119,0.16977794,0.20967528,0.12767096,0.14430887,-0.00052277296,0.017006643,0.16354708,-0.001359056,0.074986,0.05081641,-0.0061161877,0.48138103,0.24103323,0.005900804,-0.00015384369,0.13354193,0.10668485,0.10425982,-0.008647333,0.0031387582,0.06484325,-0.004977398,0.0068725497,-0.010016489,0.20186101,-0.002439153,0.0050822766,0.45756784,0.081455745,0.01321082,0.041145135,0.08495049,-0.008187755,0.35464823,0.17957298,0.19534583,-7.561669e-05
TCGA-E1-A7YQ,0.15876423,0.46379036,0.079386175,0.87547815,0.26424518,0.65190756,0.01642599,0.19835755,0.054217145,0.34606928,0.28593457,0.28745303,0.3429165,0.20654958,-0.0005600487,0.12205597,0.1538234,0.03297832,0.3760769,0.34950387,-0.003299328,0.28254518,0.29345146,0.05473426,-0.017949605,0.09598431,-0.011978797,0.1990827,0.18611927,0.2866073,0.309201,-0.0019716755,-0.0012167551,0.26309583,0.019965004,-0.01035802,0.12114863,-0.011483416,0.59303516,0.26543206,0.00087697804,-0.006218841,0.014613526,0.09677854,-0.0018318847,0.020062298,-0.0075479955,0.2224388,-0.004699121,0.08186228,-0.003758619,0.23179752,-0.007729502,0.33822903,0.32864666,0.26863706,0.058560997,0.09744345,0.1895883,-0.0026369088,0.46236736,0.2777193,0.2541554,0.25100058
TCGA-E1-A7YS,0.19733442,0.39046213,-0.00091391394,0.6069325,0.074608564,0.47559643,0.11257412,0.11656527,0.010897711,0.04257991,0.22933567,0.24399155,0.44746625,0.18031728,0.08101417,0.0042172894,-0.003790278,-0.005298607,0.18958502,0.20647763,-0.007116452,0.19854541,0.20044777,0.08948678,-0.006569901,0.012830701,-0.0029430804,0.14586855,0.43271422,0.09945038,0.1276906,0.039824724,0.017838359,0.1875152,-0.0076442743,-0.0002897367,-9.468645e-05,-0.0062067253,0.4074311,0.19671968,0.044838842,0.0060506556,-0.007692455,0.024163641,0.08320539,-0.0099458685,-0.0082362965,0.17954113,-0.0061376034,0.05028855,-0.0053460672,0.25960892,-0.0031033363,0.113637514,0.380595,-0.0018395815,-0.0014591912,0.056614053,0.10352703,-0.0017759979,0.27608487,0.19710226,0.19283485,-0.0060548433
TCGA-E1-A7YV,0.13274956,0.44912443,0.085053355,0.9351231,0.1439763,0.6551008,0.052216552,0.12206007,-0.0047869566,0.2377921,0.2736525,0.24009973,0.5014023,0.1734585,0.15993509,0.046187595,0.06293249,-0.00045818818,0.3657091,0.1426743,-0.014486993,0.31990132,0.5128893,0.19669278,-0.007739443,0.0020811516,-0.0005577933,0.117562845,0.50943977,0.07291289,0.15906733,-0.0051535903,0.24671891,0.33523065,-0.008141437,-0.0045799413,-0.0017633543,0.0681699,0.6532953,0.21522975,0.13143902,-0.005186751,-0.005902084,0.08852382,-0.00032890588,-0.0039330134,-0.010590384,0.27225223,-0.0019997102,0.023966178,-0.011977854,0.27411824,0.11724278,0.39337263,0.2311418,0.19349068,0.06680931,0.2299378,0.12731329,0.006670125,0.51922303,0.11240754,0.26684928,-0.0005692605
TCGA-E1-A7YW,0.09261577,0.43505788,0.034878287,0.6074365,0.08814614,0.71558625,0.019500371,0.22015345,0.043741427,0.08776003,0.2752976,0.067345425,0.3626094,0.28897992,0.023441087,0.030268893,0.12563634,0.057087902,0.24592303,0.34056228,0.06892485,0.19871987,0.20021941,0.14413957,-0.013567077,0.1103738,-0.009556924,0.18362395,0.13953817,0.24612275,0.060719956,0.029592492,-0.0012356878,0.20026836,-0.0015995711,0.03567667,0.06609565,0.010790221,0.49437252,0.29691976,0.009381551,0.031304438,0.21779758,0.08850808,0.10574272,-0.010305233,-0.0064388188,0.06481445,-0.009665236,0.004173383,-0.009204088,0.22066107,-0.0067811715,-0.010769226,0.42722845,0.097153924,0.04523021,-0.0023474728,0.16665953,-0.009570127,0.37945253,0.20559832,0.2511167,0.06934945
TCGA-E1-A7YY,0.07112177,0.36215937,0.13969076,1.0335531,0.067066684,0.9725741,0.265692,0.22820032,0.072622426,0.04233827,0.27759054,0.27529982,0.31117362,0.03528376,0.056262046,0.05498614,-0.0024327922,0.11066057,0.41318083,0.3365398,-0.010333112,0.20611943,0.6375424,0.09154474,-0.012571531,0.12886566,-0.006782034,0.06737593,0.38333687,0.22768828,0.081677064,-0.0014033318,0.2500952,0.14833108,0.08085411,-0.008438913,0.2042717,-0.010538166,0.6444411,0.18889196,0.027375918,0.3403596,0.47023958,0.06375055,0.050450638,-0.025955332,-0.0076042414,0.055934597,-0.011855029,0.021625593,-0.0048956405,0.26936346,0.1017739,0.13300507,0.14595181,0.5544165,0.026050204,-0.001414061,0.060693964,-0.013063699,0.7124616,0.36733136,0.3668324,0.32638133
TCGA-E1-A7Z2,0.32653084,0.54411286,0.08454837,0.7881868,0.34173265,0.7841631,0.07569843,0.18251485,0.06770543,0.102340266,0.2719871,0.36207193,0.34821844,0.090068236,0.0062682545,0.021455865,0.14613661,0.04175766,0.39851412,0.24459958,-0.0044823894,0.19593322,0.3599117,0.065639004,-0.015741905,0.08055517,-0.00504067,0.26492825,0.31774166,0.008687476,0.13878374,-0.007913723,0.21550557,0.16709605,0.08184256,-0.00452329,0.16674146,0.038066626,0.51122606,0.10160465,0.011127248,0.011096617,0.16005273,0.006781809,0.038501073,-0.0108618615,-0.012585849,0.10551454,-0.00084064045,-0.0014396862,-0.008991312,0.2197167,-0.0023088704,0.001835136,0.3081838,0.17861727,0.11363825,0.07332367,0.17815971,-0.0039073066,0.435692,0.31522304,0.46621582,0.19191985
TCGA-E1-A7Z3,0.07800637,0.46727592,0.076522976,0.8926892,0.17738941,0.8160811,0.11022087,0.26339757,0.14448053,0.10521524,0.344313,0.11905275,0.41831475,0.19617775,0.027029105,0.09734275,0.1361151,0.085256055,0.4611173,0.2971818,0.043298684,0.27339533,0.4495323,0.16322428,-0.01171018,0.16555348,-0.0108157145,0.14879492,0.3146218,0.1289685,0.07635735,-0.0016071678,0.19973218,0.23891592,0.057865165,-0.005923657,0.12804285,-0.00792264,0.54036146,0.14771405,0.07580322,0.13315344,0.2709414,0.030372962,0.05676526,-0.013079814,-0.0023345908,0.042211954,-0.00956171,0.019126453,-0.011166583,0.24168718,0.05976962,0.18357264,0.27887917,0.33486262,0.018966163,0.023919452,0.12967165,-0.007914959,0.61827344,0.21970591,0.31066853,0.20785816
TCGA-E1-A7Z4,0.15739927,0.39638937,0.02354334,0.60489064,0.14221399,0.57516223,0.07013189,0.19259667,0.06697235,0.07191859,0.26349524,0.13537112,0.3341236,0.18823312,0.0142028285,-0.00094133615,0.105901115,0.083598524,0.23287067,0.27892572,0.0016162544,0.22895609,0.09293631,0.17850263,-0.010951571,0.10022105,-0.009803176,0.28341082,0.21314377,0.056060344,0.053852174,0.0260377,-0.0045580305,0.24548733,-0.0049570412,-0.006732043,0.115310036,0.016319267,0.47401428,0.13763872,-0.0025337702,0.013352651,0.15849552,0.101243034,0.059720542,-0.0058807475,-0.0062510357,0.104077294,-0.013116441,-0.0005269546,-0.00871976,0.2056351,-0.014517424,-0.010276281,0.3577443,0.122438245,0.16851997,-0.0028496706,0.10509169,-0.0076346137,0.3390212,0.23913512,0.32208985,0.13623105
TCGA-E1-A7Z6,0.12569338,0.45248616,0.08095834,0.6612258,0.12675807,0.84241235,-0.0025766145,0.3110804,0.1796155,0.22215746,0.36103755,0.034753397,0.31335825,0.43057087,0.01382764,0.028995924,0.23007004,0.18056217,0.30579868,0.45660576,0.07032576,0.20385635,0.1229489,0.11610541,-0.024616977,0.034207627,-0.02010707,0.22499335,-0.021993756,0.3530197,0.056459162,-0.007347946,-0.0058972384,0.15418778,-0.0029000528,0.044012837,0.09620006,-0.0005727179,0.63668615,0.39379624,0.006986879,0.14347829,0.41660732,-0.0001255542,0.11207831,-0.01643692,-0.0023032916,0.1294826,-0.014463413,0.041144684,-0.0068805204,0.33487284,-0.010534247,-0.018473892,0.35978597,0.25702757,-0.0015999338,0.015637267,0.17395252,-0.011004032,0.51426125,0.2564849,0.31945914,0.16212545
TCGA-EZ-7264,0.12034656,0.41175416,0.008189056,0.5778651,0.043338366,0.6298617,0.0072860755,0.13807237,-0.0008298762,0.046268675,0.22506216,0.14484671,0.3982017,0.23866996,0.046807747,-0.00016199797,0.045468934,0.053826977,0.22684044,0.21095362,-0.0036553273,0.2146859,0.2715233,0.14244834,-0.009814211,0.12161749,-0.007061224,0.16777842,0.3489085,0.15619901,0.16075082,0.04199817,0.0055783987,0.16702503,-0.004556893,0.04216151,0.02946375,-0.0029182099,0.47481558,0.24404088,0.015785836,-0.0010147259,0.034199685,0.07575717,0.0630236,-0.0047036298,-0.0032775234,0.040425185,-0.007967775,0.002294518,-0.009649221,0.2390373,-0.0061354716,0.007834626,0.4523364,0.06941319,0.06012202,0.046390373,0.14795394,-0.0009781301,0.33460832,0.2140657,0.14964148,-0.0040576146
TCGA-FG-5962,0.05332351,0.42216814,0.017836425,0.7598192,0.032328248,0.7969207,0.081740394,0.18430127,0.039355427,0.22604644,0.3299805,0.0040325522,0.3461042,0.1630962,0.05459382,0.19932428,0.08511274,0.08777094,0.3786942,0.32598296,-0.008705618,0.21064916,0.31160882,0.1503371,-0.0056020096,0.054559633,-0.0092012035,0.15160245,0.07497334,0.30756858,0.1583835,0.026914127,0.14437658,0.0933353,0.02498386,0.04411464,0.11701491,-0.008074568,0.52146345,0.21873808,0.11542033,0.009132722,0.20738202,0.068930835,0.105365016,-0.013846773,-0.003448473,0.037365627,-0.0078068646,0.042418405,-0.009357683,0.26227382,-0.0019490336,0.04754976,0.36347398,0.25228265,-0.0012617207,0.09127203,0.21855387,-0.0027769026,0.60684705,0.27464753,0.14179878,0.03852176
TCGA-FG-5963,0.23877487,0.8337192,0.39974073,1.8972843,0.18711554,1.4612944,0.060832433,0.43638384,0.26409838,0.8253858,0.53560024,0.48688972,0.68196064,0.12308037,0.09218255,0.34888774,0.22091171,0.1257211,0.98850214,0.4242111,0.01601271,0.5639347,1.1778377,0.42583042,-0.00017729179,0.1485595,-0.022850273,0.17819351,0.72229433,0.5510794,0.0024479814,0.25887656,0.3521605,0.49094433,-0.002821856,-0.030365309,0.15895826,0.17411783,1.0599245,0.2257086,0.32624176,0.12812898,0.28496414,-0.0053800116,-0.012906871,-0.027528822,-0.00993785,0.1749277,-0.027446926,0.024119996,0.059869032,0.9178354,0.117696404,1.1233207,0.06933654,0.5054826,0.07287048,0.27609992,0.6134424,0.079609714,1.0215017,0.51748484,0.2291807,0.31884742
TCGA-FG-5964,0.09321676,0.38299897,0.030152407,0.7896473,0.016344119,0.6191857,0.0589881,0.11430545,0.017176114,0.27232233,0.22354007,0.109306365,0.31441647,0.11616111,0.023240425,0.10231573,0.081902176,0.03748689,0.3680587,0.2338585,0.00910892,0.22998849,0.28991148,0.13291648,-0.01157781,0.10864186,-0.009945149,0.30396658,0.2381598,0.1376265,0.06924386,0.023387201,0.15131158,0.18654758,0.082277305,-0.0044745617,0.058039904,-0.00093001727,0.5263672,0.10752356,0.01829585,0.013006745,0.07162974,0.12304026,0.056398347,-0.008693445,-0.0038273663,0.06943168,-0.003040671,-0.004066866,-0.006713334,0.31213453,0.021211687,0.13583598,0.3175314,0.07578445,0.06907784,0.06941973,0.1975281,-0.007500185,0.45916605,0.24783583,0.21906857,0.12166239
TCGA-FG-5965,0.12704483,0.44265574,0.11891849,0.8806394,0.110487215,0.66067237,0.12519759,0.1752329,0.06366619,0.27610508,0.3235647,0.16174713,0.41542327,0.10766178,0.01983076,-0.0023251816,0.05006976,0.04216971,0.35520586,0.24927089,-0.006224911,0.30776706,0.3815328,0.1538459,-0.008409211,0.1032577,-0.0054070484,0.16823217,0.32539555,0.1124649,0.18128675,-0.00039482565,0.17400175,0.26466703,-0.0018951976,-0.005610702,0.102359094,0.0058386773,0.5374657,0.119822636,0.035792116,-0.00056626427,0.12640522,0.10505299,0.030475542,-0.0033246742,-0.003934785,0.14457355,-0.0037130218,0.028100811,-0.009150468,0.29057,-0.0032310751,0.20830452,0.27099058,0.23391008,0.14450082,0.053854253,0.15542752,-0.0022033216,0.4485345,0.26841304,0.3238552,0.18645398
TCGA-FG-6688,0.21383145,0.73993087,0.18641526,1.3512326,0.48936692,1.1393486,0.09777739,0.3962741,0.1608432,0.81242704,0.42017674,0.19063154,0.45462453,0.045189753,-0.005740739,0.2865399,0.30000994,0.2227076,0.78644526,0.41296443,0.05684325,0.48366815,0.41976836,0.16321746,-0.0045131915,0.04834145,-0.008030009,0.31992754,0.10988657,0.3625632,-0.000555126,0.12952048,0.5619365,0.30488756,0.030427314,-0.03065206,0.25411472,0.065654494,0.7777967,0.060003962,0.2612929,0.005355466,0.26723906,-0.022214726,-0.009739384,-0.0021082945,-0.021109855,0.2151927,-0.014535706,0.07769514,-0.009930235,0.61075085,-0.0039088563,0.25619972,0.16512513,0.5555078,0.09459871,0.27572218,0.5170005,-0.0034781925,0.98454744,0.29498047,0.46606657,0.5259058
TCGA-FG-6689,0.059439246,0.4379471,0.00420798,0.7847559,0.07559118,0.7151402,0.085460894,0.23639631,0.027913958,0.16278015,0.32535297,0.10051641,0.3600474,0.18383875,-0.0013206971,0.07159021,0.096963964,0.10171187,0.34521076,0.23891747,-0.0020165213,0.248937,0.304068,0.13531195,-0.003422503,0.11199833,-0.009587149,0.14352868,0.316921,0.13350022,0.071686015,0.03698171,0.101943046,0.20890757,-0.0019685382,-0.0013167724,0.10594948,0.009123035,0.5216336,0.12085895,0.065761715,0.016398687,0.22006027,0.075945124,0.07609611,-0.008216566,-0.0036950514,0.019248072,-0.010167064,0.046057947,-0.004964898,0.22986227,-0.0065143914,0.05379291,0.37569252,0.29212618,0.1269963,-0.00071862264,0.18342595,-0.008601077,0.46348906,0.27097479,0.25184903,0.1304871
TCGA-FG-6690,0.208583,0.6162216,-0.0059408075,0.94272745,0.11329526,0.8221022,-9.9334866e-05,0.33014476,0.049042962,0.35095268,0.30946603,0.02954394,0.40480942,0.20968826,-0.0014898711,-0.00093762187,0.012857192,0.0535311,0.38623375,0.29728276,-0.006164154,0.30992007,0.38677087,0.18692717,-0.0031862203,0.16330831,-0.017319325,0.23373608,0.45937997,0.034895502,0.04320282,-0.007177143,0.14147906,0.25538585,0.062965065,-0.015645478,0.12995778,0.17218265,0.58415234,0.12783602,0.08611883,-0.0024563153,0.09856845,-0.0023085661,-0.005912705,-0.011348489,-0.014412637,0.07557689,-0.011547816,-0.00079069886,-0.021772074,0.3098374,-0.007539456,0.18488735,0.2771005,0.25823352,0.20807566,-0.0011564888,0.2988384,-0.005629661,0.5298421,0.33737814,0.40771624,0.18259421
TCGA-FG-6691,0.114589766,0.42134959,0.021228645,0.68375254,0.08452275,0.6770588,0.057507627,0.17212898,0.038984112,0.104347914,0.24829933,0.14484456,0.3680851,0.18981445,-0.0017795198,0.0034988448,0.07835258,0.08115497,0.24117942,0.27001753,0.027175345,0.25321612,0.25090054,0.13961077,-0.009289866,0.15284671,-0.0069120885,0.18274812,0.32117522,0.14168608,0.07638879,0.0517137,0.057425693,0.23907828,-0.005750116,-0.0023195401,0.06632296,0.020991594,0.48996404,0.20780835,-0.0012180724,0.029318223,0.13684785,0.08116044,0.047952145,-0.0066501484,-0.0029517908,0.068754,-0.008412729,0.013047107,-0.008921652,0.25013748,-0.008284827,0.014837094,0.3669399,0.14157614,0.08078861,-0.0004017439,0.1682218,-0.004846547,0.34819588,0.2362605,0.20456885,0.10141626
TCGA-FG-6692,0.2974508,0.65792406,0.23220658,1.4441383,0.23762679,1.1970737,0.15341592,0.41649354,0.18163133,0.46854603,0.5190512,0.29661646,0.5407926,0.10220286,0.06362833,0.2691186,0.083397575,0.07906076,0.7434993,0.07934205,-0.022944247,0.48109517,0.850945,0.13239327,-0.0023983554,0.08254862,-0.024228279,0.103182256,0.44201052,0.55828094,0.5583497,0.011510849,0.3020361,0.4120177,0.038789608,-0.01735191,0.08730266,-0.012410277,0.8892055,0.3426812,0.15585211,-0.0053947023,0.13553561,-0.0128550595,-0.0062264386,-0.018355144,-0.006479216,0.20056584,-0.025177276,0.04569026,-0.0017943885,0.5829671,0.04457051,0.66799384,0.18355969,0.56158113,-0.0018845638,0.106237724,0.44905236,-0.0055609206,1.0512686,0.40562806,0.20483716,0.18956399
TCGA-FG-7634,0.053834368,0.40588593,0.022701357,0.69523954,0.08114669,0.6855318,0.020656034,0.17500837,0.036560446,0.12103234,0.24852866,0.15023965,0.37222308,0.14992267,0.032442894,0.0051502995,0.09951506,0.05693851,0.31814632,0.20375083,-0.00125335,0.23702939,0.30412877,0.12126912,-0.010165972,0.10117703,-0.0062325443,0.1328013,0.32041287,0.19554447,0.17262076,0.030198202,0.053683527,0.22050452,-0.004182135,-0.0022434436,0.048079304,0.011724472,0.52520037,0.21100917,0.029852133,-0.003798334,0.04519128,0.06250369,0.038226154,-0.004706602,-0.005578754,0.08063917,-0.010636914,0.018289559,-0.00621918,0.27784497,-0.001984055,0.11139424,0.3767181,0.16714334,0.061750107,0.033122938,0.19527242,-0.0087186275,0.4030207,0.24105552,0.17373572,0.040402256
TCGA-FG-7636,0.11694652,0.4134121,0.0005887188,0.633803,0.046749867,0.55696243,0.06390597,0.17239355,-0.0022146744,0.10227771,0.25700432,0.11733162,0.37749177,0.16238351,0.0016743643,0.056253858,0.011640661,0.0675835,0.24644709,0.2691456,-0.0019443717,0.2495911,0.28365028,0.183926,-0.004605724,0.08262724,-0.006289549,0.10009144,0.38827324,0.11607297,0.053056348,0.035412095,0.061418295,0.25101653,-0.0020651936,-0.002842833,0.07402609,0.032319315,0.45843795,0.117648676,0.083768755,-0.00065954926,0.117474265,0.102398515,0.09394866,-0.005237834,-0.0062483903,0.064266294,-0.0039517474,0.0062167794,-0.0055491175,0.2003864,-0.009532312,0.06461495,0.34744483,0.1654762,0.14327683,-0.003820061,0.13876146,-0.0065390803,0.32630044,0.2374832,0.22541359,0.04494582
TCGA-FG-7637,0.036422346,0.36517686,-0.0021848527,0.55810267,0.006703846,0.654623,0.0062911473,0.16072643,0.00944268,0.0699549,0.25954676,-0.0009297758,0.31460977,0.1825105,0.0007899804,-0.0012663167,0.08596531,0.026273623,0.29217872,0.18508598,-0.0036062885,0.23024769,0.23155986,0.13946274,-0.0049604853,0.1030996,-0.009989589,0.13746585,0.25764206,0.13327372,0.1822805,-0.0030347065,0.052678466,0.11935429,-0.00042854474,0.026979852,0.014538819,-0.0035375431,0.5171882,0.22164682,0.037647564,-0.008564909,0.086093865,0.043229267,0.061660495,-0.0072565186,-0.0018278304,-0.0031218906,-0.007474324,-0.00033826753,-0.014069323,0.21688396,-0.0019069683,0.09294039,0.48605594,0.1811493,0.0734837,0.06256594,0.15551192,-0.0065309512,0.38739425,0.19293515,0.16322453,-0.001319106
TCGA-FG-7638,0.11335389,0.40259722,-0.0017080818,0.6752148,0.0854162,0.78100216,0.08698337,0.15564452,0.060280718,0.050674114,0.28809184,0.13816126,0.36051935,0.16518018,-0.003586263,0.031826258,0.09267361,0.053371888,0.3493037,0.21235283,-0.0026995,0.21477582,0.28968284,0.1353102,-0.014195866,0.09279675,-0.007537532,0.14646143,0.30361444,0.12968019,0.090798125,0.056316905,0.06707217,0.15630458,0.0120994225,-0.0010981478,0.089374505,0.032316543,0.5527793,0.20074642,0.009366613,0.0031720959,0.1712971,0.029816993,0.060509235,-0.013057455,-0.00060103944,0.0020066537,-0.009218465,0.04800705,-0.007662245,0.26029623,-0.0036375334,0.08101423,0.37650546,0.21152884,0.07093798,0.066165,0.17580327,-0.007608708,0.41881815,0.20935237,0.18814969,0.08175034
TCGA-FG-7641,0.024638008,0.40086877,-0.00013094656,0.60995597,0.04496065,0.6967412,0.076989435,0.16866663,0.032959633,0.06917854,0.26668733,0.020472296,0.3527187,0.1655224,-0.0022835077,0.049569637,0.05593034,0.059511174,0.24393469,0.23821571,-0.0019039661,0.18149126,0.19223608,0.18646497,-0.0060710716,0.120694235,-0.004524013,0.12196493,0.21175575,0.20240113,0.10448934,0.02577877,0.10247432,0.0998784,-0.00020933375,0.037808105,0.07849914,-0.0034707398,0.502278,0.187632,0.061470363,0.021454228,0.14653419,0.056158297,0.07645426,-0.008290584,-0.0055255606,-0.0036151079,-0.007785748,0.03904792,-0.012069493,0.19718814,-0.008224196,-0.00015920137,0.40330413,0.16328633,0.059983037,0.042718995,0.17391413,-0.007637827,0.45250154,0.22443707,0.1540246,0.036762223
TCGA-FG-7643,0.15478954,0.5849624,0.12257278,1.1739978,0.18530509,1.0467294,0.26185235,0.24766429,0.15623441,0.25375178,0.31982478,0.15230134,0.3756224,0.047295853,-0.00570436,0.06445711,0.17516142,0.23374456,0.58782995,0.245675,-0.013460514,0.36290216,0.48018718,0.11769808,-0.0107175475,0.13506727,-0.0065711336,0.12447263,0.30511823,0.17435195,0.13421082,0.016126297,0.41570947,0.14989866,0.035929345,-0.014212119,0.2158705,-0.0099458825,0.71174324,0.09142207,0.14888862,0.19251429,0.48050225,-0.00800151,0.00302881,-0.017191622,-0.013702958,-0.010014062,-0.015996916,0.09666888,-0.014777337,0.25914344,-0.002404234,0.19005458,0.15914103,0.7205447,0.057725348,0.08029243,0.27473655,-0.017313568,0.7562998,0.30614555,0.40597248,0.33767283
TCGA-FG-8181,0.04387484,0.33194023,0.20109482,1.2359111,-0.0014639769,1.1226544,0.33129847,0.320978,0.17019078,0.3190323,0.4316098,-0.006645722,0.3203088,0.03466265,-0.0024173984,0.115492575,0.12023256,0.2230979,0.6124249,0.35409313,-0.026913716,0.2983249,0.5519061,0.14168915,-0.008367166,0.16011636,-0.0055265967,-0.0028207381,0.054773055,0.5107647,0.30823418,-0.009213998,0.5157387,0.03121033,0.09124929,-0.0050923373,0.1394417,-0.015356055,0.7608558,0.0783799,0.19738878,0.3989564,0.6939838,0.021600205,0.015283614,-0.024205055,-0.0054958393,-0.01215897,-0.015673071,0.050041996,-0.003927771,0.29213366,0.21213941,0.1639043,0.12622976,0.91578114,-0.016105143,0.19308443,0.3379525,-0.016960463,0.9509782,0.4261243,0.16730262,0.37338185
TCGA-FG-8182,0.1027409,0.42122763,0.011871789,0.69174665,0.075881585,0.6409117,0.042277023,0.19004336,0.008500978,0.14457513,0.29075474,0.016687661,0.3372544,0.20366824,-0.003039411,0.028372712,0.09315802,0.053166,0.24532232,0.22230127,0.013282031,0.25071785,0.26492807,0.17046097,-0.00524726,0.15103075,-0.011015332,0.14083973,0.2713945,0.172114,0.037015844,0.02920651,0.07894695,0.20310408,0.011514895,-0.0044740173,0.11059796,-0.001734177,0.4968699,0.11367549,0.08306071,-0.0030791026,0.14741746,0.017448947,0.06158825,-0.006555941,-0.0056979936,-0.00044304022,-0.011912686,0.039603367,-0.011090544,0.2298626,-0.014348882,-0.0005695289,0.4317576,0.2352215,0.11164792,0.0018238984,0.20644248,-0.0077651567,0.45159942,0.24576995,0.19279164,0.094757006
TCGA-FG-8185,0.050632108,0.39594808,-0.0035480205,0.635991,0.038251724,0.6881262,-0.000120685254,0.14386845,-0.0021978107,0.09701401,0.30758402,0.07091451,0.32895333,0.111833125,-0.0017121759,0.055883087,0.08557407,-0.0025217268,0.2591689,0.18559813,-0.0066684545,0.20483945,0.17294459,0.106993064,-0.007470666,0.11613527,-0.0039366004,0.17197254,0.31519032,0.19292173,0.09889498,-0.0016611591,0.118225336,0.13923655,0.0352647,-0.004192076,0.04999628,-0.0038866864,0.49460497,0.21321487,0.08605273,-0.001040208,0.16496235,0.06595201,0.07720816,-0.010982389,-0.0032068954,0.006294612,-0.0059804856,-4.128851e-05,-0.0107702045,0.2770099,-0.008542598,0.018593302,0.4112412,0.17701834,0.07135095,0.02975199,0.15846294,-0.011765275,0.40524602,0.18839848,0.2021926,0.0020934269
TCGA-FG-8186,0.06522773,0.3979626,0.018863913,0.72165346,0.07119678,0.6853225,0.038211092,0.14839962,-0.0009895101,0.15097152,0.24182683,0.083647504,0.31764483,0.13730414,-0.0034244296,0.06452328,0.07776282,0.047886763,0.27029252,0.18034032,-0.009366329,0.24277078,0.2649628,0.1553392,-0.0034901157,0.15779643,-0.0052036312,0.16598427,0.31799483,0.15667753,0.13459446,-0.002389077,0.16098951,0.19065355,0.021967892,-0.0069073597,0.026496328,-0.0028181057,0.4813623,0.13757664,0.09621066,0.0050043147,0.11939996,0.065223694,0.052283145,-0.0072957105,-0.00856968,0.08508602,-0.0055534258,-0.002251148,-0.011948423,0.23548838,-0.006022702,0.08475509,0.35239556,0.25013417,0.08517098,0.016545337,0.16182989,-0.0058216327,0.45576987,0.20546445,0.22518335,0.10798171
TCGA-FG-8187,0.08441238,0.47543678,0.03863254,0.85540557,0.07117676,0.88147503,0.091434054,0.21473919,-0.00066630356,0.21323736,0.2781789,0.06395506,0.35981905,0.20000394,0.0363322,0.105084814,0.103476465,0.13960202,0.39781561,0.26542598,-0.0043382547,0.23758961,0.31700814,0.1877613,-0.008622822,0.073423766,-0.011132488,0.20185858,0.0958545,0.26082107,0.05436131,-0.0008676395,0.09932302,0.20312423,-0.0010431446,-0.0055210963,0.1685147,-0.0024358095,0.59852177,0.19719878,0.083648846,-0.000525219,0.26915932,-0.00049772486,0.07273868,-0.016097214,-0.012077147,-0.0057067876,-0.012137174,-0.0029590614,-0.008929714,0.30148336,-0.00934263,0.011775538,0.39740545,0.34535342,-0.0003640186,0.13153434,0.2528025,-0.008273966,0.6316757,0.29515767,0.2363445,0.09552887
TCGA-FG-8188,0.07657543,0.46594018,-0.0034906853,0.83403176,0.023065642,0.86717385,0.08459843,0.20718943,0.043546967,0.18755254,0.2884152,0.10699383,0.3898455,0.13758773,-0.0028674733,0.0708174,0.06517094,0.038048405,0.3917475,0.26909333,-0.011363345,0.2548558,0.28839415,0.14766435,-0.0007956937,0.086390845,-0.007647863,0.14501154,0.30034932,0.30597258,0.07216863,-0.0035143606,0.17563102,0.21673372,-0.0020494708,-0.008176693,0.1318535,0.015669703,0.6585634,0.23556757,0.12794822,-0.0035679792,0.27199632,0.06813403,0.10596012,-0.0070788446,-0.007687293,0.030548956,-0.009416342,0.083598025,-0.007202912,0.35927472,-0.011342681,-0.0031291922,0.4357394,0.35407043,0.12184627,0.053825866,0.24255377,-0.019383613,0.54505676,0.24293885,0.2094638,0.09852214
TCGA-FG-8189,0.074611515,0.31284466,0.09764731,0.782259,0.04688619,0.7919335,0.26768774,0.057133213,0.013592184,0.052426744,0.2439524,0.18833011,0.24002014,0.02850096,-0.0031235483,0.043001175,-0.0054612467,0.0021066666,0.25918767,0.21265437,-0.007258322,0.24972428,0.45251384,0.15155947,-0.011346968,0.14742677,-0.003130049,0.0955147,0.5411515,0.08587921,0.058019776,-0.0002976492,0.18760082,0.15205002,0.075210385,-0.014079231,0.15114307,-0.006318605,0.46787572,0.098947726,0.025863376,0.26025572,0.31881738,0.07617134,0.015255433,-0.015836706,-0.0030504148,0.0009620376,-0.0021941818,0.10449893,-0.010308449,0.23554292,-0.0013575703,0.16318056,0.26467183,0.32196698,0.18390213,-0.0056611807,0.029555228,-0.006318388,0.44907862,0.3764679,0.4130387,0.2991985
TCGA-FG-8191,0.10174918,0.44487256,0.012983315,0.77080756,0.1087863,0.64191145,0.06468532,0.1665978,0.053868964,0.2178757,0.2780142,0.10323267,0.32440758,0.10512516,-0.0033292945,0.034708448,0.08608315,0.05264545,0.30017623,0.2407502,-0.0013072543,0.31035644,0.20593208,0.12496707,-0.005384725,0.13406102,-0.0064989105,0.19938374,0.29424363,0.07535537,-0.00036823042,0.07470904,0.13509864,0.26242664,-0.005551107,-0.007903812,0.105490945,0.022568725,0.51804817,0.08981748,0.068436265,-0.001470767,0.18674362,0.0435021,0.02079828,-0.0030587856,-0.0050957273,0.0876815,-0.014417003,0.061849184,-0.006479209,0.22148752,-0.014770612,0.005619969,0.35843307,0.26609302,0.16385527,0.037496958,0.19482675,-0.009716391,0.4221792,0.19887117,0.29279184,0.18613832
TCGA-FG-A4MT,0.11053717,0.3731125,-0.0030451398,0.60185343,0.089123264,0.5115759,0.07846103,0.100860596,-0.0033772413,0.070639044,0.24046281,0.16544938,0.36257797,0.1417123,0.007037784,-0.0014693132,-0.0007454142,0.025889784,0.2134738,0.20661402,-0.0015138884,0.20491688,0.27805743,0.10446581,-0.009425444,0.13746607,-0.0036510674,0.1624301,0.50674534,-0.0013542703,0.06946422,0.09789872,0.048778147,0.25131726,-0.0035771274,-0.0004478194,0.052291006,0.025242172,0.4302313,0.103973776,0.021008719,0.012451205,0.041888706,0.15885657,0.07365742,-0.0040357225,-0.008559766,0.116671816,-0.0030811653,0.00033819303,-0.007075598,0.19218032,-0.0061381906,0.057656612,0.36004782,0.04820112,0.14158918,-0.0024954272,0.081921026,-0.0044398615,0.21698998,0.22426498,0.30199692,0.0751089
TCGA-FG-A4MU,0.27200106,0.46042687,0.02043185,0.8954444,0.18366066,0.73105145,0.13562393,0.11585295,-0.007850899,0.351199,0.31551242,0.27181602,0.41333282,0.06745009,0.06543457,0.03238879,0.047041573,-0.0018446231,0.41445312,0.16136366,-0.010502383,0.2993566,0.40976506,0.04078938,-0.01265426,0.08004643,-0.000737169,0.21616992,0.56821454,0.19601326,0.32362098,0.17614412,0.043910377,0.23969871,-0.002824066,-0.012147182,0.10127383,-0.0033992769,0.6210363,0.2080881,0.033258464,0.0848378,0.020447494,-0.0009122379,0.062941685,-0.011810663,-0.007315883,0.21241839,-0.009833515,0.14912143,-0.013727124,0.39044526,-0.017033575,0.3080668,0.30625057,0.25068557,-0.00023369379,0.06084494,0.11619427,-0.00085067604,0.510578,0.35476086,0.26774043,0.21740593
TCGA-FG-A4MW,0.31772223,0.5749204,0.17333423,1.1542765,0.24419668,1.0271236,0.25362304,0.32622564,0.09615869,0.28186604,0.452237,0.43999428,0.38274354,0.08782156,-0.005470664,-0.00011371151,0.012170362,0.004397534,0.5095244,0.19808735,-0.0046402314,0.3956047,0.70177054,0.14489335,-0.008469117,0.058526825,-0.006273021,0.11640778,0.5410111,0.11163829,0.20039311,-0.002104357,0.25494656,0.30433035,0.027960189,-0.02402958,0.18995917,-0.001121498,0.6756383,0.15645456,0.09383918,0.08959812,0.24481973,-0.004218479,-0.010007627,-0.015993124,-0.012754745,0.16196497,-0.0132622365,0.12373572,-0.0003226314,0.45524526,0.024335068,0.4964177,0.15691456,0.39033967,0.18044282,0.1151298,0.26974607,-0.0017000228,0.7204451,0.4726149,0.42978397,0.2924636
TCGA-FG-A4MX,0.10319084,0.3606153,-0.0014692013,0.50861603,0.11944164,0.5289115,0.039412692,0.09333697,-0.00012492388,-0.0003022764,0.24297729,0.18451318,0.36291122,0.1628263,-0.004134842,-0.0035380311,0.049117055,-0.0015197231,0.16125005,0.20466655,-0.0008713119,0.21076877,0.12219511,0.12477492,-0.006387935,0.15814324,0.0069910362,0.23033966,0.5282205,-0.010268192,0.038220633,0.05049232,0.04150848,0.20209786,-0.0009250529,0.0030402094,0.06601511,0.072188206,0.4571655,0.09861232,0.024706077,-0.0033283604,0.022758791,0.080969006,0.07384063,-0.005214644,-0.007653527,0.08353925,-0.0013854392,-0.006330079,-0.009377981,0.17790899,-0.009454575,0.018415619,0.39000103,0.037327193,0.13023953,0.008360375,0.043573625,-0.00025138687,0.24472512,0.14416766,0.33734107,0.04121974
TCGA-FG-A4MY,0.13687472,0.59589636,-0.002089515,0.7885268,0.17366572,0.7374563,0.1378294,0.23865783,0.08183875,0.26404658,0.30357873,0.25336075,0.40515363,0.15869692,-0.005613213,-0.0057542133,0.0642845,0.06565486,0.35805067,0.2631268,0.030484617,0.2972247,0.3205325,0.124295324,-0.0021013978,0.12709728,-0.006263286,0.21904208,0.5634513,-0.0034699216,0.046530265,0.018881101,0.1686227,0.31571385,-0.005288541,-0.007888648,0.20536098,0.046828173,0.6383214,0.17883182,0.118684515,0.04863353,0.16594397,0.10470454,0.031106018,-0.012459051,-0.016188586,0.12662159,-0.010875148,0.11074472,-0.009432032,0.3283865,-0.0034236384,0.14410439,0.2952754,0.17619717,0.23371364,0.031902466,0.15789655,-0.009053296,0.40366971,0.2177449,0.45067164,0.1825869
TCGA-FG-A60J,0.09017971,0.326778,-0.004769401,0.4388178,0.08725098,0.43511343,0.05747495,0.020939656,-0.0012963489,0.06655977,0.21238148,0.15641586,0.31938082,0.13998991,-0.003004494,-0.0001930695,0.02383238,-0.0013777338,0.13471264,0.1769791,0.0052270666,0.17883395,0.12365146,0.09031433,-0.010119827,0.097467415,-0.0022654582,0.19619416,0.41989565,-0.0006383231,0.020038243,0.11982713,-0.0006748345,0.18501572,-0.0038575977,0.015348978,0.067645416,0.04439889,0.34994894,0.1478767,-0.0035463036,0.013767127,-0.0022152825,0.14797002,0.07172804,-0.005286003,-0.008456347,0.11511941,-0.0025392466,0.017565362,-0.0071109156,0.18071198,-0.013037068,-0.00217041,0.3606284,-0.006944989,0.1683943,-0.0074175554,0.059571974,-0.0063319444,0.14258061,0.16891621,0.35318676,0.09209736
TCGA-FG-A60K,0.107951075,0.35066518,-0.0031272103,0.51967686,0.10231975,0.4085799,0.06838928,0.041322563,-0.005669748,0.02191427,0.20051405,0.12640606,0.32690454,0.15889938,-0.0007191477,-0.0020662313,-0.0006901826,0.0032836087,0.20361818,0.15008381,0.026132792,0.2245882,0.21308438,0.10510989,-0.01026016,0.09876264,-0.00053649506,0.13227731,0.39057592,-0.008334906,0.040846933,0.076732084,0.035048515,0.22953582,-0.005992698,0.0077194534,0.048562456,0.0026687756,0.39575765,0.13594142,-0.00046086087,-0.0031965456,-0.0011796219,0.17408949,0.09157172,-0.0016982496,-0.004174588,0.13614096,-0.0001007326,0.030836396,-0.008091412,0.14631906,-0.0053580976,0.070121706,0.38408735,-0.003881049,0.14622457,-0.0016854368,0.04006595,-0.0026300126,0.18706585,0.15439233,0.25368556,0.026573636
TCGA-FG-A60L,0.10840185,0.3785851,-0.0040769796,0.5864563,0.12262669,0.5265685,0.065123595,0.08249362,0.002776742,0.07824102,0.2363962,0.19318211,0.34017664,0.12684315,-0.005962365,0.017796937,0.010162937,-0.00084602647,0.17350924,0.18532296,-0.0034281153,0.21955049,0.20268072,0.074210234,-0.007830567,0.09730524,-0.0020294753,0.16491929,0.45136276,-0.0020106672,-0.0014241536,0.0695146,0.063877895,0.19627643,-0.0045146695,-0.0036215521,0.099040546,0.025901198,0.4409133,0.15758485,0.0067594834,0.014248105,0.06382961,0.15296221,0.060023155,-0.0017625134,-0.0075521953,0.12634715,-0.006067906,0.053441226,-0.0075384453,0.18449342,-0.007838192,0.037466876,0.35660562,0.057332866,0.15339698,-0.0032647196,0.110769615,-0.007666234,0.21829225,0.1899513,0.35285696,0.10719098
TCGA-FG-A6IZ,0.10785231,0.27792308,-0.005042901,0.4241643,0.061637565,0.44326153,0.026394323,0.04888895,-0.0049724323,-0.00022439845,0.19973075,0.13049802,0.3043651,0.21064238,-0.00066722155,0.012303077,0.013627441,-0.004100821,0.13314918,0.16586044,-0.0011762513,0.15622629,0.12015389,0.12863488,-0.011817175,0.105453715,-0.0015873712,0.14854032,0.35323405,0.03625627,0.05206917,0.041946113,-0.004109227,0.15154678,-0.0024639608,0.023550984,0.01814995,-4.572794e-05,0.3363514,0.21340123,-0.0023481462,-0.0010866899,-0.0016110352,0.13208641,0.099736325,-0.0055723055,-0.0045892918,0.108323455,-0.0037804227,0.01213938,-0.007569088,0.18073446,-0.00645246,-0.00035532302,0.4319171,-0.010068101,0.09240919,0.008816626,0.087937646,-0.0031239435,0.16586384,0.16224886,0.226498,-0.0019242171
TCGA-FG-A6J1,0.12070924,0.31214628,0.011149526,0.51396614,0.045429595,0.46101752,0.067492016,0.10222439,-0.0035422065,0.020079587,0.21950564,0.16750959,0.32566172,0.21106334,0.01602969,-0.0011879808,-4.036287e-05,-0.00024210363,0.21147183,0.19536386,0.027177244,0.2307301,0.2251245,0.10916944,-0.0058538965,0.1005357,-0.0037967425,0.12974584,0.40118283,0.0077724326,0.033034172,0.03812047,0.029042661,0.20216647,-0.0052864724,0.008090306,0.026561515,-0.0012520858,0.39074197,0.16066873,0.013261635,0.007995537,0.018656092,0.1272479,0.08575016,-0.0076713497,-0.0032140717,0.14318664,-0.0020689578,0.032968663,-0.007742571,0.19120151,-0.0036959448,0.08598836,0.35570085,-0.001920189,0.06050866,0.021621238,0.06659325,-0.0017945357,0.24791534,0.12919424,0.23466502,0.02375041
TCGA-FG-A6J3,0.09351538,0.5046778,0.15664692,0.8598485,0.19564202,0.78828335,0.092587374,0.1629311,0.0191518,0.39984784,0.25094026,0.43638235,0.47182113,0.20054564,0.062443566,0.0418118,0.087127134,0.075485304,0.33824584,0.2504593,-0.0039715436,0.29671615,0.48605245,0.16620222,-0.009725516,-0.003317387,-0.004508206,0.24840909,0.4316915,0.30623436,0.039411236,0.13594179,0.123167425,0.342284,0.02433075,-0.015163869,0.109058864,0.14297673,0.62706816,0.2791055,0.0134002045,0.092378154,0.06902293,0.1758501,-0.005395774,-0.011462664,-0.012193902,0.22289987,-0.01374157,0.21135989,-0.0093541145,0.35561216,-0.0006345984,0.3627318,0.18221664,0.24548084,0.058179133,0.016558114,0.29227692,0.059926525,0.57092494,0.24912871,0.39719602,0.051561728
TCGA-FG-A70Y,0.08344525,0.3881637,0.017900229,0.61768425,0.09235656,0.698655,0.044166975,0.18914913,0.0056151226,0.026706126,0.27104694,0.20556134,0.3360482,0.14377181,0.02149088,0.060451984,0.017436862,-0.0009835203,0.2912425,0.24698167,0.0011400655,0.20753567,0.26393208,0.1478681,-0.0030892035,0.1024525,-0.0064996765,0.17277946,0.40288055,0.0860493,0.013896111,-0.0018026329,0.08908665,0.22914004,0.0157285,-0.0027497434,0.0857146,-0.00041836724,0.49703524,0.16356978,-4.2580443e-05,0.0042850543,0.14036441,0.13195583,0.07136275,-0.00986121,-0.0058532893,0.10778971,-0.00378544,0.047069393,-0.008749534,0.2275826,-0.0051041692,0.06038266,0.36350897,0.12924373,0.08673707,-0.0020149124,0.13454494,-0.012846273,0.31733194,0.21210642,0.2714266,0.08438693
TCGA-FG-A70Z,0.22801748,0.3703989,0.09734571,0.88625395,0.21103007,0.77658117,0.16909021,0.15972923,0.016975753,0.15631376,0.35057092,0.3636372,0.37665743,0.11186203,-0.00063131313,0.19438055,0.1158134,0.04999302,0.43771157,0.2295936,-0.0069797547,0.27367795,0.395041,0.1632821,-0.01150872,0.03687239,-0.005181065,0.09578851,0.2471447,0.33770835,0.21759005,0.10735377,0.14141986,0.23883453,0.013479602,-0.0102602355,0.081357084,-0.0024762407,0.52325857,0.28774092,0.022485744,0.10508625,0.17303279,0.006367497,0.030861184,-0.01370568,-0.004233999,0.18939899,-0.0045609116,0.08862581,-0.0021894556,0.3944377,-3.5542624e-05,0.32849514,0.30482465,0.20028257,-0.0012346527,0.08270992,0.23836061,-0.0016960644,0.55062,0.25525752,0.24245371,0.19414352
TCGA-FG-A710,0.10646786,0.32278,0.0039452277,0.52856386,0.07720952,0.5389246,0.07366332,0.0814696,-0.0049954443,-2.9758738e-05,0.22048846,0.13321273,0.3089811,0.16240984,-0.00016716988,0.026267074,0.029893287,0.032629427,0.21041209,0.20177332,0.032242253,0.19596027,0.23394589,0.14651582,-0.010489093,0.10349171,-0.0045115333,0.15404743,0.36664614,0.03214857,0.03777946,0.069237486,0.017342255,0.19646657,-0.00013760329,0.036484987,0.076773256,0.011523537,0.4174786,0.17163914,-0.00059679337,-0.00021841713,0.041274875,0.12820892,0.079725526,-0.0076006907,-0.004283001,0.028614808,-0.0055054543,-0.0009354543,-0.008268895,0.17656428,-0.0036930088,0.04311709,0.39621183,0.020502813,0.09943692,-0.0015931827,0.11492099,-0.005237517,0.25707734,0.1840725,0.22135507,0.0390322
TCGA-FG-A711,0.15145808,0.34739304,0.0036039911,0.6168963,0.09043854,0.5110143,0.11001059,0.08747007,0.006112851,0.07952586,0.24887672,0.14363694,0.32117823,0.1721678,0.010478175,-0.0008458754,0.010057372,0.057248686,0.24154553,0.20767434,0.0036353953,0.22412224,0.1455503,0.18000141,-0.0072161257,0.10968172,-0.006683783,0.17363082,0.28985485,0.035920717,0.043058436,0.052326225,0.052352235,0.22658607,-0.0022568458,-0.005982837,0.106329,0.077357404,0.3788471,0.100930884,0.04185525,0.0131990835,0.09199734,0.18715453,0.084911846,-0.0019865823,-0.00974551,0.07949984,-0.0039536073,-0.0010784365,-0.009443916,0.16617401,-0.008298217,-0.0011993106,0.31796184,0.048616476,0.14703819,-0.005183518,0.07877084,-0.008605754,0.27065638,0.23994054,0.36381993,0.12876575
TCGA-FG-A713,0.06913571,0.43594828,0.0547064,1.0103517,0.03272705,0.96695125,0.27499378,0.2439298,0.13722277,0.119366616,0.3329678,0.18691248,0.31534564,0.13190399,0.015626576,0.112327926,0.0502968,0.16273557,0.48551962,0.37002784,-0.008140178,0.25183848,0.6379379,0.080314875,-0.013641933,0.08306129,-0.012641156,0.09794113,0.12416602,0.21595028,0.13252978,-0.0038471334,0.2571383,0.124631315,0.13455796,-0.0048231124,0.20125869,-0.0043651494,0.6199029,0.09480353,0.08161157,0.17583302,0.4191552,0.0061949417,0.07002242,-0.017227199,-0.00074731524,-0.0104449615,-0.003884003,0.040032305,0.018572737,0.21708861,0.040553022,0.13623719,0.23063537,0.57717764,0.013235072,0.13115765,0.16191605,-0.008370338,0.7416015,0.39960077,0.31595027,0.16832988
TCGA-FG-A87N,0.14111492,0.4897058,0.22597232,1.0067903,0.13023797,0.847091,0.0892375,0.1747681,0.16151309,0.14905195,0.38189858,0.48120868,0.66495895,0.21207622,0.07133177,0.19377136,0.05743438,-0.0048097824,0.40062103,0.21217397,-0.01012243,0.29046574,0.6110406,0.34300005,-0.007987173,0.17350323,-0.013672011,0.0122300945,0.5976292,0.5526962,0.15105438,0.23918435,-0.0020969012,0.2656014,0.00027189404,-0.006314897,0.14742678,0.055058993,0.61248773,0.41009364,0.112957716,0.059030365,0.00611295,-7.2322044e-05,-0.0020753795,-0.003342757,-0.0072539956,0.25883,-0.016666846,0.069754325,0.028624076,0.4778988,-0.0039715855,0.5183414,0.3458156,0.15205532,0.11038482,-0.00031323545,0.32111683,-0.004695727,0.61697406,0.23663676,0.01976971,-0.0002433166
TCGA-FG-A87Q,0.1184116,0.59508896,0.15754047,1.0173742,0.28826132,0.8795253,0.08405083,0.19659653,0.10712514,0.3025881,0.34736937,0.3228772,0.33981246,0.079356246,-0.0046047713,0.047627106,0.13953312,0.1010239,0.4692616,0.15707743,-0.004280694,0.32976788,0.32085896,0.06273803,-0.00940382,0.059260014,-0.010276136,0.28490406,0.0510213,0.26452735,0.13492064,0.026290685,0.30283108,0.21415412,0.062651105,-0.010526479,0.20909658,0.02047263,0.6355547,0.12203403,0.103933364,0.050753273,0.32796082,-0.002621805,0.050586075,-0.007070452,-0.011877115,0.15855841,-0.007293451,0.025702782,-0.0085581485,0.46141288,-0.0068430575,0.1821393,0.26753554,0.37252313,0.05290953,0.11717218,0.22862124,-0.0041827853,0.6566126,0.29561082,0.36859566,0.28863066
TCGA-FN-7833,0.10283449,0.42964798,-0.00066091906,0.6485098,0.08225037,0.71761584,0.075168975,0.20966946,0.075467445,0.116205275,0.26606053,0.0733132,0.35286468,0.21168159,-0.0040887916,0.01304464,0.1415361,0.0915398,0.25231394,0.2715482,0.009138312,0.25255144,0.1872807,0.17267352,-0.010633153,0.1275179,-0.0070271003,0.17182067,0.22112271,0.15268883,0.09927136,0.0010457933,-3.2030046e-06,0.19353932,-0.009927205,-0.002542854,0.06479944,0.01232823,0.5195279,0.21006718,-9.193793e-05,0.017708363,0.22033161,0.05372215,0.055842333,-0.010127721,-0.005225768,0.061924044,-0.013954184,-9.762571e-05,-0.009002293,0.23111504,-0.012087347,-0.001170291,0.36985382,0.20080361,0.08652635,0.016959775,0.19311348,-0.007928617,0.39711648,0.22129932,0.22404264,0.103677884
TCGA-HT-7468,0.10835236,0.38931754,-0.0049591535,0.49539888,0.077552006,0.5507592,0.04005979,0.09760154,-0.0029393265,-0.0016439311,0.2187778,0.13220286,0.35996515,0.16405685,-0.0028724011,-0.00017321929,-0.00033727568,0.01551776,0.21803612,0.16218925,0.01328405,0.21470664,0.24940257,0.15714698,-0.0083614215,0.09165203,-0.0046697836,0.1387885,0.41948068,0.027622314,0.08786532,0.060265165,0.0029187202,0.20885357,0.0013157576,0.045952596,0.051276863,0.02654092,0.46269327,0.17380473,0.00020599365,-0.0035513204,-0.0009125901,0.14181799,0.07842159,-0.0023595684,-0.004384098,0.050354134,-0.0060816747,0.025505044,-0.01028132,0.19549522,-0.0053454153,0.035669845,0.45093864,0.0039582923,0.13226026,-0.002277777,0.102153875,-0.0056747124,0.26241937,0.16801825,0.17682163,-0.0018301227
TCGA-HT-7469,0.2219325,0.48549533,0.009732675,0.68783355,0.15627643,0.7904763,-0.0050986144,0.20467825,0.099803485,0.24265258,0.29806703,0.11259109,0.44910413,0.17054836,0.030154403,-0.002995499,0.19454265,0.025455635,0.23837948,0.34510705,-0.0019254901,0.26996565,0.36912924,0.2635582,-0.0051437286,0.021615282,-0.003813978,-0.00027407074,0.3419726,0.2569975,0.23115455,-0.0007032089,0.12133522,0.18628183,-0.011476438,-0.0012741768,0.16439107,-0.0015758075,0.5057596,0.27073255,0.12652041,-0.016570719,-0.00061258435,0.01057411,0.071458206,-0.0019681507,-0.0077902526,0.17052624,-0.0062873363,0.08752275,-0.014585301,0.35731345,-0.011505919,0.06473365,0.32353422,0.09260955,0.16078053,0.16898797,0.225113,0.030280627,0.45540112,0.29444835,0.23812109,0.046490096
TCGA-HT-7470,0.08562492,0.4341424,0.08141373,0.94097817,0.08058417,0.80927896,0.16664088,0.23511524,0.02581805,0.22364627,0.34296313,0.18982151,0.39097184,0.07089953,0.017468035,0.08696873,0.051101193,0.072773695,0.35358134,0.26781476,-0.017697686,0.28359634,0.4732464,0.13785736,0.0461455,0.102721125,-0.0044881846,0.036739297,0.42299473,0.18298961,0.10549383,0.025305845,0.256603,0.19251135,-0.003436979,-0.008270855,0.13916707,-0.00025604293,0.5478439,0.14511281,0.15325736,0.07229447,0.28271085,0.08811619,0.06271613,-0.0071466477,-0.0033891797,0.09817378,-0.00901935,0.13369736,-0.0048795748,0.23942065,-0.004939302,0.12488453,0.2867426,0.44688237,0.13180637,-0.0014253057,0.15168557,-0.009073556,0.5281926,0.312116,0.2911268,0.20327272
TCGA-HT-7473,0.0235007,0.5309363,-0.0035110936,0.816167,0.07813816,0.80481255,0.06473542,0.29241037,0.10781611,0.32890975,0.3705221,0.082069516,0.4106748,0.1694826,-0.0040963613,-0.0020361273,0.21053383,0.07694955,0.32863715,0.2770588,-0.003130133,0.29611886,0.22915362,0.074454,-0.009285944,0.13124906,-0.0072995275,0.13312383,0.28879017,0.20657584,0.14984594,0.011861283,0.0898862,0.15677977,-0.013323376,0.009675216,0.03259228,0.044000104,0.53425664,0.22965464,0.05976573,0.009559732,0.25243038,-0.0016650386,0.00607026,-0.008690367,-0.0102958605,0.1632686,-0.012629169,0.09538273,-0.007586997,0.21854362,-0.01699138,0.001642056,0.25400227,0.35699102,0.066592455,-0.0023230414,0.24123117,-0.0091809435,0.47125036,0.29644734,0.24640784,0.20249845
TCGA-HT-7474,0.09792745,0.47499174,0.14183287,1.1399938,0.04886215,1.0186913,0.1315679,0.31681836,0.16349408,0.38357294,0.43468723,0.086988844,0.36425954,0.075909905,0.065628365,0.08743853,0.1630603,0.18155499,0.45906326,0.315682,-0.015243932,0.28977215,0.4632337,0.19811594,-0.0049845646,0.1762317,-0.009258339,0.123162,0.08584144,0.26719296,0.23593126,-0.0046915696,0.26887807,0.14533265,-0.0051510045,-0.0077351714,0.23183638,0.021615207,0.66741425,0.18544292,0.080222696,0.053412315,0.38301548,0.004195139,0.02396059,-0.012788813,-0.00072053523,0.0005338602,-0.018694011,0.025842525,-0.007819503,0.29552585,-0.00602112,0.051413413,0.19482644,0.571764,0.07004203,0.12614611,0.322927,-0.015092877,0.71557826,0.40379456,0.27349764,0.27387953
TCGA-HT-7475,0.10741779,0.4332163,0.061473902,0.81742483,0.076186806,0.7388426,0.087126456,0.2392681,0.01300513,0.18327445,0.28682128,0.07190364,0.38992506,0.16011022,0.090801045,0.12359028,0.10249842,0.12279305,0.3547007,0.31795198,-0.008166707,0.30348307,0.5359256,0.16001669,0.0036430955,0.13039875,-0.008401911,0.08148236,0.321792,0.1592716,0.23673056,-0.0036764145,0.24963087,0.23488933,0.022941306,-0.0001919277,0.08547305,-0.0058681928,0.5038506,0.1679995,0.15149477,-0.0041616415,0.1835535,-0.00076927844,0.06219275,-0.013655031,-0.0044472585,0.015045453,-0.0067334487,0.027344823,-0.0035120489,0.22900599,-0.0010938802,0.15071854,0.37480757,0.31404927,0.048810087,0.05337565,0.15641996,-0.002896166,0.55281395,0.28057277,0.18948424,0.05011098
TCGA-HT-7476,0.074343726,0.45120367,0.1556928,1.1418763,0.09542318,1.0203199,0.18876463,0.3377115,0.11129547,0.3472675,0.4873019,0.11896205,0.4885801,-0.008267077,0.024440538,0.13572899,0.21399873,0.08500709,0.5091204,0.39541012,-0.019680124,0.38800013,0.49204612,0.07988848,-0.0005933225,0.041228276,-0.0053091613,0.023095999,0.30769604,0.28137743,0.29123428,0.006460339,0.40409163,0.25188017,0.0679266,-0.0074366205,0.0940464,-0.012421197,0.76749927,0.08948776,0.18876159,0.06363928,0.2718322,-0.00571517,0.00012536347,-0.014545773,-0.0038216722,0.020188708,-0.01294171,0.055665933,-0.005749579,0.32347038,0.08227877,0.2216857,0.23087674,0.58748627,-0.004153166,0.07361315,0.2713677,-0.011020063,0.80929345,0.31330326,0.17968798,0.18845719
TCGA-HT-7477,0.1372391,0.66422904,-0.0018550012,0.98598516,0.17817727,0.8243952,0.06886691,0.21029086,0.05104521,0.25142637,0.29556447,0.28499842,0.52235025,0.16934325,-0.0016506445,-0.0042706775,0.10769497,0.012222953,0.39955613,0.35676962,0.030275196,0.28792796,0.49910057,0.23633967,-0.004769504,0.18755765,-0.007062249,0.07542202,0.69130754,0.114867404,0.10289647,-0.002174385,0.17186698,0.31053612,-0.0028544813,-0.006047388,0.13525477,0.12001332,0.5354461,0.15495564,0.028745476,-0.0024204783,0.0687087,0.09731952,-0.0053628334,-0.004379434,-0.009586307,0.27358487,-0.011572184,0.06726492,-0.010552399,0.3721186,0.008103091,0.29176664,0.23759717,0.15290332,0.29094505,-0.00099333,0.21924469,-0.0062322128,0.4039878,0.34876406,0.44925994,0.08514519
TCGA-HT-7478,0.097885326,0.69515735,0.04965702,1.2245927,0.07398824,0.9558784,0.14430091,0.4974969,0.21445039,0.504892,0.5665266,0.07792188,0.43825924,0.20486194,-0.0016483825,-0.0073114173,-0.005443051,-0.009046054,0.52447075,0.3351338,-0.013405912,0.31329358,0.774028,0.057599843,0.007577099,0.15563484,-0.009391266,-0.0016582188,0.5320589,0.23896441,0.19999768,-0.011998563,0.22812837,0.21473914,-0.008874539,-0.021419315,0.17518151,0.081896015,0.60672927,0.1822056,0.1224685,-0.0022612417,0.4442474,-0.010897202,-0.011206475,-0.019508911,-0.00010447689,0.21601157,-0.0032077392,0.20029849,-0.012561006,0.39356914,0.06348647,0.6353839,0.117097706,0.526085,0.18696304,0.112841025,0.24467543,-0.0012802348,0.70423144,0.51159936,0.32071355,0.19188122
TCGA-HT-7479,0.14621156,0.7228075,0.0458668,1.2838626,0.19676018,1.0731323,0.13767812,0.44546664,0.08282184,0.3881181,0.4674645,0.29005298,0.5208454,0.00074043125,0.025721837,0.014763474,-0.00022931295,0.16047083,0.5074477,0.33601445,-0.0073327236,0.45643133,0.72205925,0.1472014,-0.002373411,0.13149211,-0.022673218,0.1366308,0.32020682,0.07869935,0.14294809,-0.0052680704,0.1818622,0.3781467,-0.011113304,-0.027342547,0.22988105,-0.006637666,0.86535156,0.0703173,0.1636616,-0.00050740055,0.56241524,-0.0048898333,-0.008568585,-0.005410205,-0.010954876,0.08697504,-0.026433855,0.21439704,-0.0027259886,0.38914433,-0.006306088,0.18508285,0.3903018,0.7611332,0.24277838,0.058160868,0.23275602,-0.008584532,0.7298404,0.47491857,0.2290087,0.3856157
TCGA-HT-7480,0.06657381,0.3445968,-0.0034282666,0.6036539,0.053479906,0.6618564,0.08414654,0.14084455,0.013136394,0.034921538,0.23509315,0.08892955,0.35729355,0.18463203,-0.0006714308,0.065693446,0.064304106,0.07238163,0.28140995,0.20209396,-0.0043998044,0.17406057,0.24739711,0.1503925,-0.0100186085,0.12732479,-0.0046714824,0.13336076,0.30126545,0.17355129,0.1242246,0.03644156,0.050653383,0.14699532,0.0044947043,0.033910073,0.043228213,-0.0004974805,0.51641154,0.2111519,0.059646074,0.071273685,0.12780273,0.073123716,0.09205725,-0.008976008,-0.004105995,-0.0033740853,-0.007964012,0.015350603,-0.010253102,0.22537732,-0.00019218326,0.051635213,0.42552748,0.13069668,0.04943177,0.012128595,0.15812016,-0.0106754135,0.3853037,0.18197289,0.149044,0.00114806
TCGA-HT-7481,0.06589502,0.4374599,0.07549295,0.75883985,0.07896057,0.7849989,0.091498084,0.20699216,0.017661914,0.09939928,0.25324765,0.14943199,0.34610456,0.13155644,-0.0016057019,-0.0034211983,0.027555402,0.09606397,0.33279896,0.2096866,-0.0041343975,0.27344483,0.3754701,0.11722576,-0.006317799,0.11012569,-0.007523683,0.12891689,0.25480556,0.1525693,0.11517304,-0.0024066337,0.1520612,0.13533534,0.024184454,-0.006797027,0.10693906,0.010736488,0.5381842,0.12423451,0.10912174,0.08373223,0.20792201,0.022278294,0.01300377,-0.00978022,-0.007296346,-0.00042032264,-0.012499477,0.007740602,-0.010771177,0.22189707,-0.0059919716,0.06550683,0.35676566,0.3168824,0.08428944,0.05004089,0.16659912,-0.011168021,0.48424757,0.26653594,0.27435878,0.14004439
TCGA-HT-7482,0.0135184415,0.54664177,-0.0012211193,0.88742703,0.11127868,0.9001911,0.07974459,0.32178998,0.10272624,0.27936107,0.34847817,0.08476363,0.43034118,0.22067365,-0.004646276,0.049266495,0.2284854,0.18547133,0.3780416,0.2587857,-0.0029620589,0.30324793,0.31148612,0.14636175,-0.006508386,0.14787443,-0.013924429,0.17286517,0.25405848,0.36347735,0.1342641,0.0062884316,0.15766379,0.22901851,-0.006453417,-0.011121812,0.14265856,0.038872562,0.656204,0.21789017,0.1290454,-0.002046616,0.23448074,-0.003473697,0.10639666,-0.0074741184,-0.013755682,0.11949058,-0.013717437,0.0044712946,-0.009108099,0.35141385,-0.019880831,-0.0028505642,0.35771385,0.50226873,0.084112875,0.02199648,0.29935622,-0.015148127,0.61339194,0.25418833,0.17805725,0.20656838
TCGA-HT-7483,0.043795716,0.4030525,0.0041525103,0.6231401,0.03626953,0.6451812,0.021374855,0.15633468,0.04717774,0.07983641,0.29144046,0.08105643,0.33610195,0.17911747,-0.004181464,-0.0045187823,0.073836155,0.014126111,0.2300543,0.19864845,-0.0043892763,0.23090555,0.20540729,0.15126336,-0.006534794,0.13817915,-0.0016508859,0.10176703,0.3608019,0.08397918,0.13620763,-0.001253742,0.10673532,0.14816828,-0.0018893108,0.021621104,0.07611084,0.037144355,0.4943898,0.18266693,-0.00015903152,-0.0029039239,0.07259134,0.07091395,0.059741437,-0.0063842237,-0.0020054746,0.064721555,-0.005342093,-0.00046650134,-0.011038597,0.21713215,-0.010011929,0.09240666,0.34603882,0.15070114,0.09857829,0.0345827,0.17077044,-0.006328489,0.3424567,0.18905346,0.2197375,0.07147024
TCGA-HT-7485,0.11002295,0.41961068,0.04896531,0.7601384,0.13493057,0.8418807,0.0852003,0.24869336,0.11866551,0.2089154,0.31253934,0.08241279,0.3523643,0.22114399,-0.0033010857,0.018220749,0.20568195,0.17198609,0.3045234,0.3601405,-0.004474751,0.3256901,0.16617014,0.15020901,-0.015217081,0.061955247,-0.015153703,0.22378245,0.019680656,0.34216252,0.17970635,-0.0030703016,0.06692308,0.25179428,-0.007276998,-0.008152699,0.058270313,0.002456233,0.5333974,0.24550262,-0.0032917168,0.022198997,0.31635728,-0.0018049487,0.004640013,-0.008329233,-0.0033202383,0.092072874,-0.01287205,0.06979541,-0.004563983,0.29154724,-0.018091442,-0.008449248,0.3675183,0.3596748,0.043353826,0.003991049,0.21868077,-0.007682378,0.4554811,0.30427244,0.21612515,0.223377
TCGA-HT-7601,-0.0043435446,0.5644169,0.0880689,0.94739443,0.14990169,0.85735846,0.015164394,0.26055098,0.18889537,0.34256625,0.3596187,0.23808187,0.37099612,0.222503,-0.0016767886,0.036013655,0.075089104,0.08006953,0.43420696,0.15054035,-0.0059613725,0.3059769,0.35855633,0.086907834,0.028593421,0.18277201,-0.00551461,0.13607003,0.28652027,0.28393176,0.12067358,-0.0034180598,0.15539248,0.15644851,-0.003918547,-0.010670533,0.1438354,0.009691678,0.5899782,0.20673889,0.16357042,0.03473997,0.26301548,0.00038599223,-0.0036713227,-0.0069650076,-0.011273879,0.11421277,-0.015279767,0.06996415,-0.005959573,0.39271268,-0.002499063,0.16556653,0.28836778,0.5848837,0.113627404,0.042614374,0.28260994,-0.010844524,0.6591048,0.26210406,0.32801157,0.21298502
TCGA-HT-7602,0.04292852,0.51309067,0.046936903,0.85300887,0.13187975,0.78378886,0.09434662,0.22998992,0.035292372,0.20363843,0.24779335,0.15086937,0.34193635,0.111217305,0.00396544,-0.0019358322,0.06003163,0.14819011,0.3513455,0.2807784,-0.0027521357,0.30746466,0.302301,0.10666016,-0.0055501955,0.08934125,-0.011822501,0.17433412,0.14046785,0.1885515,0.031680215,0.0008664727,0.116925806,0.22725913,-0.004048901,-0.011872879,0.15731606,0.0069017336,0.6223184,0.14786616,0.10193199,0.054845355,0.24500388,0.0700269,0.00669498,-0.0054545584,-0.011647626,0.039568458,-0.016595418,0.028716736,-0.009575014,0.26238388,-0.013644141,0.030758511,0.3241743,0.40550363,0.09872286,0.023091126,0.1996828,-0.010130773,0.5502431,0.30113092,0.27674484,0.17334248
TCGA-HT-7603,0.06666537,0.44458103,0.06311104,0.9116218,0.03326564,0.8553513,0.1275824,0.20621753,0.07043829,0.18971698,0.3473825,0.09807906,0.32562512,0.16660666,0.042365924,0.07000462,0.056500696,0.08753154,0.36679748,0.24724427,-0.011611021,0.26600507,0.367905,0.14389,-0.013021277,0.082921065,-0.005912128,0.053517163,0.2771325,0.25815263,0.11419316,-0.0011673361,0.19094104,0.16388315,-0.0029452771,-0.007371957,0.10467014,-0.008297766,0.5697958,0.2000641,0.08861685,0.10351737,0.37355465,-8.701459e-05,0.056901712,-0.01442322,-0.0061521395,-9.7884615e-05,-0.0119044725,0.0397622,-0.006486078,0.26656651,-0.004088027,0.026250597,0.33218044,0.47098124,0.04392258,0.05516701,0.19631556,-0.011718867,0.60025996,0.30905426,0.29934904,0.16381903
TCGA-HT-7604,0.07916379,0.44344655,-0.0035101601,0.6599759,0.07620655,0.70828664,0.08292914,0.18649729,0.01028958,0.14257817,0.30283204,0.1291965,0.3915547,0.06149058,0.009860086,0.048643924,0.08580784,-0.0039887275,0.26367703,0.26984555,-0.009899042,0.25452426,0.32073882,0.13586324,-0.0025230765,0.067768805,-0.0071876454,0.09333007,0.35247612,0.27267504,0.17210414,0.060958855,0.07322979,0.1473853,-0.0016499795,-0.008831661,0.098069176,0.029433392,0.5268686,0.24539348,0.15337323,-0.006401442,0.120207705,0.024120923,0.054107394,-0.00904692,-0.0054506664,0.07815263,-0.009473112,0.0581443,-0.005294747,0.30057287,-0.007037563,0.07070325,0.45295763,0.21875638,0.14596853,0.0013020076,0.17961559,-0.011394311,0.4337053,0.25632477,0.21528289,-0.0028137371
TCGA-HT-7605,0.056440923,0.4159634,0.023642484,0.77876604,0.1093128,0.8605584,0.118209384,0.24097206,0.070674755,0.11872408,0.30960953,0.13286956,0.31446207,0.21667707,-0.004419726,0.06156639,0.07881158,0.08583221,0.36520454,0.24886025,-0.0044363555,0.23130359,0.3047051,0.12979501,-0.009229768,0.12760185,-0.010073925,0.16416039,0.1555779,0.24991512,0.095084086,-0.0026350864,0.11543226,0.14571552,0.03100153,-0.0063191946,0.12426969,0.025999404,0.5607537,0.180798,0.0680601,0.052280076,0.28972253,0.014415767,0.016010158,-0.013883911,-0.0051096203,-0.002269024,-0.011591762,0.03971748,-0.007383257,0.27134544,-0.006833193,0.024888774,0.36361155,0.369541,0.027479438,0.07549532,0.22794855,-0.009327318,0.53843796,0.27937457,0.2436291,0.15510045
TCGA-HT-7606,0.07776971,0.5039548,0.027548466,0.71206844,0.13154176,0.6479436,0.030962363,0.21863936,0.034221247,0.14576909,0.3245174,0.118126005,0.4835242,0.1992298,0.008327029,-0.0053293817,0.09762354,0.09057179,0.34406745,0.24701555,-0.0036381974,0.25610214,0.31531343,0.20662028,-0.014315701,0.047548052,-0.0069634705,0.12100239,0.3809644,0.16841966,0.27679774,0.0010596067,0.07012367,0.27571946,-0.0063331984,-0.0077462904,0.06774352,0.038820356,0.5186193,0.2104932,0.066851094,-0.0099036535,-0.0019432107,0.00710503,0.027698725,-0.005359465,-0.007271348,0.095449835,-0.0070181238,-4.7810376e-05,-0.009356052,0.33310145,-0.0111850975,0.09762609,0.34830078,0.1870783,0.13081083,0.061216477,0.174088,-0.0041151056,0.38655305,0.27957675,0.1489232,0.070591904
TCGA-HT-7607,0.09338166,0.42715663,0.14476898,1.001109,-0.00056582317,0.97394514,0.17640936,0.20621759,0.03931296,0.12614807,0.29930058,0.23566923,0.3835733,0.008765221,-0.00017086724,0.04713314,0.0054604756,0.10453072,0.40101638,0.2597927,-0.015446037,0.30422747,0.5072856,0.13253087,-0.0007952765,0.07112262,-0.011247426,0.06580727,0.32467395,0.22861224,0.11954723,0.00051145256,0.221901,0.14179951,0.02915826,-0.0156105105,0.20091555,-0.00905536,0.66938275,0.18103549,0.09235223,0.16155712,0.38847598,0.02260723,0.00040689856,-0.015248293,-2.66023e-06,-0.0014615413,-0.014763886,0.06772662,-0.0079369815,0.27174798,0.02163643,0.17483103,0.29571688,0.62009144,0.06441576,0.03947543,0.16834721,-0.013191963,0.6470996,0.34385404,0.24773288,0.26603705
TCGA-HT-7608,0.051178787,0.4119045,-0.0028972668,0.6922134,0.06948969,0.7639358,0.051648125,0.24088438,0.04220029,0.10051176,0.3174302,0.050407033,0.33723176,0.2062639,-0.00819197,0.07469269,0.09692025,0.05942179,0.33943847,0.22408554,-0.0046147294,0.21796645,0.17052457,0.13368577,-0.011049856,0.10346441,-0.010179311,0.1514519,0.21049815,0.19129188,0.11995344,0.00973732,0.036099724,0.17166913,-0.0026541546,-0.0027076423,0.084293716,0.035814263,0.5055223,0.2151038,-0.00041305015,-0.0059351115,0.21599136,0.037897646,0.040539525,-0.009149894,-0.00090712943,0.051337916,-0.008075113,0.05944588,-0.010759465,0.22386408,-0.009047906,0.027868975,0.39988828,0.2905057,0.06527923,-0.0029855415,0.1892966,-0.010116203,0.4072631,0.23570798,0.19985631,0.16427675
TCGA-HT-7609,0.10787423,0.52666235,-0.002342124,0.765352,0.09686844,0.764555,0.051609404,0.21462308,0.07882673,0.18616362,0.35731268,0.14161249,0.4025966,0.17447907,-0.00016615028,-4.2514504e-05,0.12780285,0.079874426,0.33035168,0.28522655,-0.0017918121,0.3012669,0.25473902,0.09971718,-0.0021388333,0.11705939,-0.00853886,0.12743598,0.31489623,0.16130239,0.089729145,0.060313225,0.09119883,0.2034919,-0.006747731,-0.0022098757,0.15850818,0.0029175058,0.6130571,0.21300077,0.11668098,-0.004995293,0.20354813,0.04429765,0.026647575,-0.0074640173,-0.011780013,0.047621917,-0.016747896,0.036689676,-0.005473425,0.2667332,-0.009892019,-0.0013392523,0.3899602,0.35787612,0.12358421,0.03201933,0.22053504,-0.011966544,0.45813102,0.20643935,0.28649503,0.1571645
TCGA-HT-7610,0.113640964,0.41322744,0.06344293,0.9301961,0.023332328,0.83812153,0.16483033,0.20488639,-0.00096722395,0.16869031,0.30312303,0.13924092,0.30393016,0.07421551,-0.0013522942,0.042999372,-0.001542573,0.037984934,0.34229162,0.26926038,-0.013879535,0.2575356,0.54458237,0.13772184,-0.005539919,0.11911826,-0.0045162495,0.0036420599,0.48482227,0.16175482,0.11686824,-0.0010331332,0.2836774,0.18566173,0.042284325,-0.009950962,0.14245212,0.02448403,0.5144765,0.11579171,0.051755127,0.09126808,0.2634626,0.05160693,0.016306572,-0.011477332,-0.0016306657,0.045052763,-0.0014017795,0.02545122,-0.0057415552,0.22381368,0.00845566,0.15440302,0.29384774,0.39755994,0.11908571,0.04688992,0.17594972,-0.009334964,0.5140051,0.34051716,0.2952285,0.1613882
TCGA-HT-7611,0.0657368,0.41730216,-0.005359283,0.6805334,0.12481656,0.62883204,0.08363769,0.13404077,0.07522256,0.17652892,0.261463,0.12513903,0.36186296,0.11153978,-0.01264751,0.016298402,0.12934607,0.034208335,0.23262188,0.22502384,-0.0055994014,0.32746315,0.114717156,0.14277796,-0.00659114,0.14677411,-0.0061491146,0.2182189,0.34192687,0.069350824,0.027285878,0.056680016,0.076630905,0.21445501,-0.006045369,-0.010605204,0.058656164,0.047829352,0.52036685,0.1357291,0.00546756,-0.00060864276,0.120837204,0.045831945,0.019351482,-0.00023342893,-0.009449976,0.18449365,-0.0114289895,0.0614331,-0.0079448065,0.2686457,-0.016802484,0.042783882,0.34931192,0.18487182,0.17013995,-0.0049958667,0.17170927,-0.005336053,0.3383907,0.21437672,0.25555342,0.22064604
TCGA-HT-7620,0.003935594,0.5106804,0.010309879,0.908598,0.1756436,0.8849087,0.0903674,0.25165242,0.07418456,0.2365552,0.27896693,0.13961428,0.35291868,0.17004848,-0.0076573924,0.087108515,0.06032396,0.07300325,0.4540029,0.21572474,-0.0095265005,0.29371616,0.27826655,0.15273058,0.018493094,0.12724708,-0.011123866,0.29152188,0.098097585,0.22627105,0.04598536,0.039669074,0.24872524,0.20805794,0.06923334,-0.011484524,0.13548166,0.04518304,0.6304275,0.03125768,0.1755285,-0.0049882326,0.25436705,0.030138582,0.00060501695,-0.0010528229,-0.013719181,-0.0066121826,-0.009789891,0.03747478,-0.006885805,0.3511175,-0.01567396,0.060387347,0.39729658,0.45695877,0.084419094,0.10918316,0.24221957,-0.008567161,0.59781843,0.25158337,0.34942997,0.13297634
TCGA-HT-7677,0.051543813,0.44170704,-0.00094344135,0.60635257,0.0036590695,0.6999441,0.06096589,0.16734812,0.042376503,0.09878661,0.24862728,-4.289374e-05,0.38704795,0.2339162,-0.004543626,0.024747804,0.08635005,0.05871745,0.27574453,0.23578846,-7.1091206e-05,0.19907983,0.151731,0.17582338,-0.009237159,0.11130122,-0.008622917,0.13864394,0.20119661,0.22639893,0.09480967,0.019278586,0.029305704,0.13593224,-0.0017524742,0.048392493,0.041652422,-0.0015777253,0.52630574,0.21922678,0.08543311,-0.001747806,0.12211185,0.049970552,0.08955936,-0.0064394283,-0.0055672675,-0.0054322346,-0.011699314,0.021201767,-0.009849657,0.24285457,-0.005992046,-0.00040379094,0.4680224,0.18615195,0.06461025,0.05326288,0.21606591,-0.0069446783,0.46705633,0.1931493,0.12784173,0.007246878
TCGA-HT-7681,0.05948632,0.35687724,-0.0015701171,0.59891546,0.083862126,0.58027744,0.11108396,0.10775002,-0.0037341863,0.04245243,0.2166056,0.110706955,0.29404968,0.06524157,-0.0023789813,0.04796607,-0.0015430422,0.024422813,0.24702236,0.20226538,-0.001161619,0.19641607,0.2819218,0.14400627,-0.0056246584,0.13647728,-0.004644136,0.14145087,0.4319761,0.020824524,0.034894075,0.053263403,0.13191465,0.19727087,0.009850536,-0.0008765221,0.092826426,0.016181298,0.436165,0.13152382,0.01958327,0.028775692,0.07360672,0.121178314,0.033030763,-0.00519354,-0.005612199,0.03858658,-0.005368894,0.0470206,-0.008467587,0.16614872,-0.005862068,0.10120336,0.35891956,0.15632218,0.116177455,-0.0030005511,0.09252061,-0.008192167,0.3239737,0.20456544,0.2335667,0.09104775
TCGA-HT-7684,0.04593386,0.39478004,0.0009779818,0.65838826,0.039849475,0.64021695,0.01999928,0.14405906,-0.0023248175,0.13956717,0.27770218,0.009848669,0.3505832,0.20001742,0.030073494,0.0894948,0.07798598,0.13129486,0.3335789,0.24982202,-0.00092200265,0.20270085,0.15351273,0.15001145,-0.008669614,0.085865475,-0.0072825896,0.17373773,0.20157361,0.18787777,0.16090687,0.06949249,0.04257705,0.2024557,-0.002712963,-0.00500682,0.10511089,-0.0064061093,0.50476986,0.14577925,0.07064071,0.012936497,0.18926704,0.04273406,0.06661706,-0.0051248414,-0.006521694,0.05494142,-0.012367084,-0.0048336587,-0.009024821,0.21439207,-0.012363945,0.045647725,0.38392505,0.22583008,0.07419905,0.0131898485,0.17474407,-0.010031882,0.4356456,0.22556925,0.22643602,0.0994236
TCGA-HT-7686,0.042465355,0.50555223,0.07830785,0.8737782,0.07318797,0.7329472,0.08814458,0.26648986,0.17512882,0.4320395,0.31221017,0.20765382,0.4100839,0.1527795,0.018675465,0.0595688,0.07523135,0.10425238,0.35500896,0.21811879,-0.01043783,0.29063642,0.3413759,0.057094302,-0.0046386304,0.07783695,-0.009963433,0.18184781,0.25525367,0.40427166,0.09444064,0.045024373,0.120110035,0.16483997,-0.0054059336,-0.007514211,0.09994652,0.08543692,0.60494685,0.2112731,0.13922936,0.114460856,0.22810356,0.008261666,-0.00024131239,-0.010384614,-0.009438666,0.11645053,-0.008164684,0.013901271,-0.0051640393,0.42426938,-0.007928324,0.19946504,0.22047487,0.43113184,0.079631224,0.033829194,0.28272307,-0.010953433,0.6075372,0.22292621,0.26601696,0.15446821
TCGA-HT-7688,0.08190243,0.33690786,0.027095933,0.8029313,0.00032783672,0.75691164,0.15719825,0.15903251,0.030961826,0.13475098,0.28129402,0.03472541,0.36369103,0.078466445,-0.0022752066,0.06944731,0.0440368,0.039108317,0.30419073,0.25402483,-0.01026968,0.22937322,0.31946734,0.15032743,-0.003164278,0.08817251,-0.001102956,0.024952423,0.29888195,0.24409951,0.097364455,0.0015586764,0.2256515,0.118694976,-0.0026565827,-0.003365937,0.11147053,-0.008543516,0.51029044,0.16297898,0.13276312,0.0956136,0.2737904,0.033700254,0.07401903,-0.009709578,-0.004241141,-0.0034100835,-0.01124914,0.026719742,-0.005260864,0.2008083,-0.0036424787,0.051993296,0.3559657,0.35785735,0.023114419,0.065502524,0.20587769,-0.014580974,0.5043831,0.23372978,0.2242819,0.091622695
TCGA-HT-7689,0.037458632,0.47874492,-0.0065049604,0.72427595,0.07766181,0.58652884,0.061238147,0.15889819,0.03414435,0.2928893,0.29140896,0.07871145,0.42247385,0.17353058,0.0280204,0.05765123,0.041763995,0.12694387,0.29970738,0.18509719,-0.008009441,0.2473065,0.18907233,0.091872334,-0.0068540163,0.114665836,-0.005146092,0.2680868,0.29330456,0.1412915,0.10777122,0.064099744,0.09412013,0.17856261,-0.005229959,0.0026946366,0.049160097,0.026418813,0.51904345,0.14515543,0.08648132,-0.0009126067,0.11241085,0.11627971,0.053235542,-0.00498882,-0.013656022,0.10786943,-0.014371666,0.087424226,-0.005024579,0.2604963,-0.008531031,0.079086,0.35738352,0.181126,0.13287169,0.057297725,0.20286098,-0.0042009004,0.41254663,0.22624609,0.18435004,0.11489402
TCGA-HT-7692,0.077518225,0.3415444,-0.0049485783,0.47695506,0.08017242,0.5037211,0.05681444,0.047413696,-0.0031083047,-4.978441e-05,0.20140335,0.104825586,0.3447051,0.1308199,-0.0023089,0.054550648,0.014773439,-0.00028450956,0.19272834,0.16780302,0.00091001764,0.1695033,0.18438889,0.14443663,-0.004057433,0.11504865,-0.0025563014,0.14789443,0.4079967,0.045095153,0.04487792,0.10800716,0.025768153,0.16909166,-0.0011005662,0.025637936,0.059185486,0.016829371,0.4138218,0.17711452,0.04199181,-0.003807446,-0.0008642545,0.1409094,0.080938555,-0.0050704717,-0.004196081,0.023203772,-0.0058630626,0.048802294,-0.010050296,0.17680626,-0.0035675727,0.020640135,0.44408283,-0.0012246658,0.11553213,-0.002033857,0.09270729,-0.005300992,0.25908422,0.14443152,0.18990047,0.019416802
TCGA-HT-7693,0.075127006,0.4526691,-0.006794162,0.69055,0.08047016,0.6519513,0.016777053,0.24168478,0.05782271,0.31114113,0.37854236,0.01196374,0.40720475,0.16686189,0.03746175,0.091828875,0.1506423,0.08222748,0.28186515,0.23750697,-0.005966975,0.28893897,0.18905492,0.12123099,-0.00886332,0.09561699,-0.009596447,0.1776529,0.31974703,0.18648763,0.20186211,0.031073697,0.07119745,0.1998945,-0.010609981,0.03208348,0.044715926,-0.0026669435,0.54730254,0.17184219,0.09692289,-0.007243565,0.14815049,-0.0007081278,0.053367414,-0.0014671888,-0.008655307,0.06533347,-0.015074633,0.08652509,-0.008341781,0.25716537,-0.010174939,0.06502517,0.39451104,0.2543138,0.08448676,0.014281828,0.1743285,-0.009746141,0.43047392,0.1930772,0.21411718,0.09901242
TCGA-HT-7694,0.05036783,0.4032464,0.046760965,0.9631927,-0.00048403052,0.94759935,0.18539432,0.17260563,0.07884408,0.18923399,0.33595997,0.058497064,0.32306752,0.08338717,0.030262254,0.08232889,0.061073564,0.109954834,0.46762732,0.26598868,-0.010334584,0.27484375,0.4465158,0.16587025,-0.005149465,0.06665573,-0.0108378995,0.14697482,0.11858966,0.30262822,0.14609285,-0.00017201602,0.25099385,0.13781184,0.07561286,-0.0079382025,0.16397879,-0.0065996754,0.6214457,0.15771896,0.11992039,0.10169913,0.3583746,-0.0041083344,0.035561856,-0.013365296,-0.007603768,-0.006350826,-0.008518474,-0.0010172405,-0.0047943094,0.29956082,-0.007043976,0.1297634,0.31690466,0.5121821,0.043642834,0.07984175,0.24111608,-0.012268778,0.6875328,0.29042557,0.24271667,0.1558133
TCGA-HT-7695,0.035117853,0.3741864,0.009223215,0.6832664,0.028595557,0.71524704,0.09773835,0.20279595,0.029459924,0.10622303,0.3164102,-0.0017444916,0.35885888,0.22891149,0.01141316,0.10525108,0.062001295,0.084897,0.28836173,0.27928743,-0.0032987252,0.16210537,0.1886805,0.15669875,-0.012981499,0.11521353,-0.009708652,0.16287012,0.10990194,0.31214815,0.09812118,0.002514951,0.08371714,0.14362738,-0.00039469227,0.06285106,0.09680099,-0.0036511049,0.50382143,0.21324918,0.07522364,0.058196757,0.22759278,0.04074064,0.10303126,-0.011095292,-0.0045690197,-0.005706841,-0.01099775,-0.00072809163,-0.006641172,0.23405328,-0.0070816963,-0.0007784551,0.40008417,0.2322365,-0.00158625,0.05461852,0.1926595,-0.010288451,0.53472126,0.23728712,0.1848973,0.04012406
TCGA-HT-7854,0.06480014,0.5171246,0.037485693,0.9978836,0.17607497,0.8785336,0.108908616,0.21880001,0.08474829,0.356381,0.30860418,0.16573319,0.36564285,0.057603166,-0.005947896,0.01879106,0.27306077,0.13592216,0.41253987,0.31065258,-0.0005774453,0.35466787,0.14766853,0.029655246,-0.009354879,0.11641273,-0.018825356,0.3144383,-0.00056246895,0.26551956,0.13369344,0.049923893,0.09447524,0.15935585,0.0050016865,-0.018405646,0.16834968,-0.004910814,0.6475412,0.16020441,0.05920248,0.03761379,0.30583054,-0.008853161,-0.0062893406,-0.01296089,-0.018696262,0.12060332,-0.020848997,0.04945285,-0.011911801,0.41342655,-0.009434636,0.17555816,0.28598353,0.51185405,0.10722156,0.044586536,0.26306745,-0.009554299,0.65034693,0.37719008,0.24550559,0.39751518
TCGA-HT-7855,0.11943546,0.36593187,-0.0043013524,0.55738926,0.04844568,0.5501424,0.06442089,0.15020901,0.0064452663,0.029414143,0.2639455,0.1079179,0.42195183,0.18251127,-0.0035941028,-0.00090190157,0.052758694,0.0013673306,0.22706112,0.228631,-0.0021783602,0.21701996,0.098111406,0.14058211,-0.0043091415,0.11527839,-0.002087925,0.16089799,0.4212814,0.088361785,0.049847815,0.059839338,0.07508358,0.18358375,-0.0055541135,-0.0008693777,0.055406876,0.01027564,0.4486231,0.15487197,0.039917786,-0.0008728806,0.07986165,0.055068243,0.12503977,-0.0041118707,-0.009456956,0.066429734,-0.0058454825,0.010317601,-0.007174827,0.20569572,-0.012719701,0.04864229,0.38222697,0.07239697,0.10303149,0.0031240173,0.11469815,-0.0069059744,0.2817104,0.14610021,0.26241112,0.031073064
TCGA-HT-7856,0.12145358,0.44764543,0.16120113,1.3740208,-0.0007552188,1.1302426,0.27809337,0.30135578,0.08629241,0.35891795,0.4372366,0.03583527,0.40673566,0.052823514,0.06332547,0.22799465,0.00653411,0.20270228,0.6652646,0.29381448,-0.020024508,0.38112384,0.7455013,0.23213756,-0.00091425143,0.06929654,-0.01392816,0.021642137,0.34294423,0.34905213,0.14843443,-0.0037723423,0.44907504,0.22262907,0.09198106,-0.009555442,0.22175029,-0.00911914,0.7670084,-0.00040448084,0.2588682,0.22736935,0.5456917,-0.0032001212,0.08185118,-0.018371237,-0.0062206904,-0.014034872,-0.007230331,0.085330166,-0.007960701,0.36219642,0.11791526,0.36283094,0.23454535,0.89968216,-0.0052828523,0.20410554,0.2078026,-0.009916662,1.0075723,0.37914675,0.24944337,0.26806873
TCGA-HT-7858,-0.0015308198,0.59363467,0.02765559,1.1367407,-0.0025377788,0.91770387,0.07500893,0.3924032,0.16770154,0.56729877,0.4383048,-0.008620939,0.39279687,0.17552066,0.015015068,0.052793846,0.23063083,0.2083012,0.47660026,0.1924066,-0.009680669,0.42150605,0.27563494,0.10909944,-0.00390987,0.12228663,-0.027044654,0.17779669,-0.004179753,0.36253566,0.18111764,-0.003643927,0.27029586,0.32768583,-0.00821863,-0.005574416,0.1063955,-0.006891613,0.7391236,0.1686566,0.21341181,-0.0059871827,0.377854,-0.0054977234,0.07110492,-0.004464636,-0.016846059,0.092244714,-0.020659788,0.06796496,0.014667723,0.38510296,-0.012211292,0.17524397,0.37940624,0.6245047,0.10091796,0.11168352,0.34588173,-0.01833719,0.78015727,0.23315589,0.20513028,0.26449543
TCGA-HT-7873,0.06977187,0.45919174,0.009171709,0.6552427,0.097700275,0.60375655,0.057600014,0.08518675,0.038286887,0.12506007,0.2734553,0.1787265,0.3989514,0.06326408,-0.0052098534,0.05453471,0.030677624,-0.0039295247,0.22723389,0.17585698,-0.00025515034,0.24746142,0.25325796,0.15706107,-0.0012269985,0.16893686,-0.007317682,0.12877257,0.48947045,0.08205123,0.028974,0.13432477,0.1049473,0.214028,-0.0021984137,-0.0016444586,0.12559998,0.027598366,0.49055767,0.16761969,0.09049873,-0.002797732,0.014580602,0.076478094,0.04136949,-0.004476745,-0.008220044,0.110075265,-0.013442302,0.0983414,-0.008419267,0.25483546,-0.011342958,0.06906676,0.36920202,0.1271117,0.20523113,-0.0025147435,0.16762233,-0.0066908286,0.41701996,0.18116167,0.17436296,0.15279256
TCGA-HT-7874,0.09043713,0.40576965,0.05700605,0.93742234,0.034425475,0.7828419,0.20746803,0.21803658,0.03883058,0.14288539,0.30038106,0.10325031,0.35199296,0.07289453,-0.0006708202,0.080463246,0.02887787,0.12758178,0.38718924,0.26304835,-0.010481966,0.28574654,0.4380146,0.14072339,-0.002321731,0.10227801,-0.0061525907,0.071621135,0.3403704,0.19571106,0.11806637,-0.0001918614,0.2680197,0.21935159,-0.0001335539,-0.0072102137,0.15559012,-0.00861889,0.5543347,0.07598448,0.11596082,0.07193184,0.29499534,-0.00025559365,0.05688811,-0.0081854975,-0.009019531,0.04255118,-0.009494081,0.07639458,-0.008763097,0.2175678,-0.0052419133,0.13136142,0.27300656,0.5114497,0.037906736,0.03163815,0.17476617,-0.01336836,0.57408357,0.2798817,0.25621647,0.2372592
TCGA-HT-7879,0.12953615,0.54129773,0.04773986,0.8042139,0.101625025,0.6745709,0.10443082,0.19651492,0.03313615,0.2265759,0.36236006,0.058846932,0.4352275,0.1434429,-0.0010320989,0.04657372,0.058750913,0.14631172,0.30027336,0.25592136,-0.004567115,0.32167178,0.27070802,0.19199243,-0.0076950416,0.1133563,-0.014459841,0.12525727,0.36298585,0.0933043,0.05373073,0.052082624,0.15908648,0.3069675,-0.005334956,0.0055273697,0.14842826,0.017350562,0.5453191,0.16460621,0.09649715,-0.00036332832,0.15911828,0.09201497,0.0903807,-0.003946031,-0.0067535387,0.08809365,-0.008612824,0.083453186,-0.009589317,0.22214451,-0.013258087,-0.00016275381,0.3484517,0.3091653,0.18864028,0.00072026625,0.1647556,-0.0060589216,0.43248236,0.22787017,0.22285444,0.1701953
TCGA-HT-7880,0.10539265,0.5034246,0.11526491,1.2118624,0.11053105,0.9859352,0.25313103,0.26256263,0.07260225,0.3699265,0.32585454,0.23474157,0.38279456,0.006632425,0.02111381,0.13159198,-0.0028352183,0.18019074,0.55948514,0.25765586,-0.017876698,0.37597573,0.6868068,0.11680364,-6.266311e-05,0.06238901,-0.011991677,0.10915774,0.3578465,0.20564584,0.11699659,0.03210909,0.39069378,0.27445486,0.021377549,-0.018259957,0.29998392,-0.00027271287,0.65767324,0.033222638,0.16102728,0.19747794,0.39464232,-0.0043256725,-0.0041672634,-0.01539041,-0.011025515,0.02034815,-0.00899548,0.09563973,-0.0028527365,0.3479918,-0.0039232103,0.20252055,0.22800526,0.71093786,0.08247065,0.038368534,0.2164543,-0.011505289,0.7820648,0.39032945,0.38504776,0.35619605
TCGA-HT-7881,-0.0017768398,0.49282393,0.13657783,1.185667,0.075608015,1.0650568,0.2770043,0.26343864,0.015515126,0.39396322,0.3013582,0.07002163,0.38369006,0.011845604,0.017078836,0.124536596,0.13801856,0.25947428,0.48236656,0.302002,-0.017098183,0.38987687,0.572353,0.15870504,0.044052318,0.11042069,-0.0071365493,0.13113043,-0.0012946315,0.36328584,0.055779535,-0.0031198747,0.42958423,0.2552551,0.12577233,-0.015987847,0.18954313,-0.0029283687,0.73004305,0.020079471,0.272127,0.0881713,0.4445617,-0.005305858,0.031673912,-0.010865041,-0.021224152,-0.0052144597,-0.011701253,0.06672601,-0.00265182,0.26005998,-0.007312368,0.14061429,0.21725047,0.76106673,0.035791308,0.16411,0.30844018,-0.012799081,0.8756994,0.30859908,0.25601405,0.20185752
TCGA-HT-7882,-0.00079501607,0.5235408,0.1593043,1.9876896,-0.0016208437,1.03617,-0.001158848,0.2857442,0.28577828,1.3612388,0.62117016,-0.020966237,0.07644922,-0.031330798,-0.01087588,0.43879512,0.48907837,-0.022805374,1.026731,-0.016134737,-0.022046132,0.6882713,0.46600375,-0.018217785,0.18123396,0.28284284,-0.003821938,0.029621895,0.18471566,0.30528712,0.6238549,-0.0041777804,0.59130466,-0.0070236833,0.07316675,-0.039382998,0.26877722,-0.011939979,1.1078553,0.045583814,0.3542038,0.21240568,0.20934694,-0.01967533,-0.02194982,-0.022324018,-0.009794408,0.08871974,-0.025439177,0.048310213,-0.018216187,0.54429156,0.38849363,1.5749304,-0.011152293,1.0866545,-0.004451239,0.34394425,0.5432859,-0.0051068924,1.3532757,0.20318884,0.3644489,0.8772026
TCGA-HT-7884,0.11534117,0.40012455,0.02048241,0.6319045,0.08706055,0.5716933,0.08529783,0.096275866,-0.0033903362,0.09242724,0.24297091,0.12940969,0.38472325,0.07481385,-0.00084395305,0.042010568,0.011289078,0.057972286,0.22376812,0.2191978,-0.0032722657,0.267296,0.28421172,0.17729643,-0.0015578148,0.091896,-0.0053392765,0.13352346,0.47895485,0.021616431,0.025217053,0.080884546,0.08753896,0.24528858,-0.0017317802,-0.00066163315,0.10780298,0.019206576,0.45203835,0.11469488,0.06694014,-0.0021733206,0.03482058,0.1331025,0.06815511,-0.002076003,-0.0061745956,0.070329785,-0.0071390956,0.021443926,-0.0074056373,0.18259151,-0.010352561,0.00934675,0.35158423,0.13978407,0.20123926,-0.0046021338,0.13975766,-0.005342034,0.30845895,0.2071709,0.25226334,0.08520281
TCGA-HT-7902,0.08582446,0.5862382,0.15276982,1.1828722,0.13444406,0.9650153,0.18734658,0.27332705,0.008589737,0.33978373,0.2772521,0.23507607,0.46762973,0.06052699,0.002848099,-0.0014552668,0.0187307,0.27428585,0.46149704,0.34216404,-0.014639023,0.4170586,0.6176574,0.18778752,0.066042036,0.011693489,-0.0070426017,0.12345399,0.2592144,0.26529527,-0.003692184,-0.00321408,0.38251498,0.41981506,0.034024276,-0.012910924,0.2534561,-0.00029914157,0.75215197,0.051445663,0.2613059,0.076589,0.32770282,0.045951255,0.053744808,-0.00553181,-0.0148294335,0.028281603,-0.011060677,0.08698515,-0.006547585,0.32486787,-0.013981341,0.16161418,0.2877112,0.6529614,0.12115205,0.1447768,0.24311697,-0.010915589,0.687373,0.30699342,0.3326194,0.17416568
TCGA-HT-8010,0.08070728,0.46253687,0.03905425,1.0049227,0.07230356,0.9612118,0.20507258,0.22504275,0.05276534,0.20452712,0.35670945,0.13927154,0.32483962,0.062971495,-0.0004789767,0.09071753,-0.00015661558,0.11516982,0.44151273,0.28602454,-0.012826013,0.26757386,0.48678154,0.111216165,-0.00404961,0.027425686,-0.011518115,0.11733204,0.25690228,0.165463,0.13169022,0.02177801,0.21347445,0.20429808,0.037009984,-0.010462054,0.24184585,-0.00702744,0.63517654,0.14859696,0.10037522,0.0890708,0.3971036,0.034471285,-0.0032557994,-0.017685762,-0.0053797276,-0.0011006016,-0.013856046,0.13657266,-0.0075769606,0.25692132,0.017794844,0.1778621,0.32862237,0.541811,0.071603656,0.05984587,0.16695319,-0.011363008,0.62302846,0.36912552,0.29993072,0.23959027
TCGA-HT-8011,0.44568574,0.548459,-0.0005874444,1.248407,0.41829395,1.0091345,0.0867072,0.28915954,0.08726112,0.4965372,0.50265956,0.3472724,0.5477355,0.013111215,-0.00056546525,0.110678576,0.10078078,-0.001022159,0.567267,0.3500539,-0.017586276,0.37307465,0.7578454,0.10368106,-0.008152227,-0.0009788756,-0.0010308374,-0.015813788,0.30110538,0.40703738,0.42049405,0.010545924,0.4047052,0.23444337,-0.01615169,-0.03457451,0.16116375,0.09948174,0.7319938,0.3666589,0.19343929,-0.011217818,0.102739275,-0.017872889,-0.0052550095,0.08248785,-0.003722361,0.5233729,-0.01786643,0.16395158,-0.00040373692,0.6189755,0.00045882538,0.53002983,0.26108435,0.5052315,0.11544332,0.26923007,0.43104962,0.0018629655,0.7969765,0.32521766,0.29202947,0.3410719
TCGA-HT-8012,0.08352929,0.464899,-0.0053654094,0.66641307,0.047489583,0.6861719,0.08446775,0.14012747,0.014762297,0.08462277,0.2592965,0.04497075,0.4232604,0.097099766,-0.0010207806,0.07312361,0.003113808,0.05700795,0.27769017,0.23145802,-0.0027194992,0.21184713,0.29470193,0.18157504,-0.0073924125,0.086955085,-0.0053386395,0.1504448,0.392133,0.11484857,0.08724509,0.0470365,0.090485275,0.21053761,-0.0018349208,0.02763386,0.10425345,-0.0018420644,0.56651974,0.17740807,0.08085048,-0.0027380546,0.09204822,0.07609855,0.04838538,-0.007855131,-0.0066725775,-0.0015320856,-0.011946808,0.06699731,-0.008915155,0.26931223,-0.0013227139,0.1207872,0.43831918,0.15351051,0.15056619,0.05021431,0.19660467,-0.008162327,0.44757932,0.2248427,0.14386448,0.016459327
TCGA-HT-8013,0.12541735,0.6414082,0.016782593,1.1202627,0.13351199,0.95928806,0.07832392,0.28877276,0.105135866,0.41812378,0.42444378,0.09865677,0.47913688,0.18888035,-0.0028951932,0.082920834,0.15642142,0.20211062,0.39811668,0.3872052,-0.006562236,0.43445286,0.45820734,0.2029454,-0.005625994,0.1359983,-0.020486066,0.17552142,0.13322958,0.2976824,0.10828629,-0.003307049,0.16884491,0.30271596,-0.009763702,-0.013797176,0.18588856,-0.0011445545,0.7113192,0.16299899,0.19757883,-0.0007630419,0.41542524,-0.0040284507,0.029138811,-0.013296711,-0.016783651,0.09370473,-0.021093039,0.08162645,-0.0069210655,0.38687712,-0.008036086,0.11348605,0.42642817,0.5618118,0.091669634,0.110860735,0.29502782,0.0066495687,0.79197395,0.40425918,0.1481015,0.26864165
TCGA-HT-8018,0.11373033,0.43834442,0.17705093,1.4853231,-0.0015151829,1.0930322,0.36062232,0.24149631,0.12521774,0.67955863,0.5239149,0.023382626,0.3489802,-0.015608502,-0.00079535105,0.16379464,0.1737289,0.023692667,0.6817307,0.32932737,-0.027111923,0.4252445,0.6465747,0.13841109,0.009072274,-0.0027668935,-0.00096066186,-0.003523818,0.14006248,0.47497946,0.26471356,0.032701284,0.44860327,0.21596771,-0.004543689,-0.019430289,0.32627907,-0.014061498,0.8424463,0.2116366,0.23954263,0.13921821,0.5613401,-0.0053256005,-0.005120744,-0.021218233,-0.009112978,0.027368963,-0.022382686,0.14876917,-0.0032209933,0.43982252,0.15279903,0.5167188,0.057908393,0.87919986,-0.0019562482,0.22899695,0.42240903,-0.020738233,0.9965049,0.4028546,0.34148958,0.41978067
TCGA-HT-8019,0.09650533,0.35189453,0.09762651,1.4688284,-0.0018025968,1.238627,0.51710594,0.26123038,0.1489169,0.26187643,0.47715852,0.08403219,0.29183662,-0.014299733,-0.0048165773,0.3403101,0.030938812,0.15973042,0.6358951,0.3468871,-0.033554498,0.37210083,0.8391638,0.14180991,-0.0061522806,0.061875235,-0.00833897,-0.008009965,0.35061398,0.28237343,0.14960912,0.05093941,0.6339805,0.21518213,0.2174494,-0.022439495,0.3725489,-0.024629295,0.6757641,0.019599058,0.21319363,0.37717944,0.7576303,-0.007966141,0.0069756955,-0.022615567,-0.008193192,-0.0124700535,-0.013206688,0.120344795,-0.0006713592,0.2578632,0.1504151,0.3417239,0.096526034,1.1258765,0.06631435,0.11460155,0.23710954,-0.017715488,1.0652677,0.4841958,0.42972347,0.44991148
TCGA-HT-8104,0.15368034,0.55989784,0.13280609,1.064341,0.27404916,1.012727,0.18421847,0.2633806,0.08706135,0.29263148,0.38290948,0.30543187,0.42826498,-0.009831594,-0.009147817,0.11271367,0.12073184,0.037122313,0.5312857,0.14402603,-0.015857965,0.33641678,0.4152671,0.16836695,-0.003972447,0.024604674,-0.0025765474,0.18040358,0.2815293,0.31001875,0.2438171,0.09592167,0.2971502,0.16899464,-0.0062282826,-0.019968519,0.21822125,-0.0022863783,0.65885377,0.16863993,0.105360866,0.012411613,0.25612244,-0.004980343,-0.006685987,-0.0041460195,-0.011531799,0.24477904,-0.018262783,0.13715214,-0.013586751,0.4847307,-0.01269571,0.23988417,0.18831626,0.49862528,0.12892665,0.12550296,0.27604178,-0.009446205,0.6598696,0.40492836,0.33384627,0.3854732
TCGA-HT-8105,0.11430666,0.45825082,0.06187198,0.8274411,0.055384956,0.6946366,0.005338572,0.20808892,0.008551113,0.20373625,0.2364938,0.058962345,0.36653978,0.06576763,0.028192464,-0.002102946,0.054766245,0.024495542,0.34180865,0.18942235,-0.007043122,0.30484164,0.3987992,0.16283032,-0.00017622337,0.15012227,-0.0060086227,0.1171211,0.5119186,0.06083107,0.20315,-0.00069056824,0.24174953,0.18918154,-0.0041488237,-0.0070884074,0.10091603,-0.0023248426,0.5672275,0.14116693,0.10634941,-0.007840313,0.008488836,-0.0046629496,-0.0026612326,-0.007463332,-0.0078112963,0.14313258,-0.009220782,0.0080563575,-0.014010985,0.21223101,-0.007835581,0.19193353,0.32925376,0.26657018,0.050980106,0.1053153,0.16292638,-0.0075505967,0.5123094,0.1533491,0.23718017,0.10842028
TCGA-HT-8108,0.14532539,0.39814225,-0.00012481623,0.6534362,0.09215563,0.5336947,0.07298166,0.10644307,-0.003522694,0.09331106,0.22461942,0.08614443,0.35202456,0.12271197,-0.0016936836,0.037882693,0.020359576,0.051979307,0.23431844,0.19401468,-0.0017210499,0.27054465,0.2959956,0.17672677,-0.0052851676,0.10952417,-0.0040322547,0.11641668,0.45451212,0.04209216,0.05506486,0.05339941,0.12540261,0.2600948,-0.0032880306,-0.002078464,0.05511967,0.0022793934,0.44621933,0.1262709,0.06590681,-0.00051400176,0.054588675,0.11314677,0.09814161,-0.0051319147,-0.0070817485,0.07695754,-0.0056198826,0.014286123,-0.007870506,0.19741318,-0.0067860386,0.0502738,0.38467103,0.11288034,0.12125148,-0.0016464588,0.12704462,-0.0051347786,0.32275733,0.16760145,0.21920423,0.05524487
TCGA-HT-8109,0.04294521,0.4569601,0.010674331,0.86798906,0.07720289,0.86459637,0.103179954,0.20711674,0.06963197,0.16315109,0.35049355,0.076424375,0.41309112,0.088105276,-0.0013015827,0.13260916,0.057507813,0.04834466,0.3959143,0.21036264,-0.009556951,0.2383001,0.3253914,0.16332138,-0.0051164087,0.09670504,-0.008022763,0.13228506,0.27539155,0.22591291,0.12733461,0.053933673,0.19078338,0.12822902,-0.00085229427,-0.0043512057,0.11864739,-0.0033104233,0.5486919,0.095284745,0.13097054,0.0125535615,0.22276387,0.0032182038,0.04118941,-0.007993879,-0.007119981,-0.0004538674,-0.011733477,0.06658814,-0.007106764,0.27878317,-0.0043357546,0.16159546,0.3639128,0.4097386,0.057559855,0.06207272,0.19024798,-0.008103787,0.60427624,0.3002088,0.21138847,0.1590117
TCGA-HT-8110,0.34844327,0.8629738,0.21653312,1.6349386,0.4409718,1.1613684,0.036846727,0.45050532,0.0817344,0.8506598,0.34912312,0.23960105,0.3137341,-0.0029797852,-0.009497774,0.18633756,0.12415265,0.14673328,0.8637697,0.2495765,-0.014623082,0.38445354,0.7765281,0.096273676,0.07409139,0.22719912,-0.010053195,0.11157796,0.32514572,0.30957744,0.24700247,-0.009456296,0.8096315,0.2809779,-0.004057515,-0.032801673,0.29851377,0.10580521,0.8222519,0.08689343,0.3210052,-0.0028929126,0.24183172,-0.02905405,-0.024842767,-0.013269863,-0.0092632715,0.36401448,-0.005423756,0.1628921,-0.015619199,0.5465417,0.10299872,0.684609,0.1963436,0.75694466,0.027022481,0.24622606,0.5451493,-0.0068027186,1.0181944,0.35384646,0.38227707,0.44028723
TCGA-HT-8113,0.08475265,0.5114477,0.22912061,1.37162,0.008795161,1.0815654,0.28201517,0.31586915,0.09549069,0.38209152,0.3833774,-0.0009475768,0.39203268,0.06256325,-0.0005572346,0.074547544,0.06966702,0.17099074,0.6852884,0.2922458,-0.013413769,0.43674558,0.68350667,0.17405647,-0.0015819494,0.07930312,-0.015100786,0.007354673,0.095874734,0.43691462,0.3094072,-0.01185325,0.49944574,0.24103504,0.026746847,-0.013626871,0.20395848,-0.009654156,0.75948775,0.081197105,0.19248077,0.09398578,0.48611116,-0.013863352,-0.003487608,-0.014266178,-0.00488379,-0.0016408142,-0.010002995,0.074996464,-0.009232386,0.29496205,0.061433975,0.37869567,0.1797228,0.86214554,-0.0072139665,0.23772769,0.2705694,-0.015609214,0.9814874,0.30571705,0.25048298,0.27596945
TCGA-HT-8114,0.091233104,0.42327332,-0.0050395946,0.6976036,0.05607704,0.5889045,0.011202019,0.2111958,0.06723056,0.2100561,0.31850928,0.03408007,0.31802693,0.1766212,-0.007627651,-0.00042555667,0.051223002,0.02372399,0.25189558,0.20013149,-0.000930804,0.21341969,0.15144108,0.12522212,-0.010638986,0.13200809,-0.0035227519,0.11692837,0.4484951,0.07841378,0.0355733,0.03774376,0.13676167,0.1949425,-0.0039066197,0.005924523,0.08079267,0.034700513,0.43226513,0.08990285,-0.0002498947,-0.0025933248,0.07128515,0.054043002,0.052284926,-0.0057088286,-0.012054716,0.13956167,-0.0070516453,0.032078706,-0.0133716315,0.22923821,-0.009243439,0.12857062,0.24772191,0.17513627,0.17433606,0.0133691095,0.20488268,-0.005793663,0.34442276,0.1831913,0.2505818,0.1998864
TCGA-HT-8558,-0.0018391277,0.6061073,0.2515423,1.5096639,0.039830215,1.2721176,0.33439514,0.35528815,0.07886488,0.370781,0.33185554,0.19740495,0.44475198,-0.009449688,0.05013858,0.001925692,-0.0021943653,0.29944688,0.56746894,0.30175188,-0.028651366,0.45799136,0.82252336,0.12440406,0.04162804,0.04385793,-0.0049926136,0.11944072,0.27394673,0.30798608,0.12347515,-0.009949123,0.5598759,0.26323545,0.098002814,-0.0189403,0.2657833,-0.0029501559,0.88625425,0.027460165,0.21760175,0.22047478,0.51647794,-0.011407521,-0.007525421,-0.012515058,-0.018698508,-0.008109455,-0.021035748,0.08956731,-0.004753094,0.28501588,-0.007556658,0.23123096,0.17454773,0.98643005,0.020039191,0.08663198,0.31047255,-0.016515603,0.9289766,0.48986003,0.39119616,0.4136958
TCGA-HT-8563,-0.022167461,0.3804857,0.096383825,1.0646276,0.045171298,0.7677893,-0.013359383,0.33804923,0.03295847,0.64709336,0.33936375,0.3607219,0.19433448,0.00907854,-0.0070741475,0.04596541,0.2786944,0.0954299,0.42364526,0.08776632,-0.014726254,0.3334701,0.29248315,-0.010000317,0.051612727,0.06396948,-0.006172975,0.2370512,0.02331727,0.5077567,0.31421414,-0.0037006715,0.1705679,0.024137046,0.06873838,-0.007129436,0.14028326,-0.006085432,0.5964148,0.17410377,0.1535318,0.043265093,0.28802055,0.027079362,-0.01005512,-0.0067988285,-0.008545033,0.07227242,-0.016375253,0.121473916,-0.0071393806,0.41720182,-0.005802891,0.47415328,0.08381824,0.67240274,-0.0022119107,0.12412611,0.28994638,-0.0025982016,0.68144,0.3221638,0.17630158,0.40522397
TCGA-HT-8564,0.18478726,0.26845378,0.046526928,0.6972975,0.090091474,0.53727996,0.123009525,0.09504705,0.0026053637,0.2091858,0.26879713,0.27038243,0.31846684,0.13350262,-0.0042084237,0.115051724,0.09513041,-0.0039069816,0.27531627,0.31221846,-0.011220391,0.30233026,0.27069515,0.14482339,0.01873272,0.04216721,-0.0022670177,0.050687324,0.36701208,0.14456816,0.1014107,0.048789244,0.063472405,0.1165943,-0.009707112,-0.007032793,0.13365304,-0.0053398125,0.43326497,0.2163583,0.09145419,-0.00026352517,0.08897958,0.049743943,0.040201224,-0.013810179,-0.007209395,0.18041198,-0.0051224497,0.10838846,0.010585133,0.2295098,-0.0068140463,0.3020056,0.27467838,0.1720796,0.061367214,0.08662507,0.08977816,0.029582642,0.323207,0.23807304,0.2917785,0.15672468
TCGA-HT-A4DV,0.068437085,0.5015208,0.04982962,0.97060317,0.14329529,0.90530884,0.103164546,0.1943623,0.012513526,0.19197954,0.2498576,0.26007324,0.3666128,0.11558269,-0.0044710254,-0.004054042,0.02727599,0.057299,0.34203538,0.17057481,-0.010680373,0.3237623,0.47059947,0.109815575,-0.00060832425,0.105669186,-0.0039104875,0.1955467,0.34939456,0.047836073,0.018905278,-0.0008095369,0.19622785,0.22370642,0.027768467,-0.014776803,0.13111699,-0.0025406987,0.67305017,0.013781484,0.15548243,0.022919443,0.31092605,0.019467052,0.014427893,-0.004334265,-0.015513512,-0.0029673923,-0.012151402,0.011363454,-0.00035928452,0.26761588,-0.008895359,0.063375734,0.48026082,0.40121958,0.17989896,0.07214238,0.14696419,-0.0072328895,0.5407167,0.33944324,0.46461156,0.1718281
TCGA-HT-A5R7,0.14119926,0.3293292,0.031390008,0.67651105,0.10867556,0.6596092,0.14624569,0.10579406,0.03256973,0.07090655,0.23962942,0.28937954,0.31974205,0.19699575,-0.0038072753,0.0014356449,0.009413837,0.0048383307,0.24591042,0.20838566,-0.00022589303,0.22446974,0.41465932,0.1027357,-0.010709546,0.12957436,-0.0034566168,0.13567041,0.60212684,0.011761399,0.0027754717,0.046195574,0.07421866,0.20826483,-0.002157455,-0.0072432035,0.101307355,0.04565122,0.39442334,0.09638244,-0.005625035,0.11856125,0.17351785,0.15168971,0.043213055,-0.014152907,-0.002840386,0.1523663,-0.0013948996,0.0397982,-0.0040796096,0.24600151,-0.003177326,0.11194234,0.25885323,0.1258828,0.12928204,0.013626453,0.09123172,-2.2680313e-05,0.3100382,0.26676396,0.3881967,0.17729552
TCGA-HT-A5RA,0.37777022,0.40852875,-0.0013575386,0.8057184,0.28745532,0.8467363,0.11781762,0.2038582,0.069181226,0.15586324,0.36600485,0.43781495,0.3990112,0.099667996,-0.007021048,0.2947567,-0.00028558364,-0.002050845,0.44401112,0.17662361,-0.016711522,0.23348214,0.39770734,0.0034360364,-0.008654057,0.0044368315,-0.004983145,0.13618256,0.38553947,0.33854526,0.23495527,0.099165924,0.19600204,0.20285022,0.06351876,-0.0152166905,0.06935745,0.1285077,0.51727,0.28587532,0.09465626,0.160144,0.07502378,0.11889444,0.10216148,-0.015334911,-0.008626183,0.2664344,-0.0054702233,0.10415583,-0.0027904143,0.43210635,-0.0047026933,0.32159403,0.31216297,0.17789462,0.06313369,-0.004189802,0.25004303,-0.018229857,0.4016928,0.27338955,0.4405629,0.25828832
TCGA-HT-A5RC,0.30856857,0.51989764,0.14722836,1.1262602,0.25930366,0.9779215,0.17975676,0.230499,-0.0072921454,0.3341458,0.47114357,0.4490077,0.26188394,0.07213966,-0.008641777,0.04752121,0.10754183,0.08198573,0.49690905,0.1129016,-0.005635747,0.23916344,0.6472033,0.04828664,-0.02750715,-0.003988357,0.041420113,0.28303942,0.50018734,0.118072055,0.15551712,0.10984282,0.30294156,0.28486106,0.17353652,-0.016461793,0.15340155,0.09332069,0.5353256,0.15691637,0.025725376,0.1021357,0.21357612,0.08828753,-0.00881165,-0.013573602,-0.007603872,0.19188716,0.007816348,0.07140339,-0.00878201,0.4051138,0.0187666,0.3425529,0.072974205,0.30945045,0.21220976,0.03982502,0.25503412,0.04430262,0.6162663,0.5255542,0.45074967,0.39874995
TCGA-HT-A614,0.12640296,0.36059996,0.0007543564,0.5303752,0.11635489,0.4996767,0.08452118,0.053903304,-0.0011511333,0.038518228,0.21147501,0.23031506,0.3435098,0.18655445,-0.0030468975,-0.0016478369,-0.00071864016,0.00917932,0.17381954,0.19630745,0.013626978,0.22215034,0.20995723,0.15159746,-0.0070434147,0.12637357,-0.0022756276,0.17522044,0.45207778,0.022742333,0.0010417476,0.06303573,0.033208348,0.21631923,-0.0010267273,-0.0020820268,0.07927425,0.037144743,0.37234718,0.12525693,-0.001932619,0.03831218,0.07060201,0.1384215,0.07533587,-0.0069284188,-0.009011438,0.07132885,-7.120632e-05,-0.0003729623,-0.010994247,0.1859327,-0.008886278,0.029491639,0.35604417,0.018444814,0.14956953,-0.0011068102,0.06735407,-0.0022610822,0.2199836,0.18863186,0.36045423,0.06076905
TCGA-HT-A615,0.10809249,0.3814283,-9.632148e-05,0.59635353,0.11785145,0.5504953,0.06303263,0.0751184,-0.0035588832,0.008385029,0.23084494,0.21471965,0.34648526,0.15539664,-0.0009939712,-0.0015795954,0.038665347,0.029442634,0.24711545,0.1723406,0.024689093,0.23993848,0.19424115,0.10764116,-0.007874882,0.12641284,-0.00397737,0.19999042,0.4455507,-0.0018103694,0.100065246,0.07497904,0.032574043,0.20512092,-0.002828958,-0.0006191887,0.056531474,-0.0016668849,0.41182274,0.12017844,-0.0014295673,0.01795879,0.013733318,0.11678208,0.06747813,-0.0059336266,-0.009097612,0.113491654,-0.0029760909,0.023355626,-0.009292229,0.19920626,-0.0060553816,0.06588566,0.3804873,0.027062736,0.11225893,-0.0014831026,0.055092417,-0.003978293,0.2627737,0.19945216,0.26419145,0.11507721
TCGA-HT-A616,0.18919683,0.31617615,-0.0007481452,0.6319442,0.0421133,0.5394986,0.16266409,0.079929054,-0.0043980074,0.02688606,0.19677958,0.19972658,0.33748376,0.13726598,-0.0032765497,0.021429218,-0.0017793421,0.003970802,0.24652469,0.17731537,-0.001068094,0.24189937,0.29282513,0.15639491,-0.012696329,0.08812414,-0.0042839255,0.08810481,0.53309184,0.05115781,-0.0022244682,0.045912888,0.0980279,0.20484805,-0.0048296205,-0.009641196,0.057476163,0.020234875,0.39797527,0.1390025,0.0077022165,0.055531427,0.12462089,0.1581173,0.08984968,-0.0074518905,-0.0066018584,0.07111034,-0.0001296226,-0.00038485974,-0.010346971,0.20355788,-0.0034029472,0.09101018,0.30592152,0.08989444,0.09988575,-0.000859464,0.07650244,-0.0084646735,0.22327037,0.23240575,0.3641532,0.08916262
TCGA-HT-A617,0.19477656,0.59756136,-0.001204075,0.8073691,0.32466587,0.68805695,-0.006473659,0.0608772,0.06919023,0.22722164,0.38629067,0.36421412,0.3249855,0.10667549,-0.0076978425,0.044933997,0.07280883,-0.006635648,0.25405088,0.11695515,-0.0055723153,0.2379526,0.18026169,0.06263142,-0.014407665,0.10268098,-0.0039557163,0.30877346,0.22413707,0.051438607,0.17568462,0.09426813,0.059861973,0.22951466,0.009861134,-0.010396603,0.09734576,0.016035952,0.44084987,0.19904429,0.023602776,0.10134496,0.15822089,0.073497586,-0.0063413754,-0.0052471943,-0.009310129,0.16454522,-0.016845759,0.16554907,-0.01247396,0.30692205,-0.005545675,0.12499829,0.3252241,0.2094635,0.23395364,-0.007404931,0.184717,-0.005601048,0.43327624,0.3662842,0.5151161,0.33764517
TCGA-HT-A618,0.16974995,0.49946654,0.002569344,0.88604116,0.1314058,0.697334,0.18163756,0.22632648,0.07424464,0.26026362,0.36337173,0.16845837,0.38853377,0.16918267,-0.0041684895,0.065537505,0.024615552,0.0795165,0.39040443,0.25319645,-0.0035139557,0.29096866,0.5199518,0.064914584,-0.0014266856,0.082826145,-0.010135178,0.20080829,0.54575884,0.03798181,-0.00067890174,0.0023697168,0.18074417,0.26945484,0.014763173,-0.014192817,0.11984127,0.111559756,0.48910972,0.06459993,0.05795047,0.08914748,0.11132591,0.12061498,0.048765503,-0.00963964,-0.011846741,0.12379144,-0.002491913,0.0535587,-0.010316349,0.2750772,-0.002691162,0.20880872,0.22844228,0.17374921,0.16573077,-0.005606193,0.1336101,-0.004860827,0.39291567,0.33936355,0.5237602,0.17985235
TCGA-HT-A619,0.11183061,0.31090128,-0.0036161307,0.47979617,0.065379255,0.46885014,0.024103306,0.07794394,-0.004777395,0.033475354,0.2067098,0.14534572,0.3321184,0.17235966,0.007123259,-0.0039168447,0.044086266,0.022661619,0.20460859,0.1990182,0.024489745,0.22408547,0.21524566,0.13072705,-0.009865713,0.10527533,-0.00083077105,0.18495244,0.44154015,-0.0009810424,0.1109893,0.08301903,-0.0008026414,0.22267145,-0.0021254742,0.01117276,0.012715256,-0.0012701668,0.4045336,0.16638824,-0.0013662744,-0.00034070053,-0.002729275,0.157444,0.071759254,-0.0045785666,-0.0055667567,0.111075446,-0.0032578197,-0.0010266871,-0.009220508,0.20376238,-0.005715655,0.049800448,0.39380085,-0.0073500844,0.12639865,0.01482128,0.05887344,-0.0001908075,0.1776927,0.15071744,0.2692115,0.02777788
TCGA-HT-A61A,0.08675882,0.32951358,0.054548446,0.81783485,0.049100265,0.74825025,0.2716647,0.10621351,0.048021287,0.10647915,0.26991823,0.16722755,0.2883241,0.09576471,-0.0047887163,0.03653396,0.0011986578,0.03701438,0.32467926,0.19118848,-0.010867047,0.27519888,0.50880927,0.14098203,-0.0073803477,0.08381418,-0.0061564413,0.07217163,0.49233925,0.114481926,0.051136766,0.021942355,0.17290904,0.13403411,0.034938097,-0.01235485,0.14858016,0.01075498,0.47790012,0.05619382,0.07573716,0.18268637,0.29597628,0.14284708,0.061081603,-0.008600525,-0.0017171446,-0.0024526443,-0.003119027,0.071794696,-0.0088215275,0.24047437,-0.0030563672,0.16796869,0.25290516,0.3603074,0.120354936,0.006272901,0.026009828,-0.0035663627,0.4794618,0.34359816,0.42237502,0.22929178
TCGA-HT-A61B,0.1193832,0.46658707,-0.0018939096,0.68541086,0.10847554,0.59655064,0.033295102,0.13657236,0.05505202,0.20089993,0.32734835,0.17968187,0.3554166,0.2425259,-0.0010010914,0.027659997,0.07708442,-0.0010380404,0.24307168,0.28900445,0.03754633,0.2586322,0.31061184,0.17082788,-0.009534069,0.11424123,-0.004689658,0.1437455,0.5630682,-0.0018316059,0.049588416,0.078566186,0.016324088,0.25111747,-0.009857132,-8.160472e-05,0.07789359,0.085332714,0.426755,0.17039382,-0.0022395335,-0.0019601404,0.064241834,0.10651989,0.03611449,-0.007736895,-0.00646429,0.15992166,-0.009007699,0.029543094,-0.009159195,0.27189258,-0.004415453,0.15141307,0.2839548,0.054881,0.19070004,-0.0025229354,0.124914184,-0.0034753778,0.24017256,0.23846081,0.40446043,0.12773345
TCGA-HT-A61C,0.284965,0.48220223,0.14642105,1.1744195,0.3228694,0.779473,0.28027338,0.3217771,0.036501504,0.42971733,0.4496528,0.5197601,0.4689777,0.20857677,0.02497347,0.14707237,-0.00044420297,0.050695855,0.5552646,0.23405793,-0.01744375,0.35787508,0.79473543,0.13711628,-0.0052945004,-0.0065097376,-0.012946593,0.010924708,0.4936983,0.29693717,0.2706836,0.08062944,0.10064483,0.35989204,-0.014001858,-0.027153075,0.104857706,0.09245481,0.69939464,0.32026324,0.06973706,0.050042074,0.15704522,-0.00052938313,-0.0031669773,-0.016572649,-0.0027084013,0.36007974,-0.0068090456,0.04611241,0.04682971,0.548537,0.06188668,0.8714653,0.15709963,0.28032455,0.087330736,0.112987444,0.21853203,0.12357745,0.597697,0.41018173,0.5333545,0.25407827
TCGA-HT-A74H,0.22634253,0.69306636,0.15791284,1.3734761,0.33691683,1.1428964,0.32738408,0.37044233,0.16990691,0.46087456,0.45992756,0.39509004,0.40856093,0.029658213,0.074508294,0.2547293,0.0786532,0.28891915,0.6773183,0.28512943,-0.02163936,0.32377994,0.6959299,0.100154296,-0.0020047487,0.053062417,-0.0121091185,0.22897337,0.25317258,0.24750397,0.19766209,0.060542025,0.44235015,0.27451658,-0.0015259519,-0.020409105,0.3354439,0.14004555,0.85620487,0.19226107,0.20951506,0.16339916,0.3242761,-7.551834e-05,-0.0011763826,-0.022581242,-0.023519952,0.08193207,-0.007454024,0.14452493,-0.0040270817,0.47054395,0.010712612,0.32845324,0.12173627,0.6485174,0.044297315,0.07266715,0.2935892,-0.006349813,0.8532779,0.45000812,0.52279806,0.43619215
TCGA-HT-A74K,0.01521318,0.5182194,0.031146448,0.8706579,0.10442008,0.78749794,0.031178452,0.2227813,0.020072378,0.13716005,0.28258988,0.25890303,0.41018194,0.1109968,0.008279148,0.070303015,0.07025905,0.09440607,0.50888664,0.23265502,0.015462525,0.3186131,0.35857874,0.15872386,-0.006874421,0.14371212,-0.014032773,0.23754448,0.15637532,0.21340577,0.22183849,0.040013798,0.15885359,0.18741031,0.0989915,-0.007980435,0.08609303,0.018757306,0.69735533,0.13254765,0.05489559,-0.007294846,0.074701816,0.005981557,0.020011343,-0.0005218484,-0.00306828,0.029956002,-0.013835183,0.058285184,-0.0030347386,0.30446348,-0.0037432932,0.23795684,0.45807898,0.38146365,0.0018555205,0.091632575,0.20439166,-0.0135537265,0.53213805,0.23142576,0.11501056,0.11150779
TCGA-HT-A74L,0.108735636,0.3247499,-0.0068056853,0.43912947,0.09301154,0.43233275,0.048851244,0.0457303,-0.004786664,0.015586745,0.18303263,0.12307544,0.30397376,0.16069043,-0.001867294,0.0057692043,0.01897639,-9.685718e-05,0.15498567,0.19980717,0.017319035,0.20171045,0.13718158,0.12474295,-0.008495405,0.097003214,-0.0014495943,0.1867178,0.37083852,-0.002117071,0.03332522,0.093757614,0.012220055,0.18172722,-0.002167029,0.033994697,0.009189124,0.034986973,0.38780725,0.13028473,-0.0021685644,-0.0038088632,-0.0036805742,0.16354248,0.07877174,-0.0019756276,-0.006413317,0.086679384,-0.00059862883,0.009900823,-0.01030348,0.14131235,-0.009686003,0.0008333626,0.39596942,-0.007705021,0.09951925,-0.0039436272,0.083284885,-0.003135021,0.14147185,0.1563519,0.259362,0.047637053
TCGA-HW-7486,0.04581457,0.55403024,0.11951575,0.9464319,0.104059875,1.0204532,0.08186725,0.348081,0.016253188,0.22592776,0.35553023,0.06279208,0.46366864,0.24968186,0.14617112,0.07420807,0.11170958,0.28668916,0.47093344,0.33828807,-0.0030418292,0.29033816,0.41901278,0.14994743,-0.006876929,0.03497412,-0.014307395,0.22307596,-0.0002871193,0.3275494,0.09704077,-0.003135457,0.15416613,0.26106694,0.0087114945,0.03449909,0.12670311,-0.0020507209,0.7336206,0.19966719,0.14766064,0.010258678,0.3037454,-0.0038265728,0.070879966,-0.010756408,-0.011869696,-0.010815228,-0.009661699,-0.0022113197,-0.008113897,0.33179674,-0.007510329,0.052668203,0.38503334,0.5126128,-0.006154952,0.1414609,0.2768179,-0.0051859594,0.7278113,0.31417838,0.21958286,0.020618975
TCGA-HW-7487,0.07825762,0.562976,0.085609764,1.0694152,0.09566235,1.00315,0.07323691,0.22983374,-0.0012235448,0.06497121,0.3677132,0.09479894,0.5606379,0.076237716,-0.0011352231,0.14266986,0.036629822,0.23398125,0.4485643,0.2487034,-0.014933216,0.298891,0.37394914,0.21294019,0.0970144,0.15142135,-0.009423626,0.078679144,0.45063213,0.19485982,0.16868092,0.071785204,0.33100313,0.2761862,0.035406947,0.02646619,0.12649992,-0.012135228,0.6711461,0.038400486,0.22626129,0.08537465,0.33955634,0.008034989,0.11618617,-0.004633881,-0.012909042,-0.008928763,-0.022401048,0.057653517,-0.0121560395,0.20882538,0.0030269437,0.07860324,0.40134344,0.64780474,0.0779632,-0.0002631545,0.18185225,-0.010802213,0.7036807,0.25985947,0.14068934,0.251222
TCGA-HW-7489,0.10467866,0.48738205,0.025418837,0.8927149,0.09884423,0.8586135,0.1563178,0.2200344,0.05783028,0.20877615,0.3321378,0.028227787,0.3523242,0.15795735,-0.001238949,0.05735582,0.073661715,0.12994006,0.3797221,0.24706462,-0.0048856265,0.25464687,0.47948313,0.15362185,-0.0120124025,0.12947808,-0.009170786,0.10900341,0.4573015,0.09632019,0.044261973,-0.0034325689,0.13764665,0.19822416,0.002271846,-0.0073930435,0.119659744,0.04809548,0.5841831,0.12736616,0.05416325,0.07127479,0.2529904,-0.00025011227,0.016070742,-0.015199715,-0.0070409807,-0.005182208,-0.0100232335,-0.001834412,-0.0114529,0.22580892,0.027475704,0.23928817,0.31143203,0.37232924,0.14728099,0.03510127,0.21216285,-0.008441312,0.5504205,0.36320382,0.39002827,0.16364895
TCGA-HW-7490,0.09281029,0.43386877,0.02437963,0.6448214,0.13305934,0.68991613,0.045609385,0.178905,0.05151607,0.048895754,0.29083273,0.13442999,0.4030853,0.2007753,-0.0023147308,-0.004091183,0.08029658,0.050617035,0.27553207,0.21179241,-0.0030679645,0.26322263,0.19931787,0.1282786,-0.008649725,0.12950061,-0.0036685613,0.17735872,0.39160278,0.06915565,0.12441896,0.0060574487,0.08528121,0.1942431,-0.006549857,0.036743507,0.06521574,0.039796345,0.5316318,0.18984932,0.012903262,-0.0036285592,0.107561566,0.023792759,0.037409306,-0.004786822,-0.0057585244,0.04760429,-0.006504904,-0.00073105545,-0.012143862,0.19948724,-0.006419769,0.08429769,0.36487702,0.19048649,0.080580845,0.04904603,0.15378085,-0.0032004104,0.36539912,0.17029056,0.3011695,0.08676846
TCGA-HW-7491,0.06944685,0.38752118,-0.00093771744,0.5743626,0.028814532,0.67038137,0.008491449,0.103184044,-0.0020116174,-0.0016627264,0.22308302,0.17470568,0.3719793,0.1078513,0.0063250912,0.03209673,0.0077939583,-0.0015665398,0.22161391,0.17124519,-0.00023903958,0.21344362,0.26754028,0.14482352,-0.0037525885,0.11175144,-0.00553909,0.10958022,0.4127282,0.115227155,0.14543438,0.06670493,0.040234372,0.16663691,0.0068169683,0.015288349,0.03818071,-0.0028037713,0.431792,0.20985305,0.016374517,-0.0022185952,0.00937525,0.071162984,0.056803968,-0.0063491785,-0.00056318456,0.039323073,-0.008780683,0.038352154,-0.010027878,0.20142415,-0.0041945046,0.033608776,0.4842216,0.046444252,0.07361358,-0.0028879202,0.113909334,-0.008900273,0.30654138,0.21320587,0.1555279,0.02917251
TCGA-HW-7493,0.14127871,0.6545639,0.13391283,1.3269717,0.13614595,1.243042,0.18195578,0.39090157,0.09575958,0.4968844,0.49778593,0.19134349,0.4358313,0.029296264,-0.002851524,-9.031966e-05,0.133815,0.20109957,0.43150607,0.44135427,-0.022068266,0.38915366,0.5914121,0.1167417,-0.0071760714,-0.0022980694,-0.0142169,0.042412166,0.03938327,0.38541603,0.12487282,-0.0021698743,0.23094353,0.25690907,-0.010484661,-0.022209955,0.2838148,-0.009632585,0.90029013,0.21602958,0.18155885,0.16715702,0.7450231,-0.002256828,-0.009345265,-0.009155133,-0.00013694131,0.13310039,-0.03373922,0.12998396,-0.0024560557,0.3793265,-0.014646421,0.078872494,0.28148994,0.9725429,0.104105204,0.12760647,0.33549446,-0.014414936,0.892822,0.5371574,0.32898054,0.38127458
TCGA-HW-7495,0.09423183,0.42260465,0.022896271,0.67668825,0.06496812,0.6909229,0.0997007,0.16530536,0.006469451,0.07032898,0.22291338,0.14249054,0.3491487,0.15252624,-0.00039136643,-0.0006242666,0.03668248,0.10153054,0.29417536,0.21914485,-0.0028779886,0.2583014,0.29752046,0.1460174,-0.0069244877,0.11526364,-0.0055406084,0.15551598,0.26404014,0.09283117,0.059789483,-0.0010435627,0.10767695,0.1364682,0.009568587,-0.002600638,0.10534827,0.003239967,0.5231896,0.13099335,0.08404833,0.05370975,0.18331334,0.06781393,0.07451052,-0.011597634,-0.006980315,-0.0012807105,-0.010865429,-0.0014606044,-0.010118747,0.18899448,-0.008641045,-0.0007553,0.36041555,0.26430517,0.102993794,0.07098073,0.14134255,-0.009219729,0.43890762,0.22404733,0.21402796,0.0767578
TCGA-HW-8319,0.1854502,0.41875848,0.08094323,0.78049386,0.064669505,0.6647724,0.10548105,0.117397964,0.03097871,0.20975792,0.27748233,0.18945095,0.42236918,0.123210445,0.02498442,0.04537461,0.040335678,0.0716165,0.21557942,0.27497452,-0.010072882,0.28439152,0.27755067,0.2247959,-0.0021503314,0.067672946,-0.009650126,0.065408364,0.28703102,0.20145385,0.03035086,0.028825074,0.11725837,0.19245547,-0.0024811544,-0.002637046,0.1415071,-0.0015178561,0.47345534,0.236437,0.1399443,0.084130704,0.16681787,0.08322797,0.09145399,-0.009705978,-0.006885804,0.1169028,-0.008888206,0.09628097,-0.011198788,0.25240037,-0.00551926,0.013928037,0.31934866,0.21451572,0.1543028,0.017727774,0.12097989,-0.0050227814,0.45669043,0.22214252,0.2851014,0.107855335
TCGA-HW-8320,0.08162011,0.469033,-0.0069848984,0.7724593,0.001603201,0.6856414,0.07997569,0.20572211,0.08461607,0.23767543,0.37491918,0.00484737,0.43916994,0.1262129,-0.0019897644,0.03563706,0.114400394,0.0056227967,0.26788548,0.23078698,-0.009505429,0.28376687,0.1095293,0.16829735,-0.008480027,0.14229989,-0.008488608,0.13827474,0.27194262,0.18567443,0.07759623,0.038577016,0.12353906,0.15557757,-0.0066229827,-0.006034886,0.09147311,0.0101541355,0.5583926,0.18020213,0.12854236,-0.007585216,0.2065194,-0.0018305577,0.07607169,-0.0032749416,-0.0080536455,0.0534505,-0.010984123,0.05904863,-0.003513135,0.27291098,-0.0140782595,0.100442305,0.4035104,0.28244063,0.20444699,0.04469506,0.22260833,-0.010066311,0.47911045,0.1701749,0.1820248,0.114564314
TCGA-HW-8321,0.07088211,0.4567688,0.08302128,0.8717184,0.020694647,0.74323756,0.080090694,0.27354044,0.08986116,0.27822635,0.39756328,-0.0001952909,0.42273647,0.09601712,0.011189691,0.090947516,0.13130832,0.12823296,0.35232136,0.2369843,-0.008219483,0.31207177,0.21977697,0.21268527,-0.0016028956,0.07304577,-0.011159425,0.07033786,0.24433964,0.24388613,0.11532362,0.067856595,0.22946623,0.21236807,-0.006851829,-0.0025100105,0.16664737,-0.011576482,0.6345653,0.15098317,0.14152762,-0.004553343,0.25669375,0.025952578,0.107695125,-0.0020441848,-0.009678371,-0.00028728583,-0.013152308,0.027993657,-0.0091185365,0.3072325,-0.0014378157,0.122680604,0.33896476,0.46875197,0.1028467,0.12142567,0.22040409,-0.012542325,0.58978266,0.1544085,0.20534529,0.1400964
TCGA-HW-8322,0.15029262,0.45287758,0.0065121986,0.7320875,0.091465935,0.6426715,0.046052158,0.1554406,0.01271677,0.14687233,0.24961165,0.11755618,0.36469972,0.1997757,-0.00072886766,0.032365717,0.06855763,0.0679951,0.282662,0.20554322,-0.00183504,0.25594443,0.3203475,0.17354651,-0.00689434,0.1560339,-0.010197771,0.14625302,0.38898802,0.21248613,0.07175477,0.04787419,0.12694634,0.19112343,-0.0027222799,-0.00031705946,0.0588657,0.00037453324,0.4688289,0.18651687,0.09012954,0.0062952675,0.12066447,0.0479981,0.06708402,-0.0072084726,-0.005230786,0.02616698,-0.008879788,0.014215574,-0.009047406,0.2574721,-0.0044898214,0.11695172,0.4281634,0.1579681,0.06712945,0.102509454,0.1966548,-0.0039489693,0.41419438,0.22499314,0.1644622,0.028341971
TCGA-HW-A5KJ,0.123950005,0.34294116,-0.0010522011,0.6019958,0.082524896,0.5556057,0.060415633,0.13984759,-0.0015739858,0.05369101,0.23047426,0.13073707,0.36939508,0.19323644,-0.0014980083,-0.0054279864,0.054206617,0.015973557,0.274286,0.21511996,0.0036567561,0.26595005,0.2619906,0.10400983,-0.0070614326,0.14417349,-0.0005882904,0.20016618,0.46073028,-0.00031451043,0.16478936,0.025439888,0.05889833,0.19535384,0.0077295303,0.023070581,0.019961093,0.038306847,0.4687266,0.12366542,7.844716e-05,-0.00031282156,-0.005013478,0.102646135,0.0074833333,-0.0064071007,-0.0066313134,0.115913466,-0.0025565976,0.0033316314,-0.011245943,0.16957247,-0.0051825405,0.19009416,0.32658118,-0.0008537531,0.09976039,0.040171612,0.11723408,-0.0025574856,0.2625285,0.15675838,0.29734766,0.046412908
TCGA-HW-A5KK,0.15011719,0.583557,0.008293811,1.0627015,0.3051978,0.9781164,0.20467448,0.30208194,0.075444154,0.27842396,0.4543212,0.4253748,0.455724,0.12744391,-0.007898493,-0.0012091479,0.090165175,0.10178678,0.39531335,0.25947624,0.0258248,0.31989425,0.4505708,0.104950264,-0.015648542,0.1017343,-0.0021879193,0.28552416,0.27693442,0.07536644,0.18492629,0.022728793,0.12865306,0.30506277,0.030534,-0.014643788,0.1355568,-0.0036826066,0.59084225,0.064182505,0.052006755,0.104044214,0.34813386,-0.0037895122,-0.0056340555,-0.015569813,-0.01712648,0.039618555,-0.01774375,0.18194425,-0.015519808,0.31171197,-0.008684605,0.2889079,0.1334948,0.3998948,0.16114126,0.117913276,0.17257652,0.030498184,0.6964939,0.40766063,0.4239317,0.3444724
TCGA-HW-A5KL,0.13016415,0.3571452,-0.0018219203,0.6301891,0.1327156,0.5799098,0.0625457,0.18790473,-0.002653351,0.06755735,0.29555094,0.2044957,0.36029124,0.24659881,0.004088179,0.0041450635,0.02038752,0.021419797,0.25502,0.21812403,-0.0022912775,0.22867627,0.3046201,0.109033816,-0.0094227865,0.12664576,-0.009290936,0.15681662,0.48342323,0.012809472,0.053465176,0.027319692,0.03426148,0.28720915,-0.0043449113,-0.0018273555,0.068585634,0.08610562,0.4213385,0.11524343,-0.0012892876,0.003452478,0.1318293,0.16298905,0.092420466,-0.004805883,-0.003868996,0.109403044,-0.0028968293,0.008985035,-0.006507927,0.19797388,-0.0074226423,0.04181866,0.378749,0.08341784,0.1547621,-0.002918039,0.10168894,-0.0029430706,0.2844353,0.21285579,0.33311617,0.09757243
TCGA-HW-A5KM,0.1130524,0.35612231,-0.005980124,0.52448684,0.1460664,0.47232205,0.016331263,0.084901586,0.04415132,0.066286445,0.24516642,0.18097827,0.28766125,0.22819644,-0.0033787813,-0.0026045912,0.043695815,-0.0039939857,0.17232738,0.13137224,0.042467758,0.19659291,0.19731978,0.09131641,-0.018411746,0.13079236,-0.0040178252,0.19885665,0.38746053,0.009460861,0.025025208,0.020611987,-0.0010380835,0.18208653,-0.0038394982,0.0054468215,-0.00053632463,0.04180854,0.3617144,0.1540648,-0.0057397685,0.022206496,0.05649188,0.13920575,0.06511972,-0.0042481753,-0.0065057823,0.08095822,-0.004397049,-0.0010389977,-0.010339007,0.20736212,-0.010315272,0.06024577,0.343104,-0.0011619151,0.12613893,-0.0023184784,0.1274929,-0.002613359,0.22592337,0.1987432,0.32537434,0.108019605
TCGA-IK-7675,0.1526554,0.43223953,-7.5213615e-07,0.6832999,0.11977279,0.76920277,0.012906551,0.12253849,0.050323002,0.041346785,0.26941133,0.18181604,0.47331053,0.14748687,-0.0026495964,0.012558147,0.08941444,-0.0005783007,0.3096254,0.23504366,-0.004383945,0.25759017,0.31690314,0.18531626,-0.006078796,0.060870454,0.025979856,0.088501826,0.5439602,0.19650921,0.1477764,0.052883655,0.11363658,0.18723814,-0.003709595,0.06554213,0.05197964,0.022451408,0.51963717,0.1716178,0.073719874,-0.006890416,0.059533328,-0.0005786166,0.08965364,-0.0071874815,-0.00212014,0.029249713,-0.0009790186,0.024467915,-0.014983917,0.30346838,-0.007324332,0.14216578,0.41315904,0.111524366,0.07766438,0.090080336,0.19890317,-0.00013230741,0.40382844,0.16470307,0.20396198,-0.0039087157
TCGA-IK-8125,0.072695196,0.3473794,0.023164395,0.67585,0.07387492,0.63747704,0.11218276,0.1187039,-0.00055100623,0.07319747,0.26120093,0.070582666,0.35229212,0.10065861,-0.0023902243,0.039930575,0.037016965,0.070561945,0.32739297,0.20429616,-0.006020266,0.2457736,0.3172472,0.16405359,-0.0056535657,0.10399301,-0.0069038766,0.12549266,0.28877443,0.105985284,0.10071339,0.038044594,0.13822857,0.14052472,-0.0027438588,-0.004032939,0.11652675,-0.00044622793,0.4982793,0.13084823,0.038462255,0.0021448527,0.1283458,0.06326272,0.025105108,-0.006571017,-0.00088351744,0.051637728,-0.005626187,0.048185267,-0.010165679,0.2177079,-0.0060347896,0.09707949,0.35735843,0.22169706,0.08382524,0.052828435,0.1357913,-0.0027510466,0.39248568,0.20840672,0.18057135,0.119511485
TCGA-KT-A74X,0.06347355,0.36724293,0.0067541935,0.58092993,0.0639303,0.5930313,0.04388296,0.1009141,-0.0020735078,0.03421776,0.21911183,0.14978161,0.3571928,0.08296169,-0.0049723503,0.07863408,0.010122648,-0.0031828259,0.25830153,0.15962295,0.015768487,0.2281891,0.26145852,0.15220766,-0.002662202,0.09339835,-0.0069738566,0.14806543,0.4308009,0.11079408,0.01665238,0.13561681,0.07189074,0.20771265,0.02251751,-0.0045108334,0.06546154,0.007634245,0.4441425,0.1899433,0.037560437,-0.004046901,0.04176438,0.13490218,0.08083165,-0.0026667423,-0.0020103778,0.025542025,-0.0052299644,0.057101153,-0.006211105,0.23054674,-0.0030000356,0.092845626,0.46270424,0.012490928,0.1303854,-0.0023802307,0.14060438,-0.010607042,0.2661386,0.14108989,0.21371196,0.034227252
TCGA-KT-A7W1,0.20219645,0.5333225,0.2109319,1.0810174,0.29311314,0.9873822,0.07221588,0.24793823,0.18162507,0.24803697,0.4873181,0.41620797,0.35923934,0.24156198,0.16580954,0.16812688,0.17453074,0.016988602,0.594024,0.2619108,-0.008450775,0.29486197,0.6190399,0.06348024,-0.02888078,0.06461806,-0.012885496,0.11927986,-0.001826974,0.5374461,0.37671512,0.13803023,0.10083698,0.24129045,-0.0052013877,-0.008032397,0.13623315,-0.012813762,0.7072133,0.47979784,0.0075429454,0.17737593,0.29097548,-0.0031895281,0.051048066,-0.022095507,-0.007030797,0.36205363,0.012671197,-2.1397695e-05,-0.005836896,0.6163646,0.07795279,0.2326721,0.18061498,0.38617426,-0.010383173,0.05177867,0.17941144,-0.0011031412,0.782291,0.43876526,0.32052755,0.24884336
TCGA-P5-A5EW,0.14559688,0.35871795,-0.0033772364,0.4735851,0.09321724,0.469195,0.040202975,0.07334648,-0.0036356102,0.00024250895,0.1960651,0.18314227,0.32952076,0.2047551,-0.0028526906,-0.0053538545,0.01916809,0.01907342,0.1606285,0.18911661,0.03268475,0.21766393,0.20440328,0.09228972,-0.011060103,0.12291244,-0.0054907342,0.16938367,0.46347088,-0.007422098,0.02416575,0.06070839,-0.00019429401,0.21111068,-0.0035592222,0.018810943,0.047841325,0.02671396,0.37930498,0.13011569,-0.0027467227,0.020490967,0.026435966,0.14146642,0.0844446,-0.005526695,-0.007107109,0.09655096,-0.0024508273,0.001590766,-0.008454299,0.13333297,-0.008966011,-0.001900037,0.3953084,-0.004028899,0.14459535,-0.0040305317,0.060287006,-0.004454025,0.14723372,0.17437172,0.32627237,0.0656444
TCGA-P5-A5EX,-0.0047121956,0.45073408,0.072866544,0.74589,0.1376786,0.6109092,0.055902928,0.21330674,0.07980294,0.32115644,0.4120981,0.27066422,0.37180394,0.17961171,-0.008559635,0.142322,0.12891349,0.11795105,0.36506817,0.21131977,0.015334025,0.274321,0.1961961,0.010777846,-0.0020847188,0.09335073,-0.010771501,0.41390374,0.19892776,0.24212474,0.19997877,0.13148837,-0.007017723,0.08536349,-0.0009611167,-0.005004493,0.13316864,0.049664438,0.5029636,0.18788922,0.0030544363,-0.0012699012,0.14318484,0.09062197,-0.0067385496,-0.005159999,-0.0074803676,0.103319034,-0.0151226465,0.13181695,-0.0106034,0.30474502,-0.00029454828,0.32546481,0.2264401,0.23632324,0.11218397,0.0247369,0.17777923,0.018885195,0.47272503,0.27059558,0.30082467,0.29684627
TCGA-P5-A5EY,0.19465177,0.40410417,0.082464516,0.87040156,0.11788007,0.783761,0.19291487,0.12702918,0.021873683,0.05046743,0.29134926,0.30484968,0.29717922,0.18986584,-0.008020677,0.08432293,0.041853722,0.06276736,0.3482357,0.20309274,0.07235629,0.23812795,0.50569165,0.16297258,-0.011236621,0.11421519,-0.0077740937,0.1723408,0.43215898,0.045308873,0.080453575,0.06256881,0.07369082,0.1450276,0.0043467954,-0.01414331,0.14572555,-0.0017036702,0.44460842,0.073435485,-0.0067816847,0.16215818,0.3157214,0.09391151,0.038173936,-0.016316224,-0.0028732996,-0.00201607,-0.002153946,0.028197564,-0.009056063,0.26132378,-0.0028126296,0.14940701,0.32488444,0.2561376,0.12477039,-0.0023491364,0.03955531,-0.00026584044,0.48723376,0.34988418,0.46087787,0.24661066
TCGA-P5-A5EZ,0.18134165,0.4249883,-0.0072839158,0.6376463,0.24396943,0.5495988,0.034166515,0.10801532,0.050638504,0.12999648,0.22798401,0.17813733,0.40936756,0.24104625,-0.0045931977,-0.003967535,0.03526358,0.0394692,0.2966933,0.17669368,0.010611255,0.25445324,0.24553718,0.026495293,-0.011953528,0.16404058,-0.0075009824,0.2984612,0.4627205,0.013107764,0.05857395,-0.0015499726,0.02507335,0.20715725,-0.005323314,0.011313096,0.0072175153,0.06092716,0.43712923,0.065740906,0.020087764,-0.00040288197,0.027253235,0.046187364,0.014785968,-0.0056494153,-0.016266663,0.08467306,-0.006275009,0.0079709515,-0.01196152,0.22709367,-0.00883521,0.16553979,0.35868236,0.004867755,0.1100775,0.029381406,0.15117347,0.011209533,0.2770742,0.25460672,0.4493126,0.125897
TCGA-P5-A5F0,0.09415442,0.27246723,-0.003239714,0.4601554,0.08241525,0.44880608,0.094934024,0.04004257,-0.0042687426,-0.0026876524,0.20501617,0.12445244,0.2884429,0.13582256,-0.0031175741,0.029013187,0.009549246,-0.0018067654,0.15764481,0.16598321,0.009077128,0.17992179,0.1829452,0.12257135,-0.009185681,0.11869797,-0.001399463,0.1546535,0.41139767,-0.0031552203,0.030075494,0.08338138,0.035111994,0.15995438,0.0041842535,0.026378665,0.05949134,0.012951769,0.34832883,0.122752555,-0.0012436565,0.02625272,0.03413467,0.15512079,0.09479098,-0.005572315,-0.004902144,0.06860761,-0.0025847126,0.027047776,-0.009534647,0.124195576,-0.0057197213,0.03939564,0.37254322,-0.0022490397,0.110534154,-0.0043688565,0.031910755,-0.003834835,0.2084738,0.17392659,0.28678986,0.07012044
TCGA-P5-A5F1,0.12947102,0.3439151,-0.005663882,0.55130315,0.13331263,0.53055733,0.07484932,0.14669122,-0.00042706355,0.06033601,0.22868267,0.25951973,0.3423813,0.21057104,-0.008025422,-0.0016164251,0.009254447,0.037485633,0.21654072,0.22197348,0.0043306835,0.19690554,0.18428846,0.08298609,-0.00991341,0.0996161,-0.0041023637,0.21917428,0.4158757,0.0280398,-0.00035452135,0.0914934,-0.0021580115,0.24424082,-0.008257582,-0.0034460113,0.07368956,0.067775495,0.4400415,0.109828554,-0.0074534416,0.052215405,0.10667167,0.19801778,0.07764905,-0.0047016325,-0.0076082894,0.20797476,-0.0013206747,0.016303442,-0.007905762,0.24189308,-0.011854423,0.02753398,0.29942024,0.029136606,0.100295,-0.0043290337,0.0978192,-0.0014556643,0.2129012,0.21635193,0.355816,0.16216013
TCGA-P5-A5F2,0.120574534,0.3924004,-0.003944147,0.5835307,0.17184693,0.5384221,0.08808439,0.1428761,0.009025045,0.10674183,0.25905743,0.21570042,0.35313302,0.16948137,-0.0013396223,0.028302647,-0.0019534212,0.004823774,0.26674622,0.19711791,0.023706019,0.2037244,0.2785107,0.080672085,-0.0100836735,0.094175756,-0.006759302,0.23966455,0.48571265,-0.0068855705,0.05769476,0.04905883,0.016658828,0.23595482,-0.007891144,-0.002718764,0.071716,0.04366947,0.424365,0.06906964,-0.003859748,-0.002350833,0.07876747,0.14978817,0.022106193,-0.0041501257,-0.009801063,0.16734879,-0.0011895947,0.027270563,-0.00684856,0.22792411,-0.00746179,0.08032634,0.31763363,0.00795681,0.1610033,-0.0046021775,0.09242509,0.018570706,0.22688748,0.29831675,0.42399403,0.17781304
TCGA-P5-A5F4,0.13288334,0.317048,0.0051451027,0.6135793,0.10684067,0.5603782,0.12722942,0.079429,-0.001843489,0.057162575,0.23574257,0.17538047,0.27420467,0.123215884,-0.0022265636,0.011578288,0.0070330305,-0.004545137,0.21104729,0.1549966,-0.0024148214,0.21424277,0.2954344,0.11768081,-0.011646423,0.08831148,-0.0016888332,0.14031424,0.49257737,0.0023545865,0.062199924,0.035404995,0.07701588,0.19827378,-0.0009612717,-0.0029787794,0.06647112,0.034244813,0.42101783,0.13568726,-0.0019189643,0.05374899,0.09097515,0.15516359,0.06951782,-0.0063775848,-0.0062961066,0.08705081,-0.0026729542,0.030709185,-0.009132173,0.20922744,-0.005710233,0.059639975,0.35029277,0.047816016,0.13294645,-0.0035998307,0.07837941,-0.005305033,0.25936872,0.22599094,0.3626582,0.10769965
TCGA-P5-A5F6,0.055478487,0.7783079,0.09761201,1.2371132,0.81510293,1.1794662,-0.0008073609,0.32081908,0.23715213,0.3045541,0.31895724,0.6043495,0.19474415,-0.006028229,-0.013560678,0.20759061,0.26463848,0.05772348,0.5521927,0.5958439,-0.0018680625,0.3115471,0.33792573,0.02095379,-0.0021498916,0.31610534,-0.007735601,0.43841588,0.26682842,0.06078843,0.3087187,0.057305038,0.0050720423,0.10477899,0.038360856,-0.043658014,0.661973,-0.014253932,0.84004277,0.271482,-0.022607012,0.035071652,0.7811847,-0.03738712,-0.05224921,-0.009079279,-0.0057279295,0.48601356,-0.0072751404,0.68380535,-0.014689237,0.5282037,0.0548946,1.1430056,-0.0038235465,1.0315646,0.20167325,-0.004050987,0.539076,0.04252755,0.6386984,0.26378098,0.3440034,0.61186343
TCGA-P5-A72W,0.09254287,0.40218797,-0.005289286,0.54485756,0.087714545,0.6182474,0.052395247,0.13477021,0.016402349,0.029112194,0.25861657,0.11739819,0.4099825,0.20671794,-0.0020574608,0.026084445,0.043337833,0.050487775,0.23584771,0.22549781,0.009029865,0.20571978,0.15550551,0.11220505,-0.010179861,0.14321135,-0.0015443262,0.18575652,0.43707478,0.08306825,0.050012123,0.09263356,0.054672383,0.23009256,-0.0009347491,-0.0007272594,0.08157317,0.022932522,0.47529325,0.15870377,0.017597474,0.01131865,0.12441365,0.08319208,0.12135049,-0.0042513194,-0.009877521,0.06870234,-0.000802584,-0.007322562,-0.0082613295,0.20450254,-0.01061499,-0.005393262,0.3720892,0.13944086,0.07686134,-0.0037932873,0.11544856,-0.0074354694,0.2939088,0.1585809,0.31653997,0.07135898
TCGA-P5-A72X,0.10358648,0.41538718,0.050784025,0.7090148,0.11202487,0.63400656,0.0602827,0.15689911,0.055568904,0.08809924,0.30556017,0.19375974,0.36321962,0.03881923,-0.0052166623,-0.0016406343,0.06663915,-0.0011801748,0.24288213,0.23862837,-0.005635265,0.30409092,0.15956098,0.13687843,-0.004826228,0.08552806,-0.006611985,0.22753201,0.4054274,0.008050205,0.085651144,0.07347973,0.060914665,0.23894775,-0.0056224363,-0.0027870925,0.1644339,-0.0015015949,0.5653532,0.12260638,-0.0007502817,-0.00083085935,0.15916266,0.054935038,-0.0009373546,-0.0035214946,-0.0056346473,0.10973601,-0.013524315,0.06774219,-0.006292354,0.26419136,-0.008099054,0.08599615,0.33229184,0.18811595,0.1884252,0.00722884,0.15218228,-0.006031403,0.35290408,0.19861984,0.31731886,0.18142603
TCGA-P5-A72Z,0.029208455,0.5737196,0.06524113,0.87399703,0.020109259,0.8364813,0.009383403,0.12671567,-0.004529682,0.09870987,0.2459195,0.19381373,0.47233313,0.1370465,0.11678743,-0.000430353,0.12472024,0.13927099,0.49966386,0.2550435,-0.0075119645,0.35274172,0.5051581,0.24075943,0.021135092,0.13145328,-0.021923542,0.21722412,0.35543716,0.33176726,0.42916545,-0.003930711,0.1427019,0.289833,0.13764074,-0.0078058504,0.0068253204,-0.005707665,0.6252136,0.13520747,0.117109954,-0.012188445,-0.0062147663,-0.008990085,0.05345496,-0.001056726,-0.011628634,0.083044484,-0.0137632,-0.00039645957,-0.0047867903,0.30105153,-0.009177687,0.13443151,0.58825165,0.2628878,0.13454641,0.12664053,0.23253745,-0.007402169,0.64111894,0.35290354,0.051071197,-0.006967792
TCGA-P5-A730,0.0024918057,0.3391081,0.0055632964,0.6187312,0.07739788,0.66657686,0.016914152,0.19318764,0.0022711009,0.089282826,0.26405102,0.16239333,0.37231255,0.08381728,-0.0038000252,0.030427836,0.10120407,0.006824175,0.30265415,0.18959355,-0.0050089858,0.21300766,0.18760543,0.10257977,-0.00013245866,0.10368892,-0.000544839,0.21827564,0.3132908,0.12329246,0.15770069,0.061726738,0.114668414,0.15589921,0.008932181,0.023730125,0.09221724,0.015128434,0.56053287,0.18051535,0.029735047,-0.007994908,0.060935326,0.07501003,0.039545298,-0.0019356676,-0.0053784465,0.016310077,-0.0043181977,0.03704878,-0.010155722,0.26382798,-0.0069291624,0.103331715,0.37974328,0.12844348,0.07798774,0.04018804,0.13970096,-0.007299453,0.34982917,0.15093657,0.24930334,0.05175659
TCGA-P5-A731,0.12219468,0.3510632,0.038080264,0.71997786,0.089760415,0.6150877,0.11378222,0.17423616,0.01718814,0.12860057,0.30224532,0.20948866,0.3131209,0.093790576,-0.0020506051,0.09269131,0.028393418,0.031951122,0.30052742,0.30206934,2.4605542e-05,0.21883754,0.27626967,0.15322334,-0.010660883,0.059708614,-0.0038685498,0.16091122,0.30119717,0.08007061,0.09386198,0.12009874,0.081037894,0.16516086,-0.004931652,-0.007899156,0.1499443,0.04136736,0.44260162,0.12695052,0.015564326,0.05781805,0.15032738,0.11607545,-0.00020233542,-0.006272729,-0.0040674666,0.13586147,-0.004249843,0.034609728,-0.005668262,0.22173473,-0.0087125,0.09837868,0.2674194,0.13436985,0.12823556,-0.001236612,0.14696048,-0.006214794,0.3249141,0.2675397,0.3571076,0.18285151
TCGA-P5-A733,0.23833191,0.46406162,0.05970672,0.8806881,0.15314323,0.78350294,0.1546914,0.22584729,0.055403285,0.14828864,0.3708387,0.18289363,0.37047,0.0673427,0.0127393445,-0.0003899701,0.049461782,0.10948697,0.35002697,0.29384264,-0.006228351,0.285643,0.3936243,0.09963648,-0.007223464,0.061562665,-0.0034604396,0.13516234,0.34796113,0.0109534655,0.13054168,0.042874966,0.21225947,0.22403702,0.04004573,-0.013970295,0.18093932,-0.005729371,0.54981107,0.13509402,0.106771216,0.09360562,0.25068077,0.020509414,-0.00013587401,-0.009439167,-0.012850717,0.07940562,-0.011793128,0.044348553,-0.006732256,0.18839005,1.7769635e-06,0.14585756,0.3264142,0.34475094,0.12153789,0.04692317,0.16211085,-0.009223245,0.49833575,0.2807944,0.3716207,0.21606772
TCGA-P5-A735,0.118715554,0.4024791,0.03018551,0.6685646,0.010628626,0.71999973,0.048084445,0.19368365,0.024917595,0.112810895,0.28450352,0.15100613,0.32908297,0.22828034,-0.002844187,1.334399e-05,0.003907499,0.066335425,0.20802367,0.28222477,-0.0022953525,0.28529245,0.22544609,0.18926309,-0.012396442,0.070349485,-0.014263508,0.09484473,0.44487756,0.11717655,-0.0053784056,-0.0017349214,0.05112443,0.2980274,-0.0019100093,0.009973802,0.07453638,0.04775331,0.44425887,0.10062331,-0.002824161,0.0005448032,0.17432638,0.126285,0.08237213,-0.010772377,-0.009849357,0.10737863,-0.010505524,0.048592813,-0.0044612824,0.20916903,-0.014551507,-0.01083196,0.35294044,0.17739388,0.19362408,-0.0041240277,0.15424418,-0.007375408,0.27954468,0.20720385,0.275176,0.10977353
TCGA-P5-A736,0.21248749,0.72617924,0.1605583,1.3386233,0.06093795,1.0816585,0.013271999,0.65173525,-0.0013592065,0.6353401,0.44379827,0.36129063,0.301743,-0.0024586841,0.033137042,0.10898989,0.029561497,0.4170844,0.50189275,0.42477545,-0.011038901,0.40307832,0.5971399,0.046494134,0.039425924,0.044902373,-0.024949139,0.301687,0.45233268,0.20228733,0.041537482,0.11868329,0.22616655,0.5022338,0.06401187,-0.02340949,0.4931191,-0.01017725,0.86590445,0.14751402,0.25689927,0.10509354,0.37320885,-0.006250247,-0.014678261,-0.00080640096,-0.015620328,0.48744658,-0.03589343,0.34091443,-0.0039929845,0.5926448,-0.003972721,0.20796582,0.32381222,0.8736456,0.45756808,-0.009061581,0.43162856,-0.027941024,0.62858695,0.49497324,0.34283194,0.48758662
TCGA-P5-A737,0.12046692,0.34163666,-0.0067467913,0.54726285,0.07710593,0.5671777,0.039963156,0.10839863,-0.0030532281,0.009330194,0.23971704,0.16217288,0.31823516,0.17692505,-0.0020842652,0.08204475,0.038671087,0.009670358,0.2692972,0.18566296,0.018402219,0.21479718,0.27029502,0.14065193,-0.008083954,0.1116648,-0.006079636,0.15533246,0.41300407,0.03161172,0.053127166,0.06719545,0.01403679,0.17857784,0.0032233074,-0.0033623555,0.054842725,-0.0026118152,0.41946134,0.16342661,0.0012448244,-0.0019007064,0.09005936,0.13457474,0.09198083,-0.0063778074,-0.0014237155,0.06474042,-0.0031059762,0.049754478,-0.011855281,0.19524175,-0.0074224444,0.026820324,0.41759342,0.08449075,0.08421044,0.0018312968,0.10809249,-0.0051555703,0.2569868,0.17023006,0.20908001,0.09460029
TCGA-P5-A77W,0.0682265,0.46004453,0.06684686,0.7122202,0.01770575,0.7129582,0.022303171,0.23528475,-0.0057397163,0.12608096,0.2838875,0.06932479,0.37310946,0.178241,0.022093773,0.029367775,0.11654062,0.15600117,0.3962492,0.2576502,0.020637088,0.30266538,0.32117164,0.1832094,-0.0006057978,0.070851594,-0.014185739,0.23104888,0.26204684,0.121725276,0.11803189,0.10485529,0.0743283,0.25465512,0.004733607,0.005993981,0.09571877,-0.0013353847,0.5557936,0.19519319,0.09270255,-0.0034475443,0.07383341,0.035088837,0.070514314,-0.0025282465,-0.009994018,-0.0057801623,-0.011015858,0.03281398,-0.0046465895,0.25805956,-0.0042617987,0.10177923,0.4860076,0.17240292,0.09537655,0.054426488,0.16173911,-0.010869863,0.4121554,0.22690892,0.2564375,0.013765164
TCGA-P5-A77X,0.12485646,0.2947213,0.0006084591,0.5326321,0.08240241,0.5128224,0.095861636,0.052221358,-0.0043365075,-0.0024233877,0.24227798,0.1768616,0.32960325,0.12872705,0.0070128394,0.024186648,0.0068314495,0.029779177,0.19517931,0.17337744,0.00040362775,0.20137824,0.20599473,0.13485458,-0.008361736,0.06712267,-0.0010431272,0.13738434,0.42733797,-0.0026425344,0.02560084,0.0955272,0.047771066,0.18472454,-0.0041804905,0.0044973977,0.07176213,-0.0027777215,0.39299157,0.12838984,0.013143465,0.015559327,0.06353584,0.12940755,0.081969425,-0.0069838273,-0.0064420924,0.070630014,-0.004460174,0.019608282,-0.008406891,0.17949347,-0.0059342505,0.043565247,0.3474774,0.0446024,0.10508971,0.012868557,0.062680125,-0.0031128533,0.2455399,0.1724366,0.25442338,0.07916096
TCGA-P5-A780,0.03776488,0.49385017,0.042551946,0.8039458,0.062025174,0.73598105,0.08762318,0.21269481,0.01902359,0.18402757,0.32547653,0.12931098,0.38989782,0.12548614,-0.0022161622,0.07311967,0.077294,0.016414803,0.37886748,0.18807828,-0.0026116495,0.2837566,0.35027283,0.18101631,-0.0037452565,0.10008388,-0.007806489,0.12140182,0.3808747,0.20373802,0.093797415,0.03432519,0.1690584,0.23484361,-0.0014764079,-0.006732985,0.12518376,0.011479571,0.5746732,0.20865023,0.11513227,-0.0035462526,0.18149015,0.029838018,0.084871344,-0.0044499985,-0.006826389,0.0011818968,-0.004523854,0.037517972,-0.006272018,0.30487686,-0.0068068444,0.19647443,0.391247,0.30934817,0.12985332,0.06662297,0.17783795,-0.011382633,0.49379054,0.176356,0.27856624,0.047834367
TCGA-P5-A781,0.08797315,0.3152852,-0.0018639315,0.4900106,0.10596221,0.4822296,0.063478105,0.06823933,-0.0040565557,-0.002118212,0.20841873,0.13118394,0.30731565,0.10949129,-0.0017087556,0.012653124,0.0077688256,0.009641614,0.18520026,0.18097842,-0.0002737634,0.2055936,0.15946968,0.11175741,-0.0070198537,0.093821175,-0.0014638078,0.17169967,0.328633,-0.0019326335,0.03786614,0.06727588,0.052798927,0.17112835,-0.0002329819,0.015432145,0.050791055,0.004515581,0.40418544,0.12560844,0.0074814744,-0.001522812,0.01932673,0.15260805,0.06776781,-0.002675593,-0.0059126066,0.064194694,-0.0028305687,0.04292261,-0.008106557,0.13555449,-0.0062063197,0.026321262,0.39614847,0.018028058,0.088059224,-0.0011715528,0.08801624,-0.006523618,0.20449819,0.14007351,0.23923902,0.08579391
TCGA-QH-A65R,0.10922913,0.30497235,0.0060711987,0.5550461,0.067363314,0.5201057,0.07185029,0.119270705,-0.0052648545,0.0041731894,0.23720503,0.18022606,0.30367434,0.15554626,0.013382754,0.009880699,0.03497334,-0.0023361258,0.25637582,0.2115456,-0.00021433271,0.2123671,0.23763724,0.1239876,-0.009707838,0.07168898,-0.0036278467,0.15366155,0.34678388,0.05401794,0.11551592,0.051161595,0.043923005,0.17155346,-0.0036983134,0.028896876,0.059058048,-0.0019980294,0.41485843,0.20584595,-0.00055038073,-0.0014863737,0.027169397,0.059251502,0.07554143,-0.0067093954,-0.0046243914,0.07954237,-0.00034488775,0.015559033,-0.0071275197,0.21492633,-0.0024795297,0.1316925,0.39366528,-0.0013039466,0.058913857,0.04833949,0.067584455,-0.0027597572,0.24949859,0.18767801,0.2910913,-0.0008920409
TCGA-QH-A65S,0.17919776,0.484013,-0.00017496385,0.7573993,0.14683145,0.6147304,0.057128362,0.15618218,-0.0030844696,0.113842785,0.27902913,0.20223087,0.45603687,0.24453393,-0.00042770032,-0.0048439587,0.029424857,0.11159296,0.33300826,0.25228012,-0.0003432069,0.28210008,0.34796506,0.15954934,-0.004196297,0.10595716,-0.010548529,0.20864001,0.49724722,0.025445992,0.044790503,0.049491763,0.022426859,0.322964,-0.003926144,-0.0060403845,0.07309891,0.0337122,0.5038068,0.100629784,0.012272183,0.03630501,0.11793413,0.14099082,0.05223906,-0.0026817624,-0.0077921487,0.1151112,-0.009495436,0.018144593,-0.011896931,0.22095302,-0.009773317,0.104845665,0.36244223,0.1885356,0.1887953,0.009730358,0.10875206,0.00836014,0.3428425,0.22956765,0.31584853,0.14246266
TCGA-QH-A65V,0.13251169,0.3766951,0.0050610043,0.59587425,0.08274977,0.5804033,0.06898313,0.121896856,-0.0010599919,0.047064476,0.21787912,0.16483378,0.33986574,0.1736368,-0.0025725644,-0.00040264055,0.016856626,0.045012277,0.26746944,0.18995298,0.016582374,0.22476417,0.24952532,0.10035528,-0.013951964,0.08732697,-0.009616557,0.20218576,0.4421402,-0.005006549,-0.0019943342,0.040617436,0.03140404,0.2232477,0.0035255924,-0.001278922,0.07033153,0.064307265,0.44145575,0.09421035,0.00027785078,-0.0013343375,0.015423907,0.11858926,0.06277019,-0.0062690484,-0.011406139,0.08005978,-0.0040335786,-0.0011955344,-0.006326247,0.17670518,-0.0075301365,0.027200343,0.3518104,0.058040075,0.120578095,-0.0025076102,0.09706321,-0.0066319355,0.25822705,0.21171091,0.3271023,0.11279492
TCGA-QH-A65X,0.020688418,0.38124025,0.042443965,0.783489,0.06720361,0.7688166,0.002017334,0.25873,0.033550665,0.09493211,0.3183819,0.11595325,0.39768052,0.20349903,0.03805831,0.05237534,0.12881756,0.06571923,0.52187735,0.2458206,-0.0008838162,0.25897047,0.3963812,0.15125804,-0.005988886,0.112859584,-0.012927941,0.19082697,0.21830943,0.26160353,0.31880096,-0.003835328,0.09409228,0.17802826,0.09314667,0.026683226,0.08049085,-0.007946237,0.62908715,0.22908106,0.021890149,-0.005893448,0.0922477,0.05931542,0.06964871,-0.005907349,-0.0005836256,0.00094469264,-0.00826062,0.0014434867,-0.011530222,0.29711834,0.034083154,0.22257686,0.4359658,0.20541555,0.06295446,0.13758993,0.21029532,-0.006370081,0.51552385,0.19941607,0.07215402,0.014855608
TCGA-QH-A65Z,0.11040498,0.2879439,-0.0049299374,0.43808842,0.0882709,0.4435598,0.047659643,0.038141347,-0.0052077197,-0.0019151733,0.19130266,0.15802199,0.31347328,0.16700378,-0.0033886961,0.0038920864,-0.00031670593,-0.0021662659,0.16090304,0.16002211,0.038553618,0.16197209,0.1508583,0.12831174,-0.012450112,0.10581321,-0.0016014036,0.1764863,0.40821972,-0.0061760955,0.0042121895,0.10139991,-0.0017695103,0.17912349,-0.0007149555,0.019249327,0.029961294,0.044164337,0.35077855,0.13763033,-0.004393242,-0.00013960041,-0.0025791696,0.16332719,0.08890165,-0.0038707764,-0.0053621805,0.07788761,-0.00044270532,-0.00069822295,-0.009580203,0.14842272,-0.00914144,0.0150841605,0.39608112,-0.009368072,0.11589523,-0.004981973,0.046408378,-0.0029849415,0.14546318,0.17110181,0.27426332,0.06972827
TCGA-QH-A6CS,0.14523497,0.5190958,0.1791218,0.96181643,0.3435063,0.86823624,0.08353683,0.23142523,0.1167464,0.113717675,0.31738454,0.44239596,0.39825577,0.13893177,-0.0058090356,-0.00039146282,0.17331693,0.12395489,0.44316155,0.23334217,0.07600364,0.24953346,0.36656597,0.05989257,-0.01019246,0.104112305,-0.009252655,0.2609758,0.15370268,0.12452057,0.02712236,0.050298326,0.24964991,0.21635705,-0.002067151,-0.013015362,0.20588067,-0.001550784,0.5460864,0.066367246,0.052988406,0.091760024,0.3978114,0.060721293,0.023668975,-0.007849219,-0.009000639,0.10264754,-0.003872667,0.04970082,-0.0064236834,0.37279224,-0.009166998,0.039592773,0.27570233,0.3204612,0.10429323,0.015667018,0.14326224,-0.004608005,0.53141814,0.3511708,0.5239328,0.27631563
TCGA-QH-A6CU,0.09547888,0.37369084,-0.002825671,0.5609981,0.103512764,0.58095145,0.075970925,0.12583044,0.019069381,0.011551924,0.22472721,0.15039635,0.31027943,0.2196913,-0.0043127905,-0.005648357,0.04878887,0.025049232,0.22867319,0.2361146,0.048215702,0.20949982,0.15152924,0.12938593,-0.011103528,0.12094624,-0.0053990465,0.22055115,0.32218853,0.016005443,0.004807852,0.031312943,0.0030271113,0.20174116,-0.0016112097,-0.0007803977,0.038723238,0.024730891,0.42569506,0.13077426,0.010783952,0.00030034035,0.10075328,0.16141643,0.06370583,-0.0074534714,-0.0069434713,0.062016178,-0.005548249,0.044756442,-0.010245469,0.17509437,-0.008544418,-0.0014034212,0.3927969,0.006810926,0.10008542,0.036456514,0.07664733,-0.0043829763,0.23888981,0.16616902,0.28850442,0.097435564
TCGA-QH-A6CV,0.27139822,0.38539857,0.034099545,0.6998508,0.20199415,0.60586023,0.0756343,0.12890594,-0.010565306,0.033985883,0.2633262,0.3861398,0.32075962,0.13484398,-0.0018036824,0.02884242,0.08458903,0.08566891,0.36175272,0.16049853,-0.001052012,0.24844854,0.24655555,0.11825172,-0.012869756,0.052463688,-0.0073418203,0.18224628,0.38215482,0.08526371,0.075604066,0.093011945,0.06438251,0.23219204,0.053332426,-0.01282422,0.059935823,-0.0040398533,0.43208382,0.17744073,-0.0016300209,0.03331042,0.0735037,0.0867886,0.0814463,-0.0013298221,-0.0012959201,0.1733528,-0.0027663955,0.003054522,-0.0102411285,0.2327702,-0.006085346,0.17382602,0.37695673,0.15976757,0.113732494,-0.00058800133,0.13007367,0.031557612,0.35766608,0.31638893,0.30087483,0.12812859
TCGA-QH-A6CX,0.1544354,0.85365725,0.21772775,1.5287384,0.35910353,1.4566787,0.10713043,0.27967662,0.1863859,0.4149351,0.46566558,0.5879038,0.27700466,0.069265924,-0.020620933,0.13204178,0.13390794,0.10164273,0.72558415,0.014163904,-0.004188236,0.4526345,0.7023164,0.12568934,-0.006617637,0.16981113,-0.010386935,0.4522764,0.023559988,0.22215018,0.23011877,-0.015064155,0.4161132,0.22385186,0.12575632,-0.029589359,0.2752838,0.007170722,0.82835776,0.049145367,0.03196879,0.039230566,0.56293094,-0.008287831,-0.020580756,-0.023746973,-0.010035663,0.0064291544,-0.026148561,0.1628829,-0.007549226,0.57017004,-0.0041170395,0.42412817,0.11815451,0.796911,0.11525382,0.23006882,0.51543796,0.08378493,1.0719665,0.6646075,0.4199447,0.6223513
TCGA-QH-A6CY,0.11483927,0.36384797,0.044525515,0.68684274,0.072832316,0.60974056,0.11102515,0.12217961,-0.004110837,0.06487499,0.2356604,0.19373813,0.30272037,0.059668675,-0.0041129007,0.03417731,0.020855226,-0.0003482655,0.26265213,0.16383135,-0.0012111947,0.2706454,0.3222372,0.14674073,-0.00518089,0.10724125,-0.0030200449,0.105693705,0.3516562,0.006609367,0.050985444,0.029466953,0.16967583,0.15975256,-0.00075973646,-0.0059025087,0.11335189,-0.003157733,0.43846098,0.10530034,0.042059388,0.02529727,0.13418247,0.08888828,0.052135833,-0.005121742,-0.007464276,0.05760551,-0.005325904,0.05201838,-0.0071231,0.16479298,-0.0070611546,0.07252867,0.3392582,0.1656166,0.10352498,0.02414376,0.1087982,-0.008642911,0.35607967,0.21547051,0.25255466,0.1597702
TCGA-QH-A6CZ,0.12839866,0.35135302,-0.0007677842,0.57214296,0.06374572,0.48780233,0.09112807,0.0828775,-0.0051517226,0.020744495,0.2394188,0.11159882,0.3479129,0.09750794,0.019077625,0.01328028,0.015779428,0.058854233,0.21849138,0.16986905,-0.0002537243,0.20574972,0.2768634,0.12810361,-0.005012241,0.064583085,-0.0035886539,0.10348667,0.38632026,-0.0004630206,0.05531271,0.11012159,0.073598325,0.18273365,-0.0032618323,0.0042050593,0.07171984,-0.00457113,0.4423755,0.12817737,0.07181643,-0.00031002352,0.031175712,0.12624013,0.08457297,-0.003027473,-0.005341675,0.06295602,-0.009401649,0.047601707,-0.0073578293,0.13875428,-0.0053018266,0.06776467,0.3898799,0.067265265,0.10633871,-0.001073492,0.096110635,-0.005939147,0.27876097,0.17434964,0.18422654,0.07369196
TCGA-QH-A6X3,0.13003816,0.37737137,0.008451998,0.586141,0.075723074,0.56957203,0.047065616,0.14537221,-0.00068173854,0.03502144,0.26784793,0.15991715,0.4022984,0.1460096,-0.0024789032,-0.002530822,0.04724811,0.023546237,0.21327356,0.24093467,-0.0021199777,0.25375584,0.13202068,0.13966645,-0.0072345706,0.09623255,-0.004541055,0.13837206,0.38965923,0.07243277,0.041567404,0.07450539,0.071047544,0.20155641,-0.00457178,0.0056835487,0.063273296,-0.0012023923,0.44686317,0.129443,0.040880512,-0.00039934405,0.08879506,0.060245853,0.09728568,-0.0060868706,-0.010702054,0.1304143,-0.005707422,0.006397508,-0.0059470963,0.21973163,-0.010281609,0.068713225,0.34970313,0.10078076,0.09868088,0.027517084,0.091896325,-0.0051857806,0.27194655,0.16258797,0.27703464,0.05818437
TCGA-QH-A6X4,0.067168206,0.36193106,-0.0053802594,0.5178189,0.08613324,0.49555683,0.044649944,0.07185716,-0.0064071165,0.025669917,0.19226706,0.1356554,0.34915406,0.14522211,-0.0020771257,0.062107615,0.0019441815,0.0114279725,0.22109193,0.15040044,0.0006432459,0.20998888,0.20044468,0.13490155,-0.008288803,0.08121812,-0.0038820696,0.19466797,0.36322412,0.03266374,0.044326533,0.0775832,0.009182379,0.21233493,0.004045695,0.03638366,0.019764995,0.027654432,0.41265884,0.12483585,-0.0009242732,-0.0031004348,0.013905881,0.1477923,0.086520314,-0.0020712346,-0.005308871,0.039797008,-0.0027790365,0.0033043548,-0.011102341,0.16446784,-0.0087907035,0.028534524,0.43625504,0.021422468,0.11157703,-0.002588401,0.10675486,-0.0051817247,0.24646504,0.18031889,0.22027779,0.02126655
TCGA-QH-A6X5,0.093409985,0.37242395,0.0074907653,0.6046615,0.09187538,0.56469274,0.08298438,0.09444994,-0.0043116743,0.04890841,0.2102657,0.13704243,0.33871156,0.14827028,-0.002963403,0.00784938,-0.00031421866,0.065408915,0.23832226,0.17544451,-0.0015796897,0.24834679,0.21108127,0.14560494,-0.0070580393,0.08258146,-0.0074115577,0.18551615,0.32092732,0.0013415832,-0.0009088628,0.065862305,0.0702222,0.23119342,-0.0010660895,-0.0016437166,0.09085876,0.034980632,0.45615053,0.11961307,0.03337947,-0.0003833756,0.08002513,0.10723308,0.08103821,-0.0034271018,-0.007940007,0.06266242,-0.0066407504,0.023165174,-0.005710412,0.17104626,-0.010877337,0.054303385,0.39566934,0.09630992,0.13290226,0.00087824836,0.096986786,-0.005515502,0.28088143,0.18832982,0.27413878,0.09055488
TCGA-QH-A6X8,0.12409678,0.45814985,0.045827743,0.68463004,0.058711447,0.67219913,0.044723414,0.12637526,0.004943207,0.06358877,0.24121466,0.22597116,0.40727633,0.15445215,0.031343978,0.026683882,-0.0010771017,0.051368926,0.28594822,0.23647366,-0.00012036674,0.26639614,0.26862845,0.18741088,-0.00282846,0.06472283,-0.0073096664,0.11365285,0.31114545,0.15608823,0.075043425,0.05869803,0.08613916,0.2032128,0.011007957,0.026778914,0.07354721,-0.0044422,0.4939091,0.18424737,0.054025177,0.0073590167,0.047560424,0.025688529,0.08979702,-0.004371702,-0.0061031957,0.047220234,-0.009197992,0.05476301,-0.0077827135,0.23135439,-0.007886107,0.11320685,0.41825867,0.15318105,0.052756988,0.07277128,0.15751985,-0.002916433,0.40213346,0.18224487,0.17180821,0.035227284
TCGA-QH-A6X9,0.13498186,0.38809878,-0.0011214436,0.6508599,0.048847977,0.5534996,0.075129665,0.17273405,-0.003181897,0.11084041,0.28256094,0.13585496,0.3847363,0.10897674,0.0080537805,0.10517994,0.02121412,0.043888967,0.2576486,0.20213866,-0.0014394865,0.25424045,0.3344618,0.16357043,-0.004066554,0.079472214,-0.0077922344,0.123922884,0.52596956,0.017087677,0.020889949,0.12906876,0.07938096,0.22722629,-0.0043603443,0.0015750453,0.08589888,0.012883373,0.42317337,0.10225101,0.032935057,-0.0015098058,0.08552592,0.11943114,0.09754445,-0.0017797534,-0.0066226646,0.021247596,-0.0036363495,0.045386933,-0.004654181,0.19251457,-0.0070619,0.10498124,0.34842786,0.13514397,0.15040456,-0.006172141,0.12135534,-0.0046054507,0.29146188,0.24016073,0.26069054,0.11147271
TCGA-QH-A6XA,0.16346788,0.39266965,-0.00011554919,0.67693746,0.08695797,0.6066082,0.10553474,0.12977713,-0.0014998704,0.08292256,0.26287258,0.17670119,0.33998078,0.1474833,-0.0034792896,0.056317337,0.044052243,0.06690009,0.25937334,0.22638059,0.0043685213,0.25655714,0.22622924,0.16372555,-0.006375865,0.06949387,-0.0068845185,0.13507272,0.41823605,0.069772005,-0.0039035392,0.070037454,0.073336154,0.26031223,-0.0039044307,-0.0034317137,0.10298321,0.028226174,0.44491786,0.10475427,0.017244872,0.0073852204,0.15039307,0.11485523,0.099511206,-0.0042860797,-0.010005969,0.0552547,-0.0072878855,0.012713619,-0.0056910417,0.19295688,-0.011733212,0.015969474,0.36312005,0.13114622,0.14105473,-0.0030584212,0.14447536,-0.010971266,0.31968486,0.22359043,0.3164725,0.11017515
TCGA-QH-A6XC,0.17685491,0.61390877,0.14679492,1.0712019,0.20378597,1.038023,0.10129004,0.26590604,0.11858504,0.19396538,0.37416732,0.3378682,0.37102765,0.1608465,0.053029355,0.12848997,0.20438123,0.23312688,0.62146384,0.24942291,0.0066783205,0.3331247,0.5515543,0.14293084,-0.021705098,0.052492116,-0.02209028,0.18878317,0.07858617,0.44160065,0.23996507,-0.0036018358,0.22066942,0.14578888,0.13563082,-0.0053281947,0.09667283,-0.008040945,0.6497752,0.32389188,-0.00013239645,0.10094768,0.3346541,-0.005921226,0.11608671,-0.017763747,0.013796184,0.06781086,-0.006440191,-0.0059030177,-0.011418936,0.38822305,-0.0034627037,0.16922277,0.34332106,0.5315896,-0.0040373537,0.16448615,0.30831212,0.01350221,0.8198838,0.4088067,0.14778367,0.18828517
TCGA-QH-A86X,0.052112166,0.41356227,-0.0012685985,0.61591613,0.025906175,0.70158607,0.069848716,0.15816426,-0.0010648187,0.047799453,0.2355136,0.08068081,0.38256574,0.19008794,-0.0014183653,0.09967571,0.05480633,0.049162973,0.33392903,0.22809206,0.031981938,0.23050131,0.2512873,0.19345082,-0.01091293,0.11540368,-0.010060287,0.14808454,0.2536064,0.18313369,0.07459836,0.020457502,0.049167335,0.18839669,0.031068861,0.025443614,0.05681644,0.0005153194,0.54567266,0.20398465,0.03468154,-0.0032382857,0.14543489,0.046053104,0.09096569,-0.007509877,-0.00072044245,-0.0030783487,-0.0014000774,-0.0027382073,-0.011213136,0.21819517,-0.0040664463,0.05335265,0.4486404,0.18442965,0.074778,0.014292572,0.18656102,-0.009291182,0.44199213,0.16313414,0.15298969,0.0067035407
TCGA-QH-A870,0.122084215,0.4370728,-0.0013716553,0.7772777,0.12651908,0.6491703,0.10041454,0.21902625,0.07505155,0.1840065,0.24085104,0.20258209,0.36093122,0.21722165,-0.009305651,0.08714595,0.12754998,0.1518874,0.31800443,0.30171365,-0.0008981772,0.27987984,0.12554528,0.21368097,-0.011152885,0.10081372,-0.01300321,0.3286797,0.15663375,0.14213386,0.021288399,0.031331833,-0.001939125,0.2972122,-0.007914554,-0.011355895,0.067627795,0.073842235,0.567088,0.14170435,-0.006248238,0.01832142,0.24966547,0.085331574,0.009530261,-0.0032913878,-0.0054183984,0.06074286,-0.01199407,-3.2016636e-05,-0.00980739,0.29646122,-0.018873133,-0.0009390935,0.34190673,0.2343593,0.13476959,0.027719442,0.18419802,-0.0022991665,0.43327892,0.261704,0.2477654,0.213477
TCGA-R8-A6MK,0.09330019,0.33961317,-0.0042634676,0.47925457,0.09537521,0.5142198,0.04074847,0.10395734,-0.0055166828,0.011756614,0.23775563,0.13950495,0.31617242,0.12334725,-0.0027795404,0.033423483,0.017716896,0.013196729,0.21966475,0.19577876,0.040832207,0.19200264,0.12079808,0.12490176,-0.007144985,0.06356941,-0.002234563,0.20850042,0.3546313,-0.002700956,0.01157007,0.12618291,-0.0017727622,0.19092338,-0.0029384382,0.011160515,0.07722908,0.02600757,0.43698052,0.14870405,-0.0018145073,-0.0032855575,0.023660192,0.15807164,0.06928864,-0.0042743804,-0.0071011893,0.08086404,-0.0048119267,0.046111733,-0.009738698,0.17043844,-0.00767326,-0.00084050524,0.39797595,-0.003376127,0.107523054,-0.005538975,0.09630752,-0.0063463114,0.19374482,0.17681919,0.27736896,0.07884365
TCGA-R8-A6ML,0.08578575,0.3393169,-0.00519332,0.47362292,0.09236483,0.4741664,0.057738103,0.07134751,-0.0058609755,0.017025042,0.19465715,0.10298836,0.31752372,0.13940974,-0.0012861359,0.013280168,0.035271626,0.007375423,0.20559092,0.15229623,0.004662819,0.18452741,0.17837617,0.123248495,-0.008223734,0.10958173,-0.0023544987,0.19005874,0.42484525,-0.0032305883,0.023521569,0.05947169,0.020040646,0.1954396,-0.00032683462,0.0034993216,0.033584848,0.01410304,0.41304377,0.16080871,0.020635992,-0.0036456068,-0.0018914199,0.14248335,0.092765555,-0.005175721,-0.0075628194,0.06405337,-0.003982251,-1.5220046e-05,-0.009566753,0.1472328,-0.0073605417,0.012675058,0.41523892,-0.0021775358,0.12920885,-0.0021943466,0.0967826,-0.007396565,0.2207658,0.1452784,0.2440339,0.02460207
TCGA-R8-A6MO,0.10037695,0.37479502,-0.0029757146,0.6381935,0.07291012,0.63640314,0.06648967,0.16609897,-0.0020444894,0.0874688,0.25524276,0.13376264,0.33954394,0.16386357,0.024419252,0.045168057,0.06398932,0.030407164,0.29782167,0.23761424,-0.00027786754,0.21525447,0.33646664,0.12967268,-0.005540516,0.10902527,-0.0036084186,0.20068967,0.3092177,0.117820956,0.09288612,0.061736666,0.08122772,0.21852326,0.016690105,-0.0013173468,0.09478288,-0.0012468573,0.50257945,0.22276661,0.05699839,-0.003297771,0.090142645,0.09335056,0.115495935,-0.0057920446,-0.0032191833,0.047829177,-0.0006557543,0.06296546,-0.005327312,0.26255926,-0.0075825253,0.069793835,0.44297364,0.06530569,0.10063652,0.011049513,0.14250964,-0.006038123,0.34748673,0.20659047,0.21826519,0.017723475
TCGA-R8-A73M,0.10560933,0.37429905,-0.0033359153,0.4796067,0.06310586,0.48235095,0.07602212,0.03281543,-0.00401378,0.0006647147,0.16888611,0.09836423,0.3543952,0.1324573,-0.00046542016,0.020954534,-0.0005084223,0.024340179,0.17156225,0.17404258,0.014461298,0.21777181,0.21187294,0.1389652,-0.008493082,0.095054254,-0.006381135,0.18309537,0.3918469,0.031693622,0.029442582,0.08871638,0.0056858435,0.21121961,0.017269626,0.04272418,0.010670619,0.014094062,0.45383203,0.16207632,-0.0006819049,-0.0005965043,-0.0032955103,0.12716094,0.08764717,-0.0020170328,-0.006376172,0.042784598,-0.0030447599,-0.00058619305,-0.0105188545,0.17782539,-0.0038422884,0.05256332,0.453245,-0.00022587851,0.11870068,-0.0028459392,0.11028539,-0.005310009,0.25032696,0.14784935,0.19536039,-0.0019268492
TCGA-RY-A83X,0.11444858,0.3700182,-0.005503914,0.5511354,0.051952425,0.57970476,0.06915712,0.08656071,-0.0011854407,0.006244488,0.1850861,0.15623048,0.3444513,0.16147509,-0.004430397,0.00010887161,0.036051758,0.021650728,0.26407385,0.19767198,0.012168877,0.23949619,0.2314909,0.13958248,-0.00792815,0.098079026,-0.004663494,0.18225704,0.4120865,0.036857247,0.009211361,0.04509403,0.054500394,0.21569172,0.03511802,0.002019249,0.03385914,0.046951883,0.47466576,0.13956466,0.008728873,-0.00028141736,0.024619142,0.109396145,0.093043126,-0.0053296564,-0.0041166367,0.04466047,-0.0045325053,0.012029514,-0.0077571305,0.20359892,-0.008676577,0.029643215,0.42690107,0.054860823,0.11680466,-0.0019628932,0.14542678,-0.008617016,0.27397934,0.13877577,0.199173,0.022193328
TCGA-RY-A83Y,0.06262882,0.415132,0.03083982,0.6181474,0.075266704,0.7168225,0.025264252,0.19369014,-2.1027774e-05,0.05519622,0.24749514,0.07634826,0.37406874,0.26269677,-0.0002546792,0.055012472,0.08423406,0.06225953,0.35495934,0.22069798,0.007015746,0.21189153,0.26918882,0.21157695,-0.012275909,0.13849054,-0.009530581,0.19380105,0.26256758,0.13406563,0.13611627,-0.0037262514,0.030236848,0.18822753,0.02133033,0.01320843,0.046684016,0.0015828237,0.52728224,0.2327596,0.023789499,-0.0019852885,0.09835314,0.06310174,0.06771709,-0.007856277,-0.0037512176,0.030456673,-0.005482608,-0.002670408,-0.015058476,0.22907737,-0.004322859,0.036610056,0.4429146,0.14610273,0.07578602,0.031446163,0.17435053,-0.005576151,0.4378699,0.16912884,0.18502593,0.0263822
TCGA-RY-A83Z,0.22897938,0.76507086,0.2689425,0.9866807,0.26409078,0.9721503,0.06653454,0.38494813,0.16943863,0.32601395,0.30520263,0.21495476,0.5973007,0.3404557,0.11117473,0.14399913,0.1274413,0.11184171,0.56978005,0.3531054,0.05041416,0.360534,0.65379995,0.31980592,-0.004807209,0.049763244,-0.014008256,0.22701094,0.23791173,0.3532381,0.21146972,-0.008846487,0.26260453,0.36385182,0.0005638227,-0.009600228,0.1326727,0.15753537,0.71799934,0.3535893,0.12983368,-0.008249292,0.13703652,0.027143225,0.009408541,-0.0150695415,-0.0011905757,0.19181885,-0.009142059,0.067467235,-0.015336508,0.4013495,0.044030774,0.2012838,0.2863234,0.35561624,-0.0005380811,0.1514924,0.37219936,0.019757293,0.811366,0.1545969,0.2533212,0.005354453
TCGA-RY-A840,0.079800546,0.45705336,0.06217363,0.6696594,0.048897035,0.71805716,-0.001992911,0.2200818,-1.9025803e-05,0.088332176,0.27076593,0.09413114,0.3696053,0.2697654,0.06360688,0.06361832,0.1197825,0.103992864,0.38407385,0.258767,0.032090247,0.20316257,0.27327114,0.1281517,-0.0054431222,0.11482493,-0.013886419,0.23388746,0.17350426,0.24977946,0.21277305,-0.0014906593,0.041738987,0.16549566,0.024447445,0.028594293,0.024328792,-0.002036135,0.50498563,0.19915158,0.03105304,-0.0021565657,0.07351251,0.055328965,0.06039475,-0.0092097735,-0.0058286795,0.02152561,-0.008501435,-0.0051031667,-0.011634456,0.23474193,-0.003156552,-0.0041488837,0.43414667,0.13481411,-0.0023776456,0.08536671,0.2079038,-0.0059091593,0.4851724,0.23639598,0.17071669,-0.0013292499
TCGA-RY-A843,0.101988405,0.37846828,0.027430963,0.6407156,0.10013575,0.6131454,0.057629906,0.13944268,-0.0006270461,0.05302408,0.25559855,0.12510665,0.36839455,0.15099765,-0.007689887,0.06480851,0.058413036,0.034688216,0.29915833,0.19904786,0.01029731,0.19188145,0.18795994,0.13635287,-0.011172125,0.072788596,-0.0024271626,0.16243568,0.34774664,0.13851644,-0.0011456375,0.16485994,0.066034585,0.23827314,-4.097596e-05,-0.0029852279,0.11750626,0.05018025,0.4705076,0.112175144,0.012106203,0.056350976,0.21775372,0.08835186,0.081457675,-0.00832203,-0.0071678623,0.11391285,-0.0031030371,-0.0009105865,-0.0072961794,0.20457098,-0.0063147075,0.003148826,0.39566693,0.09288775,0.120886885,-0.005289603,0.13623635,-0.013531613,0.3349856,0.16508323,0.3214647,0.07513997
TCGA-RY-A845,0.15012869,0.35499513,0.004799083,0.63319063,0.058326356,0.5652337,0.09397607,0.11487647,-4.110709e-05,0.0795511,0.23439807,0.12140241,0.32282835,0.18861249,-0.0010020544,0.039949372,0.03885445,0.065666854,0.23500405,0.2626153,-0.0006899964,0.23113967,0.24480875,0.16976291,-0.012376686,0.098201774,-0.006137774,0.16486944,0.36477026,0.06924186,0.0015416853,0.041725323,0.04303658,0.23216501,-0.0010629193,-0.00035657585,0.046832092,0.02096875,0.4073238,0.12816912,-0.0005337045,0.04128326,0.13619617,0.13613024,0.08356546,-0.008555417,-0.004250691,0.052626487,-0.0028040824,-0.0021331261,-0.008393885,0.17457438,-0.00693901,-0.0012953893,0.38134405,0.084915124,0.11387873,0.007534202,0.1264238,-0.003414308,0.28823477,0.20051973,0.24771947,0.06810361
TCGA-RY-A847,0.108451515,0.3700448,-0.003739167,0.6174208,0.041818768,0.677617,0.10571923,0.16657333,0.009637319,0.08024064,0.26982266,0.09387675,0.2990816,0.21068418,0.0034613786,0.1309214,0.084120266,0.047971513,0.31935668,0.26763883,0.052324742,0.19080842,0.22848581,0.1266092,-0.011398362,0.11661654,-0.009893499,0.18244475,0.1583111,0.19043617,0.039842132,0.041237723,0.049671456,0.15864885,0.029094417,-0.0006340571,0.08642795,0.02752138,0.478371,0.17780444,0.0052787475,0.0031857453,0.18696946,0.07008332,0.13477026,-0.009515884,-0.0021001708,-0.001435354,-0.0030834537,-0.0023864692,-0.006529975,0.20041,-0.009613681,0.004116563,0.40663955,0.1505742,0.0037571192,0.02217934,0.17584677,-0.010501995,0.44236293,0.24148837,0.21401246,0.052267343
TCGA-S9-A6TS,0.10988696,0.33358338,-0.0042308215,0.5578034,0.048441924,0.50107425,0.089188375,0.09587292,-0.00047790297,0.040595546,0.22765687,0.17188682,0.36014676,0.1627741,-0.0043423166,0.00942222,0.024877232,-0.0007412862,0.22351801,0.19464692,-0.0035387122,0.20143922,0.16210423,0.105305165,-0.005904723,0.07854223,0.016153235,0.14548132,0.41839072,0.07670203,0.04269548,0.042273365,0.05694832,0.16011809,-0.002456201,-0.002681423,0.04994595,-6.854534e-07,0.40793633,0.15095344,0.008513529,0.041633785,0.04882153,0.06721413,0.062327266,-0.007074665,-0.008346071,0.112266704,-0.0032960754,0.004768513,-0.0072898003,0.21328053,-0.0043596704,0.113312885,0.31811053,0.06561031,0.08403082,-0.0015708633,0.1318888,-0.0076027545,0.24752617,0.17344007,0.32425386,0.055559576
TCGA-S9-A6TU,0.11735076,0.50287604,0.02346227,0.78229463,0.14598264,0.76470494,0.00022415817,0.26454496,0.042303912,0.13722713,0.3617952,0.1289508,0.48971522,0.1582882,0.0408718,0.02698192,0.15390539,0.13521156,0.39329168,0.27738142,-0.0033674797,0.3051588,0.27186012,0.17809609,-0.0037239306,0.14582098,-0.0068996954,0.21960278,0.4171995,0.055319235,0.113593355,0.064211264,0.13192697,0.23694861,-0.005652907,0.029281937,0.1184155,0.007224068,0.63835377,0.1402113,0.07676789,-0.0055663567,0.18657954,0.05436051,0.09535087,-0.002340839,-0.0090262825,0.022550892,-0.004008713,-0.004451401,-0.0071042567,0.26311135,-0.00554085,0.11962377,0.37870377,0.27829063,0.11568092,0.07151064,0.14753148,-0.0012603209,0.47043908,0.15725973,0.28924388,0.07632824
TCGA-S9-A6TV,0.024629373,0.38777757,-3.251806e-06,0.5627284,0.08935522,0.49890876,0.03433869,0.16513117,0.060715355,0.13832416,0.2773709,0.21936896,0.37135834,0.16204403,-0.0008167059,0.02390726,0.044807166,-0.0037485436,0.24051961,0.13443233,-0.0015050349,0.19711675,0.1896949,0.12857917,-0.008859187,0.12056475,-0.0017356727,0.1792093,0.40740612,0.09009926,0.063691854,0.044513576,0.027315348,0.12812641,-0.006317181,-0.0048594433,0.097147316,-0.0031362248,0.42070952,0.2089603,0.034395818,-0.001021184,0.07919552,0.092198804,0.08385402,-0.0073700757,-0.006519062,0.17837705,-0.0006987054,0.015271112,-0.008377949,0.2792162,-0.0049136467,0.15111879,0.2998461,0.08340549,0.07072515,-0.0023538375,0.07998927,-0.0039591826,0.30483085,0.19328463,0.28897557,0.07960286
TCGA-S9-A6TW,0.057938073,0.35674298,0.030528557,0.62715995,0.05025211,0.54050004,0.0461651,0.12584722,-0.0022810854,0.039821267,0.2618325,0.14132957,0.3565907,0.07801686,-0.0019011699,-0.0010290559,0.032097895,0.045324724,0.31950346,0.14459391,-0.0007811353,0.2647595,0.1939229,0.14349955,0.025350302,0.086416386,-0.00618322,0.18820238,0.3565056,0.02614552,0.21705459,0.07306562,0.1124132,0.21441269,0.013048753,0.029112875,0.12592046,-0.0010643884,0.5019059,0.13138507,0.0515924,-0.0026569937,-0.0062019425,0.07195014,0.021132395,-0.004153114,-0.007961929,0.08109258,-0.007972143,0.034134917,-0.0065786853,0.19072273,-0.003574606,0.27891424,0.32243162,0.071670376,0.09795201,0.04834048,0.08259588,-0.0062815943,0.37023595,0.118530706,0.25746045,0.08258143
TCGA-S9-A6TX,0.049130086,0.40757278,-0.0065983566,0.54919094,0.058199912,0.57804906,0.07554443,0.122559346,-0.0026308254,-0.00019012057,0.20088011,0.085287645,0.3779595,0.17883058,-0.0018643689,0.04812915,-0.00037649748,0.07024042,0.32045743,0.19461821,0.035372198,0.22894745,0.24340366,0.17731023,-0.006480684,0.096284315,-0.0049567963,0.18223266,0.36153898,0.048504822,0.0600083,0.016423434,0.07393122,0.23802674,0.030678459,0.04933557,0.058592424,0.018597506,0.53943413,0.09243071,0.028230328,-0.005886866,0.089762956,0.11655377,0.12411293,0.005945921,-0.005165356,0.012904227,-0.00055582373,-0.0047663087,-0.012092136,0.17463458,-0.009044349,0.06547694,0.43793908,0.16256842,0.11360009,0.0025235452,0.12206915,-0.006335524,0.36151242,0.13292307,0.20851862,-0.001498353
TCGA-S9-A6TY,0.11077495,0.33191127,-0.0043077893,0.48966885,0.10709281,0.516303,0.08996204,0.058817226,-0.0037565434,0.01642925,0.22549674,0.1349908,0.35988486,0.064461626,0.04168423,0.02608899,0.030977242,0.03192688,0.19475535,0.2232158,0.015324593,0.2192426,0.19623135,0.13069457,-0.008617987,0.10541852,-0.0014728751,0.15358351,0.37581545,-0.0048337914,0.07774854,0.09853366,0.0796054,0.20879692,-0.00040720776,-0.00017527715,0.02393324,-0.0038602003,0.41143194,0.1108695,0.03078578,0.010436837,-0.0006740438,0.06712691,0.06724052,-0.007070068,-0.010184488,0.098425984,-0.0036096205,0.036490627,-0.00935223,0.1327782,-0.007551239,0.015975785,0.3668782,-0.0014866423,0.0941614,-0.00054573937,0.05205014,-0.005492156,0.25002068,0.16031614,0.23952547,0.06424308
TCGA-S9-A6TZ,0.13525425,0.3676288,0.036426056,0.5564482,0.040415123,0.4668337,0.051800124,0.14918606,-0.004087667,0.1155009,0.2641883,0.14370874,0.37141848,0.18059644,0.00012797397,-0.0015939033,-0.0005091349,-0.004165864,0.220552,0.1896802,-0.0026271362,0.24014911,0.10858546,0.17102614,-0.0030031346,0.031443875,-0.007401572,0.15213586,0.27193314,0.07807228,0.076516986,0.06235315,-0.0010471105,0.15639222,-0.009790863,-0.0027441874,0.048638422,-0.0054048006,0.41188636,0.16327378,0.0620945,0.005276516,0.017457174,0.058238514,0.07273916,-0.005538595,-0.011034638,0.12741616,-0.004660452,0.052870326,-0.004667872,0.22335532,-0.009175884,0.112948194,0.370968,0.012828715,0.08425741,0.035925057,0.09124819,-0.0012589603,0.2659824,0.19921318,0.3057151,0.033592813
TCGA-S9-A6U0,0.049771253,0.7521559,0.19236071,1.4988813,0.20494336,1.2304505,0.11336859,0.3165813,0.03340625,0.3553521,0.3508281,0.7310382,0.32138243,-0.017788345,-0.0072405483,0.1485013,0.1880135,0.19334722,0.88156766,0.12570259,-0.007899189,0.534351,0.6155359,0.06856289,-0.0067701265,0.19640231,-0.011997873,0.45107546,0.08812349,0.40932226,0.626631,0.0051457286,0.5021191,0.37598646,0.27719575,-0.030017434,0.18097755,-0.008334784,0.90502036,0.1494822,0.12301843,-0.0008597482,0.110662214,-0.017720548,-0.024058996,-0.008299841,-0.006604688,0.0714784,-0.025543714,0.14420295,-0.0009140659,0.5611441,0.03198744,0.6889448,0.15488616,0.7686325,0.023634905,0.29820484,0.37454572,-0.012594694,0.9963903,0.39632156,0.24110496,0.54008293
TCGA-S9-A6U1,0.11252348,0.38107458,-0.0011663896,0.60557365,0.080914214,0.58003545,0.059765913,0.11919762,-0.000887857,0.04598203,0.2112096,0.14386472,0.36501616,0.147223,-0.0035254825,-0.0008661922,0.05023637,0.036098443,0.2238391,0.23406026,-0.0016687912,0.26445958,0.23993014,0.15847212,-0.009019816,0.092053495,-0.004480186,0.15541248,0.40929887,0.049908742,0.048373047,0.044369947,0.061546028,0.24342439,-0.0036747926,-0.0017861993,0.049965885,0.0020665452,0.46161577,0.14866704,9.258464e-05,-0.0016321756,0.07212784,0.14276883,0.07907961,-0.0026536137,-0.0055668326,0.086302206,-0.0036035161,0.017275997,-0.006850128,0.20853156,-0.0088343695,0.0283476,0.3847829,0.057908945,0.14401945,-0.0006086711,0.12107948,-0.004297138,0.24693967,0.17977938,0.24722922,0.063751
TCGA-S9-A6U2,0.098547384,0.34100503,-0.0054806485,0.4840367,0.08869292,0.5205933,0.056344524,0.070011,-0.00074235577,0.013280604,0.20834723,0.12687938,0.29491436,0.17958587,-0.0042014336,0.014491811,0.060881212,-0.0006965144,0.21237311,0.1885057,0.024359822,0.18250781,0.14792743,0.14047036,-0.011206441,0.11358907,-0.003040729,0.1914607,0.29689336,0.01647948,0.02577798,0.0479989,-0.0016287111,0.15879494,-0.0011631101,0.015454039,0.044077765,0.037650533,0.41151348,0.17646575,-0.0032341022,-0.0017749484,0.03853911,0.12694785,0.07129815,-0.0068260552,-0.0050558667,0.070179716,-0.0051614563,0.026297025,-0.011249724,0.16900037,-0.0051548393,0.042056467,0.42037782,-0.0030548505,0.09326501,0.011960816,0.111249976,-0.005819605,0.23392864,0.16881767,0.2166571,0.05102925
TCGA-S9-A6U5,0.08645828,0.35716397,-0.0063433363,0.53876525,0.056721333,0.51468015,0.0731153,0.092187285,-0.0003219191,0.067617565,0.22767857,0.124926545,0.3085045,0.15875219,-0.0048940848,0.033884607,0.030841522,0.002603557,0.231657,0.13832684,0.012427736,0.19654478,0.15662675,0.08551879,-0.012100614,0.12353009,-0.004809246,0.15595536,0.31587365,0.056008555,0.01544337,0.12623852,0.041480258,0.15834479,-0.0015645184,-8.602962e-05,0.07105008,0.044264846,0.41945943,0.19688103,0.016370092,-0.00046749302,0.047781907,0.13003418,0.09312704,-0.0052906508,-0.0057384605,0.10743931,-0.005517888,0.035882585,-0.005190165,0.19702634,-0.008502769,0.021852281,0.39706722,0.036567472,0.09806203,-0.0034424986,0.13827339,-0.0103245685,0.25206995,0.15468186,0.19452731,0.09226857
TCGA-S9-A6U6,0.13324025,0.3448279,0.00925364,0.6188117,0.07561326,0.60798496,0.10662214,0.11571283,-0.002325118,0.029597916,0.23795268,0.119535804,0.31975752,0.1513092,-5.9255308e-05,0.036252312,0.046307713,0.07087284,0.25118738,0.21141386,0.0030642413,0.21803047,0.2763608,0.15992594,-0.010107854,0.10925781,-0.0054573207,0.13650489,0.40583003,0.062127754,0.043983925,0.033819977,0.08261803,0.2024312,-0.00035683514,-0.0027527453,0.07156652,-0.002397801,0.40476426,0.13053219,0.0031693764,0.03421271,0.11042816,0.11113029,0.07364337,-0.010015105,-0.009117096,0.019147772,-0.005817389,-0.0024970085,-0.0060173827,0.17479223,-0.0045115063,0.00024976232,0.36970925,0.11290326,0.08484195,0.00828607,0.13321921,-0.007984771,0.3157588,0.23647411,0.2645269,0.08871414
TCGA-S9-A6U8,0.055952724,0.41352752,-0.00090942683,0.65475726,0.10331525,0.63036823,0.07093104,0.19565555,0.017385773,0.1405849,0.28123638,0.13012512,0.339693,0.1581963,-0.0019246303,0.045284934,0.091834836,0.04147966,0.26440033,0.2262094,0.012820948,0.2227288,0.23789684,0.12674053,-0.012427661,0.09278777,-0.0079751825,0.19284719,0.30267715,0.14884779,0.038642343,0.06682566,0.04624808,0.22954005,-0.0033138625,-0.004246843,0.10236337,0.0026687905,0.4875793,0.17674948,0.043684144,-0.00083349086,0.1612979,0.11630859,0.07197687,-0.0058037825,-0.007659213,0.06498067,-0.007379581,0.03053864,-0.0053553693,0.26515567,-0.010669331,-0.003016692,0.4105945,0.14127815,0.13195485,0.0030341633,0.15550685,-0.009439779,0.33634543,0.25610077,0.2910847,0.10673179
TCGA-S9-A6U9,0.16580603,0.535574,-0.003766346,1.0344294,-0.0030495115,0.8488295,0.08870604,0.3139007,0.018484108,0.35261616,0.18225637,0.15443772,0.41010916,-0.0030414537,-0.010598298,-0.0029802383,0.016453244,0.18079583,0.24620365,0.3429854,-0.01659915,0.357945,0.26919723,0.114158675,-0.010772694,0.049779832,-0.01955829,0.45457992,0.6866057,0.109903485,0.020353463,0.07155368,0.07608622,0.4055293,-0.0031073547,-0.019630864,0.23784953,-0.0064907507,0.778805,0.16585594,0.10266398,0.04162388,0.10397983,-0.0027434812,-0.014759137,-0.0022731987,-0.024097474,0.19353357,-0.028020263,0.14539969,-0.008934292,0.43508354,-0.0029581634,0.04112142,0.4260644,0.33040076,0.27585524,-0.005295051,0.26755053,-0.009495111,0.46818954,0.36418685,0.26099917,0.27191532
TCGA-S9-A6UA,0.08702351,0.52231973,0.22153619,1.5394098,0.028112713,1.0221188,0.09729775,0.30779868,0.115912996,0.7697458,0.40680784,0.2890744,0.37190962,0.05688557,0.072016925,0.26756036,0.26478606,0.13566427,0.6915467,0.17764688,-0.011382208,0.47427338,0.9839115,0.21867442,-0.0032565126,0.07672991,-0.004652379,0.09397687,0.46416014,0.31949022,0.14790063,0.22023393,0.25706702,0.14894769,0.04496152,-0.027177094,0.34211504,0.13540849,0.85685515,0.28510952,0.13280791,0.16051798,0.2362867,0.0071284696,-0.009078872,-0.022392595,-6.931015e-05,0.104089424,-0.01629046,0.100650586,-0.009860847,0.47363576,0.13116117,0.96412086,0.05875922,0.6150954,0.11589692,0.13610144,0.38524038,0.015703015,0.83607966,0.4947562,0.42056438,0.41906363
TCGA-S9-A6UB,0.12503724,0.3616581,-0.0061043645,0.4547198,0.059125576,0.49310732,0.062454253,0.086697295,-0.0028184075,0.0076887235,0.21615532,0.07833525,0.32894593,0.2039811,0.002732723,0.003401976,0.027137619,0.013932914,0.17701633,0.19164193,0.005543977,0.17844291,0.15565862,0.14582321,-0.009462296,0.09601066,-0.0022214267,0.19753076,0.3463333,-6.6049215e-05,0.08345798,0.04123607,-0.00017767027,0.177487,-0.0003350839,0.022182047,0.0207878,0.0028017387,0.40264657,0.17340598,0.011520285,-0.0030530195,-0.00012576897,0.08026058,0.11240015,-0.007454067,-0.006779851,0.060098413,-0.00220599,0.026979804,-0.011035767,0.1856642,-0.009759127,-0.0031219483,0.4537975,-0.002412878,0.08648484,0.012027305,0.08953325,-0.003875697,0.21316287,0.16097623,0.21097076,-0.00032844357
TCGA-S9-A6WD,0.07721332,0.38843805,-0.0003452737,0.5873753,0.09795639,0.607365,0.0644817,0.15365803,-0.0033384084,0.06177372,0.24991965,0.13309652,0.36152828,0.17459819,0.0007962277,0.019764297,0.05973673,0.06717931,0.2701676,0.26863143,-0.0015563526,0.19117491,0.21502669,0.12224139,-0.005901853,0.08305112,-0.004346181,0.21126826,0.27803448,0.09364337,0.092834935,0.0795486,0.04332784,0.1896058,-0.003437639,-0.0006560743,0.058361515,0.011959434,0.47350308,0.20729634,0.03783061,-0.0019334577,0.08533924,0.09429088,0.058304865,-0.0033820996,-0.006176786,0.113240436,-0.0052326834,0.03542401,-0.0075063608,0.22197065,-0.0062761293,0.07874798,0.41698214,0.07250845,0.05844503,-0.0013058573,0.11385274,-0.0023785022,0.28319865,0.21910328,0.24286325,0.06627804
TCGA-S9-A6WE,0.12903368,0.3831889,-0.0016381353,0.52382696,0.094467394,0.4974953,0.07178854,0.0858161,-0.0046503698,-0.0011971571,0.25364333,0.10487543,0.38466132,0.14710268,0.0051651197,0.04048053,0.011960308,0.060297746,0.20786224,0.13570684,0.019834366,0.22357747,0.19001791,0.19127332,-0.007903148,0.098068595,-0.0071384,0.15066618,0.42568743,-0.00059440563,-0.00057788566,0.13042305,0.024010807,0.21758017,-0.004580309,0.012913849,0.049638174,-0.0015741565,0.45265415,0.15334538,0.03757948,-0.001596823,0.03416446,0.15943256,0.13373849,-0.00076452753,-0.00648164,-0.0009785977,-0.0046990206,0.044649586,-0.008501221,0.16361666,-0.0066561596,0.028441682,0.46174702,0.05538111,0.124180995,-0.003462386,0.08922235,-0.0077710547,0.23641606,0.1353367,0.1898148,0.040458836
TCGA-S9-A6WG,0.04949205,0.48160386,0.18875438,1.1503054,0.093631685,0.68927974,0.05936721,0.29857433,0.028261796,0.4554635,0.42746758,0.069148645,0.335463,0.030956931,-0.0015976798,-0.004439901,0.2186348,0.03664882,0.5250128,0.29160744,-0.013774033,0.43590525,0.33387846,0.10560335,-0.00042510667,0.07425229,-0.0056047346,0.18033114,0.14239556,0.0991437,0.35648784,-0.011041105,0.30211473,0.33761248,-0.0011519007,-0.009399756,0.070261344,-0.008614471,0.70472676,0.08495475,0.07404202,0.012894018,0.22319928,0.13774416,-0.002386937,-0.006139556,0.006336957,0.19071786,-0.011682269,0.09854912,-0.015306368,0.29634026,0.1149451,0.40941834,0.21272038,0.39131013,-6.921515e-05,0.13754822,0.22499505,-0.008598822,0.527793,0.27091667,0.18641834,0.2538563
TCGA-S9-A6WH,0.069489926,0.32194644,-0.004922001,0.49052438,0.08143463,0.45338112,0.052291043,0.073395744,-0.0049798354,0.061178174,0.19375771,0.08307368,0.28972858,0.1381167,-2.1544938e-05,0.014149416,0.05485174,0.019000694,0.19384202,0.14973307,-0.0009050138,0.21183293,0.19641145,0.123557545,-0.007221022,0.10764678,-0.0025276807,0.17795667,0.4153377,-0.0008663444,0.082049176,0.058096595,0.06677103,0.19155368,0.0077786483,0.020977587,0.02995262,0.0053818002,0.3832371,0.14272565,0.030136254,-0.0022470418,-0.0034936422,0.112646155,0.07087077,-0.002880076,-0.0074970345,0.100605324,-0.006190407,0.0020975843,-0.0076941657,0.15409008,-0.007703453,0.031107403,0.4137858,-0.0032202161,0.13187994,-0.0038398958,0.104379416,-0.007134693,0.22224961,0.16030166,0.21696967,0.04291147
TCGA-S9-A6WI,0.15567543,0.40750396,0.077224106,1.0682814,0.065618984,0.94725776,0.20778763,0.26291686,0.004098512,0.22955184,0.33661327,0.11938582,0.4233787,0.035759084,0.12703054,0.058923654,-0.002419684,0.22767034,0.40698287,0.38631597,-0.012469797,0.2604806,0.53695977,0.13112988,-0.0076217013,0.05588748,-0.0051201833,0.13575253,0.17771992,0.20651723,-0.0042973724,-0.001697737,0.35252473,0.2427997,0.042330533,-0.009078859,0.21050704,0.015488982,0.71978974,0.12279317,0.17058153,0.18882164,0.3842432,0.011578742,0.03470424,-0.00981526,-0.014034976,-0.0068509253,-0.016555667,0.0111949,-0.0070803496,0.2492947,-0.0038562415,0.16466248,0.25043368,0.5702814,-0.0043336893,0.056251455,0.26263404,-0.013617394,0.6404296,0.31037566,0.29782337,0.24448659
TCGA-S9-A6WL,0.08412102,0.35814783,0.0903523,0.6857973,0.038489632,0.68136257,0.075756215,0.14257865,-0.0009779156,0.03864075,0.30734232,0.17310451,0.30070877,0.1768823,0.030473955,0.037693135,0.065574564,-0.0029098575,0.28555018,0.2602263,-0.0048466027,0.26327762,0.25267273,0.15937704,-0.00369132,0.09117298,-0.0057649394,0.1416236,0.29382837,0.14594544,0.13256776,0.0085758045,0.113992006,0.124384716,-0.0022785754,-0.007826079,0.08616875,-0.012003668,0.43367192,0.2523757,0.024290234,-0.00017717779,0.16151449,-0.0024047324,0.032572065,-0.010414432,-0.0018592201,0.059101034,-0.00561282,0.09022603,-0.008600973,0.28601617,-0.00228169,0.18266788,0.3901798,0.14205712,0.017906537,0.08458243,0.08968138,-0.0019851848,0.3873765,0.24676919,0.28914458,0.045499623
TCGA-S9-A6WM,0.111299634,0.31466246,0.019123625,0.6995623,0.15123966,0.48347872,0.12962127,0.11982915,0.0945599,0.25530154,0.28242797,0.24206537,0.2908162,0.20137486,-0.0030614496,0.027106516,0.06876446,0.047510106,0.3651833,0.29936278,-0.0016659861,0.28863466,0.15200311,0.03144169,-0.014056074,0.038456965,-0.016976116,0.28961912,0.2358768,0.1622397,0.19295083,0.018495858,-0.0045625377,0.097898856,-0.0018187978,-0.010137407,0.14269277,0.029981852,0.60069364,0.14043847,0.031158868,-0.00068908447,0.067740194,0.23532498,0.024050929,-4.5236946e-05,-0.0065178173,0.03060618,-0.004887162,-0.0046527665,-0.011000115,0.30068508,-0.0088134715,0.20437372,0.26805294,0.04135645,0.2415377,0.046648737,0.16044128,-0.0017685033,0.28544253,0.23579016,0.27756962,0.19551863
TCGA-S9-A6WN,-0.012900367,0.5117119,-0.002023719,1.039163,0.066272244,0.8027557,0.12466904,0.3502227,0.23395896,0.2959098,0.4654362,0.34911525,0.53712904,0.09844315,-0.010683895,0.27722812,0.0662727,-3.5406276e-05,0.40178886,0.2876151,-0.004441361,0.33042428,0.43048412,0.084279545,-0.0017499656,0.05152168,-0.021026418,0.37587938,0.16259155,0.46266192,0.1718073,0.047694452,0.0024500564,0.06494661,-0.012846109,-0.029008335,0.17319685,-0.006730096,0.49433795,0.19357404,0.030173618,0.013485648,0.27019706,-0.011120882,0.02094999,-0.015891675,-0.010707443,0.08045292,-0.02416775,0.13961467,-0.008191124,0.45642924,0.0010732971,0.45621538,0.12941292,0.6048347,0.042159952,0.10243712,0.14100167,-0.002812347,0.77093804,0.36352852,0.31097683,0.47853494
TCGA-S9-A6WO,0.124917015,0.37216437,-0.005643443,0.54182005,0.07472311,0.49185884,0.059199847,0.14935972,0.022420846,0.051178657,0.24826396,0.10858312,0.32135463,0.19111557,-0.0021642887,-0.0017619402,0.055024765,-0.0012768705,0.18889979,0.21378317,0.011868078,0.235029,0.19296749,0.09337294,-0.01009545,0.110005125,-0.0059362943,0.17260237,0.42915237,-0.0021735495,0.031638402,0.04470554,0.023626208,0.22038502,-0.005253961,-0.0006497957,0.033548795,0.033662803,0.4066874,0.13311847,-0.0007470269,-0.003343061,0.048705004,0.15798055,0.11236546,-0.004221911,-0.0063371523,0.17080839,-0.004801825,0.045218267,-0.0067625134,0.17591673,-0.010175755,-0.005309459,0.38386324,0.016235277,0.14389218,-0.0050556357,0.10341382,-0.0059507326,0.18461286,0.16972798,0.2521969,0.0975675
TCGA-S9-A6WP,0.07601257,0.3784992,-0.0005805019,0.5256667,0.12899502,0.56912345,0.0500002,0.10222162,0.010872662,0.002376914,0.23159957,0.1327548,0.34602457,0.17250194,0.03195255,0.003970042,0.01756752,0.01059049,0.24937078,0.19855136,0.020774208,0.18184201,0.23836912,0.14458248,-0.0077014207,0.1062833,-0.0039522196,0.19064519,0.29060155,0.03891311,0.120821595,0.04000446,0.019920185,0.17799899,-0.0012343295,0.018392555,0.08406616,-0.0015714065,0.47726145,0.19211793,0.006338328,-0.0020629026,0.045294754,0.099078886,0.07351391,-0.0068213227,-0.005841967,0.045610588,-0.003693698,-9.141639e-05,-0.009183946,0.21584961,-0.003163447,0.02933024,0.41178092,0.020730458,0.08287059,0.024045382,0.09348799,-0.0023116672,0.3090983,0.15912858,0.24800102,0.024627984
TCGA-S9-A6WQ,0.037736278,0.5481834,0.12827468,0.8779105,0.1603714,0.871972,0.07258438,0.3208499,0.10811526,0.14154199,0.3689903,0.083638445,0.4186328,0.35205242,0.08250128,0.03930229,0.09215409,0.21288642,0.50064653,0.3096878,0.034785137,0.20426457,0.34254038,0.1423409,-0.0074199364,0.0927506,-0.012132655,0.26938158,-0.0022631816,0.33772898,0.15495013,-0.0040219757,0.10340418,0.24021327,0.037387557,0.0051463023,0.09746013,-0.00019815342,0.64169043,0.23782206,0.11092782,0.14542381,0.30766737,0.006291829,0.10554503,-0.014267537,-0.011380287,0.013535012,-0.011292293,-0.0018564496,-0.0070820274,0.3020794,-0.0037632335,0.013073718,0.39788133,0.3639493,-0.0046733976,0.09046374,0.18684778,-0.0073513426,0.67928106,0.30957106,0.29457444,0.08518778
TCGA-S9-A7IQ,0.10750431,0.31163022,0.04429448,0.6068011,0.07432081,0.62559414,0.12935,0.11120849,-0.0004042171,-0.004870087,0.2239252,0.18718627,0.31940162,0.10518819,-0.0018120044,0.035184726,0.01926985,0.03949966,0.24681991,0.20517945,-0.00012378283,0.18364687,0.3099238,0.09858915,-0.011924463,0.110841356,-0.005508392,0.12796164,0.40548766,0.073334046,0.052464176,0.06259893,0.07636765,0.16412829,0.037860442,0.0027238615,0.0798366,-0.0002704926,0.42569342,0.14056513,-0.002729093,0.055442806,0.14400937,0.06795995,0.07151194,-0.0076738163,-0.0036473596,0.05064662,-0.0018913224,-0.0028025329,-0.002699782,0.12893082,-0.003566739,0.019960787,0.36791182,0.19618532,0.06623518,-0.0063146516,0.077877134,-0.009719945,0.3209324,0.24914716,0.2761158,0.14738272
TCGA-S9-A7IS,0.096619114,0.6111659,0.367375,1.3835909,0.04481393,1.151276,0.11531275,0.46411973,0.08976445,0.25027093,0.4657151,0.46334916,0.7525012,0.18715248,0.2195804,0.21771768,0.092630364,0.055326518,0.75127214,0.6109165,-0.009011832,0.31209135,1.1945443,0.5186842,-0.0030623465,-0.003046674,-0.022712663,-0.004332008,0.5856131,0.5959933,0.20273288,0.15343316,0.062625855,0.46141058,0.014743321,-0.010839411,0.34929907,0.18337512,0.9776367,0.4794801,0.10586861,-0.0033553434,-0.0006906485,-0.0048909127,-0.016138732,-0.015510353,0.028662626,0.2924358,-0.024012482,0.0589742,0.09636521,0.5698801,0.18283953,0.7878411,0.19506222,0.23813361,0.09755431,0.02191538,0.30162537,-0.00034518912,0.8233389,0.47298285,0.039031565,-0.0064805755
TCGA-S9-A7IX,0.17547403,0.42412508,0.08997767,0.83459985,0.23457527,0.7053961,0.105053596,0.14648099,0.063893266,0.09781104,0.23741657,0.28832695,0.31517068,0.11513211,-0.0048450045,0.064934924,0.088102736,0.09144488,0.36607113,0.22421712,-0.00021856056,0.24446027,0.3173576,0.1301772,-0.007540472,0.1468349,-0.0035721455,0.24157913,0.3025906,0.13816932,0.09147672,0.030265525,0.18066728,0.1574915,0.069610775,-0.009632858,0.13242099,-0.0039844643,0.463115,0.08300982,-0.0010722466,0.07017213,0.18631905,0.031473503,0.075453624,-0.0071293116,-0.007778458,0.1478485,-0.00489936,0.0038829967,-0.012467476,0.29928294,-0.005179928,0.12404628,0.30592856,0.32556897,0.00092833675,0.040937576,0.14964429,-0.007916888,0.4810565,0.25512844,0.30051598,0.23205237
TCGA-S9-A7IY,0.09136811,0.40458512,0.029533695,0.60824,0.07772856,0.6912708,0.03990089,0.17497809,0.040807046,0.018430803,0.25637886,0.14531314,0.29089874,0.20774552,0.0041787913,0.03892722,0.042263564,0.002322914,0.30073145,0.25055334,0.070623994,0.20335321,0.20032342,0.11819217,-0.012039204,0.07633187,-0.011706889,0.20943117,0.23578477,0.08855383,0.040070605,0.014551356,-0.002390071,0.1587632,-0.0024820708,-0.0012692012,0.13095655,0.0017820671,0.50236505,0.22025827,-0.00048268176,1.8838793e-05,0.10036848,0.090392925,0.06216409,-0.008032887,-0.0056793327,0.06123985,-0.00910103,-0.0015723445,-0.006487213,0.22965136,-0.003577688,-0.0024526315,0.40905282,0.079920866,0.062944785,-0.0033838958,0.12539557,-0.012363288,0.3962082,0.1813347,0.30649394,0.07280945
TCGA-S9-A7IZ,0.104485765,0.37281632,0.040524814,0.5607468,0.16877384,0.5508075,0.047664322,0.15050931,-0.0012191612,-0.00068548287,0.256296,0.24529237,0.37810105,0.11864112,-0.0033989318,0.01815278,0.05513917,-0.0014567699,0.23780832,0.22459859,0.005571965,0.2010581,0.12546892,0.14768985,-0.008519254,0.10467577,-0.00063413644,0.2191762,0.34380984,0.047932267,0.064891696,0.07491779,0.041675612,0.1475525,-0.002310425,-0.0014036708,0.076548524,-0.0013796602,0.45739225,0.1566909,-0.0004347559,0.040569592,0.09627775,0.062292695,0.06036406,-0.0047528003,-0.0063286023,0.08144325,-0.0032799628,-0.00084866286,-0.013836491,0.20652498,-0.006227686,0.00429021,0.34110335,0.108980335,0.07929266,0.007084254,0.05088895,-0.00049806124,0.30057895,0.13920712,0.29562518,0.095360085
TCGA-S9-A7J0,0.16238841,0.61072636,0.1762118,0.82027847,0.20169479,0.7074098,0.019364584,0.15097094,0.13257805,0.21066965,0.23115012,0.32252917,0.5300977,0.14495298,0.05719387,-0.01055708,0.07368152,0.01674956,0.3525338,0.28740862,-0.0011156824,0.34427232,0.5027802,0.25493014,-0.003085538,0.026380364,-0.0069439756,0.058366284,0.5494844,0.19503585,0.13141274,0.083618656,0.1946212,0.2700234,-0.005924977,-0.0074418685,0.09082827,0.06076763,0.538533,0.21019876,0.045663606,-0.0076209563,0.0060778335,0.19261363,-0.00030659998,-0.0057230326,-0.0041087954,0.34798065,-0.012241366,0.11898851,-0.007036011,0.31845406,0.00554597,0.23217513,0.26578695,0.20345998,0.10977538,0.07471341,0.2321702,-0.0006325878,0.38258302,0.17009047,0.2682361,-0.0007526286
TCGA-S9-A7J1,0.05298588,0.35876054,0.0022983067,0.49057677,0.08055434,0.5786512,0.044070236,0.13213369,-0.00061584526,-0.0028906395,0.20234188,0.10740757,0.33463442,0.2211794,-0.00038840334,0.021939464,0.03589684,0.038689602,0.209422,0.23427993,0.036125302,0.16404577,0.15260763,0.12399394,-0.011505078,0.099609435,-0.0050972565,0.19383252,0.21257809,0.09557832,0.028538499,0.040335987,-0.00023847818,0.162567,0.011878021,0.056351304,0.054900836,-0.00012305305,0.45136648,0.20510215,0.0011453554,0.007026296,0.07501776,0.112280264,0.10585069,-0.0070215515,-0.0046248483,0.06539604,-0.0030646068,-0.000806031,-0.009172149,0.15702035,-0.005797153,-0.0060566454,0.41746998,0.049131356,0.05119376,-0.00422058,0.106762916,-0.008492208,0.29128575,0.15567745,0.2413626,0.022551388
TCGA-S9-A7J2,0.049183194,0.31320885,-0.0045003444,0.37740973,0.07059795,0.5230671,0.01829902,0.09436068,-0.0029547208,-0.0075237886,0.18944708,0.08039248,0.29980782,0.1977143,0.007832455,0.018403899,0.03306225,0.004467286,0.19343722,0.20770445,0.037503317,0.15528007,0.13901937,0.13292368,-0.011014613,0.1231134,-0.0030631747,0.1711237,0.26876003,0.050135054,0.05937178,0.017636906,-0.0013618894,0.14260194,0.026935391,0.076465756,0.030677363,-0.0012774833,0.41601273,0.2165277,0.0005397089,-0.0030657381,0.04742586,0.13723667,0.102727026,-0.006337423,-0.003337816,0.027509421,-0.0014896792,-0.0015981927,-0.011468622,0.1486772,-0.003797911,-0.0036802161,0.45983794,-0.0014187936,0.053868048,-0.0022884668,0.080345854,-0.00682971,0.23453838,0.12353448,0.19543557,-0.0032005624
TCGA-S9-A7J3,0.10013315,0.35491678,0.00025803968,0.5476444,0.070114896,0.5162027,0.07460501,0.11404179,-0.0036165528,-0.00027705394,0.25152683,0.14388937,0.3643967,0.13108936,0.01948785,0.04028987,-0.0018210582,-0.0032631967,0.20185244,0.18747249,-0.0011924066,0.19599502,0.19011576,0.12543009,-0.007868399,0.085052475,-0.0060806344,0.15431188,0.43157852,0.039938286,0.036426883,0.079205714,0.022303104,0.22029155,-0.0016951092,0.026099477,0.06693131,-0.0010747783,0.41822633,0.17340401,0.02771255,-0.0021132727,-0.0017660046,0.07350925,0.08684643,-0.0033411998,-0.0068026143,0.11842698,-0.0026858095,0.042650983,-0.005777188,0.1755292,-0.0077617317,0.058097992,0.41741085,0.04504709,0.088398576,-0.004070312,0.060848124,-0.0079234,0.25965306,0.17662764,0.24805461,0.0038783848
TCGA-S9-A7QW,0.1325599,0.3343842,-0.0020667904,0.531356,0.11576325,0.5054353,0.08262457,0.088804424,-0.0025618307,0.0135222785,0.22074813,0.16196045,0.2946561,0.1672747,0.049366646,-0.00042200275,0.03294898,0.07130353,0.16615102,0.2587891,0.03582462,0.16642696,0.2602281,0.15608515,-0.012753625,0.09908813,-0.0027614576,0.15667713,0.3246868,-0.006351966,0.028501023,0.02104009,0.04816415,0.22059211,-0.0003841676,0.038281113,0.096121304,0.04718492,0.39419055,0.18561184,-0.0012149292,0.009636207,0.046497516,0.16981497,0.10197185,-0.008791018,-0.0048834686,0.09494148,-0.0045205164,-0.0036365085,-0.0076142447,0.13750228,-0.0042466368,-0.0034020033,0.37015378,-0.0037408434,0.14462322,-0.0020882827,0.067075014,-0.0038281945,0.23031966,0.17949727,0.25214887,0.01884602
TCGA-S9-A7QX,0.09986471,0.4241863,0.007733252,0.61459357,0.14703517,0.6350895,0.02000571,0.12609982,0.06232273,0.030103307,0.2795746,0.14225519,0.39699072,0.2110881,-0.0028610732,0.0007870048,0.086158864,0.039968383,0.27544084,0.22390918,0.008288141,0.23278613,0.22719847,0.14545931,-0.012352736,0.14886606,-0.0067811,0.19424044,0.43547326,0.06581469,0.06735733,0.021229096,0.052142948,0.2399011,0.0022400543,0.0150791,0.060088187,0.053861216,0.44952467,0.17336571,-0.00035133847,-0.0021526483,0.05721817,0.08148594,0.07157304,-0.0051696263,-0.009555615,0.083377495,-0.0061011356,-0.004802806,-0.0058444743,0.21669784,-0.006451802,0.02737867,0.38073006,0.07951205,0.12458198,0.026714448,0.14299336,-0.006215434,0.31287777,0.16916355,0.2826661,0.07146836
TCGA-S9-A7QY,0.07700989,0.3545143,0.010700595,0.53398776,0.078452244,0.59171045,0.10060241,0.114952475,-0.0034436577,-0.0017094233,0.2126056,0.1373243,0.32744658,0.1481393,0.025177125,-0.00031337104,-0.00096162764,0.06940484,0.2541458,0.26782125,0.024140008,0.16963792,0.20952909,0.13054998,-0.00915309,0.0787621,-0.00309268,0.20391104,0.28867325,0.05051051,0.05104502,0.051637813,0.016439542,0.20939124,0.026600637,0.036816154,0.051550526,0.038666926,0.47893444,0.17540735,-0.00021979623,0.020360935,0.07162187,0.12931162,0.057069488,-0.008560498,-0.005889821,0.038233984,-0.0030462523,0.0008722767,-0.013195406,0.17489284,-0.0030110653,0.017566908,0.36465606,0.08041974,0.0631868,-0.0014290012,0.10013446,-0.0054003815,0.2551749,0.18202491,0.24484935,0.04964383
TCGA-S9-A7QZ,0.051651675,0.41013977,0.073236,0.6254086,0.09937471,0.67187905,0.04392471,0.2153026,-0.0011634417,-5.6434424e-06,0.25920033,0.13396418,0.39116907,0.23218617,0.05230864,0.057056256,0.055723198,0.10148902,0.30040318,0.30173025,0.02053038,0.19838256,0.30883253,0.14526589,-0.005747355,0.12658422,-0.006214331,0.17641176,0.2540076,0.15093777,0.1330728,0.041208595,0.06681138,0.20331115,0.018462762,0.09420635,0.08224061,-0.002922705,0.51973814,0.21342874,0.055122916,0.065684095,0.12261822,0.092246,0.10905647,-0.006705688,-0.0043416643,0.03858481,-0.008231061,-0.00025490075,-0.008671037,0.19786435,-0.00057015306,0.06666036,0.4213669,0.13708824,0.027186768,0.019725885,0.09552728,-0.005316123,0.45128042,0.17653447,0.22953425,0.013256885
TCGA-S9-A7R1,0.11983137,0.3344436,-0.0015030581,0.50323224,0.072279304,0.49967122,0.04674796,0.13961008,-0.0027422868,-0.0027361803,0.2127684,0.14331928,0.3356393,0.19290231,-0.0014426698,0.0058759823,0.017213967,0.0015276857,0.22142635,0.2186012,-0.0010208897,0.17963278,0.19477719,0.09697215,-0.0054308968,0.09756164,-0.0025195356,0.17683296,0.36399108,0.019551078,0.08429535,0.020063661,0.035858564,0.15311198,0.0141830295,0.018295377,0.051329736,-0.0010507408,0.4208023,0.16633695,0.013905603,0.01872718,0.007363554,0.10347044,0.0853243,-0.005548929,-0.0061373515,0.093989,-0.0033260193,-0.0006666884,-0.008404981,0.14305115,-0.0047456343,0.034206133,0.39570922,0.011207394,0.046150707,-0.0002863962,0.07785912,-0.0063783745,0.2357798,0.14496765,0.25835797,0.023287885
TCGA-S9-A7R2,0.3305923,0.79112494,0.10905026,1.4039837,0.499825,1.3114202,0.15509307,0.39728975,0.16586712,0.48569754,0.25272107,0.63496536,0.5437667,0.21312769,0.09900743,0.07859873,0.23111698,0.4108624,0.71895033,0.44460106,-0.004148168,0.27569565,0.7272239,0.10133074,-0.012586868,0.21556978,-0.016156541,0.5089589,0.20214263,0.15212548,-0.0018028464,-0.017317044,0.31108302,0.22472972,-0.00016032458,-0.013089287,0.31644285,0.035800993,0.85395145,0.12908988,0.08580224,0.12730704,0.46405274,-0.0076838993,-1.705438e-06,-0.025250778,-0.018742075,-0.0012143803,-0.014170244,-0.007945376,-0.01586601,0.5243722,0.08339892,0.38714945,0.16379565,0.67451787,0.0534943,0.32723466,0.34381673,0.1439724,1.0528171,0.41199893,0.6538106,0.22738032
TCGA-S9-A7R3,0.057776023,0.48654556,0.028796438,0.6574715,0.1494261,0.778566,0.049136184,0.32571846,0.080152385,0.09852633,0.32712606,0.042556714,0.34728354,0.2664155,0.0060375435,0.023311798,0.12941259,0.116152644,0.34764823,0.3767816,0.082084216,0.2014468,0.19415563,0.1115138,-0.015602529,0.0798946,-0.013621822,0.25607556,0.104226895,0.19786245,0.124644116,-0.0055688815,0.0010804236,0.22003719,-0.005276751,0.052142683,0.119524986,-0.004443288,0.56526023,0.2575155,-0.0023326022,0.0063619204,0.26926517,0.06634983,0.06527716,-0.008018176,-0.010491294,0.11277877,-0.013505268,0.027477369,-0.008616849,0.24077311,-0.006249247,-0.008883804,0.36519787,0.17700803,0.054868534,-0.0014372964,0.18703422,-0.0067377067,0.45969272,0.25222594,0.28572744,0.12405534
TCGA-S9-A7R4,0.06871383,0.32162952,-5.9713053e-05,0.48712504,0.08404021,0.560837,0.014955491,0.19565296,0.016348295,-0.0005557638,0.2454018,0.10880375,0.37330955,0.17129517,-0.00079177815,0.024618186,0.07771954,0.035842087,0.21053597,0.23305984,0.031956986,0.20313373,0.117151946,0.111651056,-0.005662605,0.114257604,-0.0019611355,0.21858418,0.37935203,0.06471231,0.011459563,0.054365747,0.032378867,0.19923984,-0.00093094783,0.05913069,0.023389466,0.0010944828,0.4786785,0.14773795,0.031459082,0.014442645,0.12922202,0.06020086,0.11864323,-0.006684348,-0.0037474197,0.10391934,-0.0077045294,-0.004081191,-0.00852309,0.21566835,-0.0072442773,0.028958201,0.4077744,0.08373364,0.06165965,-0.0040794187,0.10859588,-0.008949656,0.26645404,0.15121734,0.27552232,0.051142804
TCGA-S9-A7R7,-0.012914349,0.6568816,0.09935975,1.0949026,0.24022141,0.8232275,-0.00084127934,0.25594783,0.26965496,0.53203213,0.4768293,0.3731745,0.41627002,0.10291134,-0.017492974,0.25277764,0.19619223,-0.0046396,0.43840772,0.098422274,-0.009974035,0.36085132,0.3047194,0.05775015,0.017579518,0.21378557,-0.014828021,0.36093184,0.3721885,0.4458639,0.103469655,0.16790003,0.034452662,0.21405706,-0.0011464268,-0.020404711,0.2191391,0.03182172,0.6612369,0.25909516,0.039995823,0.06378898,0.28676233,-0.0035421706,-0.0150584625,0.008099481,-0.01810473,0.09768093,-0.025128042,0.12449885,-0.009670736,0.48616144,0.002539251,0.33425933,0.27214634,0.69236344,0.21369787,-0.0067466022,0.31781408,-0.01080694,0.74831456,0.29465768,0.39889473,0.5080604
TCGA-S9-A7R8,0.1005245,0.38535845,-0.00031692535,0.5125538,0.115838505,0.56399304,0.012023944,0.19116546,-0.0018845507,0.028269958,0.2676112,0.081381686,0.41569692,0.21870092,0.03970974,0.004567772,0.06559259,0.06726572,0.2279085,0.26083207,0.04020013,0.21475144,0.20090602,0.13648935,-0.007414076,0.10546757,-0.006697375,0.2093938,0.2895413,0.037910864,0.09077892,0.025925286,-0.0006683819,0.21237925,-0.0026746937,0.05679698,0.07366116,-0.0035553367,0.49607113,0.1917783,0.046319548,-0.0025272283,0.047790058,0.08569165,0.101756066,-0.004621226,-0.00819439,0.05617175,-0.006168696,0.0023462288,-0.010151662,0.17895532,-0.007978133,-0.0009185257,0.43320528,0.06598448,0.079854496,0.007342603,0.10270595,-0.0027662155,0.30012769,0.16520427,0.2292741,0.0065868273
TCGA-S9-A89V,0.0014754124,0.45785886,0.093916535,1.0277625,0.027558837,0.9376406,0.031696178,0.37647533,0.037264414,0.4251065,0.45326304,0.2124508,0.38289613,0.29966927,0.07485856,0.15178993,0.17744102,0.20677522,0.5174944,0.33716002,-0.0027311358,0.23431085,0.46840584,0.14750774,-0.026107168,0.05210115,-0.013665656,0.17830329,-0.003014221,0.44163024,0.21844931,-0.000849016,0.09174751,0.14277774,0.091401204,0.082640916,0.17182928,-0.0041443347,0.6562596,0.29900774,0.02543616,0.09579992,0.4316278,-0.0057452167,0.060324665,-0.017060092,0.03498077,-0.0008188397,-0.0085541755,-0.010702531,-0.007677782,0.3323285,-0.019126574,0.10750131,0.2463947,0.5403594,0.021181034,0.07643941,0.30954087,0.014819115,0.7771444,0.46401873,0.22533554,0.121425405
TCGA-S9-A89Z,-0.0016239651,0.595199,0.06885107,0.92407775,0.13874441,0.7417656,-0.00048317612,0.24908288,0.17696995,0.5193911,0.41592366,0.29028413,0.4016747,0.16698648,-0.005961064,0.16046622,0.21448913,0.026389975,0.4936079,0.25182346,-0.0018280916,0.27909514,0.40637338,0.043773882,-0.00016033016,0.12957977,-0.0026772346,0.20846842,0.5390778,0.41377652,0.10791531,0.13679582,0.08167422,0.24860567,0.033357646,-0.00021628961,0.17075402,0.050837338,0.65982795,0.3009669,0.064484596,-0.00019070692,0.17977758,0.029057052,-0.0017431065,0.00018179044,-0.0037663986,0.19459926,-0.016738057,0.0871241,-0.0058586053,0.43809292,-0.0034673118,0.29252258,0.19014058,0.52205074,0.16998361,0.14443754,0.30404228,-0.00503513,0.60565096,0.07262052,0.28893656,0.24074046
TCGA-TM-A7C3,0.3007224,0.34494245,0.0339852,0.80884254,0.13241783,0.699262,0.11414605,0.06774024,-0.011892631,0.19866022,0.22325313,0.3073637,0.35249543,0.050460383,0.042408995,0.120346434,0.113001384,0.0671787,0.4444327,0.16451101,-0.014638247,0.33634156,0.16697773,0.093870714,-0.025716204,-0.0045019495,-0.009403137,0.25473815,0.28487346,0.2692322,0.19955996,-0.00071423576,0.04145652,0.15920109,0.044017524,-0.0062529813,0.03025451,-0.007191454,0.50064933,0.1405223,0.06269115,0.06508179,0.05892486,0.03756701,0.0076850094,-0.0059486288,-0.01438303,0.12114304,-0.0126594845,0.041659802,-0.007897143,0.3680183,-0.007884588,0.3273909,0.35385484,0.15832177,0.12591237,0.10945378,0.1782648,0.077621005,0.5913692,0.32367083,0.29067448,0.07338388
TCGA-TM-A7C4,0.1339757,0.33418548,0.06792162,0.90593886,0.011691077,0.8203726,0.19677222,0.11489996,-0.00053368177,0.17348744,0.30468994,0.16083553,0.3345346,0.081574924,-0.0039459015,0.17240494,0.03372861,0.043894622,0.32760462,0.24349603,-0.013067982,0.2800345,0.46712932,0.18447195,-0.0059786527,0.09182443,-0.008434092,0.038222767,0.41590363,0.27107194,0.03448462,0.12628245,0.19332775,0.17104283,0.04156381,-0.0054845745,0.15953046,0.033773683,0.48101375,0.15250224,0.09665477,0.16453247,0.32884955,0.12324025,0.101018846,-0.01507113,-0.0016321719,-0.0010527183,-0.0068909586,0.057911538,-0.005305636,0.24929288,-0.0017153781,0.08208637,0.32961544,0.33593398,0.092331246,-0.0010906219,0.16035458,-0.008773117,0.5164796,0.2967352,0.29742983,0.16875888
TCGA-TM-A7C5,0.085937634,0.4133541,0.02735554,0.631214,0.025019806,0.55766344,0.07234985,0.08655142,-0.0030347034,0.049815107,0.22045931,0.09185239,0.3677256,0.13919333,-0.00091429026,-0.00057494495,0.0010001445,0.04927681,0.29658568,0.18594447,0.012641806,0.27989063,0.33891755,0.1868212,-0.005059358,0.096268155,-0.0090580275,0.12431492,0.29475552,0.12050213,0.15783228,0.033428796,0.06145224,0.21372661,-0.001598581,-0.0015237354,0.07899986,-0.00012181029,0.51290756,0.16480839,0.022911225,-0.0037496132,0.005964393,0.07278559,0.04811649,-0.0038825588,-0.004374172,0.048061375,-0.0075186715,0.010999657,-0.009663931,0.23363215,-0.0033747032,0.12318827,0.41455933,0.10421478,0.107568875,0.07903203,0.13569954,-0.0066172616,0.39251846,0.14080565,0.17705807,-0.00066943804
TCGA-TM-A7CA,0.080287844,0.41838956,0.008807104,0.680648,0.052943636,0.63528013,0.097899996,0.16089281,0.010106556,0.13935964,0.29005042,0.07405782,0.35217613,0.16136906,-0.0021969774,0.009039283,0.02467161,0.048244994,0.1895208,0.23287423,-0.003727811,0.25716844,0.30051264,0.1780194,-0.0102477325,0.114177935,-0.011098148,0.081790365,0.36213502,0.06897468,0.041494984,0.034274235,0.09319182,0.22363985,0.013319064,-0.0007076189,0.124824986,0.009344824,0.429683,0.11039104,0.051686887,0.0028239917,0.17412186,0.09305416,0.079970986,-0.0060453727,-0.0076429546,0.07765031,-0.009171719,0.008397594,-0.007251701,0.15608168,-0.008623135,0.017103093,0.39567393,0.21483308,0.19306402,-0.0019214991,0.14289421,-0.007360863,0.3736663,0.2646414,0.2735154,0.09273668
TCGA-TM-A7CF,0.12286016,0.48808217,0.010712173,0.8139677,0.07598898,0.79185486,0.12100773,0.18305764,0.0057804883,0.14307185,0.25892028,0.14776646,0.3741851,0.11144942,0.010022867,0.040129244,0.020697273,0.06584084,0.3076124,0.24690396,-0.0023221776,0.27255088,0.40426606,0.1639567,-0.009113957,0.14784183,-0.008144914,0.14428674,0.39109945,0.09131891,0.055109542,-0.0013302825,0.16330382,0.25688964,0.023122266,-0.00879362,0.1522269,-0.003606644,0.56107026,0.11833649,0.08017044,0.05221424,0.24531281,0.03889519,0.09681825,-0.010155736,-0.012319368,0.05461276,-0.010061234,-0.00023214817,-0.0055826227,0.20527622,-0.009015986,0.047250442,0.34842208,0.2966711,0.13746348,0.018296804,0.17791474,-0.01137736,0.5011988,0.26547557,0.30484504,0.13300355
TCGA-TM-A84B,0.2926348,0.55024374,0.17719543,0.672909,0.30907115,0.816043,-0.00024279431,0.12659882,0.027192555,0.034875628,0.21842393,0.4704057,0.3968326,0.26925585,-0.00824329,0.09486189,0.20744058,0.12370545,0.25419378,0.14150909,0.103644475,0.2061905,0.3770693,0.17836006,-0.011431529,0.044677433,-0.010544759,0.08091549,0.2701741,0.26819354,0.03853138,0.1398643,0.24246019,0.23247424,0.15856297,-0.00738673,0.12064058,0.10416185,0.48061314,0.36167613,0.009629305,0.060569674,0.059831053,0.10942916,0.13305661,-0.017351035,-0.0029504185,0.2503303,-0.000771755,0.12303173,-0.0070950584,0.24236926,0.025163207,-0.005833806,0.4210596,0.1592237,-0.0037920827,-0.0033224889,0.23071277,-0.0054175677,0.52347845,0.09757545,0.26710922,-0.0015030422
TCGA-TM-A84C,0.3084019,0.7067444,0.2972926,1.6954266,0.1613453,1.3131723,0.08905453,0.49661458,0.12360621,0.7322942,0.5500388,0.038488846,0.46407032,0.06824635,0.046203893,0.8161121,0.3332488,0.16758524,0.9525816,0.24338645,-0.021914428,0.4629274,1.596592,0.20689276,-0.0012637556,0.0803922,-0.03592031,0.2679627,0.86066204,0.09949786,-0.02152019,-0.021511324,0.43166098,0.37018207,0.10418662,-0.035584725,0.22415337,-0.0028913599,0.7872837,-0.002642025,0.062284876,0.27980888,0.39211273,-0.017882664,-0.008658557,-0.05094689,-0.008967352,0.3337749,-0.017847186,0.023829341,-0.019272957,0.4746736,0.39966896,0.87577957,-0.016638234,0.62613183,0.063957,0.17490484,0.46815026,0.122337915,1.3678248,0.5753418,0.5260807,0.2448421
TCGA-TM-A84F,0.087176785,0.47408783,0.1188671,1.0594732,0.044395976,0.95060706,0.06826719,0.28176302,0.072553135,0.3742345,0.32000142,0.15267596,0.29924387,0.19384044,0.055990934,0.059451513,0.13579611,0.13121606,0.55277234,0.20124784,-0.0043696607,0.362234,0.52896315,0.11196922,-0.0028136824,0.121710435,-0.013277006,0.16920517,0.15325662,0.30432016,0.234131,-0.006027341,0.2276234,0.18091919,0.061397426,-0.014571309,0.14395064,-0.009179277,0.6197102,0.15136552,0.10188474,0.08680835,0.34187776,0.010986678,0.0023869723,-0.014696255,-0.01268107,0.13031799,-0.012420661,-0.0050076814,-0.0023968979,0.34894922,0.051271144,0.27079102,0.29562902,0.48230827,0.01634807,0.1571028,0.29083773,-0.010621613,0.7455434,0.32002145,0.32707155,0.20410095
TCGA-TM-A84G,0.09527616,0.35949725,-0.0041867597,0.48692626,0.08263634,0.51264286,0.08184642,0.06989363,-0.0043625575,0.0050665326,0.18498242,0.09822926,0.326894,0.16188675,0.029968657,0.014985852,-5.8275742e-05,0.033223312,0.2355146,0.2037524,0.025284216,0.19087867,0.20651056,0.14837967,-0.008074797,0.113579236,-0.0022234735,0.18114677,0.38317174,0.0058448706,0.061524864,0.08457129,0.028365187,0.21208727,0.014224179,0.027862463,0.05555751,-0.0020282518,0.42196777,0.16385987,0.016776651,0.004440792,0.004692735,0.117923304,0.09564064,-0.0041333707,-0.0067504398,0.08397055,-0.00395609,0.028844006,-0.010278167,0.16439569,-0.005465157,0.038573626,0.43175188,-0.0021246069,0.110494405,0.01068351,0.09409624,-0.007055949,0.2731725,0.12957932,0.19276407,-0.0016117822
TCGA-TM-A84H,0.11220035,0.3644853,-0.003981194,0.5187051,0.04027171,0.4202757,0.047239304,0.08520314,-0.0010230131,0.13734527,0.22563419,0.13103187,0.33845985,0.15392402,0.014360006,0.006563548,0.026679121,0.025184903,0.16035199,0.22688274,0.0071913972,0.22741148,0.10121821,0.12246737,-0.009438895,0.102268,-0.0022089537,0.20533168,0.31081092,0.059831798,0.021730736,0.12845643,0.011204578,0.1916195,-0.0060791695,-0.0030299553,0.05416284,0.012700692,0.37865826,0.1334362,0.013387028,-0.00024885908,0.0706993,0.14027554,0.08067474,-0.0042941086,-0.007987521,0.118618146,-0.0026131694,0.0013957918,-0.005706147,0.2214056,-0.012113829,-8.900387e-05,0.3552624,-0.0011676789,0.17853498,-0.0010114659,0.11764656,-0.004320258,0.20140897,0.18815319,0.27519453,0.09679785
TCGA-TM-A84I,0.20994833,0.6836144,0.24185672,0.8967801,0.22095507,0.8355853,0.047107436,0.26700425,0.17549205,0.3580994,0.2540884,0.3224447,0.5716903,0.27895334,0.043643806,0.12916347,0.23141074,0.08310941,0.46240962,0.30064446,0.0030058026,0.3364717,0.669417,0.33673608,-0.002431451,0.035796862,-0.008291219,0.08422834,0.5587524,0.34004518,0.08320609,0.23648772,0.22941756,0.39278984,-0.002448272,-0.015350747,0.09341998,0.1027857,0.69836485,0.2797678,0.085865796,0.061335195,0.08467283,0.20294842,0.1085216,-0.008084079,-0.003926572,0.29818252,-0.007724758,0.15861472,-0.0014226426,0.35936692,0.015890326,0.22772895,0.2686781,0.29626825,0.08010915,0.04090968,0.34038678,0.05961529,0.6586061,0.078914,0.28442594,-0.0055552083
TCGA-TM-A84J,0.24394953,0.34632397,0.024888713,0.56085426,0.10395112,0.55805415,0.0481214,0.1632746,0.0344045,-0.0024481402,0.26911688,0.20446113,0.3971157,0.15694669,0.016210034,0.21863443,0.08270954,0.018716738,0.36125624,0.24964222,-0.0070442455,0.2582737,0.36469692,0.2487863,-0.014994825,0.044959422,-0.0049197464,-0.0016676907,0.43780467,0.23383558,0.22241531,0.015169114,-0.0024989587,0.19015442,0.01677683,-0.0077872253,0.012766164,0.028358616,0.483506,0.3814741,0.0073419847,-0.004582726,-0.008476471,0.042508803,0.097914904,-0.01180943,-0.006509741,0.14292695,0.021233838,-0.006083313,0.023245458,0.23071,-0.00870831,0.35470268,0.42747524,-9.573028e-05,0.008442381,-0.00028326176,0.18890065,-0.011098284,0.33871377,0.14710146,0.19112149,-0.0014785527
TCGA-TM-A84L,0.050020214,0.52365416,0.07332185,0.921032,0.1016669,0.8506101,0.093926825,0.32251853,0.07320116,0.2788975,0.36230946,0.07292319,0.44042742,0.24103162,0.06029437,0.14561877,0.10521237,0.20512405,0.46243665,0.31788725,-0.0026204125,0.33402717,0.3939425,0.12811182,-0.009404741,0.10943363,-0.016328692,0.13155426,0.27577147,0.24895944,0.071066275,0.02253376,0.18902045,0.33757362,-0.004529282,-0.00010141433,0.1279659,0.0034823492,0.59082496,0.13396206,0.07530938,0.06752598,0.32678008,0.050902598,0.07682449,-0.0067661414,-0.0112489415,0.102929294,-0.010371453,0.015707023,-0.0054303356,0.27197486,-0.0022731223,0.0823178,0.32078847,0.41911155,0.08966498,0.019397195,0.22062495,-0.008793782,0.6075569,0.28125927,0.28194314,0.16323148
TCGA-TM-A84M,0.038073126,0.36245924,-0.000778858,0.50001866,0.026619624,0.5824848,0.015936952,0.1417315,-0.0030452912,0.057249576,0.24296132,0.04527117,0.34969974,0.22716025,0.03941594,0.055938877,0.09549143,0.05375016,0.25638327,0.22324805,-0.0011655514,0.15118189,0.21685746,0.14235389,-0.009615357,0.12137438,-0.005330466,0.16926017,0.26765662,0.14299941,0.14758827,0.017267045,-0.00057832786,0.13092354,-7.6933204e-05,0.053737827,0.031347074,-0.0030394176,0.46358797,0.22345313,0.039120045,-0.006411487,0.041691512,0.09262202,0.1127954,-0.0070223534,-0.0005630534,0.066590935,-0.0059966613,-0.003690601,-0.010528292,0.20588349,-0.010109623,-0.00059195294,0.43319824,0.04936079,0.06990752,0.03656057,0.1432423,-0.005321845,0.35019863,0.20003897,0.15781704,-0.0042853267
TCGA-TM-A84O,0.056381587,0.4703267,0.06990069,0.7183271,0.05265196,0.70505214,0.05393275,0.20985575,0.06933976,0.14766382,0.28950632,0.15192449,0.39203882,0.2460526,-0.0013582137,0.032474034,0.07824627,0.07169783,0.3164963,0.23109657,-0.0032286353,0.2558556,0.19162191,0.1748579,-0.0099687185,0.104756124,-0.012762377,0.19278659,0.2316573,0.24357146,0.106985316,0.017153047,0.07484023,0.17948925,0.020176113,-0.00044406578,0.06428617,-0.0014544893,0.48730484,0.20404819,0.033573765,0.024436885,0.082797505,0.018869735,0.068766996,-0.008732542,-0.010589942,0.09291129,-0.0092696445,0.043546654,-0.0028465034,0.27570567,-0.008900401,0.07156389,0.3739585,0.14858037,0.072053805,0.028918821,0.16354385,-0.0045897164,0.47476894,0.24497132,0.22170301,0.07654549
TCGA-TM-A84Q,0.022251178,0.4061364,-0.0050962158,0.61534107,0.08252661,0.4868158,0.023856916,0.15279037,0.010685809,0.22345512,0.2812758,0.11867578,0.34263027,0.19317684,-0.0033435642,0.02859483,0.06910882,0.042029645,0.23611018,0.16191263,-0.0012149777,0.23115975,0.18008766,0.06440983,-0.0049817385,0.14231716,-0.006106573,0.22130856,0.38280535,0.09142948,0.08977616,0.069825955,0.042338282,0.23313853,-0.0013021879,-0.0016218529,0.0792808,0.025536492,0.41942468,0.12720948,0.048854593,-0.0016946476,0.05817119,0.09296081,0.06701978,-0.0027566624,-0.0141393095,0.12758873,-0.0070977733,-0.0007304631,-0.0066106482,0.23140433,-0.010300874,0.07226726,0.37864813,0.14735386,0.18572335,-0.00022615604,0.1246073,-0.0073201517,0.33434483,0.17126743,0.27985817,0.09511711
TCGA-TM-A84R,0.1333769,0.35737857,0.094558984,0.9697558,0.02983253,0.77573466,0.2371434,0.19810927,0.058880314,0.19922307,0.35447547,0.08555953,0.3421948,0.053710103,0.021057364,0.107775025,0.06403347,0.05389786,0.47148573,0.25324896,-0.006382079,0.2174522,0.37082237,0.14170846,-0.007673844,0.06201389,-0.0039504534,0.13172345,0.35548434,0.20528781,0.05495618,0.01636751,0.2610399,0.2067005,0.06838631,-0.009344732,0.13769901,0.028584585,0.57440937,0.07598757,0.0053704567,0.08043497,0.2508505,0.0055644736,0.035653897,-0.013349074,-0.008332401,-0.0008162912,-0.0072117597,-0.0036273734,-0.0077925744,0.21137461,0.030671898,0.28241038,0.16322371,0.39608246,-0.0020316455,0.036518093,0.22874403,-0.015932744,0.6153756,0.31649476,0.37865794,0.24059366
TCGA-TM-A84S,0.10866362,0.40813914,-0.0027528715,0.6128583,0.1037142,0.6089722,0.084942736,0.10482506,0.012050852,0.0781419,0.21219161,0.17989513,0.3382089,0.13384224,-0.0037649055,0.03509579,0.04063031,0.060191486,0.26756918,0.17577906,0.029177085,0.22579059,0.2293257,0.12919031,-0.008717566,0.13136367,-0.004422101,0.17939858,0.32611817,0.056577407,0.018889155,0.06934491,0.05740471,0.1718315,0.027473468,-0.0024525733,0.078615166,0.027962737,0.49609864,0.17873354,0.02329335,0.016928729,0.071217455,0.120488934,0.04390952,-0.008911113,-0.006372779,0.050454322,-0.008063996,0.058381565,-0.0107082715,0.22538862,-0.0059457445,0.07931934,0.38222495,0.091323145,0.09539998,0.0068819337,0.17302269,-0.007638803,0.33297703,0.19385539,0.17137828,0.11385104
TCGA-TM-A84T,0.13359746,0.5171466,0.048649613,0.7317668,0.0951843,0.697448,0.00685253,0.24164723,0.00074003637,0.04709796,0.29144815,0.13492185,0.45450717,0.19138297,0.0077045104,0.017255686,0.0549952,0.11686419,0.31580228,0.27640814,0.042436652,0.315776,0.3347125,0.2190885,-0.008378223,0.088530764,-0.013103391,0.15267876,0.45239434,0.013038689,0.02376439,0.026065946,0.10571784,0.3262623,-0.0011358612,-2.8759241e-05,0.08859061,0.031497173,0.5441703,0.14892715,0.05478536,-0.0037124257,0.08812595,0.05689285,0.10560318,-0.0043294705,-0.009795173,-0.0016735625,-0.0061994325,-0.005111293,-0.0037641649,0.22471198,-0.0073274793,0.09161433,0.4241761,0.18039465,0.15161072,0.0026090704,0.13323274,-0.0068495,0.3944425,0.2014687,0.24345082,0.05823513
TCGA-TQ-A7RF,0.039172534,0.38702524,-0.0035853516,0.53866875,0.091836244,0.44211456,0.104637586,0.15338367,-0.00018616692,0.1941152,0.26427892,0.10936174,0.4044218,0.13624993,-0.0074055046,-0.002069685,0.011902827,0.033943243,0.22546527,0.17331687,0.00587216,0.2130761,0.037762877,0.10989314,-0.009586789,0.04422574,-0.006031012,0.28983122,0.35644302,0.025156515,0.07029231,0.1324101,-0.0076160925,0.24464387,-0.012034623,0.02120217,0.07611822,0.092772685,0.48810378,0.112729445,-0.0017501615,-0.002397778,0.014478756,0.15418173,0.0015580654,-0.0024577824,-0.014183137,0.10019547,-0.00846795,0.039240472,-0.008603885,0.20519073,-0.0124390125,0.031714812,0.27493927,-0.0019819723,0.21064271,-0.0034402073,0.15419932,-0.003498554,0.23294987,0.21474028,0.34373784,0.15229064
TCGA-TQ-A7RG,0.055135872,0.32798016,-0.0059246696,0.45073283,0.07104411,0.51853526,0.0569351,0.06781094,-0.0033838972,-0.00058006047,0.206229,0.101496644,0.32666087,0.17012283,-0.0037127868,0.011004917,0.028267689,0.005601749,0.19927998,0.17204376,-0.0009658575,0.1798999,0.10867731,0.14850302,-0.0081078755,0.10728459,-0.0017034356,0.19916756,0.31245476,0.03622158,0.036292393,0.077371076,0.01583916,0.17133066,-0.0019980296,0.029669479,0.041300192,0.043722764,0.42283738,0.19058645,-7.363632e-05,-0.003123815,0.059584,0.14832272,0.08746302,-0.003917005,-0.00495222,0.037259545,-0.0018388961,0.020949043,-0.010296951,0.1637446,-0.0074445056,-9.686936e-05,0.45683977,-0.000485006,0.092224486,-0.003456986,0.0885244,-0.006165641,0.21526743,0.15015319,0.22323875,0.030312046
TCGA-TQ-A7RH,0.10078099,0.54668,0.02561422,0.7519304,0.17069107,0.69173276,0.08492761,0.22058013,0.086887516,0.19006696,0.3229221,0.16355479,0.41451138,0.23864678,0.016585726,0.10900699,0.065552734,0.12164649,0.32214308,0.33146352,0.041817836,0.27432615,0.37057668,0.17644487,-0.008993675,0.13109523,-0.011624006,0.1719576,0.41013664,0.13346727,0.034456838,0.05615636,0.08441587,0.27863017,-0.0041738967,0.010731872,0.16449782,0.07865343,0.5285175,0.22059184,0.044296663,0.015708588,0.12452134,0.102645844,0.06869664,-0.007901254,-0.0076523586,0.10845871,-0.0068379226,0.02435162,-0.007687872,0.2552488,-0.002960988,0.052224703,0.36836645,0.22630596,0.113584824,-0.0010099035,0.14733762,-0.0045300177,0.43659437,0.18149602,0.3127515,0.1106586
TCGA-TQ-A7RI,0.049743745,0.31205043,-0.0053295256,0.45329028,0.06384306,0.4696812,0.04286191,0.06965218,-0.0037240514,0.014330365,0.19407615,0.07041362,0.2831052,0.19551757,-0.0024631508,0.013552196,0.04273606,0.020228062,0.17739639,0.16237037,0.020411655,0.1757707,0.1289542,0.1459437,-0.012612767,0.111614406,-0.0029228253,0.17313792,0.21296513,0.0661605,0.059855264,0.050530024,0.0139606,0.15672936,-0.001391203,0.021458142,0.03436464,0.00020366162,0.37313065,0.20001936,-0.00021489225,-0.00011710972,0.05408694,0.1430884,0.09764913,-0.004721783,-0.0057522072,0.04376066,-0.0044118976,-0.00052096363,-0.009773657,0.17071342,-0.007147444,-0.0024069422,0.43873757,-0.0011634864,0.09507947,0.005610775,0.10370737,-0.0063308585,0.22856964,0.16102454,0.21132146,0.012089878
TCGA-TQ-A7RJ,0.08631508,0.3849967,0.009518947,0.6574418,0.09412223,0.61265004,0.08492785,0.17623997,0.02654501,0.13255501,0.2903766,0.09824543,0.31723243,0.13971545,-0.0037301548,0.008583702,0.102075525,0.07182038,0.25468048,0.2622103,-0.0019637372,0.26036605,0.19900908,0.14565063,-0.010478653,0.0809429,-0.010035525,0.15289246,0.2783931,0.054441802,0.064376935,0.03106296,0.051653758,0.21041149,-0.006330944,-0.004569636,0.09609357,-0.00048511996,0.47511196,0.16338763,-0.00012556836,-0.0008802485,0.16056108,0.10001149,0.031332243,-0.003932564,-0.0057820845,0.117310494,-0.011776137,0.06285455,-0.005656341,0.2033061,-0.009690455,0.01199602,0.38267586,0.14537713,0.14720562,-0.0015094612,0.12564653,-0.008280127,0.30131546,0.23015976,0.25909078,0.12292041
TCGA-TQ-A7RK,0.09080301,0.4854418,0.02068584,0.7235168,0.09989877,0.783986,0.019045047,0.25231987,0.08629907,0.12164368,0.31990498,0.096401066,0.42150748,0.22013763,-0.00252101,0.02171605,0.123598285,0.07210599,0.33858725,0.29461768,0.010181539,0.25922412,0.28794056,0.17492862,-0.009531756,0.1294676,-0.008942864,0.1845629,0.2904569,0.24010687,0.115560174,-0.0005761489,0.10689972,0.22641289,-0.00016878471,-0.00451361,0.07888056,0.051175185,0.555645,0.18874967,0.06155378,-0.0023358215,0.188215,0.03237834,0.07463986,-0.008739948,-0.0076968246,0.0590725,-0.011110243,-0.00021097064,-0.008721425,0.32699108,-0.008477419,0.052392025,0.37940934,0.22938016,0.10003703,0.047515426,0.20877773,-0.008840075,0.44879112,0.19966212,0.23886392,0.06266986
TCGA-TQ-A7RM,0.07503082,0.42806232,0.051207293,0.7343013,0.090719625,0.65729,0.033226065,0.16797541,-0.0033407703,0.111434534,0.18420455,0.28164437,0.4940803,0.16343415,-0.0005715755,0.0551517,0.041782968,0.039902393,0.29682258,0.3258805,0.034773536,0.21893738,0.38885564,0.22093171,-0.0031672993,0.10737635,-0.0032671827,-0.0009722587,0.41970903,0.2084359,0.080735326,0.096738935,0.07453394,0.28462362,-0.0054899924,0.02316469,0.12590292,0.14291772,0.45178244,0.17401251,-2.379939e-05,-0.0052186023,0.046808973,0.13624835,0.022162795,-0.002386212,-0.0023668546,0.2774073,-0.0018472512,0.03786537,-0.009751627,0.24161884,-0.0040695793,0.096612476,0.25702053,0.08087594,0.06234344,-0.003706693,0.21259218,-0.008212914,0.2526288,0.22814226,0.28804934,0.008727528
TCGA-TQ-A7RN,0.068117276,0.29217687,-0.0042430568,0.42361048,0.09097973,0.46914732,0.045272216,0.073533356,-0.0054546893,-0.0025837307,0.21303865,0.14268437,0.30311853,0.1497541,-0.003444488,0.0028974041,0.03511054,-0.0014165405,0.1837072,0.17183347,0.015628785,0.19064093,0.09950885,0.12980157,-0.0070319236,0.108440444,-0.0019260775,0.1573201,0.3437601,-0.0006771548,0.025224578,0.0799077,0.015082598,0.16761005,-0.0019160651,0.009382516,0.025985956,0.01958596,0.40030423,0.13437699,0.007790759,-0.0030885094,0.010539668,0.1513327,0.104097575,-0.003222504,-0.004174491,0.082487434,0.010982601,0.015598483,-0.00850256,0.1545951,-0.008913468,-0.001286127,0.42942467,-0.004158603,0.08815248,-0.002880588,0.047093127,-0.005959092,0.17653412,0.1300114,0.24647644,0.016248733
TCGA-TQ-A7RO,0.07394822,0.30542603,-0.004577396,0.43079114,0.05803235,0.5071083,0.06553075,0.058547143,-0.0033822008,-0.005226431,0.18064699,0.1324816,0.32776016,0.15635312,-0.0069282823,0.035286292,0.0148169985,-0.000890328,0.19232613,0.1894791,-0.00028339028,0.17971976,0.14294823,0.14362182,-0.009134871,0.09873056,-0.002292941,0.18701106,0.35149968,0.07725161,0.043056984,0.08782842,-0.0009426665,0.17488952,0.03549576,0.040566072,0.029180555,0.01991845,0.39841074,0.17608762,-3.7302078e-05,-0.0019821934,0.024332082,0.13875623,0.08596535,-0.003932786,-0.0036812567,0.057172243,0.017706925,0.021333128,-0.010560937,0.17354509,-0.0044048047,0.04983902,0.44180292,-0.0017561245,0.07351612,-0.0055813356,0.07507613,-0.006549541,0.21662813,0.12882264,0.20485234,-0.0010138802
TCGA-TQ-A7RP,0.09070942,0.6427314,0.29853475,1.1427897,0.35548055,1.1621637,0.11816006,0.27631235,0.20014617,0.24675001,0.42101634,0.4089316,0.36224377,0.19892639,-0.000525066,0.14489293,0.17923482,0.247711,0.7047685,0.37745234,0.031400077,0.17903005,0.4266373,0.03231702,-0.005858775,0.11485987,-0.010087194,0.439786,-0.006931039,0.37334463,0.15338247,0.1583413,0.167795,0.23488945,0.07106045,-0.016591659,0.26807582,-0.00471048,0.79463243,0.26869795,0.082115084,0.17950983,0.3756351,-0.0050475406,-0.007333129,-0.0039016919,-0.010688016,0.12404688,-0.0067583728,0.13118485,-0.0004420329,0.47694603,0.031076323,0.18744525,0.26328585,0.6514705,-0.0038585283,-0.0013815378,0.22379953,-0.011806748,0.81203,0.37259105,0.53738034,0.2746364
TCGA-TQ-A7RQ,0.09417847,0.29657426,-0.0064222324,0.40430436,0.06556035,0.43388188,0.06625331,0.024965517,-0.006147438,-0.0031825074,0.19179943,0.106510654,0.28536177,0.12961778,-0.0014109848,0.016884789,0.006850981,-0.002913563,0.15995242,0.15794721,0.0061272606,0.16050899,0.14830731,0.116299555,-0.0109376265,0.08530018,-0.0003329415,0.16964751,0.34590545,-0.0022285578,0.054510478,0.07465662,-0.00019559228,0.14370859,0.005413413,0.0418121,0.04442518,0.012179591,0.3668307,0.16524681,-0.0006947894,-0.0025934053,-0.0010607457,0.15731308,0.097278565,-0.006260467,-0.0045387982,0.060222734,-0.0012405891,0.01726143,-0.00883884,0.14004318,-0.009333113,-0.00064573105,0.4168999,-0.007965174,0.10741885,-0.0022228349,0.06737909,-0.006182083,0.17500916,0.14537415,0.21111204,0.0078122504
TCGA-TQ-A7RR,0.04186712,0.480056,0.10950586,0.7488084,0.1320788,0.80182165,0.07033133,0.29754078,0.13724503,0.09525739,0.32094377,0.08656941,0.3649969,0.34891018,0.06295137,0.021118145,0.108547755,0.08071008,0.38636953,0.32510322,0.062712714,0.19501673,0.329223,0.13112314,-0.014518124,0.10070264,-0.015920807,0.24266128,0.013511635,0.29761562,0.13169986,-0.0059225904,0.0140827,0.16934268,0.02017942,0.051133264,0.12024429,-0.0034836293,0.5505846,0.29376364,0.0753129,0.11524737,0.28380057,0.022306837,0.10674419,-0.0105982125,-0.0050025205,0.029334705,-0.008345376,-0.0019502677,-0.0048380196,0.26757947,0.0036915876,-0.0017683873,0.40885434,0.25332332,0.012538785,0.02209453,0.11524056,-0.0068689073,0.5876887,0.26203737,0.3486193,0.073361814
TCGA-TQ-A7RU,0.09864898,0.3363924,-0.0034971975,0.4823283,0.07955943,0.523812,0.044560455,0.038615018,-0.0022006182,-0.0043295524,0.16291732,0.21239305,0.35488284,0.16995129,-0.0011167628,0.027908064,-0.0009543104,-0.0008793021,0.16789418,0.17942992,0.021609657,0.18814524,0.22399862,0.13177715,-0.008581407,0.13727856,-0.0059343926,0.17629492,0.41172802,0.08340159,0.015107237,0.11827441,-0.0032586232,0.21667376,0.0079817325,0.052876793,0.03667054,0.0034537613,0.45252344,0.2452327,-0.0019872894,0.04710435,-0.0032389828,0.16319877,0.09515449,-0.004406952,-0.0029216562,0.059809368,-0.006982723,0.035252973,-0.008826802,0.22211894,-0.0006602068,0.021744808,0.48081955,-0.008184335,0.10772222,-0.004556858,0.09837784,-0.0050561503,0.24294211,0.12645485,0.1643707,-0.0040342594
TCGA-TQ-A7RV,0.14470568,0.550454,0.01641491,0.9126237,0.16648632,0.8827776,0.080719374,0.25885332,0.08050553,0.25435168,0.30538037,0.11207257,0.4053579,0.20459417,-0.0033801433,0.10308062,0.054837503,0.104732096,0.43926412,0.2740125,-0.0055024293,0.2969392,0.39809418,0.14418939,-0.010386074,0.16849546,-0.014693293,0.2040846,0.4949005,0.15798287,0.024543371,-0.0022504248,0.17447406,0.3045333,-6.370097e-05,-0.007402908,0.12957427,0.0657467,0.56588656,0.15311629,0.042402763,0.047008015,0.20966592,0.063947976,0.0067861974,-0.013068318,-0.014109413,0.14313655,-0.0072567584,0.028623834,-0.011117029,0.26474154,-0.0019356922,0.1263557,0.2868292,0.31555957,0.13080284,0.023908932,0.21881407,-0.00734133,0.52263,0.2671868,0.38873708,0.19584833
TCGA-TQ-A7RW,0.06620054,0.39551002,-0.000911529,0.6529491,0.09127572,0.5631808,0.058155,0.1717787,0.038554534,0.13888867,0.27367133,0.17489305,0.37392908,0.21559557,-0.005841514,-0.0011988536,0.14789177,0.0197929,0.20684198,0.2620891,-0.00058306864,0.23820792,0.2127979,0.11003776,-0.004409418,0.10798832,-0.0061173467,0.1492871,0.28973833,0.16295052,0.10022451,0.04157935,0.06686765,0.1672906,-0.0042065615,-0.004438985,0.07545239,0.010381557,0.48012307,0.17956716,0.04847433,-0.0036259007,0.10085232,0.09202087,0.087220654,-0.0024557374,-0.0076310076,0.12881409,-0.0067593916,0.06632338,-0.008917158,0.21964511,-0.0113867475,0.032682117,0.38625294,0.17422467,0.09266316,-0.00023088716,0.1456334,-0.006209952,0.3361836,0.21455437,0.2449007,0.082551226
TCGA-TQ-A8XE,0.085580826,0.5498453,0.09905115,0.8415514,0.101116076,0.7960202,0.019923303,0.21515368,0.04099761,0.13618365,0.28019345,0.20295988,0.44212127,0.18629318,0.030671954,0.047795244,0.060898364,0.112044156,0.38309497,0.24617906,0.0063054636,0.3333315,0.43860525,0.16877177,-0.0067554894,0.15758872,-0.016337594,0.19267684,0.36502093,0.19921976,0.14950563,0.054467946,0.10508713,0.29917708,0.05920913,-0.00015724749,0.07289955,0.0014180988,0.6218236,0.19966245,0.083866626,0.023720358,0.06283236,0.05223754,0.053206094,-0.0048920508,-0.009447674,0.028322536,-0.011777389,0.020301804,-0.0043053473,0.32877034,-0.00031565988,0.097221516,0.41910863,0.20141065,0.11544182,0.012148622,0.21765217,-0.004417386,0.53597695,0.23668599,0.1303719,0.046951443
TCGA-VM-A8C8,0.16096625,0.44671077,0.023676593,0.72736675,0.06393647,0.66858375,0.057476506,0.30086052,-0.0011833556,0.19852744,0.26744255,0.09120612,0.40437865,0.2400738,-0.000503371,0.107046686,0.07427524,0.15275389,0.3308926,0.26983503,-0.0013881893,0.28222322,0.25467688,0.1944213,-0.010643229,0.10496287,-0.009741838,0.18947186,0.38884822,0.115719765,0.0040386803,0.027211241,0.068718195,0.27199602,-0.0048561194,-0.007781189,0.10190832,0.0358392,0.5160356,0.09693841,0.07912862,0.00039268844,0.18329836,0.05614095,0.06769891,-0.0054433667,-0.009722772,0.121902436,-0.00812488,-0.006563753,-0.0072631524,0.24365512,-0.009122615,0.0008952322,0.35609713,0.27542585,0.08657636,0.0066373684,0.19985002,-0.0063946964,0.4363025,0.21234336,0.24414167,0.09138386
TCGA-VM-A8C9,-0.0062323054,0.5435628,0.24093306,1.3459936,0.18215325,1.1723261,0.15558898,0.26114523,-0.00090544746,0.4458242,0.3727941,0.3507612,0.3323236,0.09864241,0.0063126413,0.18633494,0.24630874,0.3541893,0.5987453,0.26753318,-0.006713626,0.3390975,0.6411203,0.12251334,0.03403975,0.13479002,-0.0181592,0.3422702,-0.008733217,0.4629628,0.24820371,0.031386457,0.25881445,0.17943916,0.008329578,-0.02132695,0.3272823,0.04854522,0.7469954,0.29412717,0.040429298,0.1110764,0.5233321,-0.0034355351,-0.01323688,-0.019428799,-0.010284063,0.16341826,-0.021765692,0.13451391,-0.016313368,0.37512836,-0.005062977,0.45458078,0.23554254,0.84654015,-0.0014774582,0.0557157,0.32375786,0.018332355,0.94410354,0.50867105,0.23028345,0.4896078
TCGA-VM-A8CA,0.12381664,0.45011342,0.10140473,0.83849114,0.08657364,0.69180965,0.11395257,0.22255577,0.0026744902,0.19582328,0.30258623,0.028378207,0.35329616,0.18332162,0.0388872,0.087460674,0.06382021,0.09142217,0.44827753,0.22758996,-0.0002620265,0.27591345,0.33923435,0.11692199,-0.012234121,0.06063155,-0.01348563,0.23106459,0.1138758,0.21496007,0.22611408,-0.00083559233,0.08960152,0.2541058,-0.0029950687,-0.005750919,0.12046421,-0.0018349458,0.57353914,0.22308049,0.031001452,-0.0018382584,0.15980521,0.0061130747,0.0068113394,-0.007981242,-0.0051434874,0.06186567,-0.0076696277,-0.00032727086,-0.009334919,0.29193437,-0.002347488,0.13850555,0.36803657,0.2592857,0.02602799,0.08720714,0.18723613,-0.007039457,0.6025586,0.22967032,0.22783609,0.103623495
TCGA-VM-A8CD,0.28337213,0.5144766,0.096666545,1.0479236,0.3577849,0.94397473,0.106135644,0.23347433,0.069121175,0.22057846,0.2630284,0.35428837,0.41586626,0.0032153167,-0.011403455,0.044206746,0.17434603,0.058805827,0.5219433,0.14776966,-0.0027847693,0.25485355,0.38163233,0.14769615,-0.009463782,0.17792168,-0.0008394901,0.20581247,0.113586165,0.21745558,0.14058137,0.10894179,0.2058652,0.07883184,0.036807135,-0.019160692,0.19113246,-0.007972652,0.58153266,0.09475962,0.01359671,0.058423415,0.4823823,-0.009201097,-0.0024355166,-0.015746256,-0.017764905,0.114191145,-0.019986914,0.021026708,-0.018139461,0.35537145,-0.0030439142,0.13864353,0.2291759,0.6041397,-0.0015181036,0.1570324,0.33361378,-0.013634372,0.6953584,0.37809846,0.3905616,0.43796873
TCGA-VM-A8CE,0.07552458,0.41303495,-0.0010032639,0.6271508,0.05022183,0.61281306,0.056370787,0.13659225,-0.0013130676,0.06336427,0.21595052,0.14915454,0.35196996,0.21098776,-0.002886391,0.010469664,0.02441192,0.064452365,0.29906237,0.18827578,0.008239761,0.23735622,0.25028098,0.16571018,-0.009735397,0.13168368,-0.010145912,0.17494647,0.28452417,0.116513245,0.020507202,0.019999757,0.054425254,0.21364868,0.013997864,0.00869434,0.05085499,0.04116895,0.5084745,0.15395954,0.030088324,0.014584832,0.09533667,0.116656594,0.10203101,-0.0053004115,-0.004909707,0.03200491,-0.006491919,0.0126010105,-0.0077834227,0.20987508,-0.010138214,0.013454439,0.417434,0.13521704,0.09751641,0.040164072,0.14576632,-0.0074755857,0.36466336,0.1506562,0.16958402,0.051981382
TCGA-VM-A8CF,0.16983016,0.8197992,-0.004386962,1.1514151,0.29562467,1.0331295,0.15242043,0.540936,0.14993596,0.55771506,0.4347806,0.19892833,0.56539357,0.1928443,0.0014253585,0.103685625,0.21515195,0.25743493,0.51689285,0.4106729,-0.008571855,0.43172318,0.47618258,0.02172382,-0.009244673,0.1351556,-0.0042854203,0.33888084,0.29422238,0.17448872,0.29311195,-0.0013504863,0.15732893,0.2772603,-0.015409276,-0.015713215,0.23412746,0.12658423,0.884739,0.20908472,0.10638222,0.03333144,0.38839895,-0.011180022,0.027578145,-0.0021657783,-0.025124481,0.2104788,-0.01809775,0.04318147,-0.010352187,0.39818504,-0.00981861,0.022123436,0.19295597,0.6358366,0.108171344,0.039793555,0.37494853,-0.007994786,0.7769524,0.36345246,0.30128202,0.26070362
TCGA-VM-A8CH,0.13062094,0.41651502,0.005287979,0.63200575,0.07608394,0.6924851,0.02924075,0.15263364,0.022016607,0.03963222,0.2321423,0.17155445,0.38492775,0.18043062,-0.003878977,-0.004506732,0.05518303,0.05531161,0.2482082,0.25579223,-0.0030392886,0.27290484,0.243959,0.13264702,-0.008852512,0.12595916,-0.0049376334,0.1684677,0.44212088,0.03802999,0.059797276,-0.00048544706,0.081208795,0.22359386,-0.00028609709,-0.0026740693,0.084218256,0.026527293,0.521106,0.12694614,0.01857457,0.039565235,0.09554805,0.09601829,0.07225312,-0.008635412,-0.009336551,0.084753186,-0.0071694585,-0.0059211217,-0.0077145593,0.23082349,-0.008322211,0.006656084,0.3439886,0.12625518,0.124820106,-2.0668283e-05,0.13831675,-0.0026086885,0.36350775,0.18204832,0.26109374,0.07284984
TCGA-VV-A829,-2.9845536e-05,0.36068094,0.05007421,0.5613972,0.003271792,0.50136626,0.012204874,0.16679345,-0.008466278,0.15678617,0.27151096,0.17001036,0.43633235,0.18430883,0.10354696,0.02814319,0.0849809,0.098572284,0.26728418,0.24554445,-0.0034819439,0.19687362,0.23983623,0.13214934,-0.0028923005,0.103930995,-0.00988455,0.18788928,0.20272225,0.2452675,0.19683026,0.09371397,0.013433263,0.15302362,-0.00048858003,-0.0017212786,-1.9124896e-05,-0.005563976,0.43667218,0.22188282,0.061002117,-0.005254099,-0.00072698016,0.013388671,0.07716874,-0.0040895375,-0.0056101372,0.13606715,-0.006733985,0.0003430061,-0.0075701284,0.26651773,-0.005900902,0.15720782,0.3829118,0.06335979,0.044252843,0.084436506,0.11814465,0.03355407,0.3725601,0.24718434,0.12414797,-0.0047416757
TCGA-VV-A86M,0.088734224,0.45312905,0.007803615,0.6124925,0.12295559,0.5387564,0.027961709,0.22067699,0.032915577,0.19658108,0.30016017,0.080228254,0.4205469,0.20354295,0.04767874,-0.00059944764,0.104434,0.0631091,0.28746566,0.23851812,0.00014760345,0.2475851,0.21072526,0.07873416,-0.013234052,0.100156754,-0.010782479,0.27536,0.2708493,0.13448295,0.17869587,0.021209829,0.04392287,0.23308885,-0.004575912,0.04238027,0.03160742,-0.002648402,0.5147399,0.21577656,0.058502074,-0.003620648,0.06097103,0.07143225,0.051827483,-0.004735071,-0.010171109,0.03981086,-0.0077320086,0.031627186,-0.0073856968,0.28590408,-0.0080656735,0.03992654,0.38472143,0.07901996,0.12468542,0.06199533,0.14102475,-0.0028527172,0.40576386,0.17094886,0.21844244,0.030087627
TCGA-VW-A7QS,0.09930387,0.20849285,-0.0051714536,0.51053274,0.12014358,0.3691895,0.07243407,0.013589276,-0.005983516,0.06330253,0.257741,0.10227801,0.30906385,0.14656395,0.03726221,0.015582554,0.0734156,-0.0010619861,0.14836183,0.16938996,-0.0065647447,0.16248469,0.20142193,0.04472507,-0.0062938854,0.09388587,-0.0005122993,0.16668871,0.45430514,0.06767835,0.15130082,0.12692466,-0.0049421936,0.17200054,-0.008380173,-0.0025793246,-0.0010860804,-0.0008494627,0.43856218,0.12793261,0.06326313,-0.0055674533,-0.0012667688,0.034528874,0.10765127,-0.008317511,-0.0019540272,0.076610446,-0.0037096273,-0.00051555934,-0.013817607,0.21297827,-0.005053748,0.17463762,0.3855315,-0.0016742811,0.011103956,-0.0010487366,0.063205615,-0.003649933,0.1413099,0.20827538,0.22886866,0.07896529
TCGA-VW-A8FI,0.36958277,0.5529401,0.1319136,1.0443705,0.34822592,0.8744577,0.1638911,0.27987254,-0.0012191356,0.37746936,0.34365803,0.29099372,0.48260808,0.23783815,0.06819923,0.16650626,0.17350365,0.11787738,0.5142743,0.28352338,-0.006291495,0.32678252,0.6508267,0.17760105,-0.01684509,0.04295336,-0.011391285,0.25982544,0.25306588,0.31534493,0.19282503,0.092754856,0.26359043,0.35295254,0.05520881,-0.02065064,0.14438224,0.061587892,0.67455554,0.32749578,0.0659364,-0.00091528,0.1620529,0.009192195,0.061770506,-0.022174312,-0.011240733,0.21134563,-0.004346262,0.16207123,-0.013373236,0.35563374,0.02794015,0.42816007,0.24552706,0.35530454,0.0017266814,0.102083415,0.3558947,0.07207177,0.83815116,0.2018478,0.2928946,0.16725972
TCGA-W9-A837,0.09422018,0.32338727,-0.005767598,0.5116624,0.05207833,0.5371315,0.088403575,0.06031499,0.006436616,0.027542297,0.22121271,0.077970736,0.27349567,0.17320603,-0.0009780652,0.047764502,0.031119268,-0.0014028469,0.22923547,0.2150901,0.028644383,0.18880986,0.22074787,0.11700514,-0.013098451,0.12895016,-0.003920133,0.17149803,0.3147391,0.01700841,0.023287404,0.0344254,0.03115601,0.1321152,0.014014125,-0.00021348074,0.0644441,-0.0010816631,0.39926276,0.19771725,-0.00065211934,0.025774837,0.11877229,0.12296215,0.08024414,-0.009560681,-0.001826725,0.01922154,-0.00419148,0.002525039,-0.008273453,0.17538701,-0.0023910513,0.00031367713,0.4274656,0.037762366,0.0931264,0.009940069,0.0939879,-0.006684725,0.2967301,0.17557399,0.2560029,0.06535967
TCGA-WH-A86K,0.11843006,0.406399,-0.0023436805,0.6559485,0.08258018,0.6007849,0.07857447,0.16039476,0.10359637,0.1563261,0.3206905,0.09566423,0.3743989,0.19699371,-0.0009930951,0.03803248,0.06679823,0.068806395,0.25035146,0.22682983,-0.0018661984,0.25783035,0.10949285,0.13073355,-0.008909979,0.06858184,-0.0072745457,0.20811597,0.33994982,0.086897165,0.017304372,0.043094408,0.030527286,0.22727436,-0.0072805667,0.0050460286,0.06669921,0.0457178,0.4806269,0.12959303,-0.0015357481,-0.0010984916,0.11498391,0.082870096,0.070709586,-0.0047486196,-0.0074975747,0.10604994,-0.008263374,-0.00025431142,-0.0037588447,0.2194851,-0.008705199,0.035332154,0.3123965,0.13434505,0.14406833,-0.00057551154,0.15372981,-0.006405317,0.30677047,0.17199239,0.3456703,0.14656438
TCGA-WY-A858,0.0192119,0.4532469,0.018378608,0.7076628,0.11594295,0.68581116,-6.499514e-05,0.17490004,0.059561454,0.1249046,0.26553628,0.20370913,0.40800852,0.16176349,-0.0034946091,-0.0012953536,0.10569554,0.10457055,0.25434652,0.23796329,-0.006813177,0.2961332,0.17367277,0.09537985,-0.010161042,0.11850102,-0.0074644433,0.2522446,0.29613972,0.075221404,0.11633654,-0.003837031,0.03985016,0.21914047,0.004794635,0.024323642,0.0866118,0.007877909,0.6397817,0.14240906,0.048108142,0.01602088,0.10531355,0.05313868,0.02216623,-0.0042123324,-0.006555052,0.04740684,-0.011745471,-0.003385979,-0.00939038,0.23543671,-0.009232747,0.070000395,0.33642003,0.25764486,0.12263894,0.022109043,0.15718701,-0.004022223,0.43201926,0.19414341,0.2893141,0.14685282
TCGA-WY-A859,0.1337411,0.43096876,0.09742668,0.9236448,0.054038435,0.7963816,0.16776219,0.1717688,0.05024065,0.13451909,0.278295,0.20116618,0.4154144,0.14500898,-0.00076093985,0.10053756,0.012566811,0.03851707,0.36216176,0.25861898,-0.0078929905,0.28870782,0.5103041,0.16181193,-0.005580374,0.118802585,-0.011791197,0.12338112,0.5616644,0.21164054,0.04437821,0.03927727,0.18300912,0.21011114,0.104169615,-0.007890876,0.085300066,-0.0022929478,0.5173078,0.18861584,0.05027281,0.17238764,0.19160518,0.021376036,0.067346536,-0.01409055,-0.0055792066,0.016854849,-0.009529004,-0.0005037211,-0.005817243,0.24660191,0.04208612,0.1533553,0.35793984,0.32221535,0.08431326,0.017253358,0.13072634,-0.0071001626,0.57244515,0.25844517,0.28397205,0.094392136
TCGA-WY-A85A,0.19875707,0.4860402,0.11219084,0.89312035,0.0832872,0.8566117,0.11222347,0.17578752,0.06693209,0.08916907,0.28787854,0.22606432,0.44448447,0.17358339,0.00038580503,0.13511428,0.008463855,0.113820165,0.39906707,0.24082452,-0.0011485706,0.3248926,0.5296678,0.21298148,-0.009351613,0.14444885,-0.015085374,0.1251063,0.5898052,0.23482317,0.0483238,0.05983582,0.14955911,0.31497917,0.080286875,-0.003150774,0.060868785,-0.001090471,0.5324801,0.15812868,0.036110926,0.1321527,0.20282964,0.090572685,0.07523035,-0.011911361,-0.0063258805,-0.0021876183,-0.010371064,0.0015816279,-0.0031251244,0.2881734,0.033382926,0.15105376,0.40439007,0.2665352,0.04893454,0.031280417,0.2000137,-0.0055659,0.5642965,0.2711148,0.17644095,0.09285179
TCGA-WY-A85B,0.07770042,0.443513,-0.0010541137,0.70787823,0.087492876,0.69445306,0.008256938,0.28009796,0.021508716,0.16649573,0.2943148,0.071352325,0.43192512,0.17246073,0.023627512,0.12830946,0.06138111,0.13123637,0.3586457,0.24778657,-0.0065659857,0.30483413,0.33278745,0.102639176,-0.0062242434,0.10727343,-0.01289694,0.2095968,0.43291718,0.15460265,0.09215358,-0.0003221214,0.13744374,0.3051495,0.030924514,0.011720903,0.023421124,0.0091804415,0.5287017,0.12261322,0.09016834,-0.0033720245,0.116347365,0.08808527,0.10295861,-0.0067668646,-0.0051199226,0.09430632,-0.0034908864,-0.004071852,-0.0029818795,0.3123858,-0.004773049,0.06803952,0.43856946,0.27765846,0.10198574,-0.0013182837,0.16711861,-0.006541252,0.45535356,0.23329931,0.2099926,0.06678696
TCGA-WY-A85C,0.056127656,0.44092458,0.05261712,0.66257083,0.08076775,0.5700971,0.06597569,0.23602949,0.064629294,0.21401422,0.38628453,0.043627836,0.39778882,0.17766935,-0.00081252836,0.030704059,0.10838901,-0.0007485077,0.29631636,0.25383857,-0.0009195879,0.2897813,0.22816221,0.12678061,-0.0041749007,0.08112092,-0.003604528,0.18534642,0.3901234,0.09653367,0.08539568,0.05062575,0.09129314,0.20460698,-0.010217568,-0.00024710596,0.10256491,0.017358325,0.5070344,0.15905896,0.07365288,-0.0055826185,0.118997924,0.0058896616,0.060167596,-0.00066688063,-0.0071441247,0.13778192,-0.0031524573,-0.0015327506,-0.00697234,0.29723775,-0.0071569965,0.16196248,0.36232838,0.12817031,0.13421337,0.06295353,0.14413276,-0.00032473876,0.3906498,0.18549857,0.35805544,0.050960466
TCGA-WY-A85D,0.1428336,0.40935075,-0.004976883,0.59943247,0.08833798,0.54141456,0.05816079,0.14901343,-8.730516e-05,0.137864,0.25125107,0.117119305,0.36458647,0.19422218,-0.0018228631,0.001965426,0.02616603,0.061048154,0.2309682,0.24629813,0.017406143,0.219497,0.15744117,0.09567578,-0.011701076,0.09277345,-0.006025761,0.22696373,0.343346,0.06251171,0.027325261,0.07568949,0.011863843,0.25874814,-0.004320357,-0.0003102958,0.07746655,0.06612762,0.4423242,0.13906187,-0.0023811376,-0.002788185,0.052184887,0.1412335,0.060316302,-0.0030989102,-0.010005339,0.10780835,-0.003435224,0.02011054,-0.008824094,0.2272661,-0.013218238,-0.0011771478,0.35939768,0.035851724,0.12840804,-0.0032522285,0.14271158,-0.0054223062,0.23251477,0.24129842,0.3066062,0.13002743
TCGA-WY-A85E,0.09713061,0.3133766,0.015164606,0.52269566,0.05366416,0.43308103,0.11289135,0.1360687,0.043017574,0.12229426,0.2457186,0.21185294,0.39321744,0.16754827,-0.00014609071,0.0407734,0.0069045713,-0.006162594,0.13612287,0.23948577,-0.004854218,0.20924325,0.16726519,0.11702492,-0.0050872057,0.06593392,-0.0012947646,0.121696785,0.3742098,0.17507266,-0.0003439501,0.07504235,0.008397505,0.13073039,-0.0054604597,-0.0014352434,0.027739104,0.0068862587,0.33069408,0.21271709,0.06876293,0.020975612,0.07342491,0.054131486,0.08547959,-0.004091197,-0.0037886538,0.15913251,-0.0006016653,0.044843182,-0.0025494706,0.23724571,-0.0053709107,0.107287236,0.36282513,-0.00023168698,0.08756176,0.004564468,0.065742224,-0.0016562969,0.22558868,0.17250383,0.30949017,-0.003289119
