patient_id,priv_meth_0,priv_meth_1,priv_meth_2,priv_meth_3,priv_meth_4,priv_meth_5,priv_meth_6,priv_meth_7,priv_meth_8,priv_meth_9,priv_meth_10,priv_meth_11,priv_meth_12,priv_meth_13,priv_meth_14,priv_meth_15,priv_meth_16,priv_meth_17,priv_meth_18,priv_meth_19,priv_meth_20,priv_meth_21,priv_meth_22,priv_meth_23,priv_meth_24,priv_meth_25,priv_meth_26,priv_meth_27,priv_meth_28,priv_meth_29,priv_meth_30,priv_meth_31,priv_meth_32,priv_meth_33,priv_meth_34,priv_meth_35,priv_meth_36,priv_meth_37,priv_meth_38,priv_meth_39,priv_meth_40,priv_meth_41,priv_meth_42,priv_meth_43,priv_meth_44,priv_meth_45,priv_meth_46,priv_meth_47,priv_meth_48,priv_meth_49,priv_meth_50,priv_meth_51,priv_meth_52,priv_meth_53,priv_meth_54,priv_meth_55,priv_meth_56,priv_meth_57,priv_meth_58,priv_meth_59,priv_meth_60,priv_meth_61,priv_meth_62,priv_meth_63
TCGA-3C-AAAU,1.5736362,1.1487939,0.14943905,0.6040993,-0.0007875841,-0.25740308,-0.08746317,0.41329026,0.014418171,-0.18921098,0.13376938,-0.0066678487,-0.29472718,0.34588328,0.28391004,-0.04301914,0.7158211,-0.023231486,-0.05890168,0.8968458,-0.03295854,0.15307644,-0.29431275,-0.050678756,0.5554865,-0.0020607626,-0.03612956,0.13875955,-0.0020262615,0.93414456,0.5777543,-0.17378342,-0.058062207,0.43264082,-0.015813017,0.48865813,1.3189688,0.73134637,-0.48973843,1.9087571,0.3955238,-0.10200589,0.24707904,0.14982621,-0.26160234,-0.08609198,-0.07811178,0.16855581,-0.22619939,0.9487452,-0.009589127,0.30992138,0.036099963,1.0767426,-0.34321788,-0.21142574,-0.052911937,1.0691358,-0.00819457,0.23302352,1.4322472,-0.11575198,-0.038308382,-0.27453083
TCGA-3C-AALI,2.2957623,1.4037757,0.2374097,0.9821234,-0.016324194,-0.2811979,-0.08419082,0.73308617,0.3408845,-0.20636745,-0.018126486,-0.019216858,-0.3597473,1.0675474,0.5601254,-0.03298972,0.33555505,-0.020766122,-0.06316849,1.0093278,-0.045175377,0.22486827,-0.36687833,-0.04947762,0.11584324,-0.013257839,-0.0081273755,0.19958928,-0.025884539,1.1857268,0.7179842,-0.21529281,-0.103341974,-0.023605572,-0.050561767,0.13404664,1.7021865,0.8016714,-0.607075,2.1885428,0.68274814,-0.10785436,0.10535845,0.027847528,-0.32583,-0.15598463,-0.079921976,-0.048389554,-0.30103946,1.0559272,0.19947086,1.3952247,-0.049285654,1.0113384,-0.42975807,-0.26411626,-0.0828972,1.356391,-0.047547933,-0.02752857,1.271368,-0.19274029,-0.041590657,-0.39713418
TCGA-3C-AALJ,2.7822318,1.6965734,0.4815114,0.75872076,0.17057762,-0.36246073,-0.11189955,0.88114566,0.4252298,-0.27792692,-0.020185694,-0.0053844354,-0.45575523,1.5710663,0.8033534,-0.05483496,0.299377,-0.012638605,-0.06152108,1.0925642,-0.008715193,0.13963085,-0.4475995,-0.033589136,0.67237616,-0.019549258,-0.04054951,0.1375084,-0.031711686,1.5284735,0.9843832,-0.32914186,-0.095920324,-0.010218113,-0.047555305,0.24199222,2.133325,1.1219647,-0.75357497,2.6511636,0.27738214,-0.13185714,0.6877783,0.33782923,-0.41925558,-0.14869054,-0.12087201,-0.021126755,-0.35622033,0.96784145,0.046320684,1.2357525,-0.050939675,1.3150612,-0.52131945,-0.35795096,-0.07260976,1.4650904,-0.028866787,-0.038061053,1.6580262,-0.24762897,-0.03425963,-0.555232
TCGA-3C-AALK,3.0264077,1.8961838,0.51422924,1.1154337,0.35766923,-0.39522955,-0.12791716,0.9130254,0.32878372,-0.3186064,-0.0062178294,-0.053642552,-0.4676024,1.2474366,0.721459,-0.053884458,0.537787,-0.0159017,-0.05187474,1.4428633,-0.027162477,0.13352412,-0.47402325,-0.023478314,0.53679776,-0.016376687,-0.011517172,0.34728283,-0.017948676,1.6274431,0.963718,-0.31229383,-0.081797495,0.50215983,-0.07862961,0.5341541,2.0654619,1.2935294,-0.7896332,2.812612,0.037658088,-0.1470386,0.34403718,0.61320335,-0.45264632,-0.17208849,-0.11738338,-0.018149374,-0.37195572,0.2865815,0.096923016,0.9927314,-0.05093946,1.272852,-0.56381315,-0.41254234,-0.08782188,1.6791451,-0.0071119415,-0.031120786,2.0076268,-0.24936906,-0.030268857,-0.50451225
TCGA-4H-AAAK,2.239792,1.4381918,0.46536508,0.8811324,0.042875636,-0.29928264,-0.1013753,0.35944512,0.385658,-0.23120053,0.08787377,-0.045016687,-0.31879133,0.5851306,0.5025244,-0.034625333,0.66239965,0.0795294,-0.072412424,1.0682073,-0.019699557,0.30343002,-0.34103307,-0.02155453,0.31295186,0.029769154,-0.026176143,0.22675659,-0.008855353,0.92339337,0.4814257,-0.1927055,-0.05769345,0.8912536,-0.06617372,0.76786304,1.5591927,0.9317429,-0.5436073,2.3778355,0.15557666,-0.087246165,0.17997164,0.337677,-0.33645824,-0.13942192,-0.059596222,-0.015328911,-0.27571902,0.9361072,0.08468841,0.6553914,-0.014887265,0.9513858,-0.41229996,-0.29133368,-0.06919944,1.0280296,-0.012969727,0.21858706,1.5001012,-0.14422725,-0.014483879,-0.34468874
TCGA-5L-AAT0,2.1306198,1.3114097,0.5120395,0.900899,0.21689267,-0.28280622,-0.094251916,0.5043668,0.14222434,-0.23750646,0.09230423,-0.054923583,-0.295688,0.28970796,0.22160317,-0.021131221,0.8013586,-0.013756762,-0.041983888,0.9701207,-0.036859844,0.22412871,-0.34276077,-0.016591221,0.24369003,-0.018363183,-0.0081274,0.466276,-0.019476501,0.8840806,0.5298548,-0.17843382,-0.058306027,0.6816707,-0.053171217,0.80280393,1.4908178,0.8331182,-0.51799285,2.1032617,0.21794242,-0.109567545,0.13282034,0.3673787,-0.30449137,-0.11633872,-0.058862995,0.20431615,-0.25551942,0.5042404,0.04888698,0.17265812,-0.0125083355,0.9932342,-0.4036861,-0.27711293,-0.051234245,1.1652133,-0.019342504,-0.007177991,1.7094516,-0.12825342,-0.017840402,-0.31575605
TCGA-5L-AAT1,2.6043425,1.7491746,0.45090798,0.57836646,0.23405965,-0.36817506,-0.109403804,0.82149726,0.17101867,-0.2955048,0.19497511,-0.033946272,-0.4027922,0.7212523,0.67979544,-0.04693496,0.67518157,0.0709272,-0.070107535,1.3075467,-0.026375065,0.13145804,-0.40682563,-0.01618563,0.74412894,-0.015724363,-0.015457856,0.19935475,0.0066732466,1.3018705,0.84697753,-0.27793083,-0.078946605,0.63064384,-0.069810964,0.7500897,2.0076022,1.0264754,-0.6816289,2.5708559,0.059491895,-0.13408396,0.41398162,0.37843853,-0.37038738,-0.11956433,-0.11585345,-0.024272917,-0.32457575,0.41989034,0.0303369,0.8053096,-0.06119599,1.1103113,-0.4744564,-0.33764198,-0.06858041,1.454305,-0.01650044,-0.026468415,1.7745497,-0.20855792,-0.03731745,-0.4296442
TCGA-5T-A9QA,4.3021803,2.2817743,0.72537607,1.1888098,0.4274369,-0.45618176,-0.18869667,1.065607,0.752663,-0.39208958,-0.001792392,-0.008972425,-0.638508,2.367602,1.2433262,-0.09069906,0.38265744,-0.0014203215,-0.0997326,1.6578742,-0.0030573297,0.14501959,-0.62713516,-0.027894644,0.9536538,-0.03534051,-0.04353109,0.37316257,-0.020321138,2.2103698,1.4636924,-0.48699746,-0.1013785,0.48683593,-0.10717255,0.40915772,2.8807278,1.4805067,-1.0292681,3.6266685,-0.02813375,-0.22964819,0.9217852,0.9159933,-0.6041812,-0.22519012,-0.1632192,-0.04801837,-0.5391187,0.6204795,0.0691956,1.971902,-0.07101198,1.5497268,-0.7399327,-0.54611796,-0.113047004,2.0788605,-0.020515729,-0.04809788,2.0519392,-0.356747,-0.04457013,-0.80942106
TCGA-A1-A0SB,1.6716756,0.6919601,0.25152382,1.7546833,-0.000380015,-0.10452779,-0.06824363,0.090669915,-0.0021118526,-0.12964818,-0.052218277,-0.011269967,-0.21973024,0.73645157,0.12731959,-0.0011041429,0.34106758,0.47926387,0.08531848,0.33815205,-0.01794787,0.22517394,-0.22346309,-0.026229275,-0.05142763,-0.013104284,-0.018097727,0.31660938,-0.027278548,0.55322635,0.40603337,-0.086531274,-0.029480813,1.2001874,-0.03531257,0.098807,0.93677163,0.54519254,-0.3324974,1.3340335,0.13132682,-0.052969992,-0.017554823,0.41575766,-0.21358982,-0.09756616,-0.035119094,0.25152865,-0.12952329,0.026261017,-0.01837259,0.045662265,0.030617507,0.61488855,-0.29877606,-0.19112603,-0.027482664,0.87761116,-0.026364282,-0.007463665,1.2462099,-0.09422623,-0.0167337,-0.18840687
TCGA-A1-A0SE,2.3313723,1.4612074,0.46969968,1.2276278,0.19790512,-0.29840633,-0.07919061,0.39690003,0.06840278,-0.23755753,0.09029683,-0.040078692,-0.3265768,0.2220641,0.23512496,-0.020833401,0.7991863,-0.0047198557,-0.04659775,1.1080621,-0.041112833,0.17418358,-0.35842997,-0.02685498,0.27531275,-0.012381053,-0.007956035,0.28330737,-0.018414063,1.1162845,0.7474208,-0.20451014,-0.07710265,0.7907341,-0.045343276,0.8476777,1.3561127,1.1498585,-0.5617733,2.2173173,0.18809323,-0.121551454,0.08406663,0.41055036,-0.3251387,-0.15093024,-0.04156218,0.061997984,-0.25839108,0.7120081,0.052037366,0.06572625,-0.011193785,0.7844293,-0.4141229,-0.27761373,-0.052643597,1.2375493,-0.025411908,-0.0034476127,1.7790338,-0.1209957,-0.016190788,-0.3056336
TCGA-A1-A0SF,2.1229618,1.7113837,0.43859667,0.11207742,0.1681001,-0.32844883,-0.09200673,0.6402653,0.27690724,-0.26805604,0.22155285,-0.011432718,-0.35115138,0.9818308,0.7108876,-0.025423488,0.40921375,-0.019486805,-0.09555613,1.2423667,-0.0041482802,0.23051704,-0.35614142,-0.02216242,0.5165348,-0.014675796,-0.032379027,0.13988051,-0.009230204,1.2825841,0.5993659,-0.26041993,-0.065466486,0.68928254,-0.053169798,0.48065838,1.8026817,0.93173075,-0.60061026,2.1326044,0.107131585,-0.09552785,0.35181063,0.1875093,-0.35955277,-0.10398754,-0.11283318,-0.04583243,-0.2923303,0.47254196,0.18707174,1.09544,-0.029284013,0.76900244,-0.44343206,-0.2899543,-0.10015924,1.3456635,-0.0040936414,-0.0021522434,1.2460986,-0.21323244,-0.016961848,-0.39353892
TCGA-A1-A0SG,1.5791291,0.97956276,0.2716867,0.59119946,-0.0029129994,-0.21897133,-0.048515894,0.17665529,-1.644753e-05,-0.15935104,-0.015984593,-0.016942449,-0.22188139,0.0055466816,0.2780024,-0.041838568,0.5286921,-0.03743393,-0.034552205,0.73765194,-0.043257788,0.005729071,-0.24743155,-0.02138184,0.28836036,-0.00688281,-0.022906212,-0.0140333045,-0.011747278,0.6223767,0.31106517,-0.1525248,-0.049803693,0.2668408,-0.009351368,0.5326912,0.8668537,0.5727134,-0.37383386,1.4865978,0.29217148,-0.07004734,0.11533293,0.028453037,-0.24186014,-0.09675478,-0.05485617,-0.0004577931,-0.17127134,1.2834289,0.19828738,0.51711553,-0.035927545,0.46077538,-0.29057425,-0.17628081,-0.035139345,0.82082886,-0.008958731,-0.0049978155,0.99000347,-0.07380133,0.031521477,-0.20946029
TCGA-A1-A0SH,2.3821993,1.3971152,0.66343933,1.194866,0.09680681,-0.28688025,-0.09593943,0.35857567,0.15777771,-0.21926141,0.07871599,-0.046883788,-0.31879547,0.30200142,0.24601784,-0.02706019,0.8484251,0.05686468,-0.043005567,0.9920571,-0.04681873,0.112215124,-0.32710597,-0.0210636,0.14014529,-0.01101965,-0.02132626,0.23051979,-0.0063704895,1.0178062,0.6936582,-0.1947972,-0.06635105,0.5540455,-0.04881266,0.7305173,1.6071984,0.95829284,-0.54969275,2.1814804,0.1530698,-0.10581328,0.24480504,0.45868367,-0.3146015,-0.13731681,-0.055825997,0.04064812,-0.25719416,0.5112563,0.007405935,0.26051858,-0.0064258017,1.0464814,-0.40112042,-0.27346858,-0.046709422,1.2662795,-0.02794531,0.09287989,1.6222651,-0.12614155,-0.026251802,-0.30944458
TCGA-A1-A0SI,2.0210805,1.2480203,0.30774882,0.56871223,0.4786721,-0.26084897,-0.0815105,0.5266261,0.13499288,-0.21242812,0.23336953,-0.01578861,-0.28769526,0.6033428,0.3158279,-0.027063394,0.37591383,0.05094382,-0.041985426,0.75259197,-0.0067651556,0.080353275,-0.28572643,-0.015552423,0.4312429,-0.0169688,-0.015599257,0.13892351,-0.010214749,0.91810256,0.68571645,-0.19206898,-0.06338834,0.9900655,-0.05572337,0.57583,1.2546307,0.985679,-0.50215286,1.9076589,0.18674752,-0.08413629,0.16760954,0.40975744,-0.2785671,-0.110462464,-0.083787404,-0.011280003,-0.27246025,0.49724028,-0.0029940335,0.6793018,-0.018044932,0.76116973,-0.37816748,-0.26592433,-0.049766686,1.2849222,-0.015163096,-0.011226646,1.3575187,-0.14602506,-0.012851256,-0.32407418
TCGA-A1-A0SJ,2.6231358,1.738451,0.5844361,0.44588712,0.38918167,-0.39242637,-0.15033737,0.9036963,0.114376806,-0.30226928,0.11967309,-0.017619265,-0.4209086,0.5972656,0.5258971,-0.048654657,0.9375089,0.12836091,-0.09683625,1.4711443,-0.045808993,0.23522368,-0.42422244,-0.0008793816,0.85887563,-0.0036929075,-0.034819514,0.27739596,-0.01645675,1.3320748,0.76293373,-0.33673236,-0.083854035,0.5133688,-0.059470244,0.972386,2.0574415,1.2419548,-0.6861605,2.7292142,0.196845,-0.12968948,0.4472866,0.24372114,-0.42015868,-0.12596373,-0.12338388,-0.01141449,-0.334789,0.5672944,-0.016978169,0.8827527,-0.02377206,1.3034726,-0.49207702,-0.3450885,-0.07385446,1.6142219,-0.023313083,-0.010713517,1.8641531,-0.21572399,-0.077304594,-0.4634175
TCGA-A1-A0SK,2.7538118,0.8152027,0.061621446,2.3412826,-0.035930164,-0.20558797,-0.16972376,-0.011245914,0.14467186,-0.18291475,-0.027571937,0.19157688,-0.3588474,2.4910607,0.6119017,-0.061433554,-0.02292169,1.0752155,-0.059132826,0.13950114,0.04117806,0.61044663,-0.33406684,-0.019246206,-0.050842345,-0.0041699363,-0.056464035,0.5500961,-0.06489403,0.9837499,0.5798675,-0.13713562,-0.04604638,1.1130093,-0.09669961,-0.018137751,1.5036322,0.51403224,-0.54617566,1.6751055,-0.055805024,-0.05063624,0.24614513,0.36070806,-0.38572568,-0.18511598,-0.04960192,-0.03671957,-0.28352872,0.5623516,-0.029547412,1.8593386,0.11511921,0.76292366,-0.43892726,-0.27028552,-0.0801237,1.3075365,-0.038664684,-0.031383906,1.0297203,-0.17602105,-0.05709153,-0.4426692
TCGA-A1-A0SM,3.4103973,1.8229256,0.44919986,1.4556105,0.38323233,-0.37829757,-0.15640806,0.63844377,0.46424386,-0.32545966,-0.0330044,-0.04007226,-0.45204458,1.3094289,0.5003071,-0.049998745,0.53189,-0.0060455026,-0.078484274,1.2149975,-0.04262546,0.40459538,-0.46269423,-0.009470336,0.089538515,-0.026003748,-0.025132066,0.4907106,-0.047184486,1.5512547,1.2036842,-0.31212422,-0.08289146,0.68764275,-0.09269338,0.7181278,2.2290678,1.380552,-0.7647124,2.88927,-0.0058063925,-0.15975328,0.34536904,0.7497892,-0.4483604,-0.19205199,-0.108691014,-0.0061419066,-0.35593417,0.23681583,-0.034502562,0.7628896,-0.032843675,1.1855389,-0.5358686,-0.41370603,-0.06470567,1.5036912,-0.034206968,-0.04065339,2.05066,-0.24861589,-0.016668582,-0.5354313
TCGA-A1-A0SN,3.1862066,2.0890558,0.7311949,0.5849106,0.38700008,-0.43697348,-0.15196508,0.98856276,0.4520735,-0.35141018,0.032959912,-0.029519627,-0.5373731,1.527118,0.8638029,-0.07711652,0.50811446,0.14270115,-0.07127056,1.5201982,-0.009563482,0.24756195,-0.48830056,-0.021226425,0.9273889,-0.02154467,-0.01897707,-0.0116678225,-0.03668282,1.7505432,0.97949857,-0.41160116,-0.09314152,0.39450958,-0.083361454,0.5320182,2.503731,1.6206555,-0.8902832,2.9479778,-0.0010954997,-0.14679588,0.60484445,0.2736717,-0.49543735,-0.18427104,-0.16920102,-0.054973084,-0.4349506,0.5066654,0.24392782,1.9001778,-0.09745889,1.2777249,-0.6168286,-0.4401805,-0.11712497,1.8053981,-0.02174381,-0.029902626,1.5817717,-0.2949791,-0.06628507,-0.60683507
TCGA-A1-A0SO,3.0554142,0.9378725,0.3216753,2.7374742,0.15935618,-0.2599628,-0.18582092,0.24595413,0.38561642,-0.21687315,-0.024117423,0.20124616,-0.3983583,2.089116,0.61785215,-0.06527784,0.172185,1.1824236,-0.04016073,0.54412544,-0.011631741,0.4042438,-0.41248283,-0.04115016,-0.024167879,-0.01825926,-0.061422642,0.37180388,-0.0069458904,0.95333284,0.87940747,-0.18866901,-0.037984278,0.6067278,-0.14517806,0.007528154,1.806433,1.0155678,-0.6731238,2.2613044,-0.03368395,-0.058403727,0.18683074,0.14727496,-0.42069635,-0.20324413,-0.052156627,-0.019621463,-0.315335,0.35956162,0.02994146,1.656999,-0.0055545866,0.9339916,-0.4849065,-0.31841707,-0.07956507,1.3112046,-0.053546485,-0.021360544,1.4638472,-0.21728833,0.11436939,-0.4670641
TCGA-A1-A0SP,2.7539988,1.3468374,0.37140575,1.8327088,0.00453797,-0.23507701,-0.13980775,0.36125243,0.0790313,-0.22595088,-0.021026362,-0.030640224,-0.35846648,1.6961458,0.5234509,-0.03913371,0.2454275,0.66549957,-0.029501194,0.674618,-0.012771933,0.37916118,-0.36935332,-0.03652258,-0.030993924,-0.008713934,-0.03754276,0.27492392,-0.027293308,1.2338946,0.8003012,-0.18191181,-0.05706481,0.40211883,-0.0802834,0.04496911,1.852733,0.717678,-0.6207095,2.1476753,0.14350776,-0.0844328,0.27369696,0.21837144,-0.40083748,-0.17190473,-0.068265095,-0.014532578,-0.25755444,0.38803723,0.0796931,1.3892263,-0.021866722,0.77049845,-0.44813642,-0.3057452,-0.06370384,1.3487339,-0.02438012,-0.02778606,1.3874882,-0.20564643,-0.012596923,-0.43207216
TCGA-A1-A0SQ,2.0798814,1.4912499,0.24746549,0.46010816,0.101261795,-0.28812686,-0.061171282,0.8523668,0.14009598,-0.21430056,0.33587503,-0.033104066,-0.31259888,0.37023997,0.46925586,-0.024976704,0.45731056,-0.021000883,-0.0626215,0.9801146,-0.035199326,0.16767994,-0.33881086,-0.028135074,0.5983091,-0.019077335,-0.025287827,0.18344146,0.005096361,0.8958727,0.73197913,-0.21271315,-0.07393282,0.4785706,-0.06689156,0.5854225,1.3688153,0.9040386,-0.5216391,2.00174,0.45295092,-0.13394265,0.67302674,0.56361055,-0.30794653,-0.10294731,-0.096218586,-0.039667476,-0.25105962,0.80351526,-0.009574241,0.11051242,-0.030542446,1.0894256,-0.39236566,-0.24475148,-0.053263903,1.4017907,0.11533619,0.1746464,1.4677913,-0.14314678,0.030704029,-0.3859434
TCGA-A2-A04R,2.3542147,1.887006,0.5528657,0.43295982,0.19804008,-0.3926135,-0.08613353,0.90163976,0.4303575,-0.30331907,0.3352586,-0.041658174,-0.4256414,0.26467603,0.8247305,-0.024231486,0.54950625,-0.014896977,-0.066204004,1.6150125,-0.023787413,-0.0021896542,-0.4383904,-0.04736965,1.0027632,0.115041226,-0.04171453,0.011049066,-0.016794138,1.3927501,0.5087459,-0.29017243,-0.10251669,0.38216665,-0.079984054,0.78430337,1.78421,1.1784904,-0.7101331,2.6159666,0.4573303,-0.17660898,0.71551085,0.25652653,-0.3724928,-0.14797677,-0.12510034,-0.00032475629,-0.3510496,1.3551385,0.18662636,0.90660673,-0.048582025,1.3582878,-0.51233643,-0.30345067,-0.086465284,1.7240717,-0.030872706,-0.007872089,1.8575652,-0.16541108,-0.0679945,-0.45980483
TCGA-A2-A0CK,2.8586824,1.4668425,0.41857156,1.5412651,0.054984514,-0.32178462,-0.12138473,0.51059675,0.051196788,-0.23933053,-0.024798676,-0.04994526,-0.35382345,0.66670936,0.32828575,-0.03812706,0.7583137,-0.0038898408,-0.043189835,1.1691462,-0.034506913,0.325775,-0.39981702,-0.026703019,-0.00051688665,-0.014948807,-0.050954163,0.4439414,-0.030150665,1.1324745,0.74594164,-0.20785527,-0.07191159,0.71933013,-0.06377884,0.6955144,1.9238931,0.9821005,-0.6458102,2.6778443,0.26947212,-0.11985566,0.22154325,0.5966205,-0.37391886,-0.16334073,-0.07404142,-0.0012008649,-0.28528318,0.3964441,-0.014879446,0.22018084,-0.0092019765,1.0512389,-0.4744195,-0.31221148,-0.03733024,1.458638,-0.018359782,-0.0021313892,2.063215,-0.16091608,-0.02299743,-0.36729488
TCGA-A2-A0CO,2.3968763,1.6929758,0.56132907,0.64607984,0.23568945,-0.37950712,-0.09881563,0.7818566,0.3221458,-0.2776008,0.3560998,-0.043759987,-0.39320898,0.6790652,0.47815245,-0.037697937,0.6900813,0.07419174,-0.075570166,1.2907515,-0.032054357,0.05094385,-0.37752923,-0.022954497,0.8006252,-0.025784168,-0.052099884,0.012657531,-0.015394832,1.4302608,0.6393073,-0.26790985,-0.082107514,0.56378454,-0.05844265,0.85472894,1.7581437,0.9490696,-0.64768666,2.337369,0.06406546,-0.11246278,0.46214312,-0.005622547,-0.36933726,-0.125289,-0.115251675,-0.022050953,-0.31712374,0.82234263,0.24797694,1.1274039,-0.047047507,1.0920585,-0.47205263,-0.3045342,-0.08475261,1.3839086,-0.014730416,-0.019593699,1.5456622,-0.20409755,-0.040673885,-0.40082607
TCGA-A2-A0CR,2.5239356,1.6135005,0.506521,0.8230091,0.34528235,-0.35815886,-0.1002321,0.5825677,0.18701565,-0.27998096,0.017982319,-0.044144478,-0.39059508,0.57132,0.3784037,-0.042103387,0.8920767,0.076117925,-0.045418017,1.2952442,-0.020348867,0.08707818,-0.38063172,-0.023245199,0.74365485,-0.025539935,-0.02642837,0.314549,-0.0056820004,1.1478093,0.9001247,-0.26791462,-0.07300437,0.35887507,-0.062477972,1.0380576,1.9483756,1.0782918,-0.65773386,2.4728446,0.0079530645,-0.10742744,0.31425756,0.08379036,-0.375054,-0.12345375,-0.117332034,-0.0060937363,-0.2928845,0.19548,0.20637803,0.9016418,-0.05557198,1.161193,-0.46578905,-0.3228267,-0.065019555,1.3506225,-0.012860258,-0.0086410865,1.7932794,-0.21375103,-0.033266656,-0.39110434
TCGA-A2-A0CT,3.3136992,2.2337682,0.65073484,0.088597186,0.15366761,-0.46056062,-0.17431723,1.1514574,0.70584315,-0.37199923,0.28851593,-0.01011858,-0.56951547,1.8989496,1.3297917,-0.09181286,0.34171087,-0.031652935,-0.1117798,1.8445648,-0.03517538,0.4535665,-0.53761876,-0.0551943,1.4408929,-0.013902578,-0.05958534,0.13701576,-0.048852295,2.0377798,0.98771626,-0.462005,-0.09909779,-0.02111536,-0.07701024,0.14346318,2.5937877,1.3473582,-0.93354475,3.0528283,0.096120074,-0.18269296,0.8856201,0.6377622,-0.5357823,-0.17770822,-0.14894025,-0.06677315,-0.4625592,0.7087548,0.49541432,2.3330855,-0.0853688,1.1539179,-0.6346051,-0.4530004,-0.14825791,1.7266482,-0.004205895,-0.04344418,1.5742165,-0.33949265,-0.02896035,-0.7221138
TCGA-A2-A0EN,2.4838495,1.6409494,0.5292833,0.7291739,0.34503168,-0.33680815,-0.114845686,0.74043876,0.15411408,-0.29493707,0.08605955,-0.040410925,-0.3781237,0.4119787,0.33664027,-0.026903603,0.81172127,-0.0061749257,-0.058516562,1.2068714,-0.041346073,-0.010262506,-0.3864784,-0.026801545,0.3104478,-0.00614343,-0.013072053,0.31491885,-0.011179644,1.2592777,0.7613151,-0.24397686,-0.07501035,0.5358187,-0.055859264,0.8968461,1.8840127,1.1038765,-0.6366287,2.588066,0.15424718,-0.1224663,0.17987593,0.33064526,-0.36158225,-0.117557265,-0.10239603,-0.013515632,-0.31236085,0.3166709,0.09191654,0.6361843,-0.030419176,0.9695057,-0.443325,-0.32123277,-0.038412318,1.4923372,-0.019249963,-0.0167224,1.8514559,-0.16336183,-0.032207426,-0.3806921
TCGA-A2-A0EP,2.300312,1.2874908,0.50713795,1.3148888,0.113430664,-0.28907835,-0.096391864,0.3586473,-0.0051443945,-0.23405938,-0.023728255,-0.05931756,-0.31348905,-0.008602385,0.037910897,-0.020212548,1.1052544,0.18799701,-0.041196894,0.9491735,-0.03630346,0.113147415,-0.31067064,-0.018600358,0.2788565,-0.040552385,-0.0066492534,0.571111,-0.0042612865,0.8566138,0.8134132,-0.17523049,-0.051467128,0.5023884,-0.049173784,1.2668161,1.5621252,0.91224,-0.5411236,2.2764196,0.12854567,-0.09410315,0.12573439,0.29580373,-0.29049438,-0.110381715,-0.07205016,0.2349899,-0.24061835,-0.00019811578,0.08304066,0.21668312,-0.009000946,0.9693095,-0.38097808,-0.27390432,-0.018396135,1.086143,-0.027090332,-0.0038206887,2.0080366,-0.1268873,-0.017511262,-0.2690706
TCGA-A2-A0EU,1.5294013,1.1999501,0.19392943,-0.0064931433,0.21117337,-0.26166338,-0.065062255,0.4006065,0.19666794,-0.19622304,-0.004437799,-0.025368659,-0.2503511,0.2898506,0.4202215,-0.01668023,0.43962,-0.037407305,-0.04715842,1.041917,-0.04983936,0.28616372,-0.27167067,-0.017945567,0.7124044,0.07133825,-0.016440295,0.36770117,-0.01654659,0.8212203,0.33059257,-0.18749224,-0.0698807,0.63717556,-0.031701624,0.47293878,1.1091132,0.85581726,-0.4250486,1.6302495,0.26214072,-0.06904271,0.14922377,0.17126873,-0.24263954,-0.0928052,-0.06662731,-0.0011871655,-0.21982686,1.0087045,0.057942554,0.7332575,-0.06107832,0.57120913,-0.29786956,-0.18034504,-0.05536163,1.0321943,-0.0041841636,0.11478041,1.0421674,-0.10602188,-0.030507306,-0.29164168
TCGA-A2-A0ST,2.1820292,1.1595907,0.5310895,1.3489692,0.06156609,-0.2604611,-0.113338344,0.347,-0.0010361406,-0.23155192,-0.01680176,-0.039224174,-0.30644062,0.20412432,0.11439763,-0.024315074,0.9629036,0.643888,-0.03894296,0.8851196,-0.022267448,0.20915914,-0.29784894,-0.02185582,0.40793937,-0.037939142,-0.014926359,0.46463224,-0.0068915444,0.8309563,0.6948548,-0.17132393,-0.04666269,0.44142368,-0.062087458,1.1056851,1.49488,0.8914058,-0.51233506,1.9354225,-0.0052691596,-0.06614477,0.11534175,0.017354384,-0.27592978,-0.10725816,-0.067668445,0.09816797,-0.22216634,0.09108625,0.20167701,0.88690466,-0.010620122,0.85123545,-0.37216958,-0.24081425,-0.02998589,1.0231591,-0.028772136,-0.016334055,1.6559603,-0.13077448,-0.030311719,-0.28081742
TCGA-A2-A0SU,2.1125233,1.0134758,0.26463374,1.0139502,0.29585564,-0.21735671,-0.088337,0.3316062,0.06623788,-0.19550115,-0.011226661,-0.043309238,-0.2511277,0.28338754,0.040015083,-0.016577331,0.62625736,0.11272164,-0.059342362,0.8095121,-0.020910736,-0.010885701,-0.28510073,-0.0075492337,-0.0064303027,-0.040756896,-0.028888255,0.5248964,-0.0042761536,0.955583,0.5992775,-0.16209573,-0.035681315,1.0403525,-0.02408736,0.8212231,1.2746028,0.9284627,-0.4750031,1.7641152,-0.007595041,-0.08323572,0.08882749,0.31866807,-0.28020823,-0.104942285,-0.07391869,0.19829367,-0.19913648,-0.0005499739,-0.021551875,-0.0037367076,0.11148383,0.7838263,-0.3386438,-0.22889887,-0.03833534,1.0464233,-0.012026819,-0.00019231439,1.7595594,-0.118485786,-0.020157067,-0.24301015
TCGA-A2-A0SV,2.7499185,1.6084645,0.5229278,0.48697656,0.33152378,-0.30809578,-0.12914927,0.5736008,0.3797816,-0.2574881,0.46195316,0.15780185,-0.4040842,2.055664,0.811459,-0.0375513,0.09899704,0.040995903,-0.066324584,1.362648,0.1133517,0.27856562,-0.3753187,-0.029624363,0.7913461,-0.009433793,-0.030473217,-0.0029415158,-0.04456993,1.2999135,0.5898087,-0.30065882,-0.06976702,0.3808875,-0.078250736,0.14468339,1.7472078,1.071872,-0.6421985,2.1440835,-0.022344457,-0.13058601,0.4806227,0.2904929,-0.4149677,-0.14839746,-0.14927642,-0.065223,-0.3556553,0.38708952,0.19771175,2.2645876,-0.060618013,0.7386503,-0.48413548,-0.335337,-0.10533154,1.267304,0.022838186,-0.024683928,0.81507444,-0.23133849,-0.037240192,-0.5024273
TCGA-A2-A0SW,2.1690633,1.4618345,0.40182894,0.15550709,0.4263476,-0.33101112,-0.094375364,0.8547322,0.41035697,-0.29662958,0.7632326,0.14936362,-0.40443587,1.5009445,0.82340217,-0.044216774,0.06365566,0.114964746,-0.042594455,1.1449044,0.104429126,0.0021592146,-0.3468835,-0.041041218,1.0199379,-0.026513204,-0.031421788,-0.018605888,-0.030006647,1.4802732,0.60163236,-0.29907182,-0.092665024,0.13453546,-0.09889733,0.36963832,1.8441713,0.9052281,-0.6236908,1.9582912,-0.0059168576,-0.08112582,0.5949723,-0.0333542,-0.3697823,-0.10968282,-0.15281434,-0.047741193,-0.33345583,1.1602077,0.2550221,2.099081,-0.096675895,1.0472289,-0.4436558,-0.29988477,-0.12711744,1.3828996,-0.017951299,-0.019459765,0.76976174,-0.24708699,-0.039878998,-0.43641338
TCGA-A2-A0SX,2.0605142,0.8311902,0.31487718,1.6458637,-0.00058029295,-0.19036132,-0.11889143,-0.0037771512,-0.021387493,-0.18357347,-0.03782618,-0.020832991,-0.22603261,0.8207318,0.3140744,-0.031089438,0.430482,0.6761098,-0.030683283,0.3383403,-0.028783992,0.39350358,-0.25331786,-0.023382703,-0.014751332,-0.0101505,-0.017191453,0.62929577,-0.0142614385,0.7752599,0.49238226,-0.09725465,-0.02208402,0.9061183,-0.07081427,0.3039484,1.3618431,0.75063735,-0.46065685,1.8238496,-0.023687728,-0.060893547,-0.00034090393,0.3088466,-0.25100458,-0.11399996,-0.03368477,-0.0017098308,-0.20687293,-0.003568757,-0.020615153,0.39322707,0.11607667,0.6791266,-0.3348194,-0.24789326,-0.02919952,1.081377,-0.01487408,-0.011814085,1.3945012,-0.10850324,-0.015414,-0.25766796
TCGA-A2-A0SY,3.0167587,2.0582707,0.4114664,0.8804254,0.45772249,-0.42212826,-0.14692925,0.9371926,0.57737863,-0.34974727,0.1392675,-0.039431553,-0.50170463,1.2733843,0.830903,-0.06509466,0.69958603,-0.002011642,-0.0820983,1.6405646,-0.01907829,0.22904009,-0.50069994,-0.017561499,0.56788385,-0.00885645,-0.01700279,0.13460648,-0.020399822,1.7795004,0.8813315,-0.3396134,-0.082829505,0.45693386,-0.07770162,0.322574,2.2810514,1.3622566,-0.83511823,2.9480147,0.016535552,-0.17765968,0.41134745,0.67776364,-0.48161054,-0.18799777,-0.11353852,-0.063674435,-0.3808936,0.26965097,-0.0066978834,1.2512642,-0.048361674,1.3626666,-0.6133073,-0.4252859,-0.09224328,1.7893393,-0.0026669656,-0.02992174,1.9990262,-0.263213,-0.022511315,-0.584964
TCGA-A2-A0T0,1.8597857,0.6554006,0.37738234,1.7455713,-0.021530421,-0.15564188,-0.08254408,-0.010963586,-0.0118931485,-0.12514158,-0.017527234,0.09459915,-0.21197441,1.0983745,0.19400199,-0.013613331,0.15569492,0.48839092,-0.020350108,0.25444946,-0.01158903,0.20353049,-0.21861365,-0.035885237,-0.0430444,-0.025250642,-0.015445222,0.17749903,-0.01609779,0.6813,0.67111,-0.08544321,-0.04460619,0.6329896,-0.06519758,0.21457751,1.0108836,0.5156444,-0.36327487,1.2721696,-0.016863756,-0.04200062,0.102234334,0.0012434274,-0.25317204,-0.111476265,-0.04168121,0.017881628,-0.16528986,0.52849823,-0.008323509,0.71127146,0.09741901,0.44284332,-0.27283677,-0.17240362,-0.05667321,0.7358428,-0.03622861,-0.020163575,0.9907357,-0.10404821,-0.024068048,-0.20007022
TCGA-A2-A0T1,2.0292583,1.0889275,0.3312511,1.450493,-0.004741857,-0.23815835,-0.0745824,0.23492205,-0.009066588,-0.18167311,-0.023880485,-0.017565098,-0.27656767,0.4741703,0.1083852,-0.01872598,0.6238535,0.21512324,-0.029420689,0.7067938,-0.013695048,0.011891029,-0.25231135,-0.039195046,-0.011496457,-0.0282201,-0.017490046,0.19172992,-0.026543988,0.69419914,0.6921909,-0.13285789,-0.05468583,0.09101772,-0.06827355,0.85663503,1.3273969,0.56631505,-0.46135932,1.7959906,-0.0026356108,-0.082547516,0.12142035,-0.019422242,-0.2694082,-0.102923766,-0.06563919,0.031204585,-0.21357504,0.61891687,0.08915739,0.8517043,-0.021110944,0.81448525,-0.33446458,-0.21524663,-0.057399023,0.9746285,-0.034163807,-0.02630542,1.2370276,-0.12154883,-0.025482938,-0.20920299
TCGA-A2-A0T2,2.2871602,0.76547694,0.46250424,1.7247978,0.06632407,-0.20216957,-0.1579266,0.29605022,-0.0050501483,-0.17946257,-0.025761873,0.2857589,-0.3166755,2.2103546,0.48090556,-0.037853874,-0.020322246,1.151052,-0.026558379,0.3834889,-0.015816357,0.5862329,-0.31990817,-0.07512028,-0.0035437641,-0.014000644,-0.0374784,0.30535245,-0.03428925,1.0122203,0.45935982,-0.14341617,-0.047416497,0.45509315,-0.07551345,-0.04413901,1.2603886,0.74340045,-0.55060905,1.6935511,0.15627337,-0.07294748,0.20019656,0.1923009,-0.35345587,-0.1625341,-0.061303884,-0.043037497,-0.2430752,0.672173,-0.03541386,1.777562,0.122779705,0.75592846,-0.41974768,-0.2657719,-0.06048721,1.0594233,-0.037815113,-0.040518768,1.1351073,-0.12963918,-0.03953779,-0.3786884
TCGA-A2-A0T4,3.0159128,1.9434307,0.4573264,1.0964631,0.21656185,-0.37479052,-0.112248205,0.8370091,0.3177125,-0.30095214,-0.0069506536,-0.04565585,-0.43818536,1.0602499,0.7594562,-0.059140112,0.6782426,-0.006661489,-0.07854171,1.3804128,-0.024673492,0.51431334,-0.4555388,-0.046641216,0.44422922,-0.025623022,-0.030129079,0.415082,-0.0061314777,1.515572,1.0918179,-0.30871925,-0.07745807,0.4249662,-0.08565398,0.53347063,2.0993392,1.2725085,-0.7647273,2.7091875,-0.0036772438,-0.133384,0.57272,0.7612213,-0.43001014,-0.15893598,-0.10642226,-0.026522828,-0.35661802,0.25311735,0.036246628,0.84998786,-0.04412141,1.1746715,-0.5418744,-0.39210886,-0.06029406,1.5780524,-0.0062349457,-0.025416775,1.9245117,-0.21088901,-0.022811238,-0.5165457
TCGA-A2-A0T5,2.6016207,1.2956244,0.5570747,1.1451023,0.18991013,-0.31801283,-0.109023534,0.36357138,0.25098562,-0.27240375,-0.0057404744,-0.034484774,-0.34628737,0.6864622,0.40231174,-0.036342096,0.8477741,-0.0114290565,-0.06633731,1.065961,-0.03991913,0.112661175,-0.382568,-0.01620763,0.105807304,-0.011500542,-0.032938696,0.41914207,-0.020558052,1.1433474,0.762679,-0.20668598,-0.064066105,1.1452118,-0.06884619,0.88041866,1.7247068,1.0636443,-0.59761786,2.3602912,-0.006567338,-0.13164818,0.19532172,0.59853274,-0.35534072,-0.12806807,-0.09859152,-0.01382147,-0.31006008,0.41371438,-9.8574346e-05,0.42878,0.072399445,1.1145269,-0.46054384,-0.29236844,-0.060968306,1.3615706,-0.011771402,-0.01495647,1.9963725,-0.15323284,-0.035054114,-0.37153903
TCGA-A2-A0T6,3.2758844,1.949373,0.5109024,1.167751,0.32202187,-0.38832098,-0.13131423,0.82242125,0.32182553,-0.31201407,0.046265353,-0.04303087,-0.47178444,1.1152802,0.6093079,-0.06836098,0.8112884,-0.0077211247,-0.058686543,1.4201199,-0.0367762,0.28431007,-0.4732101,-0.026396474,0.5361707,-0.011780885,-0.031414784,0.2474157,-0.0051508592,1.7097582,1.0510216,-0.31909057,-0.0861571,0.67231095,-0.07576683,0.6808283,2.234176,1.3323091,-0.8037319,2.8853571,-0.027025832,-0.1569771,0.57676715,0.69663924,-0.45401594,-0.16483602,-0.11665004,-0.026367873,-0.37480786,0.30931064,0.035036996,0.9410418,-0.050788235,1.3377081,-0.5651022,-0.41878802,-0.07978173,1.8210895,-0.0032506397,-0.029731466,2.122703,-0.23495705,-0.0155319935,-0.5367692
TCGA-A2-A0T7,2.12892,1.3242003,0.50878894,1.2300187,0.006182015,-0.26694104,-0.07572723,0.37190986,0.1369757,-0.19709988,-0.016579961,-0.004889805,-0.31007606,1.1459283,0.38507473,-0.022752935,0.20002814,-0.017426899,-0.046153482,0.8313867,-0.0038420719,0.13938385,-0.3164851,-0.03649823,-0.03617145,-0.018472085,-0.024940101,0.13571459,-0.034557622,1.0098654,0.6985647,-0.18616275,-0.07193164,0.08748183,-0.08203214,0.2847693,1.654139,0.73794013,-0.5492486,1.9550766,0.24608158,-0.08605716,0.17421198,0.09766388,-0.33288178,-0.15257673,-0.081290916,-0.019238709,-0.2695329,0.8080628,0.063646145,1.3142414,-0.04048879,0.8827825,-0.386823,-0.27001056,-0.08262568,1.1537167,-0.029059116,-0.002780184,1.1062168,-0.16790779,-0.027680198,-0.34361202
TCGA-A2-A0YC,2.5989246,1.6289003,0.50956815,0.95315856,0.06201494,-0.36338493,-0.07962289,0.767106,0.45967144,-0.29363906,0.017069642,-0.036992244,-0.40205023,0.35099632,0.58953685,-0.028331358,0.76501864,-0.026846522,-0.061128866,1.2790371,-0.033091243,0.15568656,-0.40640074,-0.026503045,0.7096517,-0.034613606,-0.023925573,0.27126154,-0.014371839,1.2747368,0.78458697,-0.24898472,-0.07458175,0.45672685,-0.07892959,0.9285915,1.8781004,1.129994,-0.67458385,2.6902971,0.16741438,-0.14368145,0.4870627,0.21347086,-0.3832018,-0.16886614,-0.08397067,0.07094245,-0.32292363,1.1304349,-0.00757958,0.5260908,-0.035378926,1.254304,-0.50041264,-0.29783174,-0.1076396,1.5349407,-0.029224688,0.12510973,1.9145738,-0.179601,-0.03763975,-0.42224583
TCGA-A2-A0YD,2.9978504,1.6796232,0.55140364,1.2028015,0.21661998,-0.34992796,-0.12129364,0.5844949,0.05259467,-0.26604974,-0.00888224,-0.052225243,-0.4115058,0.8399282,0.5360819,-0.027196376,0.76402026,0.28190193,-0.058796562,1.0810869,-0.03552557,0.26859865,-0.39793772,-0.024907468,0.11819093,-0.041137572,-0.01079105,0.36312264,-0.020063333,1.2657788,0.89101446,-0.20686331,-0.07352962,1.007478,-0.069050394,0.7509794,1.8870337,1.1474102,-0.6861721,2.6711311,0.21915871,-0.13287106,0.42949697,0.6792192,-0.40224025,-0.1562628,-0.09712967,-0.00780226,-0.294525,0.8649324,-0.010566766,0.53193694,-0.012545827,1.1482412,-0.49843317,-0.3428019,-0.05160848,1.652371,-0.039340775,-0.016353905,2.1272712,-0.1691741,-0.026745712,-0.41931334
TCGA-A2-A0YF,2.115788,1.6577994,0.3951533,-0.013245309,0.06756833,-0.35692015,-0.0783007,0.765273,0.33224148,-0.24326122,0.35097992,-0.040257894,-0.35189602,0.22031914,0.60926855,-0.05357799,0.6791946,0.01239772,-0.084719956,1.1913768,-0.038773797,0.009924828,-0.3448225,-0.037815474,0.975285,-0.030017594,-0.019276058,0.1665416,0.11882742,1.1843554,0.5582379,-0.2624238,-0.06696289,0.7365895,-0.036694165,0.89020383,1.4523396,0.9378674,-0.5858962,2.1250567,0.45783216,-0.13192724,0.44586188,-0.0013345212,-0.32623747,-0.10719406,-0.12448018,0.10152699,-0.32066005,1.237768,0.2933439,0.8835228,-0.02034047,0.7899907,-0.41994402,-0.2700033,-0.07360563,1.3951954,-0.0032553007,0.23563105,1.5063989,-0.14130189,-0.040808838,-0.37212873
TCGA-A2-A0YG,3.5751128,2.136966,0.47527173,0.976103,0.24501212,-0.43174782,-0.121095374,0.88372767,0.5833565,-0.34094593,0.3146355,0.2011018,-0.51361644,2.2804775,1.1640017,-0.065995805,0.0025134496,-0.0038137378,-0.088640295,1.4516407,-0.023034234,0.11851016,-0.49765888,-0.042102203,0.37417465,-0.010804652,-0.026821135,-0.00595649,-0.048084795,2.1187494,1.0156932,-0.36490738,-0.08515709,0.08892324,-0.10631489,-0.004117281,2.7575557,1.290409,-0.89297134,2.9668846,0.023727478,-0.1692082,0.82201636,-0.0025825098,-0.5347611,-0.21098876,-0.16812404,-0.084798165,-0.44956365,0.7329714,0.006814841,2.0765197,-0.05215807,1.2179567,-0.63024414,-0.45194694,-0.1305514,1.9668591,-0.016147096,-0.05598713,1.5581138,-0.3680461,-0.059459805,-0.64388037
TCGA-A2-A0YH,1.6438922,0.91197026,0.19403139,0.76066965,-0.015449214,-0.16664311,-0.044231646,0.10807896,-0.003912374,-0.12561028,0.23774299,-0.01456773,-0.19029593,0.3290948,0.24937533,-0.028432762,0.4478054,-0.0042621717,-0.03373466,0.6046537,-0.0033853452,0.013745516,-0.18989544,-0.041229326,0.05450489,-0.01713086,-0.0147578195,0.123191595,-0.013008336,0.6446903,0.4162544,-0.09429487,-0.043176543,0.089432955,-0.039310124,0.45477948,0.9065894,0.38125986,-0.34416282,1.2890074,0.14973594,-0.0645565,0.120937645,0.02757208,-0.20186709,-0.09186146,-0.048706725,0.12544069,-0.15373434,0.9933933,0.068593375,0.6546373,-0.006278438,0.31995136,-0.24804652,-0.1389664,-0.032363657,0.6131605,-0.017292522,-0.00023612939,0.9547633,-0.094025746,-0.00091961114,-0.1760475
TCGA-A2-A0YI,2.432532,1.5370666,0.55934745,1.0831969,-0.00019798912,-0.3388342,-0.07434369,0.71603644,0.025758926,-0.24924159,-9.6819924e-05,-0.04888716,-0.39385608,0.42332292,0.41627005,-0.019351112,0.6804591,-0.0074012685,-0.026566967,1.2669841,-0.04463995,0.022511452,-0.3804167,-0.040279787,0.4159707,-0.020946216,-0.036912244,0.21946707,-0.0017489418,1.389408,0.8044649,-0.24209185,-0.11589543,0.33712003,-0.057855077,1.2337651,1.892114,1.038919,-0.63804096,2.4218106,0.47483248,-0.13243066,0.266958,0.15690558,-0.34343487,-0.1304221,-0.09487433,-0.010490449,-0.28285292,1.0362074,0.17447083,0.6336216,-0.045791384,1.3331414,-0.4543197,-0.29430586,-0.055499803,1.4205146,-0.032173797,0.013096686,1.8516111,-0.17849343,-0.040045828,-0.37918115
TCGA-A2-A0YK,2.4801788,1.5638274,0.3755125,0.9321515,0.28314656,-0.31087878,-0.097091325,0.6798648,0.15329641,-0.2605726,0.08258318,-0.029353065,-0.34024593,0.87821287,0.44606507,-0.027623752,0.5330113,-0.009822661,-0.052630115,1.2627326,-0.017319448,0.1629605,-0.34235045,0.011808276,0.055341337,-0.032447435,-0.03551023,0.12625462,-0.006527494,1.1201794,0.62312376,-0.19889493,-0.06866198,0.5123043,-0.072636895,0.71967304,1.8062508,0.90308833,-0.58420986,2.1618078,0.15519644,-0.094780855,0.2234838,0.24783568,-0.34011298,-0.12225144,-0.09889307,-0.025296042,-0.27412805,0.35749388,0.0024422668,0.9734016,-0.039417412,0.80052525,-0.4207855,-0.30275574,-0.053444367,1.1482929,-0.02014311,-0.02640583,1.4768918,-0.19639611,-0.028029302,-0.3698537
TCGA-A2-A0YL,2.0597436,1.1771878,0.43455717,1.0307299,0.13740958,-0.24449252,-0.06929134,0.3705145,-0.0015799034,-0.22151177,0.026576616,-0.027763817,-0.28417557,0.24871667,0.23063432,-0.031558227,0.74932426,-0.0068056653,-0.032204997,1.0169736,-0.030409086,-0.0009513193,-0.3085398,-0.015021259,0.18475547,-0.013333273,-0.02210324,0.19825105,-0.01861265,0.8659719,0.5817926,-0.1622562,-0.05461472,0.911111,-0.0415696,0.8931341,1.3579599,0.9962485,-0.4804817,2.0333824,0.17983668,-0.08093564,-0.009011653,0.26117313,-0.29002187,-0.11826903,-0.073682554,0.0399915,-0.22697811,0.5806451,0.121758826,0.38051555,-0.023486698,0.90062815,-0.36348972,-0.26045302,-0.043303337,1.132575,-0.027105948,0.061250817,1.557241,-0.113341294,-0.024707554,-0.2728046
TCGA-A2-A0YM,3.1612813,1.3896247,0.5097495,1.5289365,0.6026301,-0.27039647,-0.20344554,0.573243,0.28718197,-0.2628876,-0.048436534,0.062051587,-0.4508327,3.0033884,0.9121075,-0.085188285,-0.03520253,0.8218987,-0.023245301,0.6422899,0.16971345,0.2688646,-0.4071202,-0.020859433,0.074294314,-0.014409631,-0.0075446353,0.5640427,-0.063048825,1.4123596,0.6682575,-0.23691006,-0.049649116,0.93480825,-0.11262678,-0.019515797,2.0158987,0.9906635,-0.7162455,2.228745,-0.049770948,-0.07807109,0.3896178,0.7747859,-0.45251575,-0.19588561,-0.11742178,-0.066914566,-0.36094424,-0.0344398,-0.020137241,2.0686703,-0.0354288,0.68376213,-0.53443974,-0.4119647,-0.07851681,1.4896698,-0.02838031,-0.044615567,1.2364663,-0.2509046,-0.03793771,-0.581704
TCGA-A2-A0YT,2.0217345,1.5981389,0.4149793,0.20791486,0.25596273,-0.33939597,-0.076490425,0.8838215,0.53235304,-0.24516271,0.6471623,0.27693555,-0.42288318,2.0370314,0.94345754,-0.04120323,-0.024887243,-0.006004332,-0.05459366,0.9986261,0.32532156,-0.0214443,-0.38202816,-0.030932102,0.82862675,-0.016595036,-0.031795707,-0.014031877,-0.04620697,1.4480566,0.73880696,-0.3239239,-0.10130133,-0.02813634,-0.09001119,-0.0075383172,1.7576448,0.95780945,-0.6140963,1.9162282,0.14966294,-0.10589278,0.684297,-0.047113966,-0.39685354,-0.14416964,-0.15154831,-0.06516027,-0.32733515,1.7359927,0.056690075,2.747362,-0.0849457,0.9732343,-0.45053783,-0.2937567,-0.15535851,1.1845715,0.06540824,-0.019761,0.53908765,-0.24081102,-0.065985285,-0.52597773
TCGA-A2-A1FV,3.39262,2.4927251,0.7420299,0.63732266,0.11991908,-0.44845182,-0.0810744,1.2212613,0.6312136,-0.33739898,0.4658702,-0.008035256,-0.56960475,1.5381926,1.0035695,-0.07504449,0.31841004,-0.026105413,-0.07615268,1.7314335,-0.011930882,-0.005089545,-0.56088203,-0.043641414,1.516303,-0.003412043,-0.045676805,-0.008955165,0.014687896,2.0181863,0.9383958,-0.45169488,-0.15687044,-0.005026977,-0.09562815,0.12233983,2.5514698,1.6112859,-0.8885011,3.0193875,0.20978002,-0.20371656,0.9896794,0.07139036,-0.50890744,-0.18634887,-0.1807461,-0.055164404,-0.46759054,1.6803168,0.28958085,1.7159756,-0.1040132,1.5586824,-0.62204766,-0.41126558,-0.12225658,1.8001847,-0.030829206,-0.00029709973,1.3395622,-0.327837,-0.05325181,-0.66378325
TCGA-A2-A1FW,2.673867,1.7410151,0.22936662,0.1340723,-0.007937692,-0.37305665,-0.10462785,1.136697,0.43859878,-0.302672,0.23437637,-0.0007652202,-0.40615335,1.4465001,0.81414,-0.03175954,0.17827378,-0.020301795,-0.113711655,1.3164355,-0.008597783,0.059056967,-0.43350396,-0.047704205,0.9163369,-0.011736727,-0.04568168,0.11866583,-0.026450336,1.6878831,0.6387278,-0.35993785,-0.09995663,-0.01656556,-0.07149057,0.25234744,2.1084917,1.2096984,-0.7114989,2.6488063,0.3720389,-0.15060125,0.72626966,0.46973813,-0.42747808,-0.17510666,-0.13770784,-0.03933746,-0.37078297,1.0341201,0.34614465,1.354402,-0.037503652,0.9319584,-0.5073991,-0.33493528,-0.11235962,1.7069161,-0.0050342926,-0.05702561,1.3857268,-0.23283441,-0.02767157,-0.55125064
TCGA-A2-A1FX,2.1281745,1.645746,0.6059312,0.079089515,0.18828173,-0.33920494,-0.085784025,0.96215385,0.20230764,-0.25610706,0.4752826,-0.021719528,-0.41364408,0.5792016,0.60504204,-0.013797802,0.55704814,-0.013984351,-0.045906287,1.3337301,-0.019903697,0.06853124,-0.38663396,-0.046190817,1.2660769,-0.01982027,-0.05039714,0.12572198,-0.03263666,1.3585364,0.7192853,-0.31709138,-0.10956841,0.13945654,-0.06665026,0.65675426,1.5695854,1.0872581,-0.6216267,2.124163,0.23406272,-0.14752017,0.61284703,-0.0023158514,-0.35573822,-0.13491423,-0.119563304,-0.009211853,-0.31005025,1.2126651,0.22371846,1.3497185,-0.09535789,1.0119833,-0.4447895,-0.29098064,-0.09095808,1.2104357,-0.0056430465,0.36029464,1.418951,-0.1975107,-0.02896879,-0.44254428
TCGA-A2-A1FZ,2.7144308,1.6843123,0.34089145,0.84564936,0.4425308,-0.3445061,-0.11669516,0.6508329,0.33696446,-0.28554946,-0.01641159,-0.04786861,-0.39275953,0.9514173,0.44527593,-0.014122798,0.6620088,-0.0026197108,-0.07162597,1.1709288,-0.03580062,0.17958099,-0.40084502,-0.016590107,0.37719715,-0.042740416,-0.0106271105,0.4741369,-0.024394652,1.2210739,0.9363273,-0.26704988,-0.06584799,1.0398606,-0.056427605,0.5979218,1.8852046,1.2266154,-0.66598266,2.5393906,0.03569571,-0.13820782,0.379748,0.6868647,-0.3715038,-0.122038,-0.10337763,-0.018692078,-0.3178838,-0.0031325032,-0.00093541166,0.5074428,0.033739828,0.94801444,-0.49319145,-0.3635262,-0.067746125,1.422038,-0.0029024784,-0.02030932,1.8954167,-0.18882966,-0.007522303,-0.42889816
TCGA-A2-A1G0,2.2219822,1.1196736,0.1884529,1.2323246,-0.005986895,-0.22859402,-0.061236303,0.22918576,-0.020822251,-0.17597224,-0.017755123,-0.052542444,-0.24253865,0.12765658,0.0046156137,-0.023214618,0.8418825,0.018627344,-0.03838658,0.86202395,-0.036184657,-0.003293112,-0.2927279,-0.039301373,-0.00033840054,-0.016534818,-0.01776247,0.4009355,-0.007477318,0.85419977,0.6194854,-0.13332525,-0.042043384,0.5960072,-0.05107711,0.97940147,1.4106406,0.8168942,-0.45312175,1.8708328,0.31974873,-0.08863441,0.08959061,0.13256308,-0.26075134,-0.1261715,-0.06479639,0.23716135,-0.20046692,0.7021275,-0.00640715,-0.0061521307,-0.0035543197,0.81068164,-0.3252878,-0.20726202,-0.033668157,0.8914691,-0.03836409,0.05615023,1.7155385,-0.097483955,-0.015318252,-0.22762613
TCGA-A2-A1G1,2.5969882,1.4234048,0.47092113,0.9179122,0.37350416,-0.2810785,-0.13198291,0.7391498,0.1919401,-0.25005433,0.20283504,-0.024400458,-0.43238974,1.8765923,0.66073614,-0.06277353,0.19225812,0.5380388,-0.032872107,0.8640729,-0.0031703312,0.22273874,-0.38430387,-0.02911824,0.64632165,-0.024453156,-0.026184184,0.21321468,-0.020548865,1.3305097,0.7753238,-0.2655563,-0.05876413,0.52341706,-0.08906567,0.21928605,1.7401066,0.89593565,-0.67690855,2.164913,-0.022407237,-0.12472478,0.40339446,0.25706667,-0.4078548,-0.15184872,-0.12111355,-0.02498979,-0.3168185,0.42717838,0.15330085,1.8211678,-0.075896755,0.89533263,-0.4826418,-0.33141991,-0.090887636,1.5431397,-0.018860757,0.015093636,1.3711487,-0.21633457,-0.026980055,-0.48972908
TCGA-A2-A1G4,3.213966,1.8947047,0.89049846,0.645704,0.24341543,-0.3711423,-0.111957386,0.7378657,0.2072733,-0.33386853,-0.017363055,-0.042162713,-0.44219238,1.3396515,0.61260444,-0.040465247,0.5723937,-0.03445816,-0.042127755,1.4186786,-0.04082868,0.072641015,-0.45924583,-0.04707625,0.67674667,-0.009142263,-0.02346093,0.26544923,-0.012755312,1.5367523,0.7857559,-0.30148822,-0.109962456,0.64015424,-0.08975601,0.5633112,1.9436257,1.4179534,-0.73673695,2.7444158,0.33571506,-0.17424557,0.33771032,0.81329894,-0.44556466,-0.1305498,-0.11777206,-0.059436806,-0.36872366,0.99961305,0.008133015,0.778448,-0.043620523,1.2463127,-0.5423576,-0.35708436,-0.10054984,1.6143951,0.040658314,-0.0072845593,1.6479526,-0.20065475,-0.0437408,-0.508417
TCGA-A2-A1G6,2.026992,1.0253891,0.4215519,1.6350412,0.06448117,-0.21424952,-0.06307958,0.061356377,-0.013654659,-0.18363176,-0.03674109,-0.022818457,-0.24357162,0.16973604,-0.014506075,-0.016733347,0.8386329,0.030375136,-0.03147012,0.7767548,-0.034345087,0.07079322,-0.28099653,-0.015902152,-0.015215407,-0.024369186,-0.014879865,0.52401334,-0.023172796,0.6389252,0.5524086,-0.10676569,-0.027984777,1.043161,-0.044733167,0.92225575,1.1654904,0.86965406,-0.430307,1.8176621,0.09343325,-0.06916358,-0.01710668,0.55037344,-0.2485358,-0.11137104,-0.046857856,0.22146134,-0.18713105,0.1570848,0.04239387,-0.016770968,0.082193814,0.70792025,-0.32221004,-0.23031023,-0.027838675,1.0608038,-0.034850452,-0.011496201,1.7736971,-0.091395184,-0.0053815744,-0.20855275
TCGA-A2-A259,1.796713,1.18883,0.30912286,1.0842593,0.12190427,-0.24414933,-0.07770066,0.24152261,-0.004643679,-0.1769725,-0.0057167145,-0.048992243,-0.25459266,-0.012905861,0.1177347,-0.025170747,0.9302866,-0.0031035317,-0.049680803,1.0085135,-0.02000275,0.14933996,-0.2879289,-0.022564415,0.06539576,-0.02322785,-0.027640274,0.4880055,-0.0058125043,0.7720453,0.5662053,-0.14087014,-0.053324547,0.6755987,-0.04388217,0.9622077,1.1794499,0.7330919,-0.45477745,1.8923353,0.18536,-0.077844076,-0.0045201485,0.2602225,-0.25550517,-0.11455347,-0.05778257,0.35103604,-0.20076323,0.4238869,0.12106568,0.19898942,0.023319894,0.68974036,-0.32591075,-0.2164812,-0.032155037,0.9065393,-0.011334611,0.036302786,1.6881201,-0.08813175,-0.021810116,-0.23082602
TCGA-A2-A25A,2.4743543,1.7306579,0.57633746,0.9364913,0.24340694,-0.32817978,-0.089787036,0.630314,0.14789405,-0.26477298,0.06616907,-0.045767304,-0.38486698,0.6648983,0.355047,-0.036209438,0.76829636,-0.020058623,-0.06316387,1.2130724,-0.03776304,0.19500798,-0.40828076,-0.025968004,0.33321092,-0.03189017,-0.021015285,0.30219132,-0.016660115,1.1944091,0.8334854,-0.23012555,-0.05949218,0.6659303,-0.053944845,0.7874228,1.8119113,1.1012104,-0.6495339,2.423028,0.17923236,-0.12702012,0.27990863,0.51007664,-0.3664698,-0.13656655,-0.09222976,-0.016326841,-0.30276677,0.32057688,0.029236516,0.43175983,-0.03968061,1.1389676,-0.4671638,-0.33897734,-0.06693887,1.483855,-0.0002653529,-0.007318124,1.989565,-0.16835558,-0.02739107,-0.3925756
TCGA-A2-A25B,2.6821759,1.5127152,0.3908939,1.052264,-0.0020044227,-0.32056543,-0.058657087,0.62276405,0.2132085,-0.24141212,0.08345701,-0.02966828,-0.3627609,0.7241897,0.4559596,-0.010619056,0.51587075,0.08180811,-0.067317344,1.2520498,-0.049766336,0.14925191,-0.36956462,-0.044761743,0.311582,-0.024874238,-0.020018281,0.3422525,-0.023050293,1.3947371,0.8850844,-0.24052374,-0.085309066,-0.0018402319,-0.07115637,0.57929003,1.8625427,1.0059961,-0.6388452,2.4546938,0.36174378,-0.12955861,0.3086987,0.22670873,-0.38204747,-0.17687115,-0.07539115,-0.011378245,-0.29378006,0.66336465,0.07117351,0.723726,-0.039870996,1.3064497,-0.4631339,-0.29476246,-0.08154244,1.4296482,-0.030379293,-0.031962674,1.6624621,-0.20046969,-0.055462744,-0.3879002
TCGA-A2-A25C,2.1720371,1.4337021,0.6405273,0.95700467,-0.0032402526,-0.29913384,-0.095934145,0.30721852,0.092546076,-0.23930089,-0.0012942313,-0.052622825,-0.32211387,0.014262166,0.15123773,-0.018210186,0.89942324,0.0068522226,-0.06227813,1.1219618,-0.058894176,0.11208321,-0.32255238,-0.04068487,0.21362658,-0.01879747,-0.020852579,0.34549814,-0.033460207,0.94631815,0.6815342,-0.19511239,-0.06649537,0.6592005,-0.044581026,0.8652043,1.7059252,1.0973238,-0.57276344,2.2323449,0.087834865,-0.112978,0.34211296,0.3788293,-0.3123313,-0.11297082,-0.08330395,-0.00030758345,-0.2716863,0.62422115,0.030390637,0.27594802,-0.007894064,0.9793492,-0.42347088,-0.26649788,-0.047420647,1.3007889,-0.016160574,0.05002914,1.9105506,-0.124886654,-0.037837002,-0.3307017
TCGA-A2-A25E,2.2167017,1.5848392,0.45299307,0.86100286,0.16242565,-0.32397422,-0.08742047,0.7151574,0.054419074,-0.24530359,-0.0038736053,-0.04213305,-0.3560301,0.28115335,0.3559361,-0.03821885,0.9366252,0.010151168,-0.065833144,1.1424024,-0.028624281,0.0109077385,-0.38847154,-0.045400336,0.5695595,-0.024008136,-0.044961065,0.45543718,-0.00088142307,0.97569156,0.84787816,-0.21489309,-0.0692786,0.32039455,-0.03682666,0.8555274,1.6120324,1.1670913,-0.5947176,2.4996784,0.3538775,-0.13546024,0.23031086,0.43339646,-0.35158002,-0.14338408,-0.08451312,-0.0043742564,-0.27123183,0.7734794,-0.01956073,0.09833776,-0.022641687,1.1118364,-0.42438707,-0.27906528,-0.060006704,1.3255956,-0.019455604,-0.00039385745,1.8826233,-0.12588032,-0.043709848,-0.33821335
TCGA-A2-A25F,2.2569158,1.2699838,0.4176744,1.3612787,0.053022105,-0.28560343,-0.0980541,0.27514747,-0.009706464,-0.22609799,-0.0299209,-0.044520315,-0.32046983,0.1411332,0.09481551,-0.03346509,1.0352044,0.25285533,-0.038483568,1.0153974,-0.029978676,0.14188226,-0.31807974,-0.02720561,0.26193106,-0.03859855,-0.015162653,0.53374475,-0.004433252,0.8156067,0.91828024,-0.16834973,-0.0592278,0.22386412,-0.049019594,1.1625291,1.6382332,0.8698827,-0.5566482,2.2106624,0.008427072,-0.08372661,0.10808806,0.1833201,-0.2924275,-0.10031318,-0.08085996,0.10144949,-0.24224432,-0.01527773,0.16551767,0.5338898,-0.026913676,0.9933129,-0.37980977,-0.27168623,-0.043307755,1.1365403,-0.02290289,-0.017391369,1.8585838,-0.14915924,-0.02878539,-0.2859845
TCGA-A2-A3KC,3.1150932,1.8789895,0.509093,1.1660715,0.22537039,-0.36759314,-0.12461378,0.8381505,0.34919655,-0.32233873,-0.011617491,-0.030632213,-0.4894913,1.3433988,0.663211,-0.044962555,0.66557765,0.09711456,-0.06567043,1.3560128,-0.032915,0.14461191,-0.47931367,-0.017154524,0.42782727,-0.009590096,-0.026922852,0.22015776,-0.012965632,1.5487472,0.9823971,-0.2949923,-0.0859317,0.55752486,-0.08038289,0.8435927,2.1839454,1.3091917,-0.7754611,3.0734913,-0.008743561,-0.13982478,0.41233236,0.63412297,-0.4554884,-0.16526422,-0.12793143,-0.028427044,-0.3881347,0.01943129,0.19955647,0.9881897,-0.029565943,1.109873,-0.5595472,-0.411059,-0.080893114,1.694107,-0.022333156,-0.036664616,2.06473,-0.24347234,-0.043891445,-0.5434545
TCGA-A2-A3KD,2.5385735,1.3673338,0.4933504,1.2987331,0.20801601,-0.2946814,-0.09097519,0.3129457,-0.012270653,-0.22918968,-0.0065214336,-0.022721954,-0.31398717,0.3053277,0.15281245,-0.03385412,0.9164636,-0.002483447,-0.05006194,0.8871578,-0.037452802,0.17473802,-0.34260428,-0.0072558583,0.14564331,-0.02763745,-0.0058859885,0.41815424,-0.013533823,0.9220268,0.6826983,-0.16321574,-0.06283801,1.2719874,-0.04319104,0.9522724,1.396053,1.0872979,-0.53668356,2.1941376,0.12427697,-0.10101785,0.02690925,0.630929,-0.3067309,-0.12343138,-0.06756794,0.04571682,-0.25204703,0.35818908,-0.008797653,0.12762536,0.0014319886,0.8628281,-0.40456372,-0.28692123,-0.037036043,1.3608104,-0.036765456,-0.0038274173,1.9377017,-0.12225745,-0.02043013,-0.29376602
TCGA-A2-A3XS,2.6861205,1.1697329,0.49054542,1.5443782,-0.002268331,-0.25819686,-0.15694766,0.49908647,0.41230235,-0.18630727,-0.033177502,0.22573204,-0.37897965,2.3188198,0.5914339,-0.0771747,-0.031179694,0.4752863,-0.049800448,0.62204915,0.22849797,0.3635458,-0.3350551,-0.030580236,0.04147249,0.05240505,-0.054436643,-0.0025630873,-0.042569216,1.3239018,0.7509179,-0.24157858,-0.062058724,0.37825933,-0.09556042,-0.010624896,1.7436419,0.621605,-0.61650705,2.0175838,-0.007854062,-0.08021992,0.40810794,0.12929359,-0.38077125,-0.18907228,-0.097255446,-0.0022603485,-0.29858077,1.0678284,-0.013515218,2.4282632,-0.030002458,0.6689352,-0.46523958,-0.29945526,-0.1029525,1.2265551,-0.03885881,-0.023765912,0.84904116,-0.23587051,-0.027525602,-0.44684467
TCGA-A2-A3XT,2.4785006,1.1787226,0.31781793,1.8053285,0.25561514,-0.24781445,-0.120595396,0.16288504,-0.01231363,-0.18393634,-0.029075338,-0.031167064,-0.29241565,0.95534265,0.2678399,-0.029749323,0.4397994,0.74365073,-0.028111381,0.60261065,-0.016399553,0.21249449,-0.29764387,-0.03764958,0.014590528,-0.031254075,-0.01716393,0.58878994,-0.011078255,0.88407135,0.74704236,-0.14738648,-0.040770493,0.83329326,-0.06415304,0.4218906,1.3781435,0.910837,-0.50147897,1.8816072,-0.010128648,-0.051496994,0.074444726,0.2170497,-0.28561586,-0.123876035,-0.071479775,0.19161175,-0.23088603,0.40362576,-0.0023202745,0.6194286,0.092013635,0.7405386,-0.40256396,-0.26074514,-0.04065534,1.0911746,-0.036306,-0.008408654,1.6206867,-0.11389462,-0.037429497,-0.28404176
TCGA-A2-A3XU,2.3162105,0.7532338,0.43972957,1.8886164,0.14905372,-0.2089418,-0.17766929,-0.0020060395,-0.009789826,-0.16698109,-0.022203995,0.10083508,-0.3087164,2.3963032,0.6495419,-0.03983141,-0.040980082,1.1130079,-0.04157199,0.36708072,0.00964747,0.3293889,-0.27196023,-0.027196143,-0.051920295,0.18209273,-0.026941014,0.5445515,-0.044637717,1.0514759,0.49223477,-0.14450574,-0.02657693,1.1763428,-0.08267579,-0.0255128,1.4366238,0.85917294,-0.48720178,1.5551317,-0.027192218,-0.063593335,0.31217682,0.21612062,-0.31877205,-0.143827,-0.041252375,-0.017780254,-0.23406704,0.6469877,-0.03859617,1.917101,0.09706598,0.5164964,-0.40117985,-0.26421186,-0.059714865,0.9664718,-0.0129263615,-0.0061315936,0.9934538,-0.12015549,-0.014948012,-0.37842226
TCGA-A2-A3XV,3.4950926,1.7283115,0.6232231,1.3839506,0.2614299,-0.38748822,-0.17340997,0.56999874,0.643079,-0.3443227,0.048022807,-0.014158278,-0.50279397,2.2934716,0.7776159,-0.06797405,0.08248961,0.21304491,-0.06960931,1.5345323,-0.0059453044,-0.0071989014,-0.4996952,-0.04167622,0.45229128,-0.016907815,-0.003092095,0.09150776,-0.017379675,1.6790512,0.98148733,-0.31704482,-0.08456197,0.7381622,-0.10871529,0.18317945,2.4176364,1.279068,-0.8590352,2.664103,-0.045584686,-0.14434867,0.29545593,0.4031543,-0.5001201,-0.19095017,-0.13535924,-0.039776918,-0.438624,0.24556245,0.1317864,2.1520936,-0.061235774,1.0740042,-0.6147458,-0.45871893,-0.12162542,1.9211011,-0.024579816,-0.06929031,1.4615026,-0.27206972,-0.041886915,-0.5772593
TCGA-A2-A3XW,2.3786857,1.0057079,0.4591811,1.6717092,-0.0047044666,-0.22127819,-0.069075115,0.26375124,-0.0062909834,-0.21220382,-0.026087595,-0.028206253,-0.26687962,0.21952084,-0.005148713,-0.011699311,0.92078567,0.13161612,-0.03612533,0.7796533,-0.03827059,0.089638695,-0.29423806,-0.023366798,-0.0062373322,-0.032302152,-0.018980103,0.36063233,-0.0124479085,0.80450666,0.8953379,-0.14384566,-0.033754274,0.49676856,-0.034626883,0.8727559,1.5344411,0.9304925,-0.49221888,2.158305,0.023238214,-0.09641435,0.12341736,0.4296733,-0.27175456,-0.13108951,-0.049333207,0.22101192,-0.20846573,0.30849147,-0.005773624,0.038632005,-0.01208197,0.89120585,-0.35154766,-0.25756577,-0.04196945,1.1857328,-0.027485672,-0.02182277,1.6964852,-0.10374216,-0.03243273,-0.2564412
TCGA-A2-A3XX,2.6542134,0.8867861,0.24660864,2.261127,0.16569765,-0.21208446,-0.1527242,-0.0016863305,0.08867305,-0.18973936,-0.021914573,0.06273457,-0.32204878,1.7034141,0.3352675,-0.043502178,0.224338,0.99242777,-0.021562291,0.27997425,-0.020408018,0.21915236,-0.3123834,-0.03569564,-0.039629575,-0.009299639,-0.01985572,0.43413574,-0.05575623,0.87474453,0.8328383,-0.14046264,-0.04436089,1.0366778,-0.10158268,0.23710088,1.5351679,0.73542947,-0.5551732,1.874792,-0.057590295,-0.056934007,0.23950574,0.108322114,-0.34921253,-0.16914234,-0.06366827,0.04195075,-0.27015054,0.39947885,0.0022511017,1.2983042,-0.0040293485,0.72690403,-0.41124415,-0.28469598,-0.0631812,1.0205488,-0.011981421,-0.01754666,1.3668206,-0.16124521,-0.010835442,-0.35675746
TCGA-A2-A3XY,2.5310352,1.3205498,0.47533312,1.26941,0.06555751,-0.2664945,-0.13025141,0.23535234,0.1326518,-0.21999435,-0.0028010479,-0.011798442,-0.35243973,1.6031982,0.5978489,-0.06033097,0.30906907,0.45760632,-0.034355246,0.7193339,0.036668267,0.23715132,-0.33417568,-0.04348474,0.11023949,-0.015935311,-0.03292996,0.10952702,-0.030083764,1.184895,0.85213137,-0.22079813,-0.059201755,0.3423513,-0.08287322,0.19267026,1.6622517,0.7115222,-0.5819979,2.0326,-0.038657404,-0.10011009,0.27957276,0.0079806745,-0.3516255,-0.14203529,-0.111006536,-0.018579356,-0.276232,0.44471946,0.081226066,1.7214161,-0.027230343,0.8079744,-0.43026438,-0.2958828,-0.07057073,1.2591887,-0.016935783,-0.029689569,1.1701183,-0.21664989,-0.015457141,-0.3795619
TCGA-A2-A3XZ,2.6003592,1.4317015,0.53088737,1.4522196,0.040832166,-0.27653834,-0.10716021,0.34830108,0.031691317,-0.25139758,-0.030819727,-0.04211859,-0.35722828,0.7988963,0.31283656,-0.033957068,0.87837505,0.30169493,-0.04204245,1.0228006,-0.03188644,0.36910084,-0.35764998,-0.025423078,-0.009304424,-0.042043205,-0.028100058,0.49200976,-0.017640917,1.1472248,0.84847033,-0.18413998,-0.05813573,0.2765805,-0.058464255,0.83044994,1.8429646,1.0138185,-0.5985488,2.3013225,0.108358674,-0.10951022,0.21143937,0.2856537,-0.35807863,-0.12952478,-0.09365472,0.053052034,-0.27040485,-0.0034335663,0.07253482,0.61084706,-0.013689178,0.9128788,-0.43132806,-0.29027778,-0.051554393,1.3638712,-0.022330353,-0.038263325,1.8835788,-0.20003238,-0.046022378,-0.34065723
TCGA-A2-A3Y0,2.1373467,0.8144731,0.5586476,1.6323218,0.099283874,-0.17253357,-0.10978105,0.28679737,-0.005572447,-0.14935657,-0.0031496696,0.030647866,-0.25514814,1.2599925,0.2368686,-0.03312019,0.2650788,0.6926989,-0.023881983,0.42641416,0.031630304,0.16553183,-0.247981,-0.036853477,-0.003245242,-0.018649517,-0.025283067,0.26020434,-0.028413964,0.69470423,0.65955436,-0.12519994,-0.027476136,0.44956404,-0.06828648,0.27478766,1.2760448,0.5626957,-0.450419,1.640973,-0.030545894,-0.06552263,0.1970914,0.05646421,-0.2875091,-0.12366023,-0.043946467,0.07600874,-0.19824174,0.67881787,-0.004220038,1.1252397,-0.008799311,0.527865,-0.32680765,-0.21343048,-0.044386756,0.69499683,-0.030107085,-0.029656697,1.1126816,-0.13219447,-0.006413886,-0.26266155
TCGA-A2-A4RW,3.100485,1.9582433,0.4686634,1.1452234,0.21248518,-0.37513334,-0.12515226,0.70019656,0.23333582,-0.3069955,-0.011909335,-0.04079794,-0.44965264,1.1639264,0.64812267,-0.04842132,0.6246804,-0.011602061,-0.085514545,1.511472,-0.022762066,0.30843222,-0.44988188,-0.02132701,0.25355414,-0.02580818,-0.029279655,0.3050709,-0.024584882,1.4097832,0.96284544,-0.2894591,-0.07164844,0.46842268,-0.072192125,0.62779033,2.077657,1.1840667,-0.7454759,2.8081841,0.08063732,-0.12563917,0.2580477,0.50985545,-0.44329697,-0.15215532,-0.11782246,-0.040217604,-0.3530086,0.04372206,0.079567395,0.9460766,-0.033111516,1.1289289,-0.53269506,-0.39330673,-0.08744687,1.5639882,-0.028388916,-0.029853905,1.8736461,-0.23208831,-0.03621069,-0.5007626
TCGA-A2-A4RX,2.3786778,1.1992586,0.3087615,1.7571404,0.18337609,-0.22966924,-0.109862186,0.23829764,-0.008904778,-0.20532146,-0.03221277,-0.023216626,-0.3068436,0.90967935,0.22199613,-0.019404063,0.53119975,0.34390232,-0.0084045,0.49276054,-0.012241624,0.24478744,-0.29792663,-0.016295854,-0.041652862,-0.015697198,-0.024770243,0.4196797,-0.019190108,0.9758336,0.67076975,-0.1406598,-0.04730357,0.8888148,-0.067457825,0.4997049,1.4421926,0.84209394,-0.5117697,2.1026938,0.049571157,-0.077089615,-0.0022176218,0.4316798,-0.29236576,-0.11967679,-0.05337156,0.11831872,-0.22006683,0.16987574,-0.01657957,0.65864563,-0.009166586,0.88500285,-0.39312884,-0.26817256,-0.050552648,1.2292237,-0.021270677,-0.019133149,1.6135867,-0.13624015,-0.014264712,-0.30521706
TCGA-A2-A4RY,2.4742122,1.3363043,0.42147216,1.5601189,0.22986071,-0.28462794,-0.094589286,0.35467395,0.094422154,-0.23037033,-0.023297006,-0.033553418,-0.3298851,0.7453542,0.23364896,-0.027788827,0.6237322,0.050803766,-0.037443873,1.0281773,-0.03750856,0.0849617,-0.34783706,-0.021150827,-0.0106589915,-0.025691548,-0.02384732,0.37924471,-0.029779887,1.0303348,0.7536638,-0.16931482,-0.06301976,0.744197,-0.055244263,0.7323545,1.583154,0.894902,-0.5849475,2.201294,0.020059394,-0.092027724,0.06769401,0.62877923,-0.34372526,-0.13926722,-0.071998276,0.036052797,-0.25381175,0.21445106,0.043684706,0.40195626,-0.005535155,0.99197453,-0.42837372,-0.294589,-0.0453584,1.2682917,-0.031020237,-0.027722407,1.8477539,-0.15189672,-0.014326567,-0.3207051
TCGA-A2-A4S0,1.9793297,0.90696424,0.18820134,1.2287568,-0.0035297542,-0.22807875,-0.086441174,0.26632464,-0.00904765,-0.16058604,-0.018425811,-0.04683016,-0.2409139,0.08065155,0.06837072,-0.031421486,0.8873384,-0.002572992,-0.058825113,0.9111809,-0.031492982,0.3636327,-0.28089678,-0.012485807,0.13452609,-0.034194853,-0.022221522,0.5847951,-0.00929287,0.7499603,0.6643584,-0.13064837,-0.052045714,0.92440623,-0.051256616,0.83693844,1.3485013,0.850201,-0.44245586,1.9001266,0.3007843,-0.08540222,0.16381252,0.34089208,-0.25496182,-0.08692955,-0.05607369,0.32047835,-0.2043355,0.38317746,-0.008461983,-0.019636914,0.018731156,0.9479965,-0.33449534,-0.2190552,-0.045553796,1.0450563,-0.0014474732,-0.003868941,1.8505974,-0.08216283,-0.031201795,-0.23402162
TCGA-A2-A4S1,2.6899185,1.572502,0.47252908,1.2310933,0.03286287,-0.34721634,-0.11468885,0.40103713,0.19463684,-0.2364097,0.08736305,-0.0074909786,-0.38321364,1.519529,0.33793283,-0.02973269,0.40114072,0.47842336,-0.06446053,0.9938463,-0.0070170104,0.18002369,-0.35193735,-0.025644172,0.3766784,-0.029252274,-0.026159836,0.1911302,-0.03152719,1.2859834,0.6982266,-0.23615669,-0.07174439,0.26616475,-0.07561093,0.39851835,1.6289614,0.65463793,-0.6167267,2.1554685,0.09350867,-0.08800963,0.36307323,-0.011675797,-0.37345594,-0.1486215,-0.12241013,-0.021432644,-0.27128404,0.63851106,0.3123587,1.7555861,-0.027157048,0.88236135,-0.43787786,-0.28360155,-0.09680071,1.2330861,-0.019784935,-0.02688672,1.2400088,-0.19829662,-0.03953992,-0.43493947
TCGA-A2-A4S2,2.6246624,1.7291566,0.67314714,0.87347496,0.30233267,-0.33964622,-0.12189777,0.5998844,0.281337,-0.27978072,0.06805479,-0.02962144,-0.42372623,0.82286173,0.53235954,-0.053450894,0.6701051,-0.013511888,-0.057026114,1.2561301,-0.046437304,0.1309375,-0.39119384,-0.028528526,0.75650084,-0.034348566,-0.02836052,0.35952353,-0.010322179,1.20487,0.9176081,-0.27020773,-0.093172826,0.9279246,-0.07531932,0.87342846,1.6956825,1.3215603,-0.66531533,2.394794,0.15464772,-0.14893879,0.45026618,0.4462871,-0.38466856,-0.11647313,-0.095425226,-0.02879867,-0.31485933,0.58255637,0.039233647,0.9106333,-0.027268765,1.021472,-0.49462315,-0.34353045,-0.058200147,1.5426502,-0.0075403154,-0.0031501276,1.802069,-0.19473414,-0.022427954,-0.42765465
TCGA-A2-A4S3,1.4742974,0.7956657,0.31057808,0.887156,-0.021170696,-0.19541678,-0.07129772,0.12574941,0.033782028,-0.13435067,-0.010189786,-0.010672235,-0.20636158,0.2561656,0.07310636,-0.01525172,0.56674343,0.014161473,-0.034459803,0.6224568,-0.017337171,0.03927607,-0.20312738,-0.030177012,0.1763845,-0.008605182,-0.024998965,0.21684425,-0.013825486,0.73193586,0.61788636,-0.12500556,-0.027668854,0.13795607,-0.037727293,0.75255185,1.0527631,0.6284091,-0.36758417,1.4508932,0.21949288,-0.060931385,0.052869756,-0.009623217,-0.19943099,-0.08187194,-0.04184819,0.04963209,-0.183788,0.44368723,0.025031177,0.552985,-0.012508864,0.5799246,-0.25895613,-0.15323001,-0.042974815,0.6855638,-0.019927885,-0.014114029,1.0566244,-0.08655086,-0.0071022096,-0.187052
TCGA-A7-A0D9,2.256236,1.2830311,0.64475244,0.961988,-0.025751604,-0.33425605,-0.09932457,0.6284171,0.3433543,-0.20448883,-0.009963917,-0.021236753,-0.375658,0.33309686,0.23179346,-0.04797926,0.63695145,-0.04634531,-0.07312574,1.3052522,-0.04231461,0.20569313,-0.36419636,-0.039652314,0.29956713,-0.012488554,-0.024729474,0.25595754,-0.018691024,1.123706,0.663468,-0.22034708,-0.0962664,0.03468402,-0.03965471,0.86038303,1.755446,0.9992899,-0.5763068,2.1301808,0.6961816,-0.11428728,0.30169827,-0.0050929612,-0.35810703,-0.14020146,-0.09667202,-0.03219956,-0.29437122,1.6505485,0.03065413,0.93357533,-0.041094173,0.9729211,-0.40395847,-0.26658073,-0.09566515,1.1504569,-0.026857585,0.24335432,1.4769719,-0.1613156,-0.039565857,-0.3519908
TCGA-A7-A0DC,1.6729795,1.3045286,0.34667465,0.5570701,-0.008934485,-0.26004913,-0.045866787,0.39186302,0.07691857,-0.1703526,-0.0038389803,-0.019917933,-0.25230512,-0.017882442,0.19916104,-0.008652645,0.8229198,-0.022709677,-0.07521498,0.9396073,-0.028097758,0.109680474,-0.2715165,-0.027250072,0.4654189,-0.024111485,-0.024427168,0.18376936,0.20429657,0.8932954,0.6313724,-0.16373734,-0.06069484,0.356023,-0.046056356,0.8662033,1.2379142,0.78711116,-0.42071578,1.791964,0.37389535,-0.08146196,0.27766055,0.097997844,-0.2348926,-0.07349488,-0.070169404,0.047881458,-0.20236237,1.0172307,0.17442207,0.34349844,-0.016221238,0.8416942,-0.32396516,-0.19037032,-0.05195377,0.872159,-0.014013316,0.13665809,1.4264054,-0.098616146,-0.018030768,-0.22163692
TCGA-A7-A13D,2.346578,0.7924748,0.60093707,1.6536237,0.12730701,-0.21983664,-0.19319242,0.22581172,0.13685122,-0.20958388,-0.00063298777,0.07836493,-0.37200597,2.172276,0.6268567,-0.043907043,0.24244998,1.3793298,-0.02182149,0.48204955,0.18447576,0.40150353,-0.35026926,-0.034451343,-0.00020671301,0.0109011065,-0.007479002,0.5039067,-0.034110297,1.1419413,0.6122411,-0.21346705,-0.03839873,0.8498797,-0.10663209,-0.022533577,1.6780614,0.82440907,-0.5629716,1.8566169,-0.04489103,-0.09822067,0.46817583,0.46328443,-0.34904495,-0.16910365,-0.084539615,-0.02181925,-0.2812576,0.24560715,-0.021633593,1.9948703,-0.008501443,0.78252167,-0.48291656,-0.30326232,-0.06707327,1.2527715,-0.0040654517,-0.009268656,1.0611043,-0.20170529,-0.046559002,-0.4446679
TCGA-A7-A13E,2.708562,1.5325464,0.7311531,0.0033418462,0.3539354,-0.28433463,-0.21833514,0.72100383,0.46746466,-0.2920726,0.3542388,0.3882239,-0.49625182,2.9293923,1.238672,-0.0676895,-0.038526203,1.3505145,-0.051625032,0.82217836,0.6166383,0.30232862,-0.45200786,-0.03039912,1.2703917,-0.0038029936,-0.03434811,0.039839793,-0.011558845,1.9315214,0.4991464,-0.4372513,-0.060040522,1.0655411,-0.122933924,-0.040341187,1.9652598,1.1251435,-0.7266181,1.9153367,-0.0729078,-0.08644763,0.36310965,0.2674656,-0.4459423,-0.1697085,-0.16071837,-0.053453404,-0.39336145,0.4349359,-0.010330281,3.7246609,-0.07711353,0.51662976,-0.57487476,-0.3713128,-0.114897035,1.5766354,0.12233525,-0.002345695,0.21354753,-0.29353985,-0.045226246,-0.6723992
TCGA-A7-A13F,2.9551687,2.2043202,0.7378238,0.23774174,0.2687551,-0.42713413,-0.14286125,1.4068942,0.56848043,-0.34118935,0.59901655,-0.031338524,-0.54275125,0.8824968,0.76162785,-0.0630579,0.6011599,0.25721243,-0.0839618,1.689657,-0.024445977,0.13894352,-0.4702351,-0.057193328,1.3003457,-0.022920555,-0.023870245,0.1666616,-0.04146709,1.7090071,1.298358,-0.40236688,-0.10214581,0.25748757,-0.10957446,0.7898573,2.289964,1.7053344,-0.8465746,2.7440479,0.05755073,-0.20661822,0.7690019,0.5643769,-0.48885962,-0.15342258,-0.13542879,-0.044420343,-0.3964046,0.8279419,0.086175576,1.307951,-0.06481448,1.5071825,-0.58954394,-0.42051592,-0.1157331,1.7448208,-0.009640182,0.07267381,1.7146205,-0.257793,-0.03215544,-0.6151004
TCGA-A7-A13G,2.3945117,1.4574652,0.31538162,1.1801627,0.15766482,-0.28549767,-0.092100374,0.5057839,0.17425914,-0.23235281,-0.009408121,-0.009435854,-0.3217223,0.23775761,0.31732264,-0.011023975,0.558488,-0.016402721,-0.057395674,0.95240426,-0.02755246,0.06585609,-0.33273402,-0.008563468,-0.027442409,-0.03501079,-0.032977756,0.07872367,-0.0049374844,1.0461082,0.61516577,-0.16598116,-0.077467,1.0214092,-0.027744848,0.7112091,1.4926513,1.0983456,-0.55587226,2.1584914,0.2595273,-0.10684308,0.26584297,0.6682326,-0.30859393,-0.12268976,-0.072488755,-0.009251172,-0.26566863,0.6496274,-0.018057264,0.082344115,-0.001655112,0.8172704,-0.43002772,-0.2568463,-0.05245178,1.3175939,-0.041603535,-0.021314273,1.6351886,-0.13071547,-0.019898219,-0.31855983
TCGA-A7-A13H,2.3090997,1.5138521,0.47145274,0.97020316,0.28116328,-0.29792246,-0.09043359,0.5311852,0.09483699,-0.2343171,0.0254972,-0.05889144,-0.32078442,0.30377033,0.1576237,-0.0231295,0.87846947,-0.02042956,-0.04754379,1.1910628,-0.03011311,0.16065308,-0.35409954,-0.012873778,0.104234666,-0.01994413,-0.015117789,0.38896793,-0.0155518,0.9556034,0.7373104,-0.18622188,-0.07165678,0.77684623,-0.039311234,0.87179536,1.5437028,1.0332749,-0.54671955,2.237266,0.23217683,-0.11823447,0.07780671,0.5258078,-0.32705227,-0.12940495,-0.06459262,0.02411336,-0.2557994,0.35069615,0.0005464237,0.05935339,-0.015036914,0.8322775,-0.4182201,-0.2813508,-0.042741507,1.3164414,-0.008914308,-0.0032186497,1.8654251,-0.13473509,-0.026211748,-0.30989343
TCGA-A7-A26E,3.0606852,1.8361125,0.58130234,1.3598799,0.28461763,-0.3869401,-0.11107457,0.7838597,0.32560244,-0.28332594,0.19039671,-0.028284866,-0.42738652,0.8000412,0.5701604,-0.036777027,0.638625,-0.012181218,-0.07120203,1.321372,-0.031207172,0.3045795,-0.3980467,-0.028289525,-0.018510217,-0.0296563,-0.020728393,0.25393936,-0.011722413,1.4763702,1.0036321,-0.24493437,-0.08479636,0.6345414,-0.058907308,0.7431498,2.0795927,1.1492238,-0.71904963,2.85542,0.3744614,-0.15306829,0.52850705,0.6596946,-0.422969,-0.17151602,-0.10132893,-0.013081975,-0.33077002,0.73831356,0.04262088,0.7555886,-0.017985752,1.4810146,-0.5165033,-0.36736354,-0.06777357,1.6728655,-0.04301905,-0.027768686,2.007118,-0.18940735,-0.023965081,-0.42388445
TCGA-A7-A26F,2.9029744,1.713558,0.4915142,1.1358043,0.1928477,-0.33481604,-0.15414393,0.674533,0.30513927,-0.28181943,0.23108843,-0.014022345,-0.46450782,2.2151918,0.7690529,-0.069498144,-0.009844765,0.37136596,-0.041091178,1.1285751,0.028869417,0.2264819,-0.4213473,-0.037214596,0.46577126,-0.016176287,-0.028179491,0.11411637,-0.037967212,1.558273,0.81463647,-0.30909973,-0.08021916,0.43096706,-0.0900439,0.22039573,1.9515506,1.0503953,-0.7601757,2.4963658,-0.01985183,-0.10334722,0.2698301,0.13405947,-0.439128,-0.15864848,-0.13626836,-0.051439274,-0.37862638,0.21985847,-0.0043024616,2.0755947,-0.06732691,0.96596146,-0.52719146,-0.3710608,-0.10748901,1.7311805,-0.012706609,-0.032196976,1.2115039,-0.2897068,-0.03681662,-0.54695445
TCGA-A7-A26G,1.8682752,0.9509603,0.39384374,1.0541004,0.021426905,-0.220291,-0.1125895,0.052188966,-0.0038495988,-0.18669884,-0.009426028,-0.013794467,-0.24297364,0.6270996,0.11555759,-0.022647485,0.501922,0.4540027,-0.04709763,0.64355457,-0.0040088175,0.1511743,-0.24337295,-0.011509033,0.103300944,-0.0066771843,-0.023976998,0.31150943,-0.0037988953,0.772212,0.65023917,-0.1267025,-0.014335637,0.6653676,-0.0633064,0.6098547,1.3095201,0.74510163,-0.4356188,1.6295422,-0.010031289,-0.06091376,0.072918445,0.2093092,-0.24835841,-0.09948463,-0.04798531,0.028819691,-0.20758596,0.28387085,0.033238687,0.7740385,0.024833793,0.5475762,-0.32446644,-0.21766968,-0.03686783,0.8736184,-0.015206962,-0.02789018,1.2731242,-0.12340498,-0.016301492,-0.24720712
TCGA-A7-A26H,2.6041489,1.7830654,0.36288503,0.43989342,0.38758442,-0.368149,-0.122689836,0.6583267,0.21273404,-0.29345605,0.3211447,-0.017569177,-0.42115042,1.1469179,0.84455323,-0.041773025,0.29680398,-0.017806321,-0.066280596,1.2263112,-0.024341373,0.16734102,-0.40619808,-0.017356712,0.43109587,-0.014599516,-0.045392044,0.14356515,-0.023417352,1.5017658,0.71565205,-0.27427727,-0.09840859,0.89247286,-0.06352584,0.36468828,1.7502259,1.1748462,-0.6552354,2.2691636,0.22620134,-0.123138264,0.38393864,0.41581815,-0.4083127,-0.1310203,-0.115890004,-0.039303217,-0.35581037,0.5993179,0.10224034,1.1535043,-0.03762668,0.89184576,-0.50754493,-0.33580318,-0.07718643,1.6565454,0.036526065,-0.012577427,1.5293663,-0.20660166,-0.05212642,-0.46518794
TCGA-A7-A26I,1.986679,0.7872178,0.3143148,1.7572485,-0.0007314637,-0.1643592,-0.119344406,-0.008539813,-0.0049001444,-0.14487864,-0.029144526,-0.011452662,-0.22378753,1.2361563,0.21616729,-0.035190012,0.21286714,0.7759675,-0.008700033,0.20671399,-0.024608858,0.3676761,-0.25435886,-0.0145260785,-0.025885185,-0.007848072,0.06036055,0.65111476,-0.008030306,0.66936517,0.5444629,-0.097660266,-0.012101452,0.7925847,-0.0759059,0.32945806,1.1064255,0.5643986,-0.41309997,1.6936241,-0.014443243,-0.04990897,0.037718,0.4360752,-0.24414149,-0.12096224,-0.019357122,0.059797425,-0.1824271,0.008239862,-0.023248266,0.2803629,0.3349018,0.57229435,-0.3222644,-0.21144846,-0.023163905,0.99878466,-0.006951799,-0.035637822,1.309624,-0.09951727,-0.0053434335,-0.22961424
TCGA-A7-A26J,2.3267512,1.7271562,0.47928828,0.9375863,-0.0044538593,-0.3794108,-0.075686924,0.7589904,0.18908451,-0.24591915,0.10459183,-0.03191502,-0.41756806,0.5009466,0.6063444,-0.033354245,0.66700625,-0.012398635,-0.07088967,1.1398362,-0.026652453,0.11667873,-0.3906245,-0.04260018,0.59585416,-0.0318711,-0.04223497,0.18735166,-0.035472225,1.4228122,1.0350826,-0.28253818,-0.102142155,0.10974024,-0.05199736,0.9440781,1.7693424,1.1009943,-0.6601929,2.453053,0.40956825,-0.13256456,0.3211141,-0.0062876903,-0.3598022,-0.13904747,-0.08179508,-0.0033355367,-0.31656107,1.3623235,0.06974082,0.9204828,-0.06291934,1.2882599,-0.4731482,-0.28299066,-0.10216725,1.4715368,-0.01876994,0.22578001,1.8196197,-0.18761896,-0.035353106,-0.39049911
TCGA-A7-A2KD,1.6512916,1.166452,0.26564735,-0.0034715303,0.13388893,-0.2617503,-0.09087546,0.34261099,0.22207855,-0.21878901,0.3925531,-0.02485949,-0.27942526,0.44311848,0.26170918,-0.044953153,0.6127865,0.1996617,-0.07719826,1.033689,-0.014267586,0.082961395,-0.2573992,-0.008711032,0.6228421,-0.01798518,-0.020387983,0.04832157,-0.004791262,0.8499773,0.5413092,-0.19920348,-0.01894648,0.34681132,-0.034028914,0.5781454,1.2361541,0.8507267,-0.43076143,1.4915625,-0.0092072,-0.061013013,0.11126295,-0.010446899,-0.26304278,-0.07961394,-0.08856906,-0.018892078,-0.24093083,0.60906506,0.058229342,1.2921183,-0.03259658,0.6731358,-0.31278938,-0.2074616,-0.07064334,0.8738129,-0.012031924,-0.0012007918,0.76915604,-0.15566659,-0.045431092,-0.29086933
TCGA-A7-A3IY,1.8394217,0.9013389,0.4305674,1.3483726,0.11905052,-0.21883948,-0.08004396,0.11351241,0.0011361213,-0.17295313,-0.019841807,-0.039704215,-0.23270872,0.120328605,0.03645883,-0.02646856,0.7460155,0.056815177,-0.023231559,0.8009733,-0.03263115,0.02832333,-0.2597402,-0.0059428923,0.07149625,-0.021031225,-0.006625101,0.4108619,-0.012535145,0.6528658,0.46341622,-0.12383316,-0.043329418,0.7622995,-0.04099143,0.8824855,1.1605198,0.8407482,-0.40134215,1.6760808,0.095836945,-0.07144205,0.07091278,0.29540986,-0.23784721,-0.08202496,-0.044169426,0.14252336,-0.18309905,0.007052064,-0.0040784017,-0.0073265433,-0.0036469393,0.733593,-0.2951542,-0.20786826,-0.023899188,0.9770805,-0.017444495,-0.0017807734,1.6037198,-0.11059236,-0.015362853,-0.2122335
TCGA-A7-A3IZ,2.952404,1.9115937,0.50147265,0.10913984,0.5216251,-0.39990827,-0.119835615,1.0319283,0.5467624,-0.3174515,0.25495884,-0.023919484,-0.49189106,1.1876243,0.6984032,-0.0755323,0.48078454,0.008582609,-0.09657472,1.6429254,-0.01540003,0.14357275,-0.47906741,-0.012763617,1.2615705,-0.004658937,-0.03354831,0.30119514,-0.022238813,1.7621891,0.91997075,-0.32858357,-0.085709125,0.7951475,-0.07945796,0.832378,1.8924863,1.3240165,-0.74157304,2.5346622,-0.009076449,-0.13270025,0.80056775,0.5330275,-0.45921627,-0.15968919,-0.14406182,-0.040702228,-0.3867669,0.69961,0.00908429,1.164495,-0.06919697,1.2023481,-0.56397086,-0.3701762,-0.10254463,1.6367651,-0.018274358,-0.017691134,1.8377676,-0.23774095,-0.041349858,-0.58255744
TCGA-A7-A3J0,1.638901,0.8099188,0.06911984,1.1550314,-0.015487666,-0.18277596,-0.050573863,0.17209971,-0.024776265,-0.14018421,-0.023690501,-0.03901002,-0.19311638,0.17849527,0.13996464,-0.033078935,0.521945,-0.004300583,-0.045329437,0.7944254,-0.033421837,-0.00211387,-0.22506814,-0.02743732,0.11313306,-0.017291317,-0.02035325,0.3285969,0.0110954195,0.58305216,0.35480845,-0.09225362,-0.05069371,0.99667674,-0.05772524,0.72926456,1.0424148,0.8260321,-0.34455752,1.5529846,0.36475652,-0.078840874,-0.0025859643,0.2493831,-0.2139823,-0.08687454,-0.044353582,0.26250088,-0.1559235,0.4341463,-0.016613318,-0.008017015,-0.0008613473,0.6767876,-0.27229127,-0.1825736,-0.03178587,0.7882333,-0.033959977,0.008287597,1.5157833,-0.069437556,-0.01415695,-0.17961808
TCGA-A7-A3J1,2.3711293,1.4959248,0.4667717,0.8086189,0.19466883,-0.31817862,-0.103660904,0.70781267,0.19834018,-0.25969306,-0.008479776,-0.035538364,-0.36575824,0.4735334,0.27538407,-0.056863096,0.83627874,0.16680637,-0.060337484,1.2135142,-0.040371466,0.07002534,-0.36113182,-0.0319346,0.5464013,-0.017006941,-0.035609372,0.41545087,0.12066409,1.1538993,0.69781524,-0.23364218,-0.05836567,0.7968759,-0.05104142,1.0017172,1.8127794,1.1749029,-0.60392183,2.1446867,0.10222235,-0.1180248,0.26535624,0.44951904,-0.32169303,-0.12726761,-0.08503959,-0.002361549,-0.29345047,0.30830085,-0.0040098852,0.44199726,-0.0032950894,0.89633614,-0.4325106,-0.3097304,-0.051937785,1.2618294,-0.013146772,0.18460864,1.7385836,-0.16934268,-0.01579626,-0.36444816
TCGA-A7-A3RF,1.7998364,1.115422,0.18908377,0.41119125,0.22664759,-0.24090981,-0.08495803,0.31226477,0.09691504,-0.1993925,0.3169761,-0.030693857,-0.266661,0.2407999,0.26061958,-0.017504415,0.5033322,0.0016750153,-0.046553254,0.8822005,-0.023603521,0.02973751,-0.29683852,-0.017166132,0.54445493,0.0996903,-0.029692857,0.19486661,-0.0072954297,0.9100992,0.49452838,-0.14910045,-0.049602624,0.6775765,-0.06683026,0.67168874,1.0325849,0.8285433,-0.45045996,1.755823,0.23357709,-0.08576418,0.23873344,0.3007561,-0.2754657,-0.07583615,-0.08166138,0.06010029,-0.24059454,0.92260385,0.0010331478,0.27046075,0.15360567,0.8284615,-0.3537501,-0.20964897,-0.051483523,1.0171655,-0.019180344,0.05426823,1.4495481,-0.11906107,-0.04606257,-0.2867596
TCGA-A7-A425,1.9997672,1.4727174,0.4601958,0.53262943,0.19544291,-0.29042473,-0.08190066,0.5926835,0.0731213,-0.2318096,0.12892811,-0.03570139,-0.31063572,0.3624282,0.29849452,-0.020323675,0.5254786,0.021250194,-0.030273294,0.9620989,-0.03440906,0.16182418,-0.32495877,-0.011501071,0.59236467,-0.045636218,-1.7947517e-05,0.10090737,-0.025583172,0.9897225,0.62044775,-0.20006196,-0.057336997,0.69289756,-0.020438908,0.7217258,1.2246847,1.0474751,-0.49365932,1.9548869,0.2904657,-0.083175346,0.067338645,0.12208824,-0.29002547,-0.102961205,-0.067954,-0.011740458,-0.24598503,0.74562496,0.07851278,0.47312197,-0.021382099,0.8880024,-0.36449134,-0.24259639,-0.042961787,1.2240858,0.062442493,0.006019108,1.5379076,-0.1494031,-0.02227213,-0.29574344
TCGA-A7-A426,2.4768746,1.6658046,0.5190399,0.94759595,0.22230554,-0.3354026,-0.09579518,0.54872304,0.24928802,-0.253885,-0.00017608088,-0.016928704,-0.3720897,0.43869394,0.26636767,-0.029301107,0.72103435,-0.010782798,-0.05208243,1.1523764,-0.029333947,-0.0034381598,-0.3807716,-0.021009618,0.45365694,-0.02067986,-0.024035992,0.21523018,-0.011686005,1.2318714,0.75703377,-0.22788332,-0.051743127,0.57636505,-0.06607666,0.97332054,1.7249573,1.123335,-0.616966,2.4225655,0.11671583,-0.10988027,0.21313179,0.15521963,-0.35541463,-0.13439892,-0.09448213,0.03390323,-0.2968574,0.82743835,0.07539738,0.64993596,-0.040959653,1.0875291,-0.46192494,-0.30116734,-0.07181523,1.375724,-0.028447082,-0.015179555,1.8053868,-0.16051118,-0.026271198,-0.35084808
TCGA-A7-A4SA,1.8777643,1.1187896,0.37959018,0.98715454,0.0677914,-0.23500335,-0.06461177,0.356259,0.00820439,-0.18522814,-0.017187238,-0.04576663,-0.26989266,0.0633318,0.06296644,-0.012008356,0.7601589,0.027810795,-0.0576221,0.9112372,-0.032084,0.035353243,-0.27339897,-0.022136608,0.3065192,-0.01585842,-0.028318668,0.37420905,0.0070114136,0.7485688,0.49201855,-0.14802594,-0.054876905,0.4219931,-0.024647322,0.8934859,1.2056017,0.91175383,-0.45282784,1.6273907,0.08642684,-0.07425862,0.00071633235,0.110663325,-0.24477516,-0.09736648,-0.0742775,0.067333475,-0.20598888,0.64468414,0.3161111,0.16999102,-0.012241972,0.98963696,-0.3317307,-0.20994137,-0.023437152,0.80916154,-0.026333222,0.09283976,1.4645233,-0.1070644,-0.013128221,-0.24559496
TCGA-A7-A4SB,1.881234,1.1859958,0.13572274,0.48119682,0.05484627,-0.2667515,-0.08930914,0.3940017,-0.0009780409,-0.21872966,-0.0021516427,-0.029490724,-0.28947845,0.2541841,0.33948338,-0.013427287,0.55952585,-0.026493212,-0.058288205,1.0993205,-0.046507016,0.26389098,-0.31380028,-0.030521093,0.59263945,-0.0038182524,-0.0269284,0.4191441,0.036162674,1.1280771,0.40032783,-0.2123612,-0.059715807,0.66687286,-0.05696273,0.798301,1.4899411,1.020546,-0.49947387,2.002117,0.27653804,-0.09318565,0.2713238,0.32913303,-0.30676,-0.0894716,-0.07433498,-0.0105389375,-0.24442576,0.664912,0.0064642075,0.19617361,-0.024961805,0.72502774,-0.35465443,-0.24677162,-0.032761883,1.1000738,0.05772535,0.09839976,1.4756392,-0.10885471,0.008255287,-0.3163701
TCGA-A7-A4SC,3.0615149,1.8481109,0.48143566,1.1125128,0.42672542,-0.37081832,-0.1331858,0.70207596,0.4861619,-0.32362425,-0.026778875,-0.023267893,-0.46940994,1.5166844,0.6043916,-0.047083754,0.46537426,0.12892787,-0.06646526,1.3013011,-0.0044037863,0.08279422,-0.43925935,-0.013533312,0.51157475,-0.03444993,-0.01863048,0.43661386,-0.011309792,1.5232959,0.8265217,-0.3199881,-0.0651393,0.7353518,-0.07844701,0.5323009,2.0953941,1.4401356,-0.7574689,2.7891767,-0.015738698,-0.15980993,0.58354926,0.5484655,-0.44601685,-0.16345923,-0.12699114,-0.020197801,-0.35790256,0.081009194,0.010477329,1.0881821,-0.05129655,1.1263795,-0.54963624,-0.41952464,-0.06695499,1.6476353,-0.006173542,-0.03070812,1.9164482,-0.2278986,-0.015591954,-0.5227505
TCGA-A7-A4SD,1.4781278,0.7214172,0.22659852,1.2271466,-0.0060603223,-0.16110858,-0.089980975,0.21327251,-0.008363771,-0.14532372,0.016671382,-0.020412073,-0.23063493,0.82217723,0.105346814,-0.0041469955,0.4104335,0.7525505,-0.011232092,0.33550373,-0.0085990345,0.1567038,-0.19546597,-0.016140819,0.14367522,-0.022093045,-0.019302111,0.2889799,-0.022178115,0.5736202,0.49939233,-0.10330292,-0.030164346,0.52076346,-0.06507961,0.5857692,0.9510577,0.53876823,-0.34361935,1.2414646,-0.007369,-0.05728955,0.22911662,-0.015574063,-0.19674657,-0.07386895,-0.03858764,-0.009544122,-0.16321781,0.5491621,0.06153802,0.99245113,-0.014861806,0.4393456,-0.28105736,-0.16409805,-0.041149296,0.6382386,-0.014491229,0.080828264,1.0233474,-0.07522919,-0.015157223,-0.21771172
TCGA-A7-A4SE,2.2854173,0.8440852,0.5107371,1.7794849,-0.002747337,-0.19864906,-0.13640444,0.16057879,-0.008035641,-0.15688439,-0.0410063,0.019406252,-0.30598205,1.351206,0.2106525,-0.038647503,0.1607754,0.6205618,-0.022362245,0.28948852,-0.011575403,0.39369926,-0.27431354,-0.013937007,-0.034027122,0.0075992816,-0.014070213,0.40892023,-0.00454816,0.8998821,0.52060306,-0.14309184,-0.019081114,0.86276585,-0.082177654,0.27548385,1.3207327,0.8223974,-0.48858547,1.8112395,-0.010442044,-0.07258708,-0.0039960635,0.41240364,-0.28011727,-0.13290438,-0.034594268,-0.017449759,-0.2302234,0.27466366,-0.017719535,0.9107856,0.18455863,0.61171234,-0.3926062,-0.25959766,-0.06689872,1.0272871,-0.020122176,-0.019817082,1.3439345,-0.12947498,0.056110255,-0.32370627
TCGA-A7-A4SF,1.8199371,1.2860374,0.20369828,-0.012101189,0.35127956,-0.2568323,-0.036948733,0.96528625,0.26775378,-0.21049872,0.20752367,0.25818202,-0.31676012,1.3784882,0.83318925,-0.03596335,-0.005973309,0.041338384,-0.038690235,1.0373343,0.17216876,-0.014912951,-0.31713122,0.09876978,0.7544134,-0.0032748622,-0.021734243,-0.0031379682,-0.025710125,1.1602348,0.6799378,-0.23277627,-0.0858038,0.17144938,-0.03302135,-0.0031966434,1.4479067,0.5283944,-0.5051559,1.6130129,0.096488185,-0.11191273,0.3933431,-0.02953208,-0.3107358,-0.099498406,-0.122203924,-0.06603156,-0.26812288,0.9458616,0.36858994,1.6839911,-0.0709018,0.8798252,-0.3604224,-0.2701501,-0.07799453,0.8698118,-0.0071027847,-0.028155873,0.5927851,-0.19398475,-0.047944557,-0.39914212
TCGA-A7-A56D,2.3521504,1.8525071,0.43592572,0.65606105,0.0012076758,-0.34514534,-0.082320936,0.7394329,0.39272913,-0.24094284,-0.006534092,-0.040205788,-0.4227437,1.1007532,0.81989264,-0.055137128,0.32409072,-0.023614842,-0.06356426,1.152939,-0.0053740917,0.19881958,-0.3737198,-0.018880395,0.36159638,-0.004466702,-0.016593933,-0.0015886467,-0.035061963,1.3085103,0.78430104,-0.29208878,-0.058576353,0.21551576,-0.06796595,0.58297884,1.8166656,0.9268129,-0.6546909,2.2702854,0.5262912,-0.11397683,0.44712985,0.09327641,-0.35258836,-0.1542039,-0.11178916,-0.0343279,-0.32104433,1.1772434,0.35525492,1.4395356,-0.07349921,1.0323222,-0.46341655,-0.29656464,-0.11250605,1.531992,-0.010959884,-0.002917594,1.2474697,-0.1971257,-0.03337578,-0.44864684
TCGA-A7-A5ZV,3.534552,1.7582511,0.6808306,1.2480571,0.532208,-0.3457074,-0.19123232,0.9081553,0.61147153,-0.32873148,-0.022207703,0.29708236,-0.5525927,2.8026607,1.2129862,-0.07813691,-0.01649628,1.030502,-0.068703674,1.1293453,0.56726533,0.19530523,-0.50790083,-0.028493384,0.8281162,-0.025009034,-0.029930195,0.2573337,-0.034534365,1.9413583,0.8968932,-0.3716239,-0.061348896,0.453053,-0.13111639,-0.02317532,2.3108733,1.1204116,-0.8286067,2.511536,-0.046101335,-0.11580342,0.63492435,0.2641822,-0.5034208,-0.21090089,-0.13289815,-0.057250734,-0.40285164,0.2894633,0.13810211,2.8433292,-0.07203958,0.90360385,-0.6421987,-0.43738714,-0.08946623,1.4372759,-0.018955152,-0.028613424,1.0857487,-0.336574,-0.04603192,-0.6909678
TCGA-A7-A5ZW,2.3755558,1.4763813,0.3931701,1.3088151,0.15069692,-0.29748407,-0.08272491,0.35689422,0.13942248,-0.24359909,-0.02163588,-0.04354204,-0.2906133,0.26211885,0.046325676,-0.013368778,0.8624163,-0.02053103,-0.040328916,1.0054832,-0.033818707,0.07817429,-0.33859935,-0.01362544,0.061953027,-0.02319421,-0.016709542,0.41754022,-0.014966442,0.9734638,0.71356815,-0.1808766,-0.053345937,0.8692384,-0.051108945,0.92874306,1.4867506,0.88841677,-0.55789423,2.2011302,0.06578568,-0.092849605,0.050235707,0.44774276,-0.3199254,-0.14672881,-0.07306247,0.10034782,-0.25118008,0.41808364,0.021065017,0.18165234,-0.013396631,0.69830495,-0.4072652,-0.2904502,-0.042601213,1.1964971,-0.023802485,-0.0072717713,1.8588471,-0.12244003,-0.010916942,-0.2942223
TCGA-A7-A5ZX,2.6851206,1.6195549,0.47346455,1.1154362,0.3236898,-0.32137656,-0.09337104,0.60444623,-0.00087663636,-0.26401985,0.10584238,-0.023195071,-0.35041827,0.66920084,0.33156446,-0.025872279,0.63665783,-0.0077203843,-0.07342231,1.2931036,-0.03225777,0.19212529,-0.38064113,-0.026883116,0.30208358,-0.011855423,-0.023992514,0.3646947,-0.011611732,1.2848442,0.7311918,-0.21069293,-0.058487143,1.0080621,-0.05578431,0.70145637,1.6508262,1.0397236,-0.6299537,2.430033,0.053734586,-0.11970587,0.19619928,0.7232711,-0.36098012,-0.15253769,-0.09163436,-0.0108575495,-0.29495925,0.2714596,0.07926002,0.3654594,0.022943074,0.97267634,-0.45436367,-0.33111358,-0.04434586,1.555916,-0.009290072,-0.023024634,1.9860301,-0.16672955,-0.024732018,-0.37209752
TCGA-A7-A6VV,1.8492506,1.3016535,0.39912465,1.0525384,0.024630178,-0.22168401,-0.13310929,0.3582546,0.17593004,-0.17351215,-0.023224352,0.21357323,-0.32729378,1.3775085,0.4222934,-0.04217489,0.07263399,0.9382752,-0.04260567,0.56561977,0.15710838,0.21071367,-0.2696952,-0.0057472736,0.41751048,-0.020048654,-0.017212389,0.13870408,-0.0015775285,0.8672206,0.5604874,-0.2000929,-0.015938394,0.9121056,-0.075521916,0.27803072,1.0734612,0.8470152,-0.4658435,1.5134481,-0.035159744,-0.045325026,0.045342077,-0.0042997003,-0.2600697,-0.1130442,-0.08420209,-0.030101469,-0.25147697,0.5853621,-0.011128911,1.7598563,-0.026288718,0.5981289,-0.39875576,-0.23571526,-0.08750265,1.0653979,0.069619164,0.041400217,0.73956436,-0.13619967,-0.013996034,-0.32502633
TCGA-A7-A6VW,2.754305,1.1791276,0.39842024,2.2861907,-0.017374342,-0.293105,-0.17720906,0.2626699,0.09477478,-0.19296724,-0.017105555,-0.005722586,-0.3847122,1.8899468,0.40553212,-0.039763805,0.20969577,0.89211285,-0.048382815,0.7013991,-0.019273378,0.3757988,-0.36886248,-0.038638677,-0.028632838,-0.009910963,-0.034279164,0.2908804,-0.008867854,1.2365197,0.85998124,-0.21984616,-0.057074893,0.34249493,-0.08081375,0.14431562,1.8733003,0.77574146,-0.6448596,2.3406732,0.16480918,-0.09825016,0.27061132,-0.0009606451,-0.36777017,-0.17484924,-0.06592792,-0.0033632498,-0.30009258,1.0788563,-0.013044446,1.661125,-0.026167825,0.90481234,-0.46828476,-0.31404674,-0.0936655,1.3490996,-0.028083948,0.055285398,1.5500435,-0.21571563,-0.018004993,-0.42485768
TCGA-A7-A6VX,2.198934,1.5060153,0.36164853,0.9714457,0.36512816,-0.30931762,-0.13956048,0.52038,0.398842,-0.217941,0.23450458,-0.011217518,-0.31424713,1.1487433,0.5321088,-0.021979166,0.241803,-0.004317117,-0.06753923,0.7841718,-0.023170104,0.2213122,-0.3273548,-0.011175909,0.08736694,0.108895585,-0.025983661,-0.027526883,-0.055176634,1.3458421,0.41491616,-0.21682428,-0.05617224,0.95739967,-0.07704239,0.29216376,1.6440943,0.9297544,-0.5536221,1.9999636,0.2467969,-0.04022387,0.38021338,0.20091605,-0.33301446,-0.1327021,-0.0923546,-0.04560207,-0.2939324,1.4846816,0.15938918,1.4990226,-0.04323515,0.5555934,-0.40214258,-0.25465438,-0.08036988,1.1553884,-0.015200493,-0.017006991,1.0692225,-0.19443043,-0.04183182,-0.39364263
TCGA-A7-A6VY,2.1930244,1.3739173,0.62131304,0.40297237,0.4914717,-0.27486873,-0.14972618,0.7315245,0.14563155,-0.25939617,0.13244827,0.063018836,-0.4219411,1.9285601,0.67770237,-0.05250274,0.01777462,0.7657284,-0.036405087,0.9475134,0.36355492,0.15483403,-0.35157442,-0.036013193,1.1291786,-0.024133174,-0.01750588,0.08513209,-0.026315128,1.1953951,0.72310907,-0.30958557,-0.051697012,0.7442979,-0.096798524,0.1388283,1.7462791,1.0515823,-0.6070696,1.8216106,-0.02656993,-0.087704554,0.47177702,0.2011571,-0.34278178,-0.1031938,-0.11672697,-0.049005553,-0.31762078,0.2874902,0.084069416,2.2728598,-0.07813929,0.70455736,-0.4607784,-0.3121387,-0.08734001,1.249201,-0.0010477309,-0.0072417604,0.6368636,-0.22250152,-0.027484147,-0.4805479
TCGA-A8-A075,1.1594114,0.7826349,0.4435391,0.5156308,0.10880032,-0.18422545,-0.07046157,0.29330438,-0.0068103485,-0.13879834,0.07521561,-0.0040536816,-0.1931204,0.38334438,0.14260769,-0.0231245,0.39561197,-0.019209199,-0.026205102,0.5925977,-0.014334026,0.018734694,-0.16467024,-0.0034230386,-0.0015102208,-0.008428764,-0.03598543,0.09590325,-0.023538625,0.48003194,0.42681736,-0.115076736,-0.061069317,0.33273438,-0.030689439,0.46723086,0.8775625,0.619123,-0.32149,1.2097311,0.11629903,-0.05591324,0.09798998,0.06682756,-0.20192733,-0.094940685,-0.054454654,-0.0063288026,-0.13792743,0.5645075,0.0528035,0.5422092,-0.008979518,0.44901112,-0.24538317,-0.15988693,-0.026214076,0.6252474,-0.023436436,-0.00988285,0.7924843,-0.07925349,-0.02839517,-0.17702018
TCGA-A8-A08O,2.3996696,1.403199,0.2699407,1.1636926,-0.025731876,-0.29885268,-0.101342045,0.2924588,-0.032286342,-0.22433801,0.027664678,-0.051396348,-0.3210099,0.3557143,0.28229907,-0.019658407,1.0112735,0.10855053,-0.061246183,0.9234005,-0.038125955,0.1997178,-0.348685,-0.039739307,0.22213453,-0.007918327,-0.02234404,0.26698124,-0.025686556,1.162129,0.56988645,-0.17223981,-0.07010048,0.4307849,-0.049771275,0.59724855,1.622031,1.1099716,-0.5549659,2.2045429,0.3090677,-0.10521332,0.19255042,0.26363403,-0.30759847,-0.13489796,-0.05466018,0.02078854,-0.22875309,0.7596966,-0.03774832,-0.007131811,0.11827392,1.0703384,-0.38656732,-0.25426373,-0.060948025,1.1523448,-0.024172237,-0.00393197,1.7313823,-0.11424639,-0.03532621,-0.3058891
TCGA-A8-A0A6,3.0404842,1.8092506,0.54814893,1.2917612,0.3092047,-0.3401731,-0.12935331,0.8610687,0.24598855,-0.30119103,0.039742813,-0.014000827,-0.4166227,1.5496188,0.6004886,-0.045939557,0.44892815,-0.0077171223,-0.07607742,1.3851168,-0.024022749,0.123972975,-0.4289599,-0.03235853,0.21915895,-0.008489484,-0.02471864,0.29899514,-0.033669766,1.4911464,0.9598508,-0.26257056,-0.08210575,0.60515785,-0.07400631,0.42975265,2.1340194,1.2228639,-0.7105239,2.7687817,0.099858515,-0.15448493,0.27953923,0.71831983,-0.41347137,-0.1527965,-0.10143715,-0.03332514,-0.34247962,0.07821511,0.08243953,1.0219473,-0.01328472,1.0640801,-0.5250674,-0.38406584,-0.07655592,1.6622574,-0.017451426,-0.06004804,1.896727,-0.2193002,-0.036843453,-0.47817603
TCGA-A8-A0AD,1.6111726,1.4084988,0.12962162,0.13192604,0.06421442,-0.26591378,-0.060448594,0.555961,0.10950533,-0.20115438,0.13221627,-0.035121422,-0.2658299,-0.0011457544,0.44389772,-0.033711456,0.71797085,-0.014007731,-0.047900148,1.0535877,-0.030595073,0.016018674,-0.28746238,-0.027878061,0.7650746,-0.01726839,-0.018438581,0.026284542,-0.0057688686,0.82885146,0.5024391,-0.17172772,-0.07651019,0.3706905,-0.034101717,0.6861596,1.1194065,0.91992617,-0.44220892,1.7098372,0.34561062,-0.10285697,0.14815845,0.031019226,-0.25458875,-0.07418448,-0.07350188,0.25154603,-0.20317642,1.203717,0.17133367,0.43889847,-0.024447707,1.042307,-0.33399436,-0.19787146,-0.044981293,0.9545957,-0.01324147,0.27864122,1.1100703,-0.10502559,-0.00037259544,-0.2621775
TCGA-AC-A23C,2.6226275,1.6854451,0.43828064,0.7225152,0.34489074,-0.33832622,-0.07693025,0.68221384,0.24747612,-0.28053495,0.0703202,-0.024526246,-0.36136684,1.1336668,0.56344056,-0.03533653,0.38795587,-0.014030963,-0.060582854,1.2776675,-0.04723941,0.25059855,-0.37272173,-0.02667953,0.2281199,-0.02061136,-0.0053493096,0.23008154,-0.02845319,1.3186134,0.8223996,-0.23835091,-0.05970321,0.5320072,-0.07196485,0.34930846,1.8390598,0.93789715,-0.64020896,2.2309723,0.21774018,-0.10006397,0.25439858,0.27539474,-0.4018804,-0.14122783,-0.10054715,-0.033666547,-0.31210062,0.48264995,0.3864252,0.98121643,-0.044115286,0.87710553,-0.47963116,-0.33409503,-0.06597098,1.4035419,-0.029221475,-0.017106116,1.7188292,-0.22025616,-0.021849364,-0.43180957
TCGA-AC-A23E,2.3590312,1.8359295,0.47686383,0.80167717,0.21370439,-0.36497712,-0.07962688,0.61441106,0.46428874,-0.24295497,0.14828815,-0.034761056,-0.36247262,0.43176225,0.4655867,-0.027272547,0.62911844,-0.025976071,-0.061918605,1.2131915,-0.026974205,0.109426014,-0.36245507,-0.016028648,0.39198333,-0.02589201,-0.02358552,0.008754391,-0.021532854,1.2160486,0.5730294,-0.2570096,-0.07699191,0.63237673,-0.04194456,0.681338,1.6257184,0.92014205,-0.61976796,2.3659797,0.22983113,-0.110989474,0.35731757,0.21703498,-0.37953013,-0.14832875,-0.085377544,-0.0051492495,-0.30443844,0.8745953,0.34710568,0.9243448,-0.033377584,1.0950985,-0.46939793,-0.30950955,-0.075669006,1.3960676,-0.03470027,0.009100471,1.5062995,-0.19073784,-0.03318871,-0.36274576
TCGA-AC-A23G,2.3554938,1.4987932,0.56826156,1.1015213,0.12666893,-0.32895383,-0.101369195,0.52040666,0.2000775,-0.23862112,0.03228921,-0.037252672,-0.33693737,0.6379612,0.35068327,-0.024851877,0.68431765,0.19969814,-0.049052738,0.9853194,-0.042333912,0.15030503,-0.34389442,-0.024539514,0.39878628,-0.034623202,-0.0155671835,0.37461203,-0.021150408,1.1340302,0.77988845,-0.20942572,-0.06299758,0.72806317,-0.06585323,0.8707282,1.6159539,0.870046,-0.5895317,2.0781083,0.11987126,-0.103947215,0.18866128,0.14322083,-0.335235,-0.14231704,-0.08734424,-0.009925845,-0.26174432,0.4936186,0.17823277,0.8341477,-0.03243753,0.93743837,-0.41739473,-0.29081222,-0.0574426,1.2697903,-0.008380165,-0.007960655,1.6482009,-0.14738545,-0.016635735,-0.34552035
TCGA-AC-A2B8,2.3478389,1.7362272,0.46584156,0.65484965,0.17930117,-0.33828276,-0.09408902,0.77876234,0.22068025,-0.26616666,0.29924706,-0.038744982,-0.35891476,0.9722938,0.4744324,-0.038136296,0.5012204,-0.026566142,-0.08549879,1.2725376,-0.03615658,0.220762,-0.36934838,-0.028047184,0.37844357,-0.012892333,-0.010830963,0.1351994,-0.01145637,1.4637452,0.81672883,-0.25572038,-0.06197245,0.5409368,-0.06223764,0.66654,1.7852163,1.0674235,-0.61050326,2.212379,0.48311678,-0.1085697,0.41756716,0.13434054,-0.37101087,-0.12758146,-0.10801122,-0.029950557,-0.30184397,0.6410968,0.19209836,1.1763308,-0.040889613,0.95183665,-0.4264598,-0.31196463,-0.071027555,1.364239,-0.01914124,-0.016927259,1.6523399,-0.19763999,-0.035026256,-0.4094034
TCGA-AC-A2BK,2.1761248,0.90207946,0.41374186,1.3479885,-0.047318805,-0.19486849,-0.19343887,0.06956977,0.3893395,-0.16279769,-0.007759247,0.093463995,-0.31293842,1.64773,0.66416484,-0.0400663,0.05058637,1.4800116,-0.03264033,0.18494885,0.066118106,0.710909,-0.2773523,-0.02401614,0.43811592,-0.0075721354,-0.05738845,0.03866004,-0.0037805007,0.99747145,0.49608505,-0.20325474,-0.036195494,1.1109275,-0.096529745,-0.014353195,1.1833885,0.3000736,-0.49180594,1.3400602,-0.040769603,-0.054502603,0.5800865,0.09917097,-0.27736676,-0.17154841,-0.06436733,-0.03441724,-0.23952225,1.210619,0.11413357,2.5179815,-0.028053237,0.47514522,-0.43705684,-0.20062132,-0.06250873,1.0787024,0.123326205,-0.024657318,0.6148176,-0.13589191,-0.026936261,-0.4112259
TCGA-AC-A2BM,2.8025503,1.7850419,0.5540582,1.0902755,0.063500896,-0.3712849,-0.09555068,0.7447639,0.22681688,-0.2737793,-0.0046972097,-0.0334198,-0.4274312,0.6032354,0.5270859,-0.055286694,0.8414053,-0.030181631,-0.06478007,1.2756287,-0.035680644,0.101765245,-0.42731723,-0.04794124,0.40995023,-0.0075817974,-0.043735616,0.28429815,-0.019477885,1.559571,0.9310361,-0.27705702,-0.09935478,0.16187413,-0.046364035,0.70509356,1.8488747,1.1740917,-0.72771704,2.7464824,0.1683037,-0.1534491,0.4096504,0.46062952,-0.40221697,-0.180837,-0.1134684,-0.007125169,-0.29701993,0.7945323,0.023828728,0.5519463,-0.043958664,1.5066904,-0.50069654,-0.346271,-0.08894116,1.6211433,-0.027977182,-0.014786946,2.016817,-0.20199671,-0.03596349,-0.4441894
TCGA-AC-A2FB,2.485536,1.5164782,0.5275846,1.257906,0.15750314,-0.315639,-0.10092588,0.44342354,-0.00040860503,-0.25815928,-0.0114498455,-0.05204743,-0.34347558,0.4289238,0.22472076,-0.028902972,0.8316627,-0.00023534689,-0.051785327,1.172438,-0.038084213,0.07360087,-0.35800642,-0.0222743,0.12942506,-0.030660635,-0.019591583,0.4574521,-0.014437215,1.0567051,0.76710534,-0.18627082,-0.06533737,0.6062811,-0.058619536,0.9924672,1.6320081,1.0039783,-0.5939753,2.4379892,0.084717065,-0.106376946,0.08307096,0.43783647,-0.3490871,-0.13161723,-0.08923427,0.043272216,-0.27261648,0.16298164,0.08093896,0.4974402,-0.015842658,1.0562207,-0.42895418,-0.30106872,-0.050958645,1.3818135,-0.03345649,-0.018591424,1.9093525,-0.15364908,-0.02542961,-0.32141232
TCGA-AC-A2FE,3.030467,1.9695333,0.7284222,0.93647623,0.3065392,-0.3945715,-0.12138113,0.9243438,0.39970884,-0.32359076,-0.009274255,-0.04337325,-0.49611202,1.0951011,0.6330313,-0.06213587,0.67510885,0.009998711,-0.062899135,1.5251606,-0.018433677,0.2475313,-0.45839772,-0.01618456,0.6546079,-0.031087253,-0.017842587,0.16983552,-0.02208174,1.4351295,1.1120715,-0.34488088,-0.08875858,0.23879592,-0.0872892,0.8447424,2.2531648,1.3671794,-0.80416006,2.7465558,0.0029648636,-0.14088552,0.52625173,0.28916335,-0.45129013,-0.16317151,-0.14519963,-0.038277235,-0.39101696,0.012609702,0.21872729,1.3539454,-0.06586533,1.1279309,-0.56325597,-0.40995026,-0.10798144,1.5668561,-0.021917535,-0.025158925,1.7744915,-0.27808008,-0.037317768,-0.5446841
TCGA-AC-A2FF,2.2214866,1.2751752,0.3922635,1.3620822,-0.0017205488,-0.26765543,-0.082444236,0.27032146,-0.006132744,-0.21740238,-0.019132053,-0.04941955,-0.27630553,-0.0020575393,0.08340949,-0.010430489,0.9508764,0.034641653,-0.04019985,1.0091983,-0.027566647,0.13433206,-0.30439997,-0.018288856,0.007053692,-0.030232057,-0.012004963,0.44775057,-0.009668055,0.810714,0.70447963,-0.15965573,-0.054070085,0.8056426,-0.04695868,1.113996,1.3665769,0.9581225,-0.50578827,2.1632087,0.04980869,-0.09679372,-0.0038102714,0.29188162,-0.28862143,-0.10963322,-0.06124987,0.23769899,-0.22288549,0.10539417,0.15563065,0.12971683,-0.00414069,0.9095004,-0.36345342,-0.25917596,-0.041158147,1.0366209,-0.023861777,0.00925554,1.8701699,-0.11217103,-0.017037524,-0.2495586
TCGA-AC-A2FG,2.0786734,1.3783617,0.3641648,0.7347687,0.3154248,-0.29120108,-0.099575244,0.6766349,0.14515086,-0.22853136,0.16827318,-0.03457499,-0.3013422,0.31809932,0.21119003,-0.024443919,0.5922497,-0.0044966387,-0.05751431,0.8490834,-0.032466732,-0.009446308,-0.31953585,-0.011320485,0.422138,-0.020405961,-0.015251446,0.29033718,-0.0105581675,1.1958563,0.61552185,-0.1920182,-0.03679512,1.1527624,-0.04311153,0.79384685,1.4317625,0.95342654,-0.51607406,1.9215587,0.17200552,-0.09149241,0.16545644,0.42560518,-0.28343207,-0.12394978,-0.081367515,0.024954874,-0.27818057,0.52319366,0.11060964,0.436936,-0.028642416,0.6994967,-0.38434198,-0.26660475,-0.042068746,1.2125747,-0.0026548735,0.024843615,1.4820464,-0.12721479,-0.028266614,-0.309985
TCGA-AC-A2FK,2.0312734,1.0800376,0.37609115,1.5565245,-0.00012144931,-0.22232783,-0.07308494,0.11503476,-0.01892356,-0.188403,-0.041802358,-0.03500649,-0.24170966,0.0745506,-0.012971475,-0.01647832,0.90068585,0.15366614,-0.030017063,0.7628984,-0.02832841,0.05952607,-0.27808928,-0.020331858,-0.00409729,-0.021735238,-0.0059991986,0.42664117,-0.02456938,0.6264441,0.6053139,-0.11770797,-0.032502208,0.9370643,-0.04105163,0.9920142,1.2537949,0.92063594,-0.44235593,1.8388677,0.06416607,-0.07373845,-0.012646093,0.47481984,-0.24531968,-0.10650028,-0.05256776,0.29533964,-0.19451071,0.13178144,0.059795782,-0.008562278,0.052541293,0.7968287,-0.32416853,-0.23543303,-0.02473998,0.9904132,-0.04247478,-0.009196303,1.7433493,-0.08899233,-0.013304117,-0.2029484
TCGA-AC-A2FM,4.0607004,2.2480476,0.48830718,0.80856353,0.19282885,-0.48200256,-0.15079473,1.1217419,0.5822951,-0.38028297,-0.0013176767,-0.025730843,-0.5903819,2.2413034,1.278215,-0.08408534,0.13814923,-0.03971253,-0.09309365,1.7430555,-0.034026146,0.20169812,-0.5975913,-0.043263827,0.5878773,-0.028039766,-0.04021747,0.0770289,-0.036127117,2.2361,1.016878,-0.43831515,-0.11602656,-0.013295797,-0.13326944,0.18481897,2.9204063,1.4887387,-1.025328,3.4802973,0.028387027,-0.20278402,0.7749893,0.54992056,-0.5711181,-0.2368207,-0.14554727,-0.07508339,-0.5165602,0.34233382,0.12726098,1.8013839,-0.06447018,1.4070715,-0.6979682,-0.5285705,-0.10210512,2.166722,-0.023087678,-0.069078624,1.823951,-0.3443806,-0.04287246,-0.7788912
TCGA-AC-A2FO,2.473286,1.6656388,0.50365955,0.80301005,0.24287568,-0.362445,-0.07333873,0.67942065,0.2030442,-0.28197527,0.047265902,-0.031624734,-0.39540455,0.54612964,0.4812828,-0.027078798,0.7277751,-0.00846298,-0.054783523,1.2874335,-0.023531152,0.05767755,-0.37309816,-0.02911757,0.63433796,-0.02230941,-0.02345825,0.20686433,-0.019894822,1.24049,0.79734284,-0.27361473,-0.07153743,0.33652443,-0.049817827,1.0188333,1.7991762,1.2151296,-0.64537543,2.449247,0.18000786,-0.11255284,0.41761845,0.020537175,-0.3694044,-0.117388785,-0.12094199,-0.014217711,-0.30945385,0.74317706,0.2567992,0.9403555,-0.065382645,1.0788013,-0.46631938,-0.3200885,-0.075235665,1.4181085,-0.014930862,-0.011555511,1.7074422,-0.17693548,-0.03716677,-0.40375996
TCGA-AC-A2QH,2.2967327,1.0210807,0.26186645,2.1625974,-0.015359096,-0.254526,-0.11484837,0.47881657,0.32629415,-0.14866067,-0.018774318,-0.00367563,-0.34986007,1.4905003,0.67968017,-0.045464676,0.2769258,0.2713537,-0.040679857,0.681552,-0.018476628,0.4305922,-0.33174318,-0.043584056,-0.05541406,-0.044696707,-0.049844366,0.15702882,-0.0017477066,1.3029631,0.9968555,-0.19536579,-0.076487936,0.30142292,-0.05028671,0.11020223,1.3856262,0.77869225,-0.57355845,2.0789678,0.5992417,-0.08476715,0.3541686,-0.0027246133,-0.3570236,-0.17683662,-0.06655457,-0.009669493,-0.21764639,0.99166363,-0.019246764,1.1998453,-0.02484344,0.89268094,-0.4307824,-0.28052348,-0.07291498,1.1094801,-0.032104068,-0.045188673,1.6084261,-0.18619232,-0.02117796,-0.36595634
TCGA-AC-A2QI,1.9653722,1.4452521,0.4342636,0.62968105,0.21913958,-0.30103636,-0.06935522,0.5991594,0.07479976,-0.21069811,0.3860133,-0.023638062,-0.3150257,0.10927519,0.3389832,-0.01263722,0.7587954,0.075351655,-0.046103075,1.1150924,-0.017305832,-0.0115502635,-0.29865336,-0.023354573,0.64302397,-0.0262835,-0.00834225,0.29953957,-0.018334126,1.0843558,0.6680762,-0.18849134,-0.060469892,0.67903167,-0.055185188,0.96421456,1.4630542,0.90236735,-0.5040666,1.9249464,0.106228024,-0.10164243,0.24588454,-0.0027581644,-0.31088546,-0.098486416,-0.08556384,-0.011612638,-0.25111526,0.9868769,0.10219767,0.7114225,-0.03555193,1.0063792,-0.37920293,-0.23785107,-0.06677713,1.1571026,-0.019947214,0.20244548,1.4437431,-0.12730792,-0.040244695,-0.3118312
TCGA-AC-A2QJ,1.7564392,0.93845206,0.395829,1.4584566,-0.0015341517,-0.19264783,-0.09030716,0.17901611,-0.008072675,-0.15134345,-0.024449427,-0.0056033754,-0.24185209,0.7592322,0.17089252,-0.012043812,0.53102607,0.1353373,-0.018043017,0.40579113,-0.020275643,0.20064887,-0.2319558,-0.016742716,-0.017124115,-0.015068424,-0.02312135,0.3812734,-0.01502679,0.70767677,0.57739824,-0.12341889,-0.07049052,0.29968378,-0.055842157,0.762329,1.1931912,0.47910476,-0.39813268,1.5789901,0.37586156,-0.052614965,0.17758346,0.17997397,-0.23074412,-0.09429052,-0.034718327,-0.007829922,-0.15899496,0.63291585,0.08172678,0.6797626,-0.0052989493,0.5429066,-0.29608217,-0.17640984,-0.02775448,0.8038306,-0.029205112,-0.012836071,1.2720729,-0.1192338,-0.003658364,-0.24355666
TCGA-AC-A3BB,2.420719,1.5807725,0.49318966,0.85992783,0.033627506,-0.32751185,-0.11074599,0.61238337,0.0979589,-0.25463519,0.15486838,-0.035203483,-0.35117885,0.52326816,0.45940226,-0.025867743,0.8103573,0.038550854,-0.04903638,1.2556435,-0.030682174,0.053223178,-0.3442138,-0.026730536,0.32814285,-0.013014513,-0.02276472,0.19288598,-0.009319837,1.1942569,0.80073875,-0.2054193,-0.07452697,0.48301026,-0.05258274,0.9055205,1.7922165,0.950784,-0.5932862,2.3099215,0.20721935,-0.102911666,0.321736,0.30496347,-0.34757948,-0.12443616,-0.085253075,-0.004029618,-0.26586387,0.6878192,0.114155404,0.76160383,-0.010821284,0.95400566,-0.44913265,-0.304014,-0.053123552,1.2193251,-0.023756905,-0.02656315,1.6416188,-0.16970628,-0.042032562,-0.35239893
TCGA-AC-A3EH,2.9853508,1.974171,0.70229524,0.005914435,0.78006655,-0.40363714,-0.14648247,1.1261199,0.7532257,-0.3375739,0.5948188,-0.017288512,-0.47836924,2.1435819,1.0335234,-0.082991205,0.07813176,-0.041318547,-0.09171473,1.6695024,-0.005848888,0.010292306,-0.46658802,-0.011284129,1.0401716,0.09584552,-0.05826622,-0.028183574,-0.039405543,1.9545127,0.64543134,-0.38886055,-0.07508228,0.929374,-0.090863906,0.19700347,2.2801516,1.1356192,-0.80045986,2.3451893,-0.014686622,-0.15571472,0.5985375,0.46899378,-0.49987888,-0.15943594,-0.16820006,-0.07522924,-0.40220353,0.38518956,0.0779596,2.083435,-0.07694038,0.8271678,-0.5953182,-0.41841513,-0.13772395,1.7943977,-0.017992994,-0.029750306,1.0121323,-0.3101053,-0.04550321,-0.63948184
TCGA-AC-A3HN,2.4218554,1.4464351,0.53893334,1.2306412,0.27461258,-0.30864152,-0.096907355,0.58279413,-0.0063204556,-0.23316173,-0.008247613,-0.045922216,-0.33427835,0.09417337,0.19912283,-0.016221734,0.91599673,0.019586427,-0.038801443,1.0082382,-0.03362746,0.056001738,-0.35818824,-0.0241506,0.10154612,-0.042208266,-0.017099675,0.4341518,-0.0175919,1.0933921,0.838786,-0.19301526,-0.06533959,0.8100918,-0.05080363,1.0472351,1.6288953,0.95898974,-0.6056918,2.3635721,0.21781541,-0.11336853,0.26691848,0.48973507,-0.32149196,-0.14692561,-0.08030917,0.20967904,-0.24365962,0.6098289,-0.0056811064,0.042080864,-0.0121067595,1.1835618,-0.4347584,-0.28820693,-0.044097677,1.2290113,-0.014489124,0.050642874,2.1268833,-0.14876343,-0.02763617,-0.30761352
TCGA-AC-A3OD,3.1614728,1.8991596,0.64733714,1.2336261,0.25876275,-0.3997098,-0.12688224,0.900237,0.39382342,-0.31222776,-0.020079548,-0.05750234,-0.46497032,1.0924721,0.6079427,-0.051175088,0.7219147,-0.016541181,-0.062658094,1.3033174,-0.01690966,0.229126,-0.4591177,-0.017704898,0.54354215,-0.030182073,-0.025585085,0.2593052,-0.025586724,1.478134,1.0884205,-0.29623747,-0.061479386,0.5256833,-0.062257797,0.70368254,2.2175682,1.3164148,-0.7912988,2.9290082,-0.0066092024,-0.14469306,0.42742586,0.61310816,-0.44343424,-0.15591197,-0.13109271,-0.013797596,-0.36076537,0.04585355,0.18565415,0.9224618,-0.03589425,1.1947484,-0.5558936,-0.4102416,-0.063019,1.6776727,-0.025968526,-0.015860071,2.2024372,-0.22959104,-0.03493076,-0.5134043
TCGA-AC-A3QP,2.213764,1.3481603,0.38236403,1.0893518,0.098366454,-0.2688263,-0.08465695,0.1405135,0.050939146,-0.20404713,0.029414894,-0.0441426,-0.28377578,0.3665369,0.22168887,-0.026670322,0.76601976,0.013253598,-0.043213975,1.0505873,-0.019481516,0.05111985,-0.32215127,-0.016274659,0.03535109,-0.009971622,-0.037283327,0.2554218,0.06674802,0.8983371,0.57095444,-0.1373546,-0.046304658,0.80033714,-0.057837494,0.8424983,1.348846,0.9318583,-0.50559056,2.1169987,0.10345022,-0.08999961,0.039950293,0.2008989,-0.29808757,-0.123441294,-0.07917224,0.115320995,-0.24879543,0.6375234,0.054935254,0.43885756,-0.016650701,0.81955385,-0.3704469,-0.2325145,-0.038498122,1.1308861,-0.02760292,-0.0005738158,1.7894292,-0.11316561,-0.018808141,-0.27563724
TCGA-AC-A3QQ,2.0141494,1.624884,0.49372783,0.29904595,0.11962898,-0.346422,-0.07845333,0.7393675,0.24957404,-0.24813066,0.24533552,-0.045861963,-0.37831005,0.14659356,0.6037886,-0.04703658,0.7528323,-0.016843198,-0.052437473,1.2152737,-0.039222952,-0.0060676574,-0.34301004,-0.03285949,0.7912615,-0.002480122,-0.02446052,0.00043999776,-0.020709913,1.1995138,0.64145863,-0.24922578,-0.07747804,0.4322741,-0.056177665,0.86670095,1.6050757,1.0031447,-0.59243643,2.099907,0.14780053,-0.11885823,0.42070386,0.16887556,-0.3402313,-0.11885532,-0.09364143,0.015287522,-0.29761443,1.2335632,0.1974941,0.7109034,-0.026697189,1.1164623,-0.44288823,-0.25797483,-0.07521309,1.4159571,-0.014163575,0.3974145,1.5293225,-0.14345358,-0.03911177,-0.38316122
TCGA-AC-A3TM,2.5773354,1.7705379,0.4704984,0.93612057,0.33064175,-0.34269938,-0.12164992,0.78115916,0.102157995,-0.27520907,0.19171979,-0.06664852,-0.37852448,0.91448003,0.39192048,-0.0354613,0.7751478,-0.032983933,-0.06304616,1.2618775,-0.013483171,0.105751865,-0.42235047,-0.025673453,0.08680786,-0.0067982855,-0.011666779,0.4035421,-0.0062394636,1.255475,0.8179759,-0.2246106,-0.070671536,1.0430557,-0.05568984,0.55030316,1.7844491,1.1142228,-0.65044004,2.5768847,0.21673018,-0.14012603,0.25572762,0.73855644,-0.38985375,-0.1540805,-0.09515223,-0.029595861,-0.314139,0.0906574,0.009880772,0.5191161,-0.0053017386,0.9755017,-0.4841734,-0.3543953,-0.066714846,1.5988655,-0.006142452,-0.026389321,1.9754281,-0.16339071,-0.02434643,-0.41473913
TCGA-AC-A3TN,3.2493186,1.8805907,0.4970111,0.8384411,0.61231047,-0.42807624,-0.12942164,0.9426611,0.583035,-0.31656244,0.06070663,-0.045435693,-0.46785226,1.090717,0.5960738,-0.06258441,0.6810025,-0.018099755,-0.09086638,1.50612,-0.021490345,0.17741871,-0.47725922,-0.022625541,0.3676598,-0.022593562,-0.041066322,0.22789307,-0.014222214,1.6141335,0.81526184,-0.30575502,-0.078717835,1.0769328,-0.08077865,0.57189244,2.1094284,1.483554,-0.7918143,2.8686612,0.010391416,-0.16637163,0.40048292,0.84732246,-0.47024867,-0.1750937,-0.10344633,-0.027909359,-0.3883405,0.8232909,-0.01884837,0.79495835,-0.016678225,1.1810969,-0.60666585,-0.418151,-0.085198574,1.648844,-0.01567383,-0.00992879,2.0736136,-0.22731514,-0.017407,-0.5304329
TCGA-AC-A3W5,2.4820213,1.4355472,0.59391063,1.4777919,0.08364247,-0.2962534,-0.08228799,0.5738611,0.3347263,-0.22041057,-0.0011380895,-0.009976215,-0.361034,1.6380746,0.5396649,-0.03509,0.12495232,-0.0069684344,-0.04022507,0.84937835,-0.019784069,0.1699703,-0.35105467,-0.02408495,-0.0017972541,-0.013487815,-0.041067492,-0.009273364,-0.02981077,1.5237275,0.661957,-0.21530657,-0.07958705,0.16410078,-0.067922875,0.22752716,1.7581303,0.7697136,-0.61978275,2.1508617,0.14023677,-0.10460732,0.31845874,0.047521934,-0.35503253,-0.16581537,-0.09502872,-0.02834765,-0.31551173,0.96900576,0.09112507,1.5338001,-0.05106276,1.0279902,-0.44407487,-0.29469785,-0.07040232,1.287218,-0.038187157,-0.036261566,1.2969054,-0.21382582,-0.046925567,-0.39134726
TCGA-AC-A3W7,2.509044,1.6279684,0.28254402,0.7196836,0.3742396,-0.3343006,-0.114906035,0.6625949,0.5765866,-0.274914,0.22524877,-0.015399635,-0.36741802,1.0675378,0.44602746,-0.033542715,0.3012202,-0.0086354045,-0.06694505,1.0828257,-0.023998985,0.05501866,-0.37992263,-0.010703353,0.12453674,-0.035449143,-0.015040484,0.10823691,-0.022456376,1.3587085,0.55589503,-0.24763393,-0.05383817,1.0886815,-0.07387429,0.5076694,1.7936845,1.1585546,-0.6379149,2.29574,0.1485051,-0.12236831,0.061231855,0.59460706,-0.35304952,-0.14606147,-0.106422804,-0.011803555,-0.302951,0.5937155,-0.018270297,1.0076982,-0.022033159,1.0166714,-0.46633822,-0.35199282,-0.07082077,1.4512044,-0.03712317,-0.030495038,1.713985,-0.1884885,-0.004521262,-0.42838383
TCGA-AC-A3YI,2.7415779,1.3734626,0.5044862,1.4091293,0.2444176,-0.2968018,-0.082727104,0.50244325,0.09351606,-0.24995081,-0.018801782,-0.042347956,-0.3474591,0.5831618,0.11769786,-0.025264123,0.80654675,-0.0035957738,-0.041381117,1.0624498,-0.04076458,0.10814299,-0.3721779,-0.01386482,0.026198346,-0.022494504,-0.01272887,0.41275,-0.021906164,1.067079,0.8313547,-0.21268411,-0.06008506,0.5684286,-0.06702729,0.8203988,1.7137604,0.9068877,-0.59974474,2.3883543,0.14120182,-0.11641484,0.1496793,0.5357273,-0.3447566,-0.14543809,-0.08798396,0.12999462,-0.26775292,0.07994807,0.07940279,0.39791986,-0.026251325,1.0631678,-0.43949708,-0.30759433,-0.053492483,1.3468881,-0.02435353,-0.02020142,1.9807905,-0.15910715,-0.019249888,-0.3585828
TCGA-AC-A3YJ,2.325714,1.6559749,0.28532717,0.81148064,0.2175582,-0.32838494,-0.116987824,0.5874058,0.1892623,-0.24561189,0.2964432,-0.04815368,-0.3424407,0.3373826,0.37371475,-0.024668401,0.5926103,-0.0015109809,-0.03984436,1.1829587,-0.03974523,0.018811721,-0.33244237,-0.02361074,0.44284895,-0.03453007,-0.019358419,0.2841895,-0.004683219,1.4319841,0.58591396,-0.21494034,-0.064549014,0.89656645,-0.06582188,0.8757902,1.6711087,1.1894749,-0.62421304,2.3496718,0.5287458,-0.124760464,0.30778825,0.59057003,-0.33336467,-0.13881676,-0.08294895,0.07477757,-0.26934025,0.86550075,-0.008728575,0.3526104,0.010830218,0.9546532,-0.44761178,-0.30786824,-0.05984527,1.3817022,-0.010400929,-0.0013004009,1.8914766,-0.17486864,-0.034375302,-0.37681928
TCGA-AC-A4ZE,3.2842343,2.0935006,0.78196865,-0.0031412654,0.35973054,-0.44589582,-0.14260034,1.2160023,0.61467904,-0.37744886,0.5703584,-0.024175141,-0.5822091,1.9228135,1.1392726,-0.09402302,0.2874969,-0.007625151,-0.11001233,1.7183336,-0.0069408896,0.17219618,-0.54990035,-0.046617445,1.5894544,-0.006267348,-0.025134489,-0.010130728,-0.031697642,2.091753,0.99115735,-0.4606358,-0.101449564,0.6616035,-0.10641938,0.52488506,2.5374572,1.551555,-0.91139793,2.9634886,-0.013490045,-0.18916361,0.7612044,0.4775554,-0.52661294,-0.15635921,-0.19391657,-0.07661647,-0.4863843,0.40018985,0.12641181,1.8831056,-0.07198825,1.244869,-0.6514799,-0.46757936,-0.11435509,1.9810882,0.08736199,-0.009647421,1.502888,-0.35347137,-0.050619837,-0.73850805
TCGA-AC-A5EH,2.3301134,1.6300082,0.5228005,1.0459161,0.16077432,-0.30759165,-0.06642661,0.4025836,0.28298613,-0.22719328,-0.015535126,-0.02145004,-0.4011146,1.1880587,0.39503813,-0.023344744,0.48634452,-0.027756725,-0.03759246,0.89131737,-0.022518698,-0.014017783,-0.3677074,-0.028187308,0.19415279,-0.017134203,-0.02162653,0.12041564,-0.008606504,1.1920239,0.75975263,-0.24410263,-0.06771056,0.06481783,-0.057278384,0.5304754,1.6353817,0.8553894,-0.60374916,2.1453948,0.17482968,-0.09827343,0.33313,0.033523135,-0.35683912,-0.113371216,-0.09951517,-0.015563503,-0.29500756,0.9914215,0.035271086,1.2376319,-0.056206692,1.0274084,-0.45091435,-0.3017607,-0.08848405,1.2755792,-0.018699823,-0.02382189,1.340087,-0.18584016,-0.058912624,-0.4042193
TCGA-AC-A5XS,2.3003683,1.7130178,0.4804165,0.8968966,0.12014754,-0.3282752,-0.08620084,0.7600598,0.13754547,-0.2537249,0.13307971,-0.015581642,-0.36005884,0.8144963,0.46376002,-0.041898888,0.5095493,-0.011157607,-0.06577267,1.0602493,-0.031326663,0.12422604,-0.35980397,-0.011619065,0.31636983,-0.034277074,-0.034876116,0.15509702,-0.023649143,1.0739031,0.53334033,-0.23140179,-0.05844329,0.0578689,-0.06061525,0.6829851,1.7259009,0.8465673,-0.6163099,2.3166022,0.29392892,-0.095789,0.4047408,0.111125395,-0.36242673,-0.13325827,-0.094140835,-0.014052539,-0.27923247,0.89450836,0.38863903,0.9469669,-0.04942408,1.1327342,-0.45682523,-0.2853646,-0.070478976,1.2908719,-0.024372347,-0.010031325,1.5162987,-0.19036318,-0.04794569,-0.380326
TCGA-AC-A5XU,3.0123327,2.0325146,0.39314035,-0.011490701,0.2514979,-0.41506296,-0.123330295,0.9735907,0.7220947,-0.35879377,0.4699774,-0.0007779994,-0.49355012,1.8328544,1.2185676,-0.073597334,0.16240987,0.029657079,-0.08897585,1.6356335,0.006659571,0.044151813,-0.48853865,-0.05046769,1.1210777,-0.021061474,-0.036157157,-0.00910982,-0.028977389,1.930791,0.82146156,-0.38344607,-0.09827793,0.44090435,-0.09971145,0.30804497,2.3761585,1.1838408,-0.8131763,2.4440737,-0.009043206,-0.15379447,0.77944976,-0.0038400234,-0.4928271,-0.15493558,-0.1711928,-0.059655804,-0.42601117,1.002239,0.22250144,2.166529,-0.06675731,1.2054372,-0.57997656,-0.40315363,-0.12221827,1.6823424,-0.0075769573,-0.035655618,1.2166958,-0.32706714,-0.067036115,-0.6270343
TCGA-AC-A62V,3.1596737,2.2175643,0.5614735,0.33418968,0.2988816,-0.439172,-0.11231997,1.4131942,0.7053642,-0.3468489,0.33125865,0.10710161,-0.5971043,1.6978604,1.0338683,-0.05721854,0.13519385,0.21858548,-0.067006886,1.4631447,0.379183,-0.01607862,-0.50612843,-0.054743197,1.6403667,-0.046546005,-0.03235337,-0.022727301,-0.027573926,2.208906,1.0817009,-0.4625319,-0.11514576,0.27107033,-0.078217044,0.5451005,2.4876673,1.5038214,-0.8973214,2.7786195,0.13676715,-0.18104497,0.8509605,-0.002460812,-0.50357014,-0.18024677,-0.1881841,-0.04798977,-0.4709377,1.4755037,0.15118684,2.3955734,-0.13880245,1.5639085,-0.64312524,-0.41780877,-0.14446788,1.7343299,-0.031624332,0.06446566,1.2722493,-0.29721686,-0.06407371,-0.7025025
TCGA-AC-A62X,3.0308728,1.6406624,0.20732775,0.7830443,0.6174212,-0.31848165,-0.21704622,0.875362,0.84016097,-0.2980015,0.20768505,0.19658186,-0.52229446,3.3329296,1.1667991,-0.0768589,-0.06288336,1.520835,-0.04262149,0.8414202,0.5833879,0.25533527,-0.43145052,-0.018210111,0.92620695,-0.021957288,-0.020452948,0.21726502,-0.053612527,1.7022463,0.8612416,-0.37510663,-0.024312412,1.5891852,-0.16043763,-0.022244219,2.1623547,1.2220242,-0.76066613,1.9761859,-0.06111142,-0.11103123,0.7529494,0.246819,-0.48797032,-0.18178232,-0.13629793,-0.07294055,-0.43607688,-0.014185536,-0.013756481,3.3592737,-0.06347354,0.6180965,-0.6043901,-0.4363443,-0.10741019,1.4511712,-0.007016681,-0.032171037,0.7005796,-0.28452605,-0.050742187,-0.67666656
TCGA-AC-A62Y,2.299349,1.2331294,0.49950567,0.74136734,0.32141146,-0.29917815,-0.11489598,0.3599502,0.24929665,-0.21467665,0.0049798656,-0.03338423,-0.31524035,0.60912347,0.40485692,-0.036417548,0.5497434,0.1410813,-0.040107757,0.6752724,-0.020483581,0.21642178,-0.2914075,-0.012792743,0.39115116,-0.04877017,-0.0188766,0.22087471,-0.011014722,1.261993,0.68123126,-0.19604787,-0.05526892,1.3102396,-0.057327222,0.6010299,1.441991,0.8614521,-0.5212951,1.8993113,0.12182567,-0.0917651,0.35604918,0.14222868,-0.28545532,-0.13299204,-0.07537226,0.20205237,-0.24608846,0.6247187,0.07394256,0.72189546,-0.0303198,0.7681319,-0.4143316,-0.26160863,-0.040870156,1.002754,-0.001202199,-0.0016749945,1.51872,-0.13167265,-0.026327077,-0.3214239
TCGA-AC-A6IV,2.3266287,1.4814392,0.5251669,1.0937203,-0.0031803648,-0.29917076,-0.08658834,0.53072256,-0.0018309295,-0.22806047,-0.0024490124,-0.04997941,-0.33160278,0.4535233,0.28448713,-0.04351155,0.71531534,0.011169283,-0.038501482,1.1458234,-0.037167322,0.101913996,-0.35000762,-0.017423868,0.3692591,-0.038492415,-0.026171276,0.4055735,-0.010057063,1.0843352,0.884121,-0.20255308,-0.05653922,0.3379322,-0.0566667,0.9220172,1.6267939,0.8880025,-0.58617467,2.3046675,0.17654684,-0.105224214,0.38065344,0.39878333,-0.32650635,-0.13559426,-0.067739606,-0.003518073,-0.24917553,0.29289544,0.0754644,0.26385388,-0.026121408,0.8995194,-0.4015275,-0.2795897,-0.04242656,1.2411649,-0.024054712,-0.0071955803,1.8428223,-0.1436543,-0.026581889,-0.35189852
TCGA-AC-A6IW,2.4927661,1.1474897,0.300734,1.6608313,0.1962369,-0.24536638,-0.15306662,0.24750376,-0.005948904,-0.21323994,-0.028616149,-0.015227243,-0.34674084,1.6346977,0.5957589,-0.041871183,0.29519218,1.0165732,-0.02437335,0.6923572,-0.0002756212,0.3292856,-0.3370405,-0.01367434,0.31243852,-0.009807287,-0.033973332,0.51739746,-0.015534254,1.0463508,0.70097125,-0.1945859,-0.042154033,0.5102982,-0.09685906,0.36400908,1.6880758,0.87911296,-0.57577294,1.9995759,-0.016463004,-0.059539158,0.06429659,0.42160606,-0.3383544,-0.15194753,-0.06844457,-0.020670174,-0.25236076,-0.031566568,-4.63821e-05,1.2120577,0.14911674,0.5957762,-0.44215393,-0.3115668,-0.048006687,1.4048913,-0.034802217,-0.014903343,1.423142,-0.16475455,-0.034059383,-0.3879199
TCGA-AC-A6IX,2.9915414,1.6329702,0.51603293,1.5434891,0.050765287,-0.34500587,-0.13235915,0.79143506,0.20007558,-0.26695964,-0.014937296,-0.02956008,-0.42345387,1.5910448,0.50898355,-0.055695783,0.62878925,-0.02750857,-0.057406165,1.2097553,-0.026248679,0.34082377,-0.43989244,-0.040007856,-0.005953422,-0.005243518,-0.03264379,0.39690095,-0.027163243,1.4690396,1.0069351,-0.26431286,-0.08340546,0.26433045,-0.08147556,0.37358898,2.0934083,1.0710852,-0.73165035,2.902174,0.3378549,-0.13661219,0.24131936,0.66324323,-0.4107864,-0.16883709,-0.089068435,-0.025149703,-0.32875952,0.2828051,-0.0061471662,0.90791523,-0.029568529,1.2214218,-0.49821177,-0.38079935,-0.07986431,1.5198562,-0.014371871,-0.030972077,1.923092,-0.21656619,-0.032438572,-0.48124322
TCGA-AC-A6NO,2.1742802,1.1606722,0.3615544,0.8851411,0.15415971,-0.27638063,-0.08802169,0.42797866,0.16798082,-0.19780867,0.30320445,-0.030108554,-0.27390897,0.31639397,0.35637364,-0.026051322,0.6311529,-0.014000651,-0.04066939,0.74974424,-0.029041568,0.010118744,-0.29618683,0.0023237616,0.20081879,-0.01295608,-0.015829206,0.27762544,-0.019063827,0.99677086,0.7235722,-0.14021926,-0.05781684,0.94667083,-0.06302162,0.65321,1.2851896,0.7964452,-0.4706703,1.87307,0.15323533,-0.09821241,0.10254943,0.47248697,-0.2919962,-0.09906528,-0.06676196,0.018932503,-0.23180869,0.6554402,-0.02022922,0.26728585,0.12554629,0.6230793,-0.3637422,-0.22221391,-0.034714386,1.3024414,-0.007455834,0.055980083,1.7180674,-0.11923682,-0.02674356,-0.28085253
TCGA-AC-A7VB,3.893803,2.6585689,0.5924485,0.26981375,0.38166302,-0.5387789,-0.15244532,1.3959309,0.86999846,-0.42406955,0.22897717,-0.007705877,-0.7125397,2.650577,1.4197962,-0.11110766,-0.0131724095,0.1524482,-0.105981804,1.7462677,0.13195764,-0.0037495315,-0.60911554,-0.052771933,1.696817,-0.03018122,-0.04736171,0.045061637,-0.022640564,2.6575487,1.1717895,-0.56220883,-0.13884465,-0.0018812787,-0.11028292,0.2582997,3.0457737,1.6806289,-1.0853953,3.191391,-0.013887311,-0.20694815,1.1577048,0.08988793,-0.6380698,-0.21160536,-0.22666338,-0.11296972,-0.53946924,1.1497821,0.35883856,2.9839413,-0.13770965,1.5935948,-0.7464836,-0.5275232,-0.16921142,2.1732142,-0.03561522,-0.054980475,1.4371345,-0.42636934,-0.06770809,-0.86201334
TCGA-AC-A8OP,3.3874195,2.0027175,0.5636874,0.80200756,0.41124067,-0.39063996,-0.11258354,1.0313323,0.4264619,-0.33880445,0.11529322,-0.01678407,-0.54128784,1.7967302,0.919375,-0.05539885,0.2565746,0.17179488,-0.079588555,1.4666795,-0.029803256,0.07156023,-0.50122803,-0.03490197,1.1778754,-0.031468447,-0.030104278,0.22771032,-0.007576929,1.7617966,1.1907985,-0.41073132,-0.0775704,0.16382195,-0.085676,0.70063305,2.538782,1.5251083,-0.8518276,2.9430544,-0.0024000092,-0.16527478,0.7618858,0.37673336,-0.49099398,-0.14805155,-0.1578267,-0.06370243,-0.42857456,0.4402648,0.22316054,1.6433047,-0.07730671,1.3402739,-0.5989886,-0.43937054,-0.098081164,1.749444,-0.013974152,-0.054301716,1.5476972,-0.2979537,-0.053745717,-0.6017786
TCGA-AC-A8OQ,1.9335707,1.1138906,0.40156692,0.9918221,0.086780205,-0.2106121,-0.0935345,0.23015882,-0.00047941535,-0.19356352,0.06729592,-0.009732562,-0.27451304,0.75246423,0.21188165,-0.0282827,0.53833073,0.64154,-0.016187543,0.6470693,-0.009144877,0.14080533,-0.27055997,-0.03855449,0.34263894,-0.023402978,-0.01668234,0.32585034,-0.007262667,0.8643911,0.7062872,-0.15502706,-0.01719422,0.44614395,-0.071087524,0.5589573,1.2379024,0.74288327,-0.44842854,1.6221796,-0.014413674,-0.070472054,0.21603307,0.07312752,-0.2728258,-0.07679903,-0.088054754,0.02730738,-0.2027798,-0.0031072055,0.113648094,0.920796,-0.028244946,0.7063858,-0.32494596,-0.20613721,-0.03709071,0.8963969,-0.013452279,-0.019026075,1.1762794,-0.11989094,-0.025001798,-0.28648376
TCGA-AC-A8OR,1.9198925,0.92754364,0.30045214,1.1004615,-0.007229656,-0.23777227,-0.09032906,0.32090464,0.07515585,-0.17964695,-0.018878067,-0.03748622,-0.25151345,0.07771291,0.18540247,-0.023712724,0.79798764,0.13414532,-0.03237057,0.8833573,-0.027350722,0.10395508,-0.28163216,-0.008224085,0.406891,-0.012619759,-0.0037213997,0.43048054,-0.002978182,0.8026029,0.59141946,-0.15698938,-0.024872214,0.9653732,-0.048299383,0.82883334,1.3353713,0.9630174,-0.43605796,1.9366709,0.11889354,-0.074801594,0.04714482,0.4431029,-0.2458074,-0.09407356,-0.033752423,0.16045862,-0.19955562,0.5051815,-0.0057003982,-0.008965613,-0.00040254797,0.79812574,-0.3076205,-0.23744975,-0.029666005,0.97772443,-0.021415368,0.07117909,1.8221937,-0.090839244,-0.032879714,-0.24747069
TCGA-AC-A8OS,2.5039358,1.7471362,0.49670222,0.544214,0.4561355,-0.33221817,-0.07898355,0.8645333,0.3254457,-0.27417934,0.27987498,-0.016235491,-0.3979682,1.1025304,0.52663344,-0.035151295,0.3644899,-0.03287597,-0.06553709,1.1907846,-0.015119505,0.026109606,-0.39310977,-0.002599871,0.5557469,-0.011777061,-0.047471013,-0.0071686283,-0.0023918466,1.4246457,0.6802492,-0.27968764,-0.07907055,0.69785213,-0.06891133,0.8049909,1.696806,1.1121348,-0.62423044,2.2620533,0.23434809,-0.10911807,0.19887865,0.23707955,-0.3588549,-0.13438381,-0.12688062,-0.010334091,-0.29552427,0.7662976,-0.0068835504,1.2791706,-0.0760619,0.9148798,-0.46816215,-0.3167432,-0.088124804,1.4843267,-0.032952838,-0.020301916,1.3052619,-0.22249293,-0.029785592,-0.4025715
TCGA-AN-A0XL,1.9027535,1.3050283,0.5517727,0.8151723,0.09999061,-0.27582017,-0.03875957,0.59338385,-0.004189865,-0.18300532,0.18176925,-0.021234568,-0.2784604,0.5832365,0.46263364,-0.0075263283,0.48211646,-0.01997621,-0.040045075,1.1631557,-0.028981486,-0.014170775,-0.2740129,-0.029065838,0.5738417,-0.028446838,-0.042586807,-0.0034812097,-0.02265565,0.99050426,0.5458965,-0.17132014,-0.08861782,0.3828123,-0.03001581,0.71201086,0.9829122,0.61114633,-0.46355367,1.8675429,0.19373417,-0.09672387,0.19996259,-0.009104195,-0.2804368,-0.102799214,-0.07943448,0.0009769537,-0.23084538,1.5647188,0.23983938,0.89283425,-0.038690086,0.873429,-0.3451635,-0.19012895,-0.07458679,0.9210428,-0.021237813,0.12577999,1.1173671,-0.09520637,-0.031949,-0.25982973
TCGA-AN-A0XO,2.542507,1.9086483,0.2745896,0.90205693,0.49253315,-0.34943184,-0.10299467,0.84617406,0.40526894,-0.26448104,0.69143754,-0.017456582,-0.37389225,1.4529976,0.7293578,-0.02870514,0.18824992,-0.033198606,-0.08542079,1.1181521,-0.035558794,0.14697585,-0.3974754,-0.024248987,0.010137286,-0.014417568,-0.019102467,-0.013989835,-0.039248098,1.5770786,0.7239603,-0.25390044,-0.06933438,0.739876,-0.07504557,-0.01467931,1.8776264,1.0764853,-0.6503017,2.2039938,0.29297543,-0.13880889,0.3113747,0.2231523,-0.37921238,-0.1482878,-0.106390275,-0.024765713,-0.30067173,0.8196932,0.09641333,1.0108137,-0.036682468,1.133876,-0.49444023,-0.3405855,-0.077637434,1.5261372,-0.021677904,-0.038466427,1.3161862,-0.20742932,-0.049113687,-0.46526495
TCGA-AN-A0XV,2.941674,1.9621373,0.49890122,0.2976195,0.38140786,-0.39496413,-0.112240754,0.9179314,0.482735,-0.33205923,0.08959131,-0.02241045,-0.5088072,1.680485,0.8700612,-0.0776578,0.20901549,0.007905407,-0.07779735,1.4952687,0.14798164,0.22401297,-0.46265635,-0.031213049,1.0417802,-0.012563798,-0.038490005,0.19854285,-0.009527951,1.6540573,0.85441446,-0.41386652,-0.08509789,0.5257248,-0.10589901,0.39479488,2.3116229,1.2920302,-0.8095626,2.5676665,-0.020690005,-0.12934424,0.7077336,0.48676425,-0.4748899,-0.16591148,-0.16772135,-0.06902052,-0.4020594,0.34001926,0.019166589,1.907529,-0.089125685,1.199512,-0.57131344,-0.41205445,-0.12475767,1.7507722,0.16283022,-0.012734321,1.3644649,-0.293511,-0.035542708,-0.5969272
TCGA-AN-A0XW,2.1409857,1.3045378,0.4730414,1.387765,0.033137392,-0.2908965,-0.06669544,0.48269364,0.032413114,-0.21063678,-0.0056706243,-0.041076165,-0.29551882,0.10618408,0.07108611,-0.022186626,0.94590265,-0.01806115,-0.04767416,0.9099513,-0.04167987,0.27246436,-0.31459233,-0.028164048,-0.0016337264,-0.014678034,-0.0006801,0.44633937,-0.018595906,0.8878571,0.7201939,-0.18253504,-0.054674625,0.45506003,-0.04659207,0.9149908,1.5085503,0.8406018,-0.5149976,2.1714904,0.36370248,-0.08751314,0.10880731,0.20743106,-0.2915779,-0.13096611,-0.05917994,0.11863603,-0.21406141,0.5569347,0.0002919007,0.026088927,0.02689513,0.94899994,-0.34018373,-0.2590922,-0.052197408,1.201755,-0.03238918,-0.0010619353,1.849747,-0.13171306,-0.021474604,-0.262729
TCGA-AO-A03L,2.3330927,1.5576788,0.50397366,0.27880847,0.20498218,-0.38884717,-0.114276886,0.9743926,0.5310586,-0.30038664,0.3326802,-0.031969216,-0.4649777,0.71531504,0.5790052,-0.05189811,0.6437456,0.16100381,-0.066678874,1.6300113,-0.00567767,-0.004187517,-0.38912687,-0.038191177,1.3094528,-0.018857593,-0.031797998,0.20948169,-0.009534615,1.4290433,0.738459,-0.35001335,-0.09397767,0.3426263,-0.067502886,0.7938912,1.7527279,1.324213,-0.6830811,2.3522766,0.074306354,-0.13286433,0.49981493,-0.018761931,-0.38917252,-0.11884419,-0.12572251,-0.016387327,-0.3561979,0.92854935,0.11689916,1.3508312,-0.08325486,1.0864114,-0.46811,-0.31628057,-0.11172282,1.4832299,-0.0014782925,0.1313304,1.4484783,-0.22190379,-0.03960606,-0.46329913
TCGA-AO-A03M,2.0674136,1.1105721,0.39627615,1.4876778,-0.017313443,-0.2336648,-0.0756896,0.26243272,-0.006016667,-0.162771,-0.031742107,-0.029504273,-0.2719673,0.38717914,0.23623253,-0.018302916,0.7782101,0.089454256,-0.03863472,0.723012,-0.034316674,0.30067962,-0.27293554,-0.022989545,-0.03355662,-0.014869704,-0.016629143,0.2932583,-0.0038057626,0.802686,0.59096456,-0.12547897,-0.06072414,-0.0021546278,-0.052091595,0.67185414,1.3639859,0.5918719,-0.4924247,1.9907122,0.33338234,-0.08762388,-0.0077961534,0.08456932,-0.25078356,-0.12230021,-0.03798258,0.096453846,-0.2124733,0.55088854,0.13131689,0.47523776,0.015805343,0.76464766,-0.35955638,-0.2351147,-0.046437018,1.0867772,-0.023752308,-0.006297888,1.4847419,-0.13153337,-0.026811888,-0.25211534
TCGA-AO-A03N,2.0990345,1.7252513,0.20819217,0.59819204,0.2793923,-0.31422555,-0.11960039,0.76333785,0.41083553,-0.22556508,0.3909622,-0.018380074,-0.33550334,1.2196925,0.89248997,-0.0039276015,0.30387154,0.31524497,-0.07649311,0.8653758,0.017849244,0.14752828,-0.30909723,-0.031387154,0.32729,-0.02013201,-0.030422667,-0.006576152,-0.03167823,1.2716575,0.5329037,-0.23545511,-0.078992456,0.8352689,-0.039937485,0.26719877,1.2632723,0.8620615,-0.5451692,1.9921054,0.086540654,-0.084309265,0.38926077,-0.024682278,-0.32002792,-0.11617223,-0.097003214,-0.017537666,-0.27357495,1.4487971,0.0027804095,1.3889705,-0.014844972,0.76911116,-0.4418809,-0.26634485,-0.09136652,1.3084531,-0.0063913926,-0.0010676458,1.1611916,-0.16743839,-0.02615985,-0.38731226
TCGA-AO-A03U,1.7628957,0.89463943,0.41780728,1.6913174,0.015832912,-0.19119172,-0.08362849,0.024240598,-0.022736378,-0.15794311,-0.023760462,-0.040987767,-0.21401349,0.12779747,-0.0066832616,-0.018120408,0.88042784,0.22614028,-0.02534371,0.49833113,-0.037159715,0.048683673,-0.24025586,-0.018534347,0.009918179,-0.035717707,-0.0024448356,0.4282756,0.021190554,0.3880401,0.5449459,-0.103160284,-0.016120523,0.68093425,-0.038392246,0.7611114,1.1162153,0.66267943,-0.37964928,1.5923594,0.07585417,-0.054499466,0.03006791,0.37209135,-0.20173268,-0.0949761,-0.04821443,0.29782712,-0.15988013,0.20489065,-0.0039431998,0.14315288,-0.008244387,0.61672324,-0.26401135,-0.19310018,-0.044923656,0.7753883,-0.031909864,-0.018142493,1.4687778,-0.08542797,-0.008951343,-0.1855124
TCGA-AO-A0JA,2.9554982,1.799128,0.5062055,1.0308459,0.0074511357,-0.37531668,-0.10163873,0.8818282,0.20836225,-0.3176338,0.03709592,-0.050744314,-0.41228485,1.214532,0.7404527,-0.03951376,0.6640627,-0.022117842,-0.06827102,1.4641029,-0.049405333,0.047654897,-0.4276328,-0.040090334,0.20815715,-0.024892634,-0.017377973,0.11248329,-0.01574505,1.5235426,0.7348259,-0.28372288,-0.092368744,0.36871922,-0.0676563,0.44734716,2.0471947,1.0873649,-0.7141594,2.7002244,0.43275434,-0.16135979,0.2807504,0.3936088,-0.428354,-0.16243984,-0.10548004,-0.027687458,-0.34238532,0.45440435,-0.009766565,0.784804,-0.03410102,1.2035638,-0.5147844,-0.35992068,-0.09041114,1.6650355,-0.038769327,-0.032982137,1.7546978,-0.21607736,-0.04590026,-0.44344783
TCGA-AO-A0JB,1.4809605,0.7739972,0.19114126,0.4761437,0.10337207,-0.17434332,-0.10304671,0.28510335,0.17605296,-0.16201426,0.48102045,-0.007038916,-0.20821474,1.0308684,0.59274167,-0.022092914,-0.01887919,0.3910209,-0.019686485,0.53229576,0.05353881,-0.0009749771,-0.22643247,-0.005278895,0.07720792,0.10809803,-0.035457205,0.0140339285,-0.026086474,0.88011926,0.21172158,-0.15589626,-0.046263855,0.9934401,-0.053379297,0.04191762,0.86799973,0.7867256,-0.36095995,1.1762944,0.028250607,-0.06318777,0.08157784,0.16473977,-0.25290158,-0.10394076,-0.055022813,-0.028906507,-0.20293239,1.0519642,-0.032380935,0.9628211,0.06576928,0.46702847,-0.29883072,-0.18898048,-0.041934803,0.7923847,-0.0036955406,0.16483489,0.8138495,-0.079217784,-0.041405268,-0.26477757
TCGA-AO-A0JC,2.1600575,1.2936841,0.4805883,1.3177538,0.023801148,-0.2941394,-0.07342514,0.456,-0.016090846,-0.22844537,-0.016879598,-0.059168663,-0.3012428,-0.031784672,0.13252205,-0.025820522,1.2027752,0.10704887,-0.035238594,1.0151094,-0.034227002,-0.0019236446,-0.29693612,-0.016166518,0.33235434,-0.033245042,-0.004873985,0.4806429,-0.0048911395,0.81866145,0.76592433,-0.15254228,-0.061599422,0.17907327,-0.048127104,1.37836,1.5250729,0.94698304,-0.5257974,2.1972969,0.03742151,-0.100856625,0.13743375,0.16240898,-0.27613783,-0.09993705,-0.066371046,0.22174716,-0.21572259,0.2796981,0.23191054,0.07612172,-0.011582355,1.0858165,-0.3693383,-0.2500902,-0.033859298,1.1325636,-0.039436005,-0.0037403423,1.9572452,-0.12495555,-0.023480957,-0.24525885
TCGA-AO-A0JD,1.725223,1.2923884,0.36202738,0.8300443,0.17279504,-0.27214834,-0.03788706,0.68399787,0.09512123,-0.19521059,0.07711467,-0.018497275,-0.31265566,0.48779437,0.3228612,-0.005579689,0.5327866,-0.017241677,-0.035077695,0.9144093,-0.016591763,-0.032141548,-0.26298112,-0.025453765,0.4677701,-0.026079515,-0.028988356,-0.0052416567,-0.019822499,0.7620395,0.7562911,-0.20448335,-0.07997154,0.21749647,-0.039935783,0.73137575,1.4040735,0.8802606,-0.49715397,1.7017667,0.039355375,-0.1031248,0.2407602,-0.009580134,-0.28423077,-0.10656978,-0.093608476,-0.0053672935,-0.22703877,1.2870997,0.23125304,0.8820539,-0.042612102,0.7914342,-0.3380608,-0.21400964,-0.07448863,0.861309,-0.018311499,-0.005110689,1.0852401,-0.11514195,-0.012836029,-0.30574855
TCGA-AO-A0JE,2.909019,1.6814036,0.53667116,0.6770054,0.37500894,-0.3293942,-0.08745726,0.6467747,0.10347915,-0.29277185,0.09213649,-0.015136577,-0.4057539,1.3658428,0.6252451,-0.06395786,0.36337075,0.05766365,-0.046996213,1.1480056,-0.021164939,0.020687178,-0.38732192,-0.032696955,0.60934865,-0.017544014,-0.014646769,0.11471973,-0.01359873,1.4166317,0.9359356,-0.252707,-0.078736834,0.47284004,-0.08468845,0.36507058,1.6814468,1.0701263,-0.6810819,2.2574499,-0.014503638,-0.10491685,0.43914187,0.36430615,-0.40170962,-0.15044183,-0.13029349,-0.041160695,-0.35864717,0.33501044,0.12874918,1.2357175,-0.054184835,0.9234628,-0.5060987,-0.36306614,-0.067194894,1.6255112,-0.006702315,-0.042708125,1.4560343,-0.2334485,-0.044677537,-0.4675009
TCGA-AO-A0JF,2.3812268,1.4202158,0.27457485,1.2813631,0.18911509,-0.29027414,-0.0846929,0.4507598,-0.0015347219,-0.20431855,-0.022500927,-0.052836288,-0.27850765,-0.0032754596,0.26143914,-0.019065069,0.89389765,-0.0068398626,-0.052294087,0.9830531,-0.04202677,0.08915635,-0.30222416,-0.019131882,-0.0016222831,-0.031252537,-0.015505239,0.39688367,-0.011803003,0.8913373,0.60857624,-0.14984286,-0.04476466,0.7502319,-0.03237113,0.85870904,1.4968853,1.068255,-0.51769775,2.2011204,0.016180696,-0.100052856,0.1773858,0.3128454,-0.28829333,-0.112360016,-0.059705865,0.37482783,-0.22756891,0.6061774,0.07955123,0.023382619,-0.0005916147,0.9154598,-0.38081482,-0.25653782,-0.02525932,1.0476747,-0.00693462,-0.010126606,1.8084799,-0.096722506,-0.023158742,-0.27358374
TCGA-AO-A0JG,2.4095025,1.6541442,0.45035174,0.4425412,0.29886752,-0.33965126,-0.09679269,0.8518143,0.16418794,-0.27636155,0.15440415,-0.014443454,-0.39252955,0.5632434,0.5703768,-0.058409043,0.7625765,0.11390658,-0.0708553,1.2571968,-0.0282116,0.28452116,-0.40241727,-0.057603437,1.0495872,-0.019384138,-0.0054903403,0.34964544,-0.0052531734,1.3573571,0.8287347,-0.29542112,-0.09171417,0.24751912,-0.062783465,0.87725174,2.0296586,1.3372943,-0.663458,2.560577,0.35729262,-0.13712499,0.42182258,0.2653603,-0.3796209,-0.13108306,-0.13450302,0.041081164,-0.29262754,0.44969168,-0.007781078,0.8547699,-0.045729365,1.3324467,-0.45455858,-0.30948314,-0.07673519,1.448535,-0.0076976917,-0.0010287103,1.7935209,-0.19521706,-0.040932093,-0.451008
TCGA-AO-A0JI,4.115916,2.738965,0.91333723,0.7124366,0.4413007,-0.521035,-0.1624765,1.4862212,0.7862829,-0.40699315,0.060150415,-0.018795997,-0.68585485,2.188607,1.3164912,-0.100740634,0.2697958,-0.0050328,-0.09595426,1.9624215,-0.0057828133,0.2680699,-0.6587114,-0.054406643,1.2790848,-0.032975536,-0.044368412,-0.008111747,-0.032145023,2.3036346,1.3388662,-0.537461,-0.12500744,-0.0025675197,-0.103214465,0.27706864,2.9627416,1.8492956,-1.0975429,3.6664743,-0.010753817,-0.21476737,0.97067124,0.50997174,-0.60887426,-0.2414985,-0.22216955,-0.072158866,-0.5487115,0.43852326,0.22376908,2.1149979,-0.13286738,1.6631324,-0.7515112,-0.5684275,-0.13802244,2.1309624,-0.023150017,-0.022354094,1.9693282,-0.40857273,-0.044599827,-0.82589865
TCGA-AO-A0JJ,2.7499804,1.679273,0.5013471,1.0211287,0.3264131,-0.3666174,-0.10838423,0.7079394,0.11170968,-0.27349707,0.07089809,-0.036861114,-0.3882719,0.46047848,0.5729574,-0.028537009,0.73514545,-0.0048048645,-0.05682237,1.2804576,-0.024211815,0.1259994,-0.39000508,-0.031405587,0.5419004,-0.03243379,-0.03085859,0.53986114,-0.007641119,1.3435917,0.9266823,-0.24286917,-0.07610696,0.70756024,-0.06498856,1.0440589,1.9632407,1.3491373,-0.66443473,2.6993964,0.08577236,-0.12310326,0.32136318,0.45603985,-0.33426228,-0.1282389,-0.09360322,-0.003951462,-0.3139377,0.4949423,-0.004910799,0.39227244,-0.04064179,1.3338704,-0.45338836,-0.33762035,-0.04976278,1.5734642,-0.010936171,-0.007967916,1.9953675,-0.16777386,-0.017439278,-0.39460993
TCGA-AO-A0JL,2.5649912,1.10192,0.3995343,1.4724116,-0.01455826,-0.24486399,-0.1858993,0.3580914,0.7017583,-0.17538066,0.055436425,0.18180399,-0.36952087,2.5605805,0.9871365,-0.044979088,-0.04940999,0.9188659,-0.030737683,0.38016903,0.18771814,0.31242684,-0.34569985,-0.054491132,-0.011717613,0.19404005,-0.020608237,-0.015936216,-0.030853117,1.3691055,0.78170246,-0.2223829,-0.07297367,0.83281404,-0.09470561,-0.032609075,1.6326001,0.60259193,-0.56648743,1.6795748,-0.05233841,-0.060640045,0.46346682,-0.015391585,-0.3878549,-0.19128637,-0.10381234,-0.021652715,-0.31148198,1.2370735,0.018874181,2.6205661,-0.038709227,0.61859,-0.4835414,-0.27500275,-0.104424976,0.9703181,-0.023350624,-0.012677749,0.5935218,-0.23626685,-0.023955395,-0.46735284
TCGA-AO-A0JM,2.813105,1.8944694,0.48447725,-0.002382947,0.39662072,-0.4141636,-0.15018108,1.0410024,0.46001017,-0.36350486,0.3556275,-0.028075961,-0.52894086,1.6899623,1.0918072,-0.07583627,0.36253724,0.33253118,-0.07476037,1.5410402,-0.0021484685,0.30731007,-0.47751075,-0.043640327,1.1114527,-0.020954018,-0.01717185,0.17080288,-0.030835152,1.8344747,0.82937,-0.4206887,-0.09083561,0.5558864,-0.09575224,0.48484766,2.252515,1.3668618,-0.80064887,2.5382414,0.16907434,-0.13410696,0.6747454,0.27303404,-0.47267494,-0.13179792,-0.16835526,-0.057240106,-0.42539787,0.46784857,-0.0011953277,2.1355348,-0.10047418,1.1983215,-0.5628616,-0.38315767,-0.1206455,1.9026239,0.14051966,-0.010520965,1.2766818,-0.3005658,-0.06771527,-0.6197762
TCGA-AO-A124,1.1550283,0.25886878,0.11434445,1.1848632,0.010029066,-0.1074055,-0.07543268,0.063089415,-0.0097255865,-0.07548371,-0.0025477593,0.10887816,-0.13770263,1.0460557,0.1577751,-0.009339848,0.19760975,0.65977746,-0.033665888,-0.0051736915,0.2142648,0.07969621,-0.13595144,-0.02381123,-0.007405657,-0.017454062,-0.008435837,-0.009427197,-0.0019094665,0.50262564,0.19185622,-0.06858289,-0.021977622,0.63386744,-0.026226023,0.043302294,0.6756054,0.37710008,-0.22274955,0.73424274,-0.028192623,-0.02945215,0.43705642,0.046657532,-0.17245755,-0.06828063,-0.017620066,-0.0008980695,-0.11595166,1.0226836,0.15800281,1.1687151,0.1934647,0.18049295,-0.21185206,-0.108191386,-0.032404482,0.44270176,-0.010716792,0.053168107,0.4661356,-0.03870095,-0.0073935883,-0.14865755
TCGA-AO-A125,2.9377224,2.2707188,0.3389888,0.21819896,0.45722187,-0.40461445,-0.10984428,0.8755976,0.5746622,-0.2926001,0.29256287,-0.029236395,-0.468645,1.1926535,1.021123,-0.036573492,0.29246673,0.3023761,-0.047814462,1.2084836,-0.028081331,-0.0022207082,-0.43860874,-0.020844832,0.8062469,-0.033849955,-0.024980875,0.10766117,-0.0021309599,1.7912071,0.9071668,-0.27853775,-0.13011466,1.1443437,-0.10012046,0.79162604,1.7754635,1.5335858,-0.7458463,2.6282256,-0.012727822,-0.14815722,0.6409822,0.6302574,-0.43900958,-0.15260965,-0.13002916,-0.021333162,-0.36106926,1.3859695,-0.011951375,0.839744,-0.06244851,1.1923641,-0.5980067,-0.37298435,-0.10309746,1.9144663,-0.0030143713,-0.008238296,1.6543907,-0.20038223,-0.015194385,-0.51011616
TCGA-AO-A126,2.876371,1.7563938,0.4339722,1.279891,0.27492747,-0.3506316,-0.11216121,0.7037111,0.2526664,-0.27696595,0.1564987,-0.03504918,-0.40215716,0.2664797,0.33140194,-0.043590304,0.80568916,0.045966715,-0.07953203,1.3791522,-0.024812242,0.06488682,-0.41756627,-0.016623855,0.2623944,-0.0040136273,-0.019245034,0.44136608,-0.008450337,1.2847804,0.67098016,-0.24469328,-0.078033276,0.8820125,-0.06404954,0.77865374,1.7751135,1.2636062,-0.6806969,2.791851,0.19983706,-0.120499365,0.3550059,0.49984175,-0.40081093,-0.15701936,-0.08791668,0.24867152,-0.31258637,0.7880358,0.004025763,0.4774399,0.060046904,1.2672873,-0.4959517,-0.35167214,-0.0642492,1.5894055,-0.044719905,0.0935393,2.0144665,-0.18766719,-0.041553892,-0.39747244
TCGA-AO-A128,2.1945367,1.1277368,0.34415057,1.8617643,-0.01313313,-0.2728992,-0.1006444,0.3215244,-0.027877895,-0.19366181,-0.017823745,-0.024608629,-0.30044168,0.43169188,0.25996178,-0.0049713105,0.8268737,0.53555036,-0.029533511,0.7131772,-0.021007573,0.0809663,-0.2827033,-0.034531612,-0.0020878387,-0.027263943,-0.032197747,0.32431036,-0.011780011,0.75422835,0.7060188,-0.1408623,-0.048982777,0.2142908,-0.0559767,0.7813113,1.580299,0.68921053,-0.524309,1.9629625,-0.0022928785,-0.0734387,0.19992161,-0.013578989,-0.29417482,-0.12867187,-0.062101938,0.32603523,-0.21791689,0.6053034,0.08298798,0.81439626,-0.008553884,0.7355804,-0.34941113,-0.2340142,-0.030806122,0.9737961,-0.04099722,-0.009346199,1.6983254,-0.14198412,-0.019787015,-0.2530788
TCGA-AO-A129,2.2584226,0.87708807,0.46716037,1.4534178,0.11768697,-0.21445023,-0.12016268,0.0825662,0.011283805,-0.22972682,-0.0073786615,-0.030133983,-0.28857708,0.80911344,0.14556442,-0.026414191,0.73096174,1.0934793,-0.028342491,0.5591044,-0.018185765,0.28100875,-0.2861368,-0.013646356,0.10168983,-0.023786778,-0.0116866175,0.75209516,-0.011755906,0.93780005,0.7269985,-0.15753506,-0.021355007,0.98805714,-0.08197605,0.6724308,1.447784,0.88681775,-0.5283521,1.7070707,-0.051156234,-0.06945113,0.2499716,0.4148485,-0.29698858,-0.14720206,-0.07065715,0.046769727,-0.24014723,-0.03126754,-0.018138839,0.80054635,0.14610827,0.68093866,-0.3835096,-0.27123794,-0.022917574,1.0785639,-0.01576966,-0.0018056025,1.557158,-0.14168493,-0.042124473,-0.34587398
TCGA-AO-A12B,2.032692,1.1804837,0.12425579,0.5895139,0.12884784,-0.32513863,-0.081730925,0.439809,0.3635171,-0.23437968,0.017684419,-0.039902132,-0.29437336,0.08876331,0.39340076,-0.033865705,0.67740005,-0.020809444,-0.04819415,0.86555123,-0.027855992,0.124663584,-0.34617913,-0.019261464,0.33396512,-0.03112526,-0.026183227,0.30975834,-0.013537898,1.131597,0.6719618,-0.15386242,-0.046107553,0.87836057,-0.036251727,0.9701278,1.3498969,0.84346426,-0.51771945,2.231495,0.13134079,-0.12801641,0.08403283,0.3665778,-0.3012385,-0.111094154,-0.043404248,0.51668316,-0.2445081,0.851646,-0.024667917,0.12188866,-0.01680672,0.88740337,-0.40454063,-0.25454158,-0.081139706,1.1004972,-0.010214821,-0.0012146424,1.5503237,-0.1261945,-0.020485884,-0.31221795
TCGA-AO-A12C,3.193969,1.6246245,0.15607953,1.7783852,-0.016992828,-0.39817935,-0.13554099,0.80522484,0.21152854,-0.28924704,0.0681375,-0.01789046,-0.4292874,1.0335511,0.80173224,-0.019584928,0.76938397,-0.008892216,-0.078411154,1.3560023,-0.03933945,0.30493838,-0.43769225,-0.049431633,-0.014817009,-0.0064760037,-0.013402643,0.19870923,0.005581245,1.7242197,1.0484631,-0.28435192,-0.10401281,0.45600402,-0.048100974,0.6288029,2.198731,1.180991,-0.7627184,3.1793218,0.56284803,-0.14987256,0.3163455,0.5391405,-0.43802968,-0.18197213,-0.08402559,-0.015111287,-0.32800215,0.93919563,-0.01704452,0.60321635,0.0893515,1.4242498,-0.51553226,-0.38259378,-0.08747232,1.733459,-0.04209281,-0.04070034,2.3195255,-0.20510283,-0.04463715,-0.45831653
TCGA-AO-A12E,3.124721,2.0262074,0.5912929,0.5108204,0.38255537,-0.44674787,-0.13566796,1.0846078,0.6436751,-0.3507465,0.3848186,-0.012296606,-0.5564483,1.5993295,0.8469506,-0.07945474,0.5814933,0.12381278,-0.08156528,1.6133933,0.09091811,0.060555585,-0.50558996,-0.049361072,1.4255537,-0.023508772,-0.045405757,0.05517403,-0.02272628,1.9211689,1.026353,-0.41800722,-0.08699227,0.39352253,-0.09699895,0.66772807,2.376058,1.6352665,-0.8568937,2.8510633,0.003190251,-0.15193118,0.6731026,-0.010312977,-0.47309032,-0.16376156,-0.16762438,-0.044913035,-0.44433507,0.6455378,0.3230281,1.7302015,-0.10499884,1.3816639,-0.61329114,-0.41980258,-0.124854006,1.6201689,-0.02104857,-0.010028674,1.6449699,-0.3151153,-0.055407472,-0.63532406
TCGA-AO-A12G,3.016183,2.0732758,0.5326718,0.47301295,0.5164249,-0.38862845,-0.14457257,1.1276699,0.6900942,-0.35002083,0.2575547,-0.025721803,-0.482309,1.4767905,0.8059046,-0.07536259,0.5525652,-0.008403997,-0.08951106,1.413968,-0.036945883,0.12255658,-0.48103997,-0.0082226945,0.6256003,0.04623742,-0.028787017,0.07463494,-0.0042259335,1.7533605,0.8429115,-0.37457052,-0.0782718,1.1023071,-0.093883924,0.5767149,2.2364643,1.5195694,-0.81184417,2.757578,-0.020049555,-0.16320914,0.54483265,0.36396885,-0.48131642,-0.18359281,-0.14427894,-0.053940143,-0.4213644,0.74286306,0.00730866,1.2961073,-0.031652573,1.0907648,-0.5814887,-0.42793313,-0.09423738,1.7420776,-0.0051264684,-0.0059899366,1.4625846,-0.26939645,-0.032175835,-0.555964
TCGA-AO-A1KO,2.07348,0.9142922,0.37220374,1.7335055,0.05701318,-0.18748435,-0.08749202,0.058155272,-0.0123652425,-0.17245786,-0.025543083,-0.014584022,-0.233789,0.50129956,-0.0043839705,-0.0085967025,0.6477193,0.37292188,-0.031054476,0.6499255,-0.013583317,0.045403384,-0.27083328,-0.020443691,-0.01664647,-0.022824464,-0.027124962,0.43586487,-0.019725148,0.7281269,0.54338455,-0.113935046,-0.024225157,1.1547745,-0.048086293,0.7420146,1.1823511,0.89992213,-0.41727072,1.6396815,0.024413737,-0.055146735,-0.0062652114,0.36505598,-0.24052148,-0.11577906,-0.04390471,0.15370609,-0.19136843,0.18296628,-0.0029613914,0.24043341,-0.0027292778,0.5940215,-0.32535094,-0.22621082,-0.029686948,0.96328723,-0.032558106,-0.015482378,1.5374249,-0.10005283,-0.012630001,-0.2099053
TCGA-AO-A1KP,2.5361066,1.8763676,0.40646315,0.4288493,-0.0131067205,-0.405689,-0.12327023,0.8368532,0.36532468,-0.26770943,0.25784084,-0.023780633,-0.41918188,0.91810805,0.8815658,-0.058626622,0.47046232,-0.088248126,-0.08184928,1.6937455,-0.020244338,0.54464835,-0.42051432,-0.050643153,0.6813865,0.004689893,-0.024801793,0.29910207,-0.027289057,1.3964294,0.6264428,-0.31353244,-0.107090764,0.12920594,-0.068942584,0.3352146,1.9965641,0.9047904,-0.69851106,2.7242486,0.39573425,-0.14199694,0.57485926,0.45124036,-0.41385117,-0.15377718,-0.09931288,-0.033546265,-0.32429287,1.5587327,0.1882708,1.5356277,-0.08239498,1.0562586,-0.48430777,-0.30152997,-0.10022688,1.1669705,-0.008811873,-0.003316125,1.6085963,-0.23263088,-0.022960776,-0.5080175
TCGA-AO-A1KQ,1.5860547,1.1054021,0.15818992,0.31837365,-0.008406498,-0.23715523,-0.048194263,0.45142964,0.050900545,-0.17679995,0.15251881,-0.020275824,-0.25877914,-0.0014195733,0.33719158,-0.0119894445,0.51923007,-0.017432062,-0.027391136,0.80077,-0.03957313,-0.019860765,-0.25307173,-0.020329842,0.47528833,-0.0018781448,-0.037454035,0.08109222,-0.010623969,0.7089616,0.57855964,-0.1740175,-0.054450344,-0.003882998,-0.044443887,0.73014635,1.1764969,0.7681953,-0.4478696,1.748572,0.2908055,-0.0788547,0.1456762,0.05645109,-0.25619045,-0.09415086,-0.06836543,0.1307721,-0.2015659,0.9578651,0.047336563,0.37009647,-0.02095557,0.9484021,-0.3051187,-0.1746773,-0.0629876,0.879606,-0.028203135,-0.0020343324,1.0499797,-0.10483817,-0.03552499,-0.26740736
TCGA-AO-A1KR,2.6000812,1.3000729,0.4918472,1.1126853,0.2732042,-0.2831003,-0.16818357,0.72079897,0.08099954,-0.26950172,-0.0053290525,0.021929972,-0.43107438,1.9267001,0.6578355,-0.05103263,0.11734834,0.9561368,-0.041463234,0.87566996,0.15996026,0.01595737,-0.39457184,-0.0073878355,0.43548194,-0.0037424383,-0.006164845,0.3600212,-0.02187696,1.4592253,0.82688165,-0.28672567,-0.022789001,0.6607422,-0.08839179,0.32989198,2.0269701,1.1004858,-0.6617348,2.019395,-0.044212807,-0.102389514,0.4368689,0.5272501,-0.39479074,-0.1348502,-0.11249485,-0.024042478,-0.31717476,-0.00909061,0.09763344,1.8209536,-0.050326806,0.9289816,-0.49254772,-0.35916042,-0.063775145,1.3833736,-0.010069304,-0.023974944,1.3815697,-0.24361105,-0.03573067,-0.47658688
TCGA-AO-A1KS,2.771092,1.617951,0.42938885,1.2730955,0.25598997,-0.29409176,-0.10383451,0.42534545,0.27459043,-0.25030896,-0.0012329681,-0.016441945,-0.38204396,1.5271198,0.54137903,-0.05937482,0.4455583,-0.022787333,-0.06315277,1.035367,-0.051480826,0.44619322,-0.4120246,-0.011854552,-0.029764337,-4.3104345e-05,-0.05777181,0.0021523722,-0.02716959,1.2094272,0.68762994,-0.22283988,-0.052204557,0.46869126,-0.04433619,-0.017333996,1.7268238,1.0959054,-0.64335406,2.2507844,0.34847784,-0.11065173,0.12536453,0.58862823,-0.4209461,-0.19234392,-0.08881674,-0.044526383,-0.32285663,0.443211,0.098648585,0.9353867,-0.0118015,0.9386528,-0.5015921,-0.344032,-0.040366147,1.4585032,-0.036877524,-0.038993277,1.6396644,-0.184706,-0.036653053,-0.43548617
TCGA-AO-A1KT,1.9979764,1.5196013,0.5460579,-0.049026772,0.4787488,-0.31181023,-0.11020174,0.9852558,0.42732492,-0.2663678,0.56458205,-0.006450565,-0.40418848,1.296728,0.7328421,-0.046294846,0.20802936,-0.0022909406,-0.067286484,1.2484854,-0.0027632683,0.123379596,-0.38435873,-0.011172186,1.1284624,-0.004838067,0.022301713,0.12556224,-0.023703294,1.3898441,0.47865185,-0.34188262,-0.06335991,0.52479357,-0.059060734,0.5305288,1.3696284,1.1153598,-0.56749326,1.8612072,-0.021833908,-0.09911613,0.6682588,0.20243786,-0.35302052,-0.09706208,-0.13031177,-0.06427608,-0.34336588,0.62513673,0.21800531,1.9500271,-0.09718538,0.59513825,-0.43232176,-0.2821716,-0.08605044,1.3170143,0.22672087,-0.0052826707,1.0007981,-0.22072163,-0.04057067,-0.4842863
TCGA-AQ-A04H,3.3668072,2.284118,0.41333503,-0.031528655,0.53629273,-0.4971094,-0.15324764,1.2797612,0.87176585,-0.4223268,0.49584746,0.032194637,-0.64831537,2.18638,1.4991307,-0.10755076,0.053537954,0.3239887,-0.08881799,1.8144282,0.26575428,0.14688885,-0.5737521,-0.039357428,2.1107965,-0.007164071,-0.06488638,-0.012694599,-0.0177192,2.1902664,0.9046464,-0.55406135,-0.1165229,0.014850147,-0.12241441,0.49393204,2.7929056,1.755188,-0.97326463,2.7776883,-0.012986109,-0.19482027,1.2309133,0.018390656,-0.5522357,-0.16068901,-0.20987828,-0.05794362,-0.51392335,0.8992771,0.33948544,2.4327412,-0.12676226,1.4802722,-0.6835258,-0.47782984,-0.1251179,1.8606844,-0.0029574756,-0.019822953,1.3437134,-0.37094513,-0.0771049,-0.8179941
TCGA-AQ-A04L,2.6258814,2.2506557,0.524327,-0.0030908943,0.43569905,-0.38277957,-0.13748682,0.8091871,0.8208431,-0.30716777,0.73085064,0.38655367,-0.4746897,2.2498984,1.1655829,-0.07698133,-0.035194926,0.20816924,-0.095307566,1.3473793,0.43087852,-0.004603223,-0.43193847,-0.021369195,1.0147003,0.11716341,-0.034651082,-0.03664358,-0.049822208,1.7782067,0.6282683,-0.39664793,-0.06903985,0.739991,-0.12733828,0.091313556,2.0067637,1.1740068,-0.73938036,2.0116434,-0.03910701,-0.10004357,0.58399713,-0.016923605,-0.476912,-0.13842301,-0.21534002,-0.040922035,-0.39457747,0.9798237,0.29160833,3.1268647,-0.13879661,0.72279,-0.5506479,-0.3627647,-0.14692686,1.4322865,0.078113995,-0.030485168,0.33385834,-0.30235004,-0.06938364,-0.63170636
TCGA-AQ-A0Y5,2.5947452,1.5823694,0.45824257,-0.0057671256,0.29311737,-0.31597304,-0.12394674,0.9518269,0.49113607,-0.30775806,0.1295208,0.11039185,-0.43350574,1.7979642,0.643642,-0.064491086,0.1240657,0.07280268,-0.06544542,1.2567668,-0.0071925716,0.2527647,-0.39877126,-0.02750054,0.7120045,-0.0027779422,-0.00974759,0.024463344,-0.027460117,1.5119555,0.6320318,-0.35881177,-0.059288688,0.36495417,-0.086666636,0.0065573994,1.9078225,1.1381116,-0.66640157,2.009792,0.0109341685,-0.12912486,0.505845,0.39316362,-0.407631,-0.13887602,-0.1426944,-0.059990592,-0.3620535,0.15756227,-0.0036715553,1.750965,-0.077539645,0.90999,-0.46348292,-0.3351646,-0.09692897,1.382859,0.08782422,-0.027207846,0.9549875,-0.25687122,-0.055619773,-0.5488755
TCGA-AQ-A1H2,1.7408547,1.5748003,0.3686366,-0.039390508,0.38990802,-0.33815503,-0.089937486,0.7126931,0.45540515,-0.21095549,0.6205249,-0.02511478,-0.37977776,0.97915953,0.66297925,-0.044636425,0.26534042,-0.0438552,-0.081049494,1.2018225,-0.015511668,0.071981885,-0.32671112,-0.03452749,0.8259301,-0.033374544,-0.027010186,-0.021608807,-0.023980748,1.3365736,0.57854605,-0.26272032,-0.08769849,0.3488342,-0.044209976,0.51105994,1.410902,1.0445912,-0.55461246,1.736753,0.51269513,-0.10647418,0.6213194,0.21608071,-0.28221104,-0.073315494,-0.13836071,-0.0594706,-0.28063533,1.3881913,0.14304252,1.220453,-0.09736588,0.91972727,-0.39612338,-0.26336196,-0.099263355,1.2962899,-0.011386546,-0.0006999631,0.9346295,-0.18774627,-0.04489131,-0.46340948
TCGA-AQ-A1H3,3.0684133,1.7164503,0.4827954,0.9414611,0.143901,-0.38574886,-0.120515466,0.838998,0.3374236,-0.3163348,0.1840061,-0.023294402,-0.42899534,0.80465585,0.5716374,-0.055431455,0.797819,0.113737255,-0.06567204,1.256869,-0.048194792,0.21030572,-0.4404963,-0.013264916,0.47542617,-0.019659428,-0.02985476,0.24096616,-0.014861295,1.5520282,0.92566997,-0.24937975,-0.080230765,0.79383475,-0.08861247,0.9637467,2.1394866,0.9765491,-0.713033,2.6376371,-0.00049479137,-0.14276919,0.48929232,0.34712934,-0.42949682,-0.14944272,-0.116478525,-0.022024617,-0.3602053,0.35034624,-0.015403814,0.99120325,-0.014253042,1.0292333,-0.5102243,-0.35984725,-0.08767284,1.6080852,-0.017956687,0.07876767,2.0441015,-0.19866538,-0.021629836,-0.47090292
TCGA-AQ-A54N,2.1904094,0.8914247,0.5366258,0.8892397,0.3575389,-0.21665287,-0.21429466,0.09560001,0.27729398,-0.25909182,0.2622377,-0.009570374,-0.3421975,2.2038093,0.33565015,-0.050762214,-0.012056574,2.025572,-0.07306882,0.43212402,0.015667003,0.3280727,-0.32259774,-0.030003423,0.14684445,0.002864445,-0.007357081,0.53455895,-0.051089745,0.8312079,0.42631966,-0.23549381,-0.0027327898,1.9110639,-0.124205664,0.06611398,1.3049268,1.2958151,-0.5069453,1.4722713,-0.060644705,-0.06701872,0.4581104,0.34861028,-0.35063156,-0.1217049,-0.09292667,-0.04125856,-0.28734773,-0.07897689,-0.023949794,2.081951,0.08964831,0.3330001,-0.44968826,-0.29852003,-0.056769866,1.1418673,0.18405564,-0.020705335,1.0974809,-0.18306871,-0.035543077,-0.45396477
TCGA-AQ-A54O,2.2159111,1.1801423,0.47855872,0.9657002,0.19250287,-0.2733825,-0.08740903,0.44148895,0.13142125,-0.19831927,-0.005514934,-0.023043578,-0.2918312,0.22196259,0.20579223,-0.032929223,0.6230467,-0.00518075,-0.0646593,1.1483775,-0.046731763,0.31962055,-0.3123341,-0.02510256,0.20475243,-0.012025164,-0.025579575,0.37756568,0.02710785,0.93976724,0.44313878,-0.17090118,-0.039078057,0.6886872,-0.030671183,0.7247183,1.4183923,0.99944234,-0.5083894,2.0376544,0.14104648,-0.08993682,0.24082491,0.5211686,-0.29106137,-0.11695715,-0.06775107,-0.005340191,-0.2384244,0.13908477,-0.013641392,0.04513129,0.40681383,0.946353,-0.37498787,-0.25128067,-0.038205463,1.3165663,-0.026231527,-0.0217701,1.6967683,-0.11897482,-0.018717377,-0.29240477
TCGA-AQ-A7U7,2.8230264,1.7093014,0.5558664,0.95102006,0.16859889,-0.36452293,-0.108250074,0.67183626,0.14295062,-0.29195493,0.07071418,-0.054785784,-0.41037545,0.7162002,0.5598477,-0.04509532,0.77293724,-0.00088439084,-0.06421446,1.4521593,-0.031043509,0.11683187,-0.40074345,-0.027228823,0.6074481,-0.026644563,-0.014332023,0.32456324,-0.019447815,1.3814821,0.9876776,-0.26887298,-0.06266311,0.32095674,-0.059801914,0.92852527,2.0561597,1.08898,-0.70576376,2.523814,-0.0035670013,-0.12670258,0.38830397,0.32682377,-0.39550275,-0.13204171,-0.11800613,-0.030719567,-0.31923336,-0.000760204,0.118241034,0.9659506,-0.046808925,1.0012748,-0.49986616,-0.34873956,-0.08591154,1.6127877,0.025581662,-0.02705802,1.8969349,-0.21226764,-0.027992336,-0.43854123
TCGA-AR-A0TP,2.6990826,1.154401,0.28156427,2.3454053,0.060334902,-0.24685207,-0.1648211,0.12649295,0.21526168,-0.16006361,-0.014715955,0.112037085,-0.37158674,1.9522712,0.5017569,-0.042722534,0.07091306,0.91914666,-0.037814107,0.48349187,0.22464709,0.45064571,-0.3691685,-0.0061439895,0.021254051,-0.037465584,-0.04105696,0.46187165,-0.039953884,1.188585,0.7016938,-0.22229119,-0.03729501,1.3581328,-0.093069345,-0.017145338,1.6297042,1.1974493,-0.6238315,2.1143963,-0.001741959,-0.059786268,0.12471673,0.51915115,-0.32698092,-0.19385302,-0.08537023,-0.014646135,-0.28507897,1.2031276,-0.019885685,1.7727928,0.12127095,0.89701355,-0.49520817,-0.33106282,-0.09198596,1.2031939,-0.058557432,-0.0127771115,1.4611863,-0.17740552,-0.023766657,-0.44308153
TCGA-AR-A0TQ,3.072145,1.8795971,0.51625127,0.8484713,0.14583458,-0.40598288,-0.15314381,0.8425858,0.2578708,-0.32675794,-0.0130439075,-0.027599424,-0.47332498,1.338983,0.76966166,-0.057415422,0.5515451,0.17377034,-0.08483397,1.3982319,-0.03047643,0.2414026,-0.47311202,-0.02784637,0.73163676,-0.010223075,-0.051107623,0.24033742,-0.041323584,1.5746659,0.75132006,-0.33526966,-0.08437631,0.021641042,-0.06992746,0.5090586,2.3571148,1.1957756,-0.79020214,2.899481,0.31874254,-0.14482862,0.57547015,0.4004733,-0.44409648,-0.16489734,-0.13059354,-0.04478558,-0.38391134,0.3064851,0.1956113,1.0898927,-0.04578815,1.2667341,-0.5570216,-0.37780732,-0.05080072,1.6320832,-0.030295944,-0.014624317,1.8034718,-0.26615283,-0.051656824,-0.54084545
TCGA-AR-A0TR,2.0302067,1.6958069,0.35144803,0.5275719,0.39394504,-0.3625996,-0.12581666,0.80950445,0.48152792,-0.25785723,0.53563976,-0.018359926,-0.3366811,0.5393699,0.475227,-0.032764528,0.5646112,-0.0067467927,-0.060685672,1.0390116,-0.0059002577,0.12373671,-0.3629926,-0.005939559,0.670361,-0.04000744,-0.0505619,0.06338966,0.03384757,1.5466831,0.5118404,-0.24579349,-0.06708566,0.8991452,-0.04843558,0.7223356,1.7314278,1.0076797,-0.5745477,2.431269,0.5973992,-0.112251304,0.54006463,0.3082397,-0.31842667,-0.11782048,-0.115464605,0.058272127,-0.2779489,0.96215963,-0.018608872,0.71927977,-0.0066584195,0.88704884,-0.43753862,-0.30681595,-0.08152467,1.2777078,0.24139436,-0.010315525,1.5094131,-0.17397396,-0.044805482,-0.3906555
TCGA-AR-A0TT,2.777298,1.8634398,0.5321968,0.87692666,0.06959143,-0.3361161,-0.12232556,0.6366005,0.24496661,-0.29507107,0.28774723,-0.011252235,-0.40364477,1.2787374,0.6511634,-0.046153467,0.26947218,0.35150218,-0.06084455,1.149033,-0.01528228,0.06518354,-0.38621736,-0.02922724,0.5655223,-0.04562074,-0.03674061,0.18809053,-0.039810516,1.4215367,0.7725799,-0.26964626,-0.06306826,-0.010102227,-0.09590589,0.55115354,1.9344387,0.88426137,-0.6830647,2.384665,-0.027945174,-0.11354164,0.63757074,-0.009301539,-0.40967917,-0.1482669,-0.11925467,-0.0565714,-0.3371761,0.58687794,0.2539844,1.7511863,-0.059279133,1.045779,-0.49613047,-0.32664216,-0.09425429,1.2331545,-0.01862934,-0.029853044,1.1260928,-0.2671573,-0.040541057,-0.45335722
TCGA-AR-A0TV,2.641506,1.6479334,0.28971627,-0.027729128,0.43104082,-0.40299827,-0.123102166,1.0358217,0.6579209,-0.3161313,0.18706654,-0.009192888,-0.4860652,1.2440712,1.2199624,-0.07313987,0.23746236,0.045475274,-0.06208099,1.5543598,0.21692218,0.2326158,-0.46972233,-0.014099145,1.4707061,-0.009224186,-0.06023092,0.13198216,-0.008282733,1.8148547,0.5268365,-0.43145853,-0.10797191,0.1796691,-0.11617501,0.47178665,2.2044802,1.236536,-0.73825115,2.402724,0.13564904,-0.14883767,0.6694982,0.20147215,-0.45119262,-0.12677537,-0.1677849,-0.046655413,-0.37383857,0.93521494,0.26089388,2.0204573,-0.109654866,1.2949734,-0.53600997,-0.36773637,-0.11252826,1.6644201,0.15705045,-0.020206178,1.1387852,-0.31137553,-0.03988692,-0.57691306
TCGA-AR-A0TX,2.1178262,1.24801,0.46651113,1.1948676,0.08577514,-0.25831544,-0.089165926,0.22416957,0.05522834,-0.2246096,-0.012371222,-0.0430779,-0.29668313,0.5528302,0.21302487,-0.030166572,0.68904227,-0.002868611,-0.032924436,1.1076645,-0.013330393,0.01694008,-0.278012,-0.035302453,-0.0011957724,-0.032382354,-0.011240969,0.22146553,-0.025903493,1.0179086,0.56863225,-0.17468826,-0.06538641,0.2684326,-0.08735864,0.9231204,1.3474934,0.8603554,-0.50754637,1.8786243,0.053358644,-0.08863982,0.099927664,-0.018596327,-0.31129366,-0.1319028,-0.07328853,-0.0008461382,-0.2497505,0.5702116,0.1650487,0.9050319,-0.0058522746,0.9675261,-0.38186863,-0.25738335,-0.0452721,0.9996288,-0.023217566,-0.0065604122,1.3746505,-0.16010247,-0.042064898,-0.28086096
TCGA-AR-A0TZ,3.7647426,2.418513,0.608559,0.35468778,0.32396784,-0.5239978,-0.18086119,1.3023605,0.9143574,-0.40932822,0.3610407,-0.0134310415,-0.6683702,1.9478577,1.4352251,-0.076454595,0.31692138,0.27826276,-0.11303135,1.8594791,0.18241869,0.2562313,-0.6064989,-0.037410863,1.3490461,-0.003848424,-0.027793348,0.047470693,-0.025972724,2.519011,1.2689077,-0.5379479,-0.099665724,0.25234076,-0.10954209,0.62205505,2.9960434,1.7681093,-1.0137826,3.4571424,-0.0018623492,-0.20782931,0.96144265,0.3100124,-0.5931387,-0.18575224,-0.1872174,-0.06842565,-0.54682225,0.40654746,-0.00025392007,2.3307567,-0.080031574,1.4423476,-0.7392012,-0.53423804,-0.15212321,2.0475152,0.24742565,0.024567325,1.7143729,-0.38135093,-0.050630685,-0.8112236
TCGA-AR-A0U2,2.4205954,1.4440873,0.32157966,0.7635135,-0.010315763,-0.26223004,-0.08450096,0.6296758,0.19788003,-0.20033662,0.31235015,0.0047583794,-0.35134432,1.8943177,0.8923618,-0.0630237,-0.008624652,-0.009639415,-0.05863451,0.5785353,0.022230875,0.23030323,-0.33756965,-0.057633955,0.23994888,-0.021844408,-0.018964527,-0.01009672,-0.043475028,1.1302389,0.76647156,-0.23536995,-0.0693356,-0.03198237,-0.077470966,-0.040646013,1.4322994,0.64902097,-0.57222074,1.9417894,0.39964318,-0.102756046,0.52385134,-0.0040675374,-0.40213057,-0.17114688,-0.091687195,-0.04550474,-0.2922996,1.0528228,-0.011012977,1.6809782,-0.021901423,0.78079486,-0.41922107,-0.27014926,-0.091440305,1.062973,-0.03835043,-0.011678651,0.8486524,-0.23433165,-0.049386438,-0.46562892
TCGA-AR-A0U3,3.2492454,2.2255785,0.738316,0.70489764,-0.00085803977,-0.4546879,-0.15297261,1.2281817,0.56035817,-0.3163323,0.28610986,-0.0076883025,-0.572257,1.8522062,1.1471945,-0.062605046,0.042007048,-0.0018588918,-0.06538246,1.4313258,-0.0051905056,-0.003270968,-0.5206503,-0.016712938,0.9978038,-0.007731148,-0.03289379,-0.02869646,-0.035890337,1.995779,0.9692213,-0.39369455,-0.11257321,0.05710495,-0.083477974,0.42680103,2.299138,1.3282821,-0.86821157,2.8066468,0.36057147,-0.15625905,0.7741673,-0.005229549,-0.5188522,-0.16954166,-0.13544975,-0.051262286,-0.43729517,1.648269,0.25100935,1.9571933,-0.06816152,1.3933874,-0.62480927,-0.4041339,-0.13347006,1.8211814,-0.033523504,-0.035804,1.624618,-0.2979978,-0.05348257,-0.6195509
TCGA-AR-A0U4,2.660331,1.42984,0.48434162,1.476125,0.34660143,-0.2701293,-0.15397607,0.49662653,0.17515528,-0.23940459,-0.0034196184,-0.04408062,-0.40027505,1.5653101,0.48819956,-0.059642937,0.38751945,0.7595397,-0.04112979,0.7568697,-0.005620891,0.31231195,-0.36940077,-0.03190048,0.16972987,-0.029291123,-0.021245461,0.4976375,-0.021450996,1.1896255,1.0045546,-0.22991955,-0.03909608,0.70275694,-0.08758417,0.2614568,1.9216726,0.8896445,-0.641218,2.2275999,-0.014199859,-0.092627995,0.28533757,0.56609684,-0.36904994,-0.15120709,-0.10832416,-0.01977745,-0.29096788,-0.05237443,-0.0084262155,1.2113675,-0.0155937895,0.8384742,-0.47568256,-0.33975038,-0.06247397,1.5212265,-0.015424162,-0.0011318553,1.6315097,-0.22061868,-0.030730505,-0.45965272
TCGA-AR-A1AI,1.8247644,0.88522613,0.53117883,1.0331681,-0.014363113,-0.21118751,-0.13351089,0.2503527,0.000103221275,-0.1746274,-0.020045297,0.06393597,-0.2540083,0.90781146,0.4242772,-0.03993706,0.34960556,0.9953158,-0.039288472,0.4649271,-0.0018535976,0.08845046,-0.24009445,-0.025565654,0.3781133,-0.0062057814,-0.019456811,0.21841852,-0.0032313615,0.8569399,0.555789,-0.15307157,-0.04213635,0.4840114,-0.070630126,0.29525372,1.2328514,0.6963544,-0.44040152,1.3532699,-0.018716108,-0.034762677,0.24079147,-0.0025748624,-0.24013662,-0.101770416,-0.060836423,-0.014591992,-0.20269115,0.48519453,-0.009790225,1.416607,-0.01230948,0.5630374,-0.3388143,-0.18478736,-0.03998287,0.8246746,-0.0074715684,0.015138771,0.97374576,-0.12806116,-0.011420533,-0.29430744
TCGA-AR-A1AJ,2.3500605,1.2456595,0.4566059,1.6699656,0.045282718,-0.26508474,-0.13867791,0.3241478,-0.010239116,-0.20925061,-0.029623592,-0.01715635,-0.32125342,0.866586,0.33868372,-0.05066535,0.529389,0.53732586,-0.038483825,0.55514026,-0.0064975545,0.19782303,-0.30672833,-0.024262229,0.044805665,-0.03018991,-0.02514095,0.34710968,-0.026291305,0.93451,0.81976086,-0.16223958,-0.059732046,0.4243926,-0.060603805,0.45900172,1.6382262,0.7523334,-0.56151915,2.239973,-0.0072935596,-0.070363134,0.107117504,0.22069259,-0.31340644,-0.14099751,-0.049903523,-0.0033260253,-0.23323241,0.38256124,0.059230655,1.0939044,-0.0075571933,0.8474112,-0.38550827,-0.2734371,-0.036336057,1.0354403,-0.028296916,-0.019664252,1.5326874,-0.15936787,-0.018888045,-0.31658214
TCGA-AR-A1AK,2.5238862,1.724763,0.5459992,0.8531623,0.07714321,-0.33452895,-0.11950367,0.53931737,0.44681242,-0.27834234,0.16962767,-0.037109647,-0.352656,0.6665771,0.53126943,-0.042051814,0.7469793,0.0012634452,-0.07338788,1.2789091,-0.050251275,0.19277045,-0.35919234,-0.033875696,0.5295985,-0.01948675,-0.05170677,0.32103533,-0.017599842,1.2045907,0.68235356,-0.24176252,-0.09060474,0.5857014,-0.06645883,0.97031903,1.7681396,1.0165383,-0.6228991,2.3708606,0.29818466,-0.11506981,0.25972408,0.62280047,-0.3469698,-0.13580701,-0.0729514,-0.0076575116,-0.3102307,0.60690737,-0.0019124522,0.7161564,-0.025840348,1.0218195,-0.4433615,-0.3200334,-0.07243469,1.3858094,-0.014425074,-0.004238293,1.5632272,-0.17404118,-0.033830985,-0.38600156
TCGA-AR-A1AL,1.9780451,1.5540448,0.58420116,0.9157693,0.08562702,-0.29416862,-0.08470439,0.6608096,0.04808271,-0.24462812,0.13706794,-0.01723594,-0.31666496,0.26304775,0.23494387,-0.013421749,0.6607665,0.017365376,-0.054952003,0.9998914,-0.025370723,0.0259979,-0.3300777,-0.026485194,0.43219608,-0.022432923,-0.015105371,0.11652245,-0.002976069,1.171914,0.6366081,-0.19213095,-0.058122236,0.87127703,-0.03728756,1.052695,1.4778612,0.9209514,-0.5394524,2.0950136,0.29735887,-0.09706779,0.2018683,0.3087771,-0.30812812,-0.10050888,-0.09035074,0.049184803,-0.2325716,0.6802372,0.0713734,0.50950885,-0.041345913,0.94521207,-0.3969147,-0.26323694,-0.04322162,1.1622761,-0.020405408,-0.002387457,1.7068548,-0.15006982,-0.018012038,-0.3039758
TCGA-AR-A1AM,1.9049851,1.075355,0.3096933,1.1100702,0.17778532,-0.24678698,-0.071919225,0.3212798,0.058532264,-0.19299267,-0.0026147119,-0.036633216,-0.25306317,0.17330207,0.009655956,-0.0060079503,0.79476213,0.079627715,-0.023579214,0.8160316,-0.020061037,0.03583113,-0.27117422,-0.029727802,0.044284437,-0.014765165,-0.012571081,0.23862188,-0.005938776,0.80053836,0.6577324,-0.13163672,-0.052554067,0.7189953,-0.036937214,0.9254839,1.3090366,0.912534,-0.4563716,1.9511367,0.2697256,-0.08348337,0.05228277,0.2702126,-0.2641178,-0.09383369,-0.057272095,0.117382795,-0.21580553,0.63258225,-0.017706493,0.33209005,-0.012769259,0.77526945,-0.33250138,-0.23318279,-0.034138624,1.0033662,-0.019340478,0.03164653,1.6728486,-0.08783325,-0.021103075,-0.24486665
TCGA-AR-A1AN,1.9484133,1.2556219,0.28258345,0.831767,0.1334374,-0.26557213,-0.10470654,0.47315618,0.08735105,-0.20509303,0.024202025,-0.034074016,-0.28070748,0.37997591,0.32754412,-0.008134794,0.5140578,0.18715131,-0.03457617,0.7584078,-0.0076117143,0.18372758,-0.28030345,-0.020505084,0.10329631,-0.026388273,-0.027315974,0.25483388,-0.019274786,0.8245503,0.48486763,-0.16467358,-0.041281834,1.2184067,-0.04613626,0.6677555,1.3703699,0.80935556,-0.48460585,1.8552202,0.19465597,-0.07424278,0.13471323,0.15646203,-0.2515081,-0.105892316,-0.037878465,0.17216824,-0.24065562,0.8640101,-0.019572342,0.6171554,-0.025382657,0.61507916,-0.3543412,-0.23344672,-0.018256633,1.0635959,-0.010352156,-0.0013765682,1.3652542,-0.12487638,-0.039765593,-0.27354032
TCGA-AR-A1AO,2.1474202,1.0596603,0.5169869,1.7022331,-0.0052250684,-0.24225886,-0.082351916,0.1657519,-0.024367614,-0.19210464,-0.019226484,-0.0377264,-0.264953,0.21359304,0.010884361,-0.0074293474,0.9557617,0.36292756,-0.019660078,0.7963495,-0.02857459,0.079940945,-0.27981818,-0.025611712,0.03245929,-0.033321824,-0.012833647,0.4376595,-0.015786065,0.7114547,0.7687624,-0.12576605,-0.044125527,0.3938271,-0.054073613,1.0340178,1.3705671,0.72078127,-0.47022095,1.984931,0.0744117,-0.07681826,0.0026885457,0.2135892,-0.2467163,-0.11431783,-0.051667728,0.2096224,-0.19183652,0.16830008,-0.0037755058,0.26413697,-0.0037677884,0.81551236,-0.32920977,-0.2304075,-0.036960296,0.99751776,-0.04085819,-0.01830173,1.7638868,-0.11558026,-0.030575672,-0.21907707
TCGA-AR-A1AP,3.4600024,2.0226378,0.6653043,0.49452218,0.3913991,-0.4343361,-0.15012945,1.0414603,0.58975947,-0.36982906,0.32388607,-0.013193396,-0.52919406,1.9413897,0.75057214,-0.077979855,0.4133041,0.22099724,-0.098134175,1.5093478,0.17073211,0.28609255,-0.5030378,-0.02656514,1.0969063,-0.01595581,-0.022046816,0.26309597,-0.00862512,2.026267,1.1304381,-0.38328737,-0.06082947,0.8114549,-0.09494423,0.45080557,2.0622668,1.6206006,-0.8613988,2.9581726,-0.038460642,-0.14889184,0.8687026,0.78693354,-0.51275975,-0.14944743,-0.15618269,-0.075763926,-0.45020333,-0.017360901,-0.007937009,1.5462203,-0.06127124,1.1936055,-0.60944414,-0.45385143,-0.109258406,1.9996238,-0.0016739812,-0.038983773,1.9527447,-0.31026596,-0.037891086,-0.666667
TCGA-AR-A1AQ,2.6433415,1.293395,0.28843698,1.3289407,0.3243041,-0.2746493,-0.1618352,0.27423865,0.0043668346,-0.2696211,-0.009550546,-0.03669954,-0.38348183,1.5616663,0.67285025,-0.05410396,0.37377796,0.8195622,-0.04706711,0.85856324,0.023249622,0.2985506,-0.37628648,-0.026963303,0.3596595,-0.016153902,-0.0152009195,0.54574925,-0.011656559,1.2051841,0.72796047,-0.22875153,-0.02693283,0.8627292,-0.09568076,0.40329474,1.8318961,1.0811583,-0.62180626,2.0534272,-0.04615315,-0.08527257,0.08131555,0.71761316,-0.3479831,-0.14715517,-0.090683356,-0.027111912,-0.29239714,-0.028210262,-0.011199955,1.4228617,-0.025129685,0.83034724,-0.4784393,-0.33418724,-0.04024877,1.4273193,0.05660573,-0.03442849,1.5328525,-0.18507385,-0.03459726,-0.42057425
TCGA-AR-A1AR,2.7645082,1.3345723,0.26247874,1.0188279,0.3907893,-0.28258783,-0.16705792,0.49966267,0.21964519,-0.25937715,-0.0051784455,-0.0046003438,-0.3864643,2.0850177,0.6444396,-0.047590654,0.18021315,0.9384154,-0.043810975,0.76993847,0.20804237,0.30755517,-0.38669163,-0.029032096,0.46904123,-0.021046882,-0.032764893,0.55699897,-0.017287694,1.3349801,0.7792967,-0.25807086,-0.04250693,0.88343334,-0.08798732,0.036624942,1.997977,0.8871092,-0.6632385,2.2297168,-0.034207683,-0.098877236,0.23279727,0.66059405,-0.37355375,-0.1462753,-0.08909743,-0.041985963,-0.33175662,-0.031362683,-0.020144816,1.928866,-0.032244693,0.7181999,-0.4949828,-0.36619207,-0.08554074,1.572345,0.06769398,-0.040661108,1.3658849,-0.20755716,-0.04347522,-0.4932645
TCGA-AR-A1AS,2.215909,1.8720846,0.4394905,0.5512351,0.3675929,-0.38722855,-0.08629633,0.7820516,0.45431712,-0.24369518,0.55496323,-0.022882374,-0.37732032,0.7008841,0.49582747,-0.023344208,0.47762713,0.067545265,-0.064583264,1.0160048,-0.012255956,-0.011298256,-0.3494202,-0.027412603,0.67428195,-0.017580142,-0.005798594,-0.0023957293,-0.0028240636,1.1748177,0.70654386,-0.2459669,-0.082284324,1.2382094,-0.05523577,0.8400385,1.545742,0.9791087,-0.6151569,2.343789,0.13916379,-0.11889475,0.53676015,0.06924096,-0.3336523,-0.10032499,-0.10710895,-0.0070303204,-0.28634843,1.4873874,-0.017689377,1.1278666,-0.054305244,0.961364,-0.44305688,-0.2865331,-0.090532966,1.43699,-0.016013952,0.015847987,1.4386686,-0.14034872,-0.03165854,-0.38441774
TCGA-AR-A1AT,3.2741544,1.8537879,0.36387658,1.1477908,0.4039721,-0.36801022,-0.1463329,0.6590498,0.31151333,-0.33183432,0.044088617,-0.016129924,-0.46333203,1.7443395,0.6109631,-0.05711751,0.29681125,0.23491478,-0.07541634,1.1596245,-0.020580404,0.17734796,-0.45453808,-0.016502306,0.40788516,-0.032507174,-0.029697021,0.3294465,-0.046807434,1.6312596,0.93024284,-0.31145692,-0.07243342,0.6691473,-0.08686481,0.3995418,2.1618316,1.2570859,-0.7658514,2.5048141,-0.033512566,-0.14290027,0.5489107,0.57734823,-0.44270045,-0.17366248,-0.13463181,-0.044228945,-0.37410346,-0.011510827,0.12031124,1.468223,-0.05788762,0.994216,-0.54823095,-0.40461326,-0.06963044,1.618649,-0.02175711,-0.030742055,1.6063211,-0.2597108,-0.021143023,-0.5472481
TCGA-AR-A1AU,2.436991,1.4074414,0.46712863,0.87955874,0.15228574,-0.2570722,-0.09554317,0.3878775,0.0007265033,-0.23723395,-0.00379043,-0.035132866,-0.3116158,0.75505775,0.24545601,-0.022737566,0.71534854,-0.011656391,-0.0660791,1.1212294,-0.026830807,0.22171141,-0.36642656,-0.023536265,0.1276194,-0.01830105,-0.02048911,0.40550348,-0.018313007,1.0676758,0.8267202,-0.19223805,-0.04942109,0.67054945,-0.042293444,0.33907312,1.6073117,1.0719849,-0.53623587,2.2080998,0.24040328,-0.104980126,0.15207502,0.6996552,-0.3390154,-0.13673748,-0.08045706,-0.022689069,-0.2567466,-0.002323306,0.04337775,0.22308013,0.028857807,0.92105573,-0.3915565,-0.28396386,-0.055134583,1.4298941,-0.015452144,-0.036738873,1.8900118,-0.14371823,-0.02427178,-0.35130125
TCGA-AR-A1AV,3.3424306,1.9925096,0.40125054,-0.0067495005,0.37503067,-0.44770193,-0.15768512,1.3745562,0.74407136,-0.37119702,0.2165389,-0.029730681,-0.5497257,1.7360566,1.0550878,-0.09614932,0.36945313,0.11833203,-0.06827712,1.6610018,-0.004906296,0.19543281,-0.5384068,-0.010743273,1.0618517,0.002693473,-0.029235471,0.13973959,-0.012743548,1.9525985,0.99807334,-0.44852144,-0.10718057,0.67814213,-0.09402097,0.3505535,2.3896317,1.415209,-0.86986667,2.7873974,-0.012984358,-0.17600347,0.834245,0.541946,-0.52670664,-0.16764504,-0.16219544,-0.09166572,-0.44938812,0.21125306,-0.03487599,1.849277,-0.07673956,1.3145566,-0.6206482,-0.43569955,-0.11414275,1.8398438,0.17201987,-0.020882798,1.7566302,-0.31295577,-0.021475334,-0.6953637
TCGA-AR-A1AW,2.918995,1.7427511,0.56222886,0.71287584,0.18569049,-0.38352603,-0.14344138,0.7301894,0.35138732,-0.31610888,-0.00047526936,-0.04332299,-0.45155665,0.9060163,0.5277034,-0.05940005,0.7788401,0.1408724,-0.07276529,1.484202,-0.008289078,0.10557833,-0.4212149,-0.027487043,0.8232508,-0.03231011,-0.019596549,0.18156384,-0.01916357,1.4759417,0.94815266,-0.30139247,-0.07197778,0.2465613,-0.078236446,0.91055024,2.1044667,1.2481306,-0.74842495,2.6816897,-0.02384622,-0.10583001,0.52472883,0.21050642,-0.4260505,-0.1471049,-0.12034791,-0.04025282,-0.36982954,-0.0007058341,0.20232874,1.6654147,-0.058956962,0.9975901,-0.51255393,-0.38081774,-0.090703815,1.4810028,-0.013039457,-0.026355445,1.6526613,-0.25762308,-0.035243835,-0.50326234
TCGA-AR-A1AX,2.3307595,1.317032,0.5069149,1.2455919,0.044460893,-0.26163015,-0.093354225,0.31436363,-0.0030052636,-0.21674697,-0.00992348,-0.05089239,-0.2874564,0.2279747,0.17418243,-0.030082632,0.8987598,0.048409507,-0.04919437,0.96823114,-0.029725656,0.033026934,-0.29468688,-0.02430836,0.08521293,-0.042491496,-0.020353759,0.33161628,-0.012823884,0.8104239,0.7178147,-0.14649777,-0.04802237,0.34626302,-0.055698115,0.9366364,1.4499316,0.78376734,-0.50840366,2.0058973,0.10674068,-0.084360145,0.11572544,0.26745886,-0.278647,-0.11675123,-0.07117295,0.015540529,-0.22712544,0.33685356,0.010101089,0.4786345,-0.014507929,0.7731442,-0.36609778,-0.25298122,-0.03928153,1.117655,-0.024044586,-0.024937505,1.5849172,-0.12571736,-0.019579263,-0.25946137
TCGA-AR-A1AY,3.0629253,1.4432982,0.055620242,1.6930647,0.64076036,-0.27804974,-0.20755859,0.53410065,0.47475415,-0.24972284,-0.020127771,0.24122722,-0.4564527,2.9547884,0.9143249,-0.04899378,-0.036101084,1.3645707,-0.03364961,0.47044322,0.28150916,0.5109531,-0.40740547,-0.020809675,0.044658702,-0.025808845,-0.018797679,0.5331015,-0.059643883,1.4566985,1.0031807,-0.2502883,-0.02054109,1.2297797,-0.11849146,-0.04441846,2.0904357,1.0191412,-0.7187411,2.2752872,-0.037747305,-0.08461766,0.3643369,0.4753284,-0.43520147,-0.19813515,-0.09224862,-0.041570716,-0.35412505,-0.011276006,-0.022407776,2.1691165,-0.005175084,0.8226891,-0.54334843,-0.42713508,-0.054858327,1.517496,-0.0069397935,-0.03937121,1.2357821,-0.23619723,-0.031972107,-0.58498234
TCGA-AR-A24H,2.700966,1.7194208,0.7436101,-0.017221749,0.36078823,-0.35220858,-0.11763761,0.955572,0.43616268,-0.33269393,0.7809981,0.11849608,-0.4827845,2.1308,0.85626495,-0.049332667,-0.019889792,-0.002149374,-0.085226476,1.4413056,0.03699669,-0.027106946,-0.42065197,-0.042319525,1.2143486,0.045718018,-0.03512592,-0.0107032405,-0.019211026,1.660247,0.6387318,-0.39102235,-0.10647159,0.39786234,-0.09960651,0.5728706,2.0454328,1.4619344,-0.73253936,2.385991,0.04153926,-0.13311486,0.63752156,-0.0023150796,-0.46781516,-0.1398825,-0.1700306,-0.09114664,-0.39966944,0.47595048,0.05426214,2.3010402,-0.10857083,0.7393645,-0.5274563,-0.35496664,-0.10217788,1.4139174,-0.005594255,0.16706136,0.8749655,-0.2831003,-0.042462084,-0.5861228
TCGA-AR-A24K,3.0374672,1.826554,0.73114735,0.7644324,0.516881,-0.32952434,-0.15938948,0.61296505,0.19276774,-0.2987946,0.49943584,-0.019211939,-0.4181554,1.5254655,0.75881267,-0.046764437,0.4669834,-0.0063928575,-0.06477369,1.2180248,-0.0010772486,0.2291052,-0.43367568,-0.019418461,0.29498821,0.18585633,-0.025874754,0.11481966,-0.021019703,1.378303,0.632252,-0.2598997,-0.071221195,1.5104039,-0.06562148,0.301136,1.7836262,1.6825637,-0.71237403,2.4997654,-0.035099864,-0.14060582,0.40162757,1.0698867,-0.4496133,-0.15592627,-0.103090934,-0.05882747,-0.35992134,0.28192645,-0.012718781,1.1579958,-0.02838198,0.603133,-0.5294148,-0.37437055,-0.07486307,1.7967126,0.25431675,-0.010311169,1.6428971,-0.20654562,-0.009056418,-0.496094
TCGA-AR-A24L,1.8767635,1.1198529,0.15809143,1.1041464,-0.019167328,-0.27740976,-0.07131509,0.48675725,0.073331065,-0.19458458,-0.021788293,-0.053115975,-0.30903956,-0.014103915,0.05395282,-0.017434467,0.9058189,-0.0075772577,-0.036332082,1.0955104,-0.045569103,0.10785781,-0.32021293,-0.028590519,0.3524768,-0.016123032,-0.042310912,0.28651857,0.037761196,0.8952825,0.7972945,-0.18453254,-0.078222886,0.33466798,-0.039970636,1.0025485,1.3602877,0.8988792,-0.5214527,2.1334238,0.35379156,-0.11063506,0.2006517,0.07760068,-0.28577444,-0.12063736,-0.06276763,0.31567264,-0.24109657,0.69627446,0.12386689,0.053986296,-0.0037103796,1.0167414,-0.38273817,-0.24353161,-0.047522273,1.1335331,-0.019376863,0.036105152,1.7757019,-0.118448175,-0.040072836,-0.29453912
TCGA-AR-A24M,2.3732004,1.5357263,0.07887325,0.48687044,0.24425043,-0.32934782,-0.07383105,0.6751191,0.36542782,-0.24491613,0.11443867,-0.03527039,-0.35688937,0.16922225,0.39062703,-0.023439733,0.6915144,-0.0075645163,-0.05125462,1.1891929,-0.041075576,-0.0018731229,-0.32821506,-0.016794136,0.39253578,-0.018205732,-0.011228802,0.3358673,0.058033362,1.2740674,0.7151104,-0.22711496,-0.04855198,0.82637805,-0.044505533,1.0473505,1.5142617,1.2256901,-0.59217775,2.0291424,0.0892889,-0.12253066,0.30433506,0.18725614,-0.3335187,-0.12686338,-0.08925896,-0.008585623,-0.29462245,0.82382244,0.001407994,0.35134628,-0.024880674,0.9555477,-0.45169178,-0.28295135,-0.07254256,1.4882767,-0.011543009,0.21181357,1.7888855,-0.14682005,-0.020359838,-0.37283847
TCGA-AR-A24N,3.3157,1.9360085,0.67544514,0.17153826,0.37392867,-0.4141441,-0.16825442,0.9401146,0.44173685,-0.35865745,0.36890036,-0.010702531,-0.5199684,1.8120836,0.9839124,-0.072891496,0.55904865,-0.0022154676,-0.11076961,1.693409,-0.018441422,0.09910719,-0.48680663,-0.012552914,0.8592411,0.1254021,-0.032294556,-0.0030096588,-0.010225163,1.9666382,0.871743,-0.3834683,-0.07114675,0.9895128,-0.118715875,0.4543081,2.3406684,1.2108053,-0.81366414,2.5474408,-0.016153734,-0.143797,0.8272918,0.644311,-0.50828487,-0.15854985,-0.17014048,-0.07735371,-0.4294345,0.2778647,0.040551674,2.0134912,-0.056278028,0.96310544,-0.58474284,-0.42874828,-0.117493786,2.027435,-0.01650068,-0.046437602,1.6174822,-0.31003472,-0.045177978,-0.615805
TCGA-AR-A24O,2.0598705,1.3445234,0.36457795,1.0185168,0.07539892,-0.2792488,-0.076278865,0.38975918,0.11942246,-0.20797932,0.063579835,-0.052878596,-0.2709281,0.09302208,0.1090647,-0.030897617,0.86314684,-0.008464128,-0.054390203,0.96804464,-0.028537625,-0.0015483329,-0.29267967,-0.022833651,0.09968808,-0.028716927,-0.011083962,0.33268455,-0.0040810155,0.92381257,0.661062,-0.15529597,-0.045574095,0.70144826,-0.031160107,0.82672787,1.3570662,0.9796281,-0.49088,1.9516784,0.19856416,-0.09087527,0.19857845,0.40492177,-0.28458115,-0.11156712,-0.07316328,0.24788783,-0.23060958,0.3940504,0.088110276,0.09737093,-0.009705504,0.9144757,-0.36175826,-0.24617513,-0.049018987,1.0896035,-0.010230837,0.110519275,1.8042568,-0.110705666,-0.028255144,-0.2601274
TCGA-AR-A24P,2.9986036,1.598806,0.6024257,1.1748576,0.30120838,-0.32985926,-0.13788529,0.4877148,0.0023987489,-0.28924868,0.04989533,-0.028724477,-0.39135522,0.8054082,0.35941684,-0.02956084,0.9267999,0.035084397,-0.05342076,1.0723064,-0.06160563,0.08889954,-0.38262814,-0.014356971,0.2844242,-0.02431267,-0.016788743,0.5294577,-0.0040153414,1.2187032,0.8704215,-0.20640245,-0.057128508,1.1614993,-0.0859835,0.74253213,1.7635581,1.301084,-0.67348516,2.559111,-0.014040227,-0.12362865,0.4731199,0.6648419,-0.37607217,-0.14453326,-0.09116211,0.03662831,-0.32776666,0.2803215,-0.014888738,0.5586234,-0.0017769461,1.0338422,-0.4786345,-0.34866652,-0.05170516,1.5669503,-0.024544563,-0.009087312,2.1226325,-0.17237838,-0.023775948,-0.42622152
TCGA-AR-A24Q,2.1243877,0.84384495,0.3816727,1.6928421,0.030484736,-0.19885646,-0.113249734,-0.012497312,-0.0059147715,-0.16627683,-0.018415041,-0.01131368,-0.2538167,1.198295,0.42343038,-0.032473575,0.2995992,0.5115208,-0.018990684,0.31202757,-0.016428312,0.39190552,-0.28323457,-0.023670351,-0.0085353,-0.009806143,-0.026342435,0.4452323,-0.021336785,0.796865,0.6314579,-0.15282784,-0.04511653,1.0829723,-0.06893179,-0.0025989925,1.2653483,0.7273693,-0.45784017,1.7229251,0.15740103,-0.063605554,-0.00802007,0.20128115,-0.28192988,-0.12604706,-0.067455284,-0.009161659,-0.22869404,0.51454395,-0.010415346,0.8417987,-0.0037719875,0.7638261,-0.3695408,-0.24146867,-0.045378715,1.0219991,-0.011033346,-0.011799023,1.3319548,-0.13956012,-0.0035163537,-0.2989317
TCGA-AR-A24R,2.8986714,1.8195031,0.7481895,0.31956273,0.19709654,-0.3884107,-0.117295615,0.80155957,0.36175945,-0.35030103,0.32273495,-0.008343119,-0.50861436,1.284831,0.9082905,-0.061130542,0.5632004,0.3053908,-0.08826067,1.3212475,-0.028713277,0.25280866,-0.46699587,-0.042018205,0.88622916,-0.016235603,-0.045650687,0.26965198,0.065099105,1.6976652,0.92803544,-0.36799332,-0.0780585,0.20250104,-0.07259305,0.81111455,2.2926886,1.4898555,-0.77833956,2.6283114,-0.013513073,-0.16052052,0.65814346,0.29931188,-0.4679238,-0.14876018,-0.14023978,-0.036428727,-0.3875186,0.33643594,0.22161016,1.3695339,-0.07400848,1.2105936,-0.5694229,-0.37858018,-0.07297664,1.7645597,-0.011783213,-0.023819178,1.6085551,-0.24408102,-0.0402984,-0.55451745
TCGA-AR-A24S,1.4680185,0.9635741,0.16979058,0.5941127,0.0017236769,-0.18948777,-0.047135253,0.37404823,-0.000672626,-0.13969095,-0.0043494017,-0.022737077,-0.1932029,0.45834285,0.4651954,-0.011581006,0.46626052,-0.0152055,-0.043611214,0.7311415,-0.02347198,-0.0023478628,-0.21219905,-0.0065865926,-3.8949027e-05,-0.0073851394,-0.02302692,-0.0024027464,-0.016827267,0.73511285,0.22059172,-0.11170596,-0.046247236,0.35189494,-0.018947732,0.27327806,0.85968775,0.39630225,-0.37083682,1.3449075,0.29553244,-0.05324917,0.08178252,-0.0015681963,-0.21552396,-0.08661249,-0.06933967,-0.008887622,-0.15915507,0.99664736,0.24546584,0.72520584,-0.011919598,0.58918685,-0.2741587,-0.1676455,-0.049975593,0.7907404,-0.031495582,0.0029963292,0.8566137,-0.10634637,-0.00837358,-0.18616998
TCGA-AR-A24T,3.2660866,2.1120431,0.5483466,0.9478152,0.30912822,-0.41441575,-0.13431178,0.92687947,0.4102685,-0.34551895,-0.005898153,-0.052886624,-0.5209542,1.160373,0.5817047,-0.05802066,0.76221615,-0.0011202531,-0.073082685,1.667013,-0.026634827,0.23715624,-0.5320249,-0.019576872,0.73392487,-0.03220279,-0.035750177,0.4523651,-0.01782499,1.6953682,1.0189317,-0.35038444,-0.07648689,0.6146638,-0.07577033,0.6988642,2.2917516,1.4763784,-0.8340355,3.0274782,0.014280843,-0.17322634,0.5657469,0.534064,-0.48086572,-0.17105693,-0.14920323,-0.030255064,-0.40747562,0.037010085,0.05862256,1.0189182,-0.05478788,1.2657481,-0.59556854,-0.43869153,-0.084489636,1.8695014,-0.004886343,-0.014627027,2.202966,-0.27141356,-0.0391645,-0.5675649
TCGA-AR-A24U,2.2802863,1.3303528,0.3872216,1.0394449,0.17039905,-0.29162297,-0.08627873,0.5277191,-0.0073635424,-0.21839868,-0.0029521126,-0.023621785,-0.3384404,0.7711919,0.18319625,-0.027672017,0.55619013,0.21605642,-0.037938777,0.9384087,-0.011749136,0.033527464,-0.30496982,-0.016741594,0.19781785,-0.029348886,-0.014004338,0.28033283,-0.017431412,0.96889114,0.70708317,-0.17994876,-0.053573545,0.10716891,-0.06891938,0.73178303,1.415408,0.7560577,-0.550127,2.0082376,-0.0061832303,-0.098595314,0.1970377,0.008839838,-0.317423,-0.12548006,-0.095546074,-0.004842057,-0.25827903,0.32155988,0.039897762,1.126502,-0.03519452,0.9110314,-0.38634855,-0.26410112,-0.0768264,1.1734881,-0.02724537,-0.015279407,1.3063442,-0.17552643,-0.028190149,-0.30507144
TCGA-AR-A24V,2.016039,1.6608866,0.3671752,-0.002063232,0.024206094,-0.29536134,-0.049537335,0.76060814,0.20595406,-0.23396662,0.2819088,-0.026552314,-0.3438899,0.4900901,0.439928,-0.018579954,0.55284745,-0.015997672,-0.0721805,1.2474315,-0.028915444,-0.012950166,-0.32663873,-0.016458744,0.9788126,-0.0037698715,-0.04041335,-0.0035672155,-0.01678648,1.0448205,0.64820147,-0.24343692,-0.07809173,0.4418669,-0.06132672,1.0234611,1.3392887,1.0983866,-0.52092594,1.9820355,0.43524346,-0.10930055,0.33996174,0.023343004,-0.30963266,-0.102265954,-0.100083314,-0.015432762,-0.2597438,1.2431233,0.31743887,1.0481118,-0.10012849,0.842841,-0.36868954,-0.22541289,-0.09046242,1.1176139,-0.026417578,0.07789265,1.301533,-0.12836368,-0.029415397,-0.36686206
TCGA-AR-A24W,1.9540141,1.1644462,0.23018846,1.4289552,0.16823445,-0.2339263,-0.081097,0.29038817,-0.008967262,-0.19242077,-0.02469624,-0.030996922,-0.25787613,0.24854246,0.02803043,-0.011279679,0.6450738,-0.004266386,-0.039638,0.88281405,-0.033801116,-9.22651e-05,-0.29517195,-0.027552262,-0.01778281,-0.025205849,-0.01205401,0.30218452,-0.021270031,0.8810301,0.5916841,-0.14383797,-0.05465848,1.0111858,-0.031719323,0.85324574,1.3751708,0.89808553,-0.47014943,1.8580681,0.19511472,-0.08635484,-0.002026039,0.43487966,-0.25788683,-0.11748009,-0.062069505,0.26116198,-0.213676,0.44215834,-0.0062417733,-0.00084128976,-0.0018096542,0.8330367,-0.34045267,-0.244468,-0.025818456,1.1198401,-0.030212535,-0.0051710415,1.6878554,-0.098622285,-0.009793206,-0.24125929
TCGA-AR-A24X,3.2291837,1.9101621,0.6176146,1.2124119,0.15331906,-0.38967615,-0.14456916,0.81974006,0.41703588,-0.33232042,0.28476202,-0.05241654,-0.4608434,1.3713784,0.7265156,-0.058731135,0.7414682,0.2055026,-0.08577832,1.278276,-0.02438033,0.12891445,-0.47500086,-0.020620901,0.4406077,-0.011599061,-0.03944852,0.23197734,0.01455915,1.6824638,0.9124442,-0.30272764,-0.08253095,0.853079,-0.08835264,0.8005926,2.1132925,1.3940667,-0.78049725,2.7697444,-0.02034123,-0.16072355,0.6340304,0.6720731,-0.4632295,-0.17829482,-0.1286783,-0.033151604,-0.37940562,-0.0014435936,0.010996411,0.9311677,-0.008243538,1.1182616,-0.56781286,-0.40057215,-0.07898547,1.8406622,-0.013358186,-0.020411579,2.1143448,-0.24179666,-0.030320814,-0.513953
TCGA-AR-A24Z,2.1681466,1.6637675,0.41894642,0.43177143,0.2877769,-0.31882265,-0.05062719,0.76075834,0.05420052,-0.22674663,0.1584368,-0.024369534,-0.3770089,1.3696505,0.46716255,-0.07148919,0.030637775,-0.039027184,-0.07068997,0.99204457,-0.035056714,-0.010585832,-0.37838498,-0.022876477,0.6391239,-0.030170042,-0.04696005,-0.008502851,0.08946869,1.3341887,0.51069057,-0.250733,-0.09090497,0.2960621,-0.031302553,0.313192,1.5893189,0.93908346,-0.6298412,2.1044679,0.6117618,-0.10999834,0.6630093,0.26552272,-0.38891956,-0.11862482,-0.09361484,-0.018661173,-0.30628526,1.7288884,0.3742301,1.3928387,-0.087387554,1.2000251,-0.4318587,-0.26112416,-0.085827895,1.2671634,-0.017393319,-0.008841959,0.9999109,-0.19033054,-0.036305826,-0.4273995
TCGA-AR-A250,3.1186392,2.0235906,0.589413,0.25353745,0.25339472,-0.383985,-0.12337192,0.98542494,0.65728855,-0.3218386,-0.009690909,0.01234684,-0.5138608,1.911456,1.1109422,-0.11162781,0.23291057,0.010139583,-0.10984825,1.3132625,-0.025767917,0.21257937,-0.49156544,-0.0341482,0.8416043,-0.022148212,-0.041359205,-0.007378219,-0.021038553,1.8940018,0.8687484,-0.40780202,-0.06262567,-0.023268966,-0.09685323,0.13922225,2.4936209,1.3359256,-0.84206927,2.6191182,0.085811555,-0.15223916,0.7314556,0.10384469,-0.47884378,-0.17185669,-0.13871779,-0.061521467,-0.43355638,0.65627944,0.16904567,2.053031,-0.08207207,1.1708076,-0.5769033,-0.4228336,-0.09873717,1.5082593,-0.012820314,-0.034826458,1.2168055,-0.31433567,-0.056402106,-0.6357531
TCGA-AR-A251,2.2062426,0.5520689,0.547467,2.0914767,-0.007413891,-0.15558478,-0.11822599,-0.0027918888,0.011366663,-0.12778136,-0.020499678,0.33261317,-0.30086097,1.6096705,0.321947,-0.027427172,0.23036706,0.8577812,-0.019265985,0.17112555,0.04736541,0.17582855,-0.26067564,-0.037310097,-0.027963076,-0.013463721,-0.041266896,0.30393836,-0.022257453,0.8247037,0.6417687,-0.12028392,-0.03587184,0.79462403,-0.082255565,0.426596,1.2367184,0.50518346,-0.42254764,1.5147521,-0.042193215,-0.061655965,0.3554886,-0.03312236,-0.27310464,-0.13193603,-0.052759815,-0.013806159,-0.1910023,0.6665801,-0.028680677,1.3403211,-0.011228289,0.6706738,-0.32576272,-0.2066778,-0.059570115,0.66081727,-0.031486966,0.040023554,0.9133827,-0.14653581,-0.033008367,-0.27301738
TCGA-AR-A252,2.2985492,1.4445739,0.41481584,1.1053122,0.13230988,-0.3031567,-0.09544379,0.37527725,-0.0032537382,-0.24566682,-0.022469087,-0.054477956,-0.32695067,0.26253232,0.07594328,-0.04032852,0.8813523,0.04774443,-0.060285043,1.1450863,-0.034889802,0.2230466,-0.35063598,-0.030740825,0.32421687,-0.036918707,-0.024004284,0.51026446,-0.0027874142,0.97460675,0.8589987,-0.19615361,-0.050337862,0.31515872,-0.045885682,1.0421889,1.6151285,1.0127746,-0.57402724,2.245395,0.17116481,-0.09698016,0.16328734,0.4175784,-0.31027627,-0.105589606,-0.09342533,0.04284018,-0.2545542,-0.005658007,0.11095282,0.27412555,-0.024145091,1.0672208,-0.400594,-0.28960246,-0.0374871,1.2850559,-0.015351121,-0.032317456,1.9361157,-0.13534668,-0.022517417,-0.3225236
TCGA-AR-A254,2.8118858,1.5592834,0.3398287,1.078006,0.3930922,-0.3092609,-0.1473473,0.4484527,0.20901924,-0.27954414,-0.011692993,-0.015278833,-0.39378008,1.4796164,0.2772938,-0.05628259,0.49979058,-0.01003156,-0.08365152,1.077014,-0.019894462,0.15028077,-0.4096237,-0.02817212,0.07306689,-0.015636574,-0.03130128,0.59346217,-0.009824531,1.3847264,0.7628502,-0.2221932,-0.06796945,0.662098,-0.09196801,0.44417801,1.8452922,1.0849144,-0.64601934,2.3314824,-0.01762986,-0.09966295,0.2915377,0.7672309,-0.39555144,-0.16276015,-0.100922875,-0.03880885,-0.3167392,-0.031867128,0.018004911,0.903909,-0.008206806,0.8426277,-0.4738969,-0.36222717,-0.078356706,1.485152,-0.009707353,-0.02160417,1.4922818,-0.20222853,-0.017193407,-0.44982037
TCGA-AR-A255,2.7191877,1.971093,0.6112655,0.21101052,0.27293944,-0.3862668,-0.10870566,1.0129353,0.3415685,-0.30868098,0.27830794,-0.029331354,-0.4735869,1.2111048,0.9167303,-0.054000087,0.4331604,-0.0038479231,-0.08770236,1.5243564,-0.016282234,0.10055099,-0.43409863,-0.0205557,1.1215845,-0.02229971,-0.016896902,0.047176782,-0.013621258,1.7178425,0.8941504,-0.35103375,-0.096072264,0.35748947,-0.06763896,0.53272676,1.8999853,1.3441048,-0.75965655,2.349725,0.044164985,-0.14391463,0.7258382,0.10005914,-0.4330588,-0.1401644,-0.13812366,-0.03590032,-0.38695797,0.55662405,0.2966109,1.7006371,-0.07397925,1.1382687,-0.5378155,-0.35102603,-0.110047035,1.619401,-0.004079034,-0.013300806,1.3597829,-0.23858738,-0.047907528,-0.54549915
TCGA-AR-A256,2.229728,1.2998768,0.50210613,0.21718371,0.4918754,-0.24855633,-0.20070243,0.60211337,0.43956974,-0.2887562,0.50354964,0.03318318,-0.39328286,2.5966358,0.8030664,-0.050807353,-0.01101639,1.3759325,-0.025685096,0.8291409,0.46949562,0.04376603,-0.3525531,-0.03817458,0.713934,0.102865934,-0.025165334,0.08818753,-0.030547488,1.427661,0.60183275,-0.31945124,-0.038735718,1.1757615,-0.11883714,-0.014190093,1.6084377,1.0350645,-0.5967262,1.5924728,-0.07522907,-0.10043539,0.58167475,0.29714286,-0.4025088,-0.13246445,-0.12629215,-0.06856708,-0.32874832,-0.0168593,0.03120681,2.5862637,-0.08112457,0.45097846,-0.47230586,-0.3345773,-0.08612793,1.0393375,0.18047453,-0.00858731,0.564266,-0.2579951,-0.021862052,-0.54886943
TCGA-AR-A2LE,2.3176026,1.4292403,0.20367146,0.24618584,0.23758699,-0.30413175,-0.11628357,0.70192385,0.18633364,-0.27513728,0.14096875,-0.04191197,-0.32319793,0.7238021,0.60927814,-0.022282086,0.59339654,0.28977764,-0.066855215,1.0954348,-0.040489,0.2573689,-0.37565687,-0.03952558,0.7307023,-0.0052276975,-0.021307113,0.4806509,-0.017047383,1.2091731,0.804015,-0.24238478,-0.061687995,1.0472226,-0.029481877,0.4280776,1.3235434,1.1296625,-0.57598215,2.1672049,-8.543637e-05,-0.11418425,0.19255601,0.5096247,-0.32235503,-0.0953466,-0.06358655,-0.024485474,-0.31195858,0.5275422,0.21622245,0.7296847,-0.011385449,0.7336622,-0.44845963,-0.30981523,-0.04801896,1.5460362,-0.019710956,-0.0016654342,1.5952022,-0.16972414,-0.008448782,-0.38607588
TCGA-AR-A2LH,2.3220985,1.3225424,0.4214038,1.1473533,0.19255956,-0.28243527,-0.087874524,0.40779504,0.0071535828,-0.2381378,-0.011726563,-0.03549018,-0.32360566,0.40540105,0.1970172,-0.02970895,0.8675977,0.016407428,-0.04273463,1.1247383,-0.028471014,0.13003036,-0.32752618,-0.020870566,0.23453747,-0.024081761,-0.014614038,0.38763893,-0.021276778,0.9397117,0.7118232,-0.17874622,-0.049625244,0.510091,-0.056074556,0.93657964,1.5665281,1.0155178,-0.5623647,2.142745,-0.0065324144,-0.08921297,0.13758594,0.26399237,-0.3092981,-0.121731244,-0.08231332,-0.0044262293,-0.24851127,-0.004844265,0.047913097,0.535046,-0.027606366,0.9253303,-0.39336517,-0.28271934,-0.046687804,1.2477744,-0.03160055,-0.021947807,1.7531192,-0.14939666,-0.023328753,-0.30396956
TCGA-AR-A2LJ,2.4117362,1.3800149,0.46963426,1.4034041,0.16118364,-0.2748805,-0.09784134,0.48747703,0.0034890743,-0.22449802,-0.011581517,-0.032600284,-0.30859452,0.452946,0.11236801,-0.025918895,0.93750644,0.08317047,-0.049428042,1.0851358,-0.031246915,0.20075248,-0.34278992,-0.014343128,-0.009329076,-0.020047948,-0.029732445,0.5163025,-0.013987846,0.92031306,0.76574737,-0.16145223,-0.057071548,0.7952225,-0.055568635,0.8684581,1.5228679,0.91433954,-0.5505441,2.1769454,0.027155804,-0.09054865,0.080485344,0.5119292,-0.31284925,-0.13511544,-0.06706592,0.12981316,-0.2584062,0.14071678,-0.004582263,0.09423354,-0.010949076,0.92842317,-0.40520045,-0.2859164,-0.03287481,1.3264929,-0.03019478,-0.012514074,1.9145527,-0.13131364,-0.0025609885,-0.291028
TCGA-AR-A2LK,2.3863213,1.8132156,0.17864263,-0.050046355,0.3344091,-0.36606893,-0.11452711,0.8970021,0.6496597,-0.31606734,0.74007773,-0.012462024,-0.40587717,1.4826008,0.99108535,-0.044488214,0.07074623,-0.029747063,-0.09955684,1.597726,-0.0010242399,0.17041266,-0.40744504,0.010147564,1.1910597,-0.002872597,-0.04298392,0.048437838,-0.0074440227,1.8346943,0.6134755,-0.3375027,-0.066182666,0.9089022,-0.085625805,0.12492064,1.6544807,1.1926622,-0.6858883,2.0866117,-0.010908733,-0.1254081,0.6836396,0.34390664,-0.40478107,-0.10842321,-0.16408066,-0.07170969,-0.35942367,0.5477763,0.40671527,2.0252762,-0.07865549,0.7471537,-0.48608276,-0.33927378,-0.11163612,1.5871087,0.050942257,-0.009458161,1.1278126,-0.22593848,0.031525858,-0.5527979
TCGA-AR-A2LL,3.2592263,1.9139464,0.4728984,0.92503744,0.09903246,-0.3762966,-0.1385518,0.8328149,0.46978065,-0.32377133,0.056264862,-0.027977565,-0.4710195,1.3433148,0.7434145,-0.047680702,0.5026872,-0.0013557824,-0.07367748,1.3886734,-0.0382509,0.2199128,-0.47789493,-0.04239408,0.36900756,-0.0014851091,-0.027452454,0.32177174,-0.033558715,1.7254413,0.8318042,-0.31891868,-0.081632376,0.6734243,-0.075607136,0.41564295,2.1572118,1.2220137,-0.78740174,2.7156262,-0.016776336,-0.15351464,0.6094637,0.84378505,-0.48500973,-0.17835562,-0.12222066,-0.048858248,-0.38342747,0.36296707,0.24286698,1.0466977,-0.024502197,1.1790596,-0.55261815,-0.40522105,-0.087841645,1.7478013,-0.010893281,-0.01485028,1.9868956,-0.22336446,-0.034404498,-0.5158679
TCGA-AR-A2LM,2.3702147,1.3663344,0.44711497,1.2479341,0.13102879,-0.2946375,-0.08282704,0.25821292,0.0028261142,-0.2405556,-0.006123796,-0.055401016,-0.3172363,0.10072957,0.17017959,-0.030072087,0.96608025,-0.008605103,-0.04719412,1.0687343,-0.04836638,0.16297491,-0.3690089,-0.027326766,0.07960704,-0.0042352956,-0.032618772,0.27540225,-0.008075935,1.0253288,0.5111226,-0.19797616,-0.06635474,1.0027038,-0.04274528,0.79847014,1.5032009,0.9653475,-0.5667276,2.3068352,0.05960615,-0.11424797,0.13106643,0.63542104,-0.33734512,-0.1556087,-0.06161526,-0.010026966,-0.259296,0.46252677,0.16900839,0.007566214,0.052493803,0.89335525,-0.41070732,-0.28004906,-0.04667832,1.4002558,-0.03993771,0.07686064,1.8164995,-0.1327976,-0.008217115,-0.3068839
TCGA-AR-A2LN,2.2216654,1.5393981,0.4839783,0.72635233,0.24171303,-0.3306296,-0.09064161,0.5254595,0.20083544,-0.24970172,0.10097936,-0.034779258,-0.32561034,0.39777976,0.25491276,-0.02977772,0.62527984,0.052791573,-0.07167604,1.2579057,-0.03043969,-0.009144156,-0.3400366,-0.020861005,0.41389093,-0.03350923,-0.015373451,0.22148623,0.07945332,1.2853082,0.5835973,-0.2168144,-0.05973053,0.89744616,-0.04673855,1.2710459,1.6005309,1.1123201,-0.54352003,2.0770998,0.006014075,-0.0921416,0.11669342,0.2763697,-0.3033943,-0.09098812,-0.09444405,0.029271375,-0.26651305,0.44519785,0.05360035,0.57294184,-0.045374084,0.8717374,-0.41138297,-0.26586354,-0.06267943,1.1557326,-0.009026745,-0.008789593,1.6305597,-0.1464272,-0.012200006,-0.32486835
TCGA-AR-A2LO,2.4626317,1.5290033,0.36892018,1.0503756,0.14903286,-0.31122735,-0.10111691,0.5469273,-0.0013480465,-0.2604655,-0.0006891323,-0.034324363,-0.35470966,0.381354,0.18503189,-0.026096163,0.89138633,-0.006422687,-0.06226785,1.2419571,-0.03083844,0.054400116,-0.36985323,-0.022017146,0.3537088,-0.022875918,-0.02652058,0.33708867,-0.023943337,1.102426,0.85247844,-0.20716606,-0.057328533,0.6818836,-0.047478557,0.89511895,1.6496714,1.2421064,-0.57926697,2.2917113,-0.0018649793,-0.10548635,0.23968849,0.31301016,-0.35525516,-0.12819551,-0.08217742,-0.005359342,-0.29619095,0.21748449,0.16547747,0.3573724,-0.013986281,0.96889144,-0.44028664,-0.29887065,-0.060651388,1.4038984,-0.026212785,-0.010548609,1.8143878,-0.16580312,-0.030968854,-0.3573726
TCGA-AR-A2LQ,2.4276137,1.3812288,0.42662194,1.302718,0.2435729,-0.28126007,-0.08585786,0.39821288,0.05185565,-0.243245,-0.021713778,-0.031112818,-0.3325772,0.65366894,0.19640575,-0.028329048,0.6918027,0.10028396,-0.043530867,1.0246569,-0.025127381,0.08151554,-0.35397336,-0.009951011,0.05563144,-0.025496919,-0.01794935,0.3842669,-0.017479086,1.0471863,0.7917608,-0.1854637,-0.045598965,0.8284852,-0.052084398,0.95489967,1.4728079,0.9898554,-0.5623789,2.1890273,0.017337332,-0.09125065,0.10311371,0.387631,-0.33101138,-0.12336107,-0.08748534,0.012739379,-0.2590318,0.013201091,0.034565106,0.52479285,-0.0235892,0.8971228,-0.41696802,-0.30204365,-0.056084253,1.2452867,-0.018591259,-0.017271712,1.8141602,-0.16008101,-0.016424956,-0.32341543
TCGA-AR-A2LR,2.8293076,1.1029086,0.498266,2.185604,0.07877426,-0.23790132,-0.17576365,0.1950786,0.17399041,-0.18830575,-0.040766794,-0.016135251,-0.37706974,2.3588676,0.6719919,-0.05371673,-0.014825517,0.8462844,-0.0005493231,0.35254985,-0.0024179672,0.41781452,-0.34671196,-0.01911248,-0.05480982,-0.0036092426,-0.03390452,0.5372441,-0.045616694,1.175201,0.6881224,-0.2012956,-0.03409352,1.0002441,-0.09969096,0.0017105585,1.7077302,0.87823313,-0.61289597,2.2119493,-0.016401937,-0.08394011,0.068913594,0.41664946,-0.4007338,-0.1894564,-0.0811808,-0.019829016,-0.28329143,0.6324871,-0.025348682,1.6917316,0.16234839,0.7621054,-0.46935654,-0.33933666,-0.056777444,1.389297,-0.009018062,-0.006079828,1.1267099,-0.18553312,-0.02692528,-0.4455672
TCGA-AR-A5QM,3.0228055,1.7730238,0.56389004,1.2331098,0.26678693,-0.38662276,-0.111271515,0.91870135,0.3378828,-0.2937539,0.02757441,-0.019803619,-0.48047906,1.3367447,0.65189254,-0.061507948,0.58817285,-0.011653277,-0.04258186,1.2126915,-0.010532716,0.16566384,-0.43534157,-0.030918121,0.5712483,-0.025909906,-0.027555412,0.15561056,-0.018872319,1.7545828,1.1269644,-0.3138484,-0.10751587,0.14405963,-0.07661302,0.7714626,2.1327906,1.1774248,-0.759108,2.8054013,0.18274991,-0.14932704,0.59883314,0.29505295,-0.43336168,-0.16857669,-0.12732999,-0.021243807,-0.35835007,0.8916518,0.17191839,1.4542161,-0.06545567,1.3180234,-0.53408027,-0.38798913,-0.069219545,1.4051769,-0.019802004,-0.02334033,1.86573,-0.2440538,-0.026516983,-0.54259425
TCGA-AR-A5QN,3.6166747,1.997721,0.5491268,0.95493275,0.19824775,-0.44924974,-0.14847234,0.9912264,0.40322503,-0.36274227,0.006993303,-0.03056067,-0.5539027,1.8446474,0.9542227,-0.07036444,0.37303904,-0.013723916,-0.07820114,1.5556124,-0.014923895,0.12023784,-0.5191357,-0.026505524,0.6318979,-0.02034681,-0.029367,0.172591,-0.03307731,1.9449698,1.0697856,-0.3833407,-0.09593079,0.2540072,-0.09249204,0.5484637,2.4616086,1.5183759,-0.90125287,3.066609,-0.020390473,-0.15977648,0.50365824,0.52721345,-0.53711885,-0.20015763,-0.14639962,-0.06734612,-0.4457504,0.1363841,0.08340678,1.5653979,-0.06231453,1.2974756,-0.63099927,-0.46194038,-0.12836653,1.8000768,-0.018159358,-0.05336827,1.8258855,-0.31470358,-0.049838994,-0.6373265
TCGA-AR-A5QP,2.7740865,1.5748202,0.41068625,1.0996478,0.2722234,-0.3318685,-0.12991385,0.6101621,0.16568765,-0.2699637,-0.0072764913,-0.032675482,-0.3947532,0.8422636,0.3513,-0.027864907,0.70814955,0.10565938,-0.06365049,1.2457397,-0.033375945,0.10004085,-0.41798052,-0.023337955,0.42352912,-0.021846775,-0.026098896,0.2887605,0.016435653,1.4144715,0.7961791,-0.24717842,-0.053962734,0.87088853,-0.06237923,0.7311517,1.853737,1.2432795,-0.66821826,2.5350535,0.00473457,-0.110771954,0.2590866,0.54795426,-0.38401926,-0.14334221,-0.09743169,-0.013638231,-0.31524447,0.0831438,0.0845542,0.58218235,-0.02369932,0.85742456,-0.48009548,-0.3555598,-0.060550023,1.5112488,-0.022582116,-0.019032849,2.0496469,-0.19241743,-0.019835716,-0.4073108
TCGA-AR-A5QQ,2.4880657,1.4239565,0.5064119,1.2776943,0.09670907,-0.31632766,-0.11184316,0.43670696,0.10584718,-0.25179574,-0.0014900347,-0.026024038,-0.37196562,0.99979216,0.29546973,-0.030478451,0.5061109,0.27301025,-0.03891865,1.0188698,-0.013631013,0.09037326,-0.34213537,-0.027246485,0.33279827,-0.03114,-0.018962277,0.3383062,-0.02340727,1.052632,0.842358,-0.20371325,-0.07157823,0.24440312,-0.071856104,0.8593383,1.7757874,0.873109,-0.6058914,2.2941773,-0.0054665827,-0.09446605,0.20689952,0.0693109,-0.34160745,-0.12836486,-0.10000749,-8.534901e-05,-0.28046778,0.40366045,0.09937377,1.2421101,-0.041122925,0.94404024,-0.43894073,-0.30912384,-0.0682609,1.3146706,-0.035045307,-0.026034174,1.5663762,-0.17451994,-0.020679567,-0.3669289
TCGA-B6-A0I1,1.7386243,0.8301368,0.42727625,1.1894065,0.08206479,-0.20593794,-0.17772178,0.14291528,0.38181117,-0.1465997,0.14668772,0.48955646,-0.3146843,2.293735,0.851654,-0.0513844,-0.049454086,1.1545807,-0.028521502,0.02815292,0.39639685,0.3565714,-0.25418323,-0.030152166,0.20616238,0.05759727,-0.008768298,0.04426549,-0.01829142,1.1424841,0.5938222,-0.17400773,-0.048255615,0.88068706,-0.09034684,-0.016885651,1.301544,0.6826891,-0.42992064,1.1517595,-0.04808666,-0.048207734,0.40808076,-0.030313427,-0.30220625,-0.11065453,-0.06310792,-0.012168768,-0.2572632,0.7883501,0.05164086,2.419204,-0.032765005,0.36011478,-0.38107726,-0.21021311,-0.05748416,0.65428877,0.10363542,-0.009312374,0.3351051,-0.1582922,-0.022767374,-0.37251365
TCGA-B6-A0IK,3.2662895,1.7887336,0.5145497,1.2358736,0.1984971,-0.3585443,-0.1385365,0.5743024,0.25401396,-0.30831546,0.28996634,-0.022623822,-0.45169187,2.1719425,0.7204289,-0.06803041,0.13797192,0.17239136,-0.07278333,1.3016833,-0.02150376,0.17734697,-0.4473637,-0.029510064,0.17550032,-0.044874515,-0.03318679,0.23109244,-0.034499913,1.5993615,0.9350191,-0.29863784,-0.091322236,0.52087057,-0.072425924,0.10155031,2.0680552,1.3375444,-0.7766318,2.6385314,-0.012458051,-0.1259679,0.33814305,0.33367538,-0.46837083,-0.19167434,-0.14319244,-0.05630019,-0.36893463,0.31252524,-0.0056086513,1.4702501,-0.047485586,0.90863657,-0.54690045,-0.4066589,-0.099156395,1.6604009,-0.02332106,-0.043315597,1.4390286,-0.2722333,-0.03343812,-0.530807
TCGA-B6-A0RE,2.6536655,1.0411543,0.55532223,1.3999186,0.29826403,-0.23378363,-0.22037332,0.28067514,0.38301095,-0.26750916,0.15904649,0.21140929,-0.38982016,2.205711,0.6097956,-0.059284933,0.015124574,1.6459445,-0.037644938,0.6485925,0.45523477,0.4728833,-0.34126425,-0.040372577,0.21849056,-0.007436429,-0.015598617,0.56653166,-0.020512959,1.21815,0.8901501,-0.23194142,-0.031446964,1.1037458,-0.13006954,-0.009486094,1.8637565,1.0658561,-0.60882235,1.7919526,-0.044348974,-0.07858796,0.4955234,0.5421087,-0.38605157,-0.15328526,-0.06731963,-0.03293182,-0.3074292,-0.008249089,-0.011461962,2.2601063,-0.03487321,0.5995687,-0.47085562,-0.33757627,-0.053803194,1.2462718,-0.00072488346,-0.029935343,1.1270943,-0.18136095,-0.03705718,-0.50074655
TCGA-B6-A0RG,1.669058,1.1728278,0.18355043,0.4814575,-0.038495354,-0.25237203,-0.04373529,0.5220861,0.1514988,-0.16845812,0.20350845,-0.0066372673,-0.2522243,0.10160592,0.37330964,-0.015434426,0.6998603,-0.049636424,-0.042264756,0.821705,-0.02324756,-0.023481129,-0.2603836,-0.037489038,0.38170487,-0.033168,-0.04798035,-0.014183781,-0.008303243,0.83844614,0.63512415,-0.16713066,-0.07901531,-0.0032783386,-0.032101758,0.9865189,1.3225422,0.72699684,-0.42843103,1.7446722,0.57223195,-0.08374553,0.30388677,-0.018278044,-0.24098514,-0.10700178,-0.06982137,0.18524818,-0.20294657,1.7842475,-0.007761846,0.5460394,-0.033933844,0.93092436,-0.3100302,-0.18969846,-0.07063003,0.79115266,-0.048287015,0.28802478,1.1573014,-0.06987054,-0.052097958,-0.24944142
TCGA-B6-A0RI,2.019568,1.2355634,0.32263747,0.48743728,0.19223276,-0.29075074,-0.0584338,0.32830015,0.0825638,-0.21751194,0.12607214,-0.053493418,-0.2692989,-0.009673955,0.43542427,-0.00904791,0.8197356,-0.011359619,-0.048563678,0.91250545,-0.045567896,-0.004701665,-0.28575838,-0.036643114,0.13937695,-0.01969955,0.020377355,0.20793818,-0.003487076,1.0567008,0.6578841,-0.1650004,-0.07845644,0.7889159,-0.043165714,0.80338657,1.3259572,0.88092536,-0.4890639,1.88102,0.31324106,-0.1090035,0.01030162,0.35384881,-0.28414035,-0.11215979,-0.074166924,0.16003159,-0.22938931,0.51123023,-0.01065375,0.2114245,-0.014193021,0.8280613,-0.33365726,-0.25616473,-0.030461578,1.1363091,-0.006144087,0.08700405,1.5694618,-0.104526736,-0.025432471,-0.26366
TCGA-B6-A0RL,3.7097626,2.5315564,0.5274182,0.14290896,0.24808018,-0.5084519,-0.16438386,1.4177169,0.9294278,-0.39967915,0.11846579,0.21981616,-0.65674573,2.24028,1.4753703,-0.13054489,0.24829334,-0.04050402,-0.11507958,1.8616486,0.0064756386,0.39445147,-0.609019,-0.04574151,1.7039583,-0.018550372,-0.0362999,0.0008428134,-0.040174305,2.3871465,1.1377553,-0.5174513,-0.104851976,-0.015920984,-0.107972674,0.08726342,2.6951962,1.5736331,-1.0272714,3.015975,-0.005685072,-0.1941943,1.0264877,0.41398692,-0.5892565,-0.19570671,-0.1949437,-0.07508539,-0.52060026,0.9209017,0.24478967,2.5553694,-0.11835158,1.4227688,-0.69851005,-0.5054107,-0.15662451,2.0320747,-0.01967242,-0.031677846,1.4899793,-0.39690277,-0.05188411,-0.85263664
TCGA-B6-A0RM,2.161616,1.4104935,0.5893769,0.2688841,0.2428628,-0.27182755,-0.07478695,0.43381354,0.09595793,-0.19463281,0.012786021,-0.017648708,-0.27049726,0.0624333,0.314549,-0.045574024,0.7162869,-0.03798176,-0.04887521,1.0470868,-0.03839783,0.3106862,-0.32899088,-0.0241558,0.29788172,0.016673284,-0.02792857,0.15839121,-0.022501584,0.9734442,0.55966574,-0.20199703,-0.08425871,0.8833104,-0.06524633,0.3914187,1.289542,0.81743896,-0.49647027,2.2268486,0.2641853,-0.10724473,0.14156929,0.44169402,-0.30756903,-0.1243462,-0.056670137,0.0934989,-0.24920242,1.1037018,0.026614366,0.6390882,-0.020747025,0.7614397,-0.37970492,-0.23745255,-0.07674545,1.0218368,-0.021619454,0.11050898,1.5099955,-0.09202426,-0.015528428,-0.33231512
TCGA-B6-A0RN,2.9236565,2.034672,0.33042592,0.3152046,0.42003638,-0.41254807,-0.12762584,0.9479653,0.3164038,-0.31026575,0.58158576,-0.048558626,-0.425071,1.5450408,0.96296686,-0.06265379,0.4401044,-0.0009867387,-0.0956223,1.3695029,-0.007874943,0.50740814,-0.46043524,-0.047554474,0.83960974,-0.002502747,-0.0287812,0.09403424,-0.0033626482,1.6179572,0.8131329,-0.3198471,-0.10744455,1.0002918,-0.060285967,0.20075117,2.0202746,1.3506969,-0.7419473,2.7789607,0.071652785,-0.16688755,0.32343006,0.69882256,-0.49560776,-0.17648925,-0.116876975,-0.061249096,-0.3585407,0.88348436,-0.013152634,1.2704722,-0.047091782,1.0242952,-0.5687427,-0.39209053,-0.074824415,1.791741,-0.016974991,-0.021878345,1.7506133,-0.19580339,-0.015171013,-0.5608594
TCGA-B6-A0RO,2.402835,1.8327605,0.5194897,0.9077949,0.35072201,-0.33312464,-0.09600741,0.67193574,0.2248543,-0.25907952,-0.00473196,-0.016063293,-0.37395847,1.0057799,0.4915663,-0.027195482,0.5315781,0.024538128,-0.06921152,0.91731024,-0.029027848,0.26210374,-0.35887676,-0.03163369,0.30564076,-0.04284958,-0.040357094,0.15574767,-0.014684108,1.4350394,0.8063502,-0.2287855,-0.07402899,0.50188786,-0.050054055,0.6271734,1.741182,0.99561226,-0.62372154,2.55248,0.40773317,-0.1170175,0.38956398,0.2527874,-0.34599972,-0.12994714,-0.0945174,-0.027343264,-0.29496878,1.2705857,-0.0015951945,0.9807156,-0.00864176,1.0489135,-0.4544917,-0.30682164,-0.05865655,1.2992345,-0.036977213,-0.025557995,1.5968506,-0.18006764,-0.056872625,-0.41507322
TCGA-B6-A0RP,2.4018497,1.6424934,0.4173317,0.47355568,0.22134161,-0.3452488,-0.08587472,0.87058264,0.26770324,-0.2135741,0.34088895,-0.02129857,-0.3508715,0.60996556,0.51460534,-0.04801083,0.51948816,-0.003491971,-0.08089004,1.1139117,-0.038865432,0.017823592,-0.38441262,-0.046075992,0.65367764,-0.036540654,-0.033540864,-0.0070943506,-0.017546898,1.3493605,0.7308938,-0.19781937,-0.09414472,0.7945251,-0.053050097,0.45936704,1.569725,0.80383587,-0.6199579,2.5523994,0.28063792,-0.11941444,0.32284743,0.3844368,-0.33475873,-0.15119025,-0.07361267,-0.007066122,-0.28506592,1.490576,0.116728865,0.7819089,-0.016440684,0.98056585,-0.43960997,-0.2701134,-0.08172878,1.4412723,-0.030270273,0.1548994,1.6432527,-0.15351765,-0.027301544,-0.39275098
TCGA-B6-A0RS,2.131418,1.0224768,0.35757068,1.1177106,-0.00050701835,-0.2225523,-0.13904713,0.22389239,0.12027286,-0.1854589,0.25829884,-0.003955377,-0.30087215,1.5410757,0.46649045,-0.008272449,-0.0070087956,0.65623176,-0.03573337,0.76860934,0.021211158,0.06933471,-0.30284595,-0.030224655,0.039236832,0.05191404,-0.020466786,0.14075065,-0.032577436,1.2872269,0.45042259,-0.15342377,-0.05529159,0.73695695,-0.07632319,0.013323804,1.2144549,0.57646906,-0.48561192,1.4939066,-0.0043924064,-0.08762819,0.18007174,-0.0011164754,-0.3034927,-0.12893754,-0.05649972,-0.027197236,-0.24652195,1.0301169,-0.0105146775,1.6745352,-0.025854683,0.5392254,-0.40612546,-0.21306448,-0.06581374,0.9685798,-0.030507272,-0.027406469,0.8498294,-0.18413049,-0.029056007,-0.3193681
TCGA-B6-A0RT,2.4037237,1.1675701,0.46878296,1.6827152,0.033976942,-0.2773883,-0.109673046,0.25815356,-0.014066479,-0.23107767,-0.026937848,-0.05874734,-0.30795678,0.23705599,0.11390745,-0.023046723,0.95586157,0.42398363,-0.032766845,0.8627964,-0.034506064,0.15486239,-0.30335158,-0.018952107,0.18894528,-0.031676706,-0.02266377,0.55135065,-0.006723009,0.776377,0.80256075,-0.15300481,-0.061701007,0.31321034,-0.052954413,1.0728761,1.6509349,0.8296262,-0.5497937,2.135222,-0.00036356208,-0.0755347,0.049072396,0.21276958,-0.28867346,-0.12214049,-0.056024965,0.1457115,-0.229979,0.05259716,0.006338762,0.47891173,-0.0015929422,0.8355423,-0.38533917,-0.27402326,-0.03445438,1.1453443,-0.032974236,-0.010636384,1.8787987,-0.136856,-0.027169516,-0.27068695
TCGA-B6-A0RU,2.5002043,1.1718444,0.401826,2.1515465,0.089144945,-0.20970206,-0.10240326,0.09049752,0.06695019,-0.15337127,-0.040052276,-0.016584944,-0.29312894,1.2684722,0.27777302,-0.041687336,0.2879167,0.366683,-0.030916361,0.55411005,0.028657708,0.28369546,-0.30447105,-0.031135624,-0.04540669,-0.026972452,-0.029908875,0.34932974,-0.029781831,0.93626165,0.66701543,-0.14362021,-0.050511878,0.7091262,-0.07141331,0.18056892,1.4197145,0.5776935,-0.5144374,1.9831897,0.10761233,-0.078094974,0.085011944,0.2216975,-0.32479954,-0.17260222,-0.052074708,0.13574219,-0.22703564,0.83637494,-0.019924512,1.1409311,-0.0056007365,0.76118773,-0.40211987,-0.26605994,-0.055356365,1.0540249,-0.034855835,-0.015043803,1.3782288,-0.15081678,-0.023906162,-0.3208338
TCGA-B6-A0RV,2.8624897,1.7486798,0.6611556,1.1435654,0.04905616,-0.34522253,-0.11011797,0.546566,0.08677519,-0.2887425,0.02485827,-0.050587546,-0.39061287,0.47541454,0.31049657,-0.0349154,0.8672237,0.041242085,-0.061538935,1.1884532,-0.034292426,0.17987373,-0.411921,-0.02355506,0.3059902,-0.03336286,-0.030237341,0.35938287,-0.030157477,1.2207845,0.8270702,-0.24858351,-0.07495074,0.6720655,-0.064985305,0.8257322,1.6085246,1.2868398,-0.65690756,2.4810882,0.193364,-0.1281784,0.16695093,0.48864436,-0.37918335,-0.16297537,-0.07984048,-0.0069751577,-0.28644907,0.5195828,0.12769039,0.69107753,-0.029966852,0.94315726,-0.47667265,-0.30664632,-0.08965756,1.5341866,-0.03959515,-0.013647968,1.9217007,-0.18318872,-0.025619516,-0.40681386
TCGA-B6-A0WT,1.9894418,1.3224789,0.39367527,0.8325967,0.072469294,-0.29740557,-0.07138797,0.5740475,-0.0018757764,-0.22372079,0.052430697,-0.040582076,-0.31183955,0.045736786,0.28964216,-0.012850684,0.8683096,-0.0067835595,-0.05279913,1.2378749,-0.03696054,0.07760195,-0.32536408,-0.05232429,0.37717712,-0.017122908,-0.01365072,0.24703072,0.09053517,0.98595226,0.58275855,-0.18955503,-0.086963974,0.5448797,-0.0391459,0.7545403,1.4751427,0.8890329,-0.53775257,2.3004262,0.5074398,-0.1217888,0.11867057,0.32093,-0.30392942,-0.11283087,-0.061778672,0.03457657,-0.2626432,0.88369846,-0.010596047,0.17834416,-0.021834545,0.7274654,-0.39966524,-0.26531148,-0.04830485,1.2560086,-0.018368589,0.104602605,1.8170195,-0.11408708,-0.025018606,-0.30668935
TCGA-B6-A0WV,2.3240764,2.0208097,0.43463472,0.41536757,0.096017584,-0.33487603,-0.07840873,0.7159608,0.28544462,-0.26638088,0.16658925,-0.010205084,-0.423012,1.1971914,0.73665047,-0.052738477,0.27530357,-0.035429418,-0.08638465,1.1902858,-0.023628289,0.085179105,-0.41178122,-0.034957536,0.6740059,-0.005601421,-0.034650262,-0.007866097,-0.01941345,1.4836737,0.7639108,-0.3000224,-0.11337993,-0.0072296904,-0.058006387,0.14366178,1.991764,0.886262,-0.66053617,2.2481043,0.48460108,-0.12154805,0.5342252,0.124824345,-0.40281898,-0.14490864,-0.14262158,-0.05143043,-0.3279209,1.8443427,0.35148138,1.510657,-0.07545634,1.2102927,-0.48463294,-0.30488732,-0.09512324,1.5278093,-0.020345053,-0.0030998948,1.3125443,-0.19726823,-0.044875216,-0.48885074
TCGA-B6-A0WW,2.747486,1.9191768,0.500491,-0.01622622,0.39544606,-0.39573887,-0.11278379,0.94653356,0.49810627,-0.33949006,0.6808677,-0.01920843,-0.48160538,1.5819483,0.7679842,-0.059330583,0.26433495,0.09556946,-0.08711964,1.6342047,-0.007065445,-0.007337171,-0.46628594,-0.019890387,1.0333196,0.1354633,-0.042390287,-0.022222495,-0.008858643,2.061071,0.81421703,-0.39438406,-0.08522886,0.6619508,-0.07466062,0.35361502,2.1516871,1.3648335,-0.7663746,2.4187436,0.012376236,-0.14344138,0.8446676,0.24695788,-0.45665595,-0.13881771,-0.1750514,-0.07178725,-0.41953292,0.6923729,0.258767,1.8996806,-0.088385336,0.9478476,-0.5586545,-0.3641694,-0.12446258,1.654745,0.11328184,-0.010029665,1.3946995,-0.28118497,-0.055411614,-0.5767624
TCGA-B6-A0WX,2.4018133,1.3431658,0.5060428,1.0609518,0.03065392,-0.2946156,-0.16736935,0.5632239,0.32611206,-0.24297607,-0.022153122,0.06540506,-0.40132782,1.8066964,0.72035646,-0.053925153,-0.008450425,0.6343988,-0.04304755,0.6084442,0.0791821,0.13161281,-0.37456623,-0.038546517,0.30907956,-0.028240418,-0.006878312,-0.0045597046,-0.043186426,1.3755382,0.73824406,-0.24311915,-0.05155259,0.7987339,-0.0942092,0.24337573,1.8923836,0.91264015,-0.608774,1.9165884,-0.021842089,-0.0705102,0.43457216,0.021039754,-0.37703344,-0.14510795,-0.09498271,-0.034670178,-0.32027313,0.58413434,0.04969424,2.1052418,-0.06097607,0.8175989,-0.4871326,-0.31165808,-0.09141697,1.2065927,-0.01221159,-0.023339981,0.9707033,-0.22098194,-0.030429125,-0.44548112
TCGA-B6-A0WY,2.2721949,1.4711918,0.5068343,1.0908941,0.13890874,-0.28844395,-0.07571163,0.5562908,0.117039606,-0.22997868,-0.014184378,-0.024140334,-0.3417821,0.95269805,0.40819955,-0.042356703,0.56527895,-0.006910983,-0.057395723,0.9599307,-0.022604,0.08233442,-0.33274755,-0.029708907,0.19245121,-0.020164883,-0.028556526,0.37957954,-0.04066319,0.9565705,0.64057887,-0.2032518,-0.080152944,0.45157972,-0.06573246,0.6300092,1.6744118,0.9043785,-0.57892054,2.25343,0.32609534,-0.105181836,0.14849547,0.30870974,-0.34013513,-0.16123919,-0.08359777,-0.01734778,-0.27850986,0.8471012,0.1894029,0.75368565,-0.03471573,1.0513281,-0.413764,-0.28353605,-0.06806486,1.2868669,-0.027534628,-0.00580722,1.4045557,-0.16433878,-0.027241686,-0.35081357
TCGA-B6-A0WZ,2.5987353,1.6908962,0.43341577,0.65597165,0.18649648,-0.3809797,-0.08036094,0.74377793,0.42536715,-0.27892014,0.3542652,-0.02675514,-0.40731785,0.85150206,0.80813557,-0.044803005,0.37457588,-0.01987466,-0.050067425,1.353108,-0.013580966,0.012595124,-0.37118968,-0.037116956,0.60476804,-0.006651102,-0.021849819,-0.0035673974,-0.029711438,1.5920421,0.7851084,-0.2840363,-0.0941116,0.7747291,-0.078552395,0.80157626,1.8996997,1.1329694,-0.64509624,2.372501,0.263874,-0.12231203,0.40662104,0.078998804,-0.3812556,-0.12787166,-0.117968395,-0.0070782527,-0.32131022,1.3913665,0.020780405,1.266497,-0.05215918,1.0519589,-0.48608238,-0.33944505,-0.10243354,1.4284457,-0.034653287,-0.011104144,1.4326303,-0.20481792,-0.038116377,-0.4194996
TCGA-B6-A0X4,2.2557096,1.0802144,0.09978609,1.056051,-0.006911537,-0.25981835,-0.06268967,0.40756762,-0.017560443,-0.2163846,-0.0009719087,-0.031369463,-0.29805854,0.03117532,0.17617212,-0.03567974,0.7387515,-0.015977848,-0.045131054,0.87156475,-0.029596418,0.17275098,-0.3164776,-0.049679205,0.055198137,-0.046041593,-0.027400179,0.3528734,-0.0030918324,0.8644256,0.66565484,-0.18344466,-0.04231435,0.66867006,-0.04810467,0.82039356,1.3873401,1.0163791,-0.49522063,1.9034256,0.32003266,-0.11963425,0.40872902,0.2689849,-0.2754994,-0.09469213,-0.08697027,0.085326225,-0.22403358,0.7436886,-0.028834177,0.039493673,-0.00036723967,1.0753034,-0.36188772,-0.25088355,-0.056457024,1.0494685,-0.020062711,-0.010411273,1.4985578,-0.11790979,-0.019653125,-0.2802414
TCGA-B6-A0X5,1.9101255,1.487578,0.49901417,-0.0076702717,-0.001334041,-0.2647609,-0.031155942,0.7363985,0.15706348,-0.20293415,0.43204173,-0.00078237586,-0.35326406,1.1076409,0.6091744,-0.029600699,-0.0019383356,0.43174464,-0.024294455,1.1573681,-0.00433998,-0.0064583453,-0.2959449,-0.0073201805,1.2870153,-0.018682746,-0.039820757,-0.012510397,-0.024461215,1.1040336,0.4877564,-0.24495642,-0.103985906,0.30624172,-0.076103024,0.3061578,1.171411,1.1093353,-0.49482432,1.3618524,0.04314424,-0.10344473,0.35142842,-0.035429593,-0.2911204,-0.082921654,-0.08735309,-0.036918964,-0.2511456,1.8008944,0.0661952,1.733739,-0.09175337,0.9214882,-0.3492014,-0.20343235,-0.12596598,0.82928973,-0.008397498,0.2665108,0.37280264,-0.14824975,-0.01955711,-0.37750924
TCGA-B6-A0X7,2.9011192,1.5060343,0.61963177,0.90645987,0.11801778,-0.34124368,-0.11064241,0.77137816,0.20885053,-0.27516758,0.2599794,-0.04102903,-0.36723623,0.62933797,0.49478853,-0.04444354,0.75870794,0.07682535,-0.05693965,1.1964906,-0.02275456,0.2648954,-0.4009764,-0.018004967,0.16028087,-0.013887837,-0.016680289,0.24979745,-0.025313312,1.2136319,0.8769704,-0.2471069,-0.07381512,1.1149209,-0.053524833,0.7143931,1.5682693,1.1460283,-0.6350474,2.5671146,0.17765267,-0.13103025,0.22886732,0.69567376,-0.426016,-0.17014682,-0.09781579,-0.0022799415,-0.32381138,0.5412703,-0.0016247238,0.61153936,0.12462578,0.9550157,-0.47037536,-0.32685477,-0.054233372,1.4464273,-0.019030703,0.12626722,2.0835936,-0.16875336,-0.024178153,-0.39659086
TCGA-B6-A1KC,3.1653235,1.8257021,0.32970306,1.1860914,-0.010933625,-0.3607132,-0.11326752,0.70654875,0.28401634,-0.29375708,-0.012992642,-0.028008504,-0.45819995,1.4309494,0.7013874,-0.047848366,0.3027852,-0.025182987,-0.05520116,1.2672107,-0.03906006,0.41321853,-0.47486374,-0.03854404,0.6307257,-0.020866277,-0.027717484,0.09342559,-0.0516483,1.4145316,0.9978292,-0.3121212,-0.11905362,-0.008402287,-0.05569916,0.06890944,2.0135956,1.1589357,-0.7540643,2.8863387,0.32861596,-0.16199313,0.6024184,0.32134712,-0.5055139,-0.19609526,-0.10241085,-0.05360643,-0.35593534,1.1238734,-0.006941344,1.459672,-0.048217162,1.1385487,-0.53638226,-0.3713775,-0.06900662,1.4367919,-0.03996272,-0.00761472,1.7387395,-0.24419296,-0.05073404,-0.5537897
TCGA-B6-A1KF,2.7620497,1.3686126,0.5578246,1.0744747,0.27444336,-0.26513296,-0.20317283,0.27714252,0.6026157,-0.26232034,-0.0036926456,0.25743204,-0.41933027,3.1634207,1.1493233,-0.07998511,-0.048723396,1.4025115,-0.057562888,0.5459745,0.38012132,0.34197116,-0.40458685,-0.06663582,0.25804636,-0.013357661,-0.007729046,0.04200055,-0.06116838,1.6068302,0.5973939,-0.2803436,-0.048257526,0.904342,-0.12780629,-0.026103413,1.9998682,0.9177209,-0.65936595,1.8088987,-0.053607564,-0.07176119,0.1678771,0.23745589,-0.456873,-0.21541892,-0.1077702,-0.046189893,-0.3631883,0.474632,-0.015949134,3.0734205,-0.07087233,0.6982781,-0.5256522,-0.34273952,-0.08821087,1.0762718,-0.007671232,-0.012029111,0.55180043,-0.2616608,-0.02306903,-0.5194368
TCGA-B6-A1KI,1.9983498,1.3440387,0.33681336,0.98563886,0.1533712,-0.27617416,-0.06454743,0.69197184,-0.0036844758,-0.20910929,-0.011052339,-0.035146262,-0.27662894,0.19251029,0.106051005,0.028915925,0.8301061,-0.0074465214,-0.045833718,0.91782534,-0.028282886,0.1416285,-0.2932484,-0.026724298,0.13201304,-0.023206368,-0.010469044,0.1663021,-0.01455982,1.016095,0.7725329,-0.16297992,-0.07769429,0.68644434,-0.033806704,0.83241093,1.3114965,0.93650436,-0.49061567,2.1298642,0.43059367,-0.0896614,0.11998777,0.339298,-0.2542337,-0.117886655,-0.06270835,0.17997544,-0.2042572,0.6021122,-0.0070924656,0.11899796,-0.008731631,0.85487217,-0.35476872,-0.2396488,-0.048018172,1.0910261,-0.020928117,-0.003353392,1.8599663,-0.13014415,-0.017464831,-0.28575286
TCGA-B6-A1KN,2.7075756,1.9156331,0.46304086,0.23662531,0.13468806,-0.38257897,-0.12592253,0.9212676,0.6382042,-0.3118896,0.4768362,0.06909893,-0.47096714,1.644022,1.0406054,-0.05298966,0.13966842,-0.006134593,-0.0819196,1.3409938,0.085195616,0.28116527,-0.4207835,-0.050423063,0.9250798,-0.012834496,-0.008556887,-0.015963543,-0.047382105,1.7617333,0.63981754,-0.35616693,-0.09182045,-0.0009613093,-0.092790596,0.21055388,2.0984957,1.0481733,-0.7559619,2.194821,0.11321396,-0.1427082,0.939588,0.03977345,-0.46569163,-0.17445658,-0.13891028,-0.061512645,-0.37700027,0.9288839,0.31195694,2.3226202,-0.08314722,0.8949119,-0.5143432,-0.35732338,-0.1339112,1.4593934,-0.019860895,-0.047769018,1.0089301,-0.28880244,-0.043160353,-0.58769816
TCGA-B6-A2IU,2.1238782,1.7110606,0.5604052,0.6131835,0.077570766,-0.32293877,-0.06987246,0.70788246,0.3645477,-0.2168072,0.15970206,-0.040668253,-0.31775227,0.17216426,0.4425437,-0.024688317,0.64351654,0.019933892,-0.09166022,1.0760158,-0.04750211,0.02099593,-0.33414277,-0.021087516,0.6112642,-0.03449414,-0.011285684,-0.0013665159,-0.010538113,1.1169627,0.5374982,-0.20964845,-0.07301653,0.5246449,-0.04122478,0.8902278,1.5792544,0.8509042,-0.5422779,2.1078558,0.5057003,-0.11752285,0.25460294,0.22047658,-0.31112978,-0.12410324,-0.07279709,-0.007380016,-0.26106742,1.3152238,-0.0032315196,0.5824773,-0.034474786,0.9307855,-0.3965854,-0.2488559,-0.077816874,1.206814,-0.009898203,0.057788443,1.5648988,-0.12115121,-0.022053974,-0.3252596
TCGA-B6-A3ZX,2.3150413,1.0579776,0.4774091,1.8155298,0.060417715,-0.25403616,-0.11991842,0.21682596,-0.019276805,-0.21838582,-0.028734732,-0.046223696,-0.3066711,0.46025747,0.09970442,-0.012514737,0.9059577,0.5917835,-0.02695684,0.72415197,-0.0296851,0.24121319,-0.29303417,-0.024091829,0.07048924,-0.03712235,-0.014363438,0.59655434,-0.018752258,0.81702745,0.74461204,-0.14423694,-0.04700175,0.48862284,-0.06730485,1.0763471,1.5497792,0.8664921,-0.53543806,2.1841326,-0.014389686,-0.080167465,0.2730701,0.19759361,-0.2915477,-0.12839678,-0.059469085,0.1381673,-0.22414593,0.004156735,0.013956988,0.55614513,0.054464288,0.7997591,-0.3917685,-0.2603075,-0.02475819,1.0632834,-0.020090465,-0.012793324,1.812839,-0.11993065,-0.024301875,-0.2740577
TCGA-B6-A400,2.056205,0.81828034,0.5007329,1.6879269,0.07355891,-0.17330165,-0.14544895,-0.00058236014,0.020334829,-0.16369101,-0.02224514,-0.0076915035,-0.30236173,1.2102077,0.3776094,-0.027686406,0.33494827,1.1705875,-0.011958306,0.27006507,-0.0020981506,0.49076355,-0.2711595,-0.02561712,-0.0030095947,-0.026476745,-0.027023522,0.5723881,-0.023610966,0.8820404,0.51231325,-0.15507813,-0.022248944,0.69629776,-0.08197623,0.22015466,1.2486275,0.76386636,-0.4548923,1.488491,-0.03022238,-0.0641174,0.297533,0.14554383,-0.26977864,-0.14132625,-0.034595642,-0.011262636,-0.2080838,0.19768815,-0.011664211,1.2161031,0.041977555,0.48975497,-0.3734774,-0.2379146,-0.028782282,0.9596516,-0.0068947235,-0.0019111437,1.1051168,-0.123963974,-0.017630527,-0.3153263
TCGA-B6-A401,2.388501,1.583655,0.45350963,0.93662506,-0.007436048,-0.31291714,-0.107966796,0.36755005,-0.017573202,-0.24333699,-0.005193317,-0.038609236,-0.35568064,0.47153687,0.41454953,-0.030334327,0.6900262,0.029558403,-0.06171746,1.194488,-0.032916408,0.2535118,-0.33284745,-0.028964957,0.3985296,-0.009059864,-0.020362249,0.25564975,-0.012080446,1.0127496,0.6186179,-0.20062183,-0.07770725,0.5940982,-0.060771108,0.876803,1.6431853,1.0147798,-0.5729698,2.2192929,0.30575472,-0.08562107,0.21247041,0.27460778,-0.33598158,-0.12548696,-0.08110644,-0.0018111285,-0.26375693,0.90664035,0.15215038,1.0458359,-0.053975254,0.9734586,-0.41217652,-0.26308715,-0.05533057,1.1685395,-0.042763855,-0.017625598,1.6376245,-0.1538372,-0.03430065,-0.34794796
TCGA-B6-A402,2.1214497,0.64164275,0.19712397,1.8056656,0.09789671,-0.16182159,-0.1397168,-0.0067478674,-0.01427295,-0.14807747,-0.039573643,0.041326843,-0.2611201,1.8295432,0.24039452,-0.031030715,0.12950885,1.0546902,-0.023882002,-0.0008571762,-0.02203858,0.5516956,-0.24950035,-0.024729917,-0.03133747,0.044464204,-0.011558855,0.4558803,-0.016780514,0.7515665,0.64960617,-0.094740346,-0.02364029,1.3990468,-0.09046128,0.005177034,1.1660022,0.770224,-0.4282373,1.3275883,-0.03139803,-0.028716654,0.024748791,0.41762054,-0.26428673,-0.11216986,-0.026449487,0.016525242,-0.20464607,-0.0060560796,-0.026750911,0.6338028,0.5990672,0.19492064,-0.34723556,-0.22765057,-0.02951518,0.9465817,-0.019925058,-0.014131996,1.1697427,-0.09926888,0.12215217,-0.28339666
TCGA-B6-A408,1.7723976,1.3019811,0.28961518,0.99123555,0.21024099,-0.28587493,-0.086867444,0.45869055,0.06036005,-0.17606156,0.24038342,-0.00664744,-0.25132945,0.5872132,0.7170481,-0.029543296,0.349145,-0.024759376,-0.07795365,0.85474324,-0.048594765,0.053567298,-0.25797936,-0.009735641,0.22670932,0.07183763,-0.053131845,-0.004337178,-0.015121694,1.0536191,0.59553814,-0.1869835,-0.06367874,0.32458448,-0.052590977,0.3757407,1.3132497,0.69052064,-0.47862583,1.7497419,0.33822638,-0.08332519,0.30540934,-0.0038295034,-0.2857171,-0.08702877,-0.076451644,-0.009555839,-0.2229483,1.0141197,0.193388,0.84559643,-0.032184348,0.7953365,-0.3412658,-0.22012697,-0.062205788,1.1861719,-0.009404882,-0.039302755,1.2220881,-0.13106786,-0.014550005,-0.32925534
TCGA-B6-A409,2.1453924,0.92512715,0.599334,1.0777581,-0.0112173725,-0.21926725,-0.1509876,0.08628051,0.04014641,-0.21723616,-0.010653864,0.036953054,-0.3045216,1.2439424,0.38052619,-0.020692883,0.2728967,0.9477974,-0.04575425,0.6199913,0.15997243,0.11220683,-0.27321288,-0.024077643,0.12429719,-0.0093595665,-0.009453169,0.1730689,-0.029580278,1.037901,0.55596626,-0.20443527,-0.0377482,0.700205,-0.10234232,0.37411398,1.4422587,0.54730237,-0.47670856,1.4705492,-0.029907048,-0.06636544,0.3239128,-0.012482318,-0.300371,-0.10613984,-0.07246913,-0.009187161,-0.2547561,0.17438976,0.032994136,1.7666973,-0.026134018,0.71332484,-0.3740649,-0.21305923,-0.05490015,0.69166017,-0.0064685205,-0.017672991,0.9082929,-0.18141122,-0.018022964,-0.32657585
TCGA-B6-A40B,2.8786519,1.969138,0.5956468,0.47828022,0.2502837,-0.39882633,-0.11296298,1.1508096,0.54066634,-0.30671135,0.377956,-0.043840848,-0.47328195,1.0472379,0.8217322,-0.044379506,0.70945007,-0.0026798847,-0.07299155,1.3795782,-0.019573025,0.28393802,-0.4301264,-0.025523087,0.84985745,-0.02751322,-0.02426493,-0.009447928,-0.0055581867,1.722561,0.8849513,-0.33258912,-0.09019079,0.667551,-0.06086728,0.5757532,1.95218,1.4417865,-0.731095,2.5767722,0.13749011,-0.1485725,0.5554581,0.25406736,-0.4171551,-0.14972135,-0.12883484,-0.03559236,-0.3803745,0.8089035,0.072840355,1.162921,-0.060738534,0.9287899,-0.5565634,-0.3779666,-0.08220837,1.7242972,0.08461522,0.092610925,1.7353383,-0.23513679,-0.024416476,-0.54034215
TCGA-B6-A40C,3.1276197,2.047333,0.49803427,0.5504516,0.2635147,-0.41207543,-0.12949853,0.8577645,0.34843904,-0.32727903,0.574816,0.026556768,-0.47562066,1.595421,0.93204415,-0.067179434,0.66498953,0.025278462,-0.099552535,1.3923268,-0.0050061517,0.1521601,-0.4902664,-0.021674544,0.8397497,0.07967751,-0.030960923,0.18568856,-0.01703202,1.9932724,1.1091939,-0.34259096,-0.08493241,0.9056222,-0.08989826,0.5473753,2.3863833,1.3187522,-0.8046562,2.594617,-0.021385388,-0.14070469,0.63683194,0.41272014,-0.48900542,-0.1499353,-0.14530988,-0.08280882,-0.40389147,0.632059,0.060974754,1.7408334,-0.043057352,1.0823815,-0.57657725,-0.42753205,-0.10727586,1.7546889,-0.004387138,-0.030820942,1.705097,-0.23414908,-0.038603198,-0.56154835
TCGA-BH-A0AU,2.3122454,1.3593141,0.46795142,1.2748108,-0.0062559666,-0.3080286,-0.08691615,0.49319443,-0.0016888883,-0.21824434,-0.0036830844,-0.034835927,-0.32929268,0.44696185,0.17767264,-0.039416578,0.9692643,-0.027636537,-0.04735171,1.0506853,-0.05118064,0.21069252,-0.3434802,-0.03918899,-0.013100393,-0.012021715,-0.04384596,0.41218558,-0.011033153,1.0083693,0.8458917,-0.19580208,-0.07659764,0.20958437,-0.05088934,0.6647116,1.5231088,1.0087265,-0.57053757,2.4809165,0.4161873,-0.13824902,0.2555374,0.32941055,-0.33144644,-0.16508995,-0.075708054,0.14243643,-0.24867813,0.72157264,-0.0137511715,0.063002475,-0.015401924,0.94049627,-0.4020268,-0.27912673,-0.064344965,1.3858434,-0.034381114,-0.0028621745,1.7550242,-0.14303353,-0.033827797,-0.30727425
TCGA-BH-A0AW,2.977563,1.6736113,0.48219582,0.88250786,0.2872697,-0.3046843,-0.13980715,0.56406194,0.24511847,-0.27300313,0.15670893,-0.016716024,-0.39246836,1.7017103,0.6079334,-0.03616054,0.064011574,-0.00434713,-0.030653749,1.0986098,-0.0022532647,0.13211988,-0.37333468,-0.067479424,-0.006846285,-0.034821134,-0.0090328995,0.20838234,-0.050289173,1.355621,0.8113116,-0.21025422,-0.060095575,0.24584371,-0.10056501,0.268849,1.8115193,0.98043066,-0.6612665,2.3150167,-0.0029416112,-0.11123852,0.25569752,0.38135618,-0.39927897,-0.15857737,-0.12632285,-0.043442998,-0.35085395,0.50208175,0.038698748,1.5174638,-0.015380072,0.8022684,-0.48022038,-0.34164777,-0.07595699,1.4372876,-0.028374886,-0.059217315,1.3212043,-0.21184187,-0.03270617,-0.44368115
TCGA-BH-A0AZ,2.1812882,1.373194,0.4402871,1.1145576,0.12293582,-0.28343374,-0.071839385,0.3870349,-0.01222749,-0.20728496,-0.009542458,-0.041232467,-0.29966617,0.21649815,0.25728393,-0.023904508,0.7171255,-0.0071006566,-0.055610538,1.1425174,-0.042068608,0.16872488,-0.32199952,-0.0416415,0.27365622,-0.024439279,-0.034124948,0.3779588,-0.0031472908,1.0118216,0.7171199,-0.193131,-0.07684683,0.3704833,-0.032459658,0.919351,1.6002495,1.0027789,-0.5280205,2.0704436,0.320215,-0.10147816,0.047398064,0.3205828,-0.28260836,-0.121210754,-0.09742489,0.18118538,-0.21990763,0.5431958,-0.0007217789,0.15082885,-0.019730376,0.908765,-0.39325562,-0.2590718,-0.047402486,1.1497878,-0.022608286,-0.012001089,1.7167988,-0.110765696,-0.007728932,-0.30722022
TCGA-BH-A0B3,2.2517366,0.96272516,0.47161922,1.9947836,-0.011790276,-0.21808784,-0.12440493,0.031254966,-0.025083909,-0.1733603,0.019242877,-0.0063116364,-0.29301563,1.2653311,0.3565554,-0.026320774,0.39577168,1.0509624,-0.046830326,0.4622215,0.06841698,0.2118237,-0.27928862,-0.039384913,-0.015351255,-0.016241742,-0.030457867,0.34647173,-0.013234471,0.93829066,0.6866907,-0.13854487,-0.050765254,0.7552938,-0.06678513,0.44002438,1.4416165,0.629965,-0.46670833,1.5603601,-0.024052985,-0.0699592,0.2688577,-0.009926538,-0.28330672,-0.12009474,-0.046922952,0.06813234,-0.2228006,0.6105549,-0.008832194,1.3168174,-0.004339915,0.7230242,-0.3787419,-0.23417008,-0.06955894,1.0528036,-0.035121463,-0.010555552,1.2959869,-0.14585777,-0.011448138,-0.26628485
TCGA-BH-A0B5,2.5619605,1.9423631,0.54221946,0.61350876,0.34688008,-0.3893739,-0.11034693,0.9323511,0.37135372,-0.27890095,0.2800842,-0.040478125,-0.47478577,0.6102785,0.71307486,-0.030996619,0.73209256,0.02921529,-0.07110411,1.1952074,-0.014651193,0.09419064,-0.4207912,-0.027539888,0.9642917,-0.02167712,-0.041210514,0.13139325,-0.029164119,1.617228,0.8886184,-0.30555415,-0.08649429,0.7284363,-0.06055215,0.9179605,1.9704397,1.274162,-0.73609763,2.6145704,0.3833688,-0.13447344,0.76955795,0.34871477,-0.41137645,-0.14375788,-0.11422527,-0.0013258506,-0.36575574,1.1448399,0.26367572,1.0941502,-0.0682747,1.1024606,-0.5360309,-0.34540266,-0.1015211,1.613945,0.08904688,0.17223944,1.7908565,-0.18924068,-0.04464428,-0.47237307
TCGA-BH-A0B6,2.2324357,1.7699646,0.4744941,0.67680025,0.35236058,-0.32385823,-0.09889808,0.64751655,0.14939573,-0.2605507,0.19777095,-0.054837335,-0.35372046,0.70705414,0.47968534,-0.027849678,0.7113613,0.034180492,-0.072926186,1.1245602,-0.028384743,0.1053043,-0.35664976,-0.010061788,0.39503905,-0.03252127,-0.025543908,0.30659506,-0.002009295,1.1407567,0.8108063,-0.22969627,-0.05714385,0.35649496,-0.049228158,0.8100784,1.7560039,1.0017608,-0.6036437,2.3004763,0.34226245,-0.08824912,0.49003214,0.25129825,-0.3351984,-0.12610798,-0.09411753,-0.023368167,-0.27414092,0.43648896,0.13527532,0.8875857,-0.023409545,0.926276,-0.43320522,-0.29704902,-0.06778917,1.3488258,-0.014063062,-0.0067156586,1.6879807,-0.17673588,-0.04279808,-0.37679556
TCGA-BH-A0B8,2.6465044,1.7776484,0.30330098,0.09878209,0.043406997,-0.39885965,-0.093986005,1.2601223,0.59583306,-0.29403904,0.18740429,-0.03558675,-0.53952163,1.0196619,0.8611168,-0.048846673,0.5337816,0.028593494,-0.053569745,1.3736073,0.086987,-0.008002572,-0.44081768,-0.024812121,1.3123671,-0.040401,-0.027681816,0.17505635,-0.0053028385,1.7834796,1.0569973,-0.4005483,-0.09022409,-0.014766111,-0.06962897,0.72374886,2.0139296,1.3145776,-0.7893022,2.6791599,0.17337383,-0.1390159,0.8607306,-0.02456698,-0.44006377,-0.16129942,-0.1590008,-0.015684439,-0.3809284,1.3719767,0.16024022,1.9638729,-0.114777826,1.3030174,-0.54236573,-0.38372764,-0.109799065,1.3462057,-0.009402416,0.34341383,1.2500211,-0.243932,-0.02909473,-0.6062568
TCGA-BH-A0B9,2.2935612,0.78726244,0.27356052,1.5218717,0.07323885,-0.20338483,-0.1553012,0.122828454,-0.00853088,-0.19308446,-0.0032571913,-0.03746864,-0.26220506,1.1839435,0.41579333,-0.027833788,0.520294,1.0427787,-0.023242459,0.3051325,-0.01437693,0.32914332,-0.2509608,-0.02718384,0.101454675,-0.029853756,-0.016636098,0.6628092,-0.019999614,0.6200254,0.41529432,-0.13603382,-0.030598579,1.1023313,-0.066331916,0.46918598,1.3531883,0.9034999,-0.45921865,1.6716692,-0.04695614,-0.037753403,0.16546315,0.33885604,-0.26631257,-0.11176268,-0.066339806,0.14477417,-0.20737474,-0.0017349337,-0.014914878,0.88451225,0.38611773,0.5364009,-0.35122415,-0.24627887,-0.025024233,0.8115308,-0.008205393,0.03632159,1.3276887,-0.115681075,-0.021838618,-0.27990755
TCGA-BH-A0BA,2.609935,1.6789615,0.47692588,1.1162733,-0.016668428,-0.33972734,-0.08674126,0.67933494,0.2892159,-0.26066592,0.31625813,-0.028374841,-0.3872916,0.74519664,0.59899956,-0.012029216,0.5783184,-0.021926595,-0.058512807,1.1074955,-0.040939722,0.25624442,-0.3843884,-0.03176823,0.22315274,-0.0053419215,-0.04741119,0.0550025,-0.042787433,1.5078417,0.86821616,-0.2603993,-0.097407036,0.3441213,-0.056653578,0.9580369,1.7973471,1.0072322,-0.6547948,2.3734124,0.4743451,-0.12310722,0.20871365,-0.016081085,-0.366294,-0.15405278,-0.08587174,-0.0049525513,-0.29453725,1.673012,0.31139082,1.1751786,-0.051968157,1.2248005,-0.4952937,-0.29432112,-0.09067818,1.3015251,-0.043827817,-0.0148606105,1.515109,-0.17577586,-0.017399771,-0.3745876
TCGA-BH-A0BC,2.206428,1.5706531,0.32590118,0.9979787,0.18492942,-0.33874354,-0.077918254,0.63664186,0.081565745,-0.243711,-0.0068200813,-0.03913901,-0.34518638,0.14143097,0.3007856,-0.027792206,0.82880706,-0.00010383204,-0.050618943,0.92722154,-0.02452433,0.18085113,-0.3501751,-0.031838633,0.2646387,-0.026211172,-0.023875453,0.280483,0.07583822,1.3496485,0.8269918,-0.21951853,-0.09462341,0.72862846,-0.049735263,0.86443627,1.6930983,0.9428323,-0.58411586,2.373086,0.6006554,-0.11274648,0.1422879,0.44902182,-0.31396374,-0.12822948,-0.08929681,0.104149595,-0.24288133,0.9401495,-0.0001233222,0.20258826,-0.020729983,1.3764466,-0.4232389,-0.2986841,-0.051616013,1.4126534,-0.030014118,0.20013028,1.8022177,-0.15630679,-0.015351707,-0.33076462
TCGA-BH-A0BF,2.6006482,1.6174237,0.50307626,0.9249243,0.13667361,-0.32704327,-0.10097082,0.4869707,0.21629103,-0.28603527,0.14025882,-0.038403627,-0.37011442,0.70284444,0.46530926,-0.049521487,0.6007989,0.00077590905,-0.053021766,1.3191642,-0.04359923,0.07785596,-0.38665608,-0.023989648,0.40988216,-0.0058775586,-0.019764727,0.17275523,-0.023428187,1.2332778,0.7128196,-0.24146871,-0.06683437,0.4174759,-0.06424021,0.786397,1.8123243,0.8361299,-0.6554716,2.359207,0.05054988,-0.11110896,0.32813942,0.27477616,-0.39054006,-0.14223726,-0.097977065,-0.043744113,-0.33394712,0.5014226,0.36720014,1.2069286,-0.03569788,0.9086217,-0.4569761,-0.32809445,-0.08337556,1.5744941,-0.0010666688,-0.030105209,1.5774248,-0.18617639,-0.026190449,-0.38783318
TCGA-BH-A0BJ,1.9913591,1.2500254,0.3185133,1.1764911,0.10451159,-0.2771266,-0.0820493,0.3073564,0.07084384,-0.19998209,0.028936341,-0.039811943,-0.27240437,0.06479351,0.18926959,-0.0140710715,0.770371,0.06427251,-0.05617838,1.0968407,-0.04245651,0.103043355,-0.2939713,-0.017089179,0.22720633,-0.026918704,-0.01816645,0.25956887,-0.022646042,0.78224725,0.5492526,-0.17137264,-0.049045783,0.9622938,-0.031957626,0.9825363,1.5789263,0.8686442,-0.48814985,2.1045132,0.27252772,-0.089125894,0.14056681,0.34257185,-0.26698053,-0.102102675,-0.065588914,0.27508432,-0.22656886,0.42231792,0.012022896,0.10646738,0.024108404,0.884408,-0.37199602,-0.2462769,-0.039303895,1.180681,-0.0141541185,-0.00541884,1.6888202,-0.118148685,-0.027390352,-0.25592262
TCGA-BH-A0BM,2.3016832,1.3319837,0.36784855,1.3123412,0.26857942,-0.26828825,-0.10660195,0.4664836,0.3105061,-0.21049324,0.17723832,-0.03753738,-0.30604908,0.3815065,0.19008856,-0.020479543,0.75288755,0.050944895,-0.038933203,0.86137897,-0.021759894,0.09901357,-0.32936344,-0.02039124,0.0434503,-0.038234524,-0.03050578,0.42596552,0.052259326,0.94140255,0.61719835,-0.14947434,-0.058395397,1.1832736,-0.046026353,0.60196674,1.3597411,0.8492895,-0.52265936,1.9899112,0.13546503,-0.10656232,0.08098951,0.23915361,-0.29967815,-0.13865057,-0.042384084,0.06247345,-0.24099277,0.7814335,0.036254168,0.29705605,0.11493143,0.6421168,-0.38982,-0.25953588,-0.046303753,1.2061267,-0.014586143,0.101118,1.6652316,-0.1228683,-0.015112481,-0.29195634
TCGA-BH-A0BS,1.8989009,1.2616321,0.5155125,0.8028673,0.1647268,-0.30442935,-0.08966821,0.5023943,0.23054019,-0.18706796,0.33905098,-0.036576405,-0.307244,-0.0013436538,0.21041466,-0.033802893,0.71815526,-0.0008042487,-0.065874115,0.9830264,-0.017668488,-0.006224318,-0.29447052,-0.03212915,0.61565083,-0.032946184,-0.02516085,0.25812382,-0.01109787,0.7869514,0.46700996,-0.19725025,-0.056623805,1.0643253,-0.04686812,0.8265873,1.2958295,1.0557352,-0.48760992,1.8536466,0.11300832,-0.09415505,0.19836432,0.17433329,-0.2511483,-0.095099114,-0.089245215,0.24379618,-0.24975729,0.9953836,0.043504164,0.26006094,-0.0015223688,0.9460396,-0.3651918,-0.25176898,-0.060584664,1.2288018,0.101329975,0.29799774,1.597909,-0.11158581,-0.027389864,-0.28248507
TCGA-BH-A0BT,2.0638487,1.652198,0.35055345,0.7392263,-0.012685388,-0.27564472,-0.069223784,0.39020827,0.22850588,-0.15665399,0.19856621,0.007505766,-0.3053037,1.0849696,0.75629056,-0.046515666,0.042623885,-0.029041884,-0.0594584,0.598414,-0.012236658,0.24581185,-0.27145967,-0.029398276,0.03183226,-0.002539715,-0.01392573,-0.050870772,-0.04672276,1.1488965,0.5859431,-0.17165445,-0.07983269,0.3458122,-0.07104915,0.09405218,1.2180004,0.46841747,-0.5021507,1.6473151,0.05150205,-0.0675065,0.32265022,-0.015192789,-0.34371874,-0.16036771,-0.05108266,-0.01753903,-0.25920758,2.0409014,0.3148306,2.0226123,-0.030899534,0.36786464,-0.39085686,-0.22503316,-0.09515297,0.8601552,-0.042763058,-0.012537059,0.8976887,-0.13789396,0.12247031,-0.33633396
TCGA-BH-A0BZ,3.2626698,2.0078797,0.6555552,0.71925306,0.22434886,-0.41517138,-0.12470037,0.96730673,0.21330974,-0.34230432,0.21961248,-0.029720455,-0.5189354,1.5162617,0.8338927,-0.06798168,0.36364624,0.09701814,-0.07161212,1.4788183,-0.029936641,-0.0008446262,-0.5149713,-0.033280693,1.1145324,-0.033663433,-0.037646215,0.15069807,-0.028232431,1.7341896,1.0902799,-0.3800094,-0.10415377,-0.01984964,-0.08285887,0.7698403,2.2184174,1.463148,-0.8461798,2.7321312,0.08445552,-0.16795366,0.55442864,-0.0033594107,-0.47111234,-0.18006502,-0.13047893,-0.050086588,-0.40565506,0.69066066,0.1491592,1.6420923,-0.08593918,1.5098032,-0.57864136,-0.38642523,-0.11369307,1.6702735,-0.031110069,-0.020410193,1.5755587,-0.27800846,-0.06277272,-0.5822031
TCGA-BH-A0C0,2.696826,1.7847873,0.5827818,0.3159457,0.30386165,-0.3729035,-0.13024686,0.71259975,0.27888092,-0.3131748,0.12241824,-0.022241421,-0.43855762,0.9641482,0.66698766,-0.071009964,0.5655292,0.17544714,-0.085018314,1.3869283,0.07141042,0.17629878,-0.37246582,-0.026279358,0.95837116,-0.029826516,-0.030341605,0.19950502,-0.01659841,1.2346365,0.8754091,-0.29750848,-0.06048897,0.48082423,-0.09429758,0.8610545,1.886651,1.0737127,-0.70916444,2.3731816,-0.0338992,-0.09299069,0.55020875,0.25617093,-0.40686297,-0.12376988,-0.13160418,-0.038416956,-0.33420733,0.106113836,0.23896573,1.7224871,-0.068958715,0.8787592,-0.49193963,-0.35250652,-0.08265418,1.5474038,-0.013639827,-0.025544131,1.3666854,-0.23746601,-0.02889426,-0.4625198
TCGA-BH-A0C3,2.234727,1.215427,0.45809686,1.4570557,-0.008351855,-0.2858993,-0.05307023,0.36309803,0.021902122,-0.21328302,-0.0096783405,-0.041802116,-0.31317142,0.028832275,0.12904519,-0.013943595,0.8700022,-0.017540893,-0.033660498,0.97603905,-0.038797256,0.10007864,-0.30472514,-0.031280052,0.1456658,-0.036595408,-0.0136978775,0.33959037,-0.022906726,0.8940843,0.91434056,-0.17358232,-0.07102913,0.39447737,-0.048805363,1.1400714,1.3899063,0.82451785,-0.5371396,2.1624587,0.21004845,-0.10396882,0.11488666,0.14188404,-0.2925124,-0.1417853,-0.056624115,0.3458671,-0.23899046,0.94332206,-0.0043379315,0.16916047,-0.025522167,1.0130543,-0.37559032,-0.2584697,-0.07199904,1.1376066,-0.038160983,-6.383844e-05,1.8068116,-0.10089109,-0.027805153,-0.2604949
TCGA-BH-A0DD,2.5329528,1.8338768,0.39365765,-0.01758175,0.15360205,-0.35364023,-0.11399623,1.0493265,0.59592354,-0.28615043,0.6723652,-0.00037532384,-0.44774112,1.6317717,1.0016593,-0.099773906,0.23153898,-0.025892228,-0.08229303,1.3969005,-0.015275258,0.49096808,-0.40534288,-0.026296392,1.1359276,-0.00710177,-0.049943384,-0.026162053,0.110320285,1.6195409,0.60646445,-0.3412784,-0.08471533,0.15857454,-0.0610828,-0.012173715,1.8567799,1.0322019,-0.6838915,2.0914657,0.23269801,-0.09963408,0.74481255,0.20396888,-0.400849,-0.11951395,-0.14319625,-0.0578759,-0.3434768,1.2139704,0.2822884,1.9066156,-0.07641273,0.7935177,-0.4801924,-0.31342334,-0.07143482,1.398895,0.03701887,-0.0177148,1.0419145,-0.23448887,-0.03970562,-0.5593092
TCGA-BH-A0DG,2.73984,1.4997009,0.48265347,1.1782728,0.026198696,-0.30899546,-0.119514726,0.6835697,0.1565597,-0.2731404,0.017071122,-0.033529755,-0.37698996,0.77885693,0.29772115,-0.045698017,0.83705497,0.072904274,-0.06249353,1.1958953,-0.035706725,0.45394036,-0.39948863,-0.04242283,0.22287744,-0.022236217,-0.021713523,0.5487232,-0.009077196,1.1920022,0.9756636,-0.24264169,-0.07415959,0.6051183,-0.065109834,0.48359677,1.987644,1.1086887,-0.6618948,2.553304,0.2383782,-0.13878436,0.24511406,0.87447673,-0.37427577,-0.1600428,-0.08507259,-0.00094509835,-0.30221373,-0.010126037,0.10778082,0.4630417,-0.008918676,1.1347936,-0.4592487,-0.3432662,-0.059241105,1.5846453,-0.008411433,-0.024414612,2.028938,-0.17324887,-0.02126993,-0.4093876
TCGA-BH-A0DH,2.776103,2.1604097,0.4694164,-0.024065757,0.3369019,-0.45307842,-0.10476009,1.2607012,0.67184997,-0.35074627,0.77965635,-0.020881338,-0.5584596,1.3286291,0.8921247,-0.060767528,0.6051547,-0.008912477,-0.07270294,1.6341931,-0.008102739,-0.013864956,-0.4962979,-0.052859206,1.6475195,-0.0022053435,-0.030775765,-0.026428679,0.04312168,1.9367443,0.96276623,-0.4146114,-0.11901369,0.29756117,-0.07844654,0.7706357,2.074038,1.5109049,-0.81206506,2.6625237,0.044787258,-0.17127344,0.81381154,0.0035218224,-0.461296,-0.13228956,-0.18680693,-0.037322704,-0.42936492,1.1218314,0.3507758,1.8093445,-0.09893318,1.3784889,-0.588085,-0.39334154,-0.11687453,1.746896,0.08455414,0.14497504,1.4836934,-0.28804052,-0.046061154,-0.6003278
TCGA-BH-A0DI,3.0720341,1.7776808,0.49177736,1.2898282,0.20361081,-0.34582672,-0.11581768,0.7391307,0.31230322,-0.3095531,0.070141494,-0.032425568,-0.42981458,1.4612381,0.6429974,-0.04158263,0.5592862,-0.0044944584,-0.056843508,1.286106,-0.024118824,0.28969926,-0.43573794,-0.026852503,0.14686184,-0.022126982,-0.032196462,0.1831565,-0.04794934,1.4723288,0.90075904,-0.27473748,-0.08485517,0.41909188,-0.07223061,0.43811902,2.0549908,1.1152555,-0.7251074,2.586001,0.1301252,-0.117933415,0.47831756,0.37649673,-0.443863,-0.17359917,-0.10461507,-0.04739021,-0.3505549,0.24433182,0.15800206,1.1815933,-0.04941723,1.0638219,-0.52506584,-0.38048875,-0.0753307,1.5236402,-0.014173882,-0.019085584,1.7105271,-0.24473596,-0.039316002,-0.5134208
TCGA-BH-A0DK,3.55733,2.1446278,0.6201137,0.70108753,0.37549555,-0.47116476,-0.12929015,1.262118,0.42833805,-0.383409,0.21914668,-0.037933353,-0.5680082,1.5311788,0.9165108,-0.06270819,0.68046194,0.08016835,-0.07556071,1.7051169,-0.01343018,0.20506062,-0.5236856,-0.027628336,1.1603845,-0.036371995,-0.03445497,0.2502276,-0.011452148,1.969597,1.2351186,-0.40678105,-0.09873321,0.29549173,-0.09569099,0.49238402,2.6062112,1.5554671,-0.9332137,3.1893725,-0.010042568,-0.17802519,0.75268835,0.36419648,-0.5319447,-0.18268813,-0.17730509,-0.042608403,-0.44060537,0.07988383,0.20096074,1.3639485,-0.07694631,1.4701191,-0.6488234,-0.47293898,-0.108161986,2.064553,-0.014827213,-0.032554697,2.0670006,-0.32500648,-0.05665582,-0.65194124
TCGA-BH-A0DP,2.8531394,2.067714,0.58623284,0.700159,0.4397571,-0.38077208,-0.09556412,0.71612394,0.25774312,-0.31764373,0.08112523,-0.045643147,-0.429881,0.92209697,0.79718393,-0.053604137,0.65016645,-0.017682157,-0.048132714,1.3091627,-0.026044121,0.3134336,-0.43962154,-0.02784643,0.5882316,-0.03394666,-0.021643681,0.19253589,-0.020224083,1.4918877,0.84159124,-0.27340767,-0.07072333,0.73665845,-0.08406285,0.6713245,2.000014,1.131306,-0.71461594,2.5660365,0.17585713,-0.13726947,0.47612792,0.74900526,-0.41201544,-0.1359978,-0.10633967,-0.02650393,-0.34462306,0.6262918,-0.018307494,0.7859847,-0.021415396,0.7792765,-0.5122923,-0.37385595,-0.08691635,1.7488531,-0.013332191,-0.032719165,1.8283447,-0.21090154,-0.014652366,-0.4728429
TCGA-BH-A0DQ,1.6610427,1.2201706,0.33673015,0.56502515,0.04174282,-0.2499632,-0.049684197,0.46338794,0.13264373,-0.18047313,0.114960566,-0.029004736,-0.25699958,-0.0072074607,0.13390099,-0.018100692,0.5370212,-0.009488532,-0.04389166,1.0039754,-0.042390242,-0.009881495,-0.24128349,-0.02598753,0.39956883,-0.020508373,-0.0034727955,0.06129816,-0.0018526152,0.8761755,0.5329704,-0.14709233,-0.047839962,0.2692175,-0.022225833,0.9283176,1.2549405,0.8232533,-0.4486482,1.7772233,0.0605893,-0.06904122,0.18437159,0.034249447,-0.23619878,-0.0922318,-0.059357017,-0.015030125,-0.2142659,1.1908692,0.11555604,0.31680688,-0.060298014,0.7684007,-0.29006442,-0.20130041,-0.04907583,0.84498197,-0.018302526,0.30042088,1.2313812,-0.08456724,-0.013784731,-0.26398274
TCGA-BH-A0DS,3.4254317,2.038436,0.57456213,0.36913857,0.33177304,-0.437704,-0.15622868,1.1629122,0.5843135,-0.39992064,0.6556954,-0.0077788676,-0.5590075,1.9763814,1.0789889,-0.06366967,0.2553019,0.0684022,-0.10011685,1.6395646,-0.0057782657,0.23790732,-0.5160093,-0.020621613,1.1309148,0.09648016,-0.02410487,0.0066830404,-0.031938743,2.066591,0.923231,-0.43418247,-0.111212075,0.64916825,-0.13454829,0.27510652,2.4176772,1.436621,-0.89176935,2.7721753,-0.022617228,-0.16823384,0.88012403,0.62500256,-0.53753495,-0.16540143,-0.17082955,-0.09019928,-0.4410877,0.023832899,0.25142273,1.9236097,-0.066054806,1.1631442,-0.6137101,-0.44265762,-0.12380872,1.9715753,-0.003225981,-0.042092294,1.470221,-0.32890835,-0.047462534,-0.70394963
TCGA-BH-A0DV,2.4236639,1.5293037,0.4354839,1.145562,0.19788902,-0.28751898,-0.09463565,0.35257125,0.01507038,-0.24660872,-0.013319068,-0.03303624,-0.34176788,0.4559057,0.16953285,-0.012344191,0.7922929,0.031397652,-0.040050678,1.0678585,-0.031104421,0.20232104,-0.34368402,-0.03438571,0.18719444,-0.03685603,-0.018150767,0.44313362,-0.008165998,1.0093371,0.73284835,-0.18822204,-0.05926789,0.8479464,-0.056442644,0.8820936,1.4867936,1.1221569,-0.5549068,2.2928276,-0.00015665796,-0.111787215,0.13934678,0.39351755,-0.31964657,-0.13065355,-0.079022355,0.005449433,-0.2664122,0.46266803,0.04250606,0.2762567,-0.0149103915,0.9080176,-0.412225,-0.29177678,-0.037785597,1.36094,-0.00897716,-0.0024746922,1.8926108,-0.12111447,-0.018499358,-0.3050404
TCGA-BH-A0E0,2.641943,0.69384146,0.4238561,1.9253836,-0.008166148,-0.21066223,-0.17188084,0.15834613,0.13485879,-0.21752425,-0.0105693,-0.0027716316,-0.35182664,1.849181,0.42569193,-0.059367448,0.1473088,1.4938362,-0.01405668,0.42464292,0.2055028,0.37499788,-0.3431923,-0.020569593,-0.030402137,-0.0108658215,-0.022605794,0.33922163,-0.03444348,1.112857,0.5802191,-0.17798708,-0.041037235,0.58704174,-0.08648413,0.0021155088,1.5990443,0.842879,-0.5426849,1.8455123,-0.04600925,-0.09232562,0.3966117,0.07445116,-0.33506736,-0.1887351,-0.052566655,-0.032412212,-0.2744896,0.2375877,-0.028906537,1.7063307,-0.0025382151,0.7031477,-0.42321536,-0.26413378,-0.04993498,0.92958343,-0.023909198,0.04111289,1.2444868,-0.19058947,-0.05335644,-0.3969053
TCGA-BH-A0E1,2.4174387,1.427775,0.4167399,1.2813154,0.18917571,-0.32403308,-0.114610694,0.46493784,0.22338572,-0.24653609,-0.009730388,-0.045278117,-0.32704806,0.3806274,0.38267154,-0.047776744,0.84495175,0.23855223,-0.06545287,0.7830324,-0.05055658,0.18070734,-0.37101868,-0.03489682,0.21098559,-0.041518714,-0.015017792,0.41765484,-0.017490588,1.0603338,0.73722035,-0.20716344,-0.043774243,1.212489,-0.031132221,0.73952925,1.6440668,1.1495509,-0.6076264,2.529064,0.07964808,-0.115954794,0.16808325,0.6783447,-0.31160018,-0.13296257,-0.07907176,0.09855254,-0.2566795,0.37396857,-0.036003955,0.10451021,0.12718949,1.0791613,-0.45581675,-0.32852662,-0.06709097,1.3607278,-0.012272146,-0.018194944,1.980413,-0.12835316,-0.025199553,-0.3425651
TCGA-BH-A0E2,3.2212553,1.9363077,0.436748,0.90401655,0.06447369,-0.33938834,-0.1419971,0.79747754,0.2483535,-0.29754475,0.06394957,-0.017544469,-0.4553671,1.4882501,0.32095113,-0.055869788,0.46960464,-0.024775786,-0.07403129,1.2460033,-0.016870005,0.29793385,-0.46267983,-0.05166567,-0.0018049497,0.123036414,-0.048014294,0.43693456,-0.01312497,1.5168744,1.0186493,-0.3202552,-0.08335515,0.37979457,-0.08078371,0.1410662,2.224044,1.3357446,-0.7736182,2.8129654,0.38373038,-0.16058506,0.37104204,0.97771126,-0.48658672,-0.18631837,-0.11131412,-0.033955544,-0.35937843,0.30236414,0.07053838,0.7245639,-0.010876339,1.3260752,-0.53274226,-0.39584205,-0.06966831,1.7746367,-0.014547336,-0.031735875,1.8268743,-0.24022964,-0.033918925,-0.5366856
TCGA-BH-A0GY,2.0998788,1.3143102,0.39963633,0.6534932,-0.01652864,-0.23314558,-0.119867735,0.5906126,0.18526196,-0.23253067,0.32671243,0.09907218,-0.31417984,1.4577986,0.9351348,-0.019574014,0.11114934,0.053009734,-0.037698817,0.6773604,-0.017559437,-0.012585449,-0.3091451,-0.03485146,-0.0022116464,-0.015822819,-0.043859676,0.03557079,-0.04341963,1.0652916,0.3940169,-0.18775982,-0.06467556,0.32952577,-0.07248907,0.123952605,1.4288335,0.4342155,-0.51434743,1.8897299,-0.009539573,-0.08393302,0.48400235,-0.008965644,-0.34102952,-0.13616674,-0.08308735,-0.054328453,-0.2627139,1.264773,0.23286293,2.0136151,-0.024036495,0.6448288,-0.3971078,-0.24348381,-0.061637413,1.1655127,-0.0068159974,-0.033037875,0.80966014,-0.16971245,-0.04591537,-0.36867243
TCGA-BH-A0GZ,2.9884102,1.6898735,0.49464026,1.0181113,0.2794152,-0.35775426,-0.12756161,0.842,0.27928114,-0.29165947,0.07527458,-0.045638975,-0.39866403,1.0862995,0.6137936,-0.041635536,0.5978978,-0.034242176,-0.0664369,1.2940626,-0.030540397,0.27484125,-0.4067626,-0.030558435,-0.0015534152,-0.012541935,-0.006711084,0.5549286,-0.023525404,1.4439626,0.79284376,-0.29437372,-0.07129716,0.78772265,-0.062693916,0.2803958,1.923225,1.4175414,-0.708473,2.766894,0.3497643,-0.14376111,0.44041944,0.7334756,-0.43472782,-0.17272682,-0.107091986,-0.02731151,-0.3291783,0.1289781,0.021322655,0.53314584,-0.03822854,1.2106701,-0.50897336,-0.3875923,-0.051232398,1.6505401,-0.018386638,-0.023283446,2.0233126,-0.22652698,-0.021735573,-0.48277655
TCGA-BH-A0H0,2.5471926,1.5836493,0.53055185,1.0667659,0.13599351,-0.32255194,-0.0707679,0.7421068,0.16673093,-0.24060516,-0.0114529375,-0.052270498,-0.36544707,0.21441437,0.17343168,-0.037584867,0.9199235,-0.013657919,-0.063925944,1.2664001,-0.038905162,0.046745703,-0.34927398,-0.025578061,0.52495,-0.012806715,-0.041108415,0.08726446,-0.00875369,1.347238,0.6517939,-0.23083971,-0.06918255,0.2832365,-0.0512046,0.9540064,1.671292,0.9536383,-0.62639064,2.4196835,0.35735658,-0.12509596,0.39921916,0.24450739,-0.35556185,-0.1432409,-0.08569775,0.12150453,-0.28076643,1.3906623,0.14017715,0.5328628,-0.04034024,1.0984068,-0.4318838,-0.27551827,-0.0847078,1.055386,-0.04759464,0.036499534,1.7158389,-0.14152877,-0.05181883,-0.3487223
TCGA-BH-A0H3,2.5166643,1.3930968,0.4711365,1.4613044,0.25355744,-0.29491186,-0.11756314,0.39616284,0.11310697,-0.25901446,-0.0037798353,-0.039627377,-0.32061255,0.67663085,0.40906727,-0.036255974,0.7167927,0.004336616,-0.044799246,1.0594226,-0.037220683,0.108062394,-0.37725556,-0.010738273,-0.00427548,-0.022777153,-0.031735487,0.4867087,-0.013678612,1.1187037,0.7493503,-0.18551023,-0.06480793,0.9551179,-0.059102632,0.6824384,1.5435996,1.1023116,-0.60858184,2.440376,0.12484491,-0.092719086,0.04029521,0.46263283,-0.3602349,-0.14827383,-0.06593368,0.0076707415,-0.2883395,0.36941013,-0.014573477,0.32367998,-0.0027353845,0.89329034,-0.43359098,-0.30137065,-0.03384199,1.450118,-0.035929732,-0.00790229,1.9175785,-0.1429934,-0.033667475,-0.35135648
TCGA-BH-A0H6,1.6745769,1.0849166,0.1738893,0.42436936,-0.007951133,-0.21498583,-0.023818905,0.3521237,0.048991136,-0.16949514,-0.019605918,-0.03856261,-0.2179414,-0.0011569739,0.086182356,-0.020904085,0.41475448,-0.032919057,-0.046967115,0.8118999,-0.04414784,0.15793306,-0.24493204,-0.016992152,0.19281365,-0.015137533,-0.019700823,0.38543627,-0.013622278,0.73054576,0.27170905,-0.14281587,-0.0618325,0.45359477,-0.02307811,0.48277712,1.0180733,0.69535065,-0.39943442,1.544485,0.20578216,-0.082840115,0.046849634,0.26212,-0.24181429,-0.08368418,-0.0531297,-0.0063907686,-0.18287261,1.2338759,0.2620306,0.5481978,-0.033533745,0.32680768,-0.29142708,-0.18651754,-0.06447949,0.81234366,-0.021249985,0.11779185,1.0589302,-0.06165957,0.008657186,-0.1956138
TCGA-BH-A0H7,2.2927034,1.5788912,0.53821266,1.019695,-0.02510422,-0.30149683,-0.09194705,0.8525015,0.12095283,-0.19739355,0.13674085,0.0028658872,-0.37941357,1.1514302,0.73727715,-0.024013683,0.29619905,-0.037613794,-0.04634083,1.0125197,-0.02528644,-0.007846419,-0.34643343,-0.04733664,0.28378674,-0.028775379,-0.035963405,-0.010895222,-0.034422804,1.2195069,0.65845025,-0.22386311,-0.11214657,-0.036788806,-0.046712343,0.3960189,1.5423839,0.84529924,-0.60008615,2.0604284,0.7084002,-0.11103227,0.42355525,-0.019664543,-0.37912256,-0.14258657,-0.08825305,-0.031490065,-0.29538903,2.2615135,0.3100572,1.7706809,-0.05620907,1.0524505,-0.424319,-0.25192758,-0.11668855,1.1523235,-0.018167473,-0.03083775,1.1691537,-0.13865924,-0.037947163,-0.38932183
TCGA-BH-A0H9,1.0545208,0.6510259,0.123345345,0.5625554,-0.0030788202,-0.13596457,-0.048929688,0.12438008,-0.00021382635,-0.10553294,-0.0118179945,-0.0068039144,-0.14994846,0.13563548,0.07106452,-0.0057581286,0.35969052,0.026921814,-0.03574642,0.2887892,-0.028362,-0.0020558343,-0.14452103,-0.01737923,0.026102334,-0.030511755,-0.025229324,0.27373534,0.108256996,0.44322398,0.30629954,-0.07086833,-0.037980776,0.5261214,-0.025934434,0.4005186,0.85356563,0.53883606,-0.2684369,0.9971878,0.13142692,-0.043374036,0.10599038,0.06747007,-0.13944879,-0.04147643,-0.046974827,0.107282534,-0.13715206,0.41392276,0.08193121,0.1828295,0.02606661,0.26588905,-0.19246392,-0.121077456,-0.01130668,0.55285954,-0.023526033,0.008029036,0.94940007,-0.046907578,-0.010584609,-0.13092168
TCGA-BH-A0HA,2.3716838,1.449612,0.26907268,1.0316422,0.14594933,-0.3286373,-0.073475234,0.48912892,0.11122554,-0.22816233,-0.017559815,-0.04691456,-0.3513191,0.1204911,0.38481995,-0.03152638,0.89542156,-0.009720856,-0.06869298,0.99666274,-0.038443085,-0.00037322353,-0.34877455,-0.027899668,0.18602455,-0.021563241,-0.067248985,0.34808147,-0.0072492124,1.2505102,0.5977676,-0.20375907,-0.06546708,0.7081732,-0.023193024,0.86937034,1.7975497,1.1366992,-0.60434645,2.5039265,0.28540528,-0.12977707,0.24846059,0.33910626,-0.33802047,-0.13246936,-0.095068745,0.19277887,-0.28726998,0.6944916,0.0045365375,-0.0030744986,0.07060131,1.0732588,-0.44600877,-0.28991532,-0.054972954,1.4002533,-0.022623515,-0.018781591,1.9076033,-0.14235502,-0.03730257,-0.33224025
TCGA-BH-A0HB,2.2978034,1.584035,0.47658542,0.5399807,-0.0005181037,-0.34281158,-0.11421708,0.79718107,0.22629699,-0.25608432,0.061553955,-0.0127060665,-0.36318716,0.4736748,0.4312817,-0.056912,0.6383639,-0.02692767,-0.08548578,1.3303121,-0.032170366,0.0976221,-0.36553904,-0.033987597,0.68816066,-0.03145583,-0.033583824,0.22726688,-0.007133418,1.2099185,0.6921584,-0.23851776,-0.08399597,0.46594107,-0.064608544,0.7368457,1.9254822,0.9248377,-0.6002094,2.294863,0.10060184,-0.10442399,0.5777492,0.25220662,-0.35814562,-0.1379842,-0.08290778,0.03487732,-0.28792375,1.5704145,0.20710966,0.9538173,-0.04128587,1.0099335,-0.43343496,-0.27483067,-0.066581964,1.1821456,-0.023082461,0.037030842,1.2937688,-0.16766869,-0.047887947,-0.39928403
TCGA-BH-A0HF,2.0924997,1.3045048,0.3306615,1.1961554,0.075562805,-0.28457052,-0.08275939,0.6078535,0.09456393,-0.19772886,-0.007128745,-0.06253963,-0.29873535,0.007819207,0.21566659,-0.025666034,0.73080397,0.030850327,-0.04353194,1.0081438,-0.03719444,-7.478008e-05,-0.29763746,-0.009811917,0.32187968,-0.050162055,-0.026108881,0.36714903,0.0075786114,0.9810813,0.72340655,-0.18640636,-0.057645597,0.7700098,-0.038041916,0.9065032,1.3469886,0.8913308,-0.5055085,2.072858,0.2251956,-0.10304312,0.31033006,0.2316008,-0.2810845,-0.115581214,-0.05310097,0.30135193,-0.2226712,1.1425586,0.018295722,0.29900423,-0.008531197,1.0563238,-0.38619524,-0.24523886,-0.041697804,0.8761745,-0.015691323,0.17516476,1.6580126,-0.12112131,-0.021457026,-0.26477948
TCGA-BH-A0HI,2.495181,1.5336188,0.35345006,1.1964647,0.040784452,-0.33057854,-0.099096395,0.58239096,0.13264808,-0.24131821,-0.0064725555,-0.0647228,-0.32944253,0.27344444,0.30655587,-0.015197018,0.85288936,-0.0011914934,-0.04257122,0.9723979,-0.044600263,0.15225549,-0.3700709,-0.028323853,0.058414,-0.037371513,-0.032463744,0.33805332,-0.0059372126,1.1709409,0.67225987,-0.18569285,-0.07144401,1.0665894,-0.052243974,0.859458,1.7203913,1.087822,-0.60661364,2.570658,0.30540013,-0.11828496,0.24845487,0.53388256,-0.32815924,-0.16090594,-0.07298142,0.09585264,-0.27963483,0.82269144,-0.015632229,0.27578774,-0.0072864853,0.92130303,-0.4562969,-0.30283093,-0.04712386,1.4580107,-0.03457279,-0.0016093198,2.0881007,-0.1496537,-0.024269497,-0.3373702
TCGA-BH-A0HK,3.5834367,2.1033762,0.6687343,0.52686846,0.6564642,-0.42157313,-0.15008466,1.0574632,0.63559246,-0.35676178,0.260832,-0.0019950904,-0.5602738,2.3527868,1.177754,-0.08323177,0.21086702,0.02784705,-0.08613296,1.555648,-0.004115676,0.23466404,-0.54617965,-0.011623891,1.1783488,-0.007417937,-0.051671933,0.27704617,-0.008728514,2.1856694,1.159917,-0.40596238,-0.09891813,1.0517367,-0.099838406,-0.00064963865,2.3283873,1.4623616,-0.89545804,2.76515,-0.040115077,-0.19181679,0.8186422,1.1082765,-0.50983804,-0.15933217,-0.15182023,-0.08100244,-0.44819346,0.45885763,0.10707759,1.7054409,-0.054687954,1.2538337,-0.6494121,-0.4884325,-0.10351254,2.0982864,-0.004480857,-0.03300358,1.9654242,-0.30535612,-0.032231186,-0.7211914
TCGA-BH-A0HN,2.2346044,2.0726368,0.60238177,0.42017826,0.4566331,-0.33750165,-0.061022013,0.5418059,0.44382563,-0.24524863,0.6620867,-0.035792444,-0.35663053,0.43564197,0.5304015,-0.01445547,0.697251,-0.017551402,-0.07252022,1.0732713,-0.049001895,0.29024565,-0.37205738,-0.020409694,0.52049786,-0.0035679888,-0.037794728,0.15096729,-0.022621896,1.4158989,0.64859587,-0.22000146,-0.072988234,0.95814466,-0.07314707,0.67112976,1.6815751,0.93032396,-0.58393645,2.1170187,0.2438418,-0.12484223,0.6341407,0.279742,-0.34773177,-0.13898109,-0.11908932,-0.009291448,-0.28926557,1.70491,0.21335235,0.8039848,-0.03479272,1.175654,-0.46309373,-0.30406654,-0.08444878,1.2967684,0.10302565,0.15431204,1.4887844,-0.17186102,-0.0491116,-0.41866884
TCGA-BH-A0HP,2.8055425,1.7329906,0.49098203,1.0596129,0.28575578,-0.35873362,-0.1320976,0.87683976,0.2968816,-0.27244624,0.13331464,-0.014573841,-0.39286658,0.9761934,0.6017128,-0.033945672,0.6113165,0.09182916,-0.057356454,1.1738428,-0.012383173,0.22797778,-0.41987547,-0.024541134,0.47196832,-0.027732963,-0.024995254,0.20286228,-0.021803895,1.3167832,0.7676767,-0.22513919,-0.0738001,0.92181563,-0.07494169,0.6645293,1.9289591,1.1860639,-0.65998983,2.5559592,0.061623096,-0.13328157,0.3885765,0.6964008,-0.3845922,-0.15005842,-0.08393351,-0.005484083,-0.32017246,0.59161174,-0.0014742358,0.8591619,-0.030277817,1.0505542,-0.5110626,-0.34783325,-0.060927536,1.7828546,-0.036134146,-0.024013346,1.844292,-0.18610223,-0.020333026,-0.41049853
TCGA-BH-A0HX,2.446669,1.6535648,0.43194136,0.7862757,-0.0015828524,-0.3149931,-0.07475244,0.66653883,0.20664594,-0.23504356,-0.0005993897,-0.021814754,-0.4018007,1.0827682,0.6514473,-0.04068933,0.4682175,-0.03246059,-0.065406226,0.9487786,-0.022777496,0.21757425,-0.42213273,-0.04828766,0.5938435,-0.018077668,-0.018351115,0.28800744,-0.013627916,1.3649025,0.92134,-0.2808841,-0.07643325,-0.015600331,-0.05712406,0.2714546,1.8478172,1.1562966,-0.669244,2.3603542,0.539188,-0.14692369,0.39750177,0.21461289,-0.36572883,-0.16039531,-0.08900083,-0.03473594,-0.33120066,0.7481016,0.027007775,1.0068958,-0.056363683,1.4099256,-0.4582089,-0.33852038,-0.11123768,1.538497,-0.008739857,-0.025169766,1.6137024,-0.1893257,-0.028178751,-0.45690748
TCGA-BH-A0HY,3.6694655,2.2385664,0.5290739,0.55010015,0.69979644,-0.43472973,-0.13536733,1.1443417,0.57281595,-0.38611233,0.2737366,-0.00791278,-0.57518476,2.631865,1.1788965,-0.13381754,-0.002025627,-0.02891759,-0.10519876,1.5785722,-0.0012355183,0.39277697,-0.57458377,-0.017877856,0.7411809,0.0040357546,-0.04704484,0.2193333,-0.039291352,2.2009213,1.133691,-0.48095766,-0.093026094,0.48573434,-0.11422985,0.01774997,2.6911228,1.6111482,-0.9818768,3.2980003,-0.02220915,-0.17772624,0.51209086,0.5441102,-0.5792486,-0.18331708,-0.1851867,-0.07038235,-0.48979074,0.112858474,-0.0042861546,1.9865928,-0.11701657,1.5739545,-0.703927,-0.5423974,-0.12115109,2.0276818,-0.034290727,-0.061618414,1.8109709,-0.38530242,-0.039108805,-0.76201123
TCGA-BH-A0RX,2.1151407,1.2276188,0.46555316,1.0343207,0.056791935,-0.2677193,-0.1392454,0.35809854,-0.009119008,-0.24012902,-0.0030946052,-0.034893446,-0.32726985,0.6470438,0.27240497,-0.031114504,0.7514881,0.6509821,-0.032749075,0.79080975,-0.0006897528,0.14272125,-0.31691095,-0.026902804,0.5629333,-0.030634535,-0.015966294,0.29030278,-0.010618182,0.9272133,0.8647996,-0.19678329,-0.043345097,0.6628752,-0.08192583,0.91537386,1.5511055,0.97180504,-0.53489065,1.9397783,-0.025669215,-0.07428058,0.31843868,0.06636116,-0.3135869,-0.10548427,-0.08475416,0.111656845,-0.25153998,0.08505544,0.11669163,1.2228032,-0.026121348,0.68871766,-0.4035072,-0.25742245,-0.05874585,0.97805154,-0.016773326,-0.01183485,1.5155926,-0.14688143,-0.027004365,-0.32057
TCGA-BH-A0W3,2.394815,1.6851847,0.27649477,0.29643548,0.30321768,-0.33750245,-0.11105718,0.7941843,0.5158521,-0.26388782,0.47135141,-0.034518145,-0.37074417,0.42622507,0.63965577,-0.03576206,0.6048458,-0.00021249075,-0.0624424,1.1491756,-0.024399182,0.28720102,-0.3893463,0.11603124,0.43801132,-0.024466319,-0.015164654,0.12624252,0.045438275,1.2152511,0.6779907,-0.23403335,-0.08450368,1.1691014,-0.04572388,0.60571563,1.6721854,1.1558121,-0.6010993,2.2522783,0.25291923,-0.121353805,0.44301572,0.38543218,-0.33797204,-0.11550603,-0.07983544,-0.009098122,-0.29992995,1.0097795,-0.0019550947,0.400023,-0.00041582418,0.9248,-0.4694861,-0.29749554,-0.023136033,1.4441797,-0.021957867,0.022836413,1.7734523,-0.17210281,-0.05999982,-0.41358167
TCGA-BH-A0W4,2.15009,1.528515,0.39799598,1.0414836,0.17241232,-0.28527555,-0.072461866,0.54418296,0.22095811,-0.2360367,-0.009135178,-0.040699247,-0.3146559,0.14995469,0.33631805,-0.018976856,0.77471405,-0.008731052,-0.04743804,1.0840384,-0.029391995,0.28269032,-0.33826235,-0.033595197,0.3669521,-0.01243019,0.02824047,0.1635154,-0.020764422,1.1160982,0.6705287,-0.18585138,-0.066085875,0.85530794,-0.06262479,0.9110873,1.4177433,1.0635703,-0.526275,2.1397932,0.41881543,-0.12313527,0.07900402,0.33487654,-0.32408905,-0.15065865,-0.055455353,0.12069903,-0.24164508,0.7550114,-0.017312802,0.33117586,-0.007898507,0.9423489,-0.40542123,-0.28564194,-0.06107661,1.2373352,-0.035735384,-0.0051719863,1.8664136,-0.10801812,-0.02327955,-0.30514494
TCGA-BH-A0W5,1.9159075,1.3567792,0.43585607,0.87838453,0.076025754,-0.261973,-0.08807865,0.39231724,-0.0066116387,-0.20454018,-0.0011281724,-0.04811797,-0.28982818,0.050059203,0.2759202,-0.017477414,0.69834244,-0.004603885,-0.045033075,0.99036455,-0.029764006,0.130027,-0.2975867,-0.022944579,0.2515805,-0.020784214,-0.030768842,0.20953281,-0.008674793,0.84694594,0.5117099,-0.14260137,-0.07236949,0.40459234,-0.05039503,0.8301989,1.2662623,0.9015111,-0.48206288,1.9785808,0.28577185,-0.09509818,0.04713059,0.18912397,-0.2623974,-0.1067513,-0.07249632,0.042046677,-0.22018988,0.6024128,0.19545859,0.42767808,-0.026037624,0.8912326,-0.3482795,-0.25204632,-0.030956266,1.1862458,-0.023220828,-0.0009191003,1.5468717,-0.12228761,-0.0188594,-0.2607328
TCGA-BH-A0WA,2.2424803,1.0692205,0.39085513,1.4526368,-0.008246063,-0.18989061,-0.1687756,-0.0028044132,-0.0011951084,-0.19389293,0.035305277,-0.0007189968,-0.334686,1.7622257,0.7056433,-0.058288604,0.045106176,1.4269558,-0.028634667,0.3876968,0.3016776,0.45391634,-0.2969192,-0.05151546,-0.019274842,-0.0173897,-0.0190491,0.42547858,-0.020889759,1.0994885,0.65205187,-0.17245086,-0.053386506,1.3533463,-0.08910564,-0.013961743,1.276112,0.7579819,-0.50630206,1.4051498,-0.036362585,-0.071699716,0.2664049,0.25580734,-0.326094,-0.13840598,-0.06465232,-0.00793536,-0.26058626,0.37559512,-0.027300984,1.8991406,-0.0036148876,0.36807746,-0.40633804,-0.25860095,-0.06485253,1.0705638,0.14791533,0.03930558,1.0451709,-0.12352389,-0.040051583,-0.36914983
TCGA-BH-A1EN,3.2639616,2.1731431,0.7153259,0.49707863,0.42902213,-0.47222862,-0.14348657,1.0994323,0.6574059,-0.34885344,0.25844687,0.111333184,-0.58531517,2.524709,1.1476352,-0.082881056,0.023007426,0.17642602,-0.11401325,1.5599537,-0.015046971,0.1315046,-0.5132817,-0.042490933,1.2891626,-0.023738243,-0.027359871,-0.0044153463,-0.035632342,2.1536365,0.88735485,-0.4883221,-0.110612325,0.05088556,-0.11123482,0.3052464,2.6906297,1.619839,-0.8995659,2.9654248,-0.011311506,-0.16559349,0.86143756,0.029801145,-0.52874386,-0.165724,-0.18304732,-0.08276882,-0.4807813,0.95861745,0.024755573,2.9245553,-0.11181668,1.3065432,-0.6135708,-0.44135752,-0.16369851,1.8741367,-0.016405271,-0.0427835,1.0590411,-0.3674284,-0.041321497,-0.7332366
TCGA-BH-A1EO,2.839416,1.843452,0.6739567,0.6006419,0.15987846,-0.38616037,-0.13304512,0.9786586,0.29753748,-0.26344135,0.056343786,-0.024756974,-0.45126042,1.3009549,0.88524026,-0.06617579,0.49136773,-0.018151276,-0.07325605,1.5086615,-0.031229943,0.16690281,-0.42452988,-0.026915332,0.82957613,0.16337734,-0.012980741,-0.0035865332,-0.011327325,1.5998579,0.7528876,-0.314352,-0.100312926,0.31403998,-0.08326559,0.6318556,1.9988124,1.1285728,-0.7565925,2.5234706,0.26766142,-0.12920554,0.53509295,0.15365843,-0.44833025,-0.16930914,-0.12142532,-0.039838634,-0.3686083,1.3510933,0.2847625,1.8723524,-0.0848918,1.0551085,-0.5189159,-0.35723174,-0.11826321,1.455083,-0.02408833,-0.023128746,1.5140195,-0.2181722,-0.030500675,-0.5242844
TCGA-BH-A1ES,2.9743402,1.5323808,0.37601063,1.419606,-0.0059210886,-0.338178,-0.10827656,0.61407197,0.33245152,-0.24735926,-0.022099262,-0.051105212,-0.3967161,0.69246036,0.23462002,-0.023094028,0.9654292,-0.016229857,-0.07112842,1.233653,-0.05497699,0.40388957,-0.39195845,-0.043614183,0.09301855,-0.01188825,-0.027159592,0.25170296,-0.0114333555,1.1752003,0.77405405,-0.25083253,-0.09020122,0.21728721,-0.056475844,0.43479967,1.8997735,0.99911237,-0.6771442,2.7911892,0.1964085,-0.14830145,0.3660621,0.45425504,-0.40378925,-0.18267177,-0.09551441,-0.022985911,-0.28687683,0.9902428,-0.026344126,0.3223318,-0.03705349,1.3838593,-0.4805904,-0.33387202,-0.07388438,1.5006378,-0.014163749,0.1511746,1.9556146,-0.17938536,-0.039073847,-0.41337213
TCGA-BH-A1ET,2.3993106,1.5769266,0.34387448,0.82203346,0.15708786,-0.32773656,-0.07089313,0.47577542,0.51667356,-0.21368392,0.4417601,-0.029909555,-0.29882586,0.5017916,0.46169654,-0.028999496,0.6362367,-0.029883787,-0.060167648,0.8829985,-0.040262476,0.11840575,-0.3213597,-0.028178845,0.31928077,-0.008538495,-0.041794825,0.015211139,-0.008592154,1.3919164,0.5147632,-0.23266335,-0.08644652,0.4751196,-0.06085359,0.6723606,1.4741662,0.9689731,-0.5614269,2.2337496,0.3332635,-0.112772204,0.3637406,-0.0008115009,-0.3424503,-0.14869444,-0.095975116,0.122735605,-0.26271436,1.7690287,-0.00788636,0.95334643,-0.027465185,1.0737566,-0.41069728,-0.24362385,-0.06892292,0.94152224,-0.035965864,0.01239175,1.5595614,-0.14943528,-0.021050487,-0.35247895
TCGA-BH-A1EU,2.2157936,1.4292352,0.4962612,0.89245486,0.15066023,-0.28596762,-0.09305379,0.49345854,-0.0026416741,-0.22998889,-0.0015840142,-0.036045168,-0.32103574,0.16613315,0.1823935,-0.0242958,0.6907154,-0.0036564544,-0.04543749,0.9698747,-0.026835565,0.055141713,-0.3253168,-0.026184553,0.3486416,-0.042104285,-0.03492546,0.3553456,-0.012062191,1.0745672,0.57646495,-0.18650702,-0.06256741,0.70968366,-0.04484315,0.9841038,1.4069387,0.9730855,-0.5407535,2.013082,0.21843845,-0.104713336,0.25474674,0.26307607,-0.28351474,-0.110782586,-0.086650625,0.13252562,-0.23878995,0.65028536,0.21532254,0.38538817,-0.037517242,0.90262896,-0.38469547,-0.2700734,-0.03352471,1.1318843,-0.020537797,-0.0015035023,1.6771275,-0.13356774,-0.0049000136,-0.28454313
TCGA-BH-A1EV,2.8919456,1.9676367,0.30807072,0.76542383,0.34768876,-0.33306667,-0.13021979,0.7420407,0.6369335,-0.26523474,-0.0128310565,0.07077523,-0.38716078,2.175263,0.9304379,-0.059604246,-0.0065657585,-0.049234994,-0.082196295,1.1645243,-0.016250229,0.1556719,-0.416359,-0.015212377,-0.020923322,-0.022597242,-0.054757327,0.041766632,-0.014451918,1.653328,0.7465877,-0.2669768,-0.050069,0.6593508,-0.086045474,0.008988595,2.122168,0.7893299,-0.71444166,2.6237648,-0.017901024,-0.13156597,0.32379544,0.48248214,-0.43353364,-0.20087318,-0.109787606,-0.038401186,-0.36638913,0.64764243,-0.020229934,1.779796,-0.050010156,0.65953386,-0.5111891,-0.37904394,-0.08655455,1.5327368,-0.02434308,-0.026268262,1.2538822,-0.25465828,-0.024204537,-0.52865195
TCGA-BH-A1EW,2.7903197,1.696732,0.45281798,0.6022345,0.19162975,-0.34587333,-0.12808661,0.8625999,0.26896968,-0.29251593,0.14284642,-0.022455575,-0.39980334,1.236181,0.51329213,-0.060961246,0.49170473,-0.008127886,-0.080644526,1.266949,-0.050593812,0.30311626,-0.42814374,-0.031244908,0.1969486,-0.011351143,-0.05356673,0.33212072,-0.006776105,1.4076188,0.78907824,-0.28398657,-0.07807853,0.5677715,-0.06077627,0.41966888,2.037122,1.0537184,-0.67764133,2.4666731,0.118711434,-0.13721035,0.2943824,0.5583259,-0.40918985,-0.15444507,-0.12120211,-0.029271368,-0.33156794,0.017598834,0.24710374,0.99708295,-0.024913782,0.9969265,-0.50400096,-0.34654126,-0.07630672,1.6668489,-0.007686625,-0.019575214,1.8104651,-0.22053185,-0.018214246,-0.46929225
TCGA-BH-A1EX,1.9211701,1.5574528,0.47690105,0.5030608,0.27505368,-0.26916572,-0.07644705,0.48649254,0.045421664,-0.20504908,0.05808822,-0.006366884,-0.2853869,1.2452635,0.51209235,-0.03895567,0.005486194,-0.008841848,-0.04633248,0.8937876,-0.026276281,0.06973487,-0.29395667,-0.0065583936,0.4256086,0.0041561523,-0.016221872,-0.004588896,-0.019648356,1.0519156,0.47796533,-0.19989312,-0.06240628,0.63170964,-0.05809882,0.2568357,1.4531226,0.67087394,-0.49992046,1.5536972,0.09834209,-0.08355426,0.15965924,0.09073615,-0.32107458,-0.109169565,-0.093131505,-0.03564983,-0.25135025,1.1231744,0.283322,1.5707234,-0.043773122,0.52617556,-0.35304767,-0.23383863,-0.0693168,1.0601139,-0.024519708,-0.019552344,0.704801,-0.14753242,-0.0090262,-0.3441248
TCGA-BH-A1EY,2.479646,1.7043078,0.3594585,0.45968908,0.5554268,-0.33362216,-0.1034948,0.9003462,0.29377264,-0.27187136,0.107523374,-0.009948247,-0.41653576,1.3896116,0.6786628,-0.053246595,0.09939334,0.10517645,-0.047674026,1.2899945,-0.004106119,0.18517874,-0.3879061,-0.010577492,0.63480663,-0.022589628,-0.02162288,0.06326942,-0.020765942,1.431935,0.8245914,-0.2940259,-0.0692951,0.33164075,-0.075894386,0.41629377,1.7823417,1.1447598,-0.67013025,2.2309556,-0.004586262,-0.114168465,0.41597956,0.18542236,-0.38127014,-0.12708063,-0.12520948,-0.042962115,-0.3336917,0.35608193,0.082066774,1.4074959,-0.0654269,0.8344106,-0.49020296,-0.34973457,-0.06318362,1.2872771,-0.0055499575,-0.04837322,1.1954135,-0.24201374,-0.032437168,-0.4855898
TCGA-BH-A1F0,2.094377,1.143243,0.5468882,1.5901548,-0.0024142358,-0.25154814,-0.08700411,0.2648764,-0.016578952,-0.19251892,-0.016278675,-0.028519873,-0.28690425,0.27986705,0.10561012,-0.01808946,0.8292965,0.49539888,-0.029404959,0.6401024,-0.018822027,0.07622775,-0.27473736,-0.023675313,0.15597628,-0.03449818,-0.02274092,0.3717635,-0.011016704,0.77298784,0.79565126,-0.1486316,-0.04672059,0.37765923,-0.06673304,1.0380942,1.4477681,0.71978635,-0.4815781,1.8076799,-0.004749214,-0.0717115,0.046784114,-0.0025055208,-0.26117432,-0.11414897,-0.06119686,0.28116828,-0.19716676,0.42444113,0.054678105,0.78210956,-0.025322724,0.8136962,-0.34527406,-0.21743849,-0.046367224,0.9020287,-0.03081288,-0.011928192,1.6518033,-0.113893844,-0.013535577,-0.23831713
TCGA-BH-A1F2,2.2798953,1.5381823,0.5051022,0.13115755,0.14207578,-0.31513795,-0.09297498,0.787233,0.14068374,-0.25735757,0.6417101,-0.00695572,-0.40826327,1.5845977,0.9069546,-0.049075317,0.07041246,-0.021034036,-0.049230795,1.0649179,-0.0038164954,-0.007902565,-0.3555966,-0.038557004,0.65514004,-0.0080775125,-0.021183178,0.11253734,-0.025158465,1.5719042,0.66149366,-0.28430146,-0.07330736,-0.0052933786,-0.071824014,0.31076714,1.6365458,0.9076989,-0.6217942,2.0113144,0.14346479,-0.10362631,0.6020832,-0.013362142,-0.38237962,-0.13365577,-0.12735155,-0.047139723,-0.30365455,0.8760166,0.19996561,2.0933793,-0.09283828,0.9705184,-0.43936062,-0.29763156,-0.089312635,1.2944278,-0.017830694,-0.03334886,0.96043015,-0.2181177,-0.019940509,-0.4655262
TCGA-BH-A1F5,1.8673406,1.1447198,0.36600092,0.47952446,0.09519005,-0.2934456,-0.0853089,0.4165697,0.36168388,-0.17483029,0.3406075,-0.02872775,-0.2548285,0.16351767,0.40120438,-0.029851595,0.5534277,-0.029765636,-0.044156466,1.1709816,-0.036274087,0.14247686,-0.29413578,-0.027094305,0.2308826,-0.008169865,-0.0061618313,0.19463386,-0.010882549,0.8930169,0.45685223,-0.18922083,-0.061509926,0.63169104,-0.029780645,0.5591234,1.2622561,0.7308336,-0.47275755,2.0079343,0.30532882,-0.09718689,0.21140328,0.21296947,-0.30767637,-0.114264645,-0.05102971,-0.022441795,-0.24287875,1.3993262,-0.0029952067,0.6725275,-0.0064008236,0.73628235,-0.35812518,-0.23056448,-0.07710471,0.98489296,0.054320447,0.08566064,1.156761,-0.09559247,-0.03480216,-0.28383347
TCGA-BH-A1F6,3.0187635,1.4191326,0.5349812,1.7116076,0.4042454,-0.2854087,-0.1592756,0.532426,0.23247148,-0.28636706,-0.021266168,-0.006624413,-0.45019317,2.258468,0.70271534,-0.056833595,-0.007722138,0.73435724,-0.028737053,0.8368316,0.09604791,0.22076845,-0.43495712,-0.0264238,0.2744101,-0.01288189,-0.024391765,0.27532893,-0.040057983,1.3907988,0.9527151,-0.2963918,-0.05220815,0.53718936,-0.09956579,0.26772776,2.281209,1.1055135,-0.74137974,2.4623609,-0.028648628,-0.11389518,0.42489243,0.37284213,-0.43246648,-0.17444639,-0.1213774,-0.041761156,-0.3595072,-0.016147738,-0.015620639,1.9044633,-0.054555815,0.9548705,-0.54239714,-0.4060689,-0.08234189,1.4167396,-0.028569458,-0.035343368,1.2627019,-0.27747074,-0.033431016,-0.569054
TCGA-BH-A1FB,2.1507022,1.200976,0.466057,1.3667485,0.044678424,-0.2491997,-0.07543843,0.19315402,-0.0063843983,-0.19055592,-0.017986065,-0.039311044,-0.2580068,0.15280013,0.13222148,-0.020116834,0.79796225,0.060327142,-0.039543435,0.92271614,-0.033059005,0.028518215,-0.2860537,-0.021168454,-0.0033230544,-0.036259856,-0.019237414,0.38278127,-0.029723352,0.7906894,0.5834409,-0.13312022,-0.04104158,0.552733,-0.048031867,0.8355162,1.3473101,0.7975522,-0.4727055,1.9213192,0.14145128,-0.08396386,-0.00036257246,0.30254477,-0.27813318,-0.11339795,-0.056048274,0.19350709,-0.21036498,0.313095,0.08272414,0.31432194,-0.010826562,0.8018879,-0.339378,-0.23898499,-0.03942474,1.0272299,-0.031845413,-0.00919764,1.6401006,-0.11317258,-0.012669659,-0.23958364
TCGA-BH-A1FC,2.9862254,1.360973,0.3775166,1.4152397,0.26949105,-0.28232187,-0.19039308,0.34627426,0.23097107,-0.26179543,-0.027149057,-0.0006388345,-0.41721725,2.5001907,0.7616463,-0.07728497,0.037754152,0.7400357,-0.052117325,0.9036828,0.038512956,0.24198046,-0.42814294,-0.011597282,0.23154409,-0.023868447,0.043477118,0.39387658,-0.031421196,1.576341,0.66107404,-0.2692631,-0.05543821,0.8144282,-0.07850904,-0.013898482,2.0137718,0.8849811,-0.7124821,2.2514577,-0.041106742,-0.07739188,0.12289949,0.5516713,-0.4055318,-0.1800972,-0.109391406,-0.03907976,-0.34544304,-0.03475646,0.033565775,1.8951876,-0.031389467,0.77910227,-0.5271918,-0.40958032,-0.071985,1.5136755,-0.013803876,-0.036503363,1.1558794,-0.25642166,-0.015121198,-0.5241705
TCGA-BH-A1FD,2.9596076,2.1716106,0.60016197,0.15785158,0.52058107,-0.41222215,-0.14132546,1.0624474,0.7747097,-0.34735978,0.107026525,0.0029843068,-0.5396704,2.1068645,1.1056737,-0.07119634,0.098606795,-0.002840634,-0.09378922,1.4932128,0.044437237,0.095662385,-0.48936793,0.0026496872,1.087702,-0.0042984947,-0.029414183,-0.01165884,-0.03206229,1.9986426,0.9401868,-0.41779494,-0.092945784,0.48438016,-0.088650934,-0.002496571,2.3255575,1.4500728,-0.852289,2.5780382,-0.0011793015,-0.12517367,0.62651944,0.24391346,-0.4881857,-0.16017638,-0.15925245,-0.07826247,-0.42834306,0.65325934,0.069367886,2.2345312,-0.106080115,1.0108051,-0.5926488,-0.40875122,-0.123103894,1.7567391,-0.014132564,-0.03385903,1.1514465,-0.33471265,-0.054694075,-0.6751383
TCGA-BH-A1FE,2.2934518,1.582713,0.44828948,0.55372316,0.16255896,-0.29110438,-0.08714805,0.46580142,0.18418688,-0.25417373,0.14016846,-0.04511584,-0.34123236,0.59212637,0.35948765,-0.03521047,0.6137202,0.04267036,-0.04947665,1.0899969,-0.02581731,0.15691343,-0.33998558,-0.016198669,0.35177562,-0.019568877,-0.0071347593,0.2312525,-0.011696401,1.0202897,0.69345707,-0.20781052,-0.05744371,0.52244085,-0.06825467,0.6644365,1.4879825,0.9677056,-0.56201404,2.1234417,0.07227569,-0.09019359,0.24273434,0.11898129,-0.3412543,-0.1182039,-0.1034321,-0.02230046,-0.29010528,0.5258577,0.19205739,0.98269135,-0.04549268,0.68697447,-0.41527152,-0.27715626,-0.06843469,1.2524843,-0.009425848,-0.005603226,1.386652,-0.15644443,-0.018276174,-0.3412176
TCGA-BH-A1FG,2.0961518,1.3998598,0.18671404,0.41491544,0.23331177,-0.30826724,-0.110327914,0.36208174,0.20865141,-0.23866384,0.0057737026,-0.046130467,-0.32051238,0.27797642,0.43188012,-0.059454497,0.6407172,-0.008665332,-0.06616342,1.1457347,-0.033847623,0.38116252,-0.34006009,-0.0052586384,0.416859,0.002820211,-0.049245585,0.18533005,-0.0023108467,1.0462632,0.547873,-0.20333865,-0.07383262,1.0330569,-0.05825001,0.7785067,1.5798674,0.86809015,-0.53752154,2.2012172,0.17975505,-0.10227106,0.38044226,0.70368594,-0.3132142,-0.12178731,-0.056313396,-0.015205701,-0.26447076,0.84612995,-0.0038020962,0.41709167,-0.034785975,0.9973642,-0.40084353,-0.2502996,-0.054217357,1.2660081,-0.0015069766,-0.0056055714,1.548301,-0.14756636,-0.011983463,-0.32125074
TCGA-BH-A1FH,2.1943758,1.1394216,0.37663323,1.3112501,0.08024554,-0.23755215,-0.07468722,0.2518923,-0.0021792245,-0.20106487,-0.011003479,-0.023327423,-0.2854644,0.57312316,0.14563932,-0.017247511,0.63033533,-0.0012441742,-0.046575047,0.9345529,-0.037962392,0.11881509,-0.31989068,-0.03362108,-0.004990726,-0.0177702,-0.02607203,0.36001122,-0.015751315,0.89702123,0.71227187,-0.1637044,-0.0530733,0.78444844,-0.045554254,0.6896541,1.4165194,0.88216716,-0.49621126,1.9831214,0.23134936,-0.0883232,0.061849613,0.4577595,-0.29851946,-0.10931233,-0.07174473,0.07629648,-0.22743931,0.14818859,0.093721,0.36539564,-0.022038143,0.8659819,-0.36556,-0.26252565,-0.037356,1.1882646,-0.016735947,-0.01401332,1.698173,-0.1342446,-0.018745879,-0.2933083
TCGA-BH-A1FJ,3.0826108,2.3096313,0.6138349,0.49994144,0.47271463,-0.4316611,-0.12195944,1.2139494,0.72453535,-0.28777227,0.27987114,-0.035050895,-0.5105658,1.0492265,0.71959835,-0.08173769,0.56265765,-0.0046565803,-0.07586578,1.5617617,0.09200552,0.16274013,-0.47940874,-0.029684246,1.0145371,0.027535165,-0.020020505,0.093870044,-0.008332321,1.9104356,0.83237153,-0.36083946,-0.09462396,0.9783986,-0.07234995,0.30544132,1.9022815,1.5317698,-0.82703334,2.9142547,0.13768438,-0.1896839,0.450458,0.57065916,-0.4333925,-0.15792361,-0.12197887,-0.032467183,-0.38212654,1.3892859,-0.0037326068,0.914171,-0.043797355,1.507385,-0.5976276,-0.40196848,-0.088979304,2.1322098,0.033711668,-0.007989883,1.9423591,-0.24742885,-0.030159775,-0.5689295
TCGA-BH-A1FL,2.4453475,1.5210592,0.52507323,0.42821458,0.2648589,-0.3205122,-0.12960307,0.81961817,0.5841328,-0.27498803,0.5007607,0.1340033,-0.3961942,1.2232593,0.80060446,-0.040839102,0.44500974,-0.010897065,-0.08055083,1.1461512,-0.010514261,0.13910793,-0.41329923,-0.037058465,0.637368,-0.0055490043,-0.0101317465,0.023387674,-0.028299933,1.3135878,0.6392884,-0.25786275,-0.06410911,0.8406596,-0.06413165,0.2254724,1.8237637,1.1654676,-0.65897906,2.156154,-0.0162947,-0.11210238,0.64056844,0.5805885,-0.39906624,-0.14502901,-0.10568773,-0.055107933,-0.32438868,0.59710133,0.06319053,1.023337,-0.011015227,0.9953452,-0.46803504,-0.34514874,-0.07778192,1.484348,-0.009909456,0.10469429,1.6483322,-0.18138264,-0.0021900886,-0.47101614
TCGA-BH-A1FM,2.204092,1.5350848,0.34872988,-0.029333089,0.28738743,-0.2861062,-0.08668873,0.6505341,0.29367304,-0.28328514,0.41166544,-0.008982959,-0.36414686,1.3643504,0.4415183,-0.058619775,0.054528344,-0.011813344,-0.070342414,1.1311092,-0.040520426,0.03221679,-0.39874813,-0.04941434,0.8079641,0.079471126,-0.031984273,0.21312773,-0.0199918,1.382738,0.6033496,-0.30969864,-0.07767377,0.51889324,-0.057575315,0.5541242,1.7000906,0.95137113,-0.58064336,1.9289802,0.47336632,-0.117488995,0.536104,0.42093188,-0.34772247,-0.118425265,-0.12985066,-0.045955893,-0.32072458,0.6325265,-0.023966717,1.3372098,-0.042032223,0.77211136,-0.42626414,-0.26727352,-0.085004196,1.3883946,-0.006040488,0.03138103,1.134466,-0.20664354,-0.008726821,-0.44958383
TCGA-BH-A1FN,1.8430929,0.9301317,0.10930988,1.1535773,-0.009818429,-0.18983603,-0.09750381,0.048322927,-0.006943933,-0.14851314,0.23460983,-0.0071504093,-0.22746186,1.1944474,0.40993938,-0.001849957,0.17238793,-0.01383575,-0.06214298,0.43168086,-0.0077100727,0.18354999,-0.24865757,-0.029478595,-0.03266406,0.0067404904,-0.036823254,-0.0013062593,-0.043955326,0.9956735,0.61249053,-0.10989138,-0.05810833,1.0049915,-0.03559345,0.008071365,1.1323192,0.5207729,-0.40523878,1.4904265,0.032709517,-0.048789535,0.1438333,0.49358296,-0.26148686,-0.11240319,-0.07687303,-0.015660904,-0.17100045,0.967574,-0.017986018,0.86464155,-0.005863332,0.5377095,-0.3082514,-0.21229699,-0.06564097,1.0898545,-0.04403132,-0.006268564,0.8579287,-0.12556815,-0.009833238,-0.22090422
TCGA-BH-A1FR,1.9898912,1.1515167,0.13298792,1.1212085,0.14925304,-0.26027942,-0.07681336,0.4039219,0.08089671,-0.18340942,-0.024266005,-0.057359647,-0.27383322,-0.014090168,0.24092843,-0.027868161,0.7268166,-0.001302218,-0.036377825,0.9040003,-0.05422626,0.077573635,-0.29934582,-0.030776693,0.28934333,-0.027442342,-0.017227024,0.13161913,0.16483594,0.97471017,0.7808383,-0.1781326,-0.07493664,0.6919363,-0.042492878,0.8830637,1.2655188,0.8748392,-0.49698678,1.9769871,0.29663637,-0.09757842,0.16838636,0.32091546,-0.28444517,-0.11332154,-0.062012978,0.1940831,-0.22617571,0.70268273,0.23102398,-0.010382383,-0.0036681413,0.8150148,-0.35487998,-0.2279077,-0.032015633,0.95522606,-0.022858372,-0.009196448,1.6366267,-0.13241775,-0.029967258,-0.2699903
TCGA-BH-A1FU,2.3377163,1.2086372,0.30868322,1.3968126,-0.0026637723,-0.25022006,-0.090351805,0.28280228,-0.0021548134,-0.19575246,-0.023200018,-0.014157209,-0.29315665,0.90720445,0.1963607,-0.029059498,0.544293,0.050030358,-0.028522596,0.7863605,-0.0127203455,0.11246331,-0.31670716,-0.02187422,-0.0169154,-0.02398867,-0.023317982,0.20595045,-0.03131489,0.93957436,0.6138031,-0.14885932,-0.060218073,0.32797167,-0.06584856,0.4926528,1.4836289,0.68391067,-0.533076,2.169302,0.032991074,-0.09253851,0.05380107,0.28839725,-0.3085464,-0.13870762,-0.078633,-0.00053655024,-0.2435518,0.3425623,-0.0147249615,0.8031963,-0.028335959,0.85863954,-0.37348282,-0.25548896,-0.042450253,1.0603651,-0.025970427,-0.0345763,1.4047856,-0.15661357,-0.02091755,-0.2866329
TCGA-BH-A201,2.0841875,1.4722818,0.4916549,0.79085386,0.2231873,-0.2520411,-0.09236567,0.4160371,0.09761529,-0.21207686,0.18420318,-0.009042175,-0.2981883,0.44247591,0.26569605,-0.032415643,0.69862914,0.06191981,-0.062573686,0.88829136,-0.028164933,0.20359287,-0.33862588,-0.011047941,0.22445877,-0.020999288,-0.012601772,0.4435478,-0.00903385,1.0325725,0.6153075,-0.17397504,-0.0431003,1.0463451,-0.058619708,0.4720712,1.4603902,0.8946285,-0.5125335,1.8936006,0.18943563,-0.09212505,0.23681042,0.5979625,-0.27576232,-0.09937296,-0.076799504,-0.0076219845,-0.25370666,0.29279292,0.05951146,0.2352617,-0.009672862,0.7938575,-0.38770995,-0.2730548,-0.047257386,1.2302966,0.11455319,-0.013346582,1.6070244,-0.12387079,-0.015996873,-0.30843702
TCGA-BH-A202,2.9564824,1.6676468,0.3850905,1.248821,0.33573127,-0.28234252,-0.12163486,0.43203536,0.12107144,-0.2569178,-0.004861124,-0.0138516,-0.39713487,1.8880004,0.46670127,-0.061413627,0.084307775,0.112681374,-0.06212157,1.0037849,-0.01045048,0.054668725,-0.4059322,-0.024725405,-0.023901176,-0.0046123555,-0.030105663,0.35565677,-0.01995839,1.5359445,0.9427733,-0.23614936,-0.07570826,0.62490386,-0.10691023,0.31000876,1.8627388,1.1707826,-0.70849705,2.4401228,-0.002424485,-0.12790038,0.27698565,0.70609194,-0.4280293,-0.16751993,-0.11357983,-0.04171459,-0.35463104,0.08420709,0.04468572,1.4304074,-0.05820002,1.0571333,-0.50012934,-0.35832423,-0.07936846,1.5440199,-0.02632308,-0.044027083,1.7214024,-0.23730019,-0.016772604,-0.4703869
TCGA-BH-A203,3.2435875,1.789594,0.54382735,0.9854359,0.44963554,-0.35953292,-0.1295274,0.6804227,0.50965875,-0.32423422,-0.012034445,-0.005260169,-0.47564864,1.9947351,0.7292853,-0.06950496,0.20462053,0.12170233,-0.07219423,1.2047125,0.08184005,0.18048033,-0.43505284,-0.019700447,0.25142935,-0.023166858,-0.020461706,0.23707132,-0.030102594,1.6342919,0.92424256,-0.34657705,-0.05304982,0.6277979,-0.09688342,0.4021532,2.089237,1.2809879,-0.7966758,2.6061068,-0.04029621,-0.12790062,0.38703147,0.43681216,-0.471804,-0.17879473,-0.15113273,-0.05999834,-0.40828586,-0.013509144,0.05780474,1.9850816,-0.061569966,0.87049335,-0.5693841,-0.4215733,-0.102685295,1.8307667,-0.0015638918,-0.056860562,1.4884515,-0.27944085,-0.05017045,-0.55243045
TCGA-BH-A204,3.0667508,2.134367,0.37086353,0.55217445,0.13463227,-0.4148892,-0.06865322,1.1861429,0.6381643,-0.29891646,-0.018333321,0.15896176,-0.5742368,1.9948303,1.2134356,-0.043920234,0.044380505,-0.01711538,-0.044622567,1.238362,0.109466955,-0.012816737,-0.5205514,-0.032690786,1.2213516,-0.013727905,-0.03272328,-0.004329237,-0.0314431,2.1092114,1.0878594,-0.41795054,-0.11804237,-0.04101492,-0.08947534,0.4645248,2.3882248,1.5040241,-0.8311756,2.9458125,0.32484993,-0.19529496,0.79375637,-0.03226616,-0.51027435,-0.21187118,-0.17420906,-0.08588605,-0.45826456,1.877612,0.032530464,2.2331173,-0.10078867,1.4853457,-0.6350277,-0.38589367,-0.15119043,1.7580643,-0.049348515,-0.0036691334,1.1662462,-0.29644963,-0.05997327,-0.6850767
TCGA-BH-A208,1.7140776,0.87442565,0.3358748,1.1884507,-0.0026907052,-0.18052214,-0.07523605,0.0680511,-0.00173539,-0.1546281,-0.0073247314,-0.016837241,-0.23875272,0.7549382,0.145721,-0.016426003,0.24993652,0.43494344,-0.013343053,0.42588082,0.017313655,0.18735455,-0.23631266,-0.026628345,0.012461249,-0.020886457,-0.019599138,0.21533506,-0.019519707,0.6420942,0.38275683,-0.12515607,-0.031548556,0.64336795,-0.050132167,0.40483415,0.9431459,0.46885127,-0.38951576,1.2399894,-0.00048041996,-0.057119247,0.009388354,-0.0058295703,-0.25024062,-0.09679644,-0.056154337,0.0731882,-0.18055362,0.56322545,0.05088961,0.9694874,-0.019711405,0.7232249,-0.29662094,-0.18749025,-0.072518416,0.7111524,-0.0117818555,-0.010788269,0.987111,-0.105998315,-0.01945662,-0.22066818
TCGA-BH-A209,2.5251753,1.3915604,0.3300675,0.92845756,0.2692481,-0.29384086,-0.10662474,0.44215494,0.0812029,-0.2701672,0.0019445512,-0.04734599,-0.32148966,0.53793985,0.3430788,-0.029306784,0.5995397,0.15961772,-0.06914625,1.0597341,-0.022082563,0.037197433,-0.36456966,-0.006671447,0.07351795,-0.04261289,-0.01910398,0.5151524,-0.014145761,1.0798953,0.69773066,-0.18468197,-0.053476144,0.8042378,-0.04324382,0.673462,1.562459,0.9947878,-0.580691,2.2818518,-0.01268009,-0.08978169,0.19658136,0.42080295,-0.34407663,-0.13023971,-0.09564836,-0.010087497,-0.29728973,0.03076141,0.10184341,0.66728896,-0.016547145,0.7367284,-0.4063576,-0.30109945,-0.05939126,1.3511943,-0.026090486,-0.02227186,1.745804,-0.16903901,-0.034162547,-0.3271257
TCGA-BH-A28O,2.1403706,1.1574007,0.40233263,1.5494239,0.031474788,-0.24698816,-0.08381822,0.28581446,-0.00763251,-0.21200438,-0.030727599,-0.03367617,-0.27025396,0.1439559,-0.0010612005,-0.015037144,0.8191666,0.17876586,-0.029118378,0.8815256,-0.023836864,0.042627007,-0.30319753,-0.02166838,0.009691719,-0.026615506,-0.015982581,0.41402692,-0.023303995,0.8113699,0.62887263,-0.13535519,-0.028484479,0.9442925,-0.039391395,0.99391145,1.4050443,0.93550575,-0.4819808,2.0092182,0.11907623,-0.077791326,-0.007124421,0.42132026,-0.26442823,-0.11400606,-0.05769948,0.22453608,-0.21280463,0.20419945,0.041105732,0.15297456,-0.00048713293,0.8438346,-0.35591438,-0.2502977,-0.033915963,1.0569829,-0.038494043,-0.022330565,1.8027928,-0.103880934,-0.010956467,-0.23614554
TCGA-BH-A28Q,2.7138293,1.689969,0.46091497,0.7684386,0.40431112,-0.34385785,-0.13813959,0.6763481,0.3311864,-0.28806183,0.08862151,-0.058223095,-0.38715753,0.7923945,0.36555895,-0.05322742,0.81790215,-0.05078533,-0.08161217,1.3477997,-0.017844636,0.24067119,-0.42250353,-0.024427785,0.46898028,-0.0019276863,-0.045721047,0.38529116,-0.003832327,1.4593836,0.6959838,-0.24661575,-0.064470835,1.2235372,-0.0728921,0.55214936,1.6953632,1.1873903,-0.65985626,2.6044633,-0.0024427667,-0.12632565,0.24081254,0.819768,-0.40474415,-0.15184699,-0.09080549,-0.011108773,-0.3212017,0.120590195,0.06406106,0.4995723,-0.008274,1.0475179,-0.4944267,-0.3505278,-0.074834764,1.60226,-0.011796232,-0.0025826294,2.0777185,-0.1631281,-0.036696725,-0.43057862
TCGA-BH-A2L8,2.4555027,1.3984857,0.45722365,1.0915798,0.097194195,-0.3141881,-0.096901946,0.42337704,0.048319604,-0.24960665,-0.013398479,-0.047087792,-0.31439447,0.111250654,0.23631242,-0.038426,0.96936446,-0.0060612643,-0.06140853,1.084568,-0.03179823,0.09665381,-0.34133774,-0.014133329,0.17749567,-0.01601619,-0.024845827,0.34363866,-0.0025624053,1.0031333,0.6686861,-0.18782191,-0.05766151,0.6961493,-0.055461753,0.9435042,1.6473736,0.98561275,-0.5812082,2.2386389,0.109722026,-0.10069915,0.033212077,0.41761214,-0.31546506,-0.12819208,-0.0813665,-0.0039829197,-0.25830635,0.17323506,-0.004900783,0.25098622,-0.01860101,1.049458,-0.40994054,-0.2901239,-0.053365923,1.3634597,-0.021466998,-0.015908157,1.8985103,-0.15553711,-0.015955098,-0.29817665
TCGA-BH-A42T,3.6099966,2.0661373,0.63966197,0.5784121,0.34391645,-0.4323134,-0.14847808,1.1565267,0.53400904,-0.3470002,0.09083487,-0.03663878,-0.545428,1.7023635,1.0462353,-0.08704037,0.29593623,-0.029593159,-0.070752256,1.6908108,-0.02175284,0.4451696,-0.5249133,-0.025681851,0.8338126,0.09464388,-0.031992055,0.33115995,-0.037995137,1.9544855,0.9490731,-0.39980537,-0.08978889,0.5043716,-0.08229288,0.10107373,2.418801,1.3244191,-0.88728094,2.9504962,-0.018092241,-0.18390606,0.6656281,0.84801924,-0.5419447,-0.2082318,-0.12530525,-0.06944605,-0.44755426,0.16946019,0.1341091,1.3712319,-0.050600726,1.446124,-0.6155985,-0.44753113,-0.10165222,1.9370655,-0.009122348,-0.013077507,1.7254505,-0.31671235,-0.023297012,-0.6844811
TCGA-BH-A42U,2.4009566,1.3666834,0.4942787,1.2367753,0.28183475,-0.29259935,-0.084567145,0.46519667,0.028140396,-0.25013545,-0.022601193,-0.039786085,-0.3388767,0.679803,0.23389874,-0.023444643,0.6908976,0.124549165,-0.0353556,1.0751791,-0.022855291,0.045749556,-0.34462824,-0.017343912,0.3174145,-0.031848244,-0.023361994,0.36361963,-0.01463912,1.0717747,0.80466,-0.2077509,-0.04803711,0.6397308,-0.04924681,1.01977,1.5543615,1.0680773,-0.57254237,2.0528631,-0.0026497645,-0.09011982,0.142292,0.30867934,-0.3274332,-0.12021061,-0.095982015,-0.0029048596,-0.2724364,-0.004004258,0.12963201,0.60775834,-0.04160951,0.9210684,-0.42056414,-0.2977729,-0.05905014,1.2285509,-0.015937014,-0.022816082,1.7487768,-0.16777281,-0.024594402,-0.3375411
TCGA-BH-A42V,2.560319,1.625975,0.52675253,0.8195355,0.256809,-0.33862782,-0.0797753,0.578935,0.22116941,-0.25699842,0.17205264,-0.03899839,-0.37146628,0.51244473,0.3565123,-0.04283349,0.919328,-0.01615831,-0.06633842,1.336038,-0.016383048,-0.0009917886,-0.3748369,-0.026127074,0.4894043,0.046376172,-0.02538026,0.29061487,-0.012500279,1.1627451,0.76275337,-0.232018,-0.074393526,0.454395,-0.071999654,0.83312345,1.689545,1.0825732,-0.6159758,2.440462,0.2270365,-0.118241034,0.23664755,0.38594717,-0.36919996,-0.13870184,-0.10000453,-0.014827879,-0.28000256,0.63107103,0.1315282,0.60947543,-0.039134994,1.0704557,-0.45385775,-0.31391117,-0.0717057,1.3249633,-0.010935653,-0.010393291,1.8494519,-0.16845137,-0.03783987,-0.3767903
TCGA-BH-A5IZ,2.4493713,1.0075135,0.33306122,1.9562719,-0.009739878,-0.21769388,-0.14174171,0.49656025,-0.008230982,-0.1704655,-0.026757462,0.16985501,-0.33932662,1.4887904,0.30643034,-0.021838179,0.23466179,0.9501752,-0.05352595,0.3821314,-0.021560559,0.3003144,-0.31556615,-0.021448007,-0.0043478585,-0.013286203,-0.04225798,0.252529,-0.027710712,1.0334623,0.5956765,-0.17773582,-0.0059166118,0.94768125,-0.06731406,0.21807688,1.4735872,0.90983444,-0.5264508,1.8854293,-0.0067175077,-0.061293047,0.06564741,0.34473538,-0.305518,-0.14788054,-0.057764817,0.07289161,-0.24170493,0.5987313,-0.027601246,0.97197735,0.093433,0.6117862,-0.41172385,-0.26693878,-0.04509283,1.1068709,-0.04729442,-0.013042728,1.5057452,-0.15238221,0.007809176,-0.34796533
TCGA-BH-A5J0,1.925279,1.5439013,0.33007696,0.3486016,0.27274287,-0.28062075,-0.067417115,0.7285983,0.35603717,-0.20680253,0.24679895,-0.031747088,-0.29787654,0.7261463,0.698538,-0.048759274,0.42743072,-0.028262138,-0.04714986,1.0238806,-0.0042054164,-0.0032547263,-0.28007993,-0.03642451,0.34131593,0.11893877,-0.018060392,0.051294673,-0.018068621,1.092654,0.4465958,-0.20590587,-0.07793061,0.45441616,-0.04899,0.49332526,1.2422636,1.0478331,-0.50199676,2.0262074,0.22900827,-0.08665125,0.14327444,-0.006086554,-0.30488193,-0.11372524,-0.09157869,-5.5096672e-05,-0.2336128,1.2632536,0.19901587,1.0328047,-0.04997327,0.8128614,-0.36633044,-0.26116973,-0.06981937,1.2637914,-0.002402616,0.097172946,1.1815751,-0.12203138,-0.023378236,-0.32051334
TCGA-BH-A6R8,1.9849838,1.426983,0.4547867,0.80153793,-0.0059107174,-0.282782,-0.036866795,0.40438363,0.19998857,-0.18027839,0.34751683,-0.030752504,-0.32520455,0.15049338,0.4121098,-0.027082995,0.6628886,-0.023328384,-0.047777344,1.24203,-0.028469205,0.059849486,-0.30357644,-0.025410911,0.7213366,-0.023228368,-0.026684308,0.14901252,-0.0028926455,0.93714637,0.62186074,-0.18939148,-0.073665045,-0.0052123903,-0.04403187,0.75382465,1.3178787,0.70659834,-0.51764375,1.8920145,0.50236803,-0.10279175,0.31823945,0.05536978,-0.28719088,-0.12082168,-0.076481335,0.08397789,-0.24635904,1.421261,0.005189387,0.9279583,-0.032497,1.0545721,-0.3591207,-0.22061315,-0.08479225,1.1818621,-0.025502428,0.1420268,1.3948152,-0.12181246,-0.011608266,-0.32874113
TCGA-BH-A6R9,2.4933882,1.4407221,0.57089067,1.4376616,0.023450311,-0.29030037,-0.09954463,0.39832672,-0.0032387485,-0.2589005,-0.023596955,-0.04000217,-0.34010667,0.69988,0.17006774,-0.027632812,0.85043937,0.27853012,-0.03144939,0.92285734,-0.024854427,0.34063414,-0.33008906,-0.027085543,0.13056423,-0.039690208,-0.007494585,0.43131584,-0.0192184,0.89899313,0.8384396,-0.20249234,-0.06940017,0.53296286,-0.06145224,0.8772492,1.7118971,0.8973891,-0.5758403,2.3846102,0.23224385,-0.09991364,0.16801642,0.4803869,-0.31970212,-0.13663946,-0.07797056,-0.0014298809,-0.24109434,0.3970222,0.034996368,0.5123958,-0.03363113,1.0550448,-0.41785154,-0.29963753,-0.040194277,1.2604814,-0.007915051,-0.016754553,1.8386699,-0.16293527,-0.024768287,-0.3401354
TCGA-BH-A8FY,3.3552594,2.2711656,0.5782048,0.18354452,0.8354625,-0.4682357,-0.11321545,1.2631108,0.7982921,-0.3339928,0.68229944,-0.026223946,-0.55390924,1.2882178,0.9864804,-0.06266885,0.33630916,0.15533295,-0.06736435,1.5680733,-0.0005678106,0.076666206,-0.507995,-0.033392813,1.3425776,-0.02300115,-0.008647908,0.19263195,0.058574423,2.024995,1.3386806,-0.43945765,-0.09090384,0.8548024,-0.112187445,0.24436592,2.123909,1.9255022,-0.8840949,2.795893,-0.027522912,-0.20864074,1.0421168,0.53111225,-0.4791603,-0.16459629,-0.17612603,-0.04983234,-0.44419208,0.89708936,0.29336825,1.445002,-0.103666365,1.3970451,-0.6330809,-0.44422707,-0.09546918,2.116492,0.057182666,0.29988235,1.5786964,-0.29417953,-0.023604613,-0.69196796
TCGA-BH-A8FZ,2.3456075,1.3451408,0.35906512,1.4132183,0.005586762,-0.28420252,-0.07691611,0.24745852,0.0128298225,-0.19384548,-0.013566121,-0.040577125,-0.3020645,0.25977,0.22740991,-0.051568218,0.7980562,0.046697155,-0.048945304,1.0525334,-0.036781296,0.1556251,-0.32448268,-0.020896966,0.010304052,-0.035256825,-0.02206053,0.33571237,-0.00064047874,0.99253553,0.62853926,-0.16047433,-0.046199605,0.3821835,-0.053494968,0.85914135,1.5540869,0.73808205,-0.5468956,2.1527538,0.07767469,-0.078899786,0.12621999,0.3825512,-0.3206706,-0.13683355,-0.072870776,0.09876542,-0.23992364,0.5518731,0.14383537,0.4522831,-0.021837693,0.85791016,-0.38603222,-0.2604936,-0.05832989,1.2492665,-0.037060976,-0.020370033,1.527797,-0.14029579,-0.009772367,-0.28091604
TCGA-BH-A8G0,2.398903,1.3996875,0.48068157,1.159408,0.16990826,-0.29397574,-0.10166395,0.42526945,0.049195495,-0.2520344,-0.0071102926,-0.037570305,-0.33174446,0.3884782,0.120782495,-0.021007387,0.8525936,0.20553376,-0.048895236,0.9757396,-0.034297984,0.011390119,-0.3459441,-0.025845205,0.4181404,-0.038066857,-0.019072568,0.52909493,-0.0020542026,0.99568427,0.7931014,-0.19666666,-0.04824773,0.9681257,-0.055555638,1.0998635,1.5143129,1.0559806,-0.5664628,2.201002,-0.0018280616,-0.105024576,0.17276809,0.35736346,-0.31241697,-0.1075624,-0.08375477,0.2030897,-0.25938952,0.28505492,-0.0013564201,0.32244346,-0.015273201,0.8765215,-0.40988284,-0.2879736,-0.046397373,1.2363565,-0.015792606,-0.004379108,1.9837872,-0.13509183,-0.01645517,-0.31154075
TCGA-BH-AB28,3.2082741,1.9258091,0.87500334,0.51536137,0.43003592,-0.40517646,-0.12986746,0.9182947,0.37636274,-0.34530607,0.103768945,-0.02666131,-0.48770103,1.3308247,0.6798685,-0.056858636,0.7284158,0.013267396,-0.07152239,1.4681922,-0.02693366,0.20589614,-0.4701273,-0.017514879,0.79519236,-0.015005109,-0.010826801,0.33144712,-0.011046337,1.6857644,0.99212897,-0.353053,-0.06880834,0.892537,-0.09953862,0.8090812,2.1781366,1.3380421,-0.7651004,2.6909919,-0.008322603,-0.15724353,0.59954125,0.5909825,-0.4552412,-0.15424134,-0.14648402,-0.036703262,-0.3861307,0.20929933,0.04266592,1.2684984,-0.05440423,1.1620804,-0.57043666,-0.4019942,-0.09228827,1.7058367,-0.0034227332,-0.011864655,1.7908223,-0.25558427,-0.037198257,-0.5624463
TCGA-C8-A1HE,3.13523,2.0431955,0.3877845,0.80615944,0.51535064,-0.4230179,-0.13826707,1.0619985,0.53169775,-0.31963632,0.16507617,-0.039000608,-0.44799566,0.9042387,0.74966735,-0.03431421,0.5590243,-0.0023788514,-0.08963257,1.3364912,-0.025177127,0.15126903,-0.4537843,-0.019841969,0.45803514,-0.032061342,-0.030553645,0.36105663,-0.021307675,1.5882663,0.814894,-0.31462225,-0.06729203,1.2620581,-0.09278956,0.57189846,1.985013,1.4969782,-0.7891354,3.1241155,0.16371517,-0.1511876,0.42482963,0.7560683,-0.42510864,-0.1542968,-0.11399831,0.016837675,-0.36972234,0.69637126,0.03309913,0.6878417,-0.007986099,1.3475648,-0.57757944,-0.40425763,-0.08021898,1.7290759,-0.02251144,-0.018981868,2.1743186,-0.2535452,-0.03376349,-0.53383887
TCGA-C8-A1HF,2.9150589,1.492817,0.299528,1.1544973,0.37963775,-0.3041919,-0.14378086,0.47535667,0.098743565,-0.27209148,-0.0018671202,-0.01453096,-0.36634645,1.4269722,0.39208388,-0.03319689,0.37845454,-0.008042144,-0.08142193,0.9784673,-0.0109168785,0.12800018,-0.40889278,-0.007174635,-0.014448322,-0.016475856,-0.056530993,0.4277256,-0.013135773,1.2906383,0.68465286,-0.21406268,-0.06330556,1.1555092,-0.07506191,0.24110855,1.8609586,1.1396893,-0.6313401,2.2150502,0.18352784,-0.1304323,0.1816487,0.7151471,-0.38095388,-0.15142238,-0.102084555,-0.03590778,-0.31424174,0.35155264,-0.01795413,0.75476325,-0.012315462,0.99136955,-0.4767995,-0.338083,-0.04323723,1.62481,-0.029663438,-0.030884003,1.7117459,-0.2128738,-0.011168826,-0.39760375
TCGA-C8-A1HG,2.1352093,1.1623625,0.23604463,1.1281209,-0.0052190316,-0.23356465,-0.07785829,0.2278226,0.0970738,-0.16331442,-0.0015957287,-0.021931743,-0.261435,0.56380457,0.27354783,-0.019243076,0.6113232,0.06384705,-0.033426426,0.83940285,-0.043979976,0.0075747212,-0.25512993,-0.027494311,-0.015419005,0.020536767,-0.053095054,0.18603334,-0.0073410124,0.8497178,0.4912708,-0.14585534,-0.06680218,-0.01035574,-0.04312412,0.5055481,1.3541366,0.43854105,-0.47287092,1.7847868,0.28058252,-0.10587849,-0.00076686183,-0.009192339,-0.2687522,-0.10467032,-0.06413574,0.09334949,-0.21979283,0.9215675,-0.0065873475,0.8631956,-0.023357857,0.85202897,-0.33246377,-0.19850737,-0.05072814,1.0271907,-0.017121304,-0.021518527,1.2685306,-0.13703553,-0.034878444,-0.22288413
TCGA-C8-A1HI,2.2605338,1.3614599,0.3797792,1.0514205,0.16497488,-0.30070174,-0.07675547,0.48744413,-0.008986595,-0.2575939,-0.005645217,-0.033602443,-0.30906585,0.48456746,0.23943162,-0.023670271,0.6618294,0.12049255,-0.047707114,1.0781273,-0.037002802,-0.0022728243,-0.33301038,-0.046277616,0.3162562,-0.0150169255,-0.01933998,0.40414852,-0.009596272,1.1283069,0.74975204,-0.20913784,-0.060860135,0.74360955,-0.04064504,0.79923683,1.624403,0.9984896,-0.5680068,2.1630573,0.119196154,-0.1211547,0.26765266,0.43061817,-0.31114396,-0.12780449,-0.068555854,0.111383274,-0.25427446,0.3805115,-0.021027869,0.21593766,0.018994534,1.18896,-0.39566767,-0.27818617,-0.040954974,1.2509537,-0.019843379,-0.011439328,1.8232905,-0.12024715,-0.02821717,-0.3265113
TCGA-C8-A1HK,1.7793149,1.0370355,0.31117195,0.18955001,-0.012463513,-0.18745999,-0.08223173,0.38454288,0.3154973,-0.21015756,0.35699737,-0.0067180037,-0.23958722,1.2912607,0.58045524,-0.04709168,0.15228142,0.060659215,-0.05662402,0.67890996,-0.012255718,0.15924834,-0.27295735,-0.027780553,0.39736167,-0.018946245,-0.032597747,-0.012234618,-0.016519403,1.1054164,0.5473377,-0.16803682,-0.037220355,0.53788745,-0.054156948,-0.017077308,1.3017706,0.70685655,-0.41964945,1.4240104,0.3017006,-0.09086191,0.5242364,0.22586869,-0.26572132,-0.10888698,-0.087054886,-0.04122983,-0.23961882,0.58863884,0.100310676,1.3189408,-0.00849004,0.6257395,-0.32027203,-0.18598334,-0.068914674,0.96500266,-0.022854257,-0.04937267,0.7100574,-0.15604506,-0.028223915,-0.34499797
TCGA-C8-A1HL,2.0077975,1.3592147,0.31432834,0.47118104,-0.004337207,-0.3035651,-0.07781949,0.81016827,0.028448056,-0.24512903,0.07691224,0.062161632,-0.34798765,0.7279311,0.32854894,-0.041921105,0.3420418,-0.0063120364,-0.05912577,0.73978806,-0.031795952,0.14151531,-0.3787142,-0.029407812,0.95724,-0.04227323,-0.034019753,0.2166368,-0.03326108,1.2284204,0.7865589,-0.26075757,-0.10815179,-0.0133195,-0.035944983,0.28901803,1.6589643,0.9633543,-0.5686423,2.0186622,0.575267,-0.12080281,0.2674413,0.2220317,-0.32339978,-0.14603776,-0.09669116,-0.034382094,-0.27204475,1.4021173,-0.0009215893,1.0724332,-0.050425123,1.2377173,-0.41977534,-0.25494045,-0.088100396,1.1411456,-0.016699849,-0.016909398,1.030686,-0.16002963,-0.027214924,-0.38744625
TCGA-C8-A1HM,2.189136,1.6104176,0.47934356,0.50271827,-0.0025978144,-0.32034743,-0.0886681,0.8078502,0.18807651,-0.24290173,0.6069409,-0.0068245954,-0.40386948,1.4555848,1.1054103,-0.02091631,0.19297773,-0.018031847,-0.05780852,0.97840196,0.09578025,-0.0014007868,-0.36097115,-0.040443316,0.38903293,-0.01995512,-0.03462493,0.14469677,-0.03739972,1.296302,0.69375104,-0.23023477,-0.062738076,0.07285051,-0.050473895,0.35616013,1.6075568,0.8106353,-0.59223294,1.9990063,0.3728325,-0.1260859,0.7565525,-0.014012304,-0.36168706,-0.13602886,-0.09541135,-0.062177744,-0.31586462,1.4954073,0.47380498,1.9493085,-0.057115056,0.92345995,-0.4239889,-0.27069813,-0.115105726,1.0327718,-0.0026116276,0.108322516,0.9726825,-0.17910072,-0.03397423,-0.409966
TCGA-C8-A1HN,2.5277913,1.3256618,0.12068424,1.0256463,0.042659868,-0.280691,-0.12971896,0.3886252,0.27559486,-0.23289989,0.42803174,-0.0020496137,-0.35016286,1.5926286,0.5580102,-0.051669747,0.3807754,0.07017589,-0.05284926,0.7482273,-0.008162493,-0.023092635,-0.34458607,-0.052339412,0.12593214,-0.016954944,-0.04737508,0.2801436,-0.032952037,1.3996061,0.58939683,-0.23111574,-0.045954537,0.5478227,-0.077399276,-0.0105063645,1.5842721,0.8720821,-0.5739493,2.0043604,0.065662,-0.12207214,0.5287134,0.26529306,-0.3977045,-0.17202862,-0.09560739,-0.031769823,-0.2847286,1.0336931,0.03141363,1.1117157,0.07811656,0.9286371,-0.42362434,-0.2875998,-0.07447397,1.2558253,-0.012757517,-0.024554774,1.0631106,-0.17488484,-0.051547695,-0.39892036
TCGA-C8-A1HO,3.6585386,2.147227,0.60599256,0.50001574,0.24342053,-0.4317095,-0.13235608,1.2560844,0.40692082,-0.37438723,-0.005232493,-0.008585877,-0.5641837,1.832145,0.9088766,-0.07911407,0.3334354,-0.020312367,-0.09354543,1.6956557,-0.026879713,0.29754436,-0.56498927,-0.045271896,0.7289068,-0.0139328735,-0.036768842,0.35555625,-0.022788225,1.9560226,1.0543509,-0.43618965,-0.09137844,0.3478572,-0.07555247,0.20225705,2.6371765,1.8552141,-0.9362964,3.2549152,0.4819917,-0.18061607,0.46589196,0.8846308,-0.5400482,-0.20046626,-0.15831955,-0.035736248,-0.44768405,0.37905675,0.111010104,1.5311635,-0.085421026,1.5358831,-0.63689834,-0.4642396,-0.0927079,2.0492368,-0.03517277,-0.049470283,1.9332327,-0.32939544,-0.07051105,-0.6578881
TCGA-C8-A26V,2.9911811,1.8710533,0.46923283,0.21421334,0.5369943,-0.39859724,-0.12264683,0.80817336,0.546629,-0.34727842,0.21077694,-0.024084724,-0.4708101,1.3694415,0.91955346,-0.05364011,0.6200214,-0.0007645311,-0.104061715,1.562385,-0.019267602,0.21496916,-0.46132904,-0.029372504,0.88168716,-0.015383321,-0.031211583,0.09082256,-0.049671527,1.6583682,0.702741,-0.3491437,-0.07786348,1.2230002,-0.100481205,0.5390933,2.244178,1.4228802,-0.77040535,2.7515976,0.13452505,-0.14298001,0.50040334,0.7016384,-0.46274066,-0.13320738,-0.13983048,-0.03044334,-0.40371624,0.48591518,0.113001846,1.1388698,-0.052597146,1.2289038,-0.5576523,-0.39682218,-0.098606326,1.7812715,-0.01678642,-0.02262178,1.7597909,-0.2805868,-0.040924873,-0.5537351
TCGA-C8-A26W,1.4155,0.97967315,0.17570162,0.6485987,0.040322714,-0.19977175,-0.06771881,0.4248365,0.026297458,-0.14945914,0.03894335,-0.030797247,-0.21336396,-0.0030879986,0.07203084,-0.021484418,0.5491615,0.06385978,-0.054831337,0.7650036,-0.024684198,-0.00012988159,-0.21883324,-0.0030175976,0.21001866,0.032558832,-0.039004218,0.2713996,-0.011325778,0.58810717,0.29704568,-0.12779053,-0.034416545,0.5112183,-0.033998635,0.7373594,0.95392275,0.5853935,-0.36753696,1.3937436,0.16554682,-0.064727806,-0.0029926754,0.09438138,-0.19403942,-0.08716192,-0.04869578,0.2952291,-0.17543022,0.7719429,0.19631103,0.52809817,-0.012020735,0.6246597,-0.25094926,-0.15809281,-0.027891576,0.6530846,-0.027230386,0.032548364,1.1543174,-0.08369025,-0.013080913,-0.20242922
TCGA-C8-A26X,2.7027497,1.6643002,0.5187329,0.95430046,0.24431531,-0.34650418,-0.122509636,0.7002364,0.38082692,-0.28098246,0.12698604,-0.0005934217,-0.43046814,1.6019315,0.5860377,-0.06752973,0.12429179,0.09932236,-0.06301228,1.4172148,0.11721353,0.1366002,-0.38602546,-0.017282156,0.6578527,-0.01632781,-0.019053562,0.028938439,-0.024042051,1.2819625,0.80493677,-0.3000265,-0.07821504,0.20477639,-0.08581125,0.59094083,1.9512761,0.8067346,-0.7096195,2.2183003,-0.03632481,-0.09011943,0.41057694,0.03840884,-0.4075881,-0.14370576,-0.13503693,-0.037065327,-0.36197022,0.060418185,0.28834394,2.0355256,-0.07277757,0.77536374,-0.49444523,-0.3633856,-0.10317655,1.3670406,-0.017448924,-0.04466771,1.1050383,-0.2767584,-0.040654663,-0.47630844
TCGA-C8-A26Z,2.1880584,0.966846,0.16715232,1.0160097,-0.030373463,-0.2728145,-0.04178541,0.5858326,-0.0100843515,-0.16481249,0.14923508,-0.023590533,-0.27939236,0.5004686,0.48674977,-0.0077424585,0.44001088,-0.026857529,-0.052665055,0.9495193,-0.06893767,0.048594505,-0.2998359,-0.03259468,0.08051573,-0.017112602,-0.03219163,-0.0102598,-0.013366542,1.0824215,0.53209096,-0.1742102,-0.079567045,-0.02013947,-0.041933563,0.38333243,1.5877237,0.6627664,-0.51409596,1.7239233,0.45486355,-0.11602012,0.35670972,-0.009407225,-0.3034924,-0.13362929,-0.05753231,-0.019982623,-0.22480598,1.5303539,0.024370661,0.40718254,0.08117459,1.0719892,-0.3215972,-0.19029307,-0.06276278,0.8223278,-0.053319313,-0.017085185,1.1120888,-0.13617022,-0.047913406,-0.3120211
TCGA-C8-A273,2.5420272,1.4587003,0.47955364,0.72766036,-0.0015880977,-0.31709358,-0.0993241,0.65209717,0.23574087,-0.25452897,0.043372706,-0.032014277,-0.37256056,0.48408443,0.2561617,-0.05272725,0.6431039,-0.0036124722,-0.08639874,1.1318101,-0.039016914,0.26465228,-0.3952038,-0.05345146,0.24295329,-0.02229417,-0.04379045,0.13627894,-0.011190705,1.1758847,0.89554423,-0.27308062,-0.067130275,0.32047263,-0.04991074,0.7774575,1.9195011,1.1744616,-0.6275544,2.472227,0.32469583,-0.14499106,0.4379168,0.3792627,-0.37887573,-0.14914082,-0.09776115,0.06412776,-0.31321207,0.48369354,0.09712673,0.40595266,-0.0050948537,1.4291956,-0.4718043,-0.2976808,-0.058480915,1.4758906,-0.01011794,-0.031592097,1.7783623,-0.17228954,-0.06440118,-0.41603705
TCGA-C8-A274,3.6918373,2.2979076,0.5968235,0.8744542,0.48609132,-0.44646105,-0.15063359,1.1416718,0.4077105,-0.36409155,0.12321356,-0.028238315,-0.5471805,2.2611392,1.0663238,-0.054353006,0.16007489,-0.031791616,-0.08607749,1.5418979,-0.034345802,0.12710291,-0.5234797,-0.017087301,0.3311461,-0.024423499,-0.036145005,0.08181165,-0.01711589,2.1607172,1.1527178,-0.39929816,-0.06362521,0.69171673,-0.09545343,0.1512986,2.6306586,1.4266037,-0.9085622,3.237483,0.23070759,-0.19148113,0.52987784,0.72632843,-0.5417167,-0.22816451,-0.1431651,-0.06853866,-0.4560643,0.43064943,-0.02152971,1.6384648,-0.025240446,1.273894,-0.63730085,-0.4952275,-0.08604669,1.9277301,-0.0373958,-0.04357901,1.9127347,-0.3529409,-0.038049098,-0.66396666
TCGA-C8-A278,2.5904016,1.6653632,0.41278368,0.72270185,0.25867602,-0.32689348,-0.118354455,0.5667321,0.30998966,-0.27384284,-1.7992967e-05,-0.016592456,-0.39901856,1.2039164,0.4400287,-0.058881678,0.4063604,0.0673686,-0.056387044,1.2511564,-0.006604484,0.003410711,-0.38539794,-0.030799685,0.30301538,-0.022949135,-0.017396912,0.18086803,-0.021462502,1.2509488,0.8163519,-0.23118782,-0.065884,0.31680053,-0.08177296,0.61552393,1.7836003,0.90634966,-0.66687864,2.3540728,0.09198427,-0.09142601,0.2311418,0.0490556,-0.37513337,-0.13802613,-0.12703012,-0.029560063,-0.33197626,0.37028453,0.18563633,1.5005996,-0.06178999,0.9477462,-0.47509718,-0.3338655,-0.071571365,1.4228132,-0.018403186,-0.03072986,1.5272415,-0.22427233,-0.047199752,-0.4253277
TCGA-C8-A27A,3.0520008,1.7178814,0.5499858,1.0709199,-0.027081106,-0.3484945,-0.09764932,0.84238887,0.21657872,-0.24990466,-0.027138634,0.13459419,-0.46309605,1.8461348,0.586055,-0.074697666,-0.004642399,-0.041883774,-0.059545007,1.1593417,-0.01635514,0.11855111,-0.44628927,-0.046403013,0.5849117,-0.04627224,-0.0071736397,0.04529604,-0.015370655,1.4923701,0.80612314,-0.3077126,-0.1121245,-0.0728189,-0.06611483,-0.021794973,1.8857908,1.0333734,-0.76115006,2.809105,0.4755233,-0.15661553,0.57220864,0.21732278,-0.45789352,-0.17783505,-0.10121328,-0.066361025,-0.35415998,1.5133363,0.1439266,1.5417856,-0.0589476,1.2652956,-0.5068761,-0.35076484,-0.12795146,1.3997793,-0.056782495,-0.03621408,1.2958994,-0.24535923,-0.03620739,-0.5664076
TCGA-C8-A27B,2.176044,0.8838028,0.44426194,1.8371081,-0.012961428,-0.21582308,-0.1418463,0.1455633,-0.0014810811,-0.15918429,-0.0061956802,-0.0017943211,-0.29569,1.1848809,0.1858205,-0.036717054,0.28977373,0.9360926,-0.046943214,0.3004763,0.14728495,0.2321983,-0.26165313,-0.024532443,0.07403973,-0.013941826,-0.03886242,0.46538505,0.028855205,0.88850653,0.58677024,-0.1634432,-0.04443668,0.9531536,-0.08928099,0.17741473,1.2109525,0.71371657,-0.46182045,1.361927,-0.029414827,-0.08042001,0.41919774,0.2019589,-0.28366426,-0.13000594,-0.042836625,0.16202249,-0.21457744,0.7116366,-0.03252502,1.1685417,0.15710768,0.41823652,-0.37852156,-0.2175798,-0.058722105,1.0253209,-0.030327274,-0.012952419,1.2931374,-0.13575497,0.008422139,-0.32438242
TCGA-C8-A3M7,2.70123,1.6363584,0.50803965,0.9602229,0.23747715,-0.33564636,-0.11115562,0.71507305,0.19736117,-0.26473564,0.13141827,-0.025250027,-0.3809851,1.3314956,0.52362496,-0.032805495,0.36220804,0.00031989627,-0.057376742,1.0749207,-0.009324322,0.00960344,-0.37959114,-0.028739093,0.3014966,-0.029207287,-0.028692285,0.2505448,-0.030859578,1.4842378,0.8803264,-0.24360672,-0.073696814,0.389198,-0.07584674,0.59192795,1.8893745,0.8143061,-0.6556429,2.3065176,0.035201542,-0.123816565,0.4119923,0.24529754,-0.37885043,-0.14038126,-0.103222705,-0.019128239,-0.31875572,0.3928291,0.09472284,1.3390137,-0.023166016,0.98198724,-0.46427736,-0.32962105,-0.07454281,1.3736069,-0.046426814,-0.033000086,1.4733233,-0.2123181,-0.035765044,-0.42696816
TCGA-C8-A3M8,3.5052426,2.2629166,0.46743453,0.82199377,0.33368886,-0.4522607,-0.11927091,1.0930445,0.48686436,-0.36902517,0.16897589,-0.029505858,-0.5929754,1.7639639,1.2266816,-0.06826218,0.5855695,0.13429664,-0.08091642,1.7176589,-0.021614375,0.16636565,-0.53865886,-0.023075713,1.0960621,-0.025093874,-0.054035343,0.1632085,-0.0067486553,1.8683652,1.08682,-0.42453304,-0.09313404,0.32917547,-0.0898873,0.60231113,2.4665644,1.6312543,-0.9290396,3.082787,-0.020007849,-0.19251902,0.84905356,0.40053588,-0.52942836,-0.18170145,-0.14911713,-0.032653775,-0.44225168,0.3483736,0.0009794217,1.316475,-0.06681747,1.3276786,-0.6618174,-0.47580224,-0.098324805,1.9136432,-0.02248198,-0.023135383,1.9657776,-0.3075503,-0.04266077,-0.65696084
TCGA-C8-A8HP,2.0891716,1.191347,0.5109523,1.4269184,-0.008076983,-0.25003138,-0.093402155,0.3568704,-0.0018606958,-0.20077167,-0.012553798,-0.029243087,-0.2869426,0.6218769,0.17440377,-0.024899745,0.63599324,0.17266244,-0.032762155,0.84353095,-0.0377906,0.029685363,-0.28543252,-0.024692465,0.002562739,-0.02373755,-0.013729286,0.3127501,-0.023518635,0.858642,0.67765236,-0.13779365,-0.04510484,0.24749142,-0.04994,0.6999757,1.5512363,0.63829875,-0.49921328,1.9835615,-0.00015883129,-0.08196368,0.15018469,0.06303798,-0.29012886,-0.10932656,-0.07181247,-0.0014837262,-0.22752269,0.28121325,0.21066755,0.8294418,-0.024454137,0.8364146,-0.350129,-0.24156581,-0.053697865,1.0353477,-0.03014773,-0.03368218,1.3708661,-0.14320377,-0.026620677,-0.25160408
TCGA-C8-A8HQ,3.0885744,1.9585669,0.5848535,0.56534725,0.15892856,-0.41222307,-0.11889613,0.89010227,0.2977183,-0.32083294,0.27754617,-0.032046657,-0.49335152,1.6447095,0.783787,-0.056624826,0.49764207,0.11815321,-0.054979455,1.5734118,0.005995769,-0.0043507963,-0.46924505,-0.046717163,1.0565562,-0.027753547,-0.028832478,0.07075514,-0.017273663,1.81161,0.8948046,-0.3711712,-0.07683934,0.15114366,-0.08172179,0.59121263,2.1844978,1.375566,-0.7906367,2.703443,-0.002664198,-0.16549335,0.7511194,0.09411691,-0.46999326,-0.14284502,-0.15373364,-0.03474483,-0.3982026,0.7244805,0.09384043,1.6803929,-0.058581837,1.2788447,-0.58408916,-0.40279672,-0.107116155,1.7966272,-0.012311527,-0.035281386,1.6084845,-0.27478963,-0.046745833,-0.5833107
TCGA-C8-A8HR,2.204822,1.2891237,0.3868024,1.1507894,0.026672367,-0.25128806,-0.09830143,0.2700975,-0.0033302333,-0.21354046,-0.0021062663,-0.026163874,-0.29021543,0.28109097,0.095289275,-0.020697335,0.82266873,0.068180755,-0.045818143,0.9366307,-0.02543795,0.04841855,-0.29449913,-0.019161323,0.2690374,-0.03199565,-0.010500311,0.36842915,-0.010956345,0.88372135,0.76601195,-0.16934033,-0.05488344,0.690279,-0.05419718,0.9440583,1.2900681,0.8912053,-0.5006501,2.037599,-0.0013690463,-0.08771657,-0.000119855256,0.3004099,-0.29320332,-0.11676424,-0.07189234,0.23403023,-0.22088614,0.33273992,0.09953234,0.44273558,-0.003784135,0.7871625,-0.36567292,-0.2486106,-0.047100928,1.1799054,-0.026522348,-0.0017199222,1.6348447,-0.0992898,-0.020134946,-0.2740437
TCGA-D8-A1J8,3.226592,2.1499298,0.5265923,0.93320864,0.30406854,-0.4260498,-0.13280249,0.997652,0.46935716,-0.31698284,0.12460188,-0.029163912,-0.49881554,1.6648282,1.0046419,-0.053302627,0.48619625,0.03310822,-0.081381716,1.4049453,-0.020281026,0.19929239,-0.45998618,-0.03490718,0.71376693,-0.03140018,-0.033568766,0.08636546,-0.018273346,1.9979792,1.0465994,-0.36483628,-0.10177841,0.20190637,-0.077013224,0.28420258,2.313822,1.3237894,-0.856084,3.0610926,0.11425194,-0.1581919,0.6344363,0.18758567,-0.47631046,-0.2030193,-0.13215013,-0.041364577,-0.384556,0.55680484,0.01155643,1.5650419,-0.061533656,1.2847774,-0.5918709,-0.4440736,-0.10046536,1.7891337,-0.020926157,-0.033721346,1.8594812,-0.31036612,-0.040804576,-0.61764604
TCGA-D8-A1J9,3.1432638,1.9579319,0.40157756,0.40829182,0.40387207,-0.38091198,-0.11788628,0.7766932,0.5104505,-0.3551693,0.09442237,-0.01904459,-0.4679574,1.842172,0.96666557,-0.066670276,0.23897386,-0.011228534,-0.085894324,1.514243,-0.02306447,0.2383525,-0.4574122,-0.031857617,0.58854914,-0.008422876,-0.022932086,0.30723062,0.041131042,1.8399101,0.80499667,-0.34603652,-0.06935424,0.3202029,-0.0817328,0.27147976,2.2452152,1.3584836,-0.8147012,2.7747386,0.027271973,-0.13392621,0.64861745,0.6028288,-0.4634231,-0.16693184,-0.15592934,-0.058137596,-0.41395998,-0.011112516,-0.0019551616,1.3110107,-0.0775454,1.0437714,-0.53491163,-0.42760965,-0.08529266,1.7558837,-0.006008854,-0.033590782,1.6796174,-0.3077347,-0.038150575,-0.59109896
TCGA-D8-A1JA,2.5267696,1.3172916,0.6677741,0.51770425,0.31276718,-0.258606,-0.12544571,0.472917,0.38776603,-0.2543708,0.66205776,-0.002142913,-0.35449287,2.201015,0.59308237,-0.066160135,-0.036189362,0.015364384,-0.06570641,0.8886045,-0.0021964763,0.09223939,-0.34111002,-0.04765797,0.08315581,-0.011119627,-0.026363954,-0.024238817,-0.030960083,1.38843,0.39275897,-0.22908258,-0.06191172,0.516203,-0.096407376,-0.019972064,1.4333186,0.93190384,-0.54150915,1.9257387,-0.0038632215,-0.114956774,0.12604105,0.13031313,-0.3654841,-0.13172178,-0.15562214,-0.0743867,-0.31544933,0.22111739,-0.02024267,1.9623718,-0.041119274,0.7064488,-0.43256006,-0.28383732,-0.085328355,1.1186172,-0.025911245,-0.053904515,0.6369344,-0.23197897,-0.054219242,-0.45060214
TCGA-D8-A1JB,2.2146492,1.2113072,0.31370404,1.1287171,0.05619811,-0.27149308,-0.087751284,0.34149373,0.012722489,-0.22926293,-0.004831787,-0.03819702,-0.29257223,0.34683457,0.18924145,-0.018123223,0.6942904,0.018631337,-0.04840457,1.0790062,-0.034095474,0.014113835,-0.31870654,-0.030037796,0.12775327,-0.030311516,-0.016132629,0.36886278,-0.016600387,0.85257363,0.6480943,-0.1635652,-0.053266834,0.5874583,-0.046141367,0.8944975,1.5016813,0.9176497,-0.5102019,1.9850515,0.0759452,-0.10055157,0.00097226724,0.3985666,-0.29737923,-0.103898756,-0.07233288,0.102118984,-0.22234659,0.05426241,0.0057828594,0.28153947,-0.004005944,0.86493015,-0.36189365,-0.25952357,-0.048975628,1.223154,-0.020312475,-0.008684427,1.7137487,-0.1372561,-0.013763601,-0.2744823
TCGA-D8-A1JC,1.6352762,1.1878446,0.23207913,0.75037545,-0.02785701,-0.24300294,-0.049450096,0.39897516,0.24268472,-0.13870206,0.039486177,0.08530245,-0.27761954,0.5938625,0.39070672,-0.017282313,0.32361066,-0.03503013,-0.042909008,0.78332126,-0.021558683,0.10906187,-0.28851077,-0.03313981,0.09587203,-0.031070719,-0.020034898,-0.008430843,-0.01109461,0.912073,0.7131398,-0.16310687,-0.06549708,-0.0026579094,-0.035602313,0.42294103,1.194488,0.6564507,-0.4354529,1.7377547,0.2572592,-0.09616583,-0.0047529503,-0.020507231,-0.25584438,-0.11676949,-0.068569735,-0.015510953,-0.2338702,1.2685163,0.06909576,0.9322429,-0.021127788,0.5527104,-0.30206707,-0.19953299,-0.08336701,0.9235494,-0.0232103,0.035967425,1.1205451,-0.12635307,-0.027666543,-0.28892165
TCGA-D8-A1JD,2.1304548,1.521704,0.32731923,0.5786321,0.31512117,-0.28217277,-0.06906297,0.6426951,0.2672065,-0.2202696,0.15478978,-0.018894726,-0.30491707,0.1953425,0.24409147,-0.056602646,0.62107444,-0.011549671,-0.055318844,1.0066224,-0.0510323,0.031211264,-0.31576523,-0.00639023,0.43458235,0.012001994,-0.04152983,0.13937856,-0.001616998,0.9812131,0.45116994,-0.20347157,-0.07394715,0.45392406,-0.061306268,0.7793908,1.363106,0.87753546,-0.5186396,1.9874157,0.26456884,-0.0799133,0.24438405,0.37913454,-0.31760076,-0.12855858,-0.09665283,-0.004702642,-0.25850582,0.8637389,0.31908557,0.7480369,-0.030528529,0.9697799,-0.3839794,-0.25080422,-0.057062227,1.1260412,-0.039206907,0.13955742,1.3552637,-0.12659699,-0.030474517,-0.3079048
TCGA-D8-A1JE,1.9606837,1.395666,0.23313692,0.3715747,0.116583824,-0.28383383,-0.08996164,0.4290299,0.30662644,-0.22985546,0.043642156,-0.047440417,-0.3331116,0.28055266,0.47774884,-0.027034706,0.78149605,0.26141727,-0.054891407,0.9039221,-0.035915617,0.14408827,-0.3218161,-0.012018177,0.5166297,-0.034514796,-0.004313065,0.20250528,-0.009645044,1.1670146,0.8051305,-0.23010933,-0.06697084,0.7864522,-0.041557156,0.87416184,1.2465876,1.062032,-0.5292772,2.1896048,0.4362613,-0.1101373,0.37711185,0.26308072,-0.30359244,-0.08658276,-0.0805225,0.20398925,-0.25093335,0.797405,0.03773856,0.29088905,-0.012788161,0.7503824,-0.40584204,-0.2760112,-0.049068198,1.1863872,0.019861277,0.018897168,1.708471,-0.13221209,-0.031916257,-0.3130134
TCGA-D8-A1JF,2.7822537,1.6164398,0.43484142,0.7989372,0.004414197,-0.34282032,-0.13133015,0.949725,0.47951433,-0.2619155,0.1454859,0.0023122644,-0.46041915,1.9427844,0.77995294,-0.07386063,-0.013227254,0.24190198,-0.061757814,1.0984322,0.2969807,0.04928553,-0.41637927,-0.032979593,0.85480046,-0.015900774,-0.020007227,-0.0033530933,-0.012698268,1.4430581,0.6871645,-0.30023646,-0.064868145,0.18587539,-0.072605155,0.37371832,1.8543005,0.9336475,-0.72030115,2.1813893,-0.022726463,-0.10643797,0.4354958,-0.027829362,-0.42128038,-0.13753282,-0.14605632,-0.051774204,-0.3838165,0.9210668,0.38126978,2.2898977,-0.091720216,0.81784815,-0.52084196,-0.33191872,-0.14086756,1.2751728,0.07499215,-0.034086198,1.117136,-0.26393756,-0.054084975,-0.50999206
TCGA-D8-A1JG,2.721655,1.552987,0.4211881,0.91322446,0.1012436,-0.30799246,-0.11703377,0.5440038,0.4080438,-0.23979829,-0.005052504,-0.018858222,-0.38636452,1.6709435,0.6398366,-0.07269144,0.14559186,0.1311056,-0.02904172,1.0249337,-0.0009824623,0.0708789,-0.36648458,-0.04371112,0.1894358,-0.031139323,-0.008045683,-0.0026233774,-0.023833228,1.3482801,0.7700635,-0.22959068,-0.08484679,-0.008548978,-0.085255854,0.24298112,1.8293842,0.80502325,-0.6678757,2.1888747,0.00660179,-0.08180276,0.31570378,-0.0046963557,-0.39276013,-0.16592067,-0.12820642,-0.023125792,-0.3392277,0.5979776,0.0931237,2.1339164,-0.0831323,0.86340374,-0.4746605,-0.32925427,-0.087795906,1.2038397,-0.009840631,-0.045311194,1.1001285,-0.2258834,-0.022795822,-0.45106035
TCGA-D8-A1JH,2.242127,1.3980372,0.30575094,0.9410529,0.1670195,-0.28367147,-0.10262356,0.30020347,0.19288108,-0.23516424,-0.0036233931,-0.042747565,-0.30877432,0.2847965,0.27231807,-0.024243552,0.97621465,-0.015619357,-0.06587329,1.1407855,-0.032114293,0.09236429,-0.3212886,-0.024754344,0.3490018,-0.020790076,-0.025159076,0.49398476,-0.004939887,0.93850166,0.6280397,-0.19070973,-0.044825092,0.77872026,-0.033206057,0.91797644,1.4153649,0.9304779,-0.53535503,2.05206,0.054201998,-0.098495826,0.05131424,0.5082239,-0.30519065,-0.11975874,-0.055079605,-0.010471468,-0.2521408,0.43267858,-0.005938398,0.3209161,-0.00056132505,0.80813956,-0.37278527,-0.27308053,-0.055803206,1.1308433,-0.0120352665,-0.014805384,1.7771668,-0.122784905,-0.017408995,-0.3093039
TCGA-D8-A1JI,1.853869,1.5787426,0.13693352,0.29264626,0.30291077,-0.36719993,-0.029057113,0.8486071,0.24705493,-0.22600405,0.21958533,-0.032950185,-0.3881331,0.101183206,0.62767076,-0.01355753,0.60126877,-0.02709037,-0.04870271,1.145332,-0.006314804,0.014738872,-0.36300814,-0.026690653,1.027398,-0.037304014,-0.042276863,0.026505765,0.075219125,1.1804901,0.8240261,-0.27096286,-0.09009712,0.013241816,-0.013011607,0.75026995,1.4528363,1.0786359,-0.6023771,2.4544113,0.60758096,-0.13105051,0.45946342,-0.0050971727,-0.31924862,-0.11292857,-0.10868269,-0.00596382,-0.2869283,1.2914155,0.08337308,0.6507389,-0.061919708,1.1014361,-0.4248502,-0.25537476,-0.078277074,1.3421596,-0.011080162,0.27129993,1.4588823,-0.15881126,-0.028457735,-0.39723203
TCGA-D8-A1JJ,2.444086,1.5734724,0.4287605,0.2845274,0.3519592,-0.31573603,-0.10874355,0.6650216,0.31757298,-0.26509038,0.26106024,-0.028731955,-0.39009407,1.4399651,0.6229479,-0.046602342,0.16667697,-0.0021834152,-0.05901126,1.22402,0.20840125,0.23151398,-0.38936898,-0.031225517,0.60192275,0.06867571,-0.018672574,0.13749762,-0.029940188,1.3407377,0.67621684,-0.3069492,-0.07083061,0.65752053,-0.083403476,0.3562834,1.5962689,1.0566602,-0.63036746,2.0022564,0.0019586775,-0.111601666,0.4742483,0.47097963,-0.39209864,-0.1190719,-0.1251788,-0.04476964,-0.33628273,0.14738403,0.09636236,1.3506736,-0.060299378,0.90790164,-0.44868526,-0.31919453,-0.093306124,1.3815881,0.10603297,-0.016724313,1.1118175,-0.23179622,-0.046408128,-0.44316053
TCGA-D8-A1JL,2.1304598,0.9345336,0.3455483,1.7415886,0.14835013,-0.20061027,-0.13974853,0.048596133,-0.022011233,-0.17050779,-0.036214985,-0.023520581,-0.278943,1.2346095,0.23287468,-0.0429945,0.36275506,0.67266,-0.03606613,0.43870738,-0.006838354,0.44192848,-0.26785585,-0.004849528,0.065731525,-0.030011008,-0.015083942,0.4555107,-0.019684441,0.788661,0.63151944,-0.13134408,-0.046056278,0.9725912,-0.06978227,0.37046087,1.370805,0.8792709,-0.49544078,1.8535098,-0.019066518,-0.051987715,0.04805376,0.33795214,-0.27907965,-0.12164871,-0.057491746,-0.008120554,-0.22102402,0.18303312,-0.006900724,0.974092,0.073267795,0.6091406,-0.37328318,-0.25596327,-0.05626103,1.1656656,-0.032858353,-0.014013526,1.3812046,-0.113227084,-0.023166684,-0.28437805
TCGA-D8-A1JN,2.8379865,2.01389,0.36651552,-0.01953255,0.457958,-0.40979463,-0.13916011,1.1414618,1.002748,-0.33879766,0.8964143,0.15582527,-0.47339067,2.4206886,1.3406497,-0.050950807,-0.022986779,-0.03440922,-0.0868302,1.5658064,-0.009783158,0.066418625,-0.47791252,-0.01416134,0.621345,-0.00038053148,-0.035900045,-0.057884466,-0.03143793,2.1587594,0.45978212,-0.37471658,-0.080489114,0.6229773,-0.08876204,-0.014656596,2.1954799,1.1696309,-0.79605126,2.1875067,-0.0038908825,-0.14424454,0.70095855,0.051058374,-0.4840202,-0.1627485,-0.18490176,-0.098589115,-0.4185227,0.78187925,0.06218014,2.4073672,-0.08178942,0.651586,-0.5643167,-0.41693592,-0.10481989,1.8143189,-0.012897606,-0.016605318,0.9704382,-0.3563002,-0.052503,-0.64956725
TCGA-D8-A1JP,2.5731187,1.673036,0.32055846,0.55122954,0.13728026,-0.28838226,-0.14650324,0.39746633,0.2751991,-0.23727576,0.33466887,-0.03630295,-0.3193176,1.3292704,0.32381657,-0.062402215,0.30808005,-0.023505691,-0.07898841,1.1538914,-0.026293276,0.40312454,-0.36253378,-0.01890598,0.08236265,0.06440843,-0.039160144,0.12527886,-0.0046098144,1.4356309,0.792592,-0.23463587,-0.06313866,1.0418084,-0.0795627,0.12715483,1.696081,0.8447662,-0.58092135,2.217504,0.019635947,-0.07178321,0.20654163,0.58042604,-0.38000482,-0.13559426,-0.10010362,-0.04922286,-0.29223034,0.045772973,0.037470713,1.199769,-0.01794622,0.59652984,-0.43446398,-0.28377223,-0.079166435,1.4569824,-0.020833053,-0.022967314,1.2878413,-0.23121063,-0.017625017,-0.401996
TCGA-D8-A1JS,2.2367878,1.6242965,0.13296606,0.98623526,0.28836823,-0.3021217,-0.066829294,0.74902993,0.43106386,-0.18712224,0.26823,-0.04094636,-0.34532353,0.37567848,0.23671128,-0.010043981,0.41637823,-0.043961126,-0.067741275,0.89052206,-0.053767372,-0.016763104,-0.3413642,-0.023381311,-0.02602957,-0.031747874,-0.016782915,0.13029158,-0.025707364,1.20667,0.60129267,-0.17585783,-0.096124046,1.0358107,-0.045235675,0.63950074,1.4057097,1.1097941,-0.5554505,2.2828808,0.5634592,-0.12654702,0.25236705,0.5130047,-0.31566232,-0.14933136,-0.08992517,-0.006820332,-0.25101078,1.277601,-0.012229573,0.16674536,-0.013707521,1.1200124,-0.447839,-0.26386902,-0.041459102,1.2499654,-0.014760767,0.1020011,1.7660179,-0.13519795,-0.05423829,-0.3394446
TCGA-D8-A1JT,2.313215,1.857952,0.2937417,-0.020630676,0.19018446,-0.3664816,-0.094115146,0.65431964,0.3591381,-0.2705904,0.7779126,-0.031504814,-0.4032104,0.74242777,0.8042717,-0.05401946,0.6548443,-0.009495462,-0.094659306,1.3607088,-0.04309154,-0.0026402965,-0.40660533,-0.024213938,1.2571132,-0.0016860098,-0.05415697,-0.0011406381,-0.019435715,1.110725,0.50494295,-0.30228922,-0.0819859,0.72093034,-0.10288837,0.9484181,1.4797591,1.1389456,-0.6130481,2.0850756,-0.020197151,-0.13547544,0.5654626,0.20508733,-0.3916925,-0.108479775,-0.13593078,-0.012635593,-0.33757535,1.1134964,0.7269297,1.3024323,-0.06212889,0.8786482,-0.4459394,-0.3040975,-0.09116508,1.4770216,-0.010717745,0.43476412,1.3443173,-0.17232509,-0.027976904,-0.4314935
TCGA-D8-A1JU,2.2323773,1.3401163,0.39341173,1.2601101,0.04366991,-0.2716369,-0.08162498,0.29074755,0.053156327,-0.21848956,-0.0038506582,-0.048787232,-0.28803775,0.22381487,-0.0015291913,-0.017250018,0.925027,-0.023055915,-0.05358812,0.9714407,-0.03918176,0.11804156,-0.31044897,-0.025248123,0.007485058,-0.039944332,-0.011446922,0.24019757,-0.012273895,0.9036867,0.70386225,-0.15511777,-0.043220602,0.83696806,-0.039193828,0.9187119,1.3344729,1.0084763,-0.5202554,2.1787002,0.1660861,-0.09721681,0.016351882,0.5656213,-0.28482378,-0.12362653,-0.0726855,0.09189835,-0.22786276,0.33893225,0.0016665291,0.037660286,-0.01972909,0.99516875,-0.37435597,-0.27751008,-0.041820668,1.1453527,-0.03737242,0.14322124,1.7660246,-0.096474074,-0.019519825,-0.26544735
TCGA-D8-A1X5,2.446343,1.5993301,0.3618804,0.051759407,0.36181915,-0.364433,-0.09585157,0.801704,0.5711519,-0.2741657,0.28978807,-0.017449848,-0.41185623,1.5293223,0.827754,-0.059361715,0.1731537,-0.007959765,-0.064458266,1.197322,-0.008203789,0.09173849,-0.36705416,-0.032605004,0.7950008,-0.0068031917,-0.029438913,0.0987234,-0.0068183765,1.6226381,0.7632601,-0.334179,-0.072539106,-0.0018083592,-0.06122486,0.3800046,1.9586878,1.0018082,-0.68241274,2.3226125,0.13482071,-0.11571479,0.7182571,-0.0020471972,-0.41340256,-0.13872199,-0.15873824,-0.037829917,-0.3667392,0.8822513,0.2790772,1.8024278,-0.08627678,0.9732819,-0.47264978,-0.34508654,-0.12278249,1.3990144,0.20275526,-0.018811708,1.0557007,-0.27387294,-0.060302526,-0.52989024
TCGA-D8-A1X6,1.4945045,1.2086124,0.48356923,0.24308604,0.020724677,-0.26964012,-0.019612014,0.67712,0.05637307,-0.16541451,0.21772072,-0.031554367,-0.26886138,0.0014842786,0.6256359,-0.018540114,0.59120953,-0.032932937,-0.03307105,0.76804507,-0.032000583,-0.017878398,-0.25876558,-0.015560359,0.6673295,0.012030893,-0.038049538,-0.01169994,-0.013453603,0.8407577,0.51904064,-0.17905633,-0.07484361,-0.0019845155,-0.029052088,0.93403125,1.0886252,0.5534761,-0.42154858,1.6089802,0.34554505,-0.081685945,0.3282097,-0.010822714,-0.266759,-0.07285766,-0.07528749,-0.0061775846,-0.21500714,1.3922769,0.26074755,0.61263347,-0.06168118,0.74264306,-0.29821113,-0.17609817,-0.07653643,0.8727391,0.014436434,0.14630535,1.0972016,-0.09722649,-0.018506637,-0.24641009
TCGA-D8-A1X7,2.1218016,1.3243388,0.21896552,0.82170206,0.15595701,-0.29671404,-0.07910401,0.5308631,0.07198504,-0.2030773,0.22250904,-0.031297263,-0.30013967,0.43079948,0.23751388,-0.016541338,0.56171674,-0.018041171,-0.028743207,0.85170424,-0.03360887,0.09591118,-0.3086172,-0.041294463,0.36192468,-0.006933287,0.096745625,0.2213833,-0.016603429,0.9194282,0.64123744,-0.16291843,-0.06486251,0.91999066,-0.05903575,0.6764968,1.222317,0.7945976,-0.49483415,1.728697,-0.0015594049,-0.11053486,-0.003142715,0.27367425,-0.2790986,-0.09871825,-0.055822548,0.003040012,-0.23384216,0.5281054,0.093781345,0.23259197,-0.016263185,0.80980754,-0.37098196,-0.2558806,-0.052892864,1.2504153,-0.024172595,0.022764485,1.7540402,-0.088764235,-0.028566537,-0.2837914
TCGA-D8-A1X8,2.540497,1.747929,0.4935334,0.8217558,0.30769455,-0.35599542,-0.07895922,0.8669459,0.15419026,-0.24945252,0.08676931,-0.045688596,-0.38452157,0.36828402,0.41506404,-0.030948535,0.8218518,-0.04064155,-0.09023064,1.1514096,-0.01823711,0.06044302,-0.37482414,-0.016100148,0.26517022,-0.016407158,-0.04325744,0.27549598,-0.0072621093,1.3466036,0.79323053,-0.2244227,-0.07109509,0.5615399,-0.048989546,0.930367,1.7515333,1.1199201,-0.6531362,2.420014,0.18154305,-0.11558389,0.1613273,0.41737187,-0.34718204,-0.1426178,-0.09646328,0.008831892,-0.29418138,0.79816556,0.20393828,0.5646153,-0.037324708,1.2396469,-0.46228448,-0.30717093,-0.059954256,1.4760969,-0.025516436,-0.011377602,1.7960751,-0.1577961,-0.03339384,-0.38496828
TCGA-D8-A1X9,2.8235395,1.7653764,0.4682791,0.26622182,0.245196,-0.38760445,-0.10357106,1.1775653,0.41365013,-0.29096287,0.28594577,-0.00996997,-0.49520358,1.4625069,0.8691855,-0.06487185,0.34495685,0.034199506,-0.06959949,1.5467883,-0.02651591,0.14969139,-0.49003902,-0.056910068,1.3878523,-0.024702528,-0.030557722,0.08998074,-0.00096024125,1.6937135,0.7829996,-0.38313878,-0.09163316,-0.0040537817,-0.070618704,0.27325696,2.2223444,1.4429338,-0.7780057,2.699156,0.2150646,-0.16868614,0.785737,0.42612028,-0.4353561,-0.1414106,-0.13240875,-0.02918244,-0.38462985,1.129246,-0.00056507083,1.4012529,-0.06926414,1.2219384,-0.5584574,-0.35530674,-0.06988851,1.4715372,-0.0047763805,-0.018085008,1.5865521,-0.23977943,-0.03565663,-0.58671695
TCGA-D8-A1XA,2.3450756,1.6175739,0.42292517,0.10527812,0.26015848,-0.34763575,-0.09133913,0.64541453,0.38433847,-0.24931382,0.47578704,-0.005017027,-0.41798902,0.96188414,0.86152637,-0.009670612,0.27453482,-0.022480747,-0.07459407,1.2537247,-0.007194597,-0.007994505,-0.37046567,-0.024571186,0.9163098,0.029174456,-0.019002495,0.043122385,-0.010280929,1.5100034,0.73603094,-0.3229796,-0.087159775,0.17624524,-0.06290596,0.44749153,1.6977261,0.92618746,-0.6160831,2.0428152,0.21094689,-0.112762325,0.5069521,0.10114239,-0.36092517,-0.10938066,-0.13376604,-0.022099437,-0.31507033,1.6543475,0.26682925,1.6740993,-0.11057889,1.3365217,-0.46097404,-0.29238588,-0.10751595,1.2254469,0.025961,0.25148222,1.1234142,-0.16014181,-0.029214222,-0.46270487
TCGA-D8-A1XB,2.8525867,1.6020024,0.48314175,1.1459752,0.22935443,-0.34552342,-0.12062984,0.61589545,0.26600224,-0.28035128,0.362411,-0.039855998,-0.39205164,1.0345943,0.5495446,-0.034734532,0.5446747,-0.027760252,-0.055100884,1.3990715,-0.04642593,0.09788807,-0.40427193,-0.03236593,0.17441987,-0.012388336,-0.015865194,0.17573033,-0.024390684,1.479916,0.7461503,-0.2375206,-0.08732637,0.7000487,-0.064862095,0.5295275,1.7844675,0.9888165,-0.6467663,2.3900084,0.11219933,-0.14632326,0.36971727,0.52964646,-0.41224542,-0.14315575,-0.09956175,-0.019935189,-0.3246316,0.82393175,0.0240353,0.6038535,-0.016624978,0.91726846,-0.46347213,-0.3528451,-0.074406736,1.5434904,-0.017815413,-0.021666331,1.7476884,-0.18422875,-0.023498503,-0.41747352
TCGA-D8-A1XC,2.1759658,1.3885471,0.2498422,0.11150101,0.39618587,-0.32098436,-0.10388788,1.0066627,0.52049816,-0.27198175,0.1292782,-0.03589214,-0.38029528,0.67083746,0.72638386,-0.05952866,0.3786451,-0.014372937,-0.06547369,0.9826251,-0.026032502,0.05099486,-0.37556773,-0.017198164,0.6437822,-0.031131936,-0.03722319,0.021358442,-0.017845532,1.270934,0.6111156,-0.24638382,-0.09769915,1.4100268,-0.03130439,0.64999396,1.4427264,1.0194727,-0.5707221,2.2894418,0.2593257,-0.12536542,0.3652846,0.22597598,-0.316403,-0.10228586,-0.101456486,-0.0066802665,-0.30954155,0.93199337,-0.008519439,0.935185,-0.054442424,0.9929169,-0.4513304,-0.26313472,-0.052829422,1.3811364,-0.01218245,0.061574895,1.4116607,-0.17635904,-0.031791333,-0.39464593
TCGA-D8-A1XD,2.2838907,1.235725,0.26450768,1.0303874,-0.011310211,-0.26088205,-0.077648245,0.44617838,0.28283045,-0.2276616,0.09603349,-0.047188364,-0.31945372,0.54321694,0.21357433,-0.042612616,0.80477625,-0.018040566,-0.050496157,1.1397189,-0.044890516,0.17021307,-0.35453558,-0.007020188,0.11006385,-0.003705379,-0.006821924,0.44055498,-0.0042103752,0.9096113,0.76155776,-0.22585455,-0.06980231,0.4139025,-0.057306226,0.49201933,1.7044668,1.0010195,-0.56739867,2.4926052,0.04431773,-0.11516225,0.13871625,0.5811767,-0.33084926,-0.1392216,-0.07837551,-0.006831473,-0.26373622,0.37716368,-0.011983744,0.09506839,0.13222824,1.0038848,-0.41404447,-0.29079387,-0.05596378,1.3627753,-0.0146490475,0.02287047,1.8146865,-0.12391653,-0.037094798,-0.3691156
TCGA-D8-A1XF,4.3866796,2.5975668,0.5345273,0.6845735,0.58108,-0.5455883,-0.17579526,1.3322266,0.865031,-0.44563386,0.04434672,-0.009585891,-0.7187084,2.4449604,1.2932475,-0.0968895,0.2730939,0.17786723,-0.11730871,1.913819,-0.0030708273,0.26639447,-0.6675756,-0.029854616,1.0193465,-0.0101905735,-0.046781365,0.12827751,-0.049693096,2.4026332,1.1472629,-0.5634258,-0.100410104,0.47772503,-0.13489373,0.37756813,3.1731288,2.0400436,-1.1410102,3.7590299,-0.033012122,-0.21967398,0.9734451,0.57005686,-0.6802435,-0.23503911,-0.22716644,-0.07113409,-0.58457184,0.29885048,0.067426145,2.3135822,-0.11123463,1.7780249,-0.8123766,-0.5966259,-0.16499661,2.3480296,-0.013538167,-0.048480827,1.9891436,-0.42635757,-0.07648244,-0.90914917
TCGA-D8-A1XG,1.8874307,0.9602911,0.27606806,1.0930337,0.36352575,-0.21628971,-0.06642943,0.24730065,0.26077253,-0.20019686,-0.028627856,-0.025606012,-0.25273317,0.49830857,0.047926985,-0.032259952,0.58299124,-0.008239607,-0.03936045,0.8178608,-0.045489367,0.16605821,-0.29497918,-0.004072137,-0.00089689606,-0.036282446,-0.02783261,0.33166614,-0.0040882207,0.74100375,0.44838876,-0.13610023,-0.051850498,1.2103852,-0.038934175,0.71428317,1.3523774,0.7690176,-0.42919785,1.7901102,0.022254648,-0.09146237,-0.0052247136,0.69851977,-0.24161302,-0.09552427,-0.050424404,-0.014362523,-0.20783381,0.16423094,-2.3490376e-05,0.048339322,-0.004560169,0.84248024,-0.35803017,-0.23204243,-0.029188065,1.0511944,0.031871457,-0.013254029,1.587865,-0.10319108,-0.035884164,-0.25436285
TCGA-D8-A1XJ,3.0139625,1.9067444,0.33629116,0.72387594,0.50682706,-0.38492116,-0.16154276,0.87490374,0.59579515,-0.2993359,0.11329745,-0.0016978689,-0.46169502,2.5458965,1.1009871,-0.07951155,-0.019203767,0.00039118342,-0.09565421,1.3371853,-0.003357683,0.18699601,-0.45068294,0.03142099,0.23853488,-0.0005794046,-0.015631847,0.05531915,-0.033255674,1.9700117,0.6499684,-0.34433913,-0.06413933,0.65909886,-0.10871253,-0.019070318,2.4495537,0.94566953,-0.7994977,2.6329455,-0.014765142,-0.13314575,0.46387458,0.61961496,-0.46483174,-0.197731,-0.124868035,-0.063759334,-0.41395757,0.13977353,0.10266919,2.363006,-0.08303518,0.90764135,-0.5427413,-0.4213305,-0.1286494,1.7847985,-0.0067182207,-0.05544532,0.9978339,-0.33607277,-0.051835205,-0.63114756
TCGA-D8-A1XK,2.505038,1.020175,0.34976193,2.1528096,0.25230998,-0.22512908,-0.17304952,0.1555363,-0.018674327,-0.18846224,-0.034560386,-0.008600212,-0.33816978,1.656689,0.2890109,-0.042442914,0.19322197,0.87168574,-0.03294387,0.48428544,-0.031573266,0.41378993,-0.3166408,-0.020532656,-0.0009893473,-0.031546615,-0.03345358,0.68831486,-0.030891513,0.9619888,0.8373731,-0.17678529,-0.020718433,0.8140439,-0.06989726,0.29075506,1.6500691,0.893115,-0.58897877,2.1506095,-0.023452403,-0.07267078,0.111466795,0.6333539,-0.33419004,-0.15340297,-0.052087873,0.06417419,-0.23642035,-0.021085724,-0.0211108,0.94663376,0.19781427,0.7062648,-0.41778627,-0.31575307,-0.04581963,1.3301121,-0.020338824,-0.029035727,1.6595595,-0.15138029,-0.013567582,-0.3797323
TCGA-D8-A1XL,2.248931,1.2270573,0.45145667,0.826008,0.04360241,-0.24449101,-0.11420032,0.15137152,0.13990945,-0.2074933,-0.0004924959,-0.014758417,-0.2536492,0.53184664,0.32532382,-0.046600815,0.66151315,0.16488206,-0.073086195,0.9494784,-0.028400078,0.31647214,-0.31995413,-0.012731889,0.25342333,0.08402464,-0.03475605,0.27217317,-0.011571802,0.9325816,0.3530499,-0.16438808,-0.03234609,1.0096918,-0.06430784,0.39985663,1.4031643,0.7833519,-0.48310366,1.88942,-0.0025645262,-0.076013915,0.12936917,0.6078827,-0.30935866,-0.12080129,-0.071512796,-0.012038946,-0.2570959,0.44495237,-0.006732046,0.6070567,0.14852858,0.55376345,-0.369846,-0.24394882,-0.059678774,1.0964297,-0.011463451,-0.008579564,1.4447978,-0.13982561,-0.017811373,-0.30079237
TCGA-D8-A1XM,2.4059732,1.4496003,0.54508764,0.9467279,0.15636589,-0.29065582,-0.09722271,0.38319135,0.10258984,-0.23848596,-0.007112746,-0.061493445,-0.30548462,0.38859543,0.2839701,-0.047638986,0.6383262,-0.0134272175,-0.060429312,1.0708538,-0.051374327,0.17720824,-0.3472494,-0.008280425,0.032997277,-0.013503638,-0.013606324,0.51103586,-0.010309941,1.0733317,0.6309613,-0.20378529,-0.046977382,0.7379114,-0.03829736,0.64170456,1.6996562,1.0963879,-0.55720365,2.3835835,-0.0005366413,-0.11578353,0.23135301,0.3839622,-0.33507666,-0.11250315,-0.07867029,-0.003227045,-0.26908982,0.22289352,0.026012948,0.2995516,-0.003659726,1.0485243,-0.4019026,-0.2984024,-0.0654354,1.2341223,-0.0126469275,-8.2195926e-05,1.7574618,-0.12431385,-0.025482735,-0.33674613
TCGA-D8-A1XO,2.1776378,1.4873872,0.1991364,0.93791944,0.19171229,-0.32089472,-0.07549251,0.47748658,0.17150502,-0.2230926,-0.0028868166,-0.034117702,-0.29588392,0.39870822,0.2580584,-0.009611101,0.9175928,0.022133974,-0.05234636,0.91857576,-0.025224585,0.16447568,-0.3252056,-0.0148652615,0.13295354,-0.023683665,-0.0038709796,0.30272105,0.019448087,1.0699183,0.8055587,-0.18821986,-0.046856757,0.7431487,-0.040300928,0.93845487,1.4694924,0.9257834,-0.52991664,2.2110813,0.3433162,-0.09364719,0.234454,0.31133693,-0.29282996,-0.11852031,-0.0591177,0.015185643,-0.25023302,0.5351527,0.01373524,0.23606758,0.055306785,0.6573437,-0.4092086,-0.2880782,-0.037136387,1.2823162,-0.03312372,-0.0064594434,1.7682121,-0.11356509,-0.008735558,-0.30135497
TCGA-D8-A1XQ,1.9504992,1.0371381,0.47304338,1.0502983,-0.020870548,-0.2275374,-0.11550412,0.14880082,-0.0059525906,-0.13598533,0.10175433,0.090898134,-0.2667216,1.0651374,0.27568015,-0.046703417,0.22589448,0.67050683,-0.026320979,0.36512303,0.060945522,0.12477888,-0.2464578,-0.027660472,-0.000979938,0.08017307,-0.020208543,-0.007720177,-0.009443515,0.7859246,0.4686393,-0.15398431,-0.06136204,0.50046355,-0.10663982,0.29639703,1.1424079,0.55946076,-0.42634374,1.3203982,-0.007975493,-0.062474996,0.21731222,-0.007170686,-0.25971195,-0.1163665,-0.07254261,0.027966399,-0.18520612,1.0565053,-0.00016075726,1.8756956,-0.041242033,0.7119351,-0.33946428,-0.16679147,-0.07703463,0.6804827,-0.023072617,-0.020393638,0.90558046,-0.1250443,-0.008603192,-0.26407465
TCGA-D8-A1XR,1.3155015,0.90132964,0.13355398,0.7569224,0.116420195,-0.21536992,-0.055392165,0.28562686,0.013107163,-0.145819,0.1365982,-0.004561444,-0.20208442,-0.009599196,0.2345239,-0.03104311,0.5393378,-0.02392065,-0.04784501,0.69106656,-0.02707303,0.054086804,-0.20897642,-0.030157564,0.37331483,-0.027097974,-0.036200147,0.14892459,-0.0138355335,0.63711077,0.47578308,-0.100969255,-0.051218636,0.53761935,-0.018162616,0.663705,0.88739276,0.48667237,-0.3463541,1.4961077,0.24820821,-0.06754176,-0.014699298,0.25308603,-0.18933226,-0.08072395,-0.04744389,0.26820722,-0.13510494,0.82950723,0.14261961,0.012042753,-0.002050612,0.5323068,-0.26542386,-0.14517489,-0.048038494,0.7517426,-0.010677352,-0.003124178,1.1644396,-0.05098204,0.030712005,-0.18576737
TCGA-D8-A1XS,1.7908608,1.1327583,0.3188218,0.4478224,0.09119645,-0.25608718,-0.096727274,0.44427294,0.115490444,-0.20346856,0.35882655,-0.036880698,-0.25554243,0.108065754,0.1250736,-0.030372838,0.7346843,-0.040936522,-0.06550055,0.8569974,-0.020657862,0.1091935,-0.29109892,-0.02711395,0.27776164,-0.02039737,-0.024338704,0.29610357,-0.008669364,0.94758445,0.47667286,-0.16792654,-0.05190992,0.60076594,-0.053782977,0.6150155,1.1813697,0.7841607,-0.4494066,1.850313,0.15646397,-0.09687441,0.34481853,0.3904633,-0.27315038,-0.116376795,-0.06764347,0.10924347,-0.20006783,0.69289666,0.08239388,0.2770157,-0.022807173,0.84370977,-0.3408007,-0.2149812,-0.043893114,0.7383845,0.046538766,0.044679936,1.5828841,-0.10007024,-0.016650096,-0.27915144
TCGA-D8-A1XT,2.5490472,1.3453468,0.39329407,1.834981,0.0503109,-0.27496585,-0.099431075,0.35276634,0.1032777,-0.21090698,-0.013741808,-0.0164434,-0.34170207,1.2221872,0.30353194,-0.04155096,0.4260128,0.02011021,-0.042397883,0.7293366,-0.016969392,0.40872687,-0.33953258,-0.026018262,-0.023587521,-0.035197925,-0.02309282,0.34289843,-0.030302305,1.1338816,0.96410316,-0.1669695,-0.034359805,0.33018503,-0.07263487,0.10796801,1.7087139,0.7465572,-0.6158544,2.2514648,0.3108747,-0.105793834,0.13315585,0.42306668,-0.35121208,-0.16424602,-0.09104022,0.075776145,-0.27970058,0.12228201,-0.02201842,0.91231704,-0.023911104,0.8281899,-0.4398285,-0.296539,-0.057691064,1.2394588,-0.021012897,-0.039579075,1.5617373,-0.17234378,-0.030267814,-0.37676737
TCGA-D8-A1XU,2.7126527,1.849449,0.53230685,0.75937986,0.18371041,-0.38281313,-0.08821317,0.72785157,0.51555854,-0.2759237,0.13881882,-0.00813908,-0.42140362,1.5242574,0.59935665,-0.043424614,0.36848757,-0.00902302,-0.076451756,1.1823252,-0.0015233721,0.17995456,-0.393014,-0.039116368,0.50971556,-0.021402642,-0.037226852,0.07408002,-0.014539907,1.6786543,0.92361444,-0.3273817,-0.06666482,0.21743506,-0.057102043,0.51150703,2.060101,1.1191936,-0.69423026,2.5349452,0.3031094,-0.13449888,0.5539829,0.22736527,-0.41111597,-0.1733523,-0.12514353,-0.028245179,-0.35352057,0.7808925,-0.008109576,1.3561928,-0.034852605,1.1804618,-0.4972489,-0.3779959,-0.07434291,1.4861101,-0.03353542,-0.032747664,1.6063827,-0.24924831,-0.035632256,-0.4883074
TCGA-D8-A1XV,2.5991707,1.6466687,0.37446418,-0.008395461,0.5720473,-0.37226775,-0.13582964,1.093037,0.66367817,-0.303485,0.35308114,-0.037446883,-0.45601812,0.8329775,0.6447498,-0.08005286,0.6117758,-0.011062989,-0.061045695,1.2516781,0.0035470016,0.33307922,-0.4496572,-0.047497142,1.0072153,-0.027706122,-0.038404115,0.29215044,-0.012775515,1.550794,1.0807782,-0.35944548,-0.09013315,1.3544792,-0.09073501,0.3908573,1.8756524,1.2111037,-0.6968776,2.5602283,-0.01992659,-0.14645982,0.74020463,0.45151258,-0.42631555,-0.120270506,-0.13119859,-0.013069607,-0.34048912,0.49405923,-0.024703838,1.2483107,-0.0535086,1.2730538,-0.5386723,-0.36736307,-0.08011569,1.6793753,0.25660953,-0.016557924,1.5516274,-0.23173527,-0.03727084,-0.527308
TCGA-D8-A1XW,1.2954636,0.4676554,0.3465741,1.3548663,0.033435225,-0.1349899,-0.08826137,-0.0044370415,-0.011428934,-0.11654222,-0.007280346,-0.010540856,-0.16421078,0.9780063,0.07738076,-0.018202683,0.31577024,0.74735624,-0.018860076,0.18142848,0.17706396,0.06754235,-0.17646801,-0.010213814,0.21279898,-0.0060474942,-0.03331731,0.40650094,-0.0017031543,0.5468696,0.21016295,-0.10504025,-0.018933881,0.70558953,-0.06587166,0.24628447,0.8148205,0.5542267,-0.2981151,1.1489115,-0.028276473,-0.03791843,0.20652246,-0.009151423,-0.1888382,-0.088177234,-0.030114962,-0.0038710495,-0.14399347,0.53234756,-0.018242782,0.86938167,0.094623454,0.35978508,-0.25600025,-0.1434362,-0.01830214,0.614277,0.117244504,-0.00965997,0.93037206,-0.07517706,-0.01769986,-0.21445356
TCGA-D8-A1XY,1.3906063,0.7995557,0.21386147,0.6815112,-0.00727603,-0.1953798,-0.043685243,0.14193805,0.0032024877,-0.14659096,0.17935878,-0.015403459,-0.21062405,0.24510853,0.07365816,-0.0063436828,0.5886924,-0.015159398,-0.023099264,0.69818455,-0.027573818,0.056294397,-0.21219495,-0.029461263,0.22512779,-0.0028713613,-0.0052498477,0.18201499,-0.027812755,0.5963973,0.40803257,-0.12852626,-0.0665888,0.31785843,-0.031426728,0.36498204,0.8412852,0.62965095,-0.3485688,1.2974534,0.21712549,-0.064539425,-0.0037746467,0.11964366,-0.20246208,-0.085057065,-0.048268598,-0.011120908,-0.1804351,0.7671916,0.15367551,0.5174855,-0.014226642,0.56165045,-0.25730032,-0.15450883,-0.042871937,0.88116795,-0.016649516,0.22522312,0.97364,-0.07660869,-0.021171512,-0.18932731
TCGA-D8-A1XZ,2.126995,1.4102839,0.49791983,-0.033057667,0.07953961,-0.30374572,-0.10253316,0.92202264,0.47839576,-0.27617443,0.6969845,0.12040775,-0.34669265,1.485233,0.7598938,-0.03499997,0.05688836,0.041112818,-0.0655477,1.0981697,0.1838288,0.08522477,-0.36817816,-0.027429735,1.1720738,0.15575536,-0.036055587,-0.010683958,-0.033688344,1.3566793,0.54931855,-0.33112136,-0.06963524,0.5867138,-0.0958605,0.26584032,1.8079232,0.6833108,-0.58658427,1.9682103,0.023340197,-0.080657035,0.71365535,0.12543657,-0.35679427,-0.10537399,-0.12020536,-0.056171775,-0.3186888,0.81105745,0.17505117,1.9148179,-0.05288103,0.59879184,-0.4097136,-0.26480487,-0.11582782,1.3202759,-0.009835932,-0.020678503,0.65833426,-0.23787645,-0.044505555,-0.4494481
TCGA-D8-A1Y0,2.0489707,1.5545415,0.45168766,0.89154524,0.050908536,-0.32698178,-0.072085015,0.69466156,0.2411581,-0.2146889,0.107598715,-0.040896233,-0.3685542,0.502998,0.6128572,-0.03978559,0.9063336,-0.021203311,-0.052455347,1.0788354,-0.0343949,0.28316882,-0.3503712,-0.04428817,0.393965,-0.033930447,-0.034187943,0.08928466,-0.019253163,1.1330172,0.82653993,-0.2534135,-0.09545079,0.13863167,-0.03332217,0.87548566,1.7170364,0.8278249,-0.6083494,2.510638,0.49268663,-0.104320936,0.37848866,0.03918542,-0.33980474,-0.14077881,-0.09357383,0.06193288,-0.27900442,1.1925821,0.37638062,0.9947954,-0.05484404,1.173941,-0.41286382,-0.27764374,-0.082133524,1.285686,-0.020645734,-0.0041867313,1.4891236,-0.17997558,-0.024315495,-0.3590847
TCGA-D8-A1Y1,2.0124264,1.5773739,0.4785344,-0.007763199,0.14156957,-0.29660106,-0.08855755,0.67933154,0.27626327,-0.24314354,0.6678941,-0.023757424,-0.3295108,1.1402963,0.72675437,-0.021046177,0.37350544,-0.0067331702,-0.06583732,1.2037007,-0.0195876,0.10118266,-0.33552226,-0.029370422,0.76988566,0.24386013,-0.014853406,0.002687458,-0.012122737,1.4501909,0.48397517,-0.2413117,-0.07517197,0.5026671,-0.050379105,0.26625347,1.5373871,0.8803038,-0.55662787,1.8486391,0.12046941,-0.0905432,0.54730433,0.24102692,-0.3367397,-0.09860506,-0.107202366,-0.061834987,-0.2837836,0.88067216,0.055788197,1.5126035,-0.050364036,0.75932616,-0.39141083,-0.25884554,-0.100686766,1.3163011,0.019320957,-0.007895701,1.0354115,-0.1999187,-0.03833763,-0.42533275
TCGA-D8-A1Y2,1.7302686,0.89160264,0.24142897,0.9717434,-0.0021557284,-0.20249753,-0.070977226,0.19820672,-0.025553046,-0.16605441,0.068614066,-0.023003533,-0.22412975,0.083005205,0.16839525,-0.014214262,0.7400397,0.05211585,-0.03398366,0.7674654,-0.0147581175,0.093664624,-0.22437489,-0.009937901,0.101239786,-0.023998901,-0.027847964,0.116381645,-0.015359232,0.67780924,0.63613045,-0.12859373,-0.03707592,0.2207143,-0.04441644,0.69752777,1.0198467,0.5687909,-0.3781982,1.6159202,0.16682623,-0.061276805,0.029193949,0.08842237,-0.23405819,-0.084766515,-0.049094398,-0.0033542549,-0.15627472,0.3921979,4.7430396e-05,0.557224,-0.009717349,0.6718708,-0.27623102,-0.171486,-0.05148728,0.71887314,-0.019267943,-0.0017357141,1.2541964,-0.08135667,-0.020811388,-0.21504283
TCGA-D8-A1Y3,3.3119884,1.9179535,0.62568057,0.05481437,0.3531707,-0.40698972,-0.15656911,0.94980425,0.904841,-0.36226782,0.24584374,0.0576806,-0.5402493,1.8462683,1.1044409,-0.08548249,0.090767846,0.117518514,-0.09538656,1.7011318,0.20575868,0.018694013,-0.52384084,-0.034007877,1.0076743,-0.009262444,-0.023375707,-0.008278059,-0.032883596,1.918745,0.86294967,-0.41125128,-0.07569923,0.66453636,-0.10374021,0.19153677,2.1523607,1.5378757,-0.86770386,2.5180852,-0.025640741,-0.1428339,0.7341221,0.23027526,-0.52458304,-0.16799217,-0.1658291,-0.071608774,-0.48562512,0.27160266,0.11210977,2.400538,-0.09043941,0.9142794,-0.6031227,-0.44292307,-0.14407174,1.5953301,-0.012627591,-0.0063756914,1.1320037,-0.3284409,-0.052840143,-0.6929388
TCGA-D8-A27E,1.6725441,0.90845937,0.13595632,1.0831186,-0.0032647331,-0.1956568,-0.060631372,0.3168325,-0.013399932,-0.16293356,-0.0356688,-0.047666367,-0.1980601,-0.018059412,-0.013879681,-0.017933855,0.69385946,0.036802225,-0.025301427,0.72313493,-0.03984231,0.15574902,-0.23991387,-0.024478957,0.018344324,-0.013994156,-0.016790895,0.28830072,0.08806934,0.65495634,0.5004471,-0.09900357,-0.03233051,0.981337,-0.026184306,0.73272806,1.1159546,0.8363487,-0.37924036,1.6969218,0.14765759,-0.08085838,-0.008790283,0.3927248,-0.22106998,-0.0887265,-0.06427511,0.32914874,-0.18117902,0.24088494,0.03645423,-0.021844445,0.170444,0.5946624,-0.2870988,-0.18317471,-0.026030445,0.9312499,-0.012191338,0.031771187,1.5677779,-0.07221607,-0.002309464,-0.18685067
TCGA-D8-A27F,1.9741043,0.65393513,0.39115432,2.0706496,-0.006795624,-0.13624862,-0.13813457,-0.017626366,-0.002628684,-0.123492934,-0.028061902,-0.013321854,-0.23391569,1.6224991,0.20496257,-0.030233106,0.29513118,0.8924626,-0.033772007,0.18246873,-0.006094965,0.24206708,-0.20710061,-0.018990463,-0.035295203,-0.014125592,-0.025023956,0.46383718,-0.03037895,0.46945462,0.49796236,-0.090146676,-0.016621837,0.97324604,-0.07816372,0.18079868,0.941912,0.45938054,-0.3761675,1.2375124,-0.0376979,-0.037911866,0.08495635,0.08145337,-0.23002978,-0.1237423,-0.02881456,0.11559017,-0.17563663,0.2344767,-0.030288864,0.80528456,0.26344582,0.33828798,-0.32650676,-0.20837544,-0.055869233,0.73062015,-0.014494367,-0.0021748673,1.0584013,-0.09507462,-0.015204783,-0.25821763
TCGA-D8-A27G,3.3136766,1.9304434,0.6023986,1.2818726,0.3282706,-0.40322766,-0.115289345,0.99431056,0.4922094,-0.33113262,0.08758069,-0.028597564,-0.50705975,1.6272304,0.8034255,-0.07043836,0.48003933,-0.023025168,-0.07625248,1.5369595,-0.026171122,0.18366508,-0.4872074,-0.042565662,0.6226022,-0.017128153,-0.013499017,0.11534369,-0.03142308,1.7159878,1.016452,-0.34825206,-0.09924781,0.2953777,-0.077284396,0.44339135,2.1364977,1.303444,-0.8281054,2.872571,-0.014723971,-0.14347078,0.56116015,0.34160233,-0.50522953,-0.19312172,-0.1510955,-0.03712844,-0.4068624,0.65068257,0.41774365,1.6619381,-0.067072354,1.2557727,-0.5867971,-0.42831302,-0.11283042,1.7636614,-0.03778564,-0.04195704,1.721127,-0.2730373,-0.047912627,-0.5674022
TCGA-D8-A27H,2.7023993,1.040877,0.5651823,2.0814276,0.08139491,-0.24140334,-0.14529361,0.2173743,-0.0060623875,-0.21916044,-0.055324174,0.010390005,-0.34481373,1.8018329,0.5282809,-0.040658314,-0.000759352,0.73584306,-0.04009105,0.48324364,-0.00918468,0.5016148,-0.34959573,-0.035911396,-0.018625608,0.027019681,-0.04438145,0.41700068,-0.019561583,0.83720386,0.6379463,-0.17940496,-0.064417005,1.0505208,-0.058612358,0.15325077,1.5528045,1.0784106,-0.6008841,2.1589012,-0.0028767555,-0.067768104,-0.00018015468,0.63931626,-0.35996327,-0.14027749,-0.07039868,-0.033561073,-0.29761857,0.38341635,-0.029341722,1.043168,0.11844555,0.86847085,-0.4620439,-0.3350756,-0.08037766,1.4327816,-0.044503517,-0.04110842,1.4428854,-0.17380929,-0.018482046,-0.39982238
TCGA-D8-A27I,2.1397917,1.4839624,0.4559975,0.92143357,0.105257064,-0.27329224,-0.065731704,0.5288372,0.121164896,-0.23782885,0.072270565,-0.043262266,-0.31209895,0.26263952,0.24214235,-0.017314171,0.77876276,-0.0031897917,-0.045127694,1.1219336,-0.026517639,0.06245143,-0.3131192,-0.017851165,0.28401232,-0.019737137,-0.01582105,0.16673906,-0.01868194,1.0029078,0.68500787,-0.17230614,-0.053098798,0.43697542,-0.05535061,0.8924054,1.4575721,1.1049879,-0.525894,1.9930876,0.12220864,-0.08992776,0.20014918,0.10995042,-0.29671523,-0.100509524,-0.08840282,-0.009213782,-0.24999984,0.32832417,0.1284905,0.40813407,-0.028267149,0.97150457,-0.3792684,-0.26040924,-0.05404843,1.2226157,-0.02682217,-0.0043464755,1.6981198,-0.1300455,-0.015810713,-0.3066351
TCGA-D8-A27K,2.7838912,1.5243688,0.46153164,0.9856966,0.39320055,-0.3275706,-0.13759558,0.54562277,0.2513267,-0.28432846,0.17965846,-0.015658906,-0.37079993,0.9572424,0.3026554,-0.050757077,0.7744518,0.08895406,-0.065155625,0.98092484,-0.033540968,-0.00072832266,-0.40763068,-0.012067632,0.33723757,-0.0029205165,-0.019992318,0.4325857,-0.005635213,1.2996349,0.80295134,-0.2043794,-0.05577268,1.393018,-0.059455484,0.73208195,1.7524669,1.1175787,-0.6415855,2.591572,-0.0055998378,-0.11900085,0.3613373,0.89203185,-0.35517532,-0.12744054,-0.09177283,-0.0062206998,-0.32531774,0.008633029,-0.017962454,0.4652366,0.06858705,0.84928447,-0.4831706,-0.33817253,-0.064200245,1.6524479,-0.021741532,-0.010976041,2.0742767,-0.1665384,-0.021136349,-0.41135094
TCGA-D8-A27L,1.7325412,1.0868447,0.23011732,0.9091824,0.009538468,-0.22552016,-0.053864807,0.2202181,0.071775325,-0.16770412,-0.003635735,-0.020338507,-0.23815583,0.24217509,0.09465621,-0.015100233,0.6752907,-0.016154198,-0.04360425,0.91997015,-0.02997902,0.059498362,-0.24823192,-0.017694319,0.035081025,-0.013994741,-0.016214417,0.105883986,-0.009188227,0.70594645,0.54256177,-0.14241724,-0.049567018,0.36235124,-0.04610551,0.77101344,1.0960505,0.6890503,-0.41425952,1.8012016,0.20835651,-0.06273739,0.012536082,0.15967473,-0.26527515,-0.10555569,-0.05663305,0.15750922,-0.19403856,0.738848,0.14917119,0.50640285,-0.0096238125,0.6260012,-0.3021761,-0.20244932,-0.044350993,0.8254,-0.022531675,-0.010425523,1.3227204,-0.08837197,-0.01339629,-0.2339716
TCGA-D8-A27M,2.0522668,0.9428874,0.38229182,1.5259293,-0.0058068307,-0.21817079,-0.09155499,0.10798,-0.02246986,-0.18208352,-0.022784049,-0.038439173,-0.2566317,0.5067946,0.08099306,-0.008247296,0.68102807,0.6119548,-0.010890902,0.66548693,-0.032715853,0.13752882,-0.26879796,-0.029223073,0.26177707,-0.028843582,-0.033468615,0.503928,-0.0045857574,0.80626774,0.6682067,-0.13637044,-0.046394676,0.5414691,-0.056753524,0.86784375,1.2369993,0.85020435,-0.46628425,1.6613752,-0.007627296,-0.07098095,0.09461194,0.022855058,-0.2645075,-0.09227118,-0.051163226,0.09921683,-0.18526177,0.17053853,-0.0042140186,0.5046352,-0.004423351,0.64605457,-0.33367673,-0.22648886,-0.04359322,1.0446903,-0.025446398,-0.014498422,1.6068399,-0.1298922,-0.01164903,-0.24048717
TCGA-D8-A27N,2.782208,1.5121878,0.3995595,0.3938521,0.09840047,-0.31988364,-0.10965033,0.5721311,0.32974154,-0.32084218,0.04630346,-0.025107592,-0.40171227,1.1965591,0.43700206,-0.07263848,0.31405377,0.14173026,-0.07541064,1.465273,-0.041647337,0.19704546,-0.3921514,-0.027228713,0.79670095,0.038371634,-0.022483027,0.44218194,-0.0028745101,1.4398612,0.9087472,-0.30336168,-0.0535518,0.5556673,-0.07751021,0.5146572,2.11674,1.1277838,-0.66354513,2.1314526,0.029525498,-0.15115066,0.5267783,0.56581664,-0.39056537,-0.11335832,-0.13191248,-0.03625821,-0.33983347,-0.0019105915,-0.004158787,1.1779326,-0.05561796,0.823753,-0.48085758,-0.33362296,-0.06580736,1.3607625,0.16724785,-0.030929333,1.489257,-0.18869682,-0.034710918,-0.47691756
TCGA-D8-A27P,1.9297689,1.1433984,0.31291574,1.2969207,0.14329499,-0.23870488,-0.077140756,0.23867956,0.12533385,-0.18160121,-0.0025627608,-0.048963323,-0.2447489,0.17755373,0.0725383,-0.017608413,0.8049999,-0.0005242823,-0.045854878,0.7694388,-0.028743183,0.19733462,-0.28276092,-0.009900822,-0.0032589969,-0.037401285,-0.008994843,0.25563744,-0.0025495708,0.7044309,0.6241977,-0.12758556,-0.027629415,0.9677424,-0.03925231,0.7064091,1.108599,0.82686675,-0.42598677,1.8227379,0.14408888,-0.08790406,0.0657561,0.5653574,-0.24439965,-0.111602776,-0.04299138,0.16843466,-0.20644899,0.4086497,-0.0025295767,-0.015657812,0.08245274,0.6824936,-0.32554352,-0.21598475,-0.026806608,1.1488559,-0.0185804,-0.003971794,1.6321602,-0.08732026,-0.016413014,-0.20761798
TCGA-D8-A27R,2.633924,1.2774178,0.40873054,1.4132556,-0.0022827506,-0.25586846,-0.11821222,0.5034597,-0.0057685687,-0.21248506,-0.011259794,-0.022404583,-0.33234638,1.2395419,0.2989532,-0.043523137,0.42029834,0.044117033,-0.05251647,0.91403,-0.030201215,0.24469033,-0.35077462,-0.030976294,-0.019581847,-0.008597464,-0.037557077,0.39604497,-0.012894697,1.1951916,0.7809428,-0.1869494,-0.052308466,0.2518106,-0.054721873,0.18999676,1.7938983,0.8123016,-0.59656125,2.341219,0.2546052,-0.0966743,0.20846939,0.4614914,-0.3612357,-0.14854845,-0.070355445,-0.033779513,-0.25538516,0.15419346,0.043354303,0.7565108,-0.01019552,1.0118033,-0.41299865,-0.30054143,-0.045354992,1.2577178,-0.023417851,-0.05059096,1.5666445,-0.18215495,-0.039560523,-0.36649045
TCGA-D8-A27T,2.229208,1.8216707,0.5195038,0.88238424,0.18299784,-0.31798768,-0.07586732,0.60926235,0.15383774,-0.23047765,0.077827364,-0.025286335,-0.3357918,0.37145615,0.558096,-0.014996633,0.59903044,-0.009201921,-0.060425557,1.0804985,-0.018177636,0.033456407,-0.3528437,-0.015329932,0.44376114,-0.040864587,-0.01745302,-0.011599459,0.029964745,1.1387028,0.6430264,-0.21372902,-0.075662225,0.44613004,-0.02389167,0.68341434,1.4082953,0.9709866,-0.55926317,2.2084174,0.2967289,-0.111852884,0.344647,0.29173177,-0.31184912,-0.11161232,-0.100656584,-0.009490672,-0.2649687,1.3053291,0.2771269,0.7284656,-0.017396476,0.92464405,-0.42628288,-0.27310732,-0.05260495,1.2246225,-0.0033109915,-0.004602589,1.4904255,-0.110468864,-0.048543762,-0.35326073
TCGA-D8-A27V,2.0813165,1.5585145,0.4363961,0.80435795,0.26157165,-0.32527742,-0.054079898,0.7514694,0.15914732,-0.23084597,0.12255842,-0.029396622,-0.32977983,0.34656236,0.4556193,-0.018217195,0.46275097,0.017263008,-0.0573874,1.1251489,-0.030049074,-0.0063060257,-0.34327695,-0.027448306,0.60616326,-0.0385374,-0.022264136,0.1510327,-0.003011106,1.3723509,0.6378337,-0.21557534,-0.074942365,0.29097214,-0.05112592,0.96503437,1.5542601,0.94527626,-0.56001455,1.940219,0.52068895,-0.1157491,0.48807424,0.14275293,-0.33143508,-0.12130226,-0.0869925,-0.0018200207,-0.2881292,1.0766906,0.42198694,0.6480328,-0.026848186,0.9752522,-0.39383644,-0.28285453,-0.06610004,1.2548015,-0.027313998,-0.0014678705,1.3525175,-0.12925139,-0.021707067,-0.33933002
TCGA-D8-A27W,3.0377347,1.703216,0.3538481,1.0691136,0.03875449,-0.36776468,-0.104187466,0.8018471,0.24765626,-0.2793392,-0.0067388685,-0.031049076,-0.44693682,1.4687747,0.8956877,-0.048269805,0.425988,-0.028840989,-0.06431647,1.3788025,-0.04947033,0.23979951,-0.45916697,-0.032655098,0.37263212,-0.025854936,-0.035341833,0.12865484,-0.026305705,1.5564929,0.79639304,-0.3018367,-0.08085737,-0.026104314,-0.06695807,0.1763358,2.2178514,1.0028685,-0.7607219,2.845933,0.37818426,-0.15358542,0.5769232,0.3619508,-0.4342816,-0.18217923,-0.11202564,-0.04896072,-0.33854115,0.92681175,0.10780039,1.3790756,-0.03362967,1.2474538,-0.521696,-0.35491547,-0.08590327,1.4691789,-0.027329808,-0.040058885,1.5734856,-0.245243,-0.03487727,-0.52312654
TCGA-D8-A3Z5,2.5369651,1.3662995,0.4726242,1.3441645,0.24613737,-0.30209473,-0.10613435,0.5383273,0.080647595,-0.2386211,-0.012001619,-0.038328487,-0.33398113,0.61744386,0.23734708,-0.026985157,0.749029,-0.00063173793,-0.05174246,1.0626112,-0.04087082,-0.0006945313,-0.354479,-0.019237919,0.16899629,-0.017446032,-0.032972775,0.49917105,-0.011796256,1.1506408,0.63946354,-0.18976036,-0.06353085,0.91547537,-0.039792888,0.8738482,1.5103064,0.96578014,-0.571557,2.2657838,0.044351578,-0.10609547,0.11160421,0.47575963,-0.33583474,-0.13329814,-0.055280324,-0.008330292,-0.26023299,0.39537647,0.04006894,0.041819774,-0.0062838304,0.83176166,-0.42913952,-0.2873074,-0.04917158,1.3621883,-0.017268013,-0.012208777,1.8817985,-0.13760188,-0.008982776,-0.30688703
TCGA-D8-A3Z6,2.7203453,1.7997487,0.6113998,0.94874734,0.47153914,-0.3561825,-0.08639198,0.75410396,0.3760369,-0.3011421,0.38490105,-0.03825091,-0.3906378,0.93104804,0.5010782,-0.030888079,0.5080577,-0.0030346008,-0.055614617,1.1428417,-0.013347973,0.22799823,-0.40147877,-0.023710608,0.4691114,-0.020375887,-0.027291143,0.26974696,-0.0058520525,1.4797091,0.80505854,-0.28622654,-0.0715519,0.7015162,-0.06924923,0.5568198,1.815702,1.1303974,-0.67895,2.5730007,0.19214423,-0.12581424,0.4857437,0.69388604,-0.3958189,-0.16320144,-0.09872162,-0.017186955,-0.321914,0.69801354,0.02204199,0.64031667,-0.013088328,1.0393372,-0.4933918,-0.36023992,-0.07341911,1.6135943,-0.027838577,-0.011118091,1.8600959,-0.19136013,-0.03374433,-0.44170055
TCGA-D8-A4Z1,2.2200055,1.3415729,0.40069517,1.2661434,0.2478952,-0.2681745,-0.07436209,0.36056516,-0.00021703048,-0.22556448,-0.010894105,-0.035522565,-0.29929483,0.52081084,0.17852171,-0.018429847,0.67880654,-0.0030239855,-0.04033481,1.0163857,-0.025762027,-0.0014759601,-0.31963012,-0.028355608,0.16972001,-0.02706486,-0.020863555,0.4607368,-0.015246182,0.93687654,0.69464743,-0.17096022,-0.05988866,0.73510903,-0.049912672,0.81182384,1.3872975,0.8634755,-0.5188167,2.070564,0.095394276,-0.09423207,0.07789597,0.42986888,-0.29093668,-0.11370703,-0.072371274,0.06395392,-0.2354975,0.26491395,0.04863054,0.29851827,-0.026095405,0.89582294,-0.38001636,-0.27637815,-0.038499597,1.1464679,-0.0150880935,-0.009356036,1.6867647,-0.14005122,-0.019638197,-0.29352632
TCGA-D8-A73U,2.2344117,1.4768789,0.511939,0.8254983,0.21729733,-0.30955562,-0.10691408,0.5251793,0.11572858,-0.26514906,-0.0020833423,-0.048457216,-0.33988526,0.49824628,0.3535389,-0.028020024,0.74945813,0.3501451,-0.04224971,1.1171285,-0.013522257,0.1210365,-0.33540514,-0.014366984,0.46058512,-0.03529478,-0.020041874,0.31925797,-0.019934608,1.0928102,0.815803,-0.21816383,-0.059201457,0.5897288,-0.052191503,0.9484886,1.6401292,0.9350876,-0.5691711,2.1124866,0.07357451,-0.09496658,0.29676807,0.1722347,-0.31282598,-0.10831448,-0.09199106,-0.011101878,-0.27121136,0.19220604,0.09074169,0.94544107,-0.034808736,0.8345652,-0.41074678,-0.28475493,-0.048795443,1.2905431,-0.012096031,-0.01807423,1.6596768,-0.1801562,-0.017734325,-0.33861098
TCGA-D8-A73W,2.3217514,1.2509685,0.5062687,0.4638525,0.5018875,-0.30352116,-0.12061196,0.64473456,0.38566777,-0.2563496,0.20438448,-0.036221605,-0.37726605,0.94008994,0.3657199,-0.048023924,0.44701156,0.037376836,-0.04893983,1.0847843,-0.017194457,0.10919657,-0.36999723,-0.05594436,0.8804786,-0.049690753,-0.029626409,0.5012212,-0.004822278,1.1242393,0.832868,-0.27445897,-0.056827087,1.1820215,-0.07918734,0.5945659,1.5173318,1.2140856,-0.57433814,2.1069431,-0.018748134,-0.11778609,0.46256542,0.32207668,-0.3529029,-0.0887978,-0.1212244,-0.022960413,-0.30097595,0.22470966,-0.013296756,1.1281582,-0.05738231,0.8511185,-0.4506661,-0.3068239,-0.078846686,1.3397961,0.23662883,0.026398357,1.4246495,-0.16770564,-0.022972373,-0.42276153
TCGA-D8-A73X,2.8219388,1.8478069,0.42487916,1.3485607,0.18714868,-0.38177416,-0.12129531,0.68412703,0.21329999,-0.2762059,0.12380433,-0.07208428,-0.41672388,0.6019955,0.46504763,-0.046090204,0.8748133,-0.022361428,-0.056379642,1.4511762,-0.045545805,0.23845902,-0.43229738,-0.01354601,0.13727197,-0.011926274,-0.023433661,0.16117586,-0.010896801,1.4950786,0.7820388,-0.2370462,-0.08911144,0.9191634,-0.066806056,0.6016376,1.9583011,0.8583468,-0.7160936,2.6147132,0.09463699,-0.1383685,0.46741652,0.82103306,-0.41411018,-0.14797643,-0.07427318,-0.031127486,-0.3352649,0.4694967,0.03259898,0.79388744,-0.009878231,1.206576,-0.5080695,-0.37815437,-0.07444358,1.7711133,-0.006597282,-0.03905646,2.0419385,-0.18296774,-0.046395928,-0.42687723
TCGA-E2-A105,3.2105784,2.2290163,0.4891872,0.47670346,0.21065982,-0.42520967,-0.09970745,0.95329106,0.80592084,-0.32739452,0.32204023,0.032847248,-0.5527307,2.5510826,1.2866912,-0.08913187,0.11606732,-0.046701353,-0.073573224,1.5406739,-0.0057191863,0.3071235,-0.565978,-0.03798746,0.846357,0.19111063,-0.037709933,-0.007950239,-0.033887506,1.9662604,1.0497844,-0.4400046,-0.13067687,-0.041764446,-0.0970804,-0.030184343,2.4872255,1.4569902,-0.88932335,2.8680882,0.5749042,-0.18310073,0.789108,0.15249705,-0.55972075,-0.2349302,-0.14556466,-0.073152505,-0.4363378,1.0486215,0.17977609,1.814765,-0.0838494,1.4614905,-0.61582345,-0.42980558,-0.13232787,1.9791417,-0.033240937,-0.005033722,1.4927703,-0.32201326,-0.06572349,-0.71367025
TCGA-E2-A106,2.377639,1.590085,0.2424547,1.0032791,0.01910587,-0.36044422,-0.095164664,0.8472211,0.1511677,-0.26637658,0.14228967,-0.04300446,-0.40968964,0.7671675,0.56880134,-0.029289737,0.52849185,-0.010661486,-0.06440502,1.096263,-0.039229307,0.14289518,-0.4134079,-0.03398878,0.5002574,-0.014574419,-0.053968977,0.24119316,-0.04358564,1.335533,0.8113234,-0.27146006,-0.102468185,0.2226852,-0.049014863,0.82492465,1.816959,1.1871991,-0.6578747,2.5803523,0.57246715,-0.14745414,0.54634726,0.050819978,-0.3765676,-0.16276775,-0.1016825,-0.008035664,-0.32804364,1.2993188,-0.018570771,0.6341482,-0.022677034,1.3759385,-0.46879777,-0.3025352,-0.09371697,1.2534952,-0.020294009,-0.008143487,1.6337061,-0.18126634,-0.03564399,-0.40496325
TCGA-E2-A107,2.5843563,1.8876337,0.69463253,0.6977301,0.21182595,-0.37106726,-0.11870592,0.9290468,0.3189136,-0.27409256,0.22083506,-0.021095432,-0.4131793,0.72829986,0.63558525,-0.047718428,0.6033047,0.31433102,-0.047976498,1.1972164,-0.032315537,0.0063207624,-0.36964726,-0.025127798,0.82348394,-0.00958934,-0.032408994,0.1917851,-0.0038991072,1.7320923,0.815647,-0.30221844,-0.07058459,0.79321456,-0.0681036,0.80442864,1.8208364,1.503973,-0.6729396,2.3548324,0.15883122,-0.1255291,0.52939886,0.24365543,-0.3756497,-0.15312481,-0.09771929,0.027617399,-0.33381715,1.030901,0.29259264,1.0825291,-0.032944363,1.0358124,-0.50209916,-0.33140156,-0.055346347,1.3256359,-0.03331239,0.060441826,1.7665907,-0.21003361,-0.022562103,-0.42890176
TCGA-E2-A108,2.3736272,1.4856687,0.5464204,1.2487241,0.16550304,-0.28946167,-0.10489061,0.34776402,-0.007947492,-0.24008258,-0.012852564,-0.049181905,-0.31819153,0.20926894,0.25968736,-0.030976847,0.9167046,0.16598225,-0.047616597,1.1061264,-0.017045198,0.25694788,-0.31154126,-0.031281028,0.31716576,-0.0482036,-0.028875941,0.52449805,-0.017099725,0.808012,0.697862,-0.17554922,-0.06528359,0.7012801,-0.059917927,1.004118,1.5022571,1.006616,-0.54501057,2.3009868,0.0015852377,-0.09310497,0.19667661,0.3384843,-0.30149886,-0.12723671,-0.08227958,0.18926607,-0.24461396,0.064506486,0.028516276,0.51048553,-0.007283219,0.8537087,-0.3854353,-0.26961038,-0.057543185,1.2820902,-0.012490785,-0.0062957886,1.7261884,-0.1392981,-0.031497493,-0.2960778
TCGA-E2-A109,2.8821397,1.9222357,0.38415295,0.5515604,-0.015522363,-0.39035445,-0.12840529,1.1273279,0.60553235,-0.29808587,0.22807506,-0.008239935,-0.50138223,2.1538365,0.9524723,-0.070252396,-0.009790629,-0.07676626,-0.05993099,1.4107836,-0.024181478,0.080901414,-0.4914913,-0.07275041,0.7263007,-0.03966042,-0.019495394,-0.012134354,-0.07189948,1.9431719,1.0748096,-0.3635737,-0.10972234,-0.066625826,-0.072366744,-0.011391126,2.0044036,1.1880153,-0.80680305,2.6317575,0.47111982,-0.17959304,0.9385961,-0.019173155,-0.46645066,-0.19521369,-0.14461207,-0.062046345,-0.41166696,1.4463112,0.24643356,2.0983722,-0.08616266,1.1174319,-0.54252994,-0.39631844,-0.12936442,1.3742222,-0.027958518,-0.03436894,1.0854295,-0.24886075,-0.032684993,-0.63021535
TCGA-E2-A10B,2.5894637,1.8500928,0.6582069,1.0181817,0.47655872,-0.41804335,-0.086771965,0.83940315,0.24862675,-0.24368393,-0.008800975,-0.04510141,-0.4233798,0.576757,0.48969257,-0.047157243,0.7791801,-0.01521059,-0.054337252,1.2572314,-0.029717037,0.2774597,-0.40847468,-0.031724997,0.63570803,-0.03371967,-0.026596574,0.37197897,-0.022540642,1.5035442,0.8288691,-0.26946598,-0.08891626,0.4104528,-0.06461826,0.72951275,1.9039083,1.167816,-0.71449214,2.7545373,0.40068427,-0.13535546,0.524465,0.11203407,-0.39930564,-0.1814896,-0.094607145,-0.007314281,-0.34054336,1.1603835,0.023721373,0.7443232,-0.031508073,1.226433,-0.5209176,-0.37276286,-0.06764259,1.5357391,-0.023661552,-0.0013697166,1.8963763,-0.20634615,-0.015897747,-0.4592803
TCGA-E2-A10C,2.4874234,1.5668566,0.40350634,0.67327815,0.147331,-0.34351936,-0.09015437,0.9121192,0.3862132,-0.23443988,0.27333167,-0.0202857,-0.39700782,1.5647327,0.9814048,-0.04944053,-0.010281175,-0.026156355,-0.05992955,1.2582877,0.0025191195,0.1228676,-0.37532678,-0.021946749,0.3826952,-0.025418792,-0.017074764,-0.011141501,-0.04760456,1.358682,0.5875868,-0.26617336,-0.09428548,-0.021686358,-0.052606024,0.09519358,1.9193494,0.7527758,-0.65452176,2.3027601,0.19808935,-0.100502096,0.45654702,-0.022405004,-0.40489227,-0.172053,-0.121727906,-0.040826075,-0.32806075,1.3921723,0.31760955,2.2234685,-0.052834697,0.95112556,-0.4459133,-0.29526576,-0.14093387,1.3448704,-0.041345574,-0.04362369,0.9323508,-0.24343911,-0.04721364,-0.47734615
TCGA-E2-A10E,3.3309412,2.1071277,0.563929,0.87750113,0.45946714,-0.43847314,-0.13174814,1.1539646,0.62798655,-0.3051937,0.18033776,-0.031111607,-0.5130879,1.2963284,1.0402595,-0.056212213,0.4559878,-0.017480562,-0.085006475,1.1687298,-0.042098336,0.2975493,-0.5300446,-0.03974287,0.39289096,-0.035927325,-0.05021254,0.0811284,-0.018162662,1.8854555,0.9811377,-0.3529446,-0.09063646,0.87377745,-0.05649593,0.21532388,2.3123238,1.4053335,-0.85663235,3.1860814,0.28221855,-0.20980202,0.5281356,0.7380544,-0.46399042,-0.18626712,-0.12650125,-0.03510956,-0.38633955,0.8348859,0.05417165,0.7016946,-0.030230654,1.4865996,-0.6402103,-0.42072526,-0.07016083,1.8202834,-0.046579372,-0.034616258,1.8704172,-0.26966465,-0.0370413,-0.58978194
TCGA-E2-A10F,2.8249617,1.9265635,0.58560413,1.2178237,0.23927937,-0.368548,-0.13514443,0.73192126,0.1635721,-0.28987825,0.11285565,-0.038740493,-0.4090036,1.0071503,0.6456174,-0.05920971,0.64421016,-0.016915957,-0.061758053,1.2470955,-0.039695635,0.360815,-0.43996927,-0.022377966,-0.003734396,-0.035449546,-0.025828749,0.3117505,-0.03767928,1.4362293,0.97487867,-0.25153762,-0.059399404,0.7201263,-0.05608135,0.3204629,1.8629888,0.9260568,-0.74132687,2.786519,0.14674187,-0.13947536,0.47246456,0.7356019,-0.42404887,-0.17140296,-0.09407094,-0.014456771,-0.33570504,0.6351905,0.07816957,0.6792959,-0.0127514,1.2216562,-0.5134857,-0.37406528,-0.07562366,1.7020551,-0.017555086,-0.047635883,1.8962197,-0.20331419,-0.032666277,-0.44844428
TCGA-E2-A14N,2.4376683,1.1441966,0.60162836,1.6247538,0.054460283,-0.25654057,-0.14878117,0.24510401,0.08198289,-0.26156947,-0.02083786,-0.008003859,-0.32571724,0.97195894,0.15700756,-0.027485356,0.7303621,0.9769435,-0.04057517,0.57767177,-0.012768388,0.24229838,-0.32622868,-0.024504898,0.10944344,-0.0304267,-0.020506022,0.5482982,-0.015517634,0.9423908,0.78022164,-0.18026483,-0.035573367,1.0265088,-0.09140333,0.8160282,1.6832982,0.9222578,-0.5506569,1.9955099,-0.03134146,-0.068240784,0.2378808,0.23407073,-0.32552826,-0.13054968,-0.07826864,0.2068567,-0.25511402,0.053493615,-0.006287577,1.0010524,-0.0012229009,0.85692614,-0.4354696,-0.28554365,-0.05312512,1.0800463,-0.004998774,-0.03214055,1.6583164,-0.14060079,-0.04419495,-0.3355627
TCGA-E2-A14U,2.0951567,1.2288597,0.37655446,1.4953316,0.09962405,-0.24172585,-0.06529906,0.2962266,-0.0080630025,-0.18842898,-0.021161558,-0.042579528,-0.26162747,0.21042304,-0.00044245372,-0.016494697,0.75365746,0.012559695,-0.039183173,0.81475466,-0.031715643,0.09078501,-0.285766,-0.018860761,-0.0050205206,-0.018022101,-0.024965974,0.39614806,-0.011065768,0.76966226,0.64743626,-0.1304928,-0.049544577,0.8759874,-0.048414934,0.8558608,1.2685418,0.8955829,-0.46933356,1.9032739,0.18864574,-0.084538214,0.02525976,0.4531814,-0.2691101,-0.12249364,-0.059106,0.18632014,-0.20998769,0.45117086,0.06605135,-0.0045027733,-0.008632994,0.7677057,-0.35205448,-0.24399804,-0.0410471,1.0796334,-0.034084726,-0.01067182,1.7975078,-0.1082496,-0.015095243,-0.23727237
TCGA-E2-A15I,1.7498424,1.2789809,0.21043982,0.8004918,0.21018507,-0.2512501,-0.07772894,0.3579922,0.0835932,-0.16399288,0.056891054,-0.04710441,-0.2408367,-0.004375061,0.17502779,-0.018135522,0.8132175,-0.016754914,-0.050615977,0.82237124,-0.03327724,0.0065052947,-0.24836972,-0.01218248,0.20387235,-0.021876005,-0.030683408,0.2803151,0.013371758,0.65481114,0.5241992,-0.13939133,-0.03635504,0.4831412,-0.030765573,0.9453747,1.1788875,0.7391337,-0.43764958,1.8161454,0.32718885,-0.08376876,-0.0058674533,0.1812817,-0.23919213,-0.08654419,-0.0521626,0.28369483,-0.19429629,0.8550453,0.01266784,0.19985084,-0.015343576,0.69101644,-0.31678328,-0.18885139,-0.02718011,0.8719808,-0.018028315,0.129829,1.5274293,-0.09120521,-0.018994534,-0.20379172
TCGA-E2-A15J,2.9475026,1.801153,0.6673024,0.29856607,0.5331864,-0.3837595,-0.14070557,1.1815922,0.2856421,-0.3227146,0.30889213,-0.03898327,-0.44842172,0.9532358,0.50620013,-0.049512707,0.4504175,-0.0027963358,-0.087124586,1.4516618,-0.031235024,0.08494658,-0.4579312,-0.04163772,0.5845904,-0.011828335,-0.017666211,0.5402436,-0.02439283,1.4891826,0.80879545,-0.2963402,-0.044618044,1.1241646,-0.10087883,0.79581136,2.1218114,1.5217445,-0.7611144,2.5818055,-0.018914929,-0.16283707,0.97715884,0.96841604,-0.45343685,-0.1554517,-0.10836204,-0.037258297,-0.38395402,0.57869387,-0.016092166,0.5305762,-0.005043467,1.3002547,-0.5627567,-0.3883711,-0.07562313,2.0061226,0.15931594,-0.018422117,2.227237,-0.1986908,-0.037482988,-0.5190168
TCGA-E2-A15K,1.5576926,1.094751,0.19251893,0.8236721,0.13092518,-0.26147494,-0.0437074,0.49572304,0.04642646,-0.16015047,0.16337934,-0.036037214,-0.24342477,-0.0029601832,0.26107302,-0.0033217599,0.63328207,-0.005119476,-0.027806414,0.70078814,-0.0238825,0.005790307,-0.2209641,-0.019044576,0.23091008,-0.032080766,-0.018212315,-0.004489934,-0.007909451,1.0558653,0.71203583,-0.14897507,-0.05397441,0.22408976,-0.024251066,0.6485057,1.1772971,0.48102415,-0.4252698,1.7783986,0.3155259,-0.08287969,0.227207,-0.0075586066,-0.24677129,-0.09059247,-0.058992293,0.17628457,-0.19469675,1.3860594,0.1417308,0.53033483,-0.023852954,0.8063205,-0.31084582,-0.18089816,-0.042824417,0.7216718,-0.026103599,0.12343083,1.1981533,-0.093947336,-0.0029714934,-0.22664814
TCGA-E2-A1AZ,2.4691863,1.1438875,0.3363897,1.2773798,0.12899815,-0.24508195,-0.15027268,0.21325839,-0.0008028905,-0.22749451,-0.0022290123,-0.014004605,-0.33861768,1.1476833,0.2308866,-0.047441065,0.2564132,0.9715929,-0.026004909,0.5658457,0.025197748,0.2095423,-0.33027086,-0.021941885,0.25477892,-0.00774222,-0.024537137,0.42844197,-0.0027626976,1.0016631,0.7033994,-0.19070117,-0.02703224,1.1561793,-0.079886995,0.49334455,1.5169766,0.6848415,-0.5594104,1.8174471,-0.04055509,-0.07721657,0.41416085,0.3022986,-0.32889286,-0.1369411,-0.0701135,-0.005827545,-0.2637472,-0.0018916983,-0.0058574374,1.1398563,0.04906515,0.81945807,-0.43452358,-0.28810424,-0.03249718,1.0936,0.051359292,-0.012018399,1.4218992,-0.16560097,-0.026029512,-0.36447677
TCGA-E2-A1B0,2.0658956,1.1438698,0.4262526,1.1928688,-0.007914305,-0.23257692,-0.105727695,0.30736974,0.007392115,-0.18484175,0.2522202,0.011531434,-0.3056547,1.3626295,0.30027628,-0.035387874,0.016138714,0.1089583,-0.0272358,0.8285788,-0.017423829,-0.0075571,-0.28772077,-0.02564757,-0.019021185,-0.017444778,-0.024664398,-0.0091977315,-0.027542306,1.185606,0.5213727,-0.16561793,-0.049235683,0.199027,-0.054680545,0.35465157,1.3449308,0.51319706,-0.5204913,1.7446862,-0.008140502,-0.096884415,0.16971497,-0.010146159,-0.29497546,-0.11410141,-0.08449126,-0.03072523,-0.24182938,0.8599087,0.003070023,1.6048628,-0.05802786,0.684573,-0.35708374,-0.22329025,-0.068867296,0.9856649,-0.012322422,-0.013955793,0.8233797,-0.17364168,-0.014631614,-0.31457692
TCGA-E2-A1B1,1.9339939,1.0492028,0.46073434,1.3036714,-0.0074872687,-0.23096848,-0.063196525,0.35437256,-0.014434973,-0.18028104,-0.012783408,-0.039903816,-0.24716997,-0.010655008,0.049386647,-0.012395404,0.9251298,0.05733567,-0.04043224,0.823039,-0.028000165,0.11120701,-0.26993397,-0.022353077,0.1621107,-0.025486544,-0.011949002,0.37734878,-0.017198568,0.6076879,0.6547469,-0.12819126,-0.04156227,0.60410184,-0.042273514,1.0812192,1.263348,0.8490818,-0.43520752,1.878194,0.14403318,-0.076789066,-0.011020868,0.27300513,-0.22831003,-0.102799885,-0.05330124,0.24088462,-0.19156338,0.43518162,-0.008002533,0.14269972,0.016574832,0.7926075,-0.3067161,-0.21000163,-0.04083453,0.9341531,-0.020640327,-0.0056031113,1.726062,-0.092588,-0.009673741,-0.20454085
TCGA-E2-A1B4,2.152824,1.5826992,0.49125493,0.6053957,0.4238798,-0.3284918,-0.076431386,0.7169241,0.42821494,-0.22469147,0.20449337,-0.034634825,-0.33991435,0.4320467,0.40438485,-0.011592567,0.69186693,-0.023196107,-0.06492263,1.0316669,-0.034482755,-0.0013740853,-0.32930025,-0.012822893,0.3819299,0.14884898,-0.013116225,0.22220586,-0.0034053416,1.1652293,0.62716407,-0.18478632,-0.059482932,0.8100495,-0.026690692,0.6859516,1.4576002,0.7408545,-0.58407605,2.0115914,0.10139263,-0.07100388,0.3644349,0.2862152,-0.33665976,-0.10891076,-0.07027146,0.05997179,-0.27228516,1.3303871,0.19405912,0.76293737,-0.034225695,1.0105575,-0.42885938,-0.28939527,-0.046117976,1.0199503,-0.0038950448,0.22640596,1.4794294,-0.16385546,-0.02061147,-0.3515942
TCGA-E2-A1B5,2.693403,1.3960758,0.54807806,1.2288402,0.322176,-0.32249537,-0.1014718,0.46302995,0.0700389,-0.27501106,-0.007685376,-0.064392224,-0.35937637,0.42631492,0.30720174,-0.041287355,0.79168177,0.12226726,-0.034968566,1.0638026,-0.036662705,0.25199184,-0.3679728,-0.02375534,0.50697833,-0.03750804,-0.014604476,0.52228427,-0.006018381,1.2719682,0.98991597,-0.23052922,-0.06351387,0.3840813,-0.059864026,0.88800985,1.8039777,1.0906372,-0.62914425,2.4683242,0.06739053,-0.10132631,0.28414768,0.41429722,-0.3377718,-0.11822094,-0.08919489,-0.0067796605,-0.2829705,-0.020329257,0.019362709,0.4642059,-0.030813018,1.051766,-0.44745398,-0.324102,-0.05103326,1.395868,-0.011209414,-0.025518095,1.9629328,-0.1781083,-0.022459073,-0.37503257
TCGA-E2-A1B6,2.064279,1.1805961,0.3810043,1.3274988,-0.006737204,-0.244753,-0.09147484,0.19838291,-0.021447137,-0.21270202,-0.019926542,-0.041989233,-0.2681219,-0.00075220654,0.09938088,-0.024537275,0.8936276,0.41201276,-0.031876814,0.88732255,-0.030157318,0.12828448,-0.2721708,-0.021480625,0.29915717,-0.027232869,-0.015059913,0.5209223,-0.0073421597,0.70474756,0.75127643,-0.13583063,-0.04542566,0.40174824,-0.05351136,1.2119772,1.437395,0.87597585,-0.47407475,1.9209677,-0.008888836,-0.070068374,0.118616045,0.093315646,-0.25698993,-0.099278845,-0.061991703,0.17453432,-0.20675047,0.08521691,0.13348532,0.38816902,-0.0055564083,0.82453763,-0.3380638,-0.2269496,-0.028480405,0.9958464,-0.029336546,-0.010073394,1.6746018,-0.11421402,-0.02003847,-0.23554336
TCGA-E2-A1BC,2.5159411,1.6419657,0.58543676,0.9762887,0.3052768,-0.32544646,-0.10485595,0.5910743,0.15160686,-0.2592912,0.18131705,-0.038227957,-0.37052095,0.83548254,0.5709848,-0.023043387,0.44854,-0.008962974,-0.0483176,0.97671705,-0.022935323,0.16170341,-0.37661448,-0.037041962,0.21718912,-0.04200279,-0.021898089,0.15577105,-0.02965914,1.2298309,0.61640847,-0.22933565,-0.08829539,0.7974305,-0.057865113,0.42984527,1.5833776,1.0727794,-0.62775224,2.5025513,0.25118354,-0.12359615,0.32975316,0.5943956,-0.38770175,-0.16202997,-0.07377762,-0.0041293963,-0.2856301,0.688741,-0.010451941,0.7804511,-0.029585842,0.91065234,-0.45683113,-0.33091113,-0.06995165,1.3502693,-0.013613979,-0.018517775,1.5922971,-0.14896895,-0.034138914,-0.39375034
TCGA-E2-A1BD,3.1903858,2.0028296,0.47059557,0.93758464,0.28719124,-0.3658734,-0.12466922,0.6003983,0.14751865,-0.2859018,0.21465443,-0.032090336,-0.44292313,1.5027219,0.8833348,-0.042331006,0.46945715,-0.024720816,-0.084171616,1.4912839,-0.049927063,0.2499659,-0.4629868,-0.018782003,-0.0067549455,-4.3196023e-06,-0.024442017,0.14321436,-0.017743962,1.7087799,0.967323,-0.25353295,-0.0918651,0.7208062,-0.082354255,0.20516756,2.0500467,1.0115671,-0.7606295,2.8069592,0.40307695,-0.16130225,0.5603568,0.7841581,-0.46470127,-0.16800928,-0.09740112,-0.03412537,-0.3602746,0.69305605,0.040341586,1.092631,-0.014206839,1.1421033,-0.53778726,-0.41382155,-0.08416493,1.9586353,-0.011523973,-0.08679521,1.9434514,-0.22634904,-0.022057377,-0.5384553
TCGA-E2-A1IE,3.062509,1.8932544,0.5066242,0.73958427,0.04959939,-0.41156197,-0.07461145,1.1944648,0.39489207,-0.30760548,0.13769218,-0.034358885,-0.47488442,1.0916034,0.627368,-0.04122639,0.5780566,-0.029661415,-0.07222586,1.6258202,-0.039940026,0.108494915,-0.44772974,-0.034826506,0.7428905,-0.027827984,-0.042077076,0.29007745,-0.012628587,1.5721143,0.92760754,-0.29573062,-0.106958084,0.1120377,-0.059988987,0.51892674,2.1328015,1.2859716,-0.7658273,2.8385334,0.3439203,-0.18436965,0.6309636,0.32952005,-0.4555821,-0.1693898,-0.14540806,-0.020963002,-0.37909955,0.98030823,-0.02427301,0.75192124,-0.03361334,1.315523,-0.5370885,-0.35103014,-0.11460967,1.8157499,-0.037946817,-0.0029020836,1.8525289,-0.25155044,-0.038444076,-0.5298737
TCGA-E2-A1IF,1.8973662,1.1205034,0.2730535,1.2432072,0.0053614043,-0.23688436,-0.07465994,0.2955807,-0.006414243,-0.18977648,0.018525118,-0.03634068,-0.24892317,0.15996237,0.00054457923,-0.009459957,0.6463176,0.10630438,-0.039102335,0.83078706,-0.028195659,0.05463785,-0.2650095,-0.013783017,0.031028572,-0.02995646,-0.015474433,0.3588156,-0.011126408,0.8531892,0.5020667,-0.12081339,-0.032643393,0.7678991,-0.03868497,0.7422321,1.14953,0.80294424,-0.4366947,1.8477418,0.17457289,-0.08230587,0.18308519,0.33878994,-0.22898094,-0.09688889,-0.04733424,0.10806334,-0.2009764,0.53893816,0.042280547,-0.0026950308,0.025560984,0.68305755,-0.32423443,-0.21502976,-0.032201573,0.935251,-0.014641526,0.0857254,1.6087273,-0.084771246,-0.012474141,-0.23382469
TCGA-E2-A1IG,2.296424,1.5052913,0.23453192,0.14637539,0.17882553,-0.32383803,-0.08276168,0.65634876,0.32126006,-0.2769084,0.09014493,-0.048386257,-0.39575717,0.9580831,0.59527266,-0.048123267,0.53580457,-0.014365981,-0.064436354,1.3378062,-0.042681944,0.3358132,-0.40939555,-0.01957621,0.6795013,-0.020271866,-0.031789478,0.24674153,-0.003142053,1.3976239,0.630232,-0.2914788,-0.08593463,0.15123409,-0.042431667,0.40722713,1.7231627,1.1210856,-0.6034492,2.1161544,0.32892525,-0.13795988,0.56049865,0.33811975,-0.35984048,-0.15928131,-0.10829576,-0.039615624,-0.3231664,0.26442066,0.020132614,0.41277006,-0.037600107,1.1448656,-0.47838098,-0.27821574,-0.05151541,1.6079906,0.19412123,0.10215917,1.5321058,-0.18356214,-0.026750414,-0.47368875
TCGA-E2-A1IH,2.593436,1.4549019,0.35325757,1.2987578,0.004836809,-0.2975084,-0.11674478,0.42632973,-0.0008007935,-0.24756835,-0.0091697015,-0.030944228,-0.3381012,0.6775027,0.39195156,-0.026097262,0.8070266,-0.021980722,-0.045109645,1.0253834,-0.039461512,0.17967156,-0.3505846,-0.037854996,-0.00035065823,-0.023777101,-0.020549292,0.33119953,-0.035175364,1.0924593,0.9184181,-0.16271935,-0.062433895,0.4354873,-0.06543078,0.5725846,1.5968496,0.9115028,-0.5784566,2.2334962,0.30421174,-0.10588938,0.13388364,0.4904855,-0.34110114,-0.15437163,-0.060086768,-0.013239458,-0.2634488,0.60569406,-0.0020001584,0.3665255,-0.013107684,0.9129661,-0.4149553,-0.2865581,-0.051476747,1.22412,-0.029130325,-0.021898119,1.8339136,-0.14778379,-0.043480497,-0.34142962
TCGA-E2-A1II,2.0367196,1.174652,0.35521963,1.0607213,0.04920102,-0.27687186,-0.14303152,0.43138695,0.019343872,-0.24117625,-0.005305201,-0.02604754,-0.3466888,0.68819,0.44203746,-0.027831692,0.63144404,0.9522176,-0.038669042,0.72026557,0.07608417,0.24894835,-0.3025137,-0.026546627,0.5816948,-0.032084566,-0.013764297,0.26917958,-0.018940205,0.9258854,0.6379589,-0.1906719,-0.03446726,0.68777025,-0.07710544,0.7058016,1.6357973,0.9841788,-0.5456248,1.8593696,-0.0072241398,-0.05535562,0.19400829,0.16439642,-0.30516678,-0.10369935,-0.0928087,-0.006159788,-0.25962633,0.29923397,0.17526445,1.3339528,-0.035886254,0.7147699,-0.43201324,-0.2637088,-0.06435225,1.0434076,-0.01713126,-0.008888945,1.2993007,-0.1777067,-0.028482303,-0.344242
TCGA-E2-A1IJ,2.4632907,1.6186917,0.47364423,0.8474154,0.25066698,-0.33351657,-0.0927517,0.59559715,0.11936185,-0.2563546,0.044337966,-0.022869764,-0.3610678,0.47004583,0.22828107,-0.03597633,0.787474,-0.004347989,-0.0626589,1.1586399,-0.022382205,0.087575264,-0.35814163,-0.011525729,0.44727483,-0.032833055,-0.016527655,0.28148633,-0.008228916,0.9130946,0.738449,-0.21454878,-0.071989276,0.74982566,-0.05261786,0.89515364,1.5831435,1.0196841,-0.60120213,2.2247806,0.090163134,-0.10408526,0.26191872,0.30847967,-0.3607908,-0.12562124,-0.090597525,-0.0044877124,-0.29443768,0.455747,-0.0008195175,0.65643424,-0.0032998093,0.873831,-0.42768002,-0.30030546,-0.05539273,1.3730228,-0.026671723,0.02676547,1.8316666,-0.14791374,-0.04044854,-0.3590767
TCGA-E2-A1IK,1.8008442,0.8958602,0.23781583,1.2407107,-0.002027474,-0.21850996,-0.05674706,0.24800926,-0.0042108474,-0.16787328,-0.026562104,-0.04956519,-0.2226106,-0.021002349,0.0044479067,-0.010018378,0.8755047,-0.0013417976,-0.031518918,0.8111123,-0.035252087,0.057048514,-0.25791967,-0.016697964,0.12547314,-0.02578806,-0.008746344,0.32362038,0.1078286,0.5733579,0.6279005,-0.11216531,-0.039096627,0.5875349,-0.027340338,0.97429866,1.1201015,0.79684776,-0.40495133,1.7984021,0.08855206,-0.076152295,-0.0018695217,0.3310783,-0.22127934,-0.08601318,-0.039403267,0.26812235,-0.1782173,0.21666203,0.0054811593,-0.014168272,0.068023235,0.6548855,-0.30347964,-0.19113594,-0.030096445,0.88761866,-0.014954941,0.0065821223,1.6601992,-0.08360646,-0.0060107107,-0.18074645
TCGA-E2-A1IL,1.9166497,1.1977172,0.21466726,0.9830635,0.08633815,-0.27715564,-0.081971064,0.46833146,0.21509424,-0.19156784,0.17524812,-0.04341348,-0.28127858,0.10199273,0.32836294,-0.010218687,0.8530538,-0.009874082,-0.067096226,0.84268665,-0.013722553,-0.01251469,-0.27962607,-0.0043163537,-0.0029006822,-0.0466895,-0.019758087,0.254804,0.0698162,0.9008776,0.55187774,-0.16711055,-0.045661364,0.9680171,-0.023871405,0.76472497,1.3953636,0.9421862,-0.4636428,1.989412,0.26657653,-0.11138698,0.1669195,0.28977245,-0.2876041,-0.09708605,-0.06826582,0.23537241,-0.25127313,0.86666054,-0.015751634,-0.0038826626,-0.0057329596,0.83052313,-0.3691524,-0.24351846,-0.039907545,0.89094496,-0.0042685033,0.120323285,1.5605754,-0.09119332,-0.020504711,-0.25215864
TCGA-E2-A1IN,1.4715015,1.0792087,0.35677704,0.06890221,0.02677945,-0.24074088,-0.055098336,0.32904416,0.22334437,-0.16440344,-0.0009423657,-0.033537384,-0.21059404,0.23869047,0.36837345,-0.0133789675,0.4076793,-0.012761719,-0.06357628,0.91216993,-0.028897433,0.19719738,-0.22200604,-0.027875025,0.20898,0.06428479,-0.006980486,0.06251347,-0.009028015,0.9138744,0.2872116,-0.15145917,-0.039479803,0.5936123,-0.03949047,0.34907025,1.101919,0.942884,-0.3847311,1.6228963,0.23595329,-0.066425376,0.100018665,-0.012679336,-0.23288746,-0.09358043,-0.08445011,-0.012537329,-0.20692647,0.7960931,0.18783198,0.6501141,-0.0172263,0.2410524,-0.26711985,-0.1803213,-0.052442398,0.79999465,-0.0009320793,0.03976271,0.9138259,-0.07261799,-0.01704192,-0.24482918
TCGA-E2-A1IO,2.0434678,1.424678,0.24243738,0.87295765,0.102743074,-0.26022735,-0.07937973,0.22428042,0.22450104,-0.21213463,0.17206477,-0.02432145,-0.2703679,0.58669645,0.34958714,-0.019621689,0.58875966,-0.011440775,-0.04109449,0.9313568,-0.017425474,0.021801002,-0.27485573,-0.022564504,0.07509753,-0.016250866,-0.013633424,0.06096488,-0.017630812,0.881896,0.4377825,-0.14243563,-0.04007105,0.4350087,-0.0530363,0.64505184,1.3314273,0.7473868,-0.46491942,1.9799131,0.18146574,-0.06684999,0.12618597,0.023663998,-0.29170194,-0.12039484,-0.08887764,-0.013319378,-0.21205918,0.90694094,0.025871612,0.8393209,-0.030897472,0.60817486,-0.3493528,-0.24206188,-0.060720086,1.0316466,-0.017867861,-0.014584399,1.0651484,-0.12402835,-0.014250794,-0.29132605
TCGA-E2-A1IU,2.1378627,1.4840629,0.31603718,0.7242249,0.0066443644,-0.3158587,-0.06676721,0.6152203,0.17605767,-0.23435967,0.11254481,-0.042181697,-0.33292034,0.11034818,0.34507138,-0.009842421,0.74841285,-0.019476574,-0.034762964,1.0101868,-0.036074102,0.012696913,-0.33069915,-0.026478264,0.43985787,-0.020343924,-0.034386512,0.18531343,-0.0061160894,1.1242255,0.66555357,-0.19312625,-0.07401103,0.5249974,-0.045993272,1.009347,1.4753441,0.9452548,-0.51884955,2.0929883,0.39755496,-0.10392406,0.14385664,0.16209476,-0.2971836,-0.108073294,-0.076870516,-0.00046319776,-0.2629751,0.98041546,0.039882906,0.33610317,-0.04570736,1.0016673,-0.39911932,-0.2617354,-0.060056567,1.2507753,-0.0148579925,0.022556331,1.6443454,-0.12545192,-0.031365138,-0.28171825
TCGA-E2-A1L6,2.2892332,1.3942137,0.2644636,1.0668769,0.1355329,-0.28458843,-0.090001754,0.45077932,-0.001453996,-0.22664237,0.18303296,-0.029505214,-0.32186106,0.45748308,0.23834835,-0.020402914,0.7895083,-0.013553269,-0.04589887,0.8435073,-0.029917164,0.06702115,-0.33798775,-0.022365382,0.058417004,-0.040462565,-0.03156883,0.24368382,0.005674079,0.9595524,0.79017574,-0.17646031,-0.07329851,0.8311528,-0.039623365,0.91566145,1.5205164,1.0463331,-0.5398237,2.1720753,0.15617944,-0.09969752,0.18442447,0.39784372,-0.30377778,-0.11561638,-0.08086243,-9.0448935e-05,-0.25179157,0.504997,-0.01062593,0.18441117,0.042282693,1.1585759,-0.3887819,-0.2793167,-0.033169802,1.2067335,-0.019771274,-0.010870273,1.800522,-0.13927634,-0.036443714,-0.2967485
TCGA-E2-A1L7,3.4639342,2.046097,0.4439538,1.0318797,0.36821568,-0.39819083,-0.10790745,0.818715,0.52371126,-0.36265665,-0.003304431,-0.022508224,-0.48745152,1.7956544,0.6617624,-0.08300796,0.6335754,-0.02212677,-0.09450282,1.448538,-0.029755076,0.33153722,-0.4764544,-0.0090363,0.3531038,-0.017770426,-0.046014894,0.14213479,-0.039719094,1.6743727,0.9640991,-0.31373444,-0.077048466,0.5082719,-0.08968789,0.4867812,2.5587373,1.3008642,-0.84001046,2.6821082,0.04782866,-0.13917834,0.54693896,0.5004552,-0.53445274,-0.18149513,-0.16578926,-0.037493896,-0.43305188,0.29981622,0.12716009,1.1849781,-0.068426125,1.2234912,-0.59367245,-0.43394914,-0.07602868,1.6895295,-0.028401038,-0.025430305,1.6204953,-0.2704115,-0.056027826,-0.57339805
TCGA-E2-A1L8,1.91161,1.6083422,0.39635256,0.2709975,0.2947656,-0.3074471,-0.07527406,0.59823996,0.1905432,-0.23395632,0.3443548,-0.042843666,-0.30569595,0.25391486,0.60139847,-0.0040415865,0.44060776,0.06581873,-0.030595666,0.89935917,-0.03399275,0.21767779,-0.31931695,-0.019602507,0.55808014,-0.023744574,-0.009024818,0.24116607,-0.004231158,1.0425109,0.811008,-0.21638325,-0.07363863,0.63546956,-0.04898414,0.7576765,1.476285,0.9813098,-0.52182,2.1141777,0.2593676,-0.10295631,0.21407634,0.12438683,-0.29273066,-0.10705655,-0.07936775,-0.0031083603,-0.25545523,1.0597264,0.14186734,0.71649057,-0.020268237,0.8415428,-0.38648543,-0.25354764,-0.06652167,1.2629049,-0.0025880877,0.039701093,1.5289588,-0.11076973,-0.008447017,-0.30852625
TCGA-E2-A1L9,2.2116566,1.138691,0.3679519,1.1987424,0.21652596,-0.28487378,-0.08403116,0.31536078,0.066155106,-0.20620756,0.22970052,-0.036521073,-0.28595442,0.55761874,0.1501827,-0.023061303,0.8093381,0.0847189,-0.06658848,0.9053746,-0.033933375,0.21482229,-0.32015437,-0.031611435,0.07074915,-0.011669247,-0.012686627,0.3310642,0.18354727,1.153308,0.57405555,-0.15334363,-0.061909594,1.0044775,-0.04761324,0.5590183,1.3852975,0.89084053,-0.55818045,2.064355,0.015769245,-0.106397904,0.15218206,0.5839214,-0.3222687,-0.12722737,-0.069481485,0.06820691,-0.24551204,0.5187474,-0.017828263,0.15613736,0.010946663,0.7022415,-0.39349982,-0.26282978,-0.048348468,1.3297901,-0.031136801,0.059124615,1.8621453,-0.1071365,-0.033724245,-0.2943953
TCGA-E2-A1LA,1.8429374,1.1711532,0.18994701,0.23661292,-0.0023127613,-0.27021545,-0.038357787,0.414673,-0.0030569544,-0.1948994,0.25437757,-0.036613964,-0.3004808,0.09415506,0.4894092,-0.018504133,0.6766458,0.1487192,-0.051787116,1.1814388,-0.02110194,-0.012871404,-0.29390165,-0.029679755,0.8108427,-0.022877267,-0.016039535,0.21254578,-0.0034410493,0.85336477,0.49951267,-0.18587752,-0.062390666,0.34318426,-0.037267473,0.8062083,1.2964556,0.75449646,-0.45869476,1.6659721,0.119135596,-0.078954674,0.21771502,-0.009176197,-0.25735664,-0.060226947,-0.07533533,-0.008707935,-0.25120836,1.123785,0.21201389,0.87395996,-0.03659602,0.8587844,-0.33244485,-0.19660081,-0.06859622,0.9977983,-0.0071845613,0.13961492,1.1337554,-0.11198761,-0.019505193,-0.27582514
TCGA-E2-A1LB,2.4176834,1.4111958,0.42569742,1.1507906,0.3453263,-0.28115666,-0.10347497,0.38065478,0.22305337,-0.23302238,-0.010512796,-0.030680219,-0.3205446,1.2928884,0.15977116,-0.0506364,0.4048099,0.07438937,-0.052025713,1.1358027,-0.0051878956,0.07555245,-0.33355072,-0.028480038,0.055952426,-0.025526896,-0.027706167,0.21695589,-0.014712805,0.8929762,0.78638935,-0.17951044,-0.05420918,0.4146109,-0.070424184,0.41115603,1.686164,0.72754,-0.56757545,2.25531,0.05981923,-0.09791461,0.24785092,0.5522671,-0.33874533,-0.13352364,-0.0926917,-0.031191438,-0.2928747,0.120091766,0.046127535,0.95711356,-0.028302267,0.7529828,-0.42219734,-0.33485457,-0.05982653,1.2580839,-0.012900059,-0.04151538,1.4976381,-0.16549768,-0.03655268,-0.3759159
TCGA-E2-A1LE,2.8178186,1.6498703,0.5383566,0.6561695,0.22861697,-0.3538325,-0.12406509,0.7175338,0.43617526,-0.29083985,0.17361915,-0.0002890774,-0.43417993,2.0763178,0.7995048,-0.07222667,0.050138656,0.21457699,-0.053844452,1.2515675,0.1489298,0.032477483,-0.4096273,-0.02167671,0.71542084,-0.015961317,-0.027420783,-0.0111169685,-0.024264952,1.5866063,0.6635153,-0.31249318,-0.08697944,0.23727958,-0.098077334,0.3317651,2.078128,0.98759794,-0.72039765,2.2324512,-0.026344879,-0.09544461,0.4667161,-0.008312087,-0.42530617,-0.154997,-0.16099504,-0.039130263,-0.38058552,0.40267783,0.30510652,2.2989295,-0.0887376,0.77444273,-0.50865954,-0.35290068,-0.10851844,1.372982,-0.007775312,-0.052849837,0.8854297,-0.30122355,-0.042882785,-0.5317518
TCGA-E2-A1LG,1.4506625,0.9000085,0.20817564,1.3792691,-0.013583625,-0.15018424,-0.06154908,0.043960463,-0.030066898,-0.120995514,-0.015329498,-0.0027705082,-0.21179812,0.7503799,-0.0037106355,-0.027789673,0.51789486,0.29614314,-0.034863286,0.2930093,-0.0249378,0.22714064,-0.18196778,-0.0036584504,-0.022307958,-0.024628347,-0.008386552,0.31859088,-0.018439075,0.31578317,0.44733018,-0.0927092,-0.006325226,0.52282536,-0.03484992,0.22830656,0.904269,0.69128186,-0.33905357,1.426626,-0.007787758,-0.058114093,0.08661182,0.47934222,-0.19892971,-0.091944955,-0.027158944,0.0651079,-0.119023524,0.277006,-0.0011356255,0.19733931,0.044454068,0.59398544,-0.24409083,-0.17667516,-0.016046986,0.7057268,-0.034620985,0.011475559,1.073469,-0.061758865,-0.0068333857,-0.20420718
TCGA-E2-A1LH,2.4719381,1.1389706,0.42996284,1.7048761,-0.009210414,-0.2609547,-0.12600616,0.16140336,-0.0080252355,-0.22870806,-0.01264993,-0.022144062,-0.33129656,0.87576634,0.21866505,-0.008586486,0.5644437,0.7860451,-0.050230443,0.8384839,-0.02387241,0.2852707,-0.32403418,-0.032944933,0.088985145,-0.017671982,-0.032039076,0.35523742,-0.007372862,0.9407711,0.64781773,-0.18723741,-0.045689117,0.7391382,-0.07775476,0.7153253,1.4714727,1.0486174,-0.54105026,2.083044,-0.015438303,-0.074913755,0.15768996,0.10252334,-0.2981955,-0.11250603,-0.0742899,-0.0030523052,-0.2639994,0.09333512,-0.01349808,0.8806956,-0.0017371563,0.91601044,-0.40761796,-0.2628222,-0.059527047,1.2777638,-0.03461314,-0.018487064,1.5307817,-0.1612772,-0.02035713,-0.3172773
TCGA-E2-A1LI,2.163755,1.0340477,0.5282051,1.0107517,0.20489454,-0.22235547,-0.1622252,0.20057502,0.046999257,-0.23494898,0.030910471,-0.018471034,-0.3316129,1.3341814,0.3830729,-0.055570196,0.39593503,1.2017,-0.026904041,0.6532009,-0.004975805,0.23855126,-0.30202886,-0.017276166,0.513719,-0.021607205,-0.0070177177,0.37870213,-0.017020386,0.85534513,0.6025943,-0.19046979,-0.035436384,0.8883265,-0.086050265,0.22452156,1.5089188,0.9633339,-0.52173555,1.7974894,-0.03080284,-0.07879624,0.29839796,0.18634687,-0.30010733,-0.113733254,-0.06854053,-0.02208383,-0.269692,-0.017669614,-0.014261797,1.3298222,-0.008880026,0.55535156,-0.39918134,-0.28061625,-0.032927528,1.1087494,-0.0088061085,-0.013545084,1.1399013,-0.16446887,-0.041374333,-0.38504946
TCGA-E2-A1LK,2.9194689,1.6801015,0.5712195,0.15513107,0.35439745,-0.32048187,-0.17545128,0.85726696,0.88176435,-0.3049284,0.174703,0.5169822,-0.54047066,3.3674386,1.0204986,-0.094944395,-0.0519875,0.4939955,-0.068753354,0.89076096,0.46333593,0.086120516,-0.45736986,-0.025132522,1.1547022,0.1281228,-0.045543104,-0.020535596,-0.042823613,1.9562782,0.84391373,-0.43608972,-0.06904961,0.49478927,-0.11615713,-0.046009637,2.2210863,1.0767347,-0.7931095,2.2453775,-0.050968092,-0.12166394,0.78509814,0.009221397,-0.4914618,-0.15844475,-0.18598656,-0.083932415,-0.4445617,0.65819246,0.027628569,3.5929127,-0.109060824,0.74029374,-0.5646736,-0.40521222,-0.15934134,1.6417828,-0.0073990147,-0.023008619,0.17396301,-0.36612573,-0.05619338,-0.720537
TCGA-E2-A1LL,2.4613135,1.4161166,0.46825233,1.5590866,-0.009988717,-0.2781144,-0.1048329,0.31092277,0.11344592,-0.19987434,0.21744752,-0.010615612,-0.3666534,1.4053863,0.46107477,-0.023055127,0.21782692,0.19679917,-0.020330139,0.72610503,-0.0015371178,-0.0020210415,-0.32325968,-0.020271793,0.14186542,-0.02676076,-0.011392015,0.099498555,-0.01093728,1.0395713,0.8553373,-0.18818758,-0.06249697,0.38697347,-0.07852157,0.58276737,1.46069,0.71353364,-0.56146884,1.9293131,-0.005989929,-0.08810415,0.28110003,0.072574355,-0.3554984,-0.11978797,-0.11179908,-0.01098823,-0.25013432,1.0080146,0.2052625,1.6129724,-0.04436128,1.0839306,-0.4086759,-0.27828106,-0.083662294,1.0751349,-0.030272678,-0.021346314,1.3596363,-0.16320543,-0.0011614149,-0.35578313
TCGA-E2-A1LS,2.6968975,1.2202225,0.7126561,1.4765795,0.24261515,-0.23159762,-0.1407048,0.30968755,0.27062088,-0.22547224,-0.0030297497,-0.0040477403,-0.3168829,2.0184052,0.80354273,-0.048545424,-0.019990465,0.89529294,-0.069805674,0.74330807,0.3564596,0.1738177,-0.35244182,-0.043285236,0.060983818,-0.018830676,-0.041066695,0.16035336,-0.04158441,1.3435619,0.6776423,-0.23944072,-0.031517707,1.4179202,-0.10083673,-0.00093580654,1.574611,1.1089942,-0.56209236,1.6492,-0.0133669255,-0.09403114,0.20571321,0.46016175,-0.37652472,-0.18072127,-0.087640345,-0.018592583,-0.30545065,0.6490321,-0.03198182,1.9709367,-0.0057996768,0.40835357,-0.46863732,-0.30718982,-0.09891476,1.2383115,-0.022640614,-0.009558755,1.095785,-0.16933008,-0.046791486,-0.43165603
TCGA-E2-A2P5,2.9060743,2.0781615,0.6084618,0.1647332,0.50393087,-0.3764597,-0.12470932,0.8628951,0.8301117,-0.33457655,0.46043622,0.050294958,-0.4738929,1.8690207,1.275881,-0.05782038,0.064220846,-0.0049045132,-0.0819171,1.5017372,0.39690763,0.08261928,-0.430193,-0.012891792,0.82250524,0.04015366,-0.0076887133,-0.033634998,-0.023063552,1.8020483,0.841984,-0.35602987,-0.06637426,0.4099486,-0.089515544,0.12835388,2.0405447,1.0785568,-0.77657646,2.286261,-0.024850061,-0.11716777,0.6858795,0.21238942,-0.45418808,-0.16622321,-0.15137589,-0.0839848,-0.40554458,0.69280326,0.12889007,2.377923,-0.07714053,0.7377573,-0.5547392,-0.4090281,-0.123830914,1.5528421,-0.008085628,-0.039314553,1.04685,-0.322654,-0.054381292,-0.59205794
TCGA-E2-A2P6,2.7983053,1.7612864,0.4518564,0.29524115,0.340522,-0.3505083,-0.13065927,0.85872245,0.7151883,-0.3086986,0.4445634,-0.028673694,-0.41960517,1.4896127,0.76911646,-0.060498912,0.48257497,-0.011569612,-0.06074592,1.4532492,-0.01596053,0.28098306,-0.4532666,-0.03998386,0.3727314,-0.008897277,-0.03635217,0.3195897,-0.042198807,1.5566391,0.59409684,-0.30662957,-0.061714042,0.7185249,-0.09326291,0.4224755,1.9694614,0.9477977,-0.72257143,2.5961185,0.097299576,-0.1512133,0.6332722,0.9391096,-0.46645218,-0.16066456,-0.10592585,-0.0413258,-0.3642011,0.2322654,0.091503076,0.9421913,-0.021416469,0.959431,-0.53333724,-0.41440183,-0.09449031,1.6525396,-7.6509736e-05,0.021331426,1.7706665,-0.23711112,-0.06455018,-0.5389731
TCGA-E2-A3DX,2.3152494,1.3154211,0.46581563,1.2607924,0.18022312,-0.28799063,-0.09109294,0.3683346,-0.0028731083,-0.23322168,-0.01682276,-0.051917087,-0.32138228,0.043946076,0.09583311,-0.019400759,0.9097745,0.10920409,-0.034564048,1.0164796,-0.03863534,0.09493599,-0.32859963,-0.023764709,0.22700961,-0.03393033,-0.016295003,0.44518036,-0.007861559,0.89712155,0.74361074,-0.1661469,-0.05811211,0.70866877,-0.05094433,1.106602,1.511388,0.928013,-0.5436877,2.2848163,0.21557769,-0.09878107,0.12509508,0.42851466,-0.29431507,-0.122667745,-0.06919858,0.18667218,-0.24676846,0.23801537,0.07656329,0.21322492,-0.008477314,0.9002939,-0.39864162,-0.27531597,-0.03800453,1.233107,-0.02598211,-0.0031508913,2.0511954,-0.11837236,-0.025861314,-0.27728218
TCGA-E2-A56Z,2.2546983,1.5175632,0.24653408,0.31390876,0.25271195,-0.31984603,-0.07526194,0.75354725,0.35568717,-0.25279066,0.46296832,-0.032546148,-0.3621649,0.7563421,0.7126779,-0.021737596,0.5736131,-0.016551461,-0.08413694,1.3730501,-0.03207554,-0.01218574,-0.38467276,-0.04754093,0.91191214,0.007436166,-0.040575493,0.2830954,-0.026252931,1.3266582,0.7678171,-0.27185684,-0.10509477,0.5820047,-0.05721553,0.56721914,1.6271,1.3088484,-0.6208211,2.334102,0.13239366,-0.1264324,0.48383415,0.32373446,-0.35993782,-0.1412131,-0.104649365,-0.00030898044,-0.28190255,1.1766529,-0.0037011548,0.8695385,-0.054438986,1.2313545,-0.4366477,-0.2666773,-0.10012757,1.4557616,-0.019920683,0.20527986,1.6606462,-0.16897355,-0.026583944,-0.44274244
TCGA-E2-A570,2.2502618,1.3867016,0.5132406,0.9919282,0.018197488,-0.29154587,-0.08287939,0.3879277,0.16476825,-0.20952284,0.07238158,-0.047693264,-0.29472265,0.56111944,0.3252982,-0.025887394,0.5278572,-0.023403598,-0.05345236,0.9497875,-0.033720415,0.15818185,-0.29956296,-0.0048296647,0.025286835,-0.012302856,-0.0053361105,0.20869255,-0.010802689,1.0333515,0.5024476,-0.15859023,-0.05696964,1.0214497,-0.030892884,0.57175624,1.385413,0.76145303,-0.518071,1.9232899,0.16184182,-0.08969562,0.08233735,0.50018734,-0.31803071,-0.13072963,-0.06319946,0.01709843,-0.23754704,0.78594744,-0.0092540635,0.564166,0.116554596,0.55931467,-0.37667203,-0.24985115,-0.046408717,1.1193174,-0.03519156,-0.018772366,1.5933093,-0.12298276,-0.013360496,-0.29042625
TCGA-E2-A572,2.154141,1.6949646,0.35699236,0.5120468,0.18335138,-0.3547127,-0.080376394,0.7435044,0.37507844,-0.237896,0.1332047,-0.05196122,-0.37317827,0.09749608,0.5241033,-0.03537188,0.6859832,-0.017001247,-0.06376051,1.1680013,-0.04949857,0.14050445,-0.3742009,-0.029096901,0.781467,-0.030629277,-0.028826928,0.32697237,0.042422816,1.2670699,0.7591247,-0.2714698,-0.075302444,0.48780724,-0.031501327,1.0375865,1.7047385,1.17781,-0.61380607,2.3364816,0.45896298,-0.1293919,0.3449121,0.25062162,-0.32416868,-0.11691465,-0.08374451,0.06411621,-0.29826027,0.87055016,-0.000659083,0.4854803,-0.034175567,1.0464655,-0.4269536,-0.28705144,-0.052873887,1.3738859,0.09399741,0.037052717,1.7998209,-0.15628703,-0.014946163,-0.37335595
TCGA-E2-A573,2.2424483,0.88282424,0.5415383,1.8752285,-0.000564586,-0.21818824,-0.13545051,0.18863234,-0.0015855123,-0.18089172,-0.042820197,-0.015014454,-0.29171357,1.0812985,0.22172116,-0.033424918,0.47657064,0.7112477,-0.039939217,0.53933316,-0.023009125,0.3298037,-0.26869306,-0.021861061,-0.017568342,-0.027931208,-0.017219367,0.4720633,-0.027272856,0.8384573,0.54725003,-0.14724,-0.03429431,0.65079343,-0.06029412,0.5682113,1.3438513,0.72911507,-0.49042693,1.7922914,-0.02544834,-0.0701961,0.179411,-5.3306296e-05,-0.2867491,-0.12818617,-0.032704975,0.11166659,-0.21151356,0.4589775,-0.012180818,0.97986054,0.08506093,0.78287333,-0.37115026,-0.2378438,-0.032605555,0.8143491,-0.024788799,-0.016981307,1.4361638,-0.12409639,-0.015847338,-0.27031207
TCGA-E2-A574,2.2037668,0.91312885,0.5443464,0.8968697,-0.000280283,-0.22642708,-0.19640975,0.3540793,0.17033523,-0.18273537,0.20858243,0.29455164,-0.3822914,1.987223,0.7333031,-0.054166447,-0.005370395,1.8937347,-0.061864626,0.58619535,0.38935867,0.4187971,-0.32526484,-0.04272045,0.7780814,-0.01569674,-0.038591098,0.53645915,0.0052618086,1.2813983,0.39891896,-0.26486608,-0.005619139,1.2571869,-0.0979391,-0.0141448,1.452703,0.85705197,-0.583337,1.7211362,-0.041521803,-0.05887949,0.6965114,0.23190479,-0.34337673,-0.13908006,-0.0835079,-0.036164504,-0.2900796,0.47182742,-0.011373625,2.6824043,-0.0036917762,0.45052794,-0.44308087,-0.2619892,-0.06599905,1.2755388,-0.026628023,-0.012761337,0.7567485,-0.18503696,-0.035293583,-0.47954985
TCGA-E2-A576,3.0733938,2.1941202,0.73512894,-0.0063902624,0.23955883,-0.4363083,-0.13976958,1.1536087,0.75643843,-0.36084747,0.6255687,0.0780051,-0.54854435,1.8718187,1.3962632,-0.073167585,0.08645235,-0.041497804,-0.10440482,1.7460843,0.13540451,0.3054382,-0.49815392,-0.05442171,1.3286003,-0.01673639,-0.048283607,-0.0061409785,-0.044848766,2.0979242,0.8297747,-0.45473433,-0.107455686,0.236377,-0.0865107,-0.008416283,2.33346,1.3810062,-0.86668634,2.839755,0.07254435,-0.16436645,0.804207,0.21394871,-0.53525174,-0.18269424,-0.18438521,-0.08771499,-0.44770548,1.0073771,0.4197862,2.6200998,-0.11854519,1.2016069,-0.61095065,-0.42929766,-0.14553927,1.7426771,-0.0028897342,-0.034611087,1.2886508,-0.34950468,-0.041001413,-0.6889166
TCGA-E9-A1N3,2.116702,1.109213,0.14131886,1.2170323,0.019160103,-0.2538413,-0.06710958,0.28924465,0.0019341027,-0.19686244,-0.03106891,-0.046297338,-0.2788645,-0.023059987,0.060035694,-0.021002878,0.7508369,-0.0023503727,-0.065293744,0.90149885,-0.055641156,0.007698222,-0.3392503,-0.031574473,0.0197213,-0.025246734,-0.028301928,0.5936938,-0.010151115,0.8994647,0.42970973,-0.17447977,-0.031360395,0.7611534,-0.027833179,0.8726406,1.4778123,1.0342352,-0.49600512,2.080571,0.14269505,-0.10414161,0.1553445,0.42387784,-0.27441072,-0.111043416,-0.06646948,0.26486334,-0.23619659,0.3589444,0.02051883,-0.032534864,0.25125185,1.1135578,-0.36580056,-0.23958533,-0.022521593,1.0931568,-0.024470957,-0.0030845578,1.843871,-0.103551604,-0.03161204,-0.26908952
TCGA-E9-A1N4,1.5405816,1.1263691,0.377453,0.8712386,0.042509604,-0.25483665,-0.052565027,0.41185293,0.045715973,-0.17822765,-0.008595201,-0.04322677,-0.2533444,-0.021854421,0.25959393,-0.008938896,0.85485,-0.008680681,-0.03927631,0.83048534,-0.057485797,0.016755074,-0.25333416,-0.026467672,0.41452953,-0.04180908,-0.026876569,0.22053389,-0.0074509806,0.76103413,0.50998205,-0.138817,-0.049049824,0.30301395,-0.035632905,0.95423114,1.1595268,0.73399645,-0.40703827,1.6544117,0.42464978,-0.090457946,0.18994525,0.10367973,-0.22079423,-0.089561515,-0.06237349,0.10143907,-0.16963625,0.91699016,0.14111154,0.20383242,-0.019456178,0.8761324,-0.29280755,-0.18208313,-0.046155345,0.7082497,-0.030871138,0.22288209,1.3280756,-0.10450377,-0.011299501,-0.21079516
TCGA-E9-A1N5,2.3317552,1.603034,0.5632699,0.87121683,0.022337597,-0.34092498,-0.09180338,0.57271653,0.108111024,-0.24394219,0.007034762,-0.052034665,-0.3247774,0.10051133,0.3203813,-0.02736936,0.9216262,0.03839414,-0.0666947,1.2964221,-0.04021145,0.1361115,-0.3587003,-0.01755662,0.47249848,-0.025293833,-0.022521326,0.21918742,-0.017799048,1.1304526,0.60576665,-0.22408798,-0.07558964,0.46830225,-0.04966725,0.8183591,1.7014389,0.94602346,-0.60126764,2.4871922,0.49534023,-0.11312437,0.29548728,0.3772403,-0.3487541,-0.13652067,-0.06964847,0.03093196,-0.2826927,0.5953845,0.10774956,0.37695628,-0.0015265396,1.0193824,-0.41494656,-0.27442172,-0.056540873,1.3604232,-0.017295597,0.020014051,1.8830068,-0.14368193,-0.031456552,-0.35050115
TCGA-E9-A1N6,2.3481107,1.4291338,0.30458322,1.3169726,0.1685362,-0.26777777,-0.08329364,0.3604031,0.08658205,-0.20729211,0.011084214,-0.0009894022,-0.33557498,1.4102129,0.3873262,-0.029420406,0.17189056,-0.012394375,-0.04887171,0.7695591,-0.0021919382,0.21096413,-0.3374643,-0.013806206,-0.031036219,-0.01959306,-0.008479416,0.101244405,-0.02204406,1.0749487,0.7552327,-0.19681683,-0.07026784,0.46263334,-0.059403878,0.34567124,1.5897636,0.6594343,-0.5891377,2.1021035,0.24248601,-0.09890184,0.15480098,0.26570904,-0.3543217,-0.13511059,-0.0822734,-0.0140717765,-0.29436582,0.9393108,-0.0060177795,1.2477999,-0.052763063,0.9293643,-0.44332767,-0.3025419,-0.08631338,1.1779101,-0.01985957,-0.03837924,1.2626905,-0.17531444,-0.03792951,-0.35247514
TCGA-E9-A1N8,2.043186,0.7308804,0.5865131,1.2859281,0.08345349,-0.12521785,-0.15886696,0.22201218,0.16611134,-0.1752126,-0.0024523272,0.13087474,-0.30980343,1.9851962,0.678743,-0.03900337,-0.0037532074,2.0709765,-0.029727852,0.26865226,0.018033575,0.36720997,-0.24268734,-0.0076825577,0.00785847,-0.04767677,-0.022105826,0.9460035,-0.02285631,0.92683893,0.4816333,-0.19900572,0.038871706,1.4820098,-0.097802654,-0.022432797,1.6457155,0.59352416,-0.4792037,1.4394492,-0.042336162,-0.03378297,0.8872631,0.4702977,-0.30040184,-0.14544527,-0.02644423,-0.023801647,-0.23606633,-0.025992116,-0.02830853,1.6820961,0.0795188,0.24860717,-0.4083929,-0.26954898,-0.07124798,0.9511096,0.2107327,-0.003809308,0.5891631,-0.15439562,-0.0420867,-0.41542718
TCGA-E9-A1N9,2.239439,1.420905,0.31207436,1.0850114,0.0056466293,-0.29277834,-0.100062825,0.33829153,0.42107785,-0.21140693,-0.007310752,-0.023853336,-0.3317348,0.99825835,0.53403157,-0.02424602,0.46418133,0.19511423,-0.06800107,1.030431,-0.021789785,0.29425305,-0.32935646,-0.02022394,0.0419163,-0.0045336923,-0.053742643,0.10914895,-0.010605909,1.4241177,0.7090054,-0.20446987,-0.06591392,0.4199523,-0.059180643,0.35908046,1.8667722,0.84032995,-0.5900362,2.069862,0.31870574,-0.074935846,0.15452611,-0.027330423,-0.35274556,-0.12383615,-0.094311796,-0.022372006,-0.27378333,0.66110396,0.10557184,1.5205978,-0.038028907,0.8053202,-0.41629195,-0.27654094,-0.088234864,1.2244048,-0.009262265,-0.012717527,1.07448,-0.22567292,-0.05385503,-0.3475971
TCGA-E9-A1NA,3.5690455,2.3536592,0.5081623,0.46520326,0.38248795,-0.44472724,-0.14778444,1.0619221,0.62978876,-0.36697406,0.11176445,-0.011873487,-0.56606525,2.221738,1.0470908,-0.10252168,0.3149489,-0.005227408,-0.095513426,1.7118561,-0.008863575,0.3628517,-0.54657525,-0.036517937,0.9953878,-0.008352599,-0.054565735,0.00492597,-0.028607203,1.9879774,1.0902159,-0.44069526,-0.09736753,0.1286157,-0.086837605,0.3513661,2.850423,1.6451576,-0.96202576,3.227531,0.15539195,-0.16582601,0.659476,0.60283667,-0.54072535,-0.21077053,-0.15936384,-0.06440819,-0.48780575,0.095167086,0.093434654,1.8576443,-0.0685945,1.2884,-0.6732378,-0.48693702,-0.10109927,1.8682122,-0.012941132,-0.042640697,1.6602079,-0.3490059,-0.055380106,-0.7110707
TCGA-E9-A1ND,2.4154592,1.1661943,0.5619438,1.7639686,-0.0036104105,-0.25374803,-0.13370518,0.09123416,-0.015393316,-0.19229665,-0.034591228,-0.01761104,-0.29542813,1.2973882,0.26503012,-0.06075827,0.38779142,0.3587974,-0.03866127,0.71582913,-0.01004142,0.2436497,-0.30437967,-0.00729851,0.0067126416,-0.01886548,-0.031122362,0.24733257,-0.021317445,1.0034363,0.6616614,-0.14447366,-0.044910543,0.2344286,-0.06985255,0.4084675,1.5715377,0.5326776,-0.54295474,1.9771334,-0.012987648,-0.06809349,0.20371142,0.12713872,-0.3152391,-0.13842379,-0.057129588,-0.008335128,-0.24503012,0.6886596,0.01389947,1.3894573,-0.036800575,0.95012337,-0.38490042,-0.2659016,-0.03984871,0.87731695,-0.060641345,-0.026559055,1.4032402,-0.16126119,-0.010261959,-0.32561588
TCGA-E9-A1NE,2.2382865,1.285587,0.46816477,1.2533405,0.0041012894,-0.27245983,-0.076530896,0.28191578,-0.012648593,-0.22123912,-0.027119404,-0.05440831,-0.290547,-0.0004441727,0.07390021,-0.024584992,1.0946865,-0.004525471,-0.045592625,0.98836255,-0.039873123,0.07458283,-0.31974235,-0.025490168,0.17464238,-0.029838566,-0.015612401,0.5143182,-0.013340657,0.83503914,0.8006818,-0.16715801,-0.060242545,0.39946,-0.04094825,1.0859529,1.4283452,0.9319991,-0.52912635,2.188258,0.10976903,-0.09531096,0.013397876,0.37419057,-0.29279062,-0.11009611,-0.066117056,0.1623935,-0.2235697,0.03133787,0.04183554,-0.0073556765,-0.008253558,0.9572375,-0.37427238,-0.2596994,-0.045393538,1.2694418,-0.037908975,-0.009010202,1.9185727,-0.1270334,-0.022670722,-0.26177058
TCGA-E9-A1NF,2.4849095,1.605237,0.4324302,0.18346328,0.47317097,-0.31672764,-0.10205666,0.67469865,0.30668113,-0.26737025,0.29034856,-0.010441368,-0.3850055,1.6049147,0.5432595,-0.05504259,-0.013999893,0.036215946,-0.06044791,1.089815,0.1997126,0.24850076,-0.34684956,-0.04073325,0.68062687,0.032308973,-0.028657386,-0.0018279668,-0.034134954,1.306681,0.629358,-0.29637066,-0.06765529,0.5823032,-0.09169925,0.35817823,1.5778551,1.1212339,-0.62767506,2.1475203,-0.012615618,-0.0830396,0.28663498,0.16507347,-0.38479763,-0.13285102,-0.13729827,-0.032484572,-0.32903817,0.2899163,0.047216274,1.7528459,-0.05478501,0.71871245,-0.4496637,-0.3207955,-0.10341197,1.2569222,0.115381055,-0.02558053,0.86759734,-0.22340529,-0.030497843,-0.46594414
TCGA-E9-A1NG,1.791773,1.131021,0.2864698,1.0645678,0.031231593,-0.24175869,-0.0720567,0.3088855,-0.00465258,-0.19042343,-0.018204851,-0.038649213,-0.24846542,0.03649162,0.06812523,-0.0046155667,0.8475203,-0.009948352,-0.027499486,0.7850348,-0.035218384,0.13328138,-0.24982603,-0.017040804,0.1857072,-0.015072438,-0.011357008,0.2634015,-0.006786791,0.71044636,0.6257792,-0.13671689,-0.055355396,0.6752834,-0.031718336,0.9390373,1.1483097,0.84229237,-0.42745104,1.7494289,0.30279464,-0.073590934,-0.00017121212,0.2838748,-0.23182206,-0.0981921,-0.0454791,0.17178813,-0.1832125,0.6854893,0.01359448,0.031573445,-0.02577432,0.78555197,-0.31680444,-0.20964883,-0.041148297,0.90620315,-0.021403229,0.059354175,1.6370385,-0.08418469,-0.017700143,-0.21588092
TCGA-E9-A1NH,2.7748303,1.6391716,0.2850388,0.77134824,0.4555947,-0.3499752,-0.10052232,0.50925213,0.21680701,-0.2594889,0.16851303,-0.05541265,-0.36533234,0.6257386,0.16225366,-0.043475937,0.77045506,0.27329397,-0.07841682,1.0499598,-0.028806804,0.045471486,-0.38650942,-0.036016367,0.33057708,-0.04899575,-0.0051459894,0.30790767,-0.017705973,1.3382372,0.7834081,-0.23880354,-0.024878023,1.34231,-0.070192,0.8493491,1.6539048,0.9822031,-0.62886995,2.4372406,-0.004001669,-0.13916044,0.4345277,0.5485082,-0.37194744,-0.14426832,-0.098886035,-0.013532399,-0.31006125,0.2817222,-0.0077504106,0.6979789,-0.00996105,0.8170502,-0.4637149,-0.33151007,-0.060115445,1.5288825,-0.012008462,-0.0077952715,1.8104178,-0.15880015,-0.019484451,-0.38470826
TCGA-E9-A1NI,2.2809246,1.5878832,0.40060306,0.5028707,0.04198003,-0.36630997,-0.07565438,0.8926806,0.16957399,-0.22690785,0.11588312,-0.037155453,-0.39452237,0.9991903,0.60498196,-0.03658749,0.5564879,-0.030685613,-0.054020014,1.0498062,-0.020667283,-0.0055574314,-0.3659373,-0.034361344,0.7744347,-0.0006515061,-0.0373519,0.11708024,-0.020802848,1.4549556,0.7761233,-0.27540085,-0.099078156,-0.00015194342,-0.06998377,0.6960239,1.7306057,1.1242582,-0.60466,2.1426919,0.31246683,-0.12027562,0.56813174,-0.020126222,-0.4001236,-0.14610623,-0.092441194,-0.023502188,-0.30146578,1.3277577,0.12599154,1.1526875,-0.057237804,1.0571053,-0.45951185,-0.27384597,-0.08713994,1.207727,-0.0028674197,0.09014679,1.6013219,-0.16593339,-0.04282858,-0.406447
TCGA-E9-A1QZ,1.9406992,1.2198522,0.37306187,1.0363257,-0.0013653588,-0.26358113,-0.062295288,0.44936755,-0.005798569,-0.20416346,-0.0010170846,-0.03331777,-0.27695143,-0.0076654865,0.17103055,-0.028034348,0.8930636,0.036386438,-0.04873123,0.99717724,-0.023611944,-0.0014917725,-0.2928354,-0.02000368,0.37908107,-0.029528052,-0.018525064,0.28687453,-0.009584842,0.9464513,0.64924645,-0.16771543,-0.059137683,0.3039702,-0.03543535,1.0012939,1.3008124,0.88496035,-0.48954296,1.992318,0.09909823,-0.086691916,0.11228351,0.17888507,-0.27259406,-0.08412685,-0.06963958,0.17162862,-0.21399538,0.44379002,0.29352885,0.1447363,-0.018536154,0.91776174,-0.334544,-0.2188814,-0.04546034,0.9909763,-0.034117788,-0.0006528009,1.6840525,-0.11475015,-0.018266724,-0.25189483
TCGA-E9-A1R0,2.3854694,1.5957383,0.41184524,0.60381335,0.13464287,-0.32537383,-0.08519728,0.73845464,0.2690756,-0.25922006,0.24913967,-0.034226004,-0.38156447,0.39139473,0.3917582,-0.008664801,0.7630511,-0.0024261794,-0.061501957,1.371501,-0.040343985,0.008000991,-0.37398708,-0.018767316,0.74460495,-0.029507909,-0.01753719,0.3422427,-0.0033327327,1.2114087,0.7381484,-0.23850845,-0.07176384,0.4664868,-0.061483968,0.94991326,1.5912194,1.1470281,-0.59072304,2.3532062,0.106218666,-0.1352076,0.37207186,0.049211934,-0.34947968,-0.11104093,-0.10258776,-0.007914572,-0.30140778,0.6607194,0.062910296,0.6016847,-0.028223965,1.0311952,-0.44051948,-0.29324487,-0.06970842,1.342619,0.07633496,0.043703165,1.5742866,-0.16479693,-0.045482565,-0.37231797
TCGA-E9-A1R2,2.5922809,1.4734751,0.4226313,1.1979609,0.0472263,-0.28398886,-0.09184634,0.32541466,-0.00475195,-0.24009255,-0.01758637,-0.040509716,-0.33363497,0.5507861,0.22052117,-0.029605392,0.78094035,-0.0323666,-0.0659615,1.1733369,-0.057145465,0.23920967,-0.38623685,-0.03055383,-0.014332329,-0.026749326,-0.014537397,0.51218826,0.015339732,1.1645619,0.8362925,-0.21035528,-0.07524331,0.6005811,-0.03627802,0.69886863,1.6644869,1.0468502,-0.633951,2.4708033,0.16998123,-0.12758051,0.24243921,0.71314955,-0.37062216,-0.13633242,-0.09965497,-0.017964028,-0.26428962,0.50313836,0.027914872,0.10127621,-0.006538453,1.0661676,-0.43839452,-0.31280258,-0.0441882,1.6454295,-0.028050313,-0.012004263,2.113092,-0.15952396,-0.012679959,-0.3550068
TCGA-E9-A1R3,1.4521186,0.95272344,0.39510736,0.55020225,0.16113128,-0.20286682,-0.06392057,0.16648626,0.03808913,-0.17000084,0.03995027,-0.032318678,-0.19403504,0.1974775,0.18056764,-0.017411744,0.4985517,-0.01364498,-0.03977796,0.6618197,-0.022943957,0.006089489,-0.21497665,-0.014014554,0.19816361,-0.0072485483,-0.030383205,0.12616074,-0.007727593,0.6520332,0.44402787,-0.12154869,-0.045582063,0.6041837,-0.025276443,0.5171275,1.0594195,0.66469216,-0.3567445,1.4291719,0.30702236,-0.050209492,0.056707654,0.29066038,-0.19304597,-0.06896803,-0.06690479,0.119377166,-0.1704246,0.60845304,-0.0112155955,0.25682423,-0.011276175,0.57210666,-0.2823725,-0.16920586,-0.038050357,0.7888827,-0.0020186945,-0.0026676354,1.2114953,-0.104571,-0.022024266,-0.21006739
TCGA-E9-A1R4,1.9325173,1.2393897,0.25336477,0.53941226,0.21524379,-0.27909154,-0.0699854,0.59222907,0.18814269,-0.22295068,-0.0020768584,-0.026887147,-0.29889235,0.42697626,0.28143,-0.024744896,0.6652645,-0.0034273558,-0.056022644,0.9791143,-0.015479167,0.04568921,-0.29857475,-0.016219659,0.73134935,-0.018098896,-0.034519207,0.26325324,-0.015763884,0.95076394,0.5199877,-0.19253042,-0.061773438,0.09762372,-0.05373428,0.75982594,1.5227612,0.8386501,-0.5155965,2.0957983,0.20842448,-0.08368817,0.50593454,0.22671516,-0.30106184,-0.1050533,-0.07045602,-0.019376388,-0.23658955,0.66942835,0.26637858,0.69379324,-0.00827767,0.86198026,-0.34345552,-0.24297182,-0.06455942,1.1968055,-0.020166518,-0.03424883,1.392391,-0.14614174,-0.02468594,-0.31716204
TCGA-E9-A1R5,3.118413,2.0016723,0.43298346,0.8109435,0.2395132,-0.37699828,-0.13192362,0.77466893,0.52171355,-0.32541028,0.14337489,-0.027147567,-0.4838756,2.0989246,0.97585005,-0.04687401,0.22628312,-0.00061097014,-0.08478538,1.3842825,-0.039265092,0.35002273,-0.48043123,-0.032402705,0.4369959,-0.03246733,-0.043245472,0.25629124,-0.029480297,1.8096206,0.7979785,-0.34877545,-0.08995768,0.5610556,-0.07987975,0.29606438,2.1933947,1.1975241,-0.7843486,2.4919698,-0.012647197,-0.17241205,0.59393615,0.4583934,-0.4884288,-0.1680456,-0.12831001,-0.062302943,-0.42110777,0.20350596,0.34319678,1.6755738,-0.02277189,1.0803608,-0.58095264,-0.42130303,-0.094846316,1.7698743,-0.010077284,-0.03951868,1.6353816,-0.26777226,-0.048495676,-0.5931291
TCGA-E9-A1R6,2.9373338,2.0189264,0.50609905,0.72110504,0.19249527,-0.431329,-0.115325846,1.0564142,0.4533272,-0.31325495,0.18125847,-0.03832941,-0.50491476,1.0646658,1.0348961,-0.06408394,0.53773254,-0.04173064,-0.07749194,1.5066069,-0.0379008,0.29402056,-0.4779826,-0.04504864,0.9858545,-0.024018956,-0.05112206,0.20768562,-0.018160798,1.7469864,1.0148705,-0.36588052,-0.09801892,0.03982543,-0.079092264,0.542482,2.162475,1.3046615,-0.8011841,2.7578435,0.10945007,-0.1745073,0.77648884,0.3056854,-0.46418664,-0.1814193,-0.13843834,-0.04024943,-0.37799805,0.9944093,0.15720148,1.236706,-0.06766225,1.5355638,-0.5561666,-0.39731982,-0.11427834,1.9103475,-0.01901055,-0.008527942,1.8112707,-0.24555364,-0.043710303,-0.57549584
TCGA-E9-A1R7,2.7413216,1.6414423,0.33041015,0.70413107,0.11925547,-0.34180662,-0.11886009,0.7372331,0.30249342,-0.30168435,0.09539486,-0.04311405,-0.4320477,1.6213632,0.4958635,-0.06897696,0.25023615,-0.022883033,-0.07174083,1.4124893,-0.016901063,0.0685151,-0.43124875,-0.04045021,0.445463,-0.009055819,-0.041840993,0.25016922,-0.011888958,1.412187,0.7526807,-0.31363532,-0.06244862,0.3980259,-0.053399928,0.2532069,2.0794666,1.2957467,-0.7328943,2.429533,0.20132372,-0.14669086,0.45607775,0.55601156,-0.42501298,-0.15996097,-0.12723276,-0.05678751,-0.34460536,0.07710044,0.05994115,0.9006029,-0.04908634,1.2191056,-0.5304527,-0.36047685,-0.087478004,1.598402,-0.0048266114,-0.033303548,1.5130901,-0.22827792,-0.046247687,-0.51121473
TCGA-E9-A1RA,2.2950377,1.3242918,0.3471552,1.1752925,0.12065342,-0.28870305,-0.101422325,0.29273242,0.012597782,-0.2361481,-0.010458267,-0.053916026,-0.3029581,0.30674103,0.049325805,-0.028872563,0.95658547,-0.0063008936,-0.045902316,0.85463923,-0.037317675,0.04914434,-0.31970415,-0.007667503,0.055425134,-0.031362984,-0.010895156,0.28179038,0.015715025,0.84777653,0.8065698,-0.1580065,-0.035603255,0.8052816,-0.04973608,0.8518884,1.4308635,1.0726643,-0.534,2.1203127,-0.0024295538,-0.08917424,0.073807135,0.33746183,-0.2976548,-0.117348514,-0.06493809,-0.020321729,-0.2485605,0.09466331,0.041658252,0.25735718,-0.0030698245,0.99810535,-0.39267585,-0.284992,-0.044965502,1.2228919,-0.030058477,-0.0049181064,1.8455567,-0.109335594,-0.036285024,-0.2935702
TCGA-E9-A1RB,1.5620943,1.1372125,0.39103988,0.609158,0.021315511,-0.20829098,-0.064123206,0.34766564,0.060114358,-0.17514294,-0.0005525785,-0.015510007,-0.22888802,0.48828802,0.121277615,-0.03565486,0.3887575,0.08465293,-0.048236813,0.7104046,-0.00698295,0.14267084,-0.2059989,-0.016814757,0.20568484,-0.013649625,-0.0034951547,0.0404241,-0.002921269,0.6928369,0.46995097,-0.12981597,-0.023784732,0.7108879,-0.028633554,0.5462004,1.2177917,0.7147627,-0.38633204,1.3823462,0.32975754,-0.037231203,0.28125912,0.19357622,-0.22770242,-0.08179329,-0.054952044,-0.029520905,-0.19854492,0.79752076,-0.023407303,0.43753844,-0.013847145,0.48952258,-0.28885448,-0.19157593,-0.046654284,0.6516939,-0.046572767,0.17316967,0.9194461,-0.08981379,-0.011795949,-0.24569173
TCGA-E9-A1RC,3.45333,2.045287,0.5672186,1.3030102,0.32442945,-0.41973653,-0.1856436,0.6656761,0.44751254,-0.3570605,0.24128878,0.0035287952,-0.50979877,2.3874638,1.314239,-0.06401838,0.18884434,-0.0049127536,-0.092743576,1.2001787,-0.012689175,0.20102456,-0.5267177,-0.028883835,0.060055424,-0.010577934,-0.026913319,0.29803735,-0.04762855,2.125838,0.79685056,-0.34814653,-0.07285394,0.93592536,-0.10805972,0.14006047,2.302512,1.2244998,-0.87935966,3.1368074,-0.021190343,-0.17145091,0.89810824,0.87419736,-0.5684691,-0.23249577,-0.1465317,-0.08473571,-0.45676658,0.15740274,0.2440883,2.0018384,-0.025823284,1.0293437,-0.6402075,-0.4895223,-0.10411652,1.9926804,-0.010516409,-0.04440638,1.9301491,-0.3118907,-0.042467125,-0.65864056
TCGA-E9-A1RD,2.8107316,1.8552337,0.4670355,1.0373482,0.2427981,-0.3485783,-0.09757101,0.66899645,0.24731211,-0.28200462,0.020933757,-0.04672716,-0.39673874,0.4313383,0.32926348,-0.018800015,0.8651255,-0.012195893,-0.06532492,1.2686347,-0.04165375,0.069560006,-0.42433104,-0.023504322,0.1360798,-0.039397884,-0.036934968,0.30542725,-0.022516213,1.35819,0.78776187,-0.22832976,-0.06934724,1.177639,-0.05401647,0.706048,1.6587651,1.390063,-0.6620452,2.6658602,0.14618373,-0.16222246,0.34645203,0.6320083,-0.36553192,-0.15722248,-0.086836725,0.05884515,-0.32292637,0.84049577,-0.011496453,0.20380753,-0.0129337525,1.0555366,-0.48247933,-0.33702204,-0.043875363,1.5316815,-0.035951495,-0.0038923044,2.0454605,-0.16758524,-0.0455289,-0.38710362
TCGA-E9-A1RE,2.5913484,1.9133972,0.52666396,-0.033864647,0.28038812,-0.41259813,-0.12547275,1.1157521,0.7843684,-0.3402341,0.4237047,0.22669934,-0.52181554,1.9891804,1.2575366,-0.10595449,0.20828037,-0.008492959,-0.0928212,1.5742399,0.1150607,-0.01798103,-0.45434663,-0.04473607,1.5087944,-0.0096834395,-0.04766071,-0.01678471,-0.0320335,1.7505437,0.60814387,-0.4363937,-0.07884165,0.06675054,-0.080248095,0.2823117,2.0423985,1.4952353,-0.7904462,2.3745313,-0.024983378,-0.1513117,0.745514,-0.008597214,-0.4842201,-0.13270457,-0.17085539,-0.05916061,-0.41413838,1.1276801,0.29056734,2.2553616,-0.10774922,1.0634845,-0.53945684,-0.3693831,-0.15054312,1.215481,-0.006677275,-0.025612224,0.9472547,-0.29647815,-0.058248956,-0.6277198
TCGA-E9-A1RF,3.357459,1.8172264,0.5984862,1.0647954,0.19057246,-0.4001324,-0.10103758,0.80962604,0.272567,-0.32852122,0.016997088,-0.035745274,-0.49665317,1.5484495,0.52698886,-0.03555868,0.3312431,-0.0058911475,-0.05282836,1.3784776,-0.025363928,-0.0079486165,-0.5003144,-0.017632103,0.254395,-0.02884216,-0.045613334,0.25669712,-0.023425795,1.7481779,1.016559,-0.3344729,-0.08754494,0.12269397,-0.08028233,0.4096675,2.1700754,1.5011653,-0.8198847,2.8089685,0.20802554,-0.1590545,0.6254183,0.23376854,-0.47908732,-0.15440696,-0.14436477,-0.056135934,-0.41075858,0.97386336,0.03217379,1.5315338,-0.08863321,1.395197,-0.5745697,-0.393717,-0.10975238,1.7171844,-0.045577195,-0.034004834,1.6957315,-0.261576,-0.055330615,-0.56242365
TCGA-E9-A1RG,1.0443945,0.83617437,0.17971848,0.3878509,-0.0061352714,-0.16730943,-0.040005375,0.14114082,-0.0065050484,-0.11643233,0.05983775,-0.03063479,-0.15355964,0.24174035,0.078512594,-0.017769542,0.32476097,-0.0061121555,-0.021307299,0.42790487,-0.011576976,0.16906334,-0.18327366,-0.010200815,0.12187423,-0.010814109,-0.023295492,0.002774451,-0.0014558055,0.6505799,0.3563323,-0.09071427,-0.058739662,0.19757767,-0.014125571,0.4007662,0.72903943,0.2819064,-0.29774067,1.1847017,0.29500365,-0.027116999,0.10552114,0.041084126,-0.17652258,-0.07350951,-0.039798286,-0.009776972,-0.14339067,0.97723615,0.04549767,0.6242065,-0.024149608,0.5076519,-0.20738976,-0.09180934,-0.03275802,0.57709414,-0.013309739,0.05704699,0.88752764,-0.048364054,-0.003778093,-0.16004829
TCGA-E9-A1RH,2.0699475,1.1155232,0.5151856,1.420406,-0.0018644966,-0.24323288,-0.06496865,0.26738736,0.033986915,-0.18447761,-0.0066282465,0.15566795,-0.31612846,1.7690035,0.37577468,-0.038895044,-0.0058434596,-0.010901304,-0.028520945,0.8640791,-0.022952294,-0.008060945,-0.3098018,-0.02964664,-0.020929672,-0.003361479,-0.00056935195,-0.0008907478,-0.03184597,1.0516212,0.5786374,-0.16475418,-0.06363902,0.14858705,-0.05062711,0.26534507,1.572034,0.46876672,-0.52653867,1.6584846,0.13029703,-0.088642806,0.27866098,-0.013377482,-0.31455603,-0.114690684,-0.090381384,-0.040687893,-0.24950993,1.1570442,0.2578786,1.8123161,-0.07327374,0.9129456,-0.38278663,-0.23649044,-0.079742305,0.9004523,-0.0225358,-0.037567236,0.90656406,-0.15433912,-0.023207115,-0.3376549
TCGA-E9-A1RI,2.575673,1.6379378,0.5566415,1.2829484,0.02852466,-0.3136309,-0.09964431,0.5905082,0.091254205,-0.24064663,-0.003316287,-0.056458104,-0.34782454,0.34688437,0.19808935,-0.037736814,1.0315342,-0.015785491,-0.08205044,1.2793026,-0.04467952,0.28492346,-0.38726318,-0.030553225,0.09322664,-0.021869265,-0.029536253,0.4371217,-0.010754686,1.0868239,0.72081995,-0.20077883,-0.05885259,0.70302176,-0.04149873,0.8502722,1.7805672,1.0299127,-0.6230858,2.5052958,0.15975854,-0.1270021,0.18713681,0.64348406,-0.32729343,-0.14307825,-0.08118061,0.18602307,-0.2853571,0.42321083,0.08739264,0.21395652,0.036994882,1.0742236,-0.4459137,-0.31955174,-0.04126224,1.422703,-0.020121997,-0.024154807,2.090482,-0.13760872,-0.024791945,-0.36105716
TCGA-E9-A226,2.5188546,1.4766293,0.48092362,0.8192884,0.13361748,-0.31571114,-0.09061601,0.3063086,0.12578374,-0.2664804,-0.001980876,-0.052785635,-0.3231853,0.35647923,0.12305684,-0.03281658,0.75021785,-0.004585819,-0.069007054,1.1139045,-0.032670435,0.024135888,-0.38620853,-0.030328779,0.10093066,-0.025258897,-0.0013685282,0.51641476,-0.010580247,1.2894031,0.6368934,-0.21633922,-0.04798213,1.0127995,-0.04780307,0.6732149,1.5380859,1.099896,-0.5939666,2.4279592,0.03436946,-0.09368556,0.21651253,0.56089455,-0.34142622,-0.13748246,-0.08572601,0.003073033,-0.3126686,0.5886363,0.16697818,0.1634427,-0.014681215,0.8581473,-0.430194,-0.3315217,-0.053424932,1.4682026,-0.036760367,0.06640148,1.883145,-0.1549543,-0.03127002,-0.3540047
TCGA-E9-A227,1.8975397,1.2835233,0.34818745,1.0302022,0.046059135,-0.25029045,-0.078065686,0.15775067,0.024056729,-0.19565187,-0.02299358,-0.04604143,-0.24995385,0.0053047147,-0.001118665,-0.021898761,0.93337834,0.059879363,-0.047490023,0.7916151,-0.056537468,0.19486919,-0.28018436,-0.017142689,0.090359285,-0.03454984,-0.0034938722,0.43833756,-0.0040017874,0.6082976,0.6318687,-0.123167776,-0.037047487,0.6251719,-0.026538774,0.79426014,1.2597164,0.7895901,-0.45718595,1.8148787,0.12204718,-0.07624643,0.0060590766,0.40866673,-0.23647134,-0.09816853,-0.056855526,0.14756505,-0.19750668,0.33617592,-0.0006794231,-0.008901793,0.0998882,0.7937976,-0.32872275,-0.22393668,-0.03765766,1.0582238,-0.023237938,0.07923421,1.7508745,-0.10314613,-0.02400368,-0.2258739
TCGA-E9-A228,3.7097032,2.0783298,0.32624215,0.7464029,0.40318102,-0.4241526,-0.12699418,1.1281518,0.48787645,-0.38325772,-0.009100973,-0.016702779,-0.58265144,1.934363,1.0118291,-0.07443908,0.4860455,-0.007664706,-0.10928402,1.7547773,-0.024247238,0.2868402,-0.60381716,-0.031313818,0.7974664,-0.007464303,-0.041273527,0.41903448,-0.048736203,1.9540324,1.016921,-0.44625473,-0.08652126,0.22416332,-0.06477247,0.3383729,2.6916916,1.8211412,-0.94892627,3.4056134,0.05698487,-0.19663046,0.6146827,0.68520474,-0.5539443,-0.18950467,-0.16674358,-0.057790767,-0.4648285,0.2624008,-0.008321243,1.3031026,-0.0729525,1.4338723,-0.6705442,-0.4985791,-0.09639975,2.041173,-0.03445597,-0.034403432,2.1253078,-0.3483983,-0.07258253,-0.7034218
TCGA-E9-A229,1.8842468,1.487743,0.44555667,0.8497614,0.08447121,-0.29525027,-0.06573413,0.32654262,0.1393315,-0.20447484,0.066987336,-0.05107624,-0.2871282,0.039514042,0.22269487,-0.02086052,0.91766816,-0.012328959,-0.06356102,1.0009751,-0.055042166,0.15755223,-0.32227093,-0.020785986,0.3276246,-0.026076322,-0.013520486,0.28540564,-0.005847025,0.8575465,0.7220547,-0.17568707,-0.07261805,0.6566946,-0.03369304,0.88771677,1.325089,0.97728235,-0.51050514,2.1425264,0.34721947,-0.10869445,0.13669917,0.35829175,-0.2868599,-0.10937238,-0.07252964,0.07958032,-0.24206197,0.6929229,0.07513619,0.0026572947,-0.0044121942,0.9675252,-0.35099772,-0.24798003,-0.041879382,1.1336032,-0.011777651,0.07663235,1.6619757,-0.0984551,-0.01594556,-0.2568975
TCGA-E9-A22A,3.099454,1.7132839,0.5131047,1.1931703,0.19127913,-0.31892377,-0.10119166,0.5960528,0.18844962,-0.29405162,-0.0290456,-0.048089,-0.41382018,0.8807741,0.47369766,-0.04377934,0.7029049,0.036779225,-0.06509346,1.1150801,-0.038489405,0.12552737,-0.4528531,-0.024805268,0.051115412,-0.026568249,-0.018715004,0.5429692,-0.022171916,1.364996,0.90002245,-0.24396074,-0.0852248,0.5363048,-0.06993135,0.8031051,1.9038153,1.215423,-0.6882078,2.6547902,0.14189264,-0.14416733,0.27882275,0.6895918,-0.41969058,-0.167855,-0.10018026,-0.007646996,-0.352192,0.091699794,0.09768801,0.5666947,-0.031352285,1.2693244,-0.501343,-0.3644965,-0.07318824,1.5325875,-0.025281241,-0.018982463,2.0317168,-0.21077521,-0.039150577,-0.4219707
TCGA-E9-A22B,3.6241553,1.7914692,0.34618348,1.0627699,0.09920283,-0.37732917,-0.115564875,0.8987444,0.23375611,-0.33208194,-0.012898872,-0.029170562,-0.48962402,1.3689295,0.818462,-0.0626209,0.54553074,-0.018936552,-0.06465172,1.4021052,-0.04181775,0.17665981,-0.5137694,-0.024756283,0.07499255,-0.033578932,-0.04127133,0.5485208,-0.04455585,1.746874,1.0193533,-0.3100655,-0.091289185,0.28721747,-0.070799194,0.2128498,2.2712803,1.3743498,-0.8284015,2.9867764,0.23040056,-0.17032915,0.49561864,0.7024552,-0.50209975,-0.2024513,-0.12785196,-0.029689088,-0.41326758,0.32739958,0.063098535,0.9827897,-0.04178828,1.396,-0.5730434,-0.43365303,-0.08026127,1.7422097,-0.052176453,-0.024930744,2.0481656,-0.24249811,-0.05720982,-0.579284
TCGA-E9-A22D,2.951405,1.7642913,0.47023147,0.6774917,0.42449063,-0.39589018,-0.1243104,0.91242003,0.39630276,-0.34008393,0.037096582,-0.03989474,-0.47071514,0.47784925,0.5779696,-0.06700689,1.0049567,0.098847516,-0.08816542,1.4860954,-0.03812052,0.15950544,-0.47247958,-0.020897482,0.77794766,-0.035427906,-0.03506097,0.44997418,-0.015960105,1.4575443,0.8427084,-0.32745296,-0.08745949,0.61458695,-0.06538768,0.95666754,2.0364292,1.2239283,-0.762227,2.864585,0.09485799,-0.1512224,0.4573894,0.49573284,-0.43822843,-0.16052958,-0.12720989,0.03130812,-0.3770915,0.18613428,0.2372906,0.72816926,-0.05005113,1.3663332,-0.5514199,-0.38965848,-0.067637525,1.6899396,-0.021772316,0.0532705,2.1319766,-0.23804124,-0.04113133,-0.49429518
TCGA-E9-A22E,2.0477502,1.2503895,0.4215808,0.77081364,0.113115385,-0.24691252,-0.07389856,0.31065568,-0.0003126352,-0.20660768,-0.0031374858,-0.027056923,-0.2819265,0.3998645,0.14001268,-0.0050095012,0.43771568,0.06967923,-0.05566963,0.8844451,-0.017907051,0.018814921,-0.2942193,-0.014268167,0.15985744,-0.033215042,-0.016474536,0.25892887,-0.013448666,1.1428989,0.5047302,-0.16930015,-0.046841495,0.8799965,-0.04276316,0.64140624,1.2588339,0.9121612,-0.48722968,1.9379615,0.18674703,-0.087091364,0.24442264,0.10671893,-0.274006,-0.10249328,-0.07258495,0.15627159,-0.24765074,0.7821319,-3.876351e-06,0.47417107,-0.026611924,0.7699009,-0.35610166,-0.22607286,-0.046759486,1.076541,-0.028829513,0.06419529,1.4759424,-0.12775356,-0.046355832,-0.2676503
TCGA-E9-A22G,2.4475083,0.93706024,0.2674952,1.9597163,0.22974803,-0.17538811,-0.15711057,0.0052201487,0.20944786,-0.2061094,-0.018173033,-0.013570512,-0.3358798,1.6292361,0.5347911,-0.023613306,0.1398982,1.242817,-0.031956658,0.5123535,0.02263343,0.33502764,-0.35243914,-0.012145707,0.18487635,-0.035270195,-0.06670428,0.5682629,-0.014687416,0.88831043,0.36229166,-0.1434959,-0.0507131,0.9523408,-0.08574795,-0.019607548,1.1769032,0.9397118,-0.5084642,1.7770778,-0.037904073,-0.07978724,0.18396293,0.19947779,-0.31724477,-0.18426557,-0.07006267,-0.0026272933,-0.26038346,0.34452862,-0.018353062,1.2009689,0.13937995,0.557795,-0.42326528,-0.29655012,-0.04202857,1.1076837,-0.029652467,0.05709585,1.3140123,-0.16286795,-0.045782838,-0.40115324
TCGA-E9-A22H,2.2144337,1.5591934,0.36432675,0.92576,0.22345471,-0.31900936,-0.06879849,0.44002178,0.3798801,-0.21769248,0.14299993,-0.044341173,-0.3314792,0.27283236,0.25920796,-0.037346665,0.6142592,-0.009008451,-0.05660763,1.088241,-0.025289765,-0.0014898748,-0.3160231,-0.016500821,0.20458323,-0.023328593,-0.026348839,0.3667006,0.14277677,1.1583971,0.70357144,-0.18900189,-0.067937694,0.28769618,-0.044317283,0.7663324,1.581226,0.96037114,-0.5631399,2.2149801,0.3665734,-0.09841803,0.36811167,0.16491446,-0.32025453,-0.12641865,-0.079138495,-0.0015826401,-0.27080074,1.0478647,-0.010653875,0.29975978,-0.02722226,1.0433962,-0.40354714,-0.2651876,-0.060195368,1.0886745,-0.0140518965,0.2366058,1.5696182,-0.14409338,-0.02835646,-0.33760414
TCGA-E9-A243,1.9850045,0.98455274,0.43116447,1.4721847,0.05091339,-0.23895584,-0.08606786,0.17076957,0.01821673,-0.18220466,-0.012299202,-0.03972394,-0.261042,0.24792556,0.05404832,-0.03077667,0.79072946,0.4860462,-0.028773531,0.7547428,-0.025129655,0.03326682,-0.23790963,-0.016939452,0.17886834,-0.024983594,-0.010924402,0.45373517,0.06023102,0.65630156,0.62188596,-0.14022486,-0.046514414,0.37963647,-0.05447154,0.9826509,1.2041783,0.6748447,-0.44760108,1.6265148,-0.021657182,-0.06851741,0.16431361,-0.0029235545,-0.25589442,-0.09097987,-0.04750317,0.28522027,-0.19187157,0.1986178,0.1428782,0.6194468,-0.0036373981,0.74576277,-0.32294938,-0.20547275,-0.026164392,0.79351664,-0.024600549,-0.006834209,1.5328041,-0.11694498,-0.008625942,-0.23438124
TCGA-E9-A247,3.092608,1.9530224,0.56553227,0.24806026,0.315592,-0.42394763,-0.12652038,1.3922071,0.64622474,-0.33559465,0.4013216,0.29131246,-0.51983845,1.7054349,1.3218336,-0.09931443,0.29886433,-0.04869578,-0.103104904,1.8372025,-0.010302243,0.30935684,-0.5364256,-0.029060692,1.323432,0.036269464,-0.062070806,-0.027473247,-0.0114432,2.2229671,0.7743878,-0.43373033,-0.100975744,0.3090056,-0.065186396,0.16016652,2.2145495,1.3990762,-0.840578,2.542942,0.28239006,-0.14936475,0.9021539,0.3310765,-0.48777452,-0.13930461,-0.17017992,-0.051653482,-0.4339039,0.90109867,0.1264777,2.0618527,-0.095221214,1.1851865,-0.60820425,-0.40202656,-0.12697361,1.7975204,-0.01095556,-0.06098125,1.561926,-0.33295202,-0.06863412,-0.6717869
TCGA-E9-A248,1.6786824,0.9341631,0.47201192,1.1155386,-0.021610921,-0.22082667,-0.07432803,0.22580723,-0.011709472,-0.17315261,-0.009837459,-0.016925894,-0.2491494,0.17834541,0.16070317,-0.023981368,0.6755208,0.32334992,-0.031741366,0.6338309,-0.017135762,-0.002920907,-0.22543195,-0.035904583,0.12378161,-0.030995194,-0.021348221,0.19998173,-0.0095508685,0.7354728,0.49688095,-0.120031014,-0.048153054,0.19028045,-0.042175148,0.8018271,1.1704763,0.67441255,-0.4193782,1.5901718,-0.012078782,-0.061615933,0.18410493,-0.02342819,-0.24718969,-0.08239668,-0.060746726,0.13387375,-0.17713366,0.66519356,0.18064132,0.81087035,-0.015283576,0.73892105,-0.29630435,-0.17808048,-0.046273228,0.67640716,-0.031148458,-0.012252788,1.2545062,-0.106313564,-0.010967234,-0.20964293
TCGA-E9-A249,2.3170319,1.3951701,0.4919779,0.8860751,0.334261,-0.3049857,-0.091836296,0.44475088,0.036345977,-0.24768822,0.15739805,-0.029579258,-0.34624478,0.653844,0.40589797,-0.043072008,0.7051206,0.101571664,-0.06792748,0.99265885,-0.03470176,0.034110226,-0.3467883,-0.015343584,0.30447707,-0.01936684,-0.022134693,0.5212036,-0.027015984,1.1294413,0.504904,-0.21095002,-0.043881536,1.1521248,-0.066107176,0.84050536,1.5892637,1.0972582,-0.5792425,2.287275,0.0014338661,-0.09992301,0.24796295,0.61535674,-0.3412839,-0.11081099,-0.063118815,-0.0016462263,-0.26948547,0.32815868,-0.018803773,0.5754388,-0.000632683,1.0603024,-0.43033582,-0.308901,-0.048243474,1.4002984,-0.021814767,-0.0007324521,1.7885368,-0.14309432,-0.007348448,-0.3560575
TCGA-E9-A24A,1.8669325,1.129544,0.20542014,1.2845006,0.0992994,-0.22237568,-0.07756828,0.19204244,-0.0026269746,-0.16721572,-0.007963987,-0.057997193,-0.24580507,0.2626861,0.047172163,-0.011074121,0.7436784,0.08173809,-0.060586,0.81121325,-0.04264109,0.19757083,-0.27693668,-0.021713227,-0.012806134,-0.03716374,-0.031401023,0.4190713,-0.0077664345,0.80704474,0.5155829,-0.119706236,-0.023563512,0.89497936,-0.03474842,0.5491292,1.2374966,0.762897,-0.43305007,1.7338973,0.11583234,-0.08889262,0.034884434,0.34615266,-0.23652835,-0.1053166,-0.041183144,0.28795603,-0.18603665,0.2972622,-0.010507234,-0.0012412131,0.14045109,0.6779575,-0.32699195,-0.22416063,-0.031311806,0.9934782,-0.022738026,0.13529837,1.5876064,-0.08461484,-0.027085831,-0.21617906
TCGA-E9-A295,2.697991,1.7434895,0.54619163,0.40366587,0.010095421,-0.34538046,-0.12037542,0.9740822,0.6216973,-0.3152736,0.25016546,-0.0076570655,-0.45563444,1.5438,0.83952606,-0.06279704,0.49647084,-0.0024509835,-0.08168953,1.2178941,0.10112336,0.058547445,-0.43300158,-0.017829895,0.7499269,-0.024104364,-0.037752595,0.030275393,-0.011513743,1.7916554,0.92661786,-0.3378837,-0.06752186,0.08547978,-0.08288437,0.40881306,2.000789,1.200962,-0.7183117,2.5088282,-0.0018203127,-0.12237134,0.7001999,0.11075726,-0.4218925,-0.15024881,-0.12480278,-0.060822506,-0.3835614,0.38915148,0.2904374,1.8108187,-0.080513716,1.0220004,-0.5088176,-0.37949786,-0.0948315,1.2723876,-0.028907483,-0.019466963,1.3475722,-0.278416,-0.03800367,-0.5491076
TCGA-E9-A2JS,3.4366233,1.9937656,0.5698181,0.22831473,0.27487183,-0.43625242,-0.14908932,1.0626798,0.7268256,-0.37484628,0.071356945,0.07376718,-0.5635719,2.2550018,1.2937511,-0.09110073,0.08969432,-0.029082492,-0.09774697,1.6999999,0.06422959,0.24247614,-0.5268367,-0.041471176,1.0604719,-0.015495378,-0.028030435,-0.005549332,-0.029456431,2.067961,1.0614468,-0.45379218,-0.10822095,0.020025637,-0.099938646,0.14163284,2.534526,1.5567625,-0.8982259,2.7884965,-0.012706502,-0.16922352,0.72861385,0.23958676,-0.5533326,-0.19481884,-0.1845887,-0.085864514,-0.48168412,0.4614862,-0.003143827,2.3682957,-0.1062906,1.3007272,-0.64212745,-0.45992443,-0.13597333,1.8204421,-0.017070211,-0.049931627,1.3231423,-0.3450744,-0.06250485,-0.6992064
TCGA-E9-A2JT,2.3528218,1.4047525,0.50595874,1.1252203,0.11800864,-0.30743024,-0.09181782,0.46173844,-0.0024464813,-0.2550329,-0.022199456,-0.051427037,-0.34640864,-0.003344172,0.18620606,-0.025117463,1.0710348,0.23794562,-0.044614397,1.1307654,-0.0363118,0.06946446,-0.3339934,-0.019855842,0.42157438,-0.038207114,-0.015962375,0.48684612,-0.0024724274,0.8594693,0.8967068,-0.19430114,-0.059513927,0.3107301,-0.052150667,1.3328984,1.6897905,0.9489838,-0.57866746,2.2911434,0.021164907,-0.09130161,0.22020292,0.14946723,-0.3073682,-0.09848251,-0.09037193,0.023702886,-0.25595915,-0.00807097,0.18549953,0.49194315,-0.027684515,1.0233264,-0.40456882,-0.27411267,-0.044390377,1.1938484,-0.023132464,-0.014016176,1.9345605,-0.16075653,-0.024194721,-0.29430124
TCGA-E9-A3Q9,1.5475813,1.2364706,0.18326645,0.5288264,0.06374641,-0.27043375,-0.044199746,0.6477521,0.08820618,-0.19364029,0.083400495,-0.02555043,-0.25713456,0.0658859,0.24148181,-0.018832317,0.8358009,-0.030376513,-0.026244909,0.8390813,-0.020760996,0.06378687,-0.257171,-0.029574802,0.38241547,-0.019724315,-0.0038033978,0.09253666,-0.005924566,0.9525554,0.6666792,-0.14473712,-0.082243524,0.4616829,-0.02831749,0.62243235,1.2492199,0.87075865,-0.4344294,1.6809101,0.34301418,-0.09495553,0.08818814,0.088607475,-0.24393396,-0.094908886,-0.062171377,0.23332848,-0.19536786,1.1822574,0.043941423,0.29576033,-0.032110054,0.8637315,-0.3251663,-0.17870365,-0.03564089,0.9432498,-0.03362679,0.4301127,1.3890944,-0.07250321,-0.032396134,-0.24066292
TCGA-E9-A3QA,2.0335336,1.0044739,0.44351354,1.4393641,0.026526265,-0.22461124,-0.10085449,0.18068285,-0.013753647,-0.20882812,-0.020973539,-0.03259896,-0.26578408,0.25504705,0.059739128,-0.01604306,0.84480417,0.76699036,-0.020326631,0.62427795,-0.021439584,0.09815387,-0.2629661,-0.031864595,0.30003682,-0.03456186,-0.020858077,0.48062253,-0.006639689,0.6957685,0.69558334,-0.14215434,-0.041378018,0.53622735,-0.06912151,1.031005,1.389381,0.7436313,-0.48312002,1.8057773,-0.017586038,-0.0569712,0.10580841,0.10891111,-0.26295897,-0.10416639,-0.05491029,0.1871454,-0.1969664,0.024740305,-0.012077149,0.6928989,-0.004046575,0.62460476,-0.34458825,-0.22261961,-0.0435847,0.96281767,-0.027745387,-0.01072042,1.5891821,-0.11791678,-0.015362443,-0.23510174
TCGA-E9-A3X8,2.624467,1.4581766,0.42724094,1.3760713,0.23328526,-0.30974206,-0.110350154,0.43635485,0.07789259,-0.2628898,-0.005462089,-0.023269558,-0.34988362,0.7070129,0.24355029,-0.025352359,0.81829387,0.30103362,-0.03854861,1.0015529,-0.02136848,0.112053245,-0.3696253,-0.034539063,0.3782293,-0.027895246,-0.03693556,0.40509337,0.005355768,1.1478959,0.8415606,-0.20820375,-0.06165238,1.0229468,-0.0690263,0.92741364,1.6623466,1.1008933,-0.61450577,2.543169,0.0023765285,-0.111534856,0.16618246,0.44603825,-0.3336184,-0.13323192,-0.07257258,0.03677549,-0.289365,0.2875914,-0.011694378,0.65451676,-0.013433377,0.9686175,-0.44618866,-0.31129798,-0.05172154,1.3708136,-0.016213385,-0.018602116,2.0518062,-0.14863978,-0.005644997,-0.3446138
TCGA-E9-A54X,2.0359492,1.0317411,0.17885134,0.95537704,0.07161705,-0.21257225,-0.080327705,0.4231309,0.049998116,-0.18360907,-0.03302241,-0.04828542,-0.24348204,0.059142813,0.11242734,-0.015533174,0.8072756,-0.0072977035,-0.04945792,0.7951433,-0.05380219,0.3088545,-0.27663025,-0.019646486,0.010829341,-0.029211035,-0.02516811,0.3667347,-0.004073733,0.7462864,0.6613699,-0.14089692,-0.045509003,0.8778686,-0.04366125,0.5912104,1.2511067,0.9878938,-0.43872577,1.8859568,0.22019188,-0.09785131,0.2875323,0.3965631,-0.26486635,-0.111928,-0.045835894,0.31777143,-0.19943152,0.3639778,0.10189925,-0.026860598,0.09021556,1.0057653,-0.32864407,-0.22799669,-0.027846152,1.0087477,-0.012048169,0.009797867,1.8200927,-0.09409673,-0.023469202,-0.24041677
TCGA-E9-A54Y,2.7290072,2.1238806,0.56630963,0.055830635,0.5063058,-0.4602743,-0.13258421,1.1315196,0.6814262,-0.346943,0.6565341,0.03779196,-0.5284678,1.3844162,1.0990438,-0.06103406,0.4540832,0.5440061,-0.07519551,1.6420753,0.03512969,-0.020676304,-0.45991802,-0.042430043,1.7048901,-0.0014978965,-0.021040488,0.048671428,-0.017997008,1.8417429,0.71420825,-0.41210485,-0.107188955,0.58600163,-0.0857491,0.6212385,2.0162344,1.4667976,-0.8072791,2.7430072,-0.0170875,-0.17380345,0.77503604,-9.02839e-05,-0.4655715,-0.15052117,-0.15214048,-0.05124414,-0.44168788,1.3526603,0.26771146,1.9660375,-0.05897644,1.1332756,-0.57991236,-0.3740632,-0.12390112,1.9150009,-0.007513247,0.24301848,1.3879071,-0.23158513,-0.045137044,-0.6077595
TCGA-E9-A5FK,2.7279212,1.8865188,0.562625,1.064081,0.34696093,-0.36867163,-0.113437735,0.7094534,0.26794457,-0.29453096,-0.0052456143,-0.052576702,-0.41379267,1.0181633,0.49886248,-0.055582017,0.65750873,0.00083160214,-0.044288777,1.317045,-0.023431666,0.19286038,-0.4031054,-0.023081232,0.46355614,-0.041679766,-0.031012446,0.40599546,-0.016645439,1.3263558,0.84443724,-0.269941,-0.07044398,0.49122512,-0.07740804,0.8738268,1.906766,1.0338479,-0.6940447,2.6159897,0.0828578,-0.12774871,0.3849972,0.24421082,-0.40378043,-0.15649925,-0.10917161,-0.016197516,-0.33673978,0.15144612,0.18268095,0.9308762,-0.036443368,0.9861229,-0.49891853,-0.35661763,-0.0771774,1.5819556,-0.009360264,-0.019480508,1.8037152,-0.22309323,-0.023281423,-0.43964607
TCGA-E9-A5UO,3.109444,2.0216007,0.5234507,0.41875112,0.6416188,-0.45329705,-0.11715124,1.0903603,0.4538973,-0.3210281,0.5507141,-0.0077407593,-0.53952307,1.2880243,1.0249953,-0.039266296,0.45055637,0.4293248,-0.0870743,1.4778925,-0.009884315,0.14592654,-0.48948655,-0.05207626,1.4267709,-0.042765018,-0.051662862,0.19455712,-0.011101688,1.6108993,0.8493146,-0.4151345,-0.0924673,0.5888218,-0.088805944,0.7227617,2.0982227,1.7187414,-0.82352084,2.7907574,-0.012408418,-0.2067283,0.9510086,0.21405281,-0.47543797,-0.13685046,-0.17933337,-0.06360185,-0.42647943,1.1337247,-0.0054656654,1.2352835,-0.046363506,1.2787143,-0.58242476,-0.3862192,-0.13057673,1.9028218,0.1876053,0.10751754,1.5025593,-0.22382163,-0.0447606,-0.63077205
TCGA-E9-A5UP,2.8848855,1.6689329,0.6592616,0.35814765,0.3415721,-0.36462045,-0.1521756,0.70553005,0.4798511,-0.3173888,0.47161525,-0.030319152,-0.4218937,1.1637024,0.8443475,-0.0394984,0.6864606,0.18981537,-0.08460045,1.2082793,-0.047236435,0.18954696,-0.41907793,-0.008684306,0.7530956,-0.026816154,-0.011385172,0.21478133,-0.02913456,1.7051537,0.71190566,-0.27135783,-0.06201125,1.2889227,-0.0854689,0.57837945,1.7865621,0.9971235,-0.69254714,2.374769,-0.019273512,-0.13994455,0.63587475,0.56897694,-0.4024746,-0.13244848,-0.13715595,-0.035555296,-0.36962876,0.551461,0.16681892,1.2348795,-0.011782212,0.8239524,-0.5051598,-0.34676898,-0.09581619,1.6158748,-0.009484776,0.22791842,1.8290713,-0.17811616,-0.0205412,-0.5008394
TCGA-E9-A6HE,2.8776913,1.7641728,0.52137285,1.1814039,0.33230838,-0.38381156,-0.123213306,0.80441976,0.40940428,-0.28339502,0.1198477,-0.04263104,-0.44748822,0.6379485,0.49494988,-0.02847146,0.676515,-0.014565808,-0.07334169,1.2398026,-0.046481233,0.18273565,-0.4329025,-0.014232004,0.38274255,-0.0074376017,-0.006589821,0.39398474,-0.008485478,1.4226973,0.84637827,-0.27454427,-0.10064604,0.78127104,-0.05043779,0.6990659,1.8486738,1.0139018,-0.73925936,2.7275841,-0.002765729,-0.14007689,0.46302867,0.4366529,-0.43199554,-0.16852863,-0.08744947,-0.018217409,-0.3554868,1.0001533,0.15104109,0.8337093,-0.0336692,1.1106241,-0.5342082,-0.3515399,-0.07225644,1.7225682,-0.03566041,-0.007377376,1.919771,-0.18368474,-0.034284756,-0.4436581
TCGA-EW-A1IW,3.338982,2.0392997,0.5933755,0.75404704,0.37890378,-0.4106318,-0.13443826,0.99203914,0.5634018,-0.35175008,0.12001442,-0.011347952,-0.53373826,1.7619625,1.0256642,-0.07790592,0.38065368,0.09400415,-0.07763332,1.5263679,-0.004992689,0.28656182,-0.5041337,-0.024478013,0.6917043,-0.011668714,-0.007260681,0.12385239,-0.030960811,1.783707,1.0132296,-0.3750799,-0.08734711,0.618123,-0.113085985,0.54996777,2.3542337,1.5367507,-0.8547475,2.8097308,-0.022572068,-0.17581443,0.55436623,0.47410148,-0.5064175,-0.18197297,-0.1496769,-0.048933145,-0.45158815,0.095060036,0.15011595,1.6851418,-0.062594384,1.2301757,-0.6155409,-0.45505682,-0.099308394,1.8246598,-0.02322136,-0.028252384,1.8037581,-0.30161193,-0.039111875,-0.6305525
TCGA-EW-A1IX,1.7857615,1.2478944,0.3473981,1.0481955,0.001848314,-0.26534933,-0.06667013,0.39903834,0.009974097,-0.18522595,0.032460026,-0.022454308,-0.2666865,-0.019526523,0.22262648,-0.011084861,0.9129577,-0.011310199,-0.04877394,0.92455244,-0.024032526,-0.0010548272,-0.25926656,-0.038579576,0.2050683,-0.026608655,-0.023103049,0.21731414,-0.005473934,0.78890634,0.59401643,-0.15180433,-0.074233845,0.71828526,-0.038836617,1.1455142,1.1833023,0.7927723,-0.43917447,1.9233065,0.29196197,-0.09444537,0.053568903,0.17854983,-0.23270154,-0.09737638,-0.06689796,0.2615691,-0.18896402,0.87879366,0.036606938,0.20889598,-0.028059525,0.8706524,-0.3172881,-0.20131338,-0.04117493,0.8639239,-0.025584385,0.043524917,1.531306,-0.08466041,-0.004974334,-0.20433596
TCGA-EW-A1IY,2.5487032,1.57314,0.57310253,1.101291,0.12125696,-0.29677096,-0.09100764,0.31312636,0.119069904,-0.2638048,-0.0011705293,-0.03548081,-0.34054765,0.68943596,0.3006761,-0.034948673,0.84890014,0.15335801,-0.06528788,1.19776,-0.045253217,-0.008001137,-0.3579472,-0.025361955,0.10779078,-0.035209123,-0.014488565,0.41413027,-0.0028824254,1.0721204,0.82019573,-0.17451686,-0.04339595,0.79246634,-0.057899673,0.6821775,1.6101027,0.9157803,-0.592988,2.4311206,0.0036834162,-0.1083485,0.14902434,0.3993373,-0.3713598,-0.1266345,-0.07315158,-0.004753631,-0.28121048,0.14916734,0.092826985,0.58923745,-0.011983009,0.8329174,-0.43222624,-0.3065459,-0.05619942,1.262799,-0.019668175,-0.013623769,1.8405278,-0.16749738,-0.018329486,-0.33069098
TCGA-EW-A1IZ,2.5079937,1.6095408,0.5301196,0.6402316,0.19961531,-0.3508744,-0.09925871,0.7498419,0.20230371,-0.2801401,0.018522196,-0.042390045,-0.41804996,0.7122008,0.510747,-0.04031008,0.6952302,0.19956195,-0.06153643,1.4240308,-0.018483205,-0.00016326802,-0.39129108,-0.02587454,0.89870954,-0.03690773,-0.024158597,0.29446873,-0.0014314055,1.2538899,0.8966393,-0.28079692,-0.07518762,0.12971094,-0.06333183,0.9376079,1.9110701,1.1821768,-0.66404575,2.386347,0.0236538,-0.126912,0.45958853,0.07157521,-0.37328622,-0.115398824,-0.12745468,-0.024877043,-0.31730482,0.33155012,0.24786814,1.1395215,-0.05832499,1.1089327,-0.47444686,-0.32322553,-0.07089797,1.3628068,-0.020130409,-0.006361261,1.7210984,-0.21385026,-0.045908075,-0.43673196
TCGA-EW-A1J1,1.4020245,1.0096232,0.024071682,0.6477732,-0.019536497,-0.21250573,-0.058102544,0.3561728,-0.0044446033,-0.16978674,-0.0062199505,-0.06495929,-0.21623622,-0.026715213,0.09950058,-0.0059998925,0.8013368,-0.011063225,-0.040228926,0.77319026,-0.031361006,0.020703807,-0.2152299,-0.017756552,0.018466663,-0.027982492,-0.007346856,0.3670981,0.101582214,0.49736914,0.5638323,-0.13949285,-0.059553374,0.081036314,-0.017476708,0.8122251,0.9011019,0.64186406,-0.38037607,1.6564819,0.43565428,-0.09477747,-0.009258027,0.22460367,-0.21650672,-0.090233885,-0.05011912,0.12217522,-0.165292,0.78203475,-0.020550614,-0.015372577,0.055660866,0.7031986,-0.2831518,-0.17532684,-0.049564485,0.6673949,-0.0037352617,0.22991969,1.388196,-0.07802232,-0.016565753,-0.19632354
TCGA-EW-A1J2,2.6287131,1.5959985,0.50700164,0.93891305,0.19359651,-0.3218161,-0.10646546,0.47953403,0.26392466,-0.26665136,0.04058858,-0.026268441,-0.36442187,0.74408704,0.296497,-0.046054654,0.77359086,0.11425264,-0.07222283,1.1518188,-0.034460817,0.1286715,-0.3862162,-0.026690308,0.40788323,-0.016132895,-0.0180148,0.24543385,-0.00038565695,1.3254844,0.7764444,-0.21938582,-0.067420594,0.97698957,-0.06347071,0.7766681,1.7314306,1.3652995,-0.6288938,2.4608386,0.0058788788,-0.11542441,0.17789862,0.652191,-0.35079622,-0.133161,-0.09932511,-0.02235824,-0.30241284,0.30201522,0.06697086,0.4299202,0.04048132,0.9850207,-0.45369878,-0.32583869,-0.050464094,1.5509309,-0.034550887,-0.01051791,1.9166898,-0.15538535,-0.03563509,-0.39275035
TCGA-EW-A1J3,2.2349937,1.4747053,0.16528684,0.36199576,0.2542681,-0.32319042,-0.10936314,0.5628454,0.26289496,-0.25099432,0.3896919,-0.04033601,-0.3486276,0.5117128,0.406631,-0.05910877,0.67507535,-0.017494602,-0.057126295,1.1641035,-0.021287592,0.29435012,-0.37430906,-0.027240876,0.5677991,0.013892355,-0.020559581,0.35783303,0.06634702,1.2816904,0.79158634,-0.25192806,-0.06258954,0.86875206,-0.059806615,0.75522316,1.5790346,1.1598049,-0.5790252,2.2464035,0.12904981,-0.13966428,0.2911932,0.9076724,-0.3195261,-0.11380601,-0.099733256,-0.017981507,-0.30155453,0.61675304,0.13927272,0.23867214,0.120550506,0.9351727,-0.44900796,-0.3151852,-0.053499576,1.5319434,-0.007811926,0.08147398,1.6970478,-0.13148974,-0.0034220335,-0.37934023
TCGA-EW-A1J5,2.567582,1.8143016,0.6482623,0.45005167,0.076164186,-0.35979027,-0.09579631,0.7572741,0.1828707,-0.27913824,0.23977698,-0.028118333,-0.44041845,0.6817342,0.7165239,-0.038443785,0.6053257,-0.009128521,-0.069701724,1.4155443,-0.029213337,0.029332317,-0.4125168,-0.024179166,0.80459905,-0.004892846,-0.034439854,0.07702981,0.031187564,1.3864913,0.9221804,-0.2962863,-0.078968264,0.44206336,-0.059860583,0.8136028,1.9906917,1.3431385,-0.7007443,2.2431784,0.051975653,-0.1257101,0.4630922,0.29743147,-0.38420594,-0.13558058,-0.10844534,-0.037954595,-0.34520578,0.981922,0.077688485,1.0676109,-0.05542761,1.1061789,-0.4902605,-0.33250135,-0.0797547,1.705703,-0.0108346,-0.0008364458,1.7670877,-0.18905894,-0.043814454,-0.4716776
TCGA-EW-A1J6,1.6982387,0.8511438,0.08482106,0.6913351,-0.006011531,-0.23162198,-0.07767131,0.55540955,0.21541314,-0.167925,0.22347672,-0.03116413,-0.21566784,0.4076795,0.35852057,-0.007783285,0.27414563,-0.021426996,-0.024218747,0.82150054,-0.032864954,0.25622734,-0.26257488,-0.023075387,-0.0005458441,-0.014528311,-0.041253682,0.36508596,-0.023780815,0.8297172,0.44501638,-0.17177081,-0.06195532,0.39103657,-0.024660312,0.32096055,1.2383986,0.67048484,-0.4345195,1.6450704,0.15280487,-0.10468241,0.29776388,0.067332864,-0.28796124,-0.10262515,-0.049451627,-0.02656487,-0.20932916,0.7462788,-0.002528652,0.6644358,0.35879874,0.7399787,-0.292971,-0.20644239,-0.057585258,0.93524134,-0.009875706,-0.016483516,1.1748674,-0.0884187,-0.024712069,-0.28221762
TCGA-EW-A1OV,2.158558,1.5281957,0.43295142,0.57497597,0.11059122,-0.30793515,-0.09674635,0.7831375,0.20154496,-0.26285288,0.24417572,-0.025215311,-0.36720365,1.1300589,0.60560906,-0.042395037,0.41013008,0.11845566,-0.057975065,1.1685419,-0.007573016,0.11130991,-0.3552712,-0.027107967,0.5355961,-0.02908968,-0.03323179,0.056773636,-0.016104048,1.2900666,0.7601135,-0.22966607,-0.06246459,0.21387918,-0.046552073,0.4300422,1.656463,0.7086967,-0.5976046,1.914719,0.045045532,-0.09294676,0.35040382,-0.0015826271,-0.3428553,-0.12655205,-0.12870328,-0.04138144,-0.30366462,0.29264843,0.23266996,1.614126,-0.042908665,0.8658088,-0.4260803,-0.2842571,-0.07687125,1.3349087,-0.016211815,-0.017316427,1.2905059,-0.21677709,-0.041365426,-0.3926894
TCGA-EW-A1OW,1.7134782,0.8134798,0.1956529,1.4877585,-0.0042158808,-0.16631208,-0.1093118,0.21523075,-0.0023155678,-0.1394582,-0.012939274,0.095705114,-0.25821176,1.7008916,0.5577588,-0.06297655,-0.018350685,0.46166793,-0.02634314,0.3425959,0.21165258,0.25556567,-0.23631659,-0.040901456,-0.011861627,-0.008709299,-0.01513049,0.034197297,-0.043606844,0.7689582,0.49341667,-0.11593391,-0.03620361,0.85160655,-0.0572217,-0.031282168,0.9901716,0.453721,-0.3872135,1.3056313,0.18639894,-0.05851819,0.096034795,0.32118505,-0.27972922,-0.13393599,-0.054865737,-0.033296317,-0.17977327,0.6744769,-0.0017676273,1.373025,-0.010462638,0.40297237,-0.34196708,-0.21915269,-0.06772303,0.8815378,-0.014594127,-0.019589065,0.89591515,-0.11061638,-0.022493675,-0.29459193
TCGA-EW-A1OX,3.3124871,2.0094514,0.2792326,1.0195377,0.38071162,-0.43108997,-0.09598898,1.0086324,0.5147277,-0.32808122,0.025278049,-0.0327653,-0.56652504,1.58162,1.0879674,-0.053890098,0.2559026,0.12247781,-0.08523381,1.5656945,-0.024739912,0.50535053,-0.55593765,-0.025083458,1.0145291,-0.004200731,-0.033871837,0.29243094,0.051990166,2.0942419,1.3474898,-0.4099756,-0.083019935,0.18025918,-0.08880276,0.5312629,2.5982177,1.7076412,-0.8988677,3.0014737,0.58169824,-0.21363382,0.6367237,0.639532,-0.4867621,-0.18666072,-0.15343519,-0.037952166,-0.42479855,0.6845307,-0.015170067,0.86520225,-0.032549646,1.7621013,-0.6468893,-0.45877224,-0.096211694,2.062921,-0.007696436,-0.055046953,2.1504505,-0.26827425,-0.019462273,-0.6634278
TCGA-EW-A1OY,1.4864777,0.9705144,0.16425416,0.47046816,-0.02488817,-0.18558504,-0.040271185,0.25567397,-0.0021268462,-0.13421795,0.41561508,-0.0070504406,-0.182196,0.9223319,0.40506253,-0.016321406,0.2222864,-0.02714768,-0.041485835,0.4377752,-0.020717837,0.14139296,-0.20416875,-0.024542749,0.06812081,-0.012318443,-0.03869109,-0.012506972,-0.0048323236,0.83852285,0.5116204,-0.11769871,-0.0603919,0.14988868,-0.041160967,0.02354162,0.94912976,0.34754205,-0.35186836,1.1059579,0.29512915,-0.05171935,0.34829712,0.051144697,-0.22840087,-0.105493546,-0.044140812,-0.023179092,-0.15479253,1.527977,0.09586815,1.0811431,-0.02187818,0.41435802,-0.27472386,-0.13012601,-0.055944886,0.70777965,-0.036587995,-0.023952156,0.61879665,-0.10701406,-0.008537599,-0.23872487
TCGA-EW-A1OZ,3.7968593,2.2219865,0.41552508,0.61376536,0.13813798,-0.4387005,-0.14404218,0.9889532,0.64494,-0.3723582,0.18938532,-0.019509863,-0.55599314,2.108219,1.1884687,-0.078915745,0.47280666,-0.0014447885,-0.0997202,1.6473004,0.044768076,0.41696265,-0.5250113,-0.030647418,0.7623237,-0.0015226287,-0.020409163,0.03872787,-0.028626962,1.998237,1.1578594,-0.4132363,-0.09438869,0.15454207,-0.11153914,0.032130204,2.4644678,1.3623368,-0.9270341,3.0648148,-0.019432694,-0.16753954,0.76005673,0.41534358,-0.54877365,-0.21607156,-0.1692525,-0.08782449,-0.481531,0.452201,0.24032843,2.078904,-0.06610361,1.0708532,-0.676974,-0.4733475,-0.13208602,1.840316,-0.009821531,-0.046172395,1.6624024,-0.3241796,-0.058399376,-0.7105503
TCGA-EW-A1P0,2.5573385,1.6997406,0.6584185,1.1985706,0.4275803,-0.29639992,-0.10816314,0.2275274,-0.0017971203,-0.22464254,0.2700773,-0.012113456,-0.2853169,0.7392208,0.15212582,-0.04469238,0.58175224,0.27115446,-0.07810708,0.93018365,-0.055762272,0.15945579,-0.36600718,-0.053767394,0.23406415,-0.013817593,-0.034090098,0.37097904,-0.020074224,1.1022419,0.568718,-0.19549933,-0.05128519,0.89134383,-0.056932002,0.48279887,1.5088736,1.021007,-0.56110865,2.2747009,0.23881999,-0.1059159,0.1403456,0.6691323,-0.343353,-0.1238958,-0.08846971,-0.034669474,-0.2616336,0.64876515,-0.005303892,0.62052023,-0.0006282179,0.82265323,-0.42016506,-0.25557634,-0.04381827,1.6318457,-0.038115267,-0.025296453,1.6798965,-0.14923954,-0.03540058,-0.35905775
TCGA-EW-A1P1,2.370419,1.2742199,0.46653295,1.4456234,0.08424777,-0.27656338,-0.09126767,0.29043713,-0.010768243,-0.23437314,-0.019994838,-0.03926321,-0.32052433,0.42112803,0.013902793,-0.029009733,0.82502913,0.04722143,-0.03822987,1.0429164,-0.02147036,0.09253829,-0.32872042,-0.018529473,0.14740437,-0.026025323,-0.017933857,0.45513022,-0.020526512,0.911492,0.798835,-0.17989883,-0.047002412,0.6012927,-0.05723235,0.9804998,1.5411944,0.9627196,-0.5550644,2.1949637,-0.0010346273,-0.08807017,0.08111644,0.30862194,-0.3094817,-0.12566751,-0.08872254,0.12561016,-0.2512394,-0.006010584,0.16104354,0.40583965,-0.027475122,0.9285056,-0.39662215,-0.2829983,-0.049039267,1.2447,-0.023320522,-0.019211678,1.7735467,-0.15579522,-0.026037514,-0.2959895
TCGA-EW-A1P3,2.5056863,1.4457407,0.5803612,0.8188643,0.2038389,-0.31826672,-0.09922438,0.47755158,0.16508195,-0.2387017,0.108724825,-0.018645221,-0.35620567,0.49586356,0.33312076,-0.034832977,1.0003961,-0.00718911,-0.06650583,1.2755923,-0.019991662,0.19244903,-0.37549046,-0.02822332,0.5133827,-0.019089302,-0.034014072,0.2922661,0.054889753,1.0940942,0.75476146,-0.20714937,-0.06834257,0.9414539,-0.057652213,1.0200093,1.6195012,0.9012506,-0.59779906,2.3818605,0.09477234,-0.10551983,0.4195631,0.5183367,-0.33206964,-0.12193848,-0.08273666,-0.017534364,-0.29166767,0.66585374,-0.0018970149,0.5817019,0.018200794,0.96452826,-0.4296405,-0.2874359,-0.043432143,1.525382,-0.026885286,-0.0041252947,2.0561314,-0.15374395,-0.032053616,-0.37011
TCGA-EW-A1P4,2.220246,0.9634276,0.31171376,1.9388494,-0.02863423,-0.232037,-0.13043134,0.22159451,-0.012150627,-0.18330094,-0.027261501,-0.034971084,-0.30848014,1.0746614,0.18640544,-0.032985333,0.5426746,0.7684173,-0.038184665,0.4525736,-0.018647451,0.4303984,-0.2897663,-0.031360082,-0.0006161548,-0.016297905,-0.021076908,0.41793454,-0.03193558,0.7029595,0.6523525,-0.15194824,-0.01627006,0.35999957,-0.063966766,0.4082315,1.5070155,0.80237,-0.52906674,2.1102316,-0.0042063184,-0.060423262,0.31100416,0.42843336,-0.27452746,-0.12036728,-0.052350696,-0.0064207437,-0.21852024,0.33218274,-0.006918712,0.68454957,0.09561631,0.91302294,-0.37944016,-0.25482664,-0.033693362,1.1147573,-0.041751467,-0.016543834,1.4260278,-0.15261088,-0.020012427,-0.3284214
TCGA-EW-A1P5,2.5988817,1.5192529,0.33701178,0.42673942,0.36988533,-0.33877507,-0.11326593,0.73558384,0.44287425,-0.2765503,0.18548873,-0.035635553,-0.40393743,0.5569969,0.50373745,-0.025298228,0.8313568,0.5628208,-0.071003966,1.2253337,-0.020815512,0.2802294,-0.38300976,-0.021374095,0.829046,-0.03482687,-0.035046555,0.6781029,0.0007298142,1.2556522,0.8648232,-0.2891241,-0.07015157,0.9898215,-0.042652484,0.86926734,1.6392747,1.472188,-0.63484985,2.334011,0.03681004,-0.14429937,0.44998467,0.27077442,-0.36059126,-0.12017255,-0.095884405,0.21061802,-0.31821042,0.58245164,-0.0149246445,0.6435686,-0.03458117,1.1214255,-0.48710153,-0.3284827,-0.07470559,1.5746121,0.26862425,0.13313867,1.8282932,-0.15401451,-0.025929088,-0.4324687
TCGA-EW-A1P6,1.3270894,0.9854215,0.19384438,0.0706286,0.16069548,-0.1706308,-0.032958284,0.19678888,0.16317916,-0.1269997,0.21388157,0.06519241,-0.16374926,0.4716408,0.45673832,-0.02585846,0.19340909,-0.02886464,-0.053893663,0.694623,-0.018230552,0.0042434493,-0.16938427,-0.009221706,0.13122149,-0.0017016663,-0.042011138,-0.020131137,-0.013066498,0.6352812,0.12588446,-0.13879465,-0.04423184,0.4597504,-0.04101922,0.3879816,0.7238936,0.5960672,-0.3124433,1.1179551,-0.0030582284,-0.050959814,-0.004497545,-0.00927802,-0.21797232,-0.08093655,-0.066880986,0.010971356,-0.17721885,0.99765885,0.10051136,0.9627021,-0.047565363,0.41553476,-0.2236617,-0.14982896,-0.044979054,0.54070216,-0.023019187,0.24295399,0.66215134,-0.09507288,0.084011935,-0.20034194
TCGA-EW-A1P7,1.8423269,1.0708305,0.40053985,1.2225587,-0.0038015866,-0.23877215,-0.08612285,0.2103701,-0.022183338,-0.19172503,-0.030889735,-0.043435108,-0.25663024,-0.0041585555,0.094958425,-0.026817635,0.9007762,0.38063025,-0.02917305,0.768922,-0.026035774,0.10609108,-0.25056514,-0.020296523,0.31159925,-0.032941263,-0.019299878,0.50000596,-0.008181908,0.60510325,0.69584227,-0.1307675,-0.045252033,0.3804201,-0.044336624,1.0530893,1.286497,0.76353025,-0.44554457,1.7931558,-0.0011750015,-0.0675299,0.05960084,0.072709374,-0.23741913,-0.082910515,-0.056346167,0.19563664,-0.18897547,0.04383705,0.16602175,0.4303737,-0.012634501,0.72734034,-0.32022735,-0.21061845,-0.023167742,0.9828085,-0.030981248,-0.0040494082,1.6042694,-0.103453614,-0.021953356,-0.21677017
TCGA-EW-A1P8,1.7313633,0.8043798,0.22728977,1.3796452,0.020505857,-0.15793721,-0.110032044,0.29909968,-0.01795495,-0.14767657,-0.033184886,0.21957825,-0.26217782,1.3849313,0.4257174,-0.04404335,0.15428469,0.8684539,-0.03485374,0.11785116,0.11170159,0.39163294,-0.24260257,-0.0054515116,-0.011360714,0.017738735,-0.033121567,0.2547649,-0.0038080104,0.65063035,0.58547753,-0.12736635,-0.008507702,0.85666656,-0.08157246,0.10467699,1.3308195,0.5295906,-0.44446942,1.5011593,-0.016625417,-0.042423155,0.10790056,0.2728995,-0.24122973,-0.13493218,-0.03484728,-0.018611958,-0.22358187,0.5606373,-0.012362449,1.2979711,0.0587382,0.474896,-0.33654618,-0.2184087,-0.034908913,0.8426628,-0.002390086,-0.014017596,0.8674827,-0.10433115,-0.025015313,-0.3047122
TCGA-EW-A1PA,2.530723,1.7633797,0.44941053,0.34149712,-0.007144462,-0.36548248,-0.10271702,0.7381391,0.49158633,-0.2875279,0.19824684,0.13783716,-0.410948,1.1554078,0.64339244,-0.059100937,0.4625824,-0.012420568,-0.057825673,1.2915642,-0.025186373,0.1299708,-0.3797042,-0.022348387,0.65237415,-0.026687566,-0.0211604,0.056475487,-0.03449455,1.3998579,0.75653535,-0.27348372,-0.08447792,0.18386468,-0.08811227,0.55774206,1.7744422,1.001706,-0.6606437,2.3061872,0.13837092,-0.10005689,0.68454385,0.18935736,-0.41124102,-0.15208031,-0.115969084,-0.03483404,-0.33134782,0.6115545,0.18939722,1.3273631,-0.030446438,0.8135286,-0.46664342,-0.31903407,-0.071652554,1.3512828,-0.02006652,-0.014369137,1.2086918,-0.23034191,-0.041255813,-0.47498098
TCGA-EW-A1PB,2.140613,1.1457897,0.6259556,1.6891637,-0.0018913489,-0.2541721,-0.10879872,0.31958959,-0.010268132,-0.19365005,-0.016081158,-0.02182996,-0.3416779,0.94757044,0.26030236,-0.032161828,0.54666495,0.6210189,-0.05059253,0.7303259,-0.010219634,0.1847489,-0.28545806,-0.03247393,0.28912783,-0.041649234,-0.033089153,0.38499725,-0.014148156,0.99775463,0.74423426,-0.1914537,-0.041066233,0.24512945,-0.0608415,0.7198608,1.6761565,0.7753601,-0.54405564,2.0863652,0.100483,-0.062365085,0.08196545,0.12512793,-0.28171793,-0.122786574,-0.05937125,0.05704457,-0.23556213,0.422957,-0.014200424,1.2791556,-0.03206046,0.7382277,-0.39761674,-0.24426042,-0.06323639,1.0163332,-0.0202992,-0.011576396,1.478492,-0.13864517,-0.026106684,-0.33863592
TCGA-EW-A1PC,2.612058,1.9431317,0.4097457,0.08822668,0.11308275,-0.36879966,-0.13859469,1.0259032,0.5637974,-0.32057208,0.83377075,0.19829541,-0.49326426,2.4191577,1.3876481,-0.06893613,-0.0074722096,0.035681784,-0.07477365,1.2572595,0.21261038,0.142429,-0.44744563,-0.011489633,0.8406308,0.24610682,-0.044337433,-0.028256193,-0.041841518,1.710452,0.82319736,-0.36924905,-0.08801293,0.0045265593,-0.09581476,0.021435386,2.134203,0.96566546,-0.78332263,2.220347,-0.005258797,-0.143756,0.9581464,0.32754242,-0.47810617,-0.15534385,-0.15803394,-0.09261943,-0.41058117,0.8854142,0.31015307,2.88264,-0.105644464,0.9076018,-0.5635737,-0.3669429,-0.12164264,1.4540702,-0.01579347,-0.028231753,1.0103178,-0.3399025,-0.039469074,-0.66373783
TCGA-EW-A1PD,2.6327088,1.55062,0.47868043,0.31886324,0.15363781,-0.33588403,-0.12806813,0.6286713,0.2654109,-0.30642393,0.1538013,-0.043268334,-0.40719143,0.85316527,0.5330832,-0.06505632,0.5744411,-0.004386723,-0.065961026,1.4540786,-0.015699802,0.3747081,-0.42655215,-0.0072187977,0.84422696,-0.008500802,-0.03097936,0.4192455,-0.0071924566,1.2384027,0.69237655,-0.2948312,-0.062265366,0.48401263,-0.052922077,0.5843218,1.8843298,1.2755775,-0.6849869,2.4972503,0.23935823,-0.11793091,0.2031798,0.75814927,-0.39250273,-0.12275546,-0.085104,-0.025568707,-0.33720073,0.2588613,-0.021735167,1.0517546,-0.047445405,1.0041169,-0.47379452,-0.34325194,-0.07234897,1.4475654,0.0880441,-0.016584523,1.5924222,-0.20658155,-0.034883704,-0.47842366
TCGA-EW-A1PE,2.2042482,1.4295324,0.13403568,0.7379291,0.32867593,-0.30224296,-0.09331288,0.5453098,0.31380025,-0.23263378,0.033758707,-0.04493003,-0.309352,0.34808826,0.38834992,-0.017791038,0.81140405,-0.006642589,-0.05596757,0.6116777,-0.032441575,0.21982095,-0.29801062,-0.0016070448,0.25823227,-0.03492888,-0.010359607,0.31967285,0.013592146,0.9679414,0.87780356,-0.18421213,-0.050140824,1.0465425,-0.022740312,0.72693866,1.4592412,0.8256743,-0.52471685,1.873879,0.24508767,-0.09826916,0.0150596015,0.32795548,-0.2803606,-0.10303923,-0.06538416,0.010267954,-0.2455735,0.52999103,-0.01397295,0.2093477,-0.010495345,0.7243493,-0.39420566,-0.2571631,-0.0551642,1.2669053,-0.0036680882,0.38422838,1.6793294,-0.13710018,-0.020536233,-0.30699313
TCGA-EW-A1PF,2.2229276,1.4379827,0.32654575,1.2355375,0.057006065,-0.27096853,-0.06818484,0.37108526,0.21712074,-0.20930445,-0.023185134,-0.03139355,-0.31068185,0.38438898,0.22834814,-0.029505357,0.6146098,-0.012045107,-0.046654228,0.9468802,-0.022465153,0.17465611,-0.2977657,-0.023763645,0.01299734,-0.022421231,-0.013696948,0.17272158,-0.0060932795,1.0110273,0.6411721,-0.17616075,-0.06326782,0.20983182,-0.03868478,0.7979334,1.5921489,0.98178554,-0.5355413,2.100707,0.36993667,-0.08331975,0.2488719,0.12709506,-0.32153133,-0.13962702,-0.08658131,0.026240315,-0.24924496,0.71763295,0.040687032,0.62658983,-0.040610727,0.9456474,-0.37541997,-0.27197602,-0.07128966,1.0650475,-0.031897645,-0.009923319,1.4875035,-0.13383836,-0.029622493,-0.30677232
TCGA-EW-A1PG,2.2479532,1.3604342,0.41665623,1.3480933,0.25916648,-0.2677251,-0.07047687,0.3746107,0.038643394,-0.23450243,-0.007405901,-0.03488714,-0.29316238,0.35308123,0.14442663,-0.017248746,0.81653696,-0.0018421212,-0.042335164,1.1208752,-0.028411953,0.112253726,-0.31861803,-0.012421135,0.29759768,-0.024061391,-0.011575783,0.3064879,-0.015537267,0.90925735,0.6387193,-0.16234837,-0.053931892,0.82212406,-0.044670686,1.0016979,1.3454337,0.9783335,-0.51786876,2.060129,0.011132719,-0.0894251,0.011893045,0.3447941,-0.29868907,-0.11168193,-0.07534569,0.1014369,-0.243166,0.20326807,0.022865621,0.2370988,-0.009674696,0.8857483,-0.36880848,-0.26872882,-0.05020788,1.1612333,-0.018098632,-0.013225332,1.785484,-0.11267395,-0.023070307,-0.2785969
TCGA-EW-A1PH,1.7813543,0.46441355,0.47369042,1.3941605,-0.033384793,-0.1510499,-0.15378591,0.2603747,0.23577856,-0.12233261,0.39707386,0.27577826,-0.2855421,2.159855,0.58291113,-0.040052734,-0.026035508,1.3122417,-0.019548818,0.008273185,0.19485828,0.32461035,-0.24391423,-0.04423021,0.04359776,0.1999426,-0.036138896,-0.004279424,-0.043938894,0.89555544,0.44856304,-0.13217379,-0.032093536,0.6916013,-0.101698354,-0.015504672,1.048225,0.1900329,-0.42258364,1.0377865,-0.041669633,-0.058651306,0.48709917,-0.012155003,-0.27524257,-0.13008006,-0.058534216,-0.0123569695,-0.2103039,0.7503064,-0.0101491315,2.2606351,-0.018621067,0.24389593,-0.31674358,-0.21209753,-0.07774854,0.75141406,-0.009130859,-0.04218167,0.5037116,-0.16519187,-0.015477106,-0.33780918
TCGA-EW-A2FR,2.3648076,1.170943,0.5241758,1.2756883,-0.0077857897,-0.22478847,-0.09577038,0.12152797,-0.01124517,-0.21308434,-0.020952439,-0.020203166,-0.28646943,1.1243179,0.20231874,-0.020133642,0.46141216,0.08244473,-0.037787233,0.76296544,-0.017676344,0.2424719,-0.30877188,-0.03306111,-0.027702872,-0.031297874,-0.015010429,0.3235899,-0.026588483,0.8658816,0.8227467,-0.14472257,-0.047921292,0.5061323,-0.075379714,0.45732465,1.4332013,0.69016874,-0.5093623,2.043505,0.124885954,-0.07566039,0.08854857,0.30602586,-0.315996,-0.13172504,-0.071086615,-0.027267495,-0.2529686,0.26490828,-0.0063748443,0.7665329,0.04122392,0.8596405,-0.36363623,-0.2502167,-0.058404624,1.0314715,-0.033051085,-0.023226917,1.3891349,-0.14306399,-0.042143177,-0.29973134
TCGA-EW-A2FS,2.891818,1.7236758,0.5077099,0.68004054,0.19040538,-0.37591898,-0.09505828,0.7661983,0.23981553,-0.2990375,0.099952705,-0.03125222,-0.45518914,1.1521872,0.56482774,-0.048036974,0.5811771,-0.011884982,-0.08498805,1.5748857,-0.027700076,0.047708854,-0.44718853,-0.031761386,0.7450951,-0.012909484,-0.039721254,0.21763742,-0.0017799645,1.439609,1.0151838,-0.3391553,-0.07017565,0.39406407,-0.06623139,0.69691443,2.1543725,1.4025322,-0.74212414,2.6034904,0.03839992,-0.13481292,0.4526233,0.38617218,-0.43057877,-0.13146932,-0.12877686,-0.03240377,-0.35598552,0.3171182,0.2637801,0.9936271,-0.057295065,1.3254535,-0.51917976,-0.3687105,-0.08643817,1.6534162,-0.021903904,-0.027692843,1.8450317,-0.23201664,-0.048953783,-0.50525486
TCGA-EW-A2FV,2.0415301,1.3679519,0.39886594,0.5608486,0.07378362,-0.31152114,-0.0750993,0.5684346,0.3016909,-0.20786667,-0.0122229075,-0.028251989,-0.35045218,0.53244174,0.40644106,-0.04150347,0.6588748,0.009204676,-0.06082909,1.0459539,-0.032735728,-0.0067270803,-0.33563653,-0.020733712,0.38285494,-0.023512084,-0.024192452,0.20178883,-0.013013852,1.0521852,0.6898154,-0.22656809,-0.06236614,0.41952965,-0.035503138,0.83499527,1.5552032,0.96622956,-0.55092657,2.1115718,0.31405205,-0.09556704,0.18794,-0.0020257407,-0.33088052,-0.11919502,-0.095399655,-0.0041287555,-0.27940091,0.9686749,0.266396,0.9590793,-0.053622436,0.87127036,-0.40766716,-0.25060904,-0.071716025,1.1808609,-0.016376397,-0.012242774,1.2432915,-0.15453167,-0.036706075,-0.3495133
TCGA-EW-A2FW,1.8920308,1.4974421,0.30787864,0.33247882,0.020841274,-0.2988708,-0.0636446,0.4691067,0.18609115,-0.2071462,0.05778426,-0.040481344,-0.2903555,-0.015134098,0.17179981,-0.027385846,0.7681444,-0.033121493,-0.07328415,0.99422896,-0.062332064,0.124118805,-0.32709926,-0.039710417,0.48541775,-0.0052824873,-0.011654082,0.25976545,-0.002381973,1.1744246,0.5692317,-0.1986268,-0.085419506,0.60706073,-0.013596852,1.0870107,1.2774525,1.0039326,-0.49621174,1.7273206,0.1569628,-0.10685889,0.28751135,0.24235855,-0.27362546,-0.109978974,-0.086672045,0.22195466,-0.23738377,0.73953176,-0.005810888,-0.005104266,-0.0018212444,1.0233567,-0.36372373,-0.22559695,-0.040094208,1.2956724,-0.020751141,-0.011134857,1.473341,-0.10468423,-0.035439488,-0.316439
TCGA-EW-A3E8,2.982069,1.974041,0.6830657,0.56477123,0.41617733,-0.40622553,-0.12698591,0.85026926,0.39581054,-0.3181217,0.16191936,-0.036380034,-0.46854255,1.0695468,0.7314053,-0.07125802,0.8316665,-0.011077888,-0.06323182,1.4834834,-0.012220222,0.27009782,-0.45610023,-0.018282859,0.990713,-0.019943906,-0.024217801,0.14975753,-0.004004656,1.5512854,0.9807278,-0.32820296,-0.09217435,0.39860025,-0.081810504,0.7973095,2.1352465,1.1531068,-0.7679515,2.7838342,0.09433159,-0.14324698,0.57717234,0.4880659,-0.45302793,-0.15176281,-0.1293105,-0.021528525,-0.38175458,0.43682432,0.10036486,1.3808905,-0.065872006,1.0579326,-0.55935514,-0.38467327,-0.09197896,1.5122807,-0.014559321,-0.020584047,1.8276222,-0.25122872,-0.03655716,-0.52907896
TCGA-EW-A3U0,2.1453505,1.1012586,0.48327652,1.2674322,0.14549233,-0.22795968,-0.14157866,0.4497907,0.035579436,-0.211162,-0.0036716305,-0.02101886,-0.31885487,0.83169264,0.2861808,-0.044177387,0.61762184,0.90919316,-0.009912015,0.6671569,0.02337157,0.23725094,-0.2902886,-0.048612144,0.43700752,-0.039386205,-0.012685825,0.30433115,-0.018083207,0.87712705,0.744875,-0.16482922,-0.05984602,0.77221626,-0.0837141,0.79425555,1.1580034,0.8701165,-0.5111742,1.7358414,-0.02237836,-0.062067,0.25683254,0.039786182,-0.30483443,-0.09207546,-0.09183548,0.21072033,-0.24030529,0.37699872,0.08680901,1.272792,-0.011747325,0.57272243,-0.39029738,-0.24069908,-0.042114597,1.0357091,-0.011366057,-0.012521806,1.4549652,-0.1311837,-0.027980063,-0.3096368
TCGA-EW-A423,3.0317473,1.9010104,0.39465,-0.003341789,0.45993313,-0.3785012,-0.14304014,1.1290066,0.6907282,-0.33930567,0.579253,-0.020933563,-0.48557,2.28866,1.095543,-0.070784084,-0.007280697,0.041894853,-0.08027078,1.4184195,-0.0017804872,0.24377517,-0.48593193,-0.017022034,0.6615726,-0.026169423,-0.0405125,-0.0076644286,-0.035546836,2.0077932,0.89229125,-0.36743876,-0.068176255,0.5623501,-0.06980777,-0.0028092132,2.1575692,1.3315629,-0.8113589,2.742195,-0.008131548,-0.1957822,0.7620767,0.55273324,-0.45090136,-0.15338346,-0.17084907,-0.07893223,-0.41826406,0.23644544,-0.012891138,1.6367761,-0.05485452,1.1117684,-0.5657964,-0.43283606,-0.084070824,1.7126644,0.12316234,-0.013234178,1.3833213,-0.30666372,-0.059419125,-0.63199633
TCGA-EW-A424,3.325375,2.0530639,0.67409676,0.54283136,0.5969909,-0.4330905,-0.123498775,0.9393491,0.55400115,-0.3537167,0.24485499,-0.025408253,-0.52905387,1.6086552,0.79963285,-0.071475916,0.57903475,0.026640398,-0.07170578,1.6697687,-0.013462863,0.17065483,-0.5106279,-0.02457024,0.78407454,0.16425778,-0.012799315,0.08549963,-0.010398762,1.7558123,1.0982119,-0.37327588,-0.08971552,0.96995896,-0.086629204,0.6551818,2.3466866,1.5650436,-0.8335886,2.7609358,-0.008147641,-0.16460206,0.7413605,0.6176373,-0.5174177,-0.13922827,-0.14335814,-0.06451024,-0.4465683,0.18979211,0.08266936,1.516842,-0.061544936,1.0108912,-0.61938643,-0.4369927,-0.09586979,1.9131119,0.0074405177,-0.020037824,1.8351034,-0.28763306,-0.0387328,-0.61400867
TCGA-EW-A6S9,2.4100509,1.5657829,0.5588162,0.8654402,0.120657936,-0.28776297,-0.093942754,0.601826,0.32821625,-0.22901638,0.107657924,-0.03627709,-0.32082275,0.33751592,0.46113634,-0.049599722,0.72820157,-0.012222442,-0.05850903,1.279023,-0.00760767,0.37369856,-0.33651748,-0.015413294,0.1911869,-0.01883837,-0.019889481,0.16141967,-0.01334813,1.0376469,0.64296705,-0.22044635,-0.054463863,0.5693315,-0.042770308,0.6025595,1.5949967,0.87457883,-0.56780875,2.2735624,0.3208809,-0.11130597,0.16813561,0.37001073,-0.3263082,-0.12288596,-0.07677448,0.08151299,-0.2743357,0.9703023,0.20590167,0.70545214,-0.023588613,0.9941266,-0.4030381,-0.2746731,-0.048002355,1.1322428,-0.01414478,-0.024663527,1.5388224,-0.15170102,-0.023182847,-0.3371772
TCGA-EW-A6SA,4.209188,2.3234408,0.73029405,0.3551378,0.39972347,-0.54221815,-0.17301333,1.3358849,0.76155496,-0.43463922,0.3196782,-0.01729864,-0.6880759,2.4774342,1.4867479,-0.094378605,0.060224775,0.33964223,-0.07746831,1.8037349,0.070134714,0.08585603,-0.64284176,-0.043527987,1.5396832,-0.011009435,-0.04721092,0.03300314,-0.020443758,2.3463054,1.128196,-0.5714963,-0.12656565,0.18464144,-0.12693886,0.2706383,3.0277956,2.075795,-1.0676241,3.4061692,-0.041354787,-0.22096132,1.3845006,0.5197903,-0.6491787,-0.1900029,-0.20824853,-0.08810724,-0.550725,0.21502177,0.24165958,2.3460703,-0.10109744,1.8325804,-0.73672897,-0.5383717,-0.15869604,2.11647,0.14523311,-0.06465802,1.8228693,-0.3936959,-0.047510184,-0.84256
TCGA-EW-A6SB,2.3948536,1.3371018,0.52773535,0.9314249,0.12754805,-0.30546188,-0.14998923,0.41453406,0.25671604,-0.27198425,0.17971098,-0.015722932,-0.39643928,1.2928846,0.60750866,-0.056974936,0.46225896,0.840084,-0.046442486,0.8979012,0.1330881,0.15842834,-0.37240013,-0.029274035,0.7108715,-0.032552253,-0.008628079,0.3814351,-0.031745553,1.102982,0.8381778,-0.2733541,-0.059522778,0.39077264,-0.087593645,0.36916402,1.7904146,0.8727678,-0.62460715,2.098959,-0.027039861,-0.094951496,0.31958136,0.081143424,-0.37292758,-0.123008385,-0.11537886,-0.015165286,-0.30664715,-0.008482064,0.15564416,1.8067439,-0.04478706,0.86511797,-0.46896324,-0.31045035,-0.10001191,1.1317171,-0.0048424886,0.004233945,1.3270117,-0.22782584,-0.03704988,-0.44512787
TCGA-EW-A6SC,1.9030601,1.2946128,0.2210533,1.1501483,-0.017856969,-0.28195202,-0.0428484,0.3102141,0.123512425,-0.17667238,0.13045342,-0.04789454,-0.27564391,0.009963904,0.30103478,-0.009191304,0.91194075,-0.017188555,-0.04235707,0.8953395,-0.03759088,0.03571442,-0.2594229,-0.033645876,0.2699783,-0.0040040235,-0.029810363,0.0644098,-0.011789858,0.9674432,0.5624968,-0.18464494,-0.06855437,0.09111734,-0.038916882,0.6523311,1.3580172,0.7616559,-0.4803227,2.0393097,0.3377456,-0.094518244,0.3045276,-0.0066307993,-0.27280566,-0.108828746,-0.058807667,0.23967092,-0.21252047,1.4599776,0.22594325,0.3251407,-0.024703078,0.8701907,-0.3458795,-0.19683853,-0.04934967,0.98373127,-0.024231685,0.22637439,1.446786,-0.079131514,-0.043176446,-0.25794584
TCGA-EW-A6SD,2.247642,0.9862549,0.3893247,1.2833792,-0.016927501,-0.21274514,-0.12210488,0.06998603,0.059086975,-0.18903235,-0.018374724,0.1342988,-0.2566244,1.1771423,0.21534581,-0.044204634,0.2817142,0.33301628,-0.047588095,0.67076623,-0.004706869,0.25964436,-0.24767216,-0.033528592,-0.03460632,0.05494355,-0.018097972,0.3084169,-0.016843287,0.96583205,0.7307328,-0.13652872,-0.026166892,0.6839503,-0.07596078,0.34026352,1.6110591,0.7890969,-0.442614,1.6931533,-0.004081762,-0.063863605,0.05754782,0.29078162,-0.28612956,-0.10935555,-0.04289822,-0.0207608,-0.2255348,0.41279492,-0.010281346,1.0376645,-0.012737261,0.5202449,-0.34662393,-0.22396235,-0.02743536,0.8472867,0.069639616,-0.038224455,1.2438896,-0.12365446,-0.026718725,-0.28090522
TCGA-GI-A2C8,2.8265789,1.8676815,0.51407814,0.47443488,0.32360113,-0.3992695,-0.10524634,1.0100176,0.46441093,-0.32195255,0.12785909,-0.015196777,-0.47587657,1.3763114,0.67700315,-0.056018043,0.37491298,0.1545594,-0.08805416,1.2434886,-0.0020728682,-0.0026885734,-0.45568395,-0.032396454,1.0216011,-0.0179454,-0.029826105,0.034645285,0.09907144,1.6841835,0.8842695,-0.38235912,-0.08193342,0.4575458,-0.07769265,0.81498945,2.0235603,1.5041157,-0.7639696,2.5560212,0.16036719,-0.1391419,0.5147682,0.08481507,-0.4501151,-0.14661954,-0.15442085,-0.038147252,-0.39460585,0.8520154,0.24317758,1.8683404,-0.07562318,1.1197932,-0.549043,-0.377447,-0.10310189,1.6502705,-0.019978357,-0.030034348,1.5228715,-0.24983802,-0.044481378,-0.5569688
TCGA-GI-A2C9,2.7702572,1.3133782,0.50346273,1.8564439,0.09312008,-0.2527674,-0.17735395,0.40361395,0.18389165,-0.21718048,0.007761957,0.15050207,-0.4086271,2.347803,0.691107,-0.036602415,-0.013192988,1.2905377,-0.04685412,0.44601905,0.2460966,0.48926824,-0.37882826,-0.04050616,0.01181924,0.12036254,-0.0377308,0.110268235,-0.03145193,1.4085692,0.81703526,-0.24789968,-0.06458697,1.0105213,-0.09990872,-0.020938609,1.6196532,1.0875475,-0.6268466,2.035657,-0.00563107,-0.10038369,0.1787414,0.33402377,-0.38270804,-0.18052863,-0.10204476,-0.03279358,-0.30447564,0.10192561,-0.014112321,1.9636159,-0.01336395,0.7229722,-0.51069784,-0.33951357,-0.094567254,1.5724509,-0.024882507,-0.018725095,1.2726727,-0.21545815,-0.049845677,-0.4978152
TCGA-GM-A2D9,3.1193354,2.0557456,0.5527881,0.6522408,0.33442605,-0.44899502,-0.14279424,0.9101368,0.4159681,-0.32602018,0.32495445,-0.011889921,-0.50414747,1.6640358,0.847278,-0.017651575,0.41487685,-0.013154608,-0.079953186,1.3911022,-0.02265281,0.019683361,-0.49219033,-0.035214987,0.6676177,-0.0276415,-0.031087637,0.15814199,-0.017882429,1.9526972,0.96532524,-0.330559,-0.09029864,0.69057745,-0.07714012,0.46615782,2.3068743,1.2204196,-0.83137715,3.0635467,0.27286345,-0.1566116,0.61059934,0.47639465,-0.47111306,-0.17257498,-0.1369621,-0.035718303,-0.4279894,0.8369426,-0.009589474,1.5650986,-0.03606722,1.0885203,-0.6079184,-0.44129187,-0.10083004,1.946063,-0.018942973,-0.019584699,1.9081839,-0.28288445,-0.048523106,-0.57558715
TCGA-GM-A2DA,1.8686512,1.3370987,0.36847046,0.4615588,0.23647363,-0.2886928,-0.04979199,0.5451708,0.07110058,-0.21493371,0.24651253,-0.016791431,-0.2814015,0.40468177,0.32986513,-0.0072745965,0.7088817,-0.0045035766,-0.0495777,0.91269374,-0.021274101,-0.009559716,-0.27774918,-0.018990833,0.4342038,-0.037850652,-0.00860147,-0.0004115194,-0.010414805,0.86954784,0.564362,-0.16704085,-0.0639753,0.39580026,-0.022531396,0.7056985,1.2849493,0.8896799,-0.47775814,1.7397804,0.2742149,-0.07538129,0.2309233,-0.013212076,-0.28777945,-0.10240022,-0.10601224,-0.001295751,-0.2282785,1.1051512,0.20573999,0.8596546,-0.035910692,0.89296514,-0.3393842,-0.2132541,-0.0641879,0.98412496,-0.03044107,0.11443497,1.3271067,-0.12737052,-0.039541528,-0.27854523
TCGA-GM-A2DB,2.1869707,1.3063265,0.37484494,1.2717625,-0.0030981728,-0.2908579,-0.10918651,0.39679614,0.22621885,-0.2217686,0.13165803,-0.01271865,-0.34348175,1.3149964,0.3569168,-0.049788747,0.18459702,0.24808115,-0.03679776,0.9461297,-0.013385859,0.1000196,-0.3164619,-0.038417455,0.07203902,-0.021110548,-0.022791369,0.09586717,-0.016772462,1.021081,0.58239627,-0.1856124,-0.08033147,0.18624142,-0.06548487,0.32305554,1.6011856,0.6200156,-0.55127335,1.8843515,-0.0033361048,-0.083280936,0.24927473,-0.010807907,-0.33312747,-0.124919295,-0.1070547,-0.011211589,-0.27814448,0.5098477,0.28410017,1.6395164,-0.041301426,0.75954336,-0.40587378,-0.26747724,-0.08579814,1.0202422,-0.036939032,-0.034206636,1.2572,-0.20259944,-0.017458403,-0.35575628
TCGA-GM-A2DC,3.080426,2.032521,0.3334739,0.82886076,0.20894156,-0.38143733,-0.119167864,0.8009694,0.30386963,-0.3053083,0.0020203087,-0.060952414,-0.4707024,1.1817147,0.72547126,-0.049935047,0.6956824,-0.022748077,-0.06979983,1.5375601,-0.030923009,0.17411217,-0.48190776,-0.07315927,0.5138281,-0.019324688,-0.049874876,0.30976275,-0.016155314,1.7157193,1.0584025,-0.3240423,-0.10226356,0.29711285,-0.06337329,0.37972468,2.1228395,1.5270767,-0.7945857,2.944234,0.31031248,-0.2054926,0.49461657,0.6005084,-0.4769058,-0.1880704,-0.13744979,-0.0019970562,-0.3559335,0.6599383,0.18977594,0.42999038,-0.040188964,1.3557373,-0.5842932,-0.39022398,-0.078886025,1.7887022,-0.014375754,0.020392131,2.0221717,-0.22727203,-0.058320697,-0.53887504
TCGA-GM-A2DD,2.5088766,1.5059222,0.4433883,1.2682514,0.097786576,-0.31646237,-0.08629708,0.5916547,0.123910315,-0.22982053,0.12634036,-0.024459235,-0.37451163,1.1613706,0.49270242,-0.04506939,0.23062228,-0.014843078,-0.031931642,1.0255903,-0.0069159726,0.025433838,-0.36545345,-0.024443561,0.30895424,-0.011450887,-0.008382178,-0.00144641,-0.018605052,1.221601,0.79359907,-0.21962424,-0.08266305,0.2760816,-0.05119266,0.58617485,1.6480665,0.89636767,-0.63366455,2.317212,0.024760174,-0.100813866,0.3478685,-0.012672025,-0.36964756,-0.13397126,-0.12399342,-0.009509327,-0.30645183,1.1003244,0.24640025,1.3208851,-0.07510442,0.96055055,-0.44501826,-0.2963032,-0.097030364,1.2817804,-0.015955685,-0.026628887,1.4231099,-0.19526699,-0.023003738,-0.40616232
TCGA-GM-A2DF,2.5119653,1.3733882,0.54515284,1.5627551,-0.010481,-0.273977,-0.11556908,0.476295,0.16827166,-0.22472747,-0.02273798,-0.01540536,-0.36875644,1.1414404,0.482758,-0.040799834,0.38046494,0.58904976,-0.03676239,0.8111633,0.017415587,0.33186778,-0.35573706,-0.030015096,0.23481853,-0.025647888,-0.03497789,0.19338286,-0.018960439,1.0169699,0.8997543,-0.21816699,-0.05854514,0.21714374,-0.08165576,0.75070167,1.8094091,0.8670773,-0.60652226,2.1527753,0.11892316,-0.080538355,0.20710349,0.019543901,-0.3417574,-0.13585109,-0.07842032,-0.020394323,-0.2810944,0.3643767,-0.0016509368,1.5147147,-0.033956405,0.9214927,-0.4299243,-0.27865517,-0.06690057,1.1308526,-0.029935757,-0.009379677,1.4446492,-0.19618168,-0.026802307,-0.38157105
TCGA-GM-A2DH,2.8855493,1.900442,0.41347903,0.78998554,0.16499381,-0.35673332,-0.13233458,0.5863389,0.309927,-0.29047534,0.14509818,-0.014341007,-0.4165462,1.2105426,0.6823737,-0.05073876,0.35645726,0.2780969,-0.063152805,1.298883,-0.02115164,0.07690446,-0.39672273,-0.014909166,0.4836475,-0.011771984,-0.023718864,0.044298153,-0.037985247,1.378825,0.769198,-0.2658343,-0.0660702,0.5393629,-0.09782315,0.757933,1.934508,0.89042985,-0.69609636,2.3800108,-0.014238456,-0.08521172,0.26967958,0.011201501,-0.41754755,-0.14886977,-0.12266779,-0.037244115,-0.34966728,0.47192824,0.25982523,1.9414387,-0.06604874,0.8377349,-0.5056014,-0.35634026,-0.08219656,1.505268,-0.0009358292,-0.035724837,1.2876177,-0.2622915,-0.02314238,-0.47180802
TCGA-GM-A2DI,2.0605018,1.233255,0.39125475,1.2053329,0.025978502,-0.27868778,-0.07996207,0.21974887,-0.013762322,-0.21845558,-0.016432632,-0.051282555,-0.26865172,-0.013884139,0.11602074,-0.010474979,1.0788192,0.13171396,-0.044856556,0.9467069,-0.036507312,0.011892206,-0.2881933,-0.03242817,0.18063413,-0.030276168,-0.0035728384,0.37718523,-0.0066055916,0.73129934,0.6731346,-0.14337783,-0.048904706,0.49893573,-0.046567105,1.2222884,1.5050166,0.8552588,-0.49211392,2.0927272,0.103352055,-0.083033845,0.03453367,0.18502466,-0.26730725,-0.09829585,-0.064984314,0.23410831,-0.21660173,0.31508517,0.14423257,0.2095051,-0.011726827,0.8491462,-0.35196164,-0.23709624,-0.029900763,1.0246023,-0.028725937,-0.0038827916,1.8404641,-0.10552742,-0.014263081,-0.2309854
TCGA-GM-A2DK,2.1882596,1.4169155,0.34434336,0.8610408,0.06155524,-0.32470927,-0.09780608,0.47951236,0.07476452,-0.2323604,0.014434717,-0.029054297,-0.32065657,0.1639429,0.31038406,-0.034502678,0.8155114,-0.0058024763,-0.069010235,1.0881956,-0.02234967,0.14157403,-0.33922032,-0.024897156,0.19294856,-0.002311261,-0.018122321,0.31462386,-0.012242748,0.8765286,0.6846343,-0.20126913,-0.056714423,0.41361895,-0.04239621,0.84980434,1.5029719,0.9481363,-0.5512672,2.3175473,0.27121094,-0.099311955,0.31742483,0.279244,-0.3035029,-0.117023066,-0.08539184,0.06283766,-0.26677674,0.7711392,0.0993109,0.4247814,-0.021177828,1.0037565,-0.40665206,-0.2740874,-0.040269207,1.330686,-0.011240801,0.02218264,1.7178404,-0.11644641,-0.020419413,-0.32640678
TCGA-GM-A2DL,2.623995,1.7221977,0.4325727,0.32260126,0.42163914,-0.35688007,-0.10948175,0.7346455,0.36741862,-0.29613248,0.296776,-0.022077942,-0.42949158,1.1031553,0.5053772,-0.052192695,0.45959276,-0.010002616,-0.084799685,1.4568578,-0.008408815,-0.003663759,-0.4173224,-0.032892715,0.7376232,0.08761146,-0.023126375,0.09044133,-0.01602576,1.4326109,0.8314607,-0.31128642,-0.08530398,0.6927323,-0.08419286,0.7292781,1.8622782,1.1454318,-0.69957715,2.3118477,-0.0026907248,-0.09799857,0.33287877,0.25816542,-0.39765096,-0.11519301,-0.12525938,-0.03935596,-0.3538965,0.36487815,0.1104841,1.6293005,-0.08794176,1.0025163,-0.48534593,-0.34463164,-0.08965484,1.3250453,-4.532719e-05,-0.02531954,1.4707164,-0.23518269,-0.031399693,-0.49518594
TCGA-GM-A2DM,2.1227403,1.1140181,0.13789365,1.3373182,0.10549879,-0.28440097,-0.07908359,0.3743458,-0.0026420262,-0.19390716,-0.033022076,-0.03836677,-0.27299955,-0.020252658,0.13646935,-0.025707573,0.99030036,-0.009216963,-0.04866103,0.94582605,-0.029413128,0.11524346,-0.30449685,-0.032974314,0.048718628,-0.038926855,-0.023246622,0.6280541,-0.002784075,0.7672973,0.6919898,-0.14403994,-0.050949324,0.6602533,-0.030457819,1.1611706,1.4154556,1.0400985,-0.47105575,2.1885383,0.414932,-0.08128632,0.05654669,0.44581962,-0.26962355,-0.12282159,-0.060259648,0.28943205,-0.20129672,0.33126235,-0.0016917055,-0.030931238,0.2834988,0.97338235,-0.3516,-0.23911071,-0.034197744,1.0623748,-0.02359025,-0.0014546026,1.909627,-0.10693158,-0.022001965,-0.2273029
TCGA-GM-A2DN,2.621267,1.649142,0.57174754,0.82114905,0.32961127,-0.3409015,-0.10341787,0.58175564,0.11664515,-0.28099883,-0.0006992383,-0.041558865,-0.38628194,0.7510604,0.42702985,-0.042896207,0.7211479,0.01969826,-0.06501984,1.1768928,-0.028208867,0.16951014,-0.38388884,-0.018199181,0.528964,-0.024640216,-0.027356757,0.34743577,-0.006891072,1.1705257,0.86569715,-0.23695758,-0.05033345,0.8303766,-0.051919013,0.8906847,1.756449,1.1505141,-0.6560328,2.4107428,0.08106504,-0.12389325,0.18072984,0.48453522,-0.35839486,-0.11443633,-0.099468686,-0.008631517,-0.3161002,0.07720457,0.061121285,0.5546122,-0.015318344,0.96483344,-0.468935,-0.33795816,-0.04975104,1.497627,-0.031525563,-0.009070103,2.06072,-0.17733815,-0.02011407,-0.39332813
TCGA-GM-A2DO,2.2654772,1.4380385,0.46713272,0.9997276,0.0198057,-0.3188171,-0.07809637,0.4998804,-0.010989928,-0.23507082,-0.00403132,-0.046834722,-0.34354097,-0.0074905963,0.3017273,-0.025745219,0.9520704,0.009833667,-0.037719037,1.248336,-0.020969741,-0.008787243,-0.32721207,-0.03525375,0.55245924,-0.025651922,-0.02462035,0.326724,-0.007069917,0.94569504,0.7873709,-0.1993918,-0.07320273,0.06203973,-0.043592956,1.243382,1.5680666,1.031837,-0.5590738,2.2269297,0.079875514,-0.104509726,0.1573292,-0.00033451244,-0.3085978,-0.0992054,-0.09884123,0.106031165,-0.25554845,0.5625867,0.16515085,0.70151085,-0.049007073,1.0814391,-0.38854092,-0.26662788,-0.06015879,1.2103052,-0.035136912,-0.006221156,1.7417308,-0.14616655,-0.029853528,-0.2934
TCGA-GM-A3NW,2.8696918,2.0961044,0.6966664,0.21484593,0.29304925,-0.41958556,-0.12480108,1.1928235,0.50139546,-0.3343675,0.22171238,-0.023873251,-0.48143068,1.0093054,0.79897887,-0.06728672,0.48918992,-0.014961014,-0.065715745,1.6864886,0.08448653,0.095670044,-0.4630753,-0.019045254,1.2170805,-0.021680167,-0.051567692,0.22097863,-0.0314501,1.7664813,0.75825065,-0.36388358,-0.111405246,0.64121413,-0.07449254,0.8451319,2.0671654,1.5706414,-0.7953742,2.805192,0.08124089,-0.16533361,0.63636446,0.509849,-0.43127164,-0.1385812,-0.13699853,-0.053802814,-0.38815096,0.54547054,0.01199867,1.2173873,-0.058088537,1.251535,-0.5574593,-0.40061197,-0.10659231,1.8586874,-0.015454181,-0.009829621,1.7655184,-0.27220622,-0.040464405,-0.56811357
TCGA-GM-A3NY,3.2020164,1.8724157,0.41013095,1.120339,0.22466192,-0.39271107,-0.13127875,0.7397483,0.27230003,-0.30448747,0.028011398,-0.036991082,-0.45210359,1.4257162,0.66416913,-0.035232276,0.6420561,-0.033064816,-0.06965228,1.3641478,-0.035327654,0.2054272,-0.50740916,-0.03176584,0.21902436,-0.031215874,-0.020476626,0.35704172,-0.025635768,1.6984296,0.88871586,-0.28594375,-0.05195163,0.5859807,-0.060032334,0.19289462,2.2477977,1.2710625,-0.79737276,3.0677695,0.057581365,-0.1488898,0.27155846,0.95628625,-0.4671162,-0.14876427,-0.1065672,-0.03907189,-0.35721675,0.39531192,-0.012138164,0.9070417,-0.0036434808,1.1254987,-0.5690422,-0.4042835,-0.08432107,2.1022031,-0.03264235,-0.041542858,2.1420047,-0.24559553,-0.017466983,-0.5191828
TCGA-GM-A3XG,2.1398647,1.0895203,0.35926464,1.6336731,0.17765291,-0.22058928,-0.0752524,0.10152954,-0.01001603,-0.2005081,-0.03344677,-0.028191471,-0.25721383,0.21687838,-0.003976272,-0.016537128,0.85190874,0.08771305,-0.028862102,0.7738526,-0.038105022,0.061910003,-0.29778275,-0.014843321,-0.01813253,-0.028347919,-0.02203315,0.46705294,-0.02400174,0.7723822,0.62391454,-0.12409075,-0.04289448,1.0977099,-0.04891645,0.93691087,1.2524396,0.9575778,-0.45869341,1.9316608,0.104983084,-0.085037276,-0.014289496,0.5657994,-0.25759122,-0.12421837,-0.052313495,0.22375573,-0.20434824,0.18309799,0.047838822,-0.014610536,0.052443646,0.8406469,-0.34824815,-0.24857453,-0.023438191,1.0977845,-0.03931988,-0.008878198,1.8707316,-0.101024404,-0.010871801,-0.21829548
TCGA-GM-A3XL,2.8334405,1.2510706,0.79959935,1.7711536,0.49677682,-0.25867486,-0.18230358,0.21756187,-0.001348887,-0.24300496,-0.010559118,0.07556098,-0.39595768,1.7268226,0.5708496,-0.06217226,0.18345234,1.0661837,-0.047175158,0.79438436,-0.0019763184,0.35192588,-0.3835181,-0.0341285,0.113460824,-0.0091941375,-0.050784793,0.4987408,-0.024853026,1.3647045,0.63133246,-0.24961288,-0.03921297,0.90906197,-0.10419712,0.1939656,1.9438155,0.83572,-0.6356285,2.0693069,-0.029023334,-0.106741466,0.2625717,0.53041667,-0.3691144,-0.167581,-0.087003104,-0.000986084,-0.31439042,0.18205176,-0.02387487,1.5918297,-0.0005897755,0.8239017,-0.49033362,-0.31893075,-0.059943743,1.3211776,-0.019896714,-0.0049059656,1.4257473,-0.20040798,-0.039566096,-0.44657636
TCGA-GM-A3XN,2.6108303,1.5170184,0.34722283,1.3901669,0.23920839,-0.2904686,-0.08873396,0.41888356,-0.017386077,-0.25262305,-0.023545355,-0.04981112,-0.3147146,0.43305704,0.064632185,-0.018050758,0.93240476,-0.003092018,-0.048070222,1.0691246,-0.05408276,0.18328562,-0.3559701,-0.02677509,0.023039792,-0.024839295,-0.022298558,0.54541737,0.008781701,1.0898913,0.75978255,-0.17891489,-0.05025933,0.85574436,-0.041403916,0.978564,1.745574,1.1421342,-0.5915419,2.4655023,0.048565313,-0.101144694,0.09830774,0.52536255,-0.33216313,-0.12867111,-0.08459696,0.15242593,-0.27841198,0.1618643,0.06289145,0.054763585,0.086951286,0.98195034,-0.4324309,-0.2854558,-0.029345965,1.3959738,-0.020582302,-0.024133975,2.015425,-0.1314034,-0.0171381,-0.32443282
TCGA-GM-A4E0,2.4846344,1.5747247,0.45262071,0.649927,0.31601936,-0.32367346,-0.088979326,0.66356164,0.071259536,-0.2776137,0.03968355,-0.04509191,-0.38418496,0.6090899,0.39686316,-0.034967817,0.77554536,0.01821697,-0.045029502,1.3137234,-0.031753797,0.04806107,-0.36024264,-0.025580872,0.6289861,-0.029639948,-0.017445829,0.41288295,-0.0067178416,1.0919977,0.8136595,-0.25148624,-0.059517797,0.5963663,-0.05822405,1.0125343,1.7417548,1.144204,-0.6138789,2.2964585,-0.0025389164,-0.11352489,0.30502164,0.31883645,-0.34530565,-0.114201486,-0.11279472,-0.012957844,-0.30557284,0.17533605,0.14769459,0.7971984,-0.033352405,1.0453801,-0.43750134,-0.3174226,-0.053839292,1.3479941,-0.005604809,-0.0010259617,1.7427385,-0.18359773,-0.026380116,-0.37164363
TCGA-GM-A5PV,1.7795154,1.2115268,0.37010226,0.8112662,0.19113785,-0.2742518,-0.05891182,0.47745514,0.12227607,-0.1957517,0.19408552,-0.03623196,-0.26265606,0.006493073,0.22637631,-0.02087571,0.65576047,-0.0020299226,-0.040080238,0.93623453,-0.023681613,-0.001896653,-0.27210936,-0.005556337,0.33307406,-0.031192962,-0.022551734,0.22063328,0.15716743,0.84766513,0.3737531,-0.16197689,-0.05314843,0.6977026,-0.031229852,0.7887219,1.2574798,0.86022633,-0.4612739,1.9674772,0.15290703,-0.07469539,0.24255681,0.29436165,-0.2575706,-0.11945444,-0.071845196,0.14887643,-0.21526702,1.024362,0.021874657,0.39982155,-0.016537962,0.8465645,-0.345497,-0.21586792,-0.049330793,1.0431008,-0.022072848,0.073310494,1.3924804,-0.10492089,-0.026958276,-0.26124665
TCGA-GM-A5PX,2.6172826,1.6031237,0.4906221,0.8749807,0.2052994,-0.34732395,-0.1130869,0.5374863,0.21023041,-0.27049527,0.09430004,-0.044824284,-0.36146387,0.6921496,0.37437665,-0.00570714,0.83884484,-0.018989429,-0.06884988,1.2301412,-0.048141018,0.16092381,-0.39426145,-0.013376347,0.24533482,-0.02616396,-0.023426991,0.3378201,-0.0107453605,1.2862247,0.86944294,-0.2306048,-0.07442478,0.92802864,-0.07230088,0.8105943,1.6067123,1.0948367,-0.6292227,2.5071437,0.2344134,-0.13164042,0.18662956,0.3806317,-0.36383596,-0.12720414,-0.09532686,0.001831267,-0.31311902,0.49065802,-0.0064417594,0.5281015,-0.015654787,1.0784324,-0.47137633,-0.33747083,-0.07370021,1.4387313,-0.017265113,-0.011977881,1.9501972,-0.14847939,-0.018814305,-0.3815038
TCGA-HN-A2NL,3.3279104,1.1007243,0.7760522,2.493812,-0.01687443,-0.28417522,-0.20332925,0.109395355,0.15769121,-0.23111577,-0.010592264,-0.019217493,-0.4188006,2.1863766,0.7035446,-0.08618168,0.42846468,1.3657469,-0.05770422,0.76032925,0.1028914,0.6701871,-0.3820825,-0.04276967,0.01298051,-0.02706478,-0.027487818,0.5876012,-0.02572431,1.2621119,0.79566014,-0.19300793,-0.051519778,0.75741154,-0.11048372,0.066282675,2.0462084,1.059216,-0.71075535,2.4936016,-0.028232804,-0.08639186,0.54431945,0.5977129,-0.41291672,-0.21517156,-0.10908232,-0.021168064,-0.32784647,0.5107297,-0.011590208,1.9437376,0.083563186,1.0267593,-0.54140633,-0.34016833,-0.053178605,1.4235287,-0.02537169,-0.027248288,1.6829573,-0.19685255,-0.022502426,-0.47613797
TCGA-HN-A2OB,2.3690515,1.4426402,0.42184177,1.1028419,0.19027688,-0.2729133,-0.07653452,0.48088536,0.18828183,-0.24314797,0.12799871,-0.032283697,-0.32284445,0.651651,0.2557142,-0.032723907,0.62340015,-0.016409151,-0.057965815,1.1907861,-0.01875331,0.17716302,-0.33762497,-0.019847712,0.0035597868,-0.006020913,-0.013941347,0.30601525,-0.017053565,1.0529498,0.6007847,-0.18578123,-0.04917145,0.7458768,-0.055155534,0.8585067,1.5576985,0.9736396,-0.54548043,2.2310972,0.07009308,-0.110859625,0.31290293,0.5571477,-0.3409967,-0.124207154,-0.08464076,-0.01588632,-0.25886223,0.17476071,0.13124563,0.41680247,-0.0130485585,0.88414234,-0.40382472,-0.30102047,-0.056798078,1.3155615,-0.011601334,-0.010717578,1.6888417,-0.14845553,-0.023118641,-0.31695503
TCGA-JL-A3YW,2.9564085,1.6487166,0.5379671,1.138536,0.146886,-0.35412058,-0.13813774,0.5521154,0.4680523,-0.296301,0.2217239,0.024853788,-0.46065876,2.1212456,0.69316447,-0.06734686,0.020437572,0.15057412,-0.049638666,1.224769,0.05258132,0.14025608,-0.41502792,-0.0321568,0.594341,-0.0046724933,-0.011494941,0.050760057,-0.04121668,1.5120276,0.8527897,-0.32297722,-0.07409906,0.27339676,-0.10063477,0.3924837,2.167595,0.9080185,-0.7410563,2.3237488,-0.032122087,-0.114367,0.44495896,0.038077757,-0.44465438,-0.1685296,-0.1412457,-0.04842831,-0.39197943,0.3237221,0.27217844,2.2954855,-0.0903701,0.8380008,-0.5319945,-0.39383468,-0.11324167,1.4301217,-0.008197659,-0.0502292,1.1245316,-0.28835997,-0.039494425,-0.54568195
TCGA-JL-A3YX,2.1728487,1.2244827,0.26747003,1.032282,0.19574912,-0.25329146,-0.06548558,0.4400324,-0.0014294145,-0.20013495,0.15139988,-0.016821878,-0.3000402,0.8679419,0.44616336,-0.034982514,0.47363165,-0.009051524,-0.060638703,0.9090511,-0.016836252,0.204671,-0.31696817,-0.040160198,-0.007402347,-0.0010949214,-0.032215193,-0.011474545,-0.043832988,1.0262928,0.6734614,-0.18144295,-0.061535712,0.38004565,-0.07128026,0.2532589,1.4815397,0.6684209,-0.52347356,2.0919223,0.3725198,-0.10195755,0.14602426,0.49492842,-0.32999834,-0.1488941,-0.06405601,-0.0471511,-0.23764622,0.9171559,-0.0034993782,1.1881632,-0.021855125,0.7932723,-0.38928306,-0.24725471,-0.06766381,1.0996174,-0.028924033,-0.0447188,1.2308073,-0.13727538,-0.027128333,-0.32002848
TCGA-LD-A66U,2.1863878,1.5679628,0.36194798,0.9594204,0.12747847,-0.33224526,-0.08307036,0.5147045,0.17641354,-0.24307716,0.2953575,-0.042132646,-0.34864748,0.1994255,0.3004634,-0.036135536,0.88512343,0.08064912,-0.060123038,1.185579,-0.024825305,-0.0001963065,-0.34463382,-0.005494274,0.48443696,-0.017314725,-0.021966817,0.25174788,-0.013317077,1.1830128,0.7239462,-0.2060403,-0.051914126,0.64106375,-0.060277533,1.1165781,1.5483301,0.98547447,-0.5765788,2.2117488,0.10463595,-0.11014537,0.32724926,0.26780653,-0.31694332,-0.124611,-0.090318345,0.0072407313,-0.26315302,0.5538311,0.017986065,0.5448346,-0.014473746,1.0423368,-0.41668773,-0.2783986,-0.05535812,1.3803205,-0.017171036,0.039996233,1.8681643,-0.15020971,-0.028974166,-0.32610488
TCGA-LD-A74U,2.596516,1.5975424,0.49364612,0.99811095,0.45638967,-0.33680293,-0.09730374,0.70135677,0.30755258,-0.2719142,0.079596445,-0.022194855,-0.37994787,1.1510929,0.44686025,-0.02170949,0.36614063,0.0343223,-0.057984974,1.1431712,-0.02356882,0.1308193,-0.37900698,-0.025833556,0.33068982,-0.02651724,-0.02634043,0.07555798,-0.029375672,1.2918288,0.7407229,-0.26218876,-0.061510723,0.74496347,-0.06650626,0.48171657,1.8169851,1.0280789,-0.65391713,2.3133776,-0.0059152865,-0.11445749,0.44588968,0.3343174,-0.36730227,-0.14859182,-0.09990908,-0.018094992,-0.2993984,0.33135018,0.11355413,1.180427,-0.04291525,0.93361557,-0.4693446,-0.34875795,-0.073646866,1.5087827,-0.009927402,-0.042883214,1.5216224,-0.22621994,-0.02535415,-0.43774372
TCGA-LD-A7W5,2.9203675,1.8412341,0.56361544,0.90263873,0.18663193,-0.37512976,-0.10944319,0.7695733,0.14187326,-0.3124153,-0.0006699624,-0.04071873,-0.44669524,1.0828947,0.73472816,-0.05615583,0.57415307,-0.0019363223,-0.08413108,1.787471,-0.026106259,0.14653915,-0.4335327,-0.024702165,0.7715429,-0.025913745,-0.031893875,0.17581174,-0.019837737,1.4540445,0.79663855,-0.3006872,-0.08285593,0.16281566,-0.07274345,0.80865383,2.1435223,1.2516679,-0.7533447,2.6640997,0.013805198,-0.13185887,0.4781916,0.25036317,-0.4324371,-0.13842188,-0.1300471,-0.035911612,-0.34258264,0.53636515,0.35153055,1.3000096,-0.0713311,1.2422184,-0.520266,-0.36641428,-0.109415494,1.6021514,-0.04030405,-0.046865206,1.7047806,-0.23984456,-0.047380406,-0.4821933
TCGA-LD-A7W6,2.7172606,1.6987094,0.42021218,0.77744234,0.20454167,-0.3716188,-0.10607572,0.646665,0.32497105,-0.2703659,0.1229906,-0.048456278,-0.38124517,0.37751317,0.33672237,-0.045079798,0.7032773,0.054912098,-0.07513262,1.2721974,-0.024720322,0.037679426,-0.4099414,-0.023709109,0.5409093,-0.004377588,-0.050412614,0.20898636,-0.0115198,1.3526204,0.71427846,-0.26865572,-0.053198386,0.90063226,-0.059957575,0.8183099,1.8424381,1.1104952,-0.671581,2.5710785,0.2562297,-0.13345215,0.47139925,0.571165,-0.36937127,-0.14953782,-0.09921717,-0.010132923,-0.33571494,0.46160772,-0.00058374874,0.5135083,-0.003092586,1.0642534,-0.49739128,-0.32306495,-0.07401247,1.523407,-0.029509116,-0.004444211,1.9417211,-0.18144646,-0.022235435,-0.4142998
TCGA-LD-A9QF,2.3641083,1.2927265,0.4974096,1.3562684,0.009012256,-0.27421018,-0.09665141,0.43222445,-0.0036784317,-0.23130694,-0.024355048,-0.035428863,-0.32560176,0.60486734,0.21472625,-0.028571216,0.71963257,0.18376233,-0.037261974,1.0039326,-0.03637773,0.1266568,-0.30850852,-0.024884954,0.121387824,-0.021908108,-0.023630967,0.47659984,-0.007900488,1.0284163,0.79892755,-0.17898415,-0.04279388,0.1519128,-0.073545516,0.9186575,1.7091222,0.7617307,-0.55988944,2.0844839,-0.011056651,-0.0861166,0.18446586,0.13550125,-0.31296661,-0.11654331,-0.07939103,-0.00022846796,-0.24781887,-0.00062692055,0.102022894,0.69709325,-0.0291801,0.90141064,-0.38481122,-0.27303717,-0.037448864,1.1482524,-0.022577917,-0.03162926,1.5409073,-0.15396011,-0.01661536,-0.3141033
TCGA-LL-A440,2.2997713,1.2401048,0.45145622,1.2462226,0.15765752,-0.26055583,-0.074541666,0.42706463,0.04796693,-0.23276603,-0.022761598,-0.03628164,-0.32364696,0.29786348,0.011573868,-0.02310265,0.86479104,0.026372705,-0.032585237,0.9819693,-0.029469162,0.08173168,-0.3297536,-0.014681262,0.20036264,-0.034514237,-0.017649274,0.46231064,-0.0069076703,0.90505964,0.8311684,-0.18934311,-0.056894418,0.5380932,-0.05136574,1.0270445,1.4076023,0.99485517,-0.5420032,2.1236196,-0.00029203054,-0.09958646,0.18748681,0.40843242,-0.3080523,-0.11699971,-0.07718395,0.08261734,-0.24349001,-0.005578049,0.099987045,0.18148941,-0.029654194,0.9489799,-0.3868497,-0.2750018,-0.04472963,1.1918917,-0.016533723,-0.0080942605,1.8724971,-0.13988279,-0.024206663,-0.29864177
TCGA-LL-A441,2.5033228,1.1960975,0.5400621,1.4320755,0.046052407,-0.25541434,-0.12161515,0.39133185,0.08307092,-0.23276412,-0.015719106,-0.022574289,-0.34808335,0.93443257,0.28405064,-0.046225604,0.6159543,0.594358,-0.03847874,0.81428254,-0.012775883,0.16621716,-0.34255743,-0.02226362,0.22564377,-0.011019645,-0.018214084,0.28091192,-0.01727671,1.0095832,0.84187573,-0.18943872,-0.041324757,0.59807897,-0.07597199,0.85356563,1.7119644,0.9652527,-0.5779403,2.0617929,-0.021010956,-0.081504054,0.23486656,0.09859781,-0.33949012,-0.12758882,-0.09408245,0.051912952,-0.27027512,0.03407238,0.24567445,1.1650189,-0.019724196,0.8254662,-0.42825055,-0.29505208,-0.053953648,1.0812213,-0.03273044,-0.011039223,1.6318576,-0.17105544,-0.03260575,-0.35863882
TCGA-LL-A442,1.4108359,1.0836203,0.18517251,0.57364696,-0.0039432026,-0.24751563,-0.07713024,0.41004813,0.17162544,-0.17412384,-0.008429802,-0.01759223,-0.22089462,-0.024505608,0.22394772,-0.0063978634,0.880837,-0.023349417,-0.04710401,0.9188807,-0.007364025,0.093060665,-0.28020296,-0.025734423,0.49179998,-0.027516479,-0.0073958226,0.23365961,-0.002665578,0.69221723,0.64188826,-0.15200107,-0.06263012,0.3100194,-0.039182812,0.86302733,1.0001694,0.91130054,-0.42379102,1.8376594,0.31204975,-0.08474591,0.14274926,0.4300207,-0.24718912,-0.0840736,-0.06593438,0.34445807,-0.1812406,0.56409425,-0.011184383,-0.011559873,-0.0034558512,0.78047913,-0.31359047,-0.20414531,-0.05591594,0.99673426,-0.027396608,-0.0019201626,1.5197521,-0.08646949,-0.024652084,-0.21367268
TCGA-LL-A50Y,3.0650048,1.8897389,0.5572308,0.8027729,0.32190517,-0.3963512,-0.12925279,0.6847939,0.4710151,-0.3004558,0.26910523,-0.046965554,-0.43709937,0.7390594,0.59443533,-0.030025333,0.76630706,0.13506529,-0.07653277,1.4618558,-0.028798688,0.010251173,-0.4331772,-0.024064397,0.5995969,-0.02143895,-0.023858573,0.044205226,-0.0040246355,1.7165593,0.7689337,-0.2513279,-0.08187444,0.87445056,-0.0753109,0.7457982,1.7906156,1.5057222,-0.7402379,2.7718992,0.044830345,-0.15614693,0.48985857,0.5375671,-0.43034005,-0.17506352,-0.10687734,-0.015492181,-0.34342268,0.87486035,-0.011057611,0.6525429,-0.008139207,1.2487972,-0.5671057,-0.38155863,-0.0849268,1.6726563,-0.012767701,0.22935346,1.9972942,-0.19941483,-0.061362665,-0.45854187
TCGA-LL-A5YL,3.3286867,2.0527174,0.6442792,1.0118113,0.38672405,-0.41175494,-0.150087,1.0047218,0.59870636,-0.35504422,-0.0055068927,-0.021875268,-0.50921685,1.773348,0.97625047,-0.074796475,0.556155,0.16052341,-0.0866633,1.5630969,-0.015892034,0.3779255,-0.50754374,-0.040041342,0.8963636,-0.029010493,-0.03503185,0.2961682,-0.0080574,1.8454107,0.8653736,-0.36281916,-0.048352376,0.69035107,-0.08682457,0.59192944,2.3358295,1.4821646,-0.8696727,3.1086316,-0.018317563,-0.17458466,0.57253623,0.6410828,-0.47118744,-0.19533373,-0.12983315,-0.052277427,-0.4364491,0.11142443,0.034027472,1.3105448,-0.059421975,1.2297448,-0.63197136,-0.4601829,-0.08475085,1.7796259,-0.0050967177,-0.03411823,1.8507357,-0.29059377,-0.015713135,-0.62424326
TCGA-LL-A5YM,3.5604672,2.219534,0.63900334,0.6731339,0.3366484,-0.4917081,-0.16009338,1.3074626,0.7045195,-0.39030004,0.22376062,-0.022124974,-0.63031083,1.9397475,1.1568893,-0.08003569,0.28403822,0.3981489,-0.06286478,1.7378142,-0.003875721,0.19282922,-0.56257814,-0.03520224,1.2910534,-0.029991169,-0.027943576,0.20926262,-0.03443814,2.2067611,1.1869371,-0.4810163,-0.10913149,0.24680227,-0.09753167,0.5714073,2.8350217,1.8495557,-0.9864486,3.2007117,-0.016187254,-0.19686069,0.9073454,0.15520355,-0.5647078,-0.21036462,-0.19971605,-0.06357531,-0.4866433,0.60511744,0.15236454,1.9496163,-0.088938974,1.627905,-0.69314784,-0.48297033,-0.12529823,1.9799917,-0.008338943,-0.0036745188,1.6854796,-0.34280473,-0.058234032,-0.7604248
TCGA-LL-A5YN,2.1169498,1.4546483,0.38795432,0.7974931,0.23448218,-0.29917938,-0.07648657,0.54281276,0.14610723,-0.21769392,-0.016504435,-0.05341008,-0.3368927,0.65163326,0.40795338,-0.041017566,0.61771244,0.004778059,-0.04872572,1.0995139,-0.020948317,0.086840466,-0.3323079,-0.0062022954,0.28251493,-0.023169769,-0.009868554,0.25017202,-0.006932405,1.0443197,0.7128344,-0.19757988,-0.05472442,0.06586155,-0.044982236,0.7440235,1.6154085,0.84540385,-0.5614647,2.0388772,0.3482715,-0.09146734,0.09705463,0.081260934,-0.32133564,-0.10938422,-0.08728125,-0.016886828,-0.2690719,0.5492409,0.13429275,0.9839538,-0.038614392,0.866306,-0.39876494,-0.26807758,-0.059034914,1.1837866,-0.025879232,-0.030905588,1.4426217,-0.18037246,-0.03829823,-0.33502415
TCGA-LL-A5YO,2.3197942,1.1724356,0.43395165,1.678778,-0.0066107097,-0.26398695,-0.10002072,0.2786694,-0.013349202,-0.19240475,-0.027026845,-0.038400527,-0.29503,0.3154295,0.23774458,-0.024089346,0.8120692,0.30540588,-0.043970503,0.7841751,-0.010994429,0.09412695,-0.28026435,-0.018999135,-0.0035769034,-0.032124672,-0.02244677,0.35604504,-0.013623354,0.8664222,0.6999563,-0.14287639,-0.047172483,0.24717815,-0.065055944,1.0125405,1.4971002,0.717128,-0.52071726,2.0724068,-0.0048975362,-0.070075475,0.037693147,-0.0041070357,-0.28309724,-0.11534943,-0.06824895,0.22585668,-0.22971256,0.42323884,0.011132555,0.79261774,-0.019962514,0.9050644,-0.36901188,-0.24195294,-0.04831848,0.9725413,-0.036222596,-0.02182346,1.6647205,-0.13658555,-0.015637917,-0.2282759
TCGA-LL-A5YP,2.136323,0.94806206,0.48961344,1.5624163,-0.005569953,-0.18168226,-0.14241,0.14465106,0.010445322,-0.18311216,-0.02115459,0.03706821,-0.2984917,1.4761026,0.42044866,-0.02539753,0.22161284,1.3165463,-0.033903092,0.37039915,-0.0051843855,0.35081595,-0.26260135,-0.03093665,0.09231089,-0.008034868,-0.016955247,0.33860928,-0.023685949,0.9078679,0.7176655,-0.17344983,-0.032900915,1.1087635,-0.0881432,0.5075477,1.4335347,0.9415359,-0.47068796,1.5877455,-0.018917887,-0.061321016,0.27493623,0.26861978,-0.28036144,-0.113514625,-0.05834607,0.031114463,-0.24404076,0.24370274,-0.013300515,1.3332961,-0.015632613,0.3672023,-0.38829744,-0.22742589,-0.052743357,0.9861427,-0.0018475655,-0.009835205,1.1262729,-0.12846485,-0.020202082,-0.33309314
TCGA-LL-A6FQ,2.6960862,2.1381252,0.18502985,-0.0063103,0.47130626,-0.409091,-0.09903291,1.2081808,0.6330643,-0.3293323,1.0522653,0.009828336,-0.46924478,1.5222263,1.0062973,-0.038887583,0.088176414,-0.018316412,-0.048039902,1.2702011,-0.0024864469,-0.006572343,-0.41733256,-0.014974478,1.1268733,0.07249751,-0.030569611,-0.011878264,-0.029631114,1.9132906,0.8807787,-0.36958647,-0.10008557,0.8219198,-0.09786931,0.51794815,1.8366668,1.5197896,-0.7069874,2.355861,0.24511981,-0.1858841,0.8050365,0.17257266,-0.4378758,-0.12835988,-0.14746392,-0.04919418,-0.37343878,1.5325996,-0.022560919,1.5612322,-0.063668914,1.3091953,-0.53076136,-0.3700508,-0.09341544,1.6837375,-0.011974055,0.13256645,1.2743981,-0.23346697,-0.05871625,-0.5759887
TCGA-LL-A6FR,2.0982075,0.87610507,0.5119584,1.7439489,-0.023066951,-0.15313059,-0.14727414,0.10071218,0.1515066,-0.14064406,-0.015047686,0.06406153,-0.27168575,1.8144966,0.32174474,-0.04486769,-0.017439112,0.9539081,-0.033689093,0.3192594,0.192169,0.44115463,-0.22859848,-0.048810534,-0.024837654,0.03912357,-0.018882988,0.33426195,-0.034579195,0.74019194,0.26439688,-0.14171612,-0.046637576,0.90779936,-0.09217254,-0.013638491,1.019697,0.6043501,-0.4136482,1.3738297,-0.022948729,-0.062190134,0.06807475,0.09913273,-0.27273878,-0.13639244,-0.042885184,-0.017095385,-0.20265661,0.50635797,-0.013392339,1.7173533,-0.011118571,0.3848981,-0.35458967,-0.21634403,-0.064563885,0.8143656,-0.007860805,-0.0052468753,0.632947,-0.11431906,-0.012692853,-0.33086643
TCGA-LL-A73Y,2.2449188,0.79423696,0.26537082,1.9004306,0.09507753,-0.20434092,-0.13640556,0.11731003,-0.027534941,-0.16749917,-0.035664406,-0.0070859264,-0.26957348,1.1655308,0.16124527,-0.036371507,0.44608587,0.96692365,-0.025895912,0.303345,0.011933889,0.40565917,-0.25786695,-0.023820957,0.050601188,-0.018450676,-0.017337969,0.55603343,-0.008594512,0.6391522,0.7141514,-0.11154987,-0.0038386472,1.0062426,-0.06461762,0.45053497,1.1586653,1.0188912,-0.45760986,1.8186845,-0.017895823,-0.045192827,0.09332888,0.39054286,-0.2596741,-0.12402673,-0.046409916,-0.0060408143,-0.21065067,-0.0036773172,-0.027270852,0.7270399,0.48001924,0.67522013,-0.3519207,-0.25752163,-0.03182988,1.0275948,-0.033703286,-0.018904818,1.4862012,-0.11505594,-0.019983336,-0.27384564
TCGA-LL-A73Z,2.503952,1.4485897,0.3765784,1.2910216,0.10259478,-0.2685015,-0.09594876,0.41175115,0.19905931,-0.23512557,0.08805057,-0.020169552,-0.34229478,1.1987007,0.52561593,-0.038806345,0.33972946,0.16477701,-0.034806725,0.96974313,-0.015009798,0.30294958,-0.33538958,-0.010673306,-0.004155497,-0.03015518,-0.02403938,0.21475862,-0.03726408,1.0340992,0.58618397,-0.19000614,-0.05886745,0.6649625,-0.067204535,0.48719314,1.5850893,0.834939,-0.56800634,2.0731685,-0.0046133357,-0.09544594,0.1610523,0.1692309,-0.33524504,-0.13726033,-0.10003876,-0.02043026,-0.2802316,0.35619247,0.039460845,0.9856498,-0.043502346,0.77145356,-0.4169602,-0.28859207,-0.07232661,1.2215183,-0.010433247,-0.011937267,1.2721943,-0.2016745,-0.020373737,-0.35386187
TCGA-LL-A740,3.4391928,1.8734272,0.55026865,1.1362025,0.22499005,-0.4073639,-0.16053693,0.746204,0.48263758,-0.33617935,0.12157067,-0.010299168,-0.50855863,2.2460644,0.9079145,-0.098672554,-0.0010559459,0.2293733,-0.06042446,1.5224696,0.19270669,0.23474027,-0.4854486,-0.030431459,0.71433187,-0.0060265306,-0.008318285,0.060335416,-0.020396536,1.6566678,0.79766434,-0.3776481,-0.09141036,0.2455753,-0.10515716,0.28983554,2.3579242,1.4041482,-0.8757871,2.7308288,-0.03520215,-0.14762074,0.44765794,0.26670742,-0.5154097,-0.18737984,-0.1514731,-0.06070728,-0.42354193,0.1600299,0.100402705,2.1460943,-0.092908345,1.0369728,-0.6129564,-0.4499898,-0.119202666,1.5797465,-0.0074068974,-0.05234694,1.3289881,-0.31666693,-0.042755697,-0.62081945
TCGA-LL-A7SZ,2.0598612,1.3124833,0.3203872,0.60958093,0.12224485,-0.27522418,-0.08115979,0.5032949,0.19037794,-0.2089237,0.38165063,-0.021007704,-0.30725244,0.5308978,0.5645738,-0.028656011,0.59613806,0.017280063,-0.050869096,0.8745388,0.13149422,-0.0031824724,-0.2797395,-0.012909407,0.5726147,-0.015786877,-0.021649688,0.14900067,-0.01576582,0.9992263,0.6472495,-0.19673975,-0.06808878,0.12315293,-0.06507836,0.74554086,1.3555826,0.7735991,-0.48768646,1.8065194,-0.011933656,-0.064421326,0.35427737,0.092251554,-0.31172886,-0.09865492,-0.1111561,-0.011451411,-0.24927123,0.8077632,0.26137197,1.3494817,-0.031412426,0.7313402,-0.3487757,-0.23834573,-0.07467901,1.111728,-0.014313887,-0.005886255,1.0306585,-0.15519021,-0.021820698,-0.30204982
TCGA-LL-A7T0,3.2423444,1.7661175,0.44926712,0.605127,0.113033876,-0.41000924,-0.087876186,0.906472,0.3516507,-0.32965082,0.1682196,-0.016281055,-0.4688116,1.3287214,0.8953658,-0.064393066,0.5487655,-0.035117485,-0.089134276,1.6111523,-0.0025279347,0.09869714,-0.4795427,-0.04708201,0.8594581,-0.016622506,-0.023503227,0.38736957,-0.03948899,1.6233748,0.87316823,-0.33744842,-0.08593776,0.04344808,-0.08126069,0.3511162,2.2307432,1.1906743,-0.7929255,2.7857783,0.19695692,-0.18278457,0.50629216,0.58339465,-0.48849365,-0.179031,-0.13723984,-0.06145264,-0.37189946,0.25113025,0.15753914,0.97259074,-0.046166375,1.33854,-0.5368401,-0.42550173,-0.117496364,1.9103317,-0.021911822,-0.03171655,1.6573826,-0.25383523,-0.046823647,-0.55069417
TCGA-LL-A8F5,2.5186455,1.1557962,0.4204267,2.0903656,0.10197763,-0.25297937,-0.15010436,0.15627031,-0.0044771894,-0.19695102,-0.010294611,-0.0006310173,-0.34409487,1.7650913,0.53587043,-0.020203719,0.0758013,0.79039395,-0.034405533,0.5279337,-0.009224835,0.32645205,-0.31093726,-0.02673158,-0.014523476,-0.024081312,-0.030283203,0.37303308,-0.0042813956,1.2491263,0.8005792,-0.17488289,-0.044195108,0.83749837,-0.08820568,0.29218024,1.694725,0.83795905,-0.5567088,1.8180158,-0.00063642097,-0.06775653,0.2381036,0.16965415,-0.32064292,-0.13476492,-0.08135927,-0.026429325,-0.25367427,0.54906607,-0.007965757,1.2485169,-0.0037210712,0.75669295,-0.43083736,-0.30540547,-0.0689395,1.236554,-0.033307176,-0.031421397,1.565983,-0.17540479,0.07199494,-0.3579754
TCGA-LL-A9Q3,3.1698146,1.7982316,0.2733492,1.1677114,0.010299344,-0.34736472,-0.10961615,0.8969052,0.20937727,-0.29254517,-0.0011371626,-0.007416164,-0.44107467,1.4888675,0.53910273,-0.037055526,0.43197116,-0.0027288797,-0.084315695,1.4330057,-0.0536544,0.18777753,-0.45544514,-0.056708165,0.09604479,-0.008908083,-0.025876248,0.25173536,-0.0326291,1.595182,0.9196681,-0.25901675,-0.08050183,0.33271095,-0.061754413,0.398175,2.017047,1.0996697,-0.77613753,2.8077176,0.17008482,-0.1356483,0.40610293,0.65236384,-0.4325947,-0.17568344,-0.0962192,-0.0445792,-0.3810609,0.41563076,-0.0034593039,1.0610232,-0.021575661,1.1151954,-0.5092423,-0.3739991,-0.072689906,1.553711,-0.028093418,-0.058847286,1.8371469,-0.23366892,-0.0244344,-0.4873994
TCGA-LQ-A4E4,2.9396474,2.1191258,0.43934238,0.50745064,0.23026876,-0.42969728,-0.12119647,1.1094561,0.48556158,-0.3135376,0.4456826,-0.01810887,-0.47771654,1.6840216,0.9885704,-0.05912416,-0.010768125,-0.037777692,-0.078349285,1.5976282,-0.027169121,0.2264834,-0.43613407,-0.024912197,0.6567743,-0.033412013,-0.045680776,0.04162817,-0.025055105,1.8997457,0.679565,-0.34967253,-0.11099261,0.41825685,-0.08136887,0.27884713,2.2524707,1.1381657,-0.80638534,2.8917499,0.5979109,-0.1342726,0.50160086,-0.0006166473,-0.4656086,-0.17345975,-0.1451708,-0.05138585,-0.4103733,1.2533878,0.09431718,2.0690851,-0.067368954,1.4025191,-0.54974335,-0.3853529,-0.13430357,1.9712946,-0.022402382,-0.004752073,1.3995407,-0.31598344,-0.040439542,-0.5624051
TCGA-MS-A51U,2.226321,1.3281718,0.5276456,1.3028811,0.16841592,-0.2702228,-0.0721833,0.43447426,0.11869361,-0.2153478,-0.008905073,-0.030768922,-0.29536575,0.20461619,0.14882141,-0.006300705,0.7364385,0.075343154,-0.03879958,1.0098221,-0.033040196,0.015851147,-0.31175473,-0.019606534,0.23381333,-0.0143913375,-0.022290125,0.52579814,-0.0068820836,0.9762622,0.64647245,-0.17665255,-0.044312418,0.8955566,-0.04334836,0.9619636,1.4213636,0.86094236,-0.5176588,2.0912743,0.058571443,-0.106679596,0.12023044,0.5232243,-0.28287157,-0.11083893,-0.060410053,0.113111064,-0.23767169,0.2939315,-0.00080435857,0.09528993,0.023370052,0.933778,-0.3745929,-0.2586678,-0.041378293,1.2475684,-0.02423075,-0.01130826,1.7861607,-0.124126315,-0.010718596,-0.2773133
TCGA-OK-A5Q2,3.0158339,1.7125385,0.591263,1.1274005,0.2799375,-0.3377156,-0.11215073,0.69058526,0.24551195,-0.2930315,-3.3245797e-05,-0.03193574,-0.41286597,1.2846628,0.5077262,-0.05358354,0.50490665,0.062818535,-0.067445755,1.2916313,-0.028800342,0.14014009,-0.4187623,-0.023229614,0.23905213,-0.015261898,-0.02240043,0.29328537,-0.03655836,1.628303,1.0154649,-0.27319655,-0.07030467,0.64054596,-0.08263073,0.72170585,1.9489776,1.0869647,-0.7035383,2.4232807,0.004110964,-0.13901189,0.30890274,0.45152014,-0.423448,-0.14959928,-0.11051114,-0.027995525,-0.35185745,0.15143833,0.12626864,1.135568,-0.03377478,1.0568715,-0.5198743,-0.3710253,-0.08569916,1.6100336,-0.01818512,-0.038767334,1.6954179,-0.23237406,-0.04100624,-0.47359768
TCGA-OL-A5D6,3.1895773,1.6213351,0.63223416,1.4597417,0.19621305,-0.3503839,-0.13764736,0.42227992,0.43967792,-0.28242764,0.16983362,-0.005622972,-0.4110541,2.0264306,0.6306425,-0.04867693,-0.00081714056,0.101061866,-0.055148195,1.2196201,-0.0039655226,-0.0008698241,-0.40597257,-0.027123753,-0.0034176763,-0.021273619,-0.014824996,0.071443275,-0.042753972,1.5641515,0.7373694,-0.25432453,-0.07927464,0.3851876,-0.08793065,0.31384468,2.0570064,0.8608019,-0.72086155,2.3984232,-0.004700227,-0.10780542,0.40691626,0.27047497,-0.42690897,-0.17302404,-0.12013819,-0.036286395,-0.35589296,0.43218914,-0.0025534316,1.6366004,-0.053405207,0.8728285,-0.495154,-0.3673471,-0.10116102,1.5226685,-0.030246852,-0.054321367,1.3808942,-0.26870388,-0.028779088,-0.468384
TCGA-OL-A5D7,2.7230873,1.6413277,0.59697664,0.43291545,0.5831179,-0.3362814,-0.18654048,0.7931938,0.499675,-0.30513212,0.06302097,-0.014552337,-0.5037974,2.1864882,0.8387714,-0.07542331,0.14998111,0.8379092,-0.06320808,1.0976602,0.35400298,0.08404734,-0.4516251,-0.018160304,1.1215767,-0.008745247,-0.027298072,0.15612285,-0.017360948,1.4698031,0.84179765,-0.38599893,-0.058191266,0.75379413,-0.104502276,0.17798546,2.2741578,1.1513735,-0.763003,2.2751002,-0.04679103,-0.116896726,0.58205366,0.46340263,-0.41824523,-0.17025213,-0.16644327,-0.043480556,-0.41648602,-0.01007836,0.102214836,2.3754115,-0.097210184,0.83484435,-0.5555739,-0.39983425,-0.117287315,1.4858266,0.00016419496,-0.019104648,0.82722694,-0.31300637,-0.042063728,-0.60072577
TCGA-OL-A5D8,3.746066,2.11353,0.6614196,0.62893414,0.37390018,-0.4887424,-0.14691518,1.0175015,0.6108245,-0.3782727,0.42010894,-0.036546648,-0.577835,2.1855845,1.0607445,-0.09867447,0.24303806,0.017827956,-0.11613458,1.9104451,-0.018522678,0.31705564,-0.55888546,-0.04764395,0.9614357,-0.00888781,-0.03581666,0.02789564,-0.002996382,2.042547,0.957982,-0.44822773,-0.08020568,0.44795442,-0.09843651,0.1451675,2.7462084,1.7487099,-0.9751608,3.0316494,-0.028922627,-0.1857995,0.9180349,0.6358754,-0.570551,-0.2141453,-0.17453337,-0.062242445,-0.5126632,0.40345886,0.07973616,1.7306696,-0.06007848,1.1662236,-0.70271677,-0.4948258,-0.13374335,2.0170128,0.1634708,-0.019194022,1.9254699,-0.33816645,-0.043397617,-0.72091824
TCGA-OL-A5DA,2.6155815,1.532703,0.48070073,0.68152815,0.33563682,-0.31788144,-0.11376162,0.61712664,0.20183015,-0.2818049,0.016717795,-0.049961742,-0.35787562,0.6598142,0.36021513,-0.031122236,0.73243046,-0.005616127,-0.071679585,1.2855102,-0.012281346,0.34074408,-0.40050173,-0.0189175,0.38833138,0.05720194,-0.02632155,0.23775074,-0.031237954,1.0664848,0.77615947,-0.2388118,-0.062501,0.96405464,-0.049952414,0.65569156,1.6351825,1.3271368,-0.6257122,2.5675905,0.2915588,-0.12458046,0.10283156,0.73398757,-0.3902719,-0.15543038,-0.103113405,-0.0155165335,-0.29484475,0.12065387,0.13374855,0.56565195,-0.012493741,0.9160157,-0.47655144,-0.3206261,-0.052954864,1.4962103,-0.013199786,0.006846357,1.8254913,-0.164905,-0.016387627,-0.41229066
TCGA-OL-A5RU,2.4253566,1.3781344,0.4060779,1.2402736,0.29926056,-0.3025626,-0.108738385,0.4115682,0.10914267,-0.2384858,-0.0034217976,-0.042690333,-0.32203948,0.45356455,0.2874274,-0.024607828,0.7291363,0.2512781,-0.04047136,0.99109566,-0.025018618,0.05314013,-0.33692762,-0.013680346,0.26523745,-0.025444565,-0.02556788,0.42526877,-0.007035108,1.0293204,0.7873997,-0.18849984,-0.049352065,0.76609397,-0.056311578,0.88502,1.6002488,0.9157212,-0.57413304,2.2817402,-0.00035471524,-0.10215944,0.20588127,0.45557916,-0.31821567,-0.13437544,-0.08518787,-0.003147273,-0.25396857,0.35645863,-0.0028888618,0.5035429,-0.009442561,0.9696905,-0.41889197,-0.29357502,-0.043684628,1.2286937,-0.028724242,-0.005409572,1.8647671,-0.14516757,-0.024939984,-0.31663486
TCGA-OL-A5RV,2.3465736,1.3068638,0.37895563,1.2684978,0.2894443,-0.2766884,-0.086585425,0.42131716,0.058673073,-0.21401314,-0.0006394563,-0.042199507,-0.2850583,0.53356004,0.18433963,-0.025435386,0.7952915,-0.0047282637,-0.032321777,0.8681807,-0.030130668,0.10976273,-0.3319068,-0.013427657,-0.007296361,-0.019692903,-0.020307792,0.42416704,-0.013207175,1.0155965,0.80175626,-0.14801604,-0.038515683,0.97353405,-0.045145974,0.70498455,1.4199239,0.95910233,-0.53150433,2.1878421,0.10822251,-0.09844773,0.028613564,0.63129216,-0.3022464,-0.12376151,-0.05943426,0.044530507,-0.2397571,0.39750072,0.021627808,0.25722557,0.049776874,0.79271764,-0.38266486,-0.27440748,-0.04740986,1.2567438,-0.033392053,-0.011540356,1.8946257,-0.11361549,-0.019355817,-0.2823118
TCGA-OL-A5RW,2.419272,1.013554,0.39639708,2.004271,0.104487225,-0.19879913,-0.12498846,0.032953147,-0.020491662,-0.16317438,-0.04578091,-0.003297285,-0.29334012,1.7029701,0.22398989,-0.025906876,0.37297747,0.85758996,-0.036861252,0.32892638,-0.022009274,0.6387717,-0.30173472,-0.018635893,-0.012617494,-0.031041805,-0.046792146,0.53674364,-0.044442263,0.8100971,0.6421331,-0.12667875,-0.024743067,1.0818594,-0.077516474,-0.009618645,1.3642094,0.8536079,-0.50790805,1.8680028,-0.004336174,-0.04706868,-0.0038055505,0.50774205,-0.29347226,-0.14386219,-0.04112641,-0.013924442,-0.22153905,0.14335339,-0.03722092,0.574564,0.43712476,0.69701874,-0.4157264,-0.28653577,-0.03408627,1.2578318,-0.032777514,-0.033717334,1.5170407,-0.13441621,-0.013992873,-0.31272265
TCGA-OL-A5RX,2.5358407,1.5418428,0.45826152,1.0722611,0.2969442,-0.31122166,-0.11472966,0.4606772,0.040580977,-0.2490619,0.0051244106,-0.024036039,-0.35009372,0.80134284,0.31508565,-0.039366093,0.695026,-0.0033325783,-0.06947865,0.97554034,-0.021783432,0.006849914,-0.37895426,-0.019593263,0.21027136,-0.019260114,-0.027479086,0.32478955,-0.003670022,1.1624613,0.73402923,-0.1954538,-0.047465354,1.1225309,-0.06211258,0.6321909,1.63062,1.0501918,-0.6063981,2.3598375,0.027500788,-0.10603815,0.17207326,0.7344431,-0.34124056,-0.1361631,-0.09163015,-0.009795069,-0.2822976,0.22126375,-0.0032205016,0.41461065,0.061348528,0.95094293,-0.443176,-0.31134984,-0.05497231,1.5661075,-0.031640828,-0.026744489,2.0333114,-0.15021412,-0.024279399,-0.35468832
TCGA-OL-A5RY,2.3847733,1.3331783,0.48780113,1.4032639,0.1397071,-0.28578025,-0.1043539,0.35192144,-0.0008712086,-0.24658263,-0.01573411,-0.050687093,-0.33501387,0.524055,0.12284373,-0.02794893,0.8326856,0.24245861,-0.03208712,1.0930874,-0.019764923,0.076958925,-0.32068557,-0.021195425,0.18935762,-0.03307016,-0.01943184,0.4712338,-0.015076763,0.9760569,0.8515776,-0.17988949,-0.053542294,0.35974276,-0.0632396,1.0576818,1.6363002,0.84750247,-0.5659763,2.2126622,-0.0008372618,-0.08819601,0.15752774,0.21917991,-0.3192291,-0.11926266,-0.08594095,-0.0061086854,-0.2571887,-0.0034820077,0.13900408,0.6476614,-0.024372285,0.943064,-0.40237948,-0.29217252,-0.051463693,1.2403878,-0.023144038,-0.024276001,1.7837553,-0.15501629,-0.030897439,-0.2912507
TCGA-OL-A5RZ,1.8966837,1.2808392,0.37628043,0.30744603,0.0493399,-0.19028458,-0.08193683,0.66567636,0.35268158,-0.16263646,0.37304643,0.09005643,-0.2961156,1.6687497,0.49700907,-0.055170294,-0.019560805,-0.005785592,-0.028129637,0.6003024,0.06151591,0.33488443,-0.25750667,-0.03381277,0.09398295,0.18105409,-0.042055096,-0.014025931,-0.019229768,1.1942353,0.39043596,-0.17352797,-0.07382818,0.29299012,-0.07433107,0.029230332,1.1637045,0.5589441,-0.4569277,1.5230964,0.35613084,-0.06697982,0.18083207,0.19657823,-0.3112398,-0.12196368,-0.09077682,-0.049390867,-0.25794798,0.8188148,-0.0012293591,1.6945071,-0.04586793,0.6244902,-0.3432111,-0.20997477,-0.05753469,0.8075214,-0.006064696,-0.02617771,0.6530959,-0.1939358,-0.05399993,-0.3609879
TCGA-OL-A5S0,2.2460854,0.953426,0.3690768,1.9633646,-0.0068281936,-0.21194859,-0.14201632,0.092508346,-0.0107587045,-0.18669547,-0.034015696,2.4667941e-05,-0.29280227,1.3064407,0.189396,-0.032770984,0.30232581,1.2718709,-0.031570163,0.34922135,-0.0064972253,0.22975147,-0.29135987,-0.020207485,-0.022649046,-0.006380286,-0.012573804,0.49144292,-0.015095412,0.9645446,0.68799186,-0.13967828,-0.03649419,0.9484592,-0.08446836,0.16354886,1.5440712,0.9129317,-0.52713245,1.78012,-0.014596315,-0.060863346,0.01955754,0.28659105,-0.29604387,-0.13350649,-0.059266385,-0.011738389,-0.23647764,-0.013552258,-0.026229788,1.0334189,0.09185401,0.5872365,-0.4029393,-0.2727751,-0.050115824,1.0747001,-0.017975947,-0.020837927,1.5092756,-0.14321129,0.05443207,-0.32544866
TCGA-OL-A66H,2.0056777,1.1881965,0.35244825,0.8892835,0.18910952,-0.29527846,-0.06341385,0.41570082,0.16141471,-0.19689418,-0.004002664,-0.054453086,-0.28426585,-0.01271971,0.1954589,-0.01349946,0.96699184,0.08395594,-0.0422137,1.0893242,-0.04316656,0.10440145,-0.31096962,-0.040635627,0.3217801,-0.022541592,-0.028125796,0.18428603,0.07806899,0.96315515,0.574601,-0.19843791,-0.05611223,0.36517063,-0.026299385,1.1247194,1.4105309,0.8735901,-0.5248966,2.2823536,0.4253643,-0.09462931,0.24679542,0.32009894,-0.28322703,-0.1016279,-0.06943196,0.20394607,-0.2389398,1.0064269,-0.0022797126,0.060618564,-0.000112446214,0.90093577,-0.35239166,-0.23550968,-0.039565407,1.1525503,-0.02935869,-0.013517842,1.8542202,-0.117567025,-0.030806188,-0.2602952
TCGA-OL-A66I,3.0910318,1.5755025,0.357783,1.5929967,0.2987922,-0.3083048,-0.15110242,0.54187185,0.17445521,-0.27495298,-0.016909352,-0.013779287,-0.4323991,1.6407005,0.61936873,-0.06615274,0.47770104,0.521286,-0.046596084,0.9429081,-0.0025045087,0.28000244,-0.41469246,-0.04355667,0.26609802,-0.016074875,-0.03680429,0.33980596,-0.026657576,1.3955523,1.0108771,-0.25688776,-0.0699534,0.35233375,-0.08465232,0.47174317,2.2098334,0.9472823,-0.7343764,2.5747514,-0.021854596,-0.10564269,0.29907012,0.47783226,-0.4182442,-0.1790484,-0.1202202,-0.022951707,-0.34255755,-0.016701706,0.0028586704,1.6090807,-0.026068375,1.0212609,-0.5152858,-0.386237,-0.06776207,1.5017997,-0.034672696,-0.039691195,1.5636556,-0.22475114,-0.03608071,-0.49362168
TCGA-OL-A66J,2.4578173,1.6563357,0.43470863,0.78234404,0.14174199,-0.36481294,-0.05489422,0.86455643,0.20900209,-0.25226304,0.28384247,-0.033714224,-0.4296135,0.5365063,0.6414318,-0.010917969,0.6020768,-0.011798516,-0.032984775,1.2227949,0.01128269,-0.010878605,-0.3788291,-0.041001704,0.9938787,-0.031252768,-0.03467108,0.06386775,-0.022277843,1.2941006,0.7230225,-0.26995143,-0.10169504,0.04155335,-0.058506694,0.75878245,1.4806424,1.1350833,-0.6241941,2.4050922,0.012273537,-0.1294714,0.6216486,-0.027316673,-0.3733537,-0.15104061,-0.13911778,-0.017001903,-0.3178379,1.511498,0.14418764,1.1511213,-0.079132944,1.2095089,-0.45678407,-0.29229042,-0.09570932,1.1226435,-0.026392942,0.29161185,1.4479864,-0.18074308,-0.059432127,-0.42596364
TCGA-OL-A66K,2.9795742,1.7619636,0.5273511,0.559292,0.35565397,-0.37341675,-0.13453852,0.8671558,0.3807238,-0.29471132,0.53027594,-0.0072939405,-0.47363248,2.0061605,0.8187655,-0.057984114,0.19892171,0.07968801,-0.090755306,1.2868251,-0.019634543,0.109252766,-0.45121762,-0.014799478,0.6564205,0.07874833,-0.053540677,0.002234701,-0.027873576,1.7930982,0.6289476,-0.32559425,-0.07117549,1.0880265,-0.09528956,0.107390106,2.2253041,1.1905847,-0.76674145,2.5021467,-0.011990527,-0.13843523,0.886415,0.56234974,-0.45226598,-0.14776409,-0.1389152,-0.05497765,-0.37167448,0.26268175,0.28540555,1.7629005,-0.036080383,0.7519406,-0.5396385,-0.3673867,-0.10207255,1.6769235,-0.0045248293,-0.01419152,1.3123883,-0.26935348,-0.021642998,-0.57268906
TCGA-OL-A66L,3.1135473,1.9649011,0.62981135,0.65164244,0.46770185,-0.40866336,-0.124064915,1.0837651,0.49849626,-0.3275976,0.3329287,-0.028493432,-0.48522052,1.0892107,0.7357678,-0.064011514,0.48678306,0.07446559,-0.06686818,1.3488002,-0.006443468,0.27378356,-0.46134242,-0.024064869,0.7811476,-0.033140384,-0.021083927,0.09010382,-0.017774714,1.7385987,1.087878,-0.36828652,-0.097049356,0.93763673,-0.07311837,0.6772451,2.2335343,1.4326891,-0.809689,2.8668659,0.15570019,-0.1727895,0.5511623,0.45643663,-0.44185954,-0.1610881,-0.14041902,-0.050205093,-0.3920119,0.41903108,0.037127607,1.111142,-0.05963719,1.2867185,-0.58305085,-0.4071022,-0.11148186,1.8360316,-0.0014171986,-0.006842594,1.8368678,-0.26753938,-0.040020715,-0.5610537
TCGA-OL-A66N,2.6619198,1.6620897,0.5153931,0.74329346,0.33234903,-0.30343062,-0.12722188,0.84631395,0.2104032,-0.2815181,0.14398547,-0.037710145,-0.39848003,1.2037939,0.6668983,-0.060898222,0.5179113,-0.03452391,-0.08500103,1.4060034,-0.039465446,0.22770168,-0.4112613,-0.023956204,0.5161099,-0.00900244,-0.018835759,0.26523426,-0.030309116,1.4895794,0.83240664,-0.27130124,-0.064596534,0.67852294,-0.06812545,0.5051151,1.8150238,1.2342227,-0.6758253,2.3634372,0.27539507,-0.13539764,0.46928388,0.67698485,-0.40186477,-0.14077283,-0.09917036,-0.046002004,-0.33629158,0.19609939,0.23920868,0.8535432,-0.029134348,0.99560946,-0.47716847,-0.33759797,-0.06313309,1.3568612,-0.01171333,-0.026179194,1.6742043,-0.20489004,-0.02480922,-0.47002348
TCGA-OL-A66O,3.020016,2.1771588,0.59706885,0.68386835,0.08316223,-0.44900915,-0.102532625,1.0870308,0.54424244,-0.30474746,0.2736003,-0.01856274,-0.5410376,1.0373272,0.791971,-0.059556913,0.770894,-0.016886583,-0.07404337,1.619358,-0.0072689923,0.022899356,-0.5098835,-0.05241704,1.2402872,-0.03248119,-0.03727428,-0.006626123,-0.0151761845,1.5944828,1.0288279,-0.39908266,-0.11721151,-0.0070269215,-0.08573259,0.6533566,2.3600254,1.4960403,-0.87383014,2.987891,0.12449777,-0.1753733,0.6478465,0.06955073,-0.49443403,-0.19346301,-0.15636066,-0.026229236,-0.40163967,1.3598232,0.072011374,1.3876371,-0.08916979,1.5800737,-0.61252356,-0.39243853,-0.13771562,1.8434311,-0.022861933,0.037389535,1.8499155,-0.27382,-0.030023787,-0.5848036
TCGA-OL-A66P,2.5902956,1.3614683,0.4983652,1.4474734,0.123938784,-0.32584605,-0.103705525,0.45253873,0.12299282,-0.24021052,-0.0009434274,-0.04215223,-0.36288878,0.97074,0.37349707,-0.033907264,0.54751754,0.19305877,-0.0365664,1.0776335,-0.009022883,0.038470425,-0.32724544,-0.024283601,0.34802788,-0.024490848,-0.018498616,0.23986118,-0.022394622,1.0378848,0.83763623,-0.21840583,-0.083386265,0.17071065,-0.06448119,0.8078724,1.6820958,0.70968175,-0.6286766,2.2525935,0.085721195,-0.0936081,0.3670982,0.082121596,-0.3580463,-0.1349626,-0.09929433,0.1820483,-0.2868888,0.6453788,0.27678752,1.1911356,-0.04442222,0.89570886,-0.42827812,-0.2854609,-0.07430977,1.26223,-0.030978227,-0.046172112,1.5551693,-0.17169341,-0.040646896,-0.36111748
TCGA-OL-A6VO,2.4901018,0.901086,0.15685864,1.9193941,0.1495138,-0.22129975,-0.17719705,0.0026945658,0.012589437,-0.18564552,-0.018007081,-0.010126885,-0.29561207,2.0603914,0.61303955,-0.043202568,0.06665118,1.3574969,-0.032445684,0.28928787,0.1399628,0.5259049,-0.3231176,-0.034338597,-0.011518823,-0.0048326883,-0.017026292,0.5988161,-0.024929576,1.0730151,0.65260744,-0.16240644,-0.029229993,1.1689225,-0.08531635,-0.0051399344,1.4868134,0.6926328,-0.5701903,1.8200722,-0.033182032,-0.040532127,0.20767888,0.54265594,-0.33682933,-0.16813792,-0.06451898,-0.0067622648,-0.25896418,-0.0036588062,-0.016592888,1.3815773,0.22956114,0.6351423,-0.42124692,-0.32789457,-0.058805596,1.2041882,-0.00857073,-0.024014447,1.3288207,-0.13627695,-0.022304416,-0.38280421
TCGA-OL-A6VQ,2.2160122,1.4793683,0.38153395,0.9310597,0.18976068,-0.28893456,-0.08764516,0.6177543,0.21551703,-0.24461582,0.12025624,-0.042384945,-0.31058106,0.26053506,0.16170166,-0.028428761,0.7143841,-0.0013608615,-0.051165987,1.0724884,-0.029317517,0.2134894,-0.3286637,-0.02261185,0.4346824,-0.027433628,-0.0076163034,0.42072114,-0.0039144396,1.001251,0.65316325,-0.19585767,-0.053706408,0.59773844,-0.04886004,0.90124446,1.4921458,1.1671623,-0.545987,2.2148235,0.043416426,-0.11185713,0.1734821,0.34561634,-0.3080897,-0.11140203,-0.06897582,0.14252235,-0.25971958,0.5585495,0.024172084,0.20887561,-0.024492512,0.987968,-0.40388224,-0.27798086,-0.047497373,1.2312353,-0.014176111,-0.0051981797,1.6058178,-0.12635529,-0.0008314242,-0.3266983
TCGA-OL-A6VR,2.291231,1.2276788,0.38312688,1.1542554,-0.000121946265,-0.29110703,-0.089278065,0.352201,-0.0031581633,-0.19806129,-0.010310824,-0.048556957,-0.29181942,0.050399814,0.21499908,-0.03894925,0.8942892,-0.010751215,-0.0791188,1.094046,-0.040726665,0.16478711,-0.29335365,-0.022637103,0.3145873,-0.018294217,-0.016959777,0.34319997,-0.0047519878,0.9831989,0.6680265,-0.19293292,-0.07340934,0.6513251,-0.048775963,0.93384796,1.4825091,0.94168633,-0.53029865,2.3011856,0.393088,-0.107683174,0.1566223,0.4285708,-0.29783294,-0.1589892,-0.066327214,0.15457697,-0.24943602,0.98628974,-0.006217956,0.15044649,-0.035613474,0.841179,-0.38624465,-0.25760493,-0.065860264,1.191347,-0.018881911,-0.001527736,1.6124625,-0.114896834,-0.021865338,-0.29097176
TCGA-OL-A97C,2.0704412,1.1002016,0.2552489,1.3482577,0.057069514,-0.21416882,-0.105652474,0.37476403,0.054681674,-0.19123682,-0.02434495,0.004610694,-0.28780892,0.6674293,0.26738936,-0.03434032,0.6498369,0.3269463,-0.04595356,0.61549205,-0.024216162,0.38851237,-0.28023776,-0.021913497,-0.01432202,-0.022902675,-0.031350475,0.3912456,-0.0030887497,0.6336674,0.74009705,-0.15592156,-0.06266128,1.006091,-0.037973024,0.38813934,1.2697634,0.8677833,-0.44985363,1.7309797,0.31388897,-0.07196271,0.11225265,0.34666258,-0.27750447,-0.12843764,-0.058408577,0.16365482,-0.19432037,0.29695892,-0.008032407,0.46495265,-0.004602626,0.7486223,-0.37367436,-0.23889636,-0.025545979,0.9960283,-0.004850672,-0.01636046,1.6561424,-0.13884418,-0.037727818,-0.29483458
TCGA-PE-A5DC,2.3634517,1.738846,0.61574006,-0.046512626,0.2844973,-0.35037175,-0.13941398,1.0105574,0.41728854,-0.29471573,0.7314028,-0.017841194,-0.45414025,1.7576383,0.6558204,-0.059447754,0.28117567,0.10323778,-0.08586361,1.4995288,0.14472269,0.028596774,-0.4103658,-0.020082602,1.2877237,-0.0053892983,-0.044668507,-0.011768445,-0.03217206,1.6075659,0.6173939,-0.35943848,-0.071809344,0.42085037,-0.06667434,0.604884,1.8895309,1.252673,-0.6690343,2.066376,-0.011714709,-0.13714962,0.6393506,-0.02243965,-0.3964119,-0.08721714,-0.15199621,-0.06531865,-0.38518593,0.72974616,0.15907948,2.230135,-0.08621962,0.92229694,-0.48079854,-0.31310964,-0.11458538,1.5633466,0.06223134,-0.008806573,1.1906965,-0.25336236,-0.028819863,-0.55457526
TCGA-PE-A5DD,3.2972422,2.3575802,0.620942,0.39125988,0.45547944,-0.5023045,-0.15556984,1.242972,0.76337576,-0.3742096,0.34110552,-0.014170773,-0.601055,2.1404176,1.4756582,-0.07197561,0.1929948,-0.011804697,-0.08621291,1.7169912,0.08045766,0.22636755,-0.5089175,-0.025722062,1.2707448,-0.021063237,-0.017405137,-0.010969763,-0.023305237,2.2982385,1.0716724,-0.4571863,-0.10157607,0.5941475,-0.10883065,0.4546778,2.6497762,1.6095988,-0.9631049,2.9157624,0.0756181,-0.1736051,0.9707187,0.16261403,-0.53659934,-0.18550856,-0.19689755,-0.07441557,-0.4822878,0.7733313,0.21272588,2.2875679,-0.102777295,1.2586981,-0.6700807,-0.47921315,-0.14125715,1.9976711,-0.008656568,-0.01496422,1.5256823,-0.36239213,-0.03836585,-0.73958695
TCGA-PE-A5DE,2.2242396,1.6183517,0.5796297,0.8997512,0.086262286,-0.34149376,-0.09656864,0.5869377,0.2082999,-0.25364408,0.15083444,-0.050952014,-0.35796204,0.093068406,0.24602002,-0.030694405,0.9739779,0.11837612,-0.05275735,1.0178543,-0.027871815,-0.00023701797,-0.33188546,-0.010170818,0.6356685,-0.03060763,-0.017249255,0.35858518,-0.0055003874,1.1087737,0.8064002,-0.22120304,-0.065490074,0.44381985,-0.04960526,1.1596291,1.5299606,1.2488353,-0.58413136,2.1706235,0.14988473,-0.09970438,0.25404426,-0.0034100239,-0.3075934,-0.10245959,-0.112974346,0.07408504,-0.2686155,0.7503872,0.059236757,0.72203916,-0.032797024,1.0945016,-0.42716572,-0.27494127,-0.06595949,1.1695158,-0.009936091,0.25600842,1.8000598,-0.14964463,-0.0111672385,-0.3367043
TCGA-PL-A8LZ,2.1771405,1.148575,0.5352786,1.0951632,0.06286307,-0.23986201,-0.11204612,0.21853173,-0.014138448,-0.21396177,-0.016807145,-0.028480727,-0.2929737,0.5948845,0.18404374,-0.022990745,0.59776086,0.77662504,-0.036064383,0.7528513,-0.014538194,0.1789898,-0.29472524,-0.026138717,0.41842207,-0.025092421,-0.009293044,0.34972575,-0.009713425,0.8409086,0.6450928,-0.19038786,-0.031655088,0.8228725,-0.08450907,0.91877407,1.3971431,1.0589994,-0.48568317,1.6261113,-0.019640904,-0.06359016,0.2955502,0.11480124,-0.27977687,-0.08844188,-0.082347885,0.0959872,-0.2405145,-0.005660892,0.1168746,1.0582505,-0.029912828,0.6657347,-0.36985442,-0.22917926,-0.052789506,1.01959,-0.0028241146,-0.0013763342,1.2960889,-0.1385457,-0.028325995,-0.29557148
TCGA-S3-A6ZF,2.4041245,1.7328445,0.5530241,0.24525425,0.33564672,-0.2897981,-0.11918886,0.7728713,0.38345876,-0.25035962,0.5401776,-0.0062442045,-0.37378764,1.644287,0.79591554,-0.050349362,0.06055938,-0.007725975,-0.07268729,1.0370898,-0.0020169874,0.19710469,-0.3871203,-0.03362356,0.28411826,0.022739697,-0.036108103,0.10619882,-0.0443601,1.4228108,0.71082693,-0.28972057,-0.07871474,0.48639494,-0.050060403,-0.010451422,1.7876271,0.94490165,-0.6004756,2.15365,0.22262046,-0.10868652,0.4956928,0.33914262,-0.37918454,-0.13713688,-0.12862766,-0.057635505,-0.3181239,0.39711258,0.07310231,1.6076108,-0.034417678,0.8322045,-0.4447608,-0.32378367,-0.08914359,1.3575677,0.124823995,-0.009292277,1.1371858,-0.2545862,-0.042848118,-0.44300005
TCGA-S3-A6ZG,3.0550685,2.0447705,0.66340417,0.12694752,0.42692935,-0.45331684,-0.16604204,1.041397,0.6580068,-0.37462288,0.07111721,-0.013405218,-0.5304629,1.5492712,1.2018733,-0.07918048,0.59412843,-0.00024419447,-0.06192069,1.5874357,-0.011217162,0.19037056,-0.5066413,-0.025996337,1.4103271,-0.041533537,-0.042488784,0.22377561,-0.01853418,1.8012547,1.0895019,-0.406674,-0.08589172,0.6223054,-0.106260754,0.5014387,2.4112802,1.386821,-0.86412936,2.9334905,0.06817295,-0.18120542,0.78988385,0.4318297,-0.49093828,-0.1655564,-0.13684458,-0.042768165,-0.41921997,0.44674584,-0.009279701,1.4727998,-0.05061989,1.3544832,-0.6139937,-0.4385558,-0.11719232,1.8202078,0.13521262,-0.017345717,1.641525,-0.30976588,-0.044581067,-0.65825814
TCGA-S3-A6ZH,2.0167322,1.2274256,0.31086865,-0.004708335,0.23074286,-0.2756857,-0.09011888,0.6828333,0.26846218,-0.24889122,0.54959,-0.01631151,-0.28238872,0.7966539,0.64800847,-0.024907574,0.34453022,-0.013483549,-0.050246943,1.06521,-0.016767498,0.17162749,-0.32060483,-0.023851259,0.708845,0.10583045,-0.029589517,0.22712825,-0.0026618794,0.99312556,0.55613357,-0.23700558,-0.0582619,0.8042227,-0.047832426,0.42985088,1.4413981,0.9193161,-0.45605144,1.7571398,0.11658518,-0.10349839,0.35441133,0.3925935,-0.31133947,-0.063019164,-0.10578592,-0.041806713,-0.25553283,0.55308026,-0.00676562,0.9240027,-0.027155086,0.8751982,-0.34475377,-0.22089975,-0.067427926,0.9717029,0.0656784,0.05027435,1.1796153,-0.14504284,-0.025753973,-0.3699561
TCGA-S3-AA0Z,2.700005,1.2313434,0.295505,2.2409198,-0.0071552843,-0.2688553,-0.16897164,0.18214282,0.071616985,-0.19750027,-0.055554744,0.018501692,-0.3670537,2.068825,0.7466696,-0.04779751,-0.005359326,0.6466703,-0.04731449,0.2646489,-0.0017760221,0.38771775,-0.3374577,0.05666528,-0.06821015,-0.030340293,-0.034284193,0.5579806,-0.003956488,1.3063422,0.6267545,-0.18476978,-0.038216613,0.97222686,-0.080501676,-0.030564899,1.6896255,0.97325444,-0.5927378,2.0844383,-0.02477902,-0.058486897,0.2528685,0.32269573,-0.34569722,-0.20860918,-0.07013318,-0.003930943,-0.27232364,0.3770211,-0.05652812,1.3321693,0.007367337,0.6083576,-0.46842012,-0.34375983,-0.04462823,1.4937859,-0.04278187,-0.0076911035,1.4016373,-0.18877213,-0.024520028,-0.40341416
TCGA-S3-AA10,2.2103174,1.157034,0.38471314,1.0626457,0.01370953,-0.21799591,-0.14505164,0.2126196,-0.004132557,-0.20534804,-0.015279479,-0.027374256,-0.29385674,1.1598904,0.61949563,-0.030068988,0.31349054,0.8287507,-0.036545638,0.5896592,-0.0022545245,0.2487523,-0.31201085,-0.032647964,0.18544948,-0.0063690296,-0.027954293,0.3123237,-0.020366592,0.8949702,0.47044033,-0.18948658,-0.034232568,0.709861,-0.070679866,0.282887,1.4655097,0.86826223,-0.4953053,1.7799056,-0.009017396,-0.061937302,0.17808622,0.28283995,-0.2975793,-0.11620244,-0.07942526,-0.004591338,-0.24243057,0.11181228,0.053203627,1.083395,0.06958517,0.5560059,-0.38715658,-0.2574552,-0.041832667,1.0377165,-0.017145174,-0.012860355,1.3129739,-0.15854633,-0.0374082,-0.34327763
TCGA-S3-AA11,3.1591315,2.1172328,0.6026594,1.6302155,0.32852829,-0.41953945,-0.106054716,0.842827,0.416873,-0.28248867,-0.023785932,-0.036234666,-0.48299652,1.2688065,0.76603,-0.052247763,0.4422579,-0.017082727,-0.06398465,1.2247574,-0.025368689,0.03544406,-0.45697823,-0.04704009,0.16218753,-0.025633803,-0.028087586,0.2540318,-0.02285449,1.8823999,0.9032478,-0.31573436,-0.10401509,0.30788872,-0.06295436,0.7837192,2.3167608,1.2563589,-0.80219287,2.987678,0.4481367,-0.15746905,0.48954886,0.3386315,-0.4556643,-0.1757822,-0.11170482,-0.02180071,-0.38511464,1.746817,-0.00032218825,1.204012,-0.07054761,1.4054081,-0.5636496,-0.40411735,-0.10092341,1.6020892,-0.048536327,-0.009910444,1.8530302,-0.2592187,-0.037549578,-0.5275089
TCGA-S3-AA12,1.9608592,1.387359,0.11124954,0.29985106,-0.017457113,-0.32534438,-0.03542946,0.7138591,0.107014045,-0.19814569,0.5186838,0.09589252,-0.36922833,0.36624753,0.79619116,0.0024466787,0.28988802,-0.05664094,-0.034837577,1.1019747,0.03343526,-0.036712077,-0.332692,-0.05465736,1.0120618,-0.006221661,-0.04902239,-0.0127223125,-0.017984552,1.105457,0.7508742,-0.27960643,-0.10845786,-0.022328762,-0.0679514,0.7242821,1.4427639,0.97554886,-0.5440514,2.2160559,0.21002418,-0.12813632,0.7295057,-0.017792836,-0.34191006,-0.09982452,-0.08616136,-0.009809755,-0.25269353,2.0289223,0.034822747,1.1037691,-0.08246761,0.9136533,-0.38658085,-0.22590616,-0.07136942,1.0162997,-0.039481048,0.39226565,1.0857753,-0.11306702,-0.041582983,-0.35049793
TCGA-S3-AA14,2.195047,1.4067757,0.3534691,1.0856051,0.111895934,-0.28741074,-0.11421887,0.39050552,0.046291184,-0.23415606,0.06561235,-0.037427053,-0.31759986,0.30757436,0.3777961,-0.023392877,0.88106495,-0.0006789157,-0.042245522,1.0441104,-0.0492605,0.20685197,-0.3297118,-0.019542007,0.17721443,-0.011495615,-0.01762268,0.24191113,0.1488528,1.1380891,0.6055683,-0.17456342,-0.0554371,0.67932826,-0.05999217,0.8294335,1.5887017,0.9876456,-0.5372177,2.362019,0.09584163,-0.10581445,0.16627471,0.4408648,-0.30649635,-0.1084999,-0.06266206,0.11010963,-0.25354075,0.86954063,0.0028063934,0.21094173,-0.0036881447,0.90467125,-0.4080456,-0.28241843,-0.04585155,1.1162522,-0.021194978,0.023149949,1.6738983,-0.106433414,-0.014210263,-0.33729157
TCGA-S3-AA15,2.0626488,1.1485674,0.40618387,1.1572572,0.039115828,-0.25515667,-0.089399286,0.32580256,-0.0073225196,-0.21492441,-0.014542927,-0.040210996,-0.29442638,0.23909053,0.13189086,-0.014454219,0.80658615,0.41275552,-0.033028696,0.9097997,-0.030553708,0.044430267,-0.2787352,-0.018225977,0.43166998,-0.029444141,-0.013492501,0.46614802,-0.0076967813,0.8666357,0.7342033,-0.16248599,-0.048797436,0.3988023,-0.051932782,1.0500726,1.4010744,0.8287678,-0.49512345,1.8804417,-0.012661882,-0.07183486,0.17090787,0.09757413,-0.26878294,-0.08879461,-0.07426236,0.12780525,-0.21071613,-0.00066198595,0.100340925,0.47559714,-0.012940939,0.7656419,-0.34444106,-0.22973104,-0.02992968,0.9705405,-0.014408901,-0.009209451,1.549113,-0.12513457,-0.019203326,-0.27117166
TCGA-S3-AA17,3.0717978,1.9798645,0.7276712,0.7809214,0.42173088,-0.40782005,-0.12465116,0.79459256,0.4352282,-0.34189758,0.0101405345,-0.04668505,-0.46693474,1.241018,0.87928957,-0.059166938,0.7549283,0.021345459,-0.06855611,1.528272,0.049073678,0.3835107,-0.46148354,-0.022816658,0.79369634,-0.026455197,-0.021002797,0.37238163,-0.0042373314,1.5748662,1.0731419,-0.33573547,-0.0774942,0.26085347,-0.0968306,0.7661331,2.2829244,1.351488,-0.805668,2.837284,-0.02166777,-0.1348373,0.56616366,0.5305432,-0.4851996,-0.16185328,-0.14702325,-0.033716574,-0.40035635,0.086210236,0.26872137,1.3276877,-0.051754322,1.1617893,-0.56935936,-0.41335747,-0.11598843,1.6760572,-0.03094532,-0.040184792,1.86111,-0.26165375,-0.055207986,-0.5595279
TCGA-UL-AAZ6,3.040574,2.0118039,0.4121823,0.24524954,0.22586034,-0.39988908,-0.09906865,1.0401386,0.44420138,-0.30911136,0.062723406,-0.0077433474,-0.48383817,1.821315,1.1497791,-0.07305532,-0.013169852,-0.05637429,-0.050428074,1.582147,-0.023645272,0.069557205,-0.5091523,-0.042180207,0.4127032,0.06153904,-0.027267465,-0.0040882896,-0.04001535,1.9351732,1.1021541,-0.3786858,-0.094143055,-0.025238816,-0.061306067,0.031177161,2.4517438,1.1774042,-0.8081846,2.8032353,0.5401693,-0.1674559,0.48259908,0.27705312,-0.48229074,-0.15642329,-0.18379429,-0.0756113,-0.43601885,1.51068,0.13343103,1.765467,-0.092231296,1.6493565,-0.5832883,-0.4351676,-0.1195802,1.6455264,-0.014610811,-0.022213055,1.4836179,-0.28542587,-0.07596613,-0.6293086
TCGA-UU-A93S,2.6341455,1.7710723,0.57317114,0.5055705,0.30766225,-0.35496005,-0.111871056,0.8560957,0.4612344,-0.25638354,0.44194496,0.2819682,-0.46872854,2.1940935,0.7127585,-0.05895382,-0.03466373,0.07301865,-0.05232319,1.1548756,0.1076698,-0.002790235,-0.36798975,-0.008313124,0.7045039,0.09800263,-0.0099643795,-0.021068973,-0.04009403,1.6703104,0.6087949,-0.33209968,-0.09131717,0.28531444,-0.10227736,0.3786653,1.680042,1.0234494,-0.69531745,1.8618426,-0.030294335,-0.113761775,0.58830243,-0.020101523,-0.4132583,-0.12962534,-0.1753736,-0.06793624,-0.38224754,1.0413632,0.22765358,2.6856775,-0.113190286,1.0003551,-0.48549986,-0.3161373,-0.13234754,1.5742092,-0.020497588,-0.020236354,0.47855526,-0.2843854,-0.042419057,-0.5328672
TCGA-V7-A7HQ,1.6392177,1.0901998,0.21807837,0.6631834,0.06861736,-0.25557467,-0.06918459,0.2537493,0.20744576,-0.15993226,0.088410206,-0.03870681,-0.23482089,0.124701336,0.33248484,-0.034634825,0.64360267,-0.028550202,-0.05042311,1.0540063,-0.009603805,0.018982619,-0.27159712,-0.022869026,0.03649255,-0.01397658,-0.018734327,0.09127276,-0.0101490505,0.8182142,0.4875828,-0.14238684,-0.049674194,0.4568497,-0.027362382,0.57686025,1.249876,0.8131257,-0.43667603,1.6852465,0.3629876,-0.069334514,0.02093323,0.27438694,-0.25889918,-0.10386411,-0.048424266,0.06533843,-0.21871684,1.1311834,0.010000667,0.33586952,-0.00071790087,0.8007156,-0.31142032,-0.21678269,-0.04516273,0.84867775,-0.021998001,0.15184166,1.1894336,-0.08529072,-0.022013495,-0.23254354
TCGA-W8-A86G,2.4714565,1.5303473,0.4600558,1.1628661,0.4298268,-0.29914707,-0.103089646,0.55134594,0.0933166,-0.24811576,-0.00923762,-0.023763886,-0.33871222,0.6439167,0.16220956,-0.021700138,0.8004783,-0.0026629732,-0.06434607,0.9776154,-0.04448634,0.17763633,-0.36882803,-0.026304591,0.11383699,-0.029880598,-0.015147884,0.38024157,-0.012092051,1.1337053,0.63387036,-0.18918948,-0.06714203,1.1343036,-0.053919323,0.885729,1.5343657,1.2035582,-0.5684251,2.3211102,0.23522644,-0.11042868,0.011229288,0.4749989,-0.34673437,-0.14843641,-0.07587429,0.025734391,-0.26042458,0.61379063,0.037458085,0.22005154,-0.0019624939,0.9644141,-0.446635,-0.31561384,-0.036978677,1.3965025,-0.023675617,-0.0024882797,1.7822279,-0.13725334,-0.020842953,-0.3363617
TCGA-WT-AB41,2.8489163,1.7137362,0.5274868,0.8289878,0.2210239,-0.34213635,-0.10848601,0.6884484,0.24619591,-0.30946144,-0.021300955,-0.04210602,-0.39577904,0.90177387,0.6567179,-0.043691713,0.8079898,-0.016463635,-0.056748893,1.3637928,-0.023974871,0.29311493,-0.41300103,-0.009694782,0.3893122,-0.022538116,-0.0098365685,0.4203958,-0.0039178687,1.2430896,0.8990092,-0.2830792,-0.06623593,0.21383838,-0.051211447,0.77060694,2.0732207,0.9565038,-0.67340785,2.5409994,0.022862913,-0.13693194,0.37554282,0.61572737,-0.40169525,-0.14007954,-0.08297739,-0.020271707,-0.32863984,0.21519552,0.022371497,0.86669356,-0.037688766,0.9861695,-0.4882292,-0.35815522,-0.048335157,1.4792054,-0.004500731,-0.028550034,1.694119,-0.20504358,-0.026764438,-0.4527916
TCGA-WT-AB44,2.8998678,1.6607887,0.63077945,0.8517676,0.49921244,-0.36024895,-0.14973465,0.6456395,0.49024525,-0.30639574,0.10341361,-0.006350256,-0.40958294,1.2520512,0.61222136,-0.036574926,0.4846209,0.24400349,-0.06954712,1.0611008,-0.011497416,0.0040517626,-0.42550442,-0.007496611,0.34299698,-0.0163322,-0.018711574,0.10514875,-0.020745257,1.6670624,0.7266213,-0.29396656,-0.057126738,1.5794721,-0.080520995,0.52155685,1.74329,1.3855311,-0.7007896,2.462819,-0.031783987,-0.1297289,0.37129274,0.8351727,-0.3983491,-0.1877843,-0.08661366,-0.019945182,-0.33389673,0.2809203,-0.018663473,1.2097825,-0.016963845,0.83454627,-0.5298154,-0.39623842,-0.0587231,1.4322152,-0.005891101,-0.029132554,1.6258848,-0.19541432,-0.02815148,-0.47832927
TCGA-XX-A899,2.6545038,1.593758,0.5220682,0.97330934,0.16294758,-0.3206541,-0.115789436,0.6279154,0.15690467,-0.27929395,0.17777418,-0.04007428,-0.37152556,0.81810194,0.35255304,-0.04271058,0.6599552,0.003895482,-0.051015448,1.2663051,-0.03620732,0.2174094,-0.39723465,-0.03729455,0.35082543,-0.010208858,-0.022088965,0.20114072,-0.016412517,1.3602586,0.7668461,-0.23769394,-0.072424866,0.646327,-0.072959356,0.8839676,1.8277438,1.110581,-0.6538364,2.445714,0.10304328,-0.11383597,0.33327597,0.53169245,-0.38334456,-0.14039575,-0.08833877,-0.022513783,-0.3132372,0.0956946,0.06730076,0.6946829,-0.02845004,0.90821993,-0.45504007,-0.32967257,-0.064364195,1.4152304,-0.018766133,-0.0016414825,1.6639382,-0.19116734,-0.019946074,-0.3926045
TCGA-XX-A89A,1.8823744,1.1739212,0.5319898,1.1541628,0.15515862,-0.24554801,-0.08093653,0.3750336,0.121794365,-0.1821283,0.12773845,-0.037086144,-0.25778165,0.65202266,0.2315117,-0.02033453,0.47325775,0.22117884,-0.054265775,0.68975353,-0.03385492,0.066645704,-0.25105006,-0.027200827,0.04417265,-0.029030416,-0.03527498,0.15400544,-0.01120565,0.9377111,0.41072237,-0.15417151,-0.056799766,0.18057846,-0.05778199,0.60609764,1.4306171,0.47613844,-0.46133605,1.636276,0.21709687,-0.069649,0.15817684,-0.007642098,-0.25020343,-0.100855224,-0.087639265,-0.0075519024,-0.20072055,0.72908145,0.16326183,0.8097102,-0.039004516,0.7421582,-0.32579306,-0.20301352,-0.06205317,0.84339875,-0.02843461,-0.009552917,1.1149225,-0.16226584,-0.034789357,-0.24746446
TCGA-Z7-A8R5,2.3280525,1.3875833,0.4490413,1.1267978,0.21296562,-0.2912759,-0.09647892,0.42963096,0.12383055,-0.24257584,0.02148228,-0.040877163,-0.33729824,0.63607985,0.33023787,-0.037660044,0.7050919,-0.0033257925,-0.038362555,1.0868176,-0.03194509,0.21292278,-0.35588238,-0.026540643,0.31482494,-0.028449586,-0.01239111,0.41430977,-0.017007153,1.1145378,0.699046,-0.19401336,-0.052759536,0.6286419,-0.057829548,0.7588209,1.6482981,1.0214372,-0.5888624,2.236652,0.13830854,-0.10615554,0.2413184,0.52122825,-0.32426205,-0.12464674,-0.07800117,-0.0071329474,-0.27667972,0.21734288,0.06963994,0.3277875,-0.012312431,1.0019543,-0.42312428,-0.29935992,-0.047772408,1.4506813,-0.030116556,-0.017624909,1.7372065,-0.14921464,-0.028491026,-0.34484693
TCGA-Z7-A8R6,1.4492911,1.2639633,0.2489335,0.28973788,0.0957773,-0.24895091,-0.05445562,0.210244,0.12467373,-0.17401627,0.2834191,-0.04104738,-0.23520568,-0.030378265,0.2167597,-0.021053372,0.75288457,-0.042489234,-0.058566667,0.6967495,-0.02156767,0.11164791,-0.24916904,-0.026097903,0.4050133,0.09472632,-0.026828632,0.28627646,-0.009791304,0.86476046,0.32723048,-0.15224788,-0.05456851,0.42124984,-0.025925381,0.78229237,1.043439,0.8341912,-0.39945778,1.6027874,0.25134042,-0.07503339,0.22175872,0.19029643,-0.24724606,-0.09243622,-0.06666598,0.006510902,-0.18248425,0.9949134,0.07797027,0.23971868,-0.027117297,0.61104095,-0.3014607,-0.20304699,-0.048121482,0.9533522,-0.014365076,0.1988464,1.2176276,-0.078400485,-0.014100822,-0.25047597
