patient_id,priv_mir_0,priv_mir_1,priv_mir_2,priv_mir_3,priv_mir_4,priv_mir_5,priv_mir_6,priv_mir_7,priv_mir_8,priv_mir_9,priv_mir_10,priv_mir_11,priv_mir_12,priv_mir_13,priv_mir_14,priv_mir_15,priv_mir_16,priv_mir_17,priv_mir_18,priv_mir_19,priv_mir_20,priv_mir_21,priv_mir_22,priv_mir_23,priv_mir_24,priv_mir_25,priv_mir_26,priv_mir_27,priv_mir_28,priv_mir_29,priv_mir_30,priv_mir_31,priv_mir_32,priv_mir_33,priv_mir_34,priv_mir_35,priv_mir_36,priv_mir_37,priv_mir_38,priv_mir_39,priv_mir_40,priv_mir_41,priv_mir_42,priv_mir_43,priv_mir_44,priv_mir_45,priv_mir_46,priv_mir_47,priv_mir_48,priv_mir_49,priv_mir_50,priv_mir_51,priv_mir_52,priv_mir_53,priv_mir_54,priv_mir_55,priv_mir_56,priv_mir_57,priv_mir_58,priv_mir_59,priv_mir_60,priv_mir_61,priv_mir_62,priv_mir_63
TCGA-3C-AAAU,0.057009224,-0.015621035,0.7264178,0.16479158,0.0038728025,0.47872323,-0.025865106,-0.010523151,0.10631579,0.06446324,0.15294972,0.16131319,-0.0056852843,0.1924938,0.014340423,-0.010285667,0.06319839,0.25766677,0.010678545,0.32637784,-0.00818957,0.16543466,0.39309195,-0.019953815,0.23014273,-0.007656029,0.030646924,0.19521768,-0.011631324,-0.021461824,0.12142463,-0.008496805,-0.015564417,-0.0006210622,0.046364192,0.121027306,0.09615885,0.23651576,-0.003201669,-0.008237916,0.3878022,0.034294493,0.6395177,0.015370015,0.25911856,0.61367714,0.4310715,0.09484971,0.038564544,0.23895803,-0.013604117,-0.009154591,0.2861179,0.06554462,0.21350072,-0.005871745,0.4116884,-0.029283589,-0.012176124,0.12653719,0.8096635,0.24413995,-0.002370645,-0.0059340117
TCGA-3C-AALI,0.00944919,-0.0050195446,0.44214463,0.010227609,-0.0061566974,0.35701734,-0.011911869,-0.0022676284,0.028764766,0.027929544,0.07735889,0.08268343,0.044658095,0.0053086244,0.021347843,-0.007842655,0.057797655,0.07979415,-0.0035210007,0.03193522,-0.001882762,0.09603487,0.15259825,-0.008154464,0.19424315,-0.009015953,-0.0042715627,0.103079684,-0.0074919136,-0.0031289328,0.20940177,0.04662192,-0.0033553124,-0.005570924,0.11071874,-0.0032416321,0.044819925,0.15174559,0.016118221,-0.006891716,0.21192808,-0.0016466752,0.44042644,0.015204763,0.17891137,0.48655096,0.22707689,0.11795859,0.049466267,0.05676517,-0.006636541,-0.0093713915,0.18017393,-0.0054557705,0.13086896,-0.0036470268,0.29536477,-0.0072140293,-0.003765118,0.112815395,0.46562886,0.104557835,0.0049026497,-0.0033485338
TCGA-3C-AALJ,-0.0025986906,-0.008336166,0.49033523,0.04176518,-0.0055411304,0.35598657,-0.013664593,-0.0004308589,0.031080458,0.02703014,0.11928496,0.05969443,0.002097156,0.081584305,0.059623253,-0.0048547904,0.04397276,0.13847424,-0.0059267743,0.08706695,-0.0021041161,0.1089275,0.20493777,-0.011418496,0.19833349,-0.008113101,-0.003611733,0.13116935,-0.00040413142,-0.010426677,0.24715738,0.080323026,-0.0030231834,-0.00743051,0.18038934,-8.482412e-05,0.076657586,0.19205435,0.05647385,-0.0066838935,0.2545444,-0.00445752,0.48567024,0.046581376,0.18695691,0.5785796,0.24367759,0.16847482,0.10148181,0.01876397,-0.008505649,-0.011698707,0.17736948,-0.00056474126,0.09497586,-0.0022863464,0.27363226,-0.008409101,-0.0034809746,0.116505295,0.6041746,0.042442746,0.055856917,-0.0015829339
TCGA-3C-AALK,-0.011635228,-0.0033321404,0.4554582,0.0121696405,-0.0021322395,0.36484465,-0.013670811,0.04413648,0.015887106,-0.00029809625,0.04872455,0.0751835,0.091288656,0.009066255,0.045175295,-0.0042948104,0.01950286,0.20363966,-0.0061251116,0.02140763,-0.0031840093,0.044914644,0.24379548,-0.011416666,0.0038238838,-0.010757196,-0.0061881444,0.052903846,-0.003327701,-0.0033715938,0.24680413,0.07235655,-0.0015499529,-0.0068384646,0.13162501,-0.0033392129,0.067429855,0.1710119,0.024716571,-0.003044226,0.15551828,-0.0006553765,0.40587246,0.019461919,0.1661286,0.52349824,0.21806484,0.12942071,0.1374447,0.005635418,-0.0056861253,-0.0056950743,0.16182911,0.027438434,0.07008876,-0.011051896,0.27098325,-0.007201582,-0.005701904,0.14043716,0.56038034,0.0576939,0.05250783,0.017622434
TCGA-4H-AAAK,-0.009275276,-0.005764201,0.33863285,0.009448711,-0.0019226767,0.22806665,-0.013339626,0.05167239,0.01248296,0.025239043,0.015455691,0.09568522,0.101833716,0.010779616,0.058343627,-0.0029051248,0.0146522075,0.115606144,-0.003097248,0.031334285,-0.00815983,0.010367842,0.19176508,-0.0077449637,-0.0020830664,-0.0084202085,-0.008299434,0.036487617,-0.0058612614,-0.0017636073,0.17605121,0.03372405,-0.0040037734,-0.00038685426,0.12010044,-0.0026925826,0.050965354,0.15261579,0.005660653,-0.0049458104,0.15269299,-0.00066336914,0.3406809,0.038802087,0.13491401,0.42119214,0.22555512,0.16529429,0.107001565,-0.0006759748,-0.004393592,-0.009153415,0.14115915,0.02832218,0.085423276,-0.006218943,0.19363974,-0.006944162,-0.0024644723,0.114946835,0.45989752,0.08704958,0.06485498,0.00992389
TCGA-5L-AAT0,-0.0067005395,-0.006529326,0.3940493,0.006660681,-0.0031900376,0.28533185,-0.015538937,0.02720688,-0.0011076954,0.022166476,0.030737791,0.08663855,0.08292048,0.033672214,0.037302688,-0.004932347,0.014158001,0.1400538,-0.0038215653,0.021880943,-0.0046355077,0.06804261,0.21157399,-0.008988454,-0.0033610468,-0.009968739,-0.0057064425,0.05173049,-0.0042976053,-0.004852035,0.13365105,0.0386328,-0.0046871896,-0.0036713202,0.15887272,0.0022595674,0.030752521,0.16722089,0.044777982,-0.002134759,0.18506503,0.0102763465,0.3738795,0.030605443,0.19199955,0.45702535,0.2110269,0.15197827,0.15253028,-0.0023911449,-0.0081904,-0.0070616836,0.13349345,0.020289117,0.12228275,-0.003981128,0.19586574,-0.007922518,-0.0028546231,0.098926485,0.48559862,0.05105467,0.034802727,0.001223471
TCGA-5L-AAT1,-0.009578849,-0.0066901143,0.46254098,-0.0024150105,-0.0021008602,0.326538,-0.008676673,0.033491082,-0.00012708866,0.021919042,0.04770782,0.07968882,0.06557165,-0.004761373,0.04228763,-0.006070378,0.08548275,0.23480548,-0.007767018,0.014145516,-0.013065037,-0.0008464772,0.25945917,-0.011925223,-0.0033160646,-0.008018205,-0.0057112672,0.053614065,-0.0071291523,-0.0021737206,0.2983494,0.07377593,-0.0025177225,-0.0033465873,0.16732745,-0.0077597606,0.07624701,0.16407984,0.015900552,-0.00058526994,0.14822787,0.023905331,0.41454425,0.08317642,0.15522711,0.55802804,0.19588184,0.102435336,0.12582162,0.04982785,-0.0045784637,-0.0026095423,0.17619139,0.008109832,0.08605976,-0.0063719186,0.32709277,-0.0074058934,-0.008577196,0.17036515,0.591635,0.04134418,0.107959956,-0.00572805
TCGA-5T-A9QA,-0.012680846,-0.004252154,0.5439265,-0.00081767776,-0.01395256,0.48046514,-0.011450668,0.044419244,0.02829843,0.057201095,0.05767506,0.060132023,0.01401981,0.097023934,-0.0024315722,-0.007856007,0.017737564,0.2831802,-0.0047695837,0.13909604,-0.0049293684,0.08074929,0.25129315,-0.0068647237,0.048168074,-0.013364705,-0.0037501485,0.08065672,-0.008150747,-0.007128697,0.238835,0.0606982,-0.0076586367,-0.007960707,0.15690386,-0.0048080194,0.0014772341,0.23413503,0.13761695,-0.002847521,0.3452036,-0.0015439928,0.57005954,0.05858737,0.2993117,0.75628555,0.27441022,0.1588553,0.18918131,0.07523654,-0.0047055683,0.044063337,0.32042724,0.0053330064,0.123695314,-0.013097243,0.35841146,-0.014840803,-0.004567088,0.13657966,0.6853066,0.14684647,0.058058884,0.0065273046
TCGA-A1-A0SB,-0.0056200232,-0.0057124295,1.0275911,0.3359825,-0.00082757924,0.51709294,-0.026574224,0.10960275,0.13153195,0.053723775,-0.005099014,0.22346708,0.1255398,0.24950701,0.15271325,-0.016405432,0.23748839,0.40602383,-0.0014715017,0.085211724,-0.010867774,0.032374747,0.56377965,-0.030333558,0.25168252,-0.0038773795,-0.000684609,0.07467742,-0.014619003,-0.012678481,0.52614737,0.06346437,0.040113054,-0.014087255,0.2861904,0.08644025,0.006724078,0.2617421,0.4804306,-0.011095035,0.48092222,0.15069999,0.86500514,-0.022359965,0.25530177,1.3621927,0.44558343,0.2463655,0.13523376,0.19798213,-0.018959597,-0.008257516,0.4884461,0.22667804,-0.004649322,-0.03264393,0.37087274,-0.020746259,-0.01083945,0.07482654,1.1817799,0.19144405,0.09858042,0.31215388
TCGA-A1-A0SE,-0.009862157,-0.011279197,0.4254126,0.018918645,0.011003913,0.3289766,-0.018479183,0.012991171,0.017903965,0.027823076,0.021360282,0.11288926,0.05253041,0.05421709,0.08218395,-0.0084780855,-0.00047701152,0.13424228,-0.0018701013,0.0472237,-0.004779835,0.046524543,0.27857265,-0.008253026,0.058748636,-0.0008022973,-0.00170483,0.07752663,-0.0074862638,-0.00018503294,0.19366108,0.05912603,-0.008122495,-0.009600601,0.07044558,0.027568597,0.08556421,0.18123685,0.07882988,-0.0048665083,0.2570641,0.04787217,0.45423138,0.035114933,0.197054,0.54457146,0.22331798,0.1903278,0.22436167,0.017015524,-0.01074599,-0.008828658,0.26840922,0.10966967,0.057538375,-0.0024538361,0.21792881,-0.01481004,-0.002639066,0.111927986,0.5441603,0.0826187,0.058064517,0.07824917
TCGA-A1-A0SF,-0.0042457576,-0.010155645,0.4533436,0.042778965,0.01056931,0.3561935,-0.01629213,0.031748667,0.035562202,0.048170224,0.0056197066,0.1047,0.09048605,0.053800195,0.044711214,-0.0056156167,0.052428715,0.124531075,-0.001817332,0.021214943,-0.003376878,0.057360336,0.25939617,-0.01332129,0.079144806,-0.0036810897,-0.004487581,0.042430826,-0.0060338303,-0.002664135,0.20193699,0.05160873,-0.006005487,-0.0039076502,0.06670603,0.0070926957,0.06383445,0.15535086,0.010053597,-0.004131566,0.24160753,0.02056883,0.45408607,-0.0044825873,0.17728597,0.54175794,0.26334915,0.15142033,0.17129603,0.020933233,-0.011856907,-0.0073105036,0.18791261,0.09890665,0.02056186,-0.007764242,0.19597934,-0.0118210735,-0.0042756675,0.11369245,0.55510145,0.04654264,0.019255657,0.06858967
TCGA-A1-A0SG,-0.00928921,-0.0090386495,0.6931603,0.17090197,-0.0055298195,0.44385487,-0.02386455,0.0040666983,-0.00031317325,0.027319163,0.026958186,0.16175202,0.012494497,0.01796766,0.06649706,-0.0056551206,0.060462862,0.20156875,0.0076106004,0.13960023,-0.011491593,0.039697826,0.34380952,-0.009011899,0.13235518,-0.0023606166,-0.015024922,0.05113448,-0.00583966,-0.007791186,0.2834411,0.02041681,-0.00071425916,-0.012523918,0.102369726,0.04833154,0.09667162,0.22435147,0.07435762,-0.0017883361,0.2740047,0.011598213,0.648196,0.038975343,0.30771428,0.7621964,0.37211674,0.20839357,0.18619539,0.02782797,-0.0066525103,-0.002553865,0.3004187,0.05203198,0.019030096,-0.015078576,0.30828288,-0.011994781,-0.009782995,0.06529691,0.6557126,0.19357586,0.16594577,0.017257266
TCGA-A1-A0SH,-0.009350031,-0.00088255294,0.42875552,0.003961701,-0.0054043294,0.2851318,-0.017521393,0.021480877,0.02015121,0.044949792,0.08028789,0.09737319,0.034386165,0.015961654,0.060074236,-0.008681786,0.04540106,0.18782972,-0.007952094,0.05783258,-0.0027367983,-0.0026753645,0.17283893,-0.010444358,0.040535893,-0.0064417827,-0.0071644816,0.093036994,0.010964912,-0.00029082652,0.18123198,0.062460203,-0.008977718,-0.00083340594,0.083132684,-0.004854832,0.020651985,0.19706614,0.10735808,0.012836374,0.22282629,0.044281363,0.43821713,-0.0011993311,0.120176524,0.4527061,0.25848654,0.18654966,0.12868142,0.029409647,-0.0009958182,-0.014575161,0.1874182,0.055181652,0.069885224,-0.005365786,0.113099694,-0.012417803,-0.006311863,0.12917335,0.50468594,0.14814731,0.095374584,0.059349284
TCGA-A1-A0SI,-0.0070053563,-0.0035985142,0.4424612,0.04520371,-0.0063580344,0.318802,-0.007861532,0.06594477,-0.0011269499,0.017493553,-0.0031825067,0.08182125,0.085159466,0.013037036,0.054040592,-0.0043252087,-0.0017811031,0.12951146,-0.0030210246,0.045117136,-0.006693878,0.011276992,0.23523732,-0.00879662,0.09582846,-0.00047641687,-0.010879402,0.09986444,-0.008513528,-0.0011901507,0.2156363,0.076179415,-0.0106657,0.04304339,0.11424983,-0.0039174394,0.04476733,0.13646314,-0.0023270797,-0.0063010636,0.2580883,0.018498346,0.38177192,-0.0015082952,0.218483,0.5921382,0.22953638,0.22515985,0.08670817,0.03631305,-0.0043050083,-0.009856767,0.26489866,0.05851069,0.03940293,-0.008396544,0.25359815,-0.008822006,-0.0074187713,0.15594134,0.4224599,0.05521658,0.12762845,0.10978337
TCGA-A1-A0SJ,-0.0035621107,-0.010310354,0.7771384,0.13649572,-0.005964725,0.5821869,-0.02053403,-0.000991296,0.119896844,0.15037999,0.12561633,0.10998459,-0.0017751757,0.14314279,0.13130614,-0.016925374,0.059269454,0.20071317,-0.003757675,0.128061,-0.0036828772,0.22199571,0.26290312,-0.006634358,0.425852,-0.010740781,-0.011252458,0.22716749,-0.0093287295,-0.011237407,0.31258178,0.12259902,-0.013035727,-0.006551896,0.12072656,0.112176925,0.026739573,0.31806216,0.12778078,-0.0053673065,0.46851084,0.023107076,0.72780174,-0.00885866,0.26423678,0.8516042,0.32590804,0.26455945,0.08403228,0.18051171,-0.010790673,-0.012741697,0.34243703,0.12443954,0.10707089,-0.007122002,0.30893016,-0.020826673,-0.008890017,0.1370952,0.800402,0.1139894,0.09909466,0.04054773
TCGA-A1-A0SK,0.049706798,-0.0194782,0.75288486,0.48414022,-0.006322472,0.3201935,-0.013181356,-0.013991401,0.21442732,0.03574103,0.10417436,-0.018361216,-0.040012155,0.24454293,-0.008405944,0.07376664,0.015726838,0.41763338,-0.016326463,0.8022341,0.23739004,0.3524751,0.41405457,-0.026541566,0.30554077,-0.008430345,-0.0029336044,0.57568467,-0.0002149075,-0.02921871,-0.0020983932,0.18666412,-0.0023713321,-0.00420107,0.19008973,-0.0068675503,0.06799446,0.35214582,0.02762936,-0.002098315,0.48898414,0.11158286,0.32625332,0.3166774,0.57551605,0.9149873,0.27181667,0.17054534,-0.002384274,0.2517805,-0.031837195,-0.017716313,0.4768979,0.27432817,0.026726594,0.009915738,0.05859951,-0.025597213,-0.0061992533,0.2514555,0.92628473,0.19375183,-0.012469876,-2.3937599e-05
TCGA-A1-A0SM,-0.0008883164,-0.0016967617,0.49280825,0.06525725,-0.006663531,0.24445751,-0.016409473,-0.0003531523,0.038042836,0.061239712,0.18249318,0.08081789,-0.0059822644,-0.0015184161,0.00014599413,-0.013701788,0.006291095,0.1574549,-0.0067143305,0.021606069,-0.004407413,0.09891957,0.1792702,-0.011339123,0.22307445,-0.001630047,-0.0029458615,0.118810855,-0.0098611405,-0.0022653085,0.2047129,-0.0006661913,-0.008128704,-0.0046816473,0.06842053,-0.00067722716,-0.003907533,0.23966092,0.045745164,0.02567751,0.3177639,-0.0041019227,0.43444803,0.09868859,0.26849306,0.532319,0.23268789,0.17216726,0.031129826,0.0465445,-0.008631279,-0.0058932635,0.24096751,-0.0023040227,0.09771056,-0.0071943775,0.22816001,-0.0071414555,-0.007916438,0.12662058,0.5363921,0.21377838,-0.00061434694,0.07841703
TCGA-A1-A0SN,-0.008027814,-0.0019283224,0.3580438,0.03758457,-0.0016778596,0.22317848,-0.011499769,0.018142868,0.0036632605,0.011224605,0.003108997,0.03377433,0.0816078,-0.007216245,0.05075842,-0.0020966013,0.031335726,0.15903153,-0.0077564674,0.05368666,0.004450744,0.047735605,0.12938169,-0.0064196773,0.05554932,-0.0054852013,-0.009351248,0.081809714,-0.0017807651,-0.0034287726,0.18756528,0.061748616,-0.004059064,-0.003152975,0.13985346,-0.0034768588,0.027060594,0.1744685,0.016131595,0.010763355,0.15640889,-0.0023999542,0.30934733,0.07215786,0.11241372,0.46035355,0.19289352,0.13697238,0.07676089,-0.0037410303,-0.009918018,-0.0073988303,0.22609603,0.062147245,0.035818547,-0.008752878,0.1443219,-0.0039500976,-0.0036862176,0.07040013,0.4366647,0.0944555,0.023037206,0.0362596
TCGA-A1-A0SO,6.8816356e-05,-0.014370945,0.83975506,-0.0013443895,-0.009360855,0.5121281,-0.03155981,-0.011403571,0.11338614,0.121898234,0.15008,0.053031396,-0.014315426,0.22559398,-0.00025493986,-0.009411543,0.17859954,0.04386837,0.09382666,-0.0024421623,0.20915146,0.16665229,0.4363326,-0.018787028,0.63817734,-0.012981921,0.057765123,0.37683076,0.06899846,-0.020780921,0.22624528,0.18777347,-0.009853517,-0.0066643343,0.17528191,0.065483466,-0.019189088,0.26043344,0.40651226,0.046822064,0.42764214,0.05178364,0.64525,0.037988394,0.2058127,0.9181997,0.32869214,0.09001828,0.019361436,0.3101293,-0.015578148,-0.0038066977,0.51991844,0.13690087,0.16763309,-0.011148897,0.2933355,-0.011219054,-0.0032278192,0.14687988,1.0173839,-0.012029712,0.083056405,0.011768393
TCGA-A1-A0SP,-0.00040874194,-0.006993019,0.6526088,0.13985696,-0.0007599445,0.41632035,-0.018388186,-0.00024608226,0.011308406,0.057066992,0.22615048,0.20031723,-0.013303575,0.188389,-0.0006183297,-0.009877293,0.11706796,0.11866696,0.014281146,0.2866661,-0.0052425936,0.23142299,0.31017908,-0.015212731,0.33684304,-0.006200383,0.008897419,0.31687224,0.011114784,-0.011119263,0.24146825,0.17818365,-0.006443247,-0.021947555,0.1372845,-0.00014454425,0.11812863,0.21824577,0.17933586,-0.007821652,0.46121326,0.016472619,0.6302447,0.05643353,0.3124864,0.84943557,0.39286378,0.19892715,0.13142952,0.08855828,-0.01309807,-0.0048280116,0.36605984,0.15007585,0.08681308,-0.005815416,0.18535604,-0.01903671,-0.0099852085,0.24155216,0.82339656,0.014527701,0.05530216,0.04173529
TCGA-A1-A0SQ,-0.006027513,-0.008051234,0.5458465,0.06495784,-0.015709417,0.49639615,-0.0075460584,-0.0019662795,0.15146728,0.18078768,0.0773647,0.07760832,0.07889019,0.21294835,0.23093373,-0.013656753,-0.01324856,0.1475938,0.06632494,0.11507271,-0.00031339677,0.026793893,0.2031777,-0.012029788,0.13028128,-0.01617351,-0.007840583,0.102418706,-0.006805727,0.0043610744,0.19174348,0.00034538656,-0.009902286,-0.0038031477,0.16598785,0.119851485,0.017595433,0.29919532,0.15307252,-0.0062747956,0.26953384,0.005845424,0.5926417,-0.0014553368,0.25204122,0.6423094,0.3022005,0.09905115,0.15555482,0.10668232,-0.004333995,-0.013937968,0.25095588,0.03463018,0.020866474,-0.018213812,0.29479116,-0.020138158,-0.010099645,0.07184636,0.5914189,0.24470426,0.023451786,-0.003528118
TCGA-A2-A04R,-0.006893625,-0.0042820596,0.42578322,0.086573675,-0.0036108808,0.30731735,-0.014851111,0.012836892,-0.00079143344,0.032043368,0.0416101,0.07715745,0.06435964,0.051139563,0.059600122,-0.0048664445,0.011411842,0.0840083,-0.0040602246,0.074495584,-0.0014644997,0.12834533,0.15332106,-0.0066571212,0.1173425,-0.007918591,-0.0079066325,0.08166883,-0.0054301266,-0.002682373,0.16903602,0.035544842,-0.0016842049,-0.0036947522,0.12649913,0.010907773,0.059537873,0.2045,0.04669194,-0.0035720156,0.27821314,-0.0031224068,0.3644145,0.08642261,0.19087932,0.4482244,0.2241075,0.17935757,0.14480236,0.012893267,-0.011319886,-0.005862833,0.24053344,0.014896562,0.052401714,-0.0010944029,0.2020393,-0.006191676,-0.00688545,0.12287225,0.4158811,0.040659994,-0.00015947373,-0.0005780604
TCGA-A2-A0CK,-0.011878136,-0.009777402,0.48525572,0.119544014,0.016816135,0.38029513,-0.021278221,0.04348775,0.062481917,0.08194454,0.047096416,0.13254587,0.06806749,0.047990657,0.027266964,-0.006781847,0.04795421,0.23023714,-0.0010055695,0.00073453784,-0.008216114,0.060142465,0.2924341,-0.00840753,-0.0028275584,-0.005471469,-0.0018808835,0.03871746,-0.0030561897,-0.007478004,0.16905348,0.02585482,-0.0012265955,-0.010612135,0.14050636,0.061734077,0.07525802,0.17328174,0.11202653,-0.0034039542,0.26551393,-0.0005478302,0.52693814,-0.0013070226,0.24120376,0.6200387,0.2787931,0.20817448,0.23215987,0.033293597,-0.014632019,-0.008814248,0.18397835,0.0888986,0.079773076,-0.007450664,0.20965374,-0.013511705,-0.003312413,0.06291698,0.6481758,0.035700127,0.06919627,0.056802697
TCGA-A2-A0CO,-0.013027789,-0.0035739422,0.48233676,0.07067071,0.008092491,0.346982,-0.0185767,0.10131577,0.0730415,0.10079265,0.036080305,0.11793494,0.06710926,0.08224118,0.056800045,-0.0041796253,0.01981882,0.1875184,-0.00020209179,0.05394544,-0.007169147,0.09337808,0.26503566,-0.009564662,-0.004300343,-0.0058361604,-0.0046045026,0.00021440163,-0.0034124132,-0.005309035,0.15059172,0.050483298,-0.0052694003,-0.01063931,0.12776795,0.068847805,0.08052997,0.16847488,0.11227326,-0.0017927944,0.27437463,0.020785393,0.5375964,0.019631669,0.21621835,0.576613,0.25347322,0.18932529,0.25985625,0.03079199,-0.00971091,-0.0075538172,0.19795242,0.04739891,0.0650397,-0.0058650174,0.22888835,-0.014084816,-0.006730859,0.10802307,0.6198672,0.087151,0.07292053,0.03764069
TCGA-A2-A0CR,-0.0078029423,-0.009918456,0.42126787,0.036614146,0.072812386,0.29656067,-0.018508736,0.052047007,0.0058942027,0.055494137,-0.0016903598,0.12249111,0.039293252,0.012357107,0.047766473,-0.004381216,0.082232125,0.12473352,-0.0051459763,0.041280415,-0.007939196,0.050168887,0.28613228,-0.011398862,-0.0054563405,-0.002815655,-0.009300004,-0.0010382076,-0.0036812888,-0.00023486503,0.20269705,0.048150513,-0.00776419,-0.0058054863,0.098335296,-0.00070969353,0.09787208,0.11214079,-0.00011112504,-7.997304e-05,0.19370969,0.020603728,0.4343695,-0.0030514144,0.15799122,0.49000382,0.22374943,0.17983234,0.21646468,0.00924971,-0.013038352,-0.0072414572,0.13611263,0.08141394,0.05857706,-0.00031131945,0.18457668,-0.0140845645,-0.0013285483,0.099043965,0.568548,0.014592458,0.00687005,0.07225928
TCGA-A2-A0CT,-0.010550206,-0.014112668,0.52658427,0.13687125,0.034467176,0.45169124,-0.024826035,-0.00206331,0.031600613,0.09418373,0.09704226,0.09728454,-0.0023683456,0.011780466,0.10049021,-0.011878061,-0.0020774473,0.15694778,0.007678371,-0.0046470095,-0.00656583,0.047972612,0.26163507,-0.010646591,0.21512146,-0.0035185297,-0.008433382,0.06182684,-0.0036707886,-0.0054404396,0.1956084,0.0596102,-0.009530294,-0.012696959,0.09652922,0.10383135,0.040807568,0.25799847,0.15606818,-0.0032947287,0.27859586,-0.0020960034,0.5469465,0.072956815,0.20057574,0.5133659,0.21084106,0.20681089,0.19426988,-0.0010051869,-0.011686679,-0.018722532,0.20859355,0.05826486,0.03269805,0.10258415,0.2733237,-0.018608233,-0.007121205,0.07854219,0.60743946,0.107379176,0.1179142,0.060256094
TCGA-A2-A0EN,-0.007987661,-0.011166363,0.42977035,0.052409504,-0.0020353016,0.2849322,-0.0153883165,0.07743576,0.031367958,0.020660095,0.07114008,0.09836659,0.08778633,0.05363716,0.040191874,-0.008756391,0.033427455,0.08465495,-0.005751732,0.1124651,-0.009701563,0.097806916,0.21539229,-0.0052987034,0.05974381,-0.003387823,-0.00091202,0.04834126,-0.0033942794,0.010207016,0.16142705,-0.0018386737,-0.0022588172,-0.00063536206,0.047223028,0.011617612,0.0265744,0.20485567,0.047793187,0.004990697,0.2586382,-0.0036098657,0.43911505,0.06701182,0.25156868,0.5171631,0.22338244,0.19437082,0.1740047,0.026009537,-0.007238467,-0.004910377,0.17588744,0.06069511,0.06384224,-0.0047559333,0.22180685,-0.0089376,-0.0070898877,0.09287438,0.47536147,0.08266997,0.11352718,0.04437472
TCGA-A2-A0EP,-0.008356831,0.040158834,0.624609,0.10321061,0.029275065,0.40167844,-0.0219312,0.18718977,0.03354228,0.105389565,0.0100048855,0.13760415,0.073717505,0.14625402,0.040309634,-0.00821362,0.14979373,0.15468603,-0.005535524,0.18618864,-0.010007414,0.08936548,0.3806533,-0.0132806515,0.1425546,-0.009099047,-0.0062873163,0.034388404,-0.0073194862,0.04102988,0.316855,0.042132627,-0.012958263,-0.007959688,0.12756927,0.016372424,0.07426165,0.18118986,0.037387744,-0.0011057317,0.44973353,0.090690285,0.7023325,-0.0026497457,0.28597817,0.79686415,0.40283012,0.26666933,0.23310153,0.031407706,-0.007998446,-0.011493452,0.21783808,0.07787403,0.076871574,-0.0051903795,0.24004701,-0.021820134,-0.007479007,0.23977989,0.8537925,-0.004868535,0.17504203,0.20915584
TCGA-A2-A0EU,-0.008859351,-0.0014326762,0.35667956,0.07921751,-4.273951e-05,0.3184772,-0.02153531,0.029338889,-0.0041509834,0.0649505,0.08738603,0.14738369,0.023091046,-0.0044518397,0.07680449,-0.008281099,0.02048299,0.13793655,-0.002076785,-0.006205005,-0.008502251,0.016008742,0.18823212,-0.0078517,0.09468441,-0.0051618065,-0.0115329595,0.06289592,-0.0062850914,-0.0068972455,0.15292828,-7.263897e-05,-0.0072998004,-0.0022041523,0.06942607,0.06251761,-0.0022008326,0.20334628,0.106170595,-0.0051635443,0.24748227,0.02457964,0.4858293,0.07831746,0.17244801,0.39680985,0.17064965,0.22616103,0.21288,-0.0064131743,-0.009312058,-0.010628119,0.15461889,0.13015689,0.017942982,0.0623798,0.20049623,-0.019961668,-0.0035552008,0.08445336,0.5308602,0.14609021,0.036596775,-0.0032524273
TCGA-A2-A0ST,-0.0013049053,-0.0048713186,0.7517585,0.20448567,0.15708438,0.518098,-0.022399439,0.07218979,0.04816339,0.21604301,-0.005823038,0.22926304,0.055116355,0.14345163,-0.0031195215,-0.0146686705,0.17822061,0.11482726,-0.002697447,0.22562762,-0.004796602,0.12988077,0.41293198,-0.011397928,0.15740456,-0.005059114,-0.00856587,0.13236977,-0.0073340707,-0.004604578,0.21326543,0.16757442,-0.00752469,-0.012019016,0.087761626,0.11342636,0.06453061,0.23117676,0.1688407,0.08227775,0.4040876,0.1404658,0.79160005,-0.00079380424,0.37275982,0.872286,0.53008705,0.2873274,0.4175642,0.049519666,-0.017019007,-0.0006140225,0.37605092,0.25443232,0.029502638,-0.007478922,0.22184774,-0.017370466,-0.011965223,0.20678318,0.97240573,-0.0013043176,0.07890205,0.19567053
TCGA-A2-A0SU,-0.007284216,-0.0075879074,0.52821964,0.08208197,-0.007408082,0.3491087,-0.020836238,0.017024443,0.009451352,0.056921393,0.077126846,0.15520224,0.05386867,0.005747107,0.040851347,-0.010614904,0.06825717,0.15801051,-0.008277754,0.06691323,-0.009744076,0.0755817,0.25172457,-0.004511899,0.10869183,0.014998116,-0.0066346726,0.12282601,-0.0054012495,0.010379173,0.183581,0.028808212,-0.009454473,-0.0066926884,0.028832432,0.005001502,0.027593646,0.22148532,0.1092954,0.014954619,0.29326186,-0.0024135006,0.49913964,0.064783394,0.23419078,0.5727346,0.2500286,0.17695948,0.10648039,0.018746123,-0.008812252,-0.0112981675,0.27249077,0.07186109,0.08339647,-0.008782372,0.27780628,-0.012248839,-0.0074513415,0.08717322,0.56229055,0.1618908,0.12054372,0.023511074
TCGA-A2-A0SV,-0.0027454346,-0.0060197716,0.5116187,0.042657766,-0.0041547227,0.36927462,-0.017379945,0.056233816,-0.0013888065,0.031708747,0.061166912,0.20847802,0.00049922615,-0.001958649,0.07863088,-0.004998244,0.054808415,0.08003621,-0.005186248,0.1490348,-0.011977611,0.022642024,0.2428864,-0.0059035965,0.16450252,0.04434309,-0.010588503,0.1443931,-0.003701988,-0.0026772905,0.24620672,0.16162351,-0.012899289,-0.010821422,-0.0005461905,-0.0029408757,0.16387439,0.12947243,0.04304768,0.029914543,0.33689153,-0.0020242427,0.5226722,-0.0024490845,0.25296053,0.6412959,0.20646274,0.24986236,0.09459669,-0.000267848,-0.010794272,-0.011523722,0.27595836,0.13005763,0.093533106,0.0011926265,0.29665545,-0.014112216,-0.007574531,0.24794504,0.5561608,0.13692626,0.091441795,0.11343919
TCGA-A2-A0SW,-0.006548164,-0.004225559,0.54271716,0.121193945,-0.000870435,0.34608597,-0.008924229,0.07671898,0.007844288,0.105162576,0.055690493,0.07732463,0.068725504,0.09783876,0.010527682,-0.010374638,0.015522506,0.17451252,-0.006592937,0.1216708,-0.0058593587,0.059949428,0.23385568,-0.002715765,0.10296266,-0.006169806,-0.006567946,0.11213214,-0.0046847165,-0.0038020555,0.23862447,0.019129835,-0.0037511543,-0.012347454,0.088889465,0.018513642,0.07482073,0.1693144,0.032078758,0.06350056,0.30817318,0.012314176,0.44004172,0.0919194,0.21545336,0.6019778,0.28668496,0.18261042,0.17167822,0.019204963,-0.013359809,0.0080220215,0.24603862,0.09179156,0.09429205,-0.0057152133,0.2881115,-0.011796403,-0.0043216576,0.107898735,0.54100466,0.027558869,0.08186546,0.0395794
TCGA-A2-A0SX,-0.0051631345,-0.0018994868,0.72982496,0.14358889,0.024495674,0.40077698,-0.025576372,-0.0008423109,0.073636204,0.15328804,0.086090825,0.15371442,-0.003655995,0.035608992,-0.0021296926,-0.015380743,0.10489455,0.17279434,0.009840928,0.1511461,-0.004155139,0.19236006,0.3934904,-0.012742922,0.22747992,-0.0068161585,-0.007975696,0.16570126,0.025100037,-0.0073769703,0.22881247,0.09122576,-0.008139639,-0.01590868,0.1399422,0.036695015,0.0646594,0.22118656,0.18331394,0.119801246,0.346063,-0.0012954489,0.6698094,0.03135462,0.21233322,0.8007537,0.39037198,0.33475387,0.072192654,0.09228701,-0.005597596,-0.003803263,0.42974296,0.18805154,0.09888555,-0.0077993902,0.2688937,-0.007549981,-0.012109996,0.14805043,0.8139849,0.0329796,0.23822573,0.17972544
TCGA-A2-A0SY,-0.006590395,-0.0103627285,0.4155197,0.021613311,0.006545225,0.29783455,-0.018796803,0.04169123,0.01570364,-0.00011153519,0.038295515,0.12678912,0.05472508,0.007631763,0.07583443,-0.0038428218,-0.0011297212,0.08197761,-0.0063215466,-0.0041386466,-0.0048895665,0.089043334,0.22453667,-0.0128342975,0.043305095,-0.0036451586,-0.0033309252,0.027595617,-0.0009946674,-0.0049209124,0.07431272,0.06355952,-0.004210405,-0.0034457964,0.07234173,0.010984387,0.049074207,0.17236842,0.057514034,-0.001521625,0.22321834,0.054749195,0.4154166,0.01957691,0.19731338,0.45935142,0.17279434,0.19714086,0.1788197,0.0036908947,-0.00950976,-0.0067904564,0.18676195,0.010007026,0.03494165,-0.0043250774,0.17956261,-0.0064329365,-0.005562581,0.15155695,0.5191234,0.079340875,0.04768562,0.05170034
TCGA-A2-A0T0,-0.0056384145,-0.0014213149,0.5596134,0.045894887,-0.010155263,0.32144043,-0.02092413,-6.4519794e-05,-0.0016521182,0.020218551,0.11021969,0.11112276,-0.005631953,0.08878347,-0.0014010482,-0.016694233,0.07205625,0.13999297,-0.0071044206,0.09201078,-0.008769511,0.06999932,0.23282471,-0.0060737547,0.42266506,0.017962784,-0.00033038642,0.20999457,-0.0050134007,-0.006020662,0.36193317,0.11099966,-0.017355457,-0.01455991,0.07522709,0.033209857,0.13888524,0.15549277,0.10688324,-0.011265083,0.3721678,0.04498326,0.57188153,-0.0030917616,0.20373806,0.73524714,0.42627555,0.18205225,0.079651706,0.0066656135,-0.013008157,-0.008791859,0.25008875,0.07593266,0.0851272,-0.0066073844,0.3486815,-0.01510741,-0.006862517,0.17102246,0.74147123,0.06110862,0.07902883,0.07268767
TCGA-A2-A0T1,-0.0008273273,0.0020597167,0.63127166,0.114691004,0.034433044,0.35876676,-0.025872657,0.028489888,0.017025184,0.12715153,0.05412529,0.1990452,-0.0053040204,0.06469011,-7.2449446e-05,-0.015158418,0.18570592,0.2052529,-0.008585888,0.18200503,-0.011517161,0.07610528,0.2072706,-0.0025237114,0.17008056,-0.0028842152,-0.0074396827,0.10352014,-0.019873677,0.051546592,0.24882235,0.12088166,-0.011035176,-0.008839555,0.06737994,0.06558125,-0.008316916,0.17639084,0.059059344,0.033496343,0.35752782,0.041020945,0.55900615,0.0603014,0.3046985,0.65823555,0.32970425,0.2371663,0.15907727,0.09208181,-0.008310929,0.05876022,0.30674216,0.016990015,0.08865704,-0.004352567,0.2536685,-0.014307042,-0.0024532683,0.16223553,0.7255795,0.17704667,0.031631745,0.1071886
TCGA-A2-A0T2,0.043260027,-0.005008736,0.89694035,0.0258875,-0.018944193,0.441502,-0.032957356,0.10520758,0.003671538,0.13741048,0.1031992,0.23605722,-0.010001093,0.17296097,0.017378151,-0.012786751,0.17494535,0.2280937,0.06655533,0.27878293,-0.0062981597,0.046241377,0.18402477,-0.01307603,0.64315915,-0.00015514308,-0.009327178,0.31294554,-0.001189582,-0.019929484,0.50740904,0.43401235,-0.01719132,-0.02846391,0.3614084,0.18392521,-0.004270159,0.16664435,0.35713547,0.03259196,0.48469076,0.064185694,0.77481765,0.010989677,0.28255078,1.1396437,0.5838561,0.20770292,-0.0052083447,0.21275258,-0.011802015,-0.0038580017,0.4975289,0.16297391,0.075054996,-0.015818259,0.33720353,0.0065068863,-0.0010136471,0.2047339,0.98024267,0.12102004,0.3522699,0.2278275
TCGA-A2-A0T4,-0.012336734,0.007453818,0.4190181,0.03628045,-0.0046427385,0.23204404,-0.012586503,0.11154951,0.036036447,0.0410072,0.07735499,0.073523864,0.13294543,0.07810336,0.0655953,-0.010717853,0.021520715,0.15422152,-0.0073169055,0.11600177,-0.0031785131,0.07174678,0.16913003,-0.0051399083,0.028811868,-0.0068000616,-0.008512042,0.046388153,-0.0017269151,-0.0003618598,0.17981787,0.06930137,-0.003876549,-0.0023833555,0.18561678,0.022488337,0.018296406,0.20073454,0.09797084,0.07229648,0.23346357,0.020171367,0.4437301,0.043524437,0.15596221,0.49844843,0.25031793,0.2031297,0.15313916,0.0027655065,-0.0042869523,-0.004493922,0.20339823,0.07294898,0.07905814,-0.009227115,0.114210024,-0.0033098236,-0.00027779661,0.077380754,0.5330349,0.1138576,0.0760811,0.06672805
TCGA-A2-A0T5,-0.0037090373,-0.006082784,0.51741403,-0.0009940182,-0.005563398,0.36111712,-0.021875234,0.035281397,0.056525897,0.13348605,0.094745606,0.11795165,0.04153568,0.042674053,0.03650719,-0.01076449,0.03266006,0.21251312,-0.0060178074,0.04712225,-0.0072181597,0.04688799,0.24297883,-0.0030568743,0.118980706,-0.0023358264,-0.010844729,0.08422015,-0.0035045051,-0.0014930064,0.22795771,0.08244206,-0.009877245,-0.0067133442,0.08167817,0.007861778,0.049231067,0.23833442,0.074383155,0.011440918,0.30548078,-0.0009786662,0.5030681,0.0066319406,0.2035944,0.6186162,0.26783124,0.16025862,0.117048874,0.035467923,-0.010804797,-0.0067541185,0.22887081,0.047808185,0.09239583,-0.009109335,0.23378035,-0.016204594,-0.006276545,0.091114275,0.5974892,0.23313355,0.00469999,0.06343524
TCGA-A2-A0T6,-0.010275927,-0.004945911,0.3175568,0.03830992,-0.0010883684,0.27890933,-0.016822925,0.079003185,0.008285306,0.046448365,0.019183956,0.12238999,0.12762849,-0.00037766222,0.07905716,-0.007809754,-0.00634104,0.13492867,-0.005524399,-0.0030152218,-0.005858639,0.036794435,0.1918177,-0.005745768,0.021015715,-0.0028546487,-0.010026661,0.06933087,-0.002679519,0.015305281,0.16448127,0.068760276,-0.005794888,-0.006065452,0.08893213,-0.0021189246,0.085096605,0.14327416,0.041380815,0.0016142875,0.19366905,-0.0046799723,0.3779094,0.0668624,0.11032018,0.43461034,0.15980828,0.2014577,0.08445162,0.021779414,-0.009247081,-0.0127848415,0.1447945,0.1295417,0.0318508,-0.0020560108,0.15238717,-0.01150163,-0.007472995,0.11484008,0.42945117,0.068812355,0.06826593,0.087651476
TCGA-A2-A0T7,-0.007940886,-0.0032861684,0.5020997,0.0075688176,-0.0016389247,0.2945694,-0.02091374,0.07369306,0.039223514,0.029662684,0.04139706,0.14729127,0.06425411,0.011786579,0.055377975,-0.0042687175,0.082045615,0.18863393,-0.0037118034,0.07507181,-0.007590638,0.06165295,0.24387613,-0.007695578,0.018988524,-0.0019971307,-0.0055850702,0.11580573,-0.0013220516,-0.0005741673,0.19586149,0.1225729,-0.008673217,-0.0069428803,0.084359854,-0.0020688572,0.041445725,0.18427214,0.08249777,-0.00021780356,0.23138238,0.0226479,0.45773444,0.023564475,0.16269918,0.5396437,0.21162963,0.25284654,0.10748047,0.023140948,-0.010155117,-0.012429705,0.21959558,0.075086065,0.114150286,-0.0016878259,0.16226299,-0.0117363725,-0.006252171,0.15471143,0.55288875,0.08658803,0.09007819,0.06936291
TCGA-A2-A0YC,-0.0057174317,-0.001977985,0.4585672,0.024675768,0.005093299,0.41392976,-0.019372705,-0.0018403635,0.012423471,0.0757304,0.060632724,0.09901109,-0.0018585746,-0.0036699919,0.08197361,-0.0044690804,0.050598104,0.14380546,-0.008897687,0.102583095,-0.005891864,0.079859436,0.18734199,-0.00024538822,0.23880513,-0.011620226,-0.0042219553,0.0639061,-0.0028831775,-0.008693293,0.3134746,-0.0017695327,-0.0019754276,-0.01005927,0.17544171,0.078633964,-0.0007624101,0.16164413,-0.0014632398,-0.00981491,0.2402838,-0.00093301124,0.5439259,0.008060688,0.24780262,0.5829143,0.29092777,0.12801637,0.12715243,0.04598222,-0.01084852,-0.0017767212,0.1303055,-0.003303029,0.056615725,-0.012166956,0.27682942,-0.013088018,-0.0041159745,0.069822825,0.6089342,0.16795298,0.011843562,-0.00026898348
TCGA-A2-A0YD,-0.008859287,-0.005352492,0.45533657,0.07474789,-0.0013443938,0.30846563,-0.020412361,-0.00056237617,0.038509827,-0.0015129199,0.038913853,0.13759163,0.052018814,0.043443173,0.08150476,-0.00620689,0.06104041,0.080234975,-0.008895662,0.11915824,-0.000111939575,0.10398333,0.19719006,-0.007334607,0.072962,-0.007838972,-0.009362367,0.056610465,-0.002148694,-0.003388578,0.22949381,0.03891652,-0.001078748,-0.010647771,0.07712615,-0.000831922,0.078122325,0.22070566,0.03793092,-0.0017032542,0.22871478,0.013661246,0.4002447,0.04456026,0.18449731,0.48050067,0.22199103,0.18814696,0.12966956,0.007419467,-0.007506944,-0.006792895,0.16902435,0.008160742,0.06142605,-0.005064064,0.20068137,-0.0063820416,-0.006626365,0.09095945,0.51904476,0.10769203,0.07231517,0.027420938
TCGA-A2-A0YF,-0.0019618745,-0.009373759,0.62287533,0.04488967,0.03266509,0.52182364,-0.022850776,0.04717239,-0.0013644424,0.012761116,0.004701175,0.11089651,0.09127419,-0.0018934831,0.07220135,-0.008686932,0.12515837,0.190515,-0.011086758,0.18656847,-0.008084428,0.11160453,0.33485934,-0.0057943366,0.19806387,-0.0023947165,-0.0022867806,0.17874129,-0.0012896722,0.042064656,0.31797537,0.068670124,-0.009671579,-0.005631712,0.058880236,-0.0016852685,0.052915674,0.27278218,0.14368929,0.0105607435,0.31374025,-0.004587251,0.57789236,0.0017477944,0.269845,0.69289017,0.32344833,0.22914632,0.0861838,0.01457148,-0.008410827,-0.006918318,0.31768018,0.0011110362,0.122168586,-0.011403773,0.3236639,-0.0131486,-0.0113074705,0.09528543,0.5580204,0.17750242,0.064121276,-0.005103732
TCGA-A2-A0YG,-0.000737637,0.043488253,0.44288355,0.099810496,-0.009148681,0.33642644,-0.0140626775,0.007889178,0.03519875,0.09359729,0.05328985,0.11248165,0.13636196,-0.005574445,-0.00052233785,-0.008871304,0.0119806975,0.074726075,-0.013718116,0.09022774,-0.009167208,0.10226104,0.101369746,-0.005490855,0.19827773,-0.00015285649,-0.0054901503,0.041834243,-0.008274251,-0.004195752,0.20191142,0.007833049,-0.01112838,-0.0049179834,0.13750005,0.012154523,-0.0016062137,0.18076488,0.048102595,-0.00094895996,0.21228479,-0.008600301,0.3911516,0.11503587,0.09830086,0.5193229,0.2441696,0.1325453,-0.006467165,-0.0031052248,-0.012681499,-0.00996161,0.24529418,0.0740516,0.029669804,-0.0056832987,0.30982822,-0.01069755,-0.007697375,0.053803913,0.39438838,0.076462045,0.048435826,-0.001727679
TCGA-A2-A0YH,-0.009908065,-0.005255979,0.67662007,0.07068731,-0.00076349545,0.45472643,-0.011843017,0.06986113,-0.0007696446,-0.00070741924,0.035988275,0.056997713,-0.0075037824,0.2455903,0.045766965,-0.010812066,0.07117087,0.20801978,-0.0018810064,0.15981585,-0.0013302477,0.109421805,0.23743762,-0.011031083,0.22941954,-0.012581523,-0.005867439,0.17055182,-0.004977194,0.008705359,0.3780477,0.04532306,-0.019657148,-0.0054935743,0.1372353,-0.01453378,-0.004640597,0.22127949,0.16812892,-0.006805952,0.33882877,-0.00022132974,0.548297,0.10715705,0.30227467,0.7261119,0.43344536,0.20939377,0.12138718,0.045531005,-0.0102552,-0.012976709,0.253888,0.07509981,0.084899954,-0.0106376475,0.4470683,-0.022397988,-0.006777815,0.2828756,0.73660666,0.11433752,0.060406756,-0.00064164697
TCGA-A2-A0YI,-0.008522327,-0.009931921,0.5226296,0.06976074,0.0074514765,0.4152142,-0.019555138,0.014432579,0.07039268,0.10272896,-0.0019102063,0.09287888,0.08415373,0.012475002,0.070667155,-0.00019178912,0.06113109,0.21632794,-0.007036811,0.048896085,-0.007826767,0.09299211,0.2572735,-0.0041331756,0.00065454096,-0.011599395,-0.006718367,0.06935725,-0.003976891,-0.0069918795,0.18444331,0.06810768,-0.006322699,-0.010621493,0.10406466,-0.0013557386,0.047538128,0.19932911,0.098245546,0.04578144,0.2329096,-0.0007050164,0.501805,-0.0027638392,0.1753893,0.5846288,0.23567024,0.21569318,0.20733795,-6.9590285e-05,-0.010580584,-0.00671757,0.20009139,0.081670135,0.12859091,-0.006582948,0.24293989,-0.011017658,-0.010960214,0.12346902,0.62614036,0.075961426,0.032852728,0.0050245784
TCGA-A2-A0YK,-0.0073681236,-0.005344455,0.58715534,0.06802286,0.052570716,0.40822,-0.025783477,0.06501224,-0.0035284576,0.0009188503,-0.0012015067,0.13358836,0.08543919,0.031149168,0.05774053,-0.0041236174,0.16801792,0.1602679,-0.0064006946,0.16882668,-0.008416545,0.07449798,0.35395157,-0.0066073635,-0.007773121,-0.0030794141,-0.012533523,0.06548604,-0.0114893885,0.057572473,0.31196046,0.03440116,-0.015359813,-0.009274349,0.16890183,-0.000627357,0.07516253,0.21972653,0.04925029,-0.005005008,0.28547248,0.024497116,0.38645175,-0.0016483989,0.12612689,0.57809544,0.24275106,0.20881225,0.16226861,0.026865281,-0.013474367,-0.005693886,0.18809867,0.017461719,0.10500545,-0.00396252,0.19309397,-0.007650076,-0.010687231,0.122102216,0.57543284,0.107842505,0.04865912,0.07894929
TCGA-A2-A0YL,-0.009462756,-0.007889256,0.33754277,-0.0005002279,0.010883439,0.22433335,-0.01425043,0.034860723,0.007769741,-4.0453673e-05,-0.00057297427,0.09330086,0.06382734,0.03613402,0.10942818,-0.0015863575,0.020004358,0.07967381,-0.007208416,0.012703974,-0.005280827,0.1251751,0.20961957,-0.0051486804,0.022336911,-0.0054549477,-0.006592404,0.037565693,-0.0057815923,-0.0022146467,0.13288641,0.016438775,-0.0041804453,-0.00418393,0.124701515,-0.0013256752,0.07917479,0.1265231,-0.001080256,-0.0019733214,0.1700762,-0.0011692707,0.29187697,-0.0026811117,0.17762178,0.39812586,0.15795845,0.1604594,0.20104064,-0.0031237889,-0.0042625587,-0.0059183463,0.13906708,0.071107045,0.0143988775,-0.0024302914,0.16608292,-0.0046166596,-0.005089363,0.086445525,0.44478703,0.07150969,0.081039414,0.06280815
TCGA-A2-A0YM,0.07900543,-0.002578235,0.5961001,0.029005278,-0.004568459,0.3202154,-0.009790483,-0.0035715438,0.08571851,0.009098638,0.00093029067,0.14314885,0.0034281127,0.068912506,0.037776742,-0.014001203,0.087338366,-0.0018741807,-0.00883267,0.066970155,0.09372218,0.17808624,0.17306869,-0.003906898,0.5743617,0.004492931,-0.004646726,0.19837071,-0.007288319,-0.002748701,0.35607323,0.1297068,-0.017429331,-0.015649773,0.23249328,-0.006443046,-0.00012910627,0.19944428,0.093399845,-0.0075381445,0.30109262,0.105611354,0.47688502,-0.004028824,0.07232053,0.76619864,0.4076953,0.14634404,0.006857938,0.105652116,-0.0121139465,-0.010878143,0.3320082,0.15366371,0.04127621,-0.008166347,0.36363602,-0.014122844,-0.008467523,0.24902177,0.64841884,0.035913687,0.03351727,0.012195006
TCGA-A2-A0YT,0.018519275,-0.0071703675,0.91410327,-0.002484761,-0.0043137656,0.5540308,-0.022183632,-0.0012645277,-0.0021829878,0.08959204,0.110954374,-0.00018183925,-0.0067699957,0.107643776,0.087378144,-0.018009603,0.22388624,0.37865558,-0.021461992,0.23102985,-0.00037151968,0.10971385,0.22766499,-0.0030224547,0.5577691,-0.0076976377,-0.018741688,0.1443692,-0.014330022,-0.0012735095,0.486812,0.05210538,-0.022481216,0.008816529,0.22594249,0.045846898,-0.014511622,0.43765852,0.08567064,0.037836358,0.53566575,0.031712215,0.686352,-0.009709756,0.31940585,0.9402693,0.33092713,0.34239477,0.13045773,-0.008454372,-0.016202781,-0.010977027,0.36811116,0.044082657,0.15578139,-0.019921158,0.43984088,-0.028123451,-0.00063599966,0.14678773,0.87621385,0.41842318,-0.005460509,0.016712204
TCGA-A2-A1FV,-0.0062126643,-0.02340213,0.72843254,0.122180596,-0.006856046,0.4990469,-0.01589538,0.029289298,-0.0051909117,0.20697235,0.0636899,0.0072711445,-0.0045527783,0.10492894,0.09913859,-0.00037164762,0.05195695,0.23691367,0.17551607,0.14726444,-0.013309538,0.07797952,0.24446455,0.052185927,0.03919265,-0.023369374,-0.0048358957,-0.0032854944,-0.009792749,-0.02243946,0.30366287,-0.0041250004,-0.010378031,-0.023883583,0.22435814,0.12729166,0.031590346,0.21537149,0.2377197,0.0049564466,0.50480014,0.093273595,0.75407183,0.0005781874,0.2908196,0.913783,0.20042399,0.13782883,0.33080056,0.025381215,-0.016076038,-0.012283779,0.2739379,0.07586537,0.18005934,0.04689677,0.3015326,-0.017943172,-0.0025933625,0.12092836,0.8587711,0.17062773,-0.0010374676,-0.002017647
TCGA-A2-A1FW,-0.0038901493,-0.01628243,0.5924246,0.15009165,-0.009123958,0.43025386,-0.013483073,-0.0012313605,-0.0010696728,0.10438837,0.14831592,0.04204935,0.011785731,0.15209305,0.14835978,-0.0071654725,-0.00054055307,0.19708546,0.018133692,0.19632822,-0.0048326813,0.16399413,0.18463592,-0.001663331,0.22984053,-0.0009790782,-0.005325447,0.14410359,-0.0012045745,-0.012622076,0.31018674,0.06533137,-0.003619192,-0.015004587,0.17334945,0.075056285,-5.979501e-05,0.19727208,0.07031045,-0.00208371,0.3638707,-0.00097272435,0.6392489,0.038439702,0.2561309,0.8227649,0.26475066,0.107678086,0.29985312,0.06750006,-0.011311996,-0.010512531,0.28790325,0.047900304,0.044175524,-0.012671897,0.29383573,-0.00939435,-0.008351414,-0.0013248794,0.7165149,0.2556293,0.01633225,-0.00091553706
TCGA-A2-A1FX,-0.0067860424,-0.004178313,0.5363081,0.00051015243,-0.004746975,0.3528979,-0.010297562,0.13218217,-0.003524494,0.016719263,0.05521422,0.11211017,0.02004294,0.064878635,0.04250613,-0.0056444723,-0.0017201338,0.1964063,-0.0035564948,0.12402645,-0.0059201876,0.08828481,0.20270558,-0.008561447,0.07291685,-0.003958948,-0.009281016,0.030757532,-0.0049484493,-0.007822833,0.2176104,0.043169163,-0.008088261,-0.013047379,0.21267156,0.0054760687,-0.0019641619,0.15386525,0.07647443,-0.006720081,0.32396546,0.0048463214,0.51082605,0.09685663,0.23346621,0.6587738,0.19380793,0.16931063,0.14804617,0.002691023,-0.008691442,-0.0057523907,0.23492044,0.13255723,0.040033534,-0.004493823,0.21442936,-0.008667322,-0.0051828264,0.15807326,0.5855918,0.04498471,-0.004571807,-0.0016198143
TCGA-A2-A1FZ,-0.0033112862,-0.005917849,0.61778766,0.06379011,-0.006713444,0.46684837,-0.01811257,0.10495137,0.07403282,-0.0016156599,0.04503191,0.11128828,0.15223132,0.05413369,0.10479516,-0.00924693,0.09238366,0.10865635,-0.0010844968,0.21381618,-0.0025064843,0.08490461,0.32746235,-0.012175507,0.16963981,-0.0115894,-0.0052184956,0.016865272,-0.007914047,0.0008547418,0.28552014,0.05055264,-0.008934978,-0.0064712553,0.0682129,0.0799253,0.082329065,0.26521978,0.060749575,0.059556797,0.37817958,0.011554191,0.61562335,-0.0029203668,0.27030697,0.74200094,0.30996674,0.14428797,0.1222773,0.039139986,-0.002357414,-0.009979056,0.26097006,0.040103257,0.076011024,-0.013721799,0.23213208,-0.00899421,-0.009575191,0.17468011,0.74480563,0.14267486,0.14806157,0.15004723
TCGA-A2-A1G0,-0.01058191,-0.014241642,0.51489055,0.10691294,-0.0050989063,0.41118369,-0.01945425,0.04359877,0.062251925,0.103095785,0.08196664,0.067799285,0.011519458,0.09316009,0.08608754,-0.005635362,0.043963496,0.24899374,0.03695099,0.01565275,-0.0073503214,0.1127744,0.24830242,-0.002433338,0.045073975,-0.0066103986,-0.01090116,0.03692977,-0.00038303694,-0.010376312,0.19531138,-0.0036231831,-0.005364177,-0.009903369,0.10769824,0.101624444,-0.00038840808,0.17494169,0.11911814,-0.0031127804,0.33723935,0.04911726,0.6261052,0.030523667,0.22244199,0.62997967,0.26662058,0.17970344,0.2991127,-0.0034383254,-0.012503058,-0.010348763,0.20210189,0.030402357,0.10626159,-0.011988836,0.22058319,-0.015046197,-0.005305538,0.05281416,0.73419875,0.24331027,0.07903297,-0.00013178066
TCGA-A2-A1G1,0.14696474,-0.010072985,0.88246137,0.057777826,-0.008193326,0.4437147,-0.02409987,0.18425325,0.07081051,0.11032085,0.1603504,0.13305281,-0.008982924,0.15657344,-0.006641064,-0.010847751,0.25408775,0.19911705,-0.004069883,0.26309744,-0.008025814,0.15459563,0.33835772,-0.021147368,0.18853794,0.042171203,-0.013110912,0.11705434,-0.0089933,0.007955793,0.4731564,0.0723024,-0.008033985,-0.01619478,0.086524636,0.06163772,0.0658256,0.21098068,0.0016835928,-0.0048017763,0.45902944,0.057648912,0.84770346,-0.012487777,0.16004977,1.0496069,0.4618708,0.17551604,0.14393702,0.10195517,-0.022015614,-0.004870512,0.42263407,0.17607479,0.021257473,-0.013070549,0.32918212,-0.015569865,-0.008348561,0.12369798,0.9753487,0.04831762,0.17805085,0.12450893
TCGA-A2-A1G4,-0.0024482068,-0.013462901,0.7963352,0.24791808,-0.0057047047,0.5928879,-0.020859318,0.06766999,0.07970828,0.12576155,0.23462963,0.040906373,0.004910413,0.14295626,0.05042044,-0.00219897,0.16186821,0.24132092,-0.0032095853,0.18303008,-0.006437817,0.211741,0.3771893,-0.0044724066,0.4268362,-0.004197646,-0.0045608897,0.14153421,-0.0061630006,-0.017031575,0.4425488,-0.0028766969,-0.006155614,-0.01907466,0.082596466,0.093040094,0.06049572,0.27455193,0.12618111,0.059636243,0.64974946,0.03918985,0.87388575,-0.0029329725,0.33768588,1.1031848,0.4267,0.13142,0.27221343,-0.0018884077,-0.017768716,0.05141946,0.35642552,0.07674209,0.12023348,-0.024409335,0.30351937,-0.022059502,-0.007243042,0.045603365,1.0239488,0.2406916,0.09572998,0.14711055
TCGA-A2-A1G6,-0.0023699321,-0.0150523335,0.64330095,-0.0027933072,-0.006680959,0.4516523,-0.031588297,0.14844604,0.03340732,-0.0015739575,-0.006623432,0.12566972,0.13301124,0.16894236,0.05129396,-0.0044015595,0.13959989,0.18472663,-0.0072430656,0.14400628,0.014289508,0.095307186,0.35689318,-0.010661897,-0.0020998963,-0.00045491717,-0.014269012,-0.006818209,-0.003114999,0.048854444,0.25717744,0.041149613,-0.012435338,-0.015219907,0.07530785,-0.0003022127,0.11956519,0.25440162,0.028228596,0.022824235,0.30585933,0.06120638,0.61712515,-0.014544901,0.1263366,0.78203297,0.2434758,0.15250939,0.18847843,0.064867236,-0.012798637,-0.0070717544,0.20268944,0.08982663,0.010096429,-0.0059682294,0.23111983,-0.0184331,-0.007190065,0.12706736,0.74197185,0.11586238,0.12496585,0.19082992
TCGA-A2-A259,-0.0053843996,-0.0073793516,0.5969213,0.03839652,-0.005512576,0.53016704,-0.036269322,0.20261683,-0.012363158,0.029456973,-0.0011184793,0.24262446,0.12580237,0.24577829,0.23044363,-0.009759113,0.014697671,0.13635626,0.20321146,0.31019425,-0.00020616893,0.2123379,0.29111394,-0.007031107,0.106913894,-0.002896338,-0.013854806,0.06322572,-0.0065840925,0.06901924,0.3585464,0.19493622,-0.00296193,-0.030507078,0.008094238,0.17666224,-0.0031642173,0.16225384,0.048568264,-0.0072392873,0.33405986,-0.0010150817,0.70411676,-0.00875149,0.30831978,0.6454908,0.13142233,0.13718796,0.20412777,0.0597983,-0.007436043,-0.0029818488,0.27413732,0.18505551,-0.010539719,0.41447705,0.08610553,-0.012834358,-0.0043774196,0.16663872,0.71808314,0.2315231,0.007199947,0.066208765
TCGA-A2-A25A,0.0041201366,-0.01248462,0.42962122,0.028273668,-2.1472946e-05,0.26670328,-0.020217879,0.079742044,0.021575592,0.0865237,0.07534089,0.09157852,0.01732111,0.13135386,0.10284201,-0.0047811153,0.04280163,0.077978685,0.0077606104,0.06040244,-0.0015856477,0.04371062,0.22852239,-0.0062023047,0.019408692,-0.009399833,-0.007748662,0.023170844,-0.0042219735,0.02087555,0.1498376,0.08748743,-0.004345261,-0.009647834,0.10795787,-0.0077546197,0.024307352,0.15110664,-0.0030869746,-0.0055274363,0.24800815,-0.00012648907,0.39821124,0.015162315,0.16513172,0.46798983,0.1649217,0.13362628,0.24448247,-0.0005585034,-0.011441818,-0.002958104,0.16111487,0.04847449,0.07772352,0.055689923,0.19019,-0.009654543,-0.0019755885,0.16648138,0.51675826,0.040168196,-0.002266536,0.022509709
TCGA-A2-A25B,-0.007960095,-0.0009378303,0.86957186,0.16651772,-0.020339241,0.6671512,-0.018986551,-0.020906841,0.020884754,-0.0030475655,0.24348377,0.24340001,-0.0038462547,0.27195543,-0.0026901334,0.011967614,0.063249126,-0.00633425,0.0734822,0.17087701,-0.0066360827,0.2606751,0.36315042,-0.0057113552,0.5290396,0.108271725,-0.018891593,0.16768022,-0.01576109,-0.011389802,0.3886494,0.14506422,-0.01063823,-0.019044328,-0.009646761,0.0048360005,0.08741802,0.12585278,0.03596001,0.022698268,0.49411356,0.042146567,0.8013928,-0.017905293,0.41639686,0.7932311,0.32298398,0.14779049,0.19090618,0.083306216,-0.0030852386,-0.006347501,0.4066453,-0.004722114,0.05691977,0.08247754,0.37589502,-0.021690827,-0.013233413,0.02008722,0.6470071,0.23922497,0.12247267,-0.016169364
TCGA-A2-A25C,0.06571531,-0.028062021,0.845358,0.22912253,-0.012616987,0.79245156,-0.039484758,0.022240229,0.09079481,-0.0005426556,0.089674965,-0.0016114492,0.08485146,0.19571532,0.18096375,-0.018948695,0.08305189,0.07755728,-0.006885677,0.23837785,0.011311118,0.3472569,0.39301023,-0.00725486,0.6844333,0.12235494,-0.003086957,0.087036066,-0.004244968,0.04002395,0.34265304,0.15169829,-0.014364197,-0.015892368,-0.0065543614,0.15156156,-0.0028888662,0.3932868,-0.002509766,-0.011794134,0.57431656,-0.00801451,0.8278438,-0.020097168,0.32755822,0.9528085,0.39034024,0.14265805,0.15083638,0.08393441,-0.0062693576,-0.017969439,0.3494761,0.0024709739,-0.0029836723,-0.01735975,0.3168589,-0.0056228437,-0.018551176,0.048512045,0.8526599,0.26441622,0.1068587,0.016614765
TCGA-A2-A25E,0.046538,-0.022743354,0.9285641,0.3872749,-0.015611979,0.7836378,-0.033792026,-0.014565452,0.03331602,-0.019350316,0.402935,0.25917166,-0.0061954735,0.15172549,0.18603337,-0.008229717,0.19112699,0.04232967,0.14113015,0.26271367,-0.0005496282,0.20886812,0.29356754,-0.0037825385,0.8200294,0.13777432,-0.0051729307,0.26229227,-0.0049534515,-0.015573685,0.36019433,0.10833472,-0.012505843,-0.019363506,-0.00017146874,0.20955987,0.0033636875,0.13250369,0.30972874,-0.005779642,0.6883701,-0.009770018,0.8625683,-0.006277775,0.33567613,0.9731214,0.33235213,0.08664928,-0.0037741826,0.12831798,-0.009751222,-0.01648728,0.3926011,-0.0060452926,0.02722905,0.030765064,0.40242922,-0.014769028,-0.020169245,0.23044163,0.91202587,0.3712144,0.15201195,-0.0050412035
TCGA-A2-A25F,-0.017315088,0.024551336,1.2077003,0.1366529,-0.0016188743,0.6791344,-0.04966202,0.21222866,0.08770277,-0.0053291814,0.0027201958,0.15165834,0.43893152,0.47400916,0.16797143,-0.01163397,0.31292883,-0.00593848,0.06434282,0.25132468,-0.006600886,0.19190021,0.61915606,-0.0038194617,0.94717234,0.20390019,-0.018152531,0.147528,-0.021992974,0.14012912,0.6022878,0.18872963,-0.03898735,-0.017981078,0.25512695,0.41925552,0.112555176,0.40669712,0.24424545,0.006962411,0.7999959,0.25065106,1.1478403,-0.044004496,0.18213977,1.3975066,0.76015073,0.29793572,-0.0014126525,0.21142054,-0.00080368895,-0.013764897,0.4931428,0.039969735,0.046173006,-0.0036480338,0.3353155,-0.015806705,-0.00024846668,0.13172176,1.0639862,0.28720623,0.44303218,0.09747249
TCGA-A2-A3KC,-0.013960605,-0.0067040473,0.44266546,0.06797859,0.00057298876,0.29968348,-0.01380139,0.079675876,0.047963563,0.057850227,0.046677046,0.0584216,0.07857187,0.029960308,0.030393684,-0.0034704243,0.0031887665,0.2121967,-0.00063755404,0.05389141,-0.007339009,0.06255714,0.218265,-0.0056452337,0.015439838,-0.007244433,-0.0060454737,0.054111198,-0.0017821243,-0.0045305165,0.17750193,0.045864936,-0.005973346,-0.0054199263,0.14343758,0.0141568445,0.040446304,0.14797184,0.0744167,-0.0030002918,0.25018016,-0.0027749874,0.49482718,0.04309544,0.18787836,0.5461556,0.24430645,0.18215439,0.17838724,0.018497724,-0.008812479,-0.012977746,0.1691306,0.051481247,0.11041416,-0.0019567297,0.1761467,-0.011755723,-0.004768437,0.14339718,0.5749563,0.052189272,0.069733605,0.084805325
TCGA-A2-A3KD,-0.008587579,-0.004350127,0.4623715,0.121172205,0.031666733,0.30854705,-0.014816019,0.10336608,0.0926352,0.08641367,0.050976884,0.082019866,0.0136940405,0.097350016,0.05575726,-0.0016073257,0.080080904,0.21705273,-0.008062005,0.05918314,-0.005979153,0.087362856,0.27054825,-0.006895752,-0.0038196102,-0.0011901489,-0.004669459,0.0041843876,-0.0029013925,-0.007068327,0.21575862,0.03330691,-0.0061906897,-0.012678695,0.19268303,0.057677347,-0.0023732183,0.15640238,0.08634214,0.003248684,0.35432926,0.022149539,0.5091727,0.04107096,0.18114485,0.5477345,0.28472665,0.24684767,0.21552013,0.018675946,-0.007661514,-0.002491702,0.24199218,0.062173337,0.09814373,-0.011940415,0.17757578,-0.015854105,-0.0039191633,0.15076482,0.62008184,0.10540894,0.025436394,0.106722176
TCGA-A2-A3XS,-0.0036856954,-0.01405781,0.8587024,0.13276272,-0.009481917,0.42505407,-0.027254084,0.0837722,0.018828124,0.1292716,0.09698099,0.17083918,-0.005700873,0.17068678,0.011452604,-0.015173713,0.1581831,0.18145025,-0.0020283305,0.13346316,-0.0073860525,0.12083672,0.31414506,-0.016334845,0.51511246,-0.004043205,-0.000911792,0.17389783,-0.0031045617,-0.014479339,0.4430252,0.3012509,-0.018500036,-0.017826037,0.22268596,0.06773873,0.07529634,0.22696541,0.24540712,-0.006232241,0.49006543,0.07364684,0.81191915,0.035376035,0.19882603,1.0969706,0.4800772,0.26391643,-0.004192901,0.12517968,-0.016593691,-0.008736099,0.46070114,0.11028093,0.08937534,-0.0066146995,0.4431571,-0.012967895,-0.0039037105,0.13256115,0.98215806,-0.005331208,0.18928888,0.14847527
TCGA-A2-A3XT,-0.0068745962,-0.0004992407,0.80225855,0.24842234,0.048171714,0.55720264,-0.023945995,0.09661038,0.050927997,0.22754078,0.061361235,0.15811425,0.026311725,0.12543073,-0.010276247,-0.005581634,0.23900133,0.3080557,0.01899422,0.2117352,-0.0050825663,0.053053293,0.46313214,-0.010754371,0.26942453,0.0047383904,-0.009790832,0.257504,-0.0052178176,-0.0042242496,0.37022042,0.19274935,-0.014923336,-0.015894268,0.3046103,0.06748055,0.06638658,0.11861926,0.24589153,0.038625464,0.49321392,0.072593704,0.9322394,0.0076063536,0.4444223,1.0961857,0.5037184,0.24419409,0.13709976,0.056738354,-0.013097748,0.0047497153,0.41810256,0.105044916,0.14065176,-0.01125257,0.2937097,-0.027201861,-0.0026722709,0.19589348,0.968726,0.03500039,0.19539204,0.19257541
TCGA-A2-A3XU,-0.006776237,-0.0224471,1.0675066,0.0028051585,-0.009127677,0.39386275,-0.026270984,0.27680618,0.3079518,0.14803448,0.36816022,0.19607818,-0.0049314704,0.47732723,-0.0105200345,-0.018516636,0.13658206,0.46290734,0.063300885,0.009552408,-0.019721823,0.00383522,0.45375973,-0.025675694,0.58340144,0.18351685,-0.020975027,0.06598609,0.1669328,-0.022336278,0.55268157,0.21493974,-0.029257674,-0.01914796,0.2687592,0.40054265,0.16102533,0.3034225,0.74452555,0.17580122,0.37018594,-0.008086169,1.0416867,-0.0021691502,0.33581772,1.4585057,0.96347547,0.2612754,-0.006322904,0.14919409,-0.014059941,-0.002971263,0.54809964,0.3574066,0.19115207,-0.04138885,0.22839518,0.28349325,0.10184948,0.34031236,1.2291669,0.21516319,0.34950727,0.34072757
TCGA-A2-A3XV,0.013167906,-0.005377244,0.80929047,0.021596696,-0.008882362,0.5999506,-0.010211465,0.115456805,0.048831798,0.17578775,0.14437802,0.21693097,-0.0017150495,-0.0037668466,0.1567244,-0.013558927,0.11912076,0.32860354,0.039658003,0.16574948,-0.02088626,-0.006644513,0.46136013,-0.006481798,0.21270211,0.07642317,-0.0012197121,0.17731425,-0.011267512,-0.005932137,0.40164927,0.43157488,-0.0073591694,-0.0056155864,0.0138726495,0.0073783547,0.045641046,0.1734775,-0.00046864152,0.012868583,0.35597858,-0.0098722605,0.6916893,0.01721016,0.3578018,0.9081202,0.13935792,0.014101528,0.0422965,0.14760697,0.018112212,-0.0049285,0.3881474,0.025666194,0.12543054,-0.015049835,0.49194133,-0.025209099,-0.0098980935,0.12812987,0.8520859,0.2974372,0.18979143,0.06634627
TCGA-A2-A3XW,-0.012592505,-0.009848537,0.7162559,0.14587674,0.08192717,0.39243868,-0.028828708,0.1573191,0.044376966,0.072920434,0.031068947,0.17410281,0.12000422,0.15956828,0.034573875,-0.0037086536,0.1322762,0.24836,0.07614289,0.1830806,-0.014636404,0.039731897,0.41824314,-0.017683605,-0.012257457,-0.0041160993,-0.005634164,-0.0012527484,-0.00090256054,-0.0017241897,0.20343964,0.10082151,-0.0012382733,-0.015437366,0.104893565,0.08059791,0.11126065,0.10768604,0.14790694,-0.0015212753,0.33200568,0.026270632,0.7064903,-0.0049237884,0.20648843,0.77567345,0.36618066,0.22469565,0.27232787,0.12480358,-0.02186483,-0.008550003,0.21630016,0.16845897,0.08400091,-0.0024450724,0.15417047,-0.021193987,-0.008417288,0.1346956,0.7211806,-0.0062912116,0.090844646,0.24657385
TCGA-A2-A3XX,-0.004439462,-0.0075024315,0.84454757,-0.0010074541,-0.011663285,0.41353965,-0.017479107,-0.007899497,0.0049276613,0.035461187,-0.0030479468,0.19938356,-0.0006987136,0.20281786,-0.007912746,-0.0059068655,0.20889498,0.28567877,0.053273477,0.13549383,0.06215352,-0.0008823816,0.17311616,-0.005628585,0.46517384,0.06763019,-0.013988765,0.22695766,-0.0032396452,-0.022067962,0.30457497,0.2099924,-0.024168892,-0.0149734365,0.36463973,0.10495444,-0.001297779,0.06366892,0.22126181,-0.0034566165,0.44021443,0.085164204,0.6898901,-0.015472521,0.2705076,1.132105,0.44206527,0.2140516,-0.0059544966,0.25099096,-0.022312477,-0.01038432,0.44633508,0.30436665,0.042508215,-0.007915,0.2587532,-0.013265783,-0.011558491,0.26823074,0.8583781,-0.0016614452,0.04657982,0.10156572
TCGA-A2-A3XY,-0.0045851595,-0.0051296307,0.66092676,0.004753642,-9.978879e-05,0.5212846,-0.019963358,0.105333075,0.026644288,0.12737542,0.016667023,0.23244347,0.095981166,0.085695475,0.051634308,-0.0051007066,0.125633,0.2034687,0.03378337,0.15437602,-0.0061976993,0.07074557,0.35514885,-0.0071388944,0.23175566,-0.004926657,-0.010705506,0.11903289,-0.0074120127,-0.0028867375,0.29730287,0.2262983,-0.008617202,-0.010090928,0.13237683,0.013715927,0.025604617,0.18165196,0.14082313,0.006226979,0.3952287,0.061645787,0.79149127,-0.0055032778,0.27889436,0.88291925,0.26116943,0.28035647,0.11623778,0.13357681,-0.0026247469,-0.015672833,0.41512492,0.19068317,0.12746675,0.041860178,0.30922872,-0.023381118,-0.005655821,0.20446877,0.7935354,0.03438224,0.14091894,0.15952288
TCGA-A2-A3XZ,-0.008280417,-0.006372606,0.37484908,0.05947007,-0.00029452314,0.26832816,-0.012844893,0.06321751,0.079416946,0.05804573,0.012983626,0.03896403,0.09285199,0.04092241,0.03822475,-0.0045586764,0.005693931,0.10986465,-0.005151614,-0.0005323134,-0.002490147,0.088454746,0.16197248,-0.0065935957,0.072782755,-0.007417301,-0.005867704,0.091454834,-0.002826479,-0.0030419868,0.15343052,0.05466134,-0.0060080015,-0.006643787,0.11032489,-0.0025434105,0.018534403,0.16352326,0.04952863,0.01566258,0.21502309,-8.854904e-05,0.39547735,0.07290458,0.124636546,0.4392367,0.19338042,0.1617962,0.11952968,0.00039147586,-0.010592328,-0.009923172,0.18951637,0.05687093,0.05461084,-0.0012051159,0.18131909,-0.0064552845,-0.0029980557,0.13850215,0.48657352,0.0059196725,0.04341453,0.05420156
TCGA-A2-A3Y0,-0.0033265017,-0.013062865,0.92100537,0.40814608,-0.008971345,0.71498907,-0.013272268,-0.00832375,0.036838993,-0.0014312313,0.070847884,0.17789954,0.034495745,0.094346434,0.037526824,-0.020358864,0.0728042,0.15742211,-0.0012002491,0.07939711,-0.010534811,0.030924816,0.27713224,-0.007313739,0.732582,0.05021712,-0.0100126015,0.15925498,-0.016554125,-0.013479968,0.36792254,0.29731306,-0.04413244,-0.023098862,0.23232925,0.17493774,0.17767586,0.27907503,0.40385836,-0.008185598,0.6088192,0.09982054,0.8533533,-0.014331318,0.19850627,1.2318555,0.6507479,0.30352157,-0.0024467602,0.25757286,-0.018422011,-0.024629647,0.47173327,0.07420538,0.008799655,-0.017258512,0.6195306,-0.016808245,-0.010959265,0.22864565,1.0456607,-0.006784953,0.05298615,0.27318156
TCGA-A2-A4RW,-0.004414524,-0.005246188,0.31518507,-0.001661186,0.008066015,0.2499116,-0.0154043315,0.031510755,0.02526347,0.0020966753,0.043042548,0.081418514,0.07242639,-0.0002638125,0.057627056,-0.0029944058,0.05908273,0.08557551,-0.0072874874,0.019620422,0.00044494309,0.030689128,0.18419062,-0.011678526,0.061846223,-0.008936188,-0.004025622,0.0749002,-0.0047154534,-0.0028525488,0.1855295,0.060145058,-0.0057234885,-0.0013093014,0.13615997,-0.006406439,0.026396738,0.14595476,0.032224014,-0.008910994,0.16566212,-0.0021227957,0.3023672,0.01767006,0.14030078,0.43391085,0.20197889,0.11803649,0.08754099,-0.0029236304,-0.0059118713,-0.005876941,0.14205441,0.025469074,0.059016667,-0.0024589577,0.17595877,-0.0059300824,-0.0004127367,0.13103999,0.4319443,-0.00056762545,0.012265008,-0.003660983
TCGA-A2-A4RX,-0.012799345,-0.003261139,0.5212677,0.08884981,-0.0012887388,0.36351272,-0.016613625,0.08783969,0.03662176,-0.0017333567,0.049733676,0.06341484,0.08965156,0.07141837,0.08500552,-0.0012499236,0.11033176,0.15892093,-0.010878614,0.020645853,-0.008545126,0.081110954,0.26113567,-0.0021289391,0.10244368,-0.0039895065,-0.012111179,0.083171666,-0.0075697685,-0.005353729,0.2842205,0.10138513,-0.008956978,-0.006976891,0.1841957,0.036158577,0.055195715,0.11764309,0.062143125,-0.0011682094,0.23314948,0.009402279,0.48566905,-0.0065286593,0.1254156,0.5550342,0.28273138,0.20470336,0.13846482,-0.004348578,-0.008277136,-0.009010697,0.15163574,0.01089648,0.118644334,-0.0021161404,0.25285822,-0.010232176,-0.0030035453,0.13188422,0.5838024,0.053919412,0.115719005,0.008430466
TCGA-A2-A4RY,-0.009989958,-0.00638908,0.43302625,0.005301226,0.035785608,0.29281014,-0.019296238,0.10122228,-0.00026680084,0.054920092,0.0016287155,0.09719269,0.12239076,0.120152205,0.06582338,-0.003960887,0.09234193,0.09828022,0.0018856004,0.1237248,0.02396226,0.075429164,0.26322538,-0.009852168,-0.004024345,-0.008575688,-0.010785605,0.030663062,-0.0059495526,0.03051724,0.20955864,0.012445542,-0.006689012,-0.0063417777,0.20630026,-0.0010950279,0.04192562,0.16477992,-0.0017030949,-0.0051557054,0.170743,0.027101774,0.39953166,0.009151321,0.13683495,0.48884413,0.2036339,0.1163045,0.23800641,0.0033793785,-0.005905593,-0.0076411488,0.13946941,0.019316057,0.03709712,0.024429433,0.1911709,-0.0069368924,-0.0031048467,0.12397071,0.572505,0.059717704,0.039230693,0.074089944
TCGA-A2-A4S0,-0.004456364,-0.009674395,0.38892353,0.08897425,-0.009103786,0.28530073,-0.013555196,-0.004754277,0.024278412,0.013362542,0.08300588,0.029025316,-0.002110349,0.1457257,0.0973659,-0.008057683,0.008729747,0.07260332,-0.0012915519,0.049298715,-0.00047840216,0.066472225,0.16185854,-0.0067989468,0.07310957,-0.008848331,-0.007841016,0.10098291,-0.005623385,-0.0072177188,0.1890238,-0.00080925616,-0.0019817904,-0.003997351,0.08213942,0.024095707,0.0855443,0.14439555,0.0017694123,-0.0052889674,0.27609742,-0.0007609699,0.36125627,0.039166234,0.24979044,0.4562176,0.25279552,0.097164735,0.08110693,0.06334444,-0.007525313,-0.0038453534,0.15191394,-0.0026221718,0.09652918,-0.0087287715,0.22216927,-0.01017323,0.010593461,0.030955214,0.43354046,0.24014047,0.038891923,-0.0030472549
TCGA-A2-A4S1,0.061580297,-0.006987311,0.7014963,0.0048765205,0.0704591,0.38787726,-0.03614583,0.17837276,0.041313026,0.1515013,0.10883151,0.14596643,0.00046493486,0.14378425,-0.0013089351,-0.0034125668,0.3053694,0.1983528,-0.0010438719,0.28338453,-0.008470441,0.1368003,0.57621914,-0.0253961,0.07377277,-0.008673112,-0.007610233,0.06551827,-0.013319092,0.078641266,0.4020321,-0.011611345,-0.00926499,-0.008283361,0.13618466,-0.004393756,0.02129943,0.118291445,0.022681259,-0.0047453623,0.4590936,4.280731e-05,0.65276694,-0.016353251,0.17461342,0.81530476,0.36446664,0.20510174,0.23075388,0.025781654,-0.0019745976,-0.013553935,0.21309096,-0.0026655113,0.13527134,-0.0066624493,0.22748378,-0.028327374,-0.00990509,0.15566112,0.8818355,-0.0014372327,0.10624546,0.20272256
TCGA-A2-A4S2,-0.010552386,-0.006193758,0.36396313,0.06814048,-0.0021941632,0.31957105,-0.022467146,0.03770438,-0.0066058147,-0.0018035852,0.053019945,0.124171466,0.08726612,0.11417425,0.0964143,-0.008283513,0.07713722,0.08475563,-0.0024868052,0.09427768,-0.0057405643,0.10766341,0.20306985,-0.008833237,0.094509706,-0.002756328,-0.004758496,0.0666156,-0.0053837034,0.018235188,0.21042152,-0.00022452837,-0.0024747846,-0.0038110074,0.10596595,0.025258262,0.05862339,0.15918079,0.004094649,-0.0035153765,0.18888111,-0.0011362613,0.36203113,0.01584893,0.21461597,0.41386533,0.24539009,0.15030079,0.17560296,-0.0019252411,-0.0047018453,-0.0050124316,0.17893368,-0.000119136275,0.041905835,-0.0056985267,0.21515562,-0.007030669,-0.0011404383,0.06599902,0.5020348,0.16174054,0.046389434,-0.0020545588
TCGA-A2-A4S3,-0.00061050477,-0.008318705,0.44024336,-0.0033328624,0.019660963,0.3577264,-0.011130336,-0.002711756,-0.00073773006,0.11187503,-0.0055039753,0.09418431,-0.0037721132,0.05939865,-6.137863e-05,-0.008540333,0.07363827,0.03363388,-0.009101286,0.0992516,-0.00022643246,0.05754431,0.2899064,-0.006669634,0.1605929,-0.010192055,-0.003409079,0.1456251,-0.008695723,0.013055537,0.29023805,0.09750599,-0.014091578,0.005790096,0.19244456,-0.013445228,0.014377527,0.14645821,-0.0018090651,-0.0092850905,0.16971214,0.02267133,0.45448387,-0.00089885667,0.15678382,0.5271083,0.26561633,0.20082372,0.0643546,0.0077889375,-0.00035291465,-0.008430421,0.19652477,0.009046836,0.071313605,-0.0012811244,0.32086423,-0.014852363,-0.004294359,0.13175236,0.5847926,0.02263569,0.08161509,-0.0014819
TCGA-A7-A0D9,-0.0039074994,-0.006236851,0.9152472,0.065161034,-0.0049628825,0.6915631,-0.026072418,0.18544057,0.072929926,0.068129934,0.10405338,0.16050954,0.19893825,0.27792194,0.29041576,-0.005827889,0.18432479,0.23717086,-0.008344446,0.4083109,-0.010791444,0.13657993,0.2753588,-0.008644621,0.19105701,-0.0007219758,-0.008143479,0.03940693,-0.009886732,0.023409195,0.36760902,0.38855296,-0.026137987,-0.009400442,0.2540854,0.26167977,0.11790676,0.21612957,0.11788158,0.047018804,0.5704068,0.030814849,0.7946013,0.0012031905,0.29678932,0.88198364,0.19452715,0.25335097,0.057943434,0.20040387,-0.0029972598,-0.014236728,0.40913114,-0.00046928434,0.15802158,-0.023591338,0.3688331,-0.024363982,-0.017725494,0.23495542,0.8259868,0.104416534,0.30210382,0.15292513
TCGA-A7-A0DC,-0.012351911,-0.004131399,0.57645047,0.21375956,-0.00032880233,0.50362164,-0.03383517,0.16316578,0.04919274,-0.0023359933,0.15337518,0.25452623,0.13122714,0.15364355,0.24693713,-0.007858107,0.14700475,0.01111692,-0.0029803053,0.2943317,-0.0062668673,0.13875784,0.35888544,-0.016637107,0.05477668,-0.0011811674,-0.0055814064,0.027667917,0.010806572,0.022374846,0.29045135,0.17790502,-0.008925815,-0.017354622,0.14654692,0.101080894,0.09921838,0.20504656,0.04314789,-0.005953837,0.39069495,-0.0068604886,0.59975046,0.017242186,0.25171316,0.74705565,0.2765207,0.10364918,0.13530108,-0.0026301434,-0.0057004923,-0.007657531,0.19683892,-0.0028179353,-0.0059949234,-0.012374156,0.15435143,-0.007519076,-0.005807991,0.04350202,0.7180628,0.1754803,0.2221829,0.105550215
TCGA-A7-A13D,-0.007630022,-0.007857309,0.71591884,0.033763614,-0.005844378,0.47087064,-0.04057779,0.16643086,-0.0031597104,-0.014456284,0.18059574,0.3110617,0.0061560757,0.15005144,0.06489666,-0.012009864,0.030377489,0.07940632,0.055833302,0.32904002,-0.013002011,0.19310954,0.25055793,-0.017020835,0.4917512,0.05172485,-0.015172939,0.26676464,0.012986109,-0.0071159597,0.41452205,0.19629072,-0.014941141,-0.026994556,0.21454588,0.19237557,0.24235924,0.21464247,0.17291035,0.0031527653,0.45912534,-0.010255749,0.6131419,-0.015710035,0.18401557,0.8933637,0.43140745,0.21537067,-0.0066092387,0.04966432,-0.0055845445,-0.009766319,0.44827968,0.12057173,0.06651721,-0.008049519,0.4059066,-0.007202811,0.015824562,0.19449452,0.8299151,0.24458125,0.16164997,0.021951139
TCGA-A7-A13E,-0.005959995,0.04558303,0.86915493,0.03260779,-0.003872805,0.56020254,-0.032432705,0.31769395,-0.00047852733,0.1174573,0.12373166,0.33591893,0.08504266,0.28051385,0.13235947,-0.022389865,0.15261617,0.077316836,0.0921363,0.60079867,-0.018852597,0.10729776,0.4680529,-0.015869906,0.22212942,0.0358453,-0.0088882,0.15633863,-0.002746717,0.052579556,0.4977854,0.24588785,-0.014081269,-0.027211005,0.1707978,0.26544303,0.19441423,0.18053728,0.015685637,0.030180782,0.5696613,0.036393672,0.8850891,-0.013133769,0.3076313,1.1127287,0.40992677,0.20227687,0.14420162,0.15916511,-0.013405994,-0.017586911,0.37593183,0.20814776,0.0011084285,-0.00669947,0.21865903,-0.020449927,-0.018521575,0.20624776,0.9335601,0.13707788,0.27540043,0.34025204
TCGA-A7-A13F,-0.00065112766,-0.009069674,0.7809196,0.064819634,-0.008834606,0.53373957,-0.021857653,0.21835856,0.10769309,0.08297004,0.004434064,0.11162782,0.11054401,0.20092842,0.15337849,-0.008594129,0.20595236,0.13459894,-0.007310301,0.36231774,-0.0068238187,0.1770969,0.3275927,-0.007182151,0.1364318,-0.007934007,-0.0064570988,-0.009795906,-0.009439358,-0.002191928,0.4686212,0.07533872,-0.012612104,-0.014463949,0.17205992,0.25130564,0.0789461,0.23715588,0.0030142143,0.053306885,0.59447616,0.06450014,0.80045426,-0.011371358,0.2901147,0.9958672,0.27814087,0.15313025,0.13036852,0.11837708,-0.013479727,-0.00096702465,0.36500043,0.029007295,0.015960976,-0.027408186,0.23933415,-0.010055308,-0.010707934,0.15323825,0.93897855,0.2336062,0.19867048,0.31373483
TCGA-A7-A13G,-0.0015263577,-0.00860879,0.7695438,0.07315609,-0.011429611,0.5574153,-0.02108964,0.24312101,0.1108869,-0.0047011576,0.060716342,0.2258796,0.24846375,0.2260868,0.31139883,-0.013593936,0.18119879,0.049904294,0.021551568,0.33706167,-0.011125777,0.14999647,0.39946976,-0.00967773,0.034055833,-0.0045343214,-0.008262484,-0.0028988465,-0.0063940207,0.10374327,0.36655968,0.2674775,-0.009119229,-0.007046789,0.037694726,0.18775044,0.15942062,0.21468028,-0.007568353,0.048292242,0.5183622,-0.0018634889,0.6650011,-0.017531779,0.3063846,0.9371638,0.1641542,0.13469641,0.07516976,0.15193143,-0.0032333531,-0.017731557,0.31074333,0.070631295,0.085073076,-0.02728256,0.20765047,-0.010845708,-0.011890532,0.18203503,0.7561868,0.3415424,0.24055177,0.29711926
TCGA-A7-A13H,-0.008988685,-0.0060501858,0.4349928,0.056351792,0.019157348,0.28100175,-0.016030973,0.067073226,0.040997118,0.046674147,0.013396522,0.10591978,0.055490837,0.05188986,0.04959111,-0.005156722,0.059299067,0.13971125,-0.0046627074,0.022054989,-0.008945871,0.037932977,0.2421151,-0.009833991,-0.0010415342,-0.004865629,-0.005130726,0.030203756,-0.0014262223,-0.0032464042,0.18011683,0.017144682,-0.0028857624,-0.008129703,0.104846366,-0.001185653,0.07855123,0.16013777,0.025338441,-0.0012452033,0.22075316,-0.00055640825,0.46414322,-0.0017944068,0.1692645,0.508882,0.24603024,0.20919374,0.1762659,0.00963188,-0.011189744,-0.0077824877,0.13427466,0.09556772,0.06603882,-0.006655441,0.17532265,-0.010929084,-0.0035419085,0.113029666,0.54019654,0.025754467,0.051358838,0.07910688
TCGA-A7-A26E,-0.007769467,-0.007741896,0.5224583,0.055347744,-0.0013482076,0.38839498,-0.026036942,0.11021201,-0.0025849927,-0.0038269178,0.15400214,0.1774671,0.06526394,0.11395438,0.0894005,-0.009310927,-0.00061074796,0.10955791,0.05545596,0.15475743,-0.007997328,0.05786754,0.30563068,-0.015657661,0.15756369,0.01554456,-0.0014011984,0.1196469,0.02164955,-0.0024317838,0.3395074,0.050768297,-0.007839564,-0.011201388,0.10140501,0.08974154,0.057717472,0.19379601,0.046373665,0.019388102,0.29762873,-0.0052788896,0.55461776,-0.0012114156,0.1934368,0.67517483,0.2686254,0.10443396,0.1476125,0.034941785,-0.006088249,-0.009333754,0.20807567,0.0161687,0.036614187,-0.0015615986,0.19459395,-0.009011581,-0.007870602,0.11793677,0.6061037,0.2244764,0.05025256,0.0701884
TCGA-A7-A26F,-0.0017285573,-0.0037274768,0.6351797,0.04122963,-0.0073941164,0.41563568,-0.019388912,0.066315025,0.0014703833,0.036501683,0.09296402,0.116373196,0.0037672557,0.14662811,0.08927481,-0.009607262,0.097489685,0.094029784,-0.0038051025,0.16066296,-0.010109933,0.12539952,0.26684013,-0.011103125,0.37610886,0.035462458,-0.0045043593,0.2076927,-0.0018743034,-0.0029770394,0.37927747,0.15101486,-0.010499974,-0.010448746,0.10047012,0.02344637,0.030477636,0.17810763,0.008877777,-0.006529248,0.34117687,0.0075462237,0.5990229,-0.009234215,0.1755154,0.7118885,0.36133716,0.16569245,0.041532375,0.07463191,-0.008573517,-0.010980836,0.26133308,0.054679878,0.03769005,-0.005787007,0.2967208,-0.019457925,-0.008028131,0.09288813,0.6766305,0.14578715,0.12307423,0.019448534
TCGA-A7-A26G,-0.008409976,-0.0036408268,0.5079171,0.040880267,-0.0042753303,0.3526297,-0.018190404,-0.00023661907,0.034362197,0.042397678,0.06144697,0.073623076,0.023578536,-0.0008125189,0.07717694,-0.005190041,0.032932457,0.14529328,-0.011176276,0.1276872,-0.006074874,0.0884794,0.19347782,-0.002929936,0.19021396,-0.009351977,-0.00537308,0.06975651,-0.009566482,-0.0029930745,0.21579634,0.0646099,-0.0086485585,-0.0015718598,0.16230175,0.09466635,0.005607117,0.19420642,0.02908587,-0.0015629232,0.2825886,0.029256962,0.48700097,-0.0062980424,0.26379955,0.5628219,0.31360364,0.11741838,0.13297443,0.051157154,-0.002984076,-0.011240915,0.2114087,0.05803155,0.03530737,-0.008476968,0.24309029,-0.00971841,-0.00943346,0.1658555,0.6247697,0.0831994,0.13216075,0.055971228
TCGA-A7-A26H,-0.0073275655,-0.004020576,0.4049436,0.06641027,-0.003741481,0.31970927,-0.013023528,0.033382766,0.03833619,0.045391217,0.02977787,0.060111485,0.10370058,0.08190503,0.07626156,-0.003971712,-0.007224846,0.080416545,-0.007389138,-0.0019356922,-0.003126011,0.06093112,0.16455045,-0.007500516,0.08782449,-0.0059185564,-0.0052800043,0.03041384,-0.006966927,-0.002992327,0.19269887,0.06476346,-0.0077076005,-0.008247784,0.07218136,-0.0039054768,0.032818202,0.19438821,0.046038292,-0.0031337,0.2291651,0.0020641312,0.41311544,0.051788043,0.15145618,0.43032992,0.22265267,0.15527241,0.13104616,0.000121973455,-0.0044307546,-0.012765683,0.16654763,0.055304497,0.07974789,0.0023544235,0.21994215,-0.014429748,-0.0049676015,0.07181906,0.4510184,0.07486831,0.011088964,0.016281962
TCGA-A7-A26I,-0.0029642433,-0.0049334704,0.7490329,0.045036685,-0.016982498,0.44389114,-0.029880254,-0.0035287102,-0.004088991,-0.004959628,0.056342218,0.18027458,-0.0064978735,0.14387897,0.018181402,-0.012503448,0.10441247,0.06861308,0.023880683,0.16395813,-0.008656279,0.019568767,0.39278042,-0.009212322,0.37279832,0.092221014,-0.015222872,0.18685359,-0.006500445,-0.005868133,0.46734333,0.13707381,-0.015692333,-0.011087171,0.0983927,0.12653056,0.050744776,0.19554636,0.024644177,-0.0024719283,0.46973056,0.026447693,0.65613705,-0.012502833,0.2420281,0.8884801,0.5080354,0.15620252,-0.0017782949,0.15759853,-0.0062071155,-0.007828868,0.43232167,0.11456908,0.08023708,-0.00943166,0.3367196,-0.016256763,-0.0016683834,0.12346942,0.7568474,0.20746917,0.15869161,0.048881322
TCGA-A7-A26J,-0.011481918,-0.00839696,0.5512614,0.095185935,0.023644833,0.43810996,-0.027022729,0.10511598,-0.00064191484,0.011264693,0.075242,0.18747625,0.038411777,0.10287623,0.07265862,-0.0066872626,0.029656261,0.12810655,-0.00014933757,0.16899556,-0.007852786,0.082135305,0.28212947,-0.008818099,0.14575921,-5.8948995e-06,-0.006949962,0.13748363,-0.001031272,-0.0071389438,0.3145313,0.10280758,-0.007794699,-0.014605607,0.114195004,0.044068795,0.054336164,0.17583227,0.058175705,0.007001944,0.28882736,-0.0064579877,0.56175977,-0.004449088,0.2032448,0.6842804,0.30828878,0.13398932,0.16199282,0.09326392,-0.0091815,-0.01004296,0.26052454,0.12377457,0.01829862,-0.0010892176,0.24537782,-0.017845247,-0.007501136,0.09926611,0.64923507,0.18870744,0.07325919,0.04662151
TCGA-A7-A2KD,-0.008538254,-0.008080554,0.6418647,0.06426041,-0.0052763694,0.39781332,-0.019756226,0.036406122,0.019871678,0.101654395,0.07521261,0.07387607,0.04972978,0.040746696,-0.002682846,-0.007120812,0.027202655,0.22615997,-0.003465715,0.056331653,-0.0072248937,0.041825794,0.23348005,-0.0051555107,0.15389119,-0.0029557913,-0.009904495,0.1265715,-0.005775762,-0.010458444,0.22751252,0.1029083,-0.0059012584,-0.0065640076,0.09016304,-0.0012556671,0.021529343,0.23461768,0.08639611,0.013950489,0.30036697,0.017586863,0.65940374,0.0026087016,0.25834867,0.72881067,0.28504112,0.2150143,0.1097866,-0.00030816795,-0.0141878445,-0.011345471,0.27757338,0.088167585,0.16092272,-0.003920144,0.33194816,-0.014160796,-0.00011270852,0.112228416,0.6919118,0.049538944,0.08284806,0.046287797
TCGA-A7-A3IY,-0.0027635705,-0.0026261683,0.60416657,0.060148034,-0.0060914992,0.4252871,-0.022122199,0.0438834,0.017096147,0.08212577,0.056376867,0.089665085,-0.0068619936,0.04793592,0.018677618,-0.00827656,0.13541257,0.16364422,-0.0008878749,0.22416262,-0.011686262,0.039053798,0.393939,-0.008981674,0.13729893,-0.002855751,-0.0099155875,0.07299644,-0.005359352,0.01718985,0.35904422,0.022652829,-0.0032624088,-0.0014794682,0.09415928,0.039297067,0.07982344,0.18174484,0.076846264,-0.00056219584,0.39330348,-0.006321028,0.6481517,0.025137013,0.3563881,0.7633522,0.43339345,0.21691687,0.100962445,0.01652931,-0.011470672,-0.002901232,0.3173916,0.042881064,0.08444861,-0.015135159,0.291091,-0.020172525,-0.00079941395,0.09849273,0.7785972,0.122403905,0.15485686,0.11216596
TCGA-A7-A3IZ,-0.010939854,-0.014638076,0.4572887,0.096347556,-0.0025837852,0.43406364,-0.010169461,0.02709568,0.049441576,0.12096952,0.110545725,0.005662989,0.033905152,0.08455406,0.07137155,-0.004150758,-0.006160011,0.2468931,0.05735299,0.03970607,-0.007413488,0.09983389,0.22515517,-0.0033560172,0.0032402463,-0.020054335,-0.005569286,0.049640495,-0.006409897,-0.012542044,0.17615765,-0.01065277,-0.004225056,-0.015697466,0.18298107,0.032443132,0.0016421191,0.19349931,0.17431758,-2.5347994e-05,0.40462652,0.012017626,0.56791663,0.1405983,0.24000822,0.62888867,0.2866206,0.15085733,0.29236442,0.020371139,-0.009274741,-0.013748816,0.22985068,0.012921238,0.16274227,-0.0039391452,0.28656557,-0.016245788,-0.0016280407,0.06128842,0.62545705,0.1386172,0.033712585,-0.00049134716
TCGA-A7-A3J0,-0.0077764615,-0.014811217,0.38117456,0.2953926,-0.00071851985,0.16270997,-0.017102582,-0.004796368,0.12119353,0.041950516,-0.00034479873,-0.00023986437,0.0012934282,0.09300689,0.011781279,-0.012922448,-0.010902519,0.22909646,-0.0085156495,0.43992993,-0.0012574041,0.16802293,0.2699205,-0.004352509,-0.00019525923,0.005742749,0.10811893,0.1428962,-0.0067745345,-0.021982497,-0.012642274,-0.02022669,-0.0004749346,0.016026076,-0.0013021432,0.036493864,0.081223495,0.21200602,-0.016053116,-0.007748872,0.33116946,-0.0012689829,0.4507377,0.14669566,0.32129818,0.27271792,0.39166507,0.07936636,-0.0038373165,0.31953707,-0.0012785596,-0.0017677847,0.2647315,0.13344878,0.14007434,0.04418081,0.16047464,-0.02999237,-0.0057705757,0.1382988,0.604008,0.22870842,-0.009808577,-0.013834484
TCGA-A7-A3J1,-0.012259123,-0.008341382,0.443071,0.08903454,0.009217856,0.30119565,-0.016669447,0.07254577,0.06755871,0.05582998,0.0027864985,0.114430085,0.09338409,-0.0011904085,0.037993096,-0.004868258,-0.00024660007,0.16890542,-0.0045477003,-0.0011279878,-0.007298612,0.0403852,0.2076518,-0.0050771087,-0.0032484455,-0.008748963,-0.007263705,0.03401032,-0.0049148537,-0.00554714,0.18968025,0.04174894,-0.0027781941,-0.008467704,0.14045416,-0.00016974435,0.03243793,0.15169135,0.03168925,-0.00327046,0.21443601,-0.0038955088,0.4541451,0.015296057,0.1784203,0.51873714,0.2444686,0.19358975,0.18781649,0.07215495,-0.010867355,-0.010278917,0.1348722,0.08214581,0.076576196,-0.0047004186,0.20378216,-0.012895566,-0.0042996136,0.11723796,0.5342829,0.03685115,0.058092,0.021359362
TCGA-A7-A3RF,-0.011658623,-0.0007964011,0.7717441,0.10463296,-0.0064414493,0.54976636,-0.021642333,0.021104883,0.07503429,-0.00636892,-0.011845638,0.11724888,0.06837618,0.09198518,0.036748204,-0.0014993768,0.04288822,0.19205289,0.03966316,0.0431248,-0.00037044976,0.110036716,0.21753456,-0.010452348,0.050444257,-0.0066668214,-0.0062337383,0.040726587,0.0828133,-0.016246209,0.22786906,-0.0018539263,-0.009365151,-0.014741878,0.16371766,0.17783307,-0.010268158,0.03559535,0.22956549,-0.013290844,0.34344703,0.049348526,0.69582105,0.010062974,0.36886007,0.7228052,0.3569125,0.2528951,0.10261105,0.21683177,-0.009272397,-0.0036329918,0.2391352,-0.009747532,0.18466988,-0.0017912027,0.28743502,-0.03110717,-0.00078592246,0.09803253,0.64865,0.22662461,0.0903898,0.016934015
TCGA-A7-A425,-0.006036896,-0.007326337,0.39850825,0.012035366,0.003232155,0.29807448,-0.015599544,0.09707059,0.014242962,-0.0014318526,0.052798927,0.073456556,0.08134375,0.06569364,0.08716293,-0.0031308332,0.09207866,0.08972001,-0.0078029097,0.11529721,-0.0016928436,0.0891127,0.22926311,-0.008435444,0.040760692,-0.0046451446,-0.0043526078,0.022091797,-0.0030377347,0.01703298,0.22401041,0.055570286,-0.006926842,-0.0037711305,0.11532955,-0.0048171454,0.059256986,0.13577023,0.0063073933,-0.0047657173,0.21001624,-0.0027310315,0.4087982,0.005814448,0.15518992,0.51581293,0.19462988,0.111776315,0.15183525,-0.0040939073,-0.0047049928,-0.0057835444,0.13404301,-7.4906275e-05,0.02855584,-0.006075714,0.1835875,-0.006776602,-0.004425471,0.115565374,0.5102706,0.0603862,0.051649135,0.048067763
TCGA-A7-A426,-0.009667287,-0.009940914,0.3518793,0.031580683,0.04763513,0.24898669,-0.019323362,0.096623674,-0.0011870534,-0.0008966331,0.021774739,0.14408678,0.08654621,0.06574753,0.12541234,-0.0020937975,0.035962597,0.008099252,-0.0074747587,0.084819674,-0.0037972943,0.061447408,0.26505977,-0.011336221,-0.007166677,-0.0006704113,-0.008099235,-0.0023130835,-0.00044877522,0.030896429,0.17714077,0.09393464,-0.005469039,-0.00538759,0.10973203,-0.0034706665,0.06664746,0.103995055,-0.004573325,-0.003545347,0.1666131,-0.0008395452,0.3126453,-0.001694845,0.15358682,0.3975768,0.17689791,0.12916969,0.21756704,-0.0071491213,-0.0050067217,-0.005944366,0.12177399,0.042856686,-0.0014234489,-0.0025307152,0.15389992,-0.00744651,-0.0017058911,0.11673771,0.45524687,0.08926126,0.004976332,0.06436333
TCGA-A7-A4SA,-0.0005415325,-0.010387077,0.4405477,0.061132442,0.010078099,0.30908027,-0.014683748,-2.6106649e-05,-0.002582128,0.0204117,0.06163786,0.10590058,0.028134404,0.083780035,0.0046656765,-0.005490753,0.07114722,0.043223634,-0.00063976983,0.11679958,-0.004730869,0.08899447,0.19529434,-0.007612364,0.081446245,-0.0031829935,-0.001129665,0.10946584,-0.005985552,-0.0062098773,0.21803567,0.0136698745,-0.009325538,-0.003947606,0.08570882,-0.0066627264,0.08478896,0.16352811,0.060520947,-0.008662759,0.22091812,0.0139142815,0.3986569,-0.00050610903,0.17849445,0.51271045,0.21705216,0.17008682,0.11007754,-0.005496895,-0.008289662,-0.004953762,0.15507194,0.01213727,0.10491734,-0.005162234,0.20917524,-0.008267927,-0.0019957668,0.090267606,0.43634593,0.0028688386,-0.0038140633,-0.0044468376
TCGA-A7-A4SB,-0.008784171,-0.010047758,0.28923795,0.017424513,-0.0037342736,0.2502096,-0.018932793,0.058009118,-0.0010560107,0.007790994,0.06227533,0.084815234,0.08274487,0.08120836,0.08398142,-0.004043163,0.009140026,0.08283127,-0.008533466,-0.0012076854,-0.0025991006,0.10506719,0.18403909,-0.005361813,-0.0026922466,-0.010065048,-0.005011394,0.080592826,-0.0018034043,0.012590352,0.152968,0.017894315,-0.0010768867,-0.005418793,0.14777154,-0.0026510847,0.014915239,0.14067563,0.040025666,-0.0038525232,0.14880805,-0.0012186271,0.26579648,0.07491047,0.20005468,0.34580344,0.17839468,0.14833097,0.16752702,-0.004065642,-0.0067560337,-0.0070794346,0.099280715,0.014171908,0.052292593,-0.0059540155,0.16121398,-0.010948724,-0.0032336402,0.052037284,0.4210559,0.1185898,0.042616602,-0.0043403576
TCGA-A7-A4SC,-0.008248113,-0.0051714345,0.2859445,0.04145373,0.008476121,0.2150425,-0.015051368,0.063907295,-0.00067478756,0.005404532,0.03216581,0.09089625,0.084825575,0.064960025,0.0821782,-0.0046124803,0.040902108,0.06687378,-0.005899749,0.028470997,-0.0023781003,0.07481642,0.17971668,-0.0073099034,-0.0027220408,-0.0053144596,-0.0056484956,0.04256364,-0.002964543,0.0069067217,0.15585263,0.008608298,-0.001726926,-0.004563891,0.12343256,-0.002016525,0.051979728,0.10647096,-0.00096185616,-0.0019240029,0.13493082,-0.0015927885,0.27648297,0.018829994,0.13021424,0.36782938,0.17825049,0.14470077,0.17337672,-0.0025080077,-0.0073643215,-0.0054733413,0.13780653,0.034144014,0.016016169,-0.0027686998,0.15767469,-0.0073563247,-0.0018463014,0.081763536,0.38774842,0.06500633,0.032570656,-0.0010985427
TCGA-A7-A4SD,-0.006280437,-0.008410456,0.41088563,0.06698999,0.04196561,0.31644392,-0.015570325,0.014944989,0.022005018,0.05861661,0.04027281,0.095641494,0.022524167,0.15552431,0.09195285,-0.0032140643,0.13997892,0.037719287,-0.0052505243,0.11273813,0.031250164,0.0897408,0.2809734,-0.008872076,0.1524477,-0.0077167596,-0.010069531,0.11941959,-0.008598774,0.008086059,0.3255689,0.1082515,-0.0069380566,-0.010031149,0.21944776,-0.0038170193,0.09646416,0.145568,0.028320573,-0.008040461,0.2095433,0.018263947,0.41293234,0.049430452,0.12296054,0.50562465,0.34531972,0.1302054,0.14058293,0.0453239,-0.0050031804,-0.00017894134,0.22606918,0.00030282326,-1.6144477e-05,-0.006781862,0.2156098,-0.0071459906,0.015475448,0.13903596,0.53955185,0.01645478,0.05871177,-0.0008619435
TCGA-A7-A4SE,-0.0065805227,-0.011157157,0.4861604,-0.00091096497,-0.0031215276,0.35871226,-0.022522368,0.07681263,0.06319628,0.0013351142,-0.0013614737,0.124919325,0.08400571,0.10644916,0.049245093,-0.009721918,0.046283636,0.12438677,-0.0005171955,0.19814825,-0.009752707,0.071704745,0.31019804,-0.0075907605,0.17667079,-0.0028607373,-0.00939087,0.06344225,-0.007825985,0.013324555,0.30389372,0.11738166,-0.006519445,-0.0060570906,0.19595438,-0.0007914618,0.06931488,0.19201669,0.08681237,-0.0032558234,0.21552692,-0.00042990036,0.51926786,-0.008250331,0.1436986,0.6283138,0.34643802,0.17592144,0.065904595,0.044165112,-0.008642349,-0.011868509,0.2388708,0.06266315,-0.00027434473,-0.0060944967,0.27412224,-0.010794367,-0.009211704,0.15247032,0.5668104,0.07414596,0.109354734,0.10066259
TCGA-A7-A4SF,-0.0014116954,-0.006095496,0.34182855,0.066826865,-0.00033717407,0.29000124,-0.0111330375,-0.0025563785,0.021940228,0.045662947,0.028282234,0.082522124,0.00063502043,0.057103068,0.0748187,-0.007741791,0.03888531,0.014696138,-0.00093086733,0.03897686,-0.0034145154,0.14347559,0.13373643,-0.008496793,0.14658268,-0.005562165,-0.0041478216,0.1405437,-0.006358055,-0.0037096601,0.17100859,0.07946819,-0.007345721,-0.0014704466,0.11598717,-0.004460402,0.05132934,0.11485228,0.014790587,-0.008810974,0.1662799,-0.0022070669,0.3438325,0.025345515,0.14478362,0.36918154,0.21507949,0.14795479,0.07153375,0.0034751445,-0.008541786,-0.008942048,0.16209573,0.010211593,0.06007973,0.0038445955,0.21091525,-0.010253267,-0.0034754965,0.08529444,0.38570547,0.04030237,-0.00074963237,-0.0108443275
TCGA-A7-A56D,-0.010069418,-0.0011274461,0.29868385,0.0068320297,-0.0033192716,0.23452628,-0.011252646,0.029249888,0.010026798,0.022323526,-0.0015443448,0.0388998,0.057299145,0.0055581955,0.054359637,-0.003055627,0.034733593,0.092584945,-0.0062404093,0.048694726,-0.003412231,0.07545833,0.12232217,-0.005028996,0.04540528,-0.00852428,-0.008006801,0.08362189,-0.0014897886,0.0017895214,0.20026225,0.031367123,-0.004634557,-6.5315886e-05,0.13889132,-0.0068097473,0.053517237,0.13398257,-0.0011734637,-0.005723231,0.11341238,-0.0042168987,0.33032727,0.012524011,0.08856071,0.38699067,0.17501745,0.18296975,0.05391328,-0.002859128,-0.005928027,-0.009616258,0.12660654,0.024779411,0.076888725,-0.002289847,0.1806667,-0.0055106455,-0.0017270806,0.11612157,0.42267418,0.034592807,0.061902825,-0.00076601916
TCGA-A7-A5ZV,0.021780964,-0.016888125,1.0893033,0.32331827,0.047531024,0.8291748,-0.030441483,-0.01492886,0.07905741,-0.0037189468,0.02453674,0.108260795,-0.0009782668,0.7688049,0.38194075,-0.01895122,0.101489455,-0.0018130152,-0.016985515,0.1859712,-0.013761423,0.31450644,0.3750209,-0.028087458,0.9953457,0.065454036,0.02128281,0.33401495,-0.028851448,-0.011830098,0.47014105,0.2817765,-0.00945768,-0.01023228,0.6423014,0.33136156,0.17572175,0.139929,0.089346305,-0.0033290305,0.6676562,0.16048676,1.0549673,-0.00736608,0.25756258,0.9792503,0.43557322,0.2797492,0.010382912,0.33824664,-0.011420851,-0.0116126565,0.33606562,-0.0050479644,0.07813442,-0.012277729,0.6941635,-0.026402745,-0.0037146967,0.05817081,0.994152,-0.00029727706,0.5059935,0.10427244
TCGA-A7-A5ZW,-0.010260272,-0.0035571528,0.3323621,0.020224426,-0.0020907612,0.22354949,-0.016246853,0.07514635,-0.0007930961,0.04332743,0.010432534,0.069673814,0.08817829,0.054642193,0.0647333,-0.0024793395,0.028288398,0.112727806,-0.007950805,0.044042762,-0.0046420186,0.03452115,0.21992582,-0.0078707505,-0.0025055434,-0.007075298,-0.009375414,0.04001583,-0.0062255687,0.03305522,0.19899486,0.027605943,-0.0029361825,0.015581582,0.12667422,-0.0060686967,0.050804004,0.15449297,0.00018973276,-0.0066457875,0.15787776,-0.00045195222,0.3329708,0.054169625,0.123562515,0.41018194,0.2303738,0.15911955,0.14264491,-0.0035198338,-0.008100423,-0.005982358,0.120671675,0.02466532,0.065777086,-0.0037060448,0.1872534,-0.010155152,-0.0047776056,0.11535855,0.45394272,0.05363596,0.051399503,0.026386
TCGA-A7-A5ZX,-0.0052840835,-0.009946751,0.25451067,-0.00033680684,0.0051674675,0.22294998,-0.013015655,0.039999776,0.032674283,0.048189342,0.034818612,0.07518768,0.06512247,0.050811894,0.075658746,-0.0026292715,0.0021228716,0.08888123,-0.00305837,-0.0005502511,-0.0022032866,0.0431047,0.18768893,-0.0068539307,-0.0055941003,-0.006367302,-0.007258924,0.03973282,-0.0025245738,-0.0019936494,0.13666771,0.031737603,-0.002351295,-0.0030650531,0.1094816,-0.002053261,0.04759921,0.11267471,-0.0011749975,-0.0060615796,0.12752622,-0.00037342665,0.28210038,0.03943026,0.10351777,0.32548237,0.1325773,0.11227085,0.18448746,-0.0029508665,-0.0076995776,-0.0070877657,0.10011554,0.049203865,0.055521555,-0.0009601032,0.15726216,-0.0076982947,-0.0039631356,0.082510486,0.4078291,0.03713603,0.019136947,0.0012826845
TCGA-A7-A6VV,-0.008591655,-0.0051880884,0.4940353,0.08047034,-0.010880424,0.34192288,-0.01394423,0.050362825,0.023690864,0.07148931,0.06590699,0.06001711,0.026192406,0.10976663,0.02821872,-0.006860097,0.019777836,0.18543062,-0.0011669822,0.057669643,-0.009556407,0.026195824,0.21344997,-0.004001417,0.089956954,-0.0019082662,-0.010416748,0.08215803,-0.0043695187,-0.0038034038,0.25566494,0.10327169,-0.006711615,-0.007014522,0.15240204,0.027664188,0.09317608,0.14478569,0.053500406,-0.00635082,0.26423162,-0.0008737564,0.5207112,-0.0005173624,0.16819288,0.5879701,0.3162386,0.18159547,0.13810436,0.034185767,-0.009541194,-0.010773715,0.22029513,0.08053255,0.101811714,-0.005983114,0.28670734,-0.008982363,-0.0035024222,0.100185774,0.54857695,0.05650662,0.1195893,0.055672333
TCGA-A7-A6VW,-0.0017262157,-0.014996682,0.5279087,0.08020784,-0.0049358825,0.3916374,-0.017219046,0.049338855,0.021389646,0.1212831,0.046272345,0.10107011,-0.0003114503,0.10743202,0.072018445,-0.0103594,0.02274036,0.052929178,-0.0060612382,0.09684493,-0.0059784087,0.16356452,0.20723094,-0.00626646,0.32293132,-0.010841622,0.017427344,0.16852565,-0.0042772754,-0.0066068247,0.2937742,0.2319654,-0.009458183,-0.012050839,0.25373012,-0.0011590945,0.11668095,0.15047021,0.11094211,-0.010837678,0.24510995,-0.0015040431,0.59311265,0.0055120736,0.09684782,0.6561637,0.33492953,0.20144117,-0.0030810803,0.078594364,-0.0061582937,-0.010705155,0.2840982,0.08147977,0.08530618,-0.007352132,0.32246947,-0.01168218,-0.0043591084,0.15206128,0.6316961,-0.0045557655,0.1156677,0.062206127
TCGA-A7-A6VX,-0.0015755792,-0.012190594,0.41229612,0.060842145,-0.0039141434,0.25777867,-0.011688974,-0.0020079531,0.012860665,0.024708018,0.13487768,0.10841838,-0.0019040343,0.06671891,0.060346484,-0.004801222,0.023081485,0.12504444,-0.0025057443,0.013158385,-0.007950622,0.07942812,0.18596424,-0.008115782,0.06295946,-0.004424878,-0.0030717633,0.08331238,-0.0052653574,-0.008674738,0.16651627,0.01067332,-0.003734573,-0.0039352393,0.08925429,0.041610237,0.041574333,0.1505869,0.025353111,-0.003354455,0.24571146,-0.0009252452,0.43968073,0.07370919,0.17030174,0.46902764,0.18351099,0.13397989,0.13886738,0.019494753,-0.010856023,-0.011889524,0.19419962,0.014495997,0.08516859,-0.002081614,0.2609147,-0.0063910694,-0.0026381395,0.11697662,0.45908093,0.07450685,0.047700193,-0.0031718947
TCGA-A7-A6VY,-0.007849671,-0.007329777,0.44802016,0.061207768,-0.0071207792,0.2829223,-0.016348742,0.10013117,-0.0010058954,0.02645494,0.007504467,0.06801703,0.08463876,0.06872986,0.08133016,-0.009461778,0.02144173,0.0491876,-0.010519658,0.08562003,-0.003289158,0.10657483,0.1638533,-0.009892582,0.21466787,-0.0112037305,-0.006288022,0.13499457,-0.012892946,0.020786654,0.3033277,0.13571231,-0.01708861,-0.0042670784,0.1635613,-0.0029954787,0.11713084,0.19261804,0.0034480467,-0.01100147,0.27282333,0.047972213,0.48622575,0.009199899,0.10486166,0.564177,0.2997935,0.19876951,0.03155857,0.056795448,-0.0073435316,-0.01310874,0.24483782,0.0028963927,0.04767376,-0.006704586,0.30529612,-0.013717233,-0.0024201903,0.17212285,0.5838962,-0.004987888,0.10363278,0.056128383
TCGA-A8-A075,0.07551863,-0.0209812,0.6563946,0.011338141,-0.008503717,0.38331154,-0.027502298,0.06789152,-0.0062716575,-0.0016810003,0.047028963,0.122260794,-0.0131188575,0.006375986,0.03173935,-0.0075491327,0.06209984,0.21480282,-0.012901801,0.15095054,-0.008821147,0.17941779,0.30561098,-0.00021903255,0.60543966,0.09421702,0.010604241,0.32172388,-0.0075549833,-0.005303008,0.36554158,-0.0014079743,-0.0075033666,-0.0069926144,-0.0068786456,0.03416493,-0.0111695845,0.21277055,-0.0038167022,-0.006618637,0.3653325,0.05880511,0.61245084,0.031046584,0.3849788,0.88692063,0.32841086,0.20629397,0.20032834,0.08986939,-0.012281099,-0.008490997,0.5063944,0.19911589,0.017418927,-0.00349888,0.4454766,-0.019788,-0.018475723,0.15874645,0.7364809,0.14777222,0.08130433,0.035202995
TCGA-A8-A08O,-0.0059284265,-0.0019133218,0.49688327,0.109050244,-0.005721251,0.38143337,-0.014289662,-0.005575833,0.0932484,0.12975226,0.084351525,0.16265795,-0.003494416,0.052347176,0.08098223,-0.00463083,0.027841348,0.07298431,-0.0007926874,-0.0009705264,-0.009282755,0.0032000113,0.25347584,-0.012200357,0.2376615,0.0041039474,-0.0031560156,0.06639095,-0.0040924945,-0.011755741,0.2015767,-0.0023373105,-0.0084521035,-0.01025621,0.012321303,0.04641405,0.02732551,0.16354884,0.055318907,-0.011993561,0.34199128,0.025577182,0.56682706,-0.011476509,0.23306179,0.6343362,0.31808048,0.20833625,0.22145031,0.10345364,-0.011355834,-0.0086091,0.2512808,0.17170209,0.009410059,-0.0056317043,0.24423887,-0.014725842,-0.017028064,0.10352625,0.60692817,0.1159637,0.004217878,0.04606712
TCGA-A8-A0A6,-0.008307743,-0.0051323134,0.27495167,0.058947865,-0.0010391192,0.2381447,-0.017061342,0.08149986,0.07091683,0.06672111,0.028966647,0.13868462,0.11040733,0.04533166,0.098385945,-0.0065655173,-0.003132085,0.031323425,-0.0069270465,0.068145394,-0.0034352436,0.050875768,0.14080413,-0.007193507,0.031830188,-0.0062750615,-0.0072519905,0.031082777,-0.0036393262,-0.0016039144,0.13877752,0.04222702,-0.007085071,-0.007135417,0.07653837,0.029180482,0.046468943,0.17793563,0.052994877,-0.00145818,0.18993299,0.04526387,0.33629555,0.03336734,0.15174231,0.38674122,0.2520711,0.09898348,0.21854839,0.02485758,-0.004127083,-0.008556473,0.1612874,0.050306164,-0.0062955255,0.028399125,0.12985414,-0.010846597,-0.008405531,0.13545373,0.43331438,0.17120995,0.0006906409,0.03732021
TCGA-A8-A0AD,-0.012677342,-0.01172202,0.57152915,0.05108018,-0.0041356273,0.40573385,-0.006349282,-0.0028843698,0.10942577,0.06675061,0.10709447,0.17188329,0.04861962,-2.1377393e-05,0.12847984,-0.007960814,-0.0027436395,0.2520474,-9.682328e-05,0.18740012,-0.010967859,0.12087369,0.17004848,-0.0002058249,0.29258797,-0.0020595195,-0.010426286,0.05530919,-0.0059593,-0.002097324,0.33967173,-0.00078504294,-0.009001895,-0.015621224,0.0956213,0.048092384,-0.003504103,0.2155461,0.21958472,-0.0016094048,0.32975844,0.09448926,0.6824743,0.031234384,0.37329713,0.760764,0.21080738,0.1305053,0.16022459,-0.005684292,-0.0012412738,-0.008376178,0.27146524,0.10322653,0.022294508,0.02464357,0.2626108,-0.012477115,-0.017749412,0.09271419,0.66716033,0.31924358,0.04569846,-0.004728652
TCGA-AC-A23C,-0.0053373063,-0.0055749663,0.5230339,0.0632132,-0.0077296323,0.38580504,-0.017747778,0.023987584,0.0073942803,-0.004082369,0.067565724,0.09837851,0.05037392,0.0069232136,0.05857228,-0.009498982,0.036382653,0.13746883,-0.0054399366,0.09059666,-0.0042825765,0.08974731,0.20847386,-0.011722088,0.16394064,-0.007863763,-0.0057532443,0.037347265,-0.008058099,-0.0029047118,0.22510518,0.028265603,-0.003932526,-0.00096120464,0.06831248,0.044162247,0.05195861,0.20460348,0.050576083,0.00092536956,0.24342312,0.03393733,0.4962359,-0.0017288339,0.27540833,0.5969104,0.25831386,0.10965657,0.087070234,0.024530418,-0.007799259,-0.006514872,0.18864214,-0.0006299025,0.020528467,-0.012444784,0.2586883,-0.0062256637,-0.0060291355,0.13146664,0.615859,0.12731674,0.059253324,0.03231527
TCGA-AC-A23E,-0.0057951394,-0.0020277982,0.5932262,0.040502597,-0.0044545955,0.46604386,-0.02798748,0.04256294,0.010780752,0.0014570579,-0.001164119,0.16775317,0.045390174,0.049549766,0.06287063,-0.0042560203,0.065240346,0.10495667,-0.0068034544,0.167432,-0.0064164028,0.038197458,0.34037843,-0.0090156635,0.07358548,-0.0015718341,-0.01105397,0.020020552,-0.0072928495,-0.0024430808,0.32858098,0.024927445,-0.00814814,-0.007934372,0.017155139,0.054618035,0.090320185,0.19385335,-0.005194213,-0.0028393012,0.3158045,0.024545982,0.5534343,-0.012094291,0.28509602,0.6501101,0.32455176,0.1851096,0.12202264,-0.002840024,-0.0060217907,-0.005197405,0.22918102,0.022461357,0.045889176,-0.016726261,0.24610463,-0.013264201,-0.0066791433,0.097504005,0.673301,0.23510596,0.0881917,0.13806725
TCGA-AC-A23G,-0.012124294,-0.0053489883,0.39896336,0.03760953,-0.005526222,0.26296428,-0.015219616,0.10725477,0.021180093,0.030186906,0.014149126,0.079936594,0.06153862,0.06043546,0.060635746,-0.0032278888,0.002471242,0.15249006,-0.0024290003,0.08112259,-0.007073134,0.015064325,0.22681601,-0.008473351,-0.0011846569,-0.0071292813,-0.009143381,0.030757528,-0.0038947843,-0.0015642483,0.229192,0.0299019,-0.0061369543,-0.0023110695,0.0745241,-0.001344204,0.090718016,0.16429669,-0.0010500535,-0.00092525705,0.23459218,-0.0005465638,0.47196484,0.005502699,0.18833867,0.5222241,0.27350056,0.19550867,0.17078227,0.008757509,-0.0066564097,-0.01326606,0.16116837,0.080924496,0.092004254,-0.005472883,0.18947676,-0.012799384,-0.00366458,0.15156034,0.5776776,0.07944597,0.09831779,0.1254769
TCGA-AC-A2B8,-0.006482766,-0.004298923,0.52546006,0.03905199,-0.0025137335,0.40584427,-0.017914692,0.08401081,0.05542397,0.06701375,0.013491455,0.13103868,0.08380639,0.04724128,0.06366076,-0.0035185441,0.051874027,0.118921444,-0.0056005544,0.09164408,-0.0066050924,0.07466264,0.251424,-0.0075724856,0.04741637,-0.0090022115,-0.008629005,0.014369592,-0.006676966,-0.0048334054,0.2224326,0.032154318,-0.005703937,-0.007566729,0.10169237,0.03571767,0.034727335,0.19648717,0.01945543,-0.0005345218,0.27508566,0.00975962,0.51798195,-0.002622382,0.22852898,0.5877327,0.23207742,0.17538062,0.18704571,0.025794394,-0.0055399663,-0.0065098996,0.18462098,0.05101444,0.086213924,-0.006294758,0.23243856,-0.010618418,-0.010178282,0.12957767,0.6069619,0.1064908,0.08523594,0.08575027
TCGA-AC-A2BK,-0.005375256,-0.017625002,0.8548586,0.11161402,-0.006510162,0.42202044,-0.0073671774,0.039574876,0.051416893,0.2418835,0.11929338,0.07012859,-0.0027576056,0.0033839112,-0.007219862,-0.01863721,-0.000103643535,0.25915125,-0.0019550973,-0.0032359671,-0.017321413,0.05131401,0.18146305,-0.003910733,0.412836,-0.011896294,0.025083918,0.21082665,-0.016166812,-0.02084107,0.2671577,0.051851407,-0.012711592,-0.013716663,0.28623074,0.0037731268,-0.005217224,0.1503594,0.39588422,-0.016443845,0.4620985,-0.00075969286,0.8214915,0.07471065,0.3414098,0.8686422,0.38332924,0.17257456,0.045936707,0.27396363,-0.004988594,-0.011524355,0.41329873,0.06980579,0.100345306,0.03099107,0.48260105,-0.025908818,-0.0065000798,0.271548,0.94746643,-0.0067036026,0.09441833,0.009050891
TCGA-AC-A2BM,-0.0064774207,-0.01055264,0.5374988,0.1306933,-0.0029064089,0.40369156,-0.020302415,0.014762331,0.06942558,0.07635793,0.13984132,0.1038896,-0.002867801,0.064527795,0.038198102,-0.002982013,-0.0028798867,0.19801381,-0.0013277266,0.07498655,-0.009808685,0.03798805,0.17597738,-0.0022540386,0.12503995,-0.006872264,-0.009177941,0.0930982,-0.0037967586,-0.011978179,0.2197131,0.055753972,-0.006125065,-0.01186339,0.16839541,-0.0006102817,-0.00054384064,0.15300386,0.11203848,-0.0032562984,0.30278718,-0.0041677174,0.56005794,-0.0011600368,0.25556853,0.5795312,0.2913167,0.17844841,0.11695108,0.060619913,-0.0078771105,-0.010462004,0.19635326,0.046375677,0.043608546,-0.0035801828,0.24944438,-0.019569818,-0.0050127488,0.11651422,0.61960036,0.13877836,0.06759164,0.007721007
TCGA-AC-A2FB,-0.0056470437,-0.012361208,0.69825363,0.0818968,0.01860766,0.44908318,-0.028168743,0.1647643,0.07091305,0.12640738,0.052035052,0.13609566,0.09770201,0.12260471,0.072248995,-0.0049561174,0.11672987,0.17120919,0.006460063,0.17078097,-0.006947258,0.08285651,0.41780633,-0.013324921,-0.001942629,-0.012401039,-0.009148176,-0.0047836513,-0.0073443553,-0.0008076204,0.27260044,0.046340466,-0.008938776,-0.01270283,0.17195123,0.05716828,0.05232981,0.20432541,0.05806206,-7.139966e-05,0.3846873,0.051201526,0.70117724,-0.009054096,0.20192069,0.802849,0.23821446,0.18526554,0.3040849,0.08172011,-0.009067579,-0.010399075,0.15739718,0.02978705,0.07448845,-0.0021551263,0.20351861,-0.017344374,-0.009202584,0.1401801,0.8555406,0.022349045,0.105076954,0.23728703
TCGA-AC-A2FE,-0.0103612505,-0.01152377,0.53630567,0.13230798,-0.0012625275,0.36181572,-0.024039017,0.15719576,0.055046402,0.16696611,0.071503475,0.07551724,0.037007228,0.10171455,0.075937204,-0.0046934397,0.068228,0.15423483,0.037761614,0.05374412,-0.008691148,0.060314305,0.293211,-0.0059232363,0.08143158,-0.0086409,-0.005565138,0.025455832,-0.006121491,-0.004223512,0.18459152,0.02641038,-0.0029077358,-0.011175625,0.13303937,-0.0026258663,0.009127162,0.13726088,0.103938,-0.00026091002,0.31854314,0.0012841001,0.60032815,0.013705343,0.22137973,0.6443856,0.22680333,0.22356856,0.2509873,0.070310704,-0.011778685,-0.0050521162,0.19966692,0.0870041,0.09260135,0.09559005,0.2370508,-0.014179277,-0.006554754,0.16792269,0.64915174,0.03374961,0.13775808,0.1113832
TCGA-AC-A2FF,-0.007063532,-0.011426044,0.47542226,0.053925496,0.0057385694,0.341168,-0.02023619,0.08388985,0.07415353,0.061771363,-0.0005551126,0.11845079,0.12052311,0.035455078,0.08911857,-0.0033222425,0.03559556,0.12449379,-0.005202755,0.06747322,-0.007544469,0.023382671,0.27879053,-0.0058868355,-0.0023211893,-0.0071387202,-0.009275126,-0.0009270601,-0.0055520493,-0.0016085055,0.18728872,0.06709203,-0.0057616117,-0.007308632,0.082899615,0.029266227,0.058390435,0.1870059,0.0014332235,-0.00296144,0.2339874,4.5923516e-05,0.46856704,-0.0038018606,0.16789216,0.55649346,0.24117512,0.1601052,0.221855,0.018974308,-0.010051956,-0.0103840185,0.13218096,0.0898343,0.058418296,-0.0049843104,0.19474213,-0.014648727,-0.008233375,0.13204163,0.59015495,0.057901118,0.08245,0.07848099
TCGA-AC-A2FG,-0.004869387,-0.0098336935,0.4035273,0.04368822,-0.002015145,0.28330004,-0.017918443,0.026494037,0.063127704,0.000115353614,0.02526274,0.120204,0.107682824,0.05977121,0.09679627,-0.0063846833,0.027251061,0.12006228,-0.0026569795,-0.00025722905,-0.004461502,0.049833976,0.19964616,-0.0077105896,-0.002634742,-0.0029971057,-0.0059253066,0.022623576,-0.004199618,-0.0022914407,0.13534123,0.010004077,-0.0036671758,-0.006723705,0.054150347,0.062339205,0.03560603,0.14998984,0.047655202,-0.005513211,0.21646538,0.020692432,0.38300133,-0.0005353205,0.15956166,0.4493982,0.20887914,0.13886625,0.19934474,0.021698654,-0.013147625,-0.008876197,0.12576342,0.051969178,0.026434613,-0.0046847705,0.16339369,-0.012994667,-0.006179854,0.06900631,0.45577008,0.10764068,0.016182553,0.033107936
TCGA-AC-A2FK,-0.009472179,-0.012229405,0.64826053,0.12555875,-0.0032032065,0.35907057,-0.03145015,0.26214987,0.068259254,0.10681002,0.06251568,0.13404159,0.024768729,0.30207008,0.056740444,-0.009786997,0.13221234,0.08914044,0.11022697,0.11963062,-0.0018317195,0.05747224,0.35955057,-0.0058473386,0.020591859,-0.014563344,-0.003808079,0.01473085,-0.0032547892,-0.00088277756,0.19730346,0.036947764,-0.007971813,-0.010780658,0.18788423,-0.0061717364,0.027787367,0.16914807,0.078369334,0.017689243,0.30206424,0.07051696,0.7494283,-0.011955991,0.16892295,0.7016844,0.20534876,0.19137755,0.32856613,0.11762152,-0.0073405835,0.04583042,0.20696867,0.087868474,0.04740055,0.25459245,0.2175745,-0.012320395,0.025614448,0.23985125,0.74958897,0.008661669,0.10101631,0.17945446
TCGA-AC-A2FM,-0.011738286,-0.006574288,0.78564173,0.101389304,-0.00700855,0.70993346,-0.026626876,0.25663233,-7.825457e-05,0.012409009,0.12663393,0.20319438,0.12647495,0.4037841,0.14522667,-0.011931318,0.07788734,0.15830106,0.1679213,0.2630769,-0.0029015339,-0.0058341837,0.35426393,-0.019149845,0.10220963,-0.0028156475,-0.011886859,0.031862292,-0.00862706,-0.0056313546,0.43823093,0.120737195,-0.023836186,-0.01459416,0.11360403,0.3198522,0.06445366,0.299053,0.0902001,-0.003430996,0.49499488,-0.00021610745,0.9447025,-0.02058162,0.13084161,1.0052582,0.28666413,0.16962816,0.19139358,0.25897244,-0.013479501,-0.014579199,0.25807047,0.14501508,-0.004785762,0.11864056,0.20029747,-0.017964495,-0.0098024495,0.13410726,0.8693269,0.2614277,0.15778595,0.2868656
TCGA-AC-A2FO,-0.0058129947,-0.008202538,0.5508968,0.07427837,-0.0010638031,0.4381514,-0.02547334,0.13695571,0.057107054,0.11488785,0.09131783,0.098095536,0.057915095,0.22566095,0.08325953,-0.006825647,0.015218683,0.12233342,0.031789273,0.07047218,-0.003769774,0.084113345,0.27957642,-0.008755634,0.056059513,-0.011641926,-0.006938742,0.03604914,-0.00431435,-0.0022199608,0.18638901,0.027406711,-0.005119167,-0.014671708,0.14392664,0.00934355,-0.0021456329,0.16624956,0.07606615,-0.0033947912,0.31942558,0.018817557,0.6057215,-0.005324164,0.22914036,0.6091013,0.22094977,0.19075139,0.29464063,0.07406678,-0.0058929003,-0.002844743,0.20034239,0.08970835,0.06513333,0.07323444,0.23988985,-0.014026056,-0.0059023076,0.14248197,0.6513477,0.049646735,0.06268281,0.034421764
TCGA-AC-A2QH,-0.0073831775,-0.01563218,0.872539,-0.012675027,-4.074108e-05,0.4074289,-0.024158886,0.13176896,-0.002102481,0.090267256,-0.0073794425,0.09146161,-0.001520462,0.115903035,-0.006796001,-0.003615471,0.26214162,0.29912186,0.05940053,0.24281494,-0.002785011,0.08379005,0.53960544,-0.02329051,0.36532077,0.0458169,-0.011288765,0.06042185,-0.0065355184,-0.014023858,0.48815703,0.031852942,-0.023327647,-0.020112334,0.3054183,-0.0037127181,-0.0075146887,0.1697843,0.17073382,-0.0044600004,0.41073033,0.25028726,0.80967236,-0.0078084455,0.19925314,1.0470619,0.35324907,0.16089223,0.09276856,0.009692345,-0.011253973,-0.016584907,0.39709347,-0.0041027567,0.055141196,0.027539723,0.38828835,-0.025541356,-0.003210725,0.24685887,0.9694322,-0.0016753115,-0.006524554,0.08007094
TCGA-AC-A2QI,-0.013358054,-0.0069858036,0.5541091,0.1065533,-0.012268385,0.3919874,-0.0076138824,0.09006722,0.035063237,0.1326204,0.11459723,-0.00022714883,0.01590281,0.08064169,0.11755646,-0.006678106,-0.0031066935,0.25360787,0.05846121,-0.0038011812,-0.014269334,0.03882912,0.24088313,-0.009456142,0.004875738,-0.0061532217,-0.003963115,0.040425114,-0.003919836,-0.014148741,0.19408093,-0.00014841408,-0.00051775685,-0.01872265,0.14053647,0.019831121,0.08767056,0.13843729,0.10478787,-0.0017850958,0.2817855,0.053297326,0.5875262,0.018648302,0.18536465,0.6428321,0.20895877,0.17507464,0.29307094,0.017481096,-0.012944101,-0.008135463,0.24729133,0.09029476,0.080886595,-0.0018751503,0.34586042,-0.007162157,-0.009306423,0.14922878,0.6389104,0.09027564,0.078060225,-0.0073596993
TCGA-AC-A2QJ,-0.0048098,-0.0043882593,0.6645387,0.1220161,-0.005337098,0.3400801,-0.030014593,0.19247407,0.0315332,0.18516968,0.061758306,0.09911141,-0.011228459,0.1429865,-7.7436496e-05,-0.009864303,0.17492993,0.2441938,-0.0064736158,0.26059198,-0.007044633,0.06481943,0.48041785,-0.014799543,0.16158894,-0.002889216,-0.008422738,0.05058068,-0.009101099,-0.00089684094,0.34821242,-0.007273962,-0.006325415,-0.014199461,0.1002445,-0.01093063,-0.0005701527,0.11329699,0.081598096,0.06037061,0.4703839,-0.003138401,0.74407583,-0.0077045346,0.2129099,0.8370186,0.36005872,0.33677608,0.20675318,0.059970714,-0.015743991,-0.0077305855,0.2652194,0.1350091,0.10675246,0.08194137,0.26250458,-0.03588451,-0.011177075,0.25559843,0.88860595,-0.011786762,0.025008667,0.16291697
TCGA-AC-A3BB,-0.008710173,-0.010982898,0.47994146,0.11238535,-0.0034053132,0.3132135,-0.022463448,0.14212203,0.030853959,0.136826,0.10896291,0.048543323,0.017228317,0.12569898,0.14465904,-0.004412238,0.04059173,0.13019232,0.056870677,0.09104544,-0.010662336,0.054161906,0.26883432,-0.0040645273,0.1005256,-0.0031838396,-0.006781362,0.048230685,-0.000904798,-0.0027619784,0.19042952,0.050235983,-0.0004727827,-0.009421833,0.102785215,0.0017684884,0.049715176,0.10656641,0.026622005,-0.005098793,0.28613228,-0.0021858183,0.53464717,-0.0006290287,0.20952737,0.5335112,0.18789595,0.18746841,0.2729914,-0.0014088482,-0.009425389,-0.007457342,0.18906097,0.046308488,0.07454907,0.06357924,0.20501338,-0.013381657,-0.006443356,0.115985975,0.58975655,0.06897299,0.1289671,0.022386543
TCGA-AC-A3EH,-0.008775728,-0.0123243155,0.7447688,0.038450975,-0.0010906182,0.4592852,-0.01730064,0.052075043,0.018470533,-0.0028286725,0.1625164,0.10615121,0.004641328,0.1811825,0.032015637,-0.006774223,0.08367641,0.2067665,0.011104755,0.11544119,-0.0024866736,0.113591105,0.31843123,-0.011990756,0.21172355,-0.008803922,-0.009159122,0.11706841,-0.0010289319,-0.010066846,0.38982522,0.06059308,-0.0060299425,-0.010337611,0.09703774,0.09403637,0.11388664,0.24276628,0.1012723,0.058892213,0.4441169,0.012506366,0.7081306,-0.0024644975,0.29073688,0.83799577,0.3659818,0.17126353,0.0856718,0.072010584,-0.007107561,0.0048505403,0.26994705,0.07650457,0.14420356,-0.00958339,0.2911312,-0.004422912,0.03960727,0.12729827,0.760924,0.11260462,0.10478906,0.15794761
TCGA-AC-A3HN,-0.0105454335,-0.003784322,0.39441153,0.04446697,-0.0004897173,0.25893643,-0.01585711,0.10650881,0.063061975,0.04318919,0.03496068,0.06626108,0.089985624,0.033562474,0.06287979,-0.001028362,0.030549714,0.1630166,-0.0056248447,0.046141822,-0.008142694,0.03583071,0.21192196,-0.0076037063,-0.003417347,-0.007836095,-0.008035758,-0.0002127789,-0.0036904477,-0.0015659776,0.2052816,0.030806951,-0.0043008034,-0.003444909,0.119371936,-0.0039829887,0.050971765,0.15892555,0.011207588,-0.0011345878,0.19664338,-0.0023158405,0.43633062,0.012437746,0.1442054,0.4776641,0.20924932,0.21801077,0.18631926,0.0017657056,-0.0060371864,-0.010151724,0.10661803,0.04222048,0.09712482,-0.0019162804,0.1742288,-0.010897494,-0.0037814106,0.12059145,0.5044333,0.016250543,0.067964464,0.026872054
TCGA-AC-A3OD,-0.008955773,-0.004255325,0.43844318,0.10844678,0.023243533,0.2773702,-0.020922465,0.06553747,-0.0021771472,0.0098152235,0.08576806,0.13027874,0.08377245,0.12117191,0.04768578,-0.00952546,0.06131094,0.10803507,0.009243496,0.067190185,-0.006537837,0.10792105,0.22381403,-0.013450985,0.08525817,-0.0034100823,-0.0033625201,0.13116728,-0.002831384,-0.0005125715,0.1896623,0.011908484,-0.00336441,-0.003720772,0.12667486,-0.0003196301,0.015591789,0.13583246,0.08974587,-0.0025761004,0.26504472,-0.00088962726,0.42528322,0.0061835684,0.21986133,0.5333115,0.3041706,0.18413576,0.16201687,0.050233826,-0.011707303,-0.008107401,0.20678532,0.09558166,0.03703045,-0.00083051296,0.14757948,-0.0103417635,-0.00454027,0.082514875,0.50659484,0.08534435,0.01025426,0.02581264
TCGA-AC-A3QP,-0.009915364,-0.01079709,0.48058298,0.08423166,0.020471131,0.36319825,-0.013566335,0.061063312,0.040860455,0.09927109,0.019901462,0.0627729,0.047833063,0.03508663,0.037032317,-0.0016098425,0.05420383,0.2749063,-0.002365182,-4.7390164e-05,-0.008156753,0.031972196,0.30414146,-0.0056481953,-0.0030595348,-0.0023721205,-0.008855015,0.08551484,-0.0018212975,-0.002741249,0.22892033,0.023294933,-0.0047945133,-0.0048908684,0.13168809,0.005854409,0.085000396,0.11674869,0.07245546,-0.0027044453,0.24549846,-0.003799953,0.52365637,0.0004677251,0.1994257,0.6144769,0.2533145,0.19638763,0.18889558,-0.001352696,-0.013173773,-0.007233809,0.18502995,0.07024701,0.11071282,-0.009392135,0.24697417,-0.014890007,-0.0023843574,0.093730286,0.55706483,0.010606166,0.105256826,0.085280955
TCGA-AC-A3QQ,-0.011312313,-0.005669494,0.45302838,0.060918394,0.03959056,0.3526202,-0.024088277,0.096164525,0.045482904,0.027215198,0.076970994,0.13819577,0.066836044,0.07832736,0.058045346,-0.004723429,0.019826226,0.18299033,0.046653666,0.07541467,-0.007260188,0.04534921,0.2748583,-0.011508989,0.02656002,-0.0019377284,-0.004611669,0.056610167,-0.000101242,-0.005908979,0.19433464,0.07245354,-0.00343567,-0.009362874,0.15268055,0.038963344,0.06649586,0.17274566,0.11554979,0.013250567,0.20525315,-0.0034885418,0.5183707,-0.0021854953,0.20100746,0.6070729,0.26178992,0.16851158,0.20749664,0.024115417,-0.008102328,-0.006108363,0.20632467,0.058602437,0.039212413,-0.0021372407,0.21382411,-0.010184205,-0.004644445,0.11380117,0.5489887,0.10337905,0.020502552,0.020764276
TCGA-AC-A3TM,-0.010689319,-0.006709215,0.4520886,0.098070964,-0.0018305911,0.3371509,-0.014972101,0.05621677,0.079411,0.084899426,0.035357095,0.08574028,0.049140207,0.03327965,0.021118745,-0.0040236404,-0.0013862633,0.21630204,-0.0034538934,-0.00090443157,-0.0096849175,0.037936468,0.22333534,-0.0063529867,0.09948172,-0.0028290653,-0.009762238,0.062194712,-0.0043621217,-0.0082643125,0.22316642,0.04521891,-0.0047629806,-0.00847891,0.10878013,0.022936665,0.037800167,0.16729468,0.07299586,-0.0045983954,0.24689426,-1.1079386e-05,0.5226487,0.0294321,0.20846117,0.5880146,0.27905935,0.18194908,0.17436345,-0.0003169805,-0.0105232475,-0.00807395,0.20844364,0.10378744,0.06540815,-0.0062948824,0.23419672,-0.012315375,-0.005944492,0.12428146,0.6245762,0.08303702,0.062361408,0.06649301
TCGA-AC-A3TN,-0.0072803623,-0.008929916,0.545079,0.104672,-0.004560993,0.4055054,-0.015987104,0.03217633,0.04848515,0.103622764,0.091288164,0.06097685,0.030220266,0.04326109,0.028515719,-0.0028756396,-3.2442436e-05,0.20448539,-0.0047482355,-0.003260275,-0.010175715,0.022096055,0.2752132,-0.007130137,0.059163924,-0.004426863,-0.0035978244,0.042437136,-0.004517301,-0.008006084,0.20132345,0.020631142,-0.004639737,-0.012381469,0.12100467,0.016765878,0.056570068,0.16282584,0.07208539,-0.0028754827,0.3478267,-0.006396744,0.566891,0.007028535,0.23243055,0.6214533,0.28768358,0.17011671,0.16185719,0.04817392,-0.011406367,-0.0041063013,0.1725662,0.037456833,0.09807795,-0.010917283,0.25840402,-0.01669176,-0.0034404395,0.08182569,0.60522324,0.11063446,0.049961824,0.07135941
TCGA-AC-A3W5,-0.0015775722,-0.002340891,0.6503446,0.044666883,-0.00443784,0.36670718,-0.018320803,0.08631809,0.03781468,0.118785754,0.11587308,0.13210358,-0.0052642827,0.098257765,0.007367797,-0.010007946,0.08400855,0.20438413,-0.0006101515,0.18377358,-0.010979204,0.08944455,0.30482742,-0.012617856,0.18685041,0.036647897,-0.0037661772,0.13870722,-0.00585242,-0.0036506094,0.28405598,0.21381783,-0.003169885,-0.007925592,0.066058174,-0.0035319594,-0.0022911248,0.14336394,0.092621334,-0.0072547137,0.36139193,-0.002967716,0.67385805,-0.0015198924,0.30833653,0.7605415,0.35882926,0.24007894,0.120375544,0.04897228,-0.0029438008,-0.0053350544,0.33531857,0.07970871,0.11519826,-0.004902768,0.29764593,-0.020101728,-0.007287553,0.13863486,0.7211583,0.091525376,0.13727283,0.039265364
TCGA-AC-A3W7,-0.008796382,-0.009344387,0.48264706,0.048137058,0.00062124245,0.38531506,-0.013711303,0.02435609,0.042065926,0.040146723,0.054555833,0.11595574,0.035587933,0.05393827,0.024310961,-0.004861583,0.029382665,0.16370049,-0.0022119412,0.042650003,-0.008918213,0.038562533,0.2870312,-0.006298414,0.0006080866,-0.0037112467,-0.0071942075,0.055114254,-0.00084591267,-0.0038590361,0.22756863,0.0014916025,-0.0056525297,-0.0052915346,0.091812104,-7.659048e-05,0.05616957,0.17182791,0.0533825,-0.00449868,0.27464658,-0.0018628854,0.46476403,-0.0032230504,0.24073452,0.57930267,0.27150205,0.20533848,0.17279941,-0.002975266,-0.012668199,-0.009567398,0.17710787,0.06289828,0.0917202,-0.011203091,0.21457909,-0.008512412,-0.0073704757,0.118208006,0.54437447,0.062287506,0.0599189,0.06779458
TCGA-AC-A3YI,-0.010273225,-0.009007277,0.5047497,0.01497798,-0.0020395028,0.3240606,-0.01968456,0.13048773,0.031447545,0.05458357,0.043750256,0.1095306,0.1000229,0.056481108,0.016943157,-0.0029104915,0.059221778,0.20607594,-0.003160073,0.055906836,-0.0051008756,0.046138357,0.24964897,-0.010303289,-0.004698789,-0.010033049,-0.0067911274,0.01576725,-0.0051893652,-0.0042504086,0.19280285,0.04530369,-0.0074258507,-0.0049034487,0.13586655,-0.0027919456,0.039367326,0.17285465,0.042504072,-0.0006544698,0.22396392,-0.0009597231,0.5150199,-0.0040539014,0.15286824,0.5923879,0.22302222,0.18347669,0.20824791,0.028918393,-0.0085621495,-0.008742484,0.12382879,0.07886891,0.11879963,0.01170767,0.20143978,-0.013422566,-0.0032193218,0.16013664,0.62323904,0.0025837086,0.0688961,0.10112938
TCGA-AC-A3YJ,-0.008408225,-0.00998311,0.52540076,0.13927992,-0.0007314053,0.41063264,-0.013612243,0.028164238,0.065165706,0.11676423,0.09828,0.06646043,0.0123837255,0.06761007,0.075307794,-0.0074242796,0.011539565,0.17439914,-0.0014566303,-0.0001265876,-0.0033722974,0.048222467,0.24249934,-0.005371511,0.15426649,-0.0064873593,-0.0036248097,0.10870972,-0.0029825417,-0.010260686,0.2602676,0.024177954,-0.0078076944,-0.012152075,0.122039974,0.10319741,0.00025766715,0.15963076,0.12676923,0.003881298,0.4253647,-0.0049268743,0.5698872,0.024466617,0.29691285,0.6093466,0.27400905,0.15627949,0.14197347,0.070987865,-0.010197692,-0.006598133,0.2612233,0.067083836,0.10818607,-0.007134106,0.2598688,-0.020906603,-0.0010073977,0.08815023,0.6352483,0.14845157,0.067109406,0.034663603
TCGA-AC-A4ZE,-0.0115441,-0.00829334,0.60359246,0.1524437,0.027291683,0.4266028,-0.012363391,0.04567989,0.033506602,0.1298561,0.1010607,0.090554275,0.08325492,0.13352926,0.09374731,-0.01029957,-0.0037645895,0.30032748,0.006301366,0.035149533,-0.0160645,0.08486059,0.22637984,-0.011804161,-0.0035833505,-0.019131213,-0.0022010754,0.0074059293,-0.009981724,-0.015630174,0.21611083,-0.00011716541,0.04013482,-0.019060781,0.26346898,0.096657485,-0.0016996835,0.14931664,0.19316515,-0.0075405883,0.37901267,0.07311855,0.6336309,0.097094625,0.31049812,0.79562175,0.3424686,0.118073896,0.343139,0.1445171,-0.016607955,-0.006050528,0.29817975,0.06642011,0.13833496,-0.0068635866,0.29682595,-0.016632024,-0.002591833,0.045169927,0.7411495,0.15319386,-0.0013530295,-0.0011182473
TCGA-AC-A5EH,-0.0061867433,-0.004786489,0.43866795,0.013838824,-0.005392863,0.30663347,-0.018567046,0.059202783,0.0064470563,0.0040221848,0.005984865,0.09152697,0.050714113,-0.0011702926,-0.00030351692,-0.0003748335,0.0674362,0.15492345,-0.007953155,0.14751957,-0.0054393075,0.032636788,0.25069326,-0.011358625,0.045686807,-0.006013468,-0.008395145,0.07687456,-0.0029875997,-0.00032962786,0.2907093,0.08466077,-0.0073210136,-0.00039451383,0.15094793,-0.004064486,0.07544944,0.15018407,-0.004910277,-0.0060385824,0.19338198,-0.0011798892,0.39809197,-0.0012878053,0.18927237,0.5446547,0.26353425,0.1319307,0.08702414,0.011273295,-0.0014216878,-0.009644832,0.15350914,0.011707725,0.080446646,-0.00830413,0.24632789,-0.013251111,-0.007016146,0.12724005,0.59335977,0.10528733,0.13879113,0.027026191
TCGA-AC-A5XS,-0.00880773,-0.0053571803,0.43952784,-0.0013221148,0.051832415,0.40003496,-0.026305526,0.13198654,-0.002244074,-0.00040294827,0.082993165,0.22440076,0.09699297,0.050062917,0.035028078,-0.0068370774,0.0772337,0.12143175,0.031753965,0.21249138,-0.009260072,0.006999042,0.29637173,-0.015984913,0.02851374,-0.005890702,-0.0005768626,0.10617631,-0.003265686,-0.0011582986,0.33231753,0.078377515,-0.010156974,-0.0055931923,0.12626818,0.027049359,0.10563572,0.20895325,0.110493675,0.051292486,0.24753815,-0.0043200287,0.4667077,-0.0055284905,0.17292503,0.6095866,0.27578712,0.211276,0.15738076,0.031597473,-0.0037984808,-0.0011784475,0.20764837,0.06067051,0.054428943,0.032403935,0.23997734,-0.009426151,-0.0072257454,0.2021094,0.58172953,0.09335126,0.023229662,-0.00082848594
TCGA-AC-A5XU,-0.0067314864,-0.009070896,0.41134807,0.019842368,0.013929479,0.3583162,-0.0201482,0.027414829,-6.940253e-05,-0.0026211757,0.060503896,0.12012206,0.05979709,0.038835637,0.0786478,-0.0056036334,0.038286753,0.101780385,-0.0027159227,0.12548865,-0.0048782276,0.09119904,0.23084174,-0.010045342,0.078348026,-0.0037003316,-0.004742892,0.083076745,-0.0031828505,-0.0035278231,0.20634887,0.106428385,-0.0073855924,-0.0054539065,0.07531281,0.012608413,0.08054119,0.19963627,0.027681679,0.0032718256,0.22697935,-0.0014639866,0.4321028,0.030497033,0.1924851,0.5238265,0.21017471,0.1313442,0.13197944,-0.0008939475,-0.0067754225,-0.0074940794,0.1955556,0.024181912,0.09370462,-0.0032023767,0.20237212,-0.008953437,-0.004871555,0.09026453,0.53990364,0.090078734,0.027720705,-5.7470053e-05
TCGA-AC-A62V,-0.011457682,-0.005211013,0.35157523,-0.0025833747,0.022812871,0.35676926,-0.015481561,0.062240124,0.017924227,0.0361681,0.08958717,0.15714155,0.077772275,0.029757112,0.07213209,-0.005261238,-0.0035199765,0.12211998,-0.004203349,0.16406198,-0.0060616056,0.031344462,0.20381899,-0.006716472,0.068985134,-0.0087650865,-0.009129969,0.13873957,-0.0038071654,0.0033927038,0.33754575,0.098213464,-0.004456557,-0.004004938,0.18141356,-0.0014337512,0.044145692,0.20980078,0.014365945,0.006292999,0.22395992,-0.010685141,0.42540538,0.031615254,0.15172945,0.5223313,0.21854472,0.1689684,0.10590022,0.05584886,0.004676275,-0.0066975504,0.17382899,0.065861195,0.014343206,0.06887073,0.24445464,-0.005336886,-0.0072816834,0.13052413,0.48517913,0.098300576,0.02510485,0.042658344
TCGA-AC-A62X,-0.0022442748,-0.0104674995,0.42462197,0.07373774,-0.012238595,0.31573567,-0.018909823,0.0070929267,-0.0064187767,-4.7126414e-05,0.1184462,0.08672181,0.12246403,0.27039298,0.033264562,-0.006057762,0.07493718,0.07618445,-0.003750217,0.043195445,-0.0024782266,0.05494041,0.256291,-0.013892176,0.15248255,-0.0014433239,-0.0017921951,0.1781186,-0.0040531433,-0.0034074157,0.20309387,0.05390056,0.013576388,-0.0060218377,0.22805825,0.0155972205,0.08288833,0.15999746,0.066186115,-0.004326153,0.23574106,-0.0035918963,0.37809497,0.0046757646,0.21574289,0.5073324,0.29460585,0.0856056,0.14624965,0.07539248,-0.004663265,-0.0012783271,0.20170927,0.063232124,-0.0008711167,-0.0043701604,0.28807443,-0.003838552,-0.00019976278,0.014603578,0.4781614,0.1055076,0.13760039,-0.008289135
TCGA-AC-A62Y,-0.008092709,-0.010366448,0.52405363,0.039338198,-0.004640466,0.4255403,-0.02131058,0.036912218,-0.0025733665,-0.0009667136,0.08470826,0.094717994,0.058179133,0.04138504,0.094455324,-0.0024452216,0.059018344,0.09929323,-0.0068121366,0.112633064,-0.0060993764,0.10441597,0.30251598,-0.008539731,0.10104348,-0.004141553,-0.0061600767,0.05535173,-6.224194e-05,-0.003840014,0.2793644,0.049105868,-0.0067506875,-0.0077890577,0.10427044,-0.0008153016,0.10553095,0.1716359,0.030612476,-0.0011133928,0.32974347,0.0037050266,0.48122424,-0.0016173165,0.17135492,0.5934418,0.22179514,0.17125708,0.1803319,-0.0025782587,-0.004377839,-0.008420596,0.16775876,-0.003499992,0.10947491,-0.00746078,0.22327107,-0.0072757998,-0.0048874984,0.08079565,0.6332289,0.08181018,0.122691065,0.062405065
TCGA-AC-A6IV,-0.011616415,-0.002478833,0.4505875,0.06269592,-0.0061873607,0.30063504,-0.015906468,0.12563929,0.038931016,0.049539782,0.014868209,0.09736432,0.118480414,0.07610089,0.08007857,-0.006203064,0.046639413,0.12770018,-0.004923341,0.12586369,-0.007110519,0.068622634,0.20355438,-0.004837233,0.002651129,-0.010954911,-0.010522678,0.042174898,-0.0031088924,0.019423377,0.2166033,0.089030385,-0.0051792245,-0.0020821148,0.10706994,0.006239893,0.060473084,0.16938116,-0.002555913,-0.0007699661,0.23780459,0.018215332,0.46135417,-0.0012952887,0.18748805,0.52332824,0.2608333,0.2127224,0.18520318,0.0040319078,-0.007630923,-0.011885616,0.16742468,0.06115087,0.086551376,-0.00576323,0.1811471,-0.008742213,-0.0038005337,0.13290082,0.5524601,0.07141688,0.12867147,0.10070647
TCGA-AC-A6IW,0.00939625,-0.0051311217,0.63361734,0.13347806,0.08959419,0.3882788,-0.013361908,0.04564379,-0.0012092314,0.21499078,0.11729893,0.115447864,-0.011851335,0.08106484,-0.00081037654,-0.0063562132,0.093212545,0.19826108,0.013695262,0.1919683,-0.0014523304,0.15512341,0.350383,-0.013350412,0.2458316,-0.0029866088,0.0045274133,0.13205206,-0.00217226,-0.009199308,0.2644213,0.1285724,-0.013100055,-0.013460095,0.2793149,-0.0017752647,-0.0011212956,0.17084754,0.16051932,-0.0018344283,0.3035879,-0.006560184,0.71712613,0.15924014,0.1981591,0.7665339,0.42715722,0.19660375,0.20689027,0.027761199,-0.0062298365,-0.0057008844,0.37087682,0.09351118,0.13238975,-0.0055031492,0.35944226,-0.020745961,-0.007759977,0.10699697,0.8899057,-0.0041670464,0.08298518,0.048728168
TCGA-AC-A6IX,-0.008798568,-0.009337465,0.53007185,0.07299161,-0.0024492869,0.38743344,-0.01602157,0.07128382,0.01835954,0.07466285,0.06972219,0.053698227,0.0811515,0.114584565,0.0432026,-0.0037422844,0.02590606,0.18341546,-0.0075120884,0.042967226,-0.0036459572,0.056757495,0.22610529,-0.008851741,0.06477937,-0.013535063,-0.0045723612,0.06493753,-0.0076089264,0.0060038157,0.23756723,0.08826949,-0.010176564,-0.006920879,0.13985005,0.04029539,0.049018204,0.20599897,0.05307573,-0.0040934193,0.2718734,-6.723665e-05,0.5082308,-0.0012377471,0.24324214,0.61230433,0.27044988,0.20077604,0.19843881,0.034221463,-0.010486975,-0.013503698,0.17033367,0.067489795,0.09524403,-0.005774803,0.255151,-0.015604346,-0.006124804,0.13796344,0.6302283,0.016586935,0.05532858,0.0745392
TCGA-AC-A6NO,-0.010874458,-0.010449308,0.47972968,0.11084321,0.0031347591,0.33113188,-0.012454124,0.024980672,0.0045485944,0.009204436,0.082247496,0.054268096,0.0062577575,0.08112471,0.07006392,-0.0054782773,0.027574938,0.17993256,-0.0005162228,0.029255223,-0.008955068,0.077103406,0.2307145,-0.006767522,0.08766906,-0.005564553,-0.0035856047,0.08473885,-0.007667843,-0.010563388,0.20487066,0.0037480388,-0.006938414,-0.008668259,0.11112337,0.03496382,0.048097514,0.1567825,0.07253128,-0.0041346634,0.26984602,0.007374907,0.47477612,0.035638846,0.2108301,0.5673047,0.24819157,0.15967582,0.1964183,0.036553927,-0.009878786,-0.011451861,0.188393,0.058656268,0.0748443,-0.0049077957,0.23142178,-0.013409664,-0.0051648705,0.100226305,0.5833476,0.08272113,0.034714635,-0.0023617425
TCGA-AC-A7VB,-0.004547618,-0.013486402,0.80506617,0.08752163,0.0032249186,0.62509644,-0.017735718,-0.010750919,-0.005194029,0.12337051,0.09039931,0.07814706,-0.0073877606,0.11285779,0.1269682,-0.009205885,0.03666818,0.06126602,0.017041732,0.016719636,0.036776163,0.18611082,0.369571,-0.019433385,0.3012693,-0.013887214,-0.0025275901,0.18631773,-0.012369252,-0.01061368,0.38008898,0.17424896,-0.023352558,-0.013860027,0.13368638,0.08148225,-0.0010247764,0.2981632,0.119768724,-0.0078944145,0.3973566,-0.0041028354,0.7197391,-0.0021998906,0.25484806,0.894814,0.24044457,0.19126926,0.112037376,0.1778079,-0.01776807,-0.01600287,0.21608967,0.027003324,0.17534843,-0.0020631694,0.41096053,-0.01697251,-0.0036530157,0.05606839,0.82431763,0.07991813,0.0012767464,0.013748929
TCGA-AC-A8OP,-0.0059366426,-0.0021743309,0.36436367,0.029857766,0.01711004,0.19442472,-0.010347854,0.05107212,0.045299128,0.034287892,-5.2286498e-05,0.04195759,0.068087325,0.007663045,0.056902193,-0.0009266138,0.053813472,0.11230837,-0.0036073884,0.01754038,-0.0037651628,0.07395419,0.10721839,-0.0041353344,0.031056289,-0.0073750773,-0.008410037,0.054540392,-0.0036860995,-0.0013563879,0.1831051,0.047264714,-0.005743546,-0.001690365,0.14414826,-0.0027568897,0.04881213,0.16132091,0.02135221,-0.0024314255,0.18619765,-0.0015905835,0.32538474,0.034964405,0.107467666,0.4095701,0.15388674,0.18242276,0.106605366,0.0008244626,-0.008643234,-0.004851403,0.18388963,0.01558041,0.04551885,-0.000645109,0.16057013,-0.0039486503,-0.0015585506,0.13891993,0.37745124,-0.00027967693,0.005791813,-0.0014189858
TCGA-AC-A8OQ,-0.002446872,-0.002065776,0.5955188,-0.0012856871,-0.0033837184,0.40238002,-0.019351175,0.084201835,-0.0006251458,0.059008166,-0.00201021,0.11478458,0.11716689,0.0033155652,0.017845698,-0.0025054577,0.13645524,0.14000057,-0.01019818,0.1706299,-0.0076266318,0.04682544,0.26720545,-0.0074272454,0.10980761,-0.011550113,-0.0121908905,0.016492618,-0.012100768,-0.0015509644,0.2873032,0.07314885,-0.014306138,-0.0036840958,0.16360405,-0.00093686924,0.05377382,0.21429947,0.0682194,-0.0007898096,0.3488821,0.03898056,0.5656006,-0.00568892,0.20225506,0.6964773,0.29293647,0.15620688,0.07878682,0.058588818,-0.0009837907,-0.009432333,0.21854827,0.008903829,0.1305101,-0.005345712,0.2511873,-0.018272733,-0.008341558,0.17384875,0.6668468,0.0718857,0.110217124,0.078927174
TCGA-AC-A8OR,-0.0012828076,-0.008513435,0.5022132,0.111336455,-0.0006244043,0.41143426,-0.004606824,-0.0008698402,0.09687123,0.040547594,0.042051777,0.07158714,-0.004273742,0.10012297,0.0552018,-0.0056820917,0.1425477,0.09815862,-0.008372435,0.099598125,-0.0047813514,0.10929412,0.24750654,-0.009630567,0.030186068,-0.0047195996,-0.0034969584,0.008643001,-0.009063783,-0.013123875,0.28343576,-0.0009873853,-0.0033955567,-0.00624809,0.19950736,0.06460993,-0.001504333,0.14427087,0.08664609,-0.000533697,0.35035005,-0.0018209297,0.53039557,0.05159271,0.20618084,0.5981855,0.26267692,0.18877877,0.03862484,0.08228617,-0.006073761,0.04976105,0.28235957,0.03224215,0.056709737,-0.019912636,0.24086387,-0.013916479,0.004297679,0.11706347,0.62486994,0.18820682,0.066753894,0.031890765
TCGA-AC-A8OS,-0.003414663,-0.009612252,0.4659365,0.029487584,0.030509984,0.29951414,-0.01853946,0.05393333,-0.0014374759,0.06253499,0.052461214,0.12265386,0.05025054,0.042125847,0.07259266,-0.003281967,0.053465463,0.14774488,-0.003034425,0.10885659,-0.0048604407,0.047622874,0.2919105,-0.013349776,-0.0019625712,-0.008821442,-0.0075995806,0.024022656,-0.0068667117,0.03657878,0.22845535,0.08014642,-0.0061192736,-0.0053598923,0.1134087,-0.0025760417,0.045746736,0.18390192,-0.0008122185,-0.005720537,0.24988276,-0.00082077127,0.40765277,0.02940319,0.15822098,0.51400983,0.23657405,0.1339448,0.19755639,0.0004936494,-0.009944494,-0.007132298,0.16577834,0.025426807,0.098245226,-0.0030346566,0.20930606,-0.010502967,-0.006875322,0.13512388,0.5712496,0.06502252,0.0053950213,0.08406392
TCGA-AN-A0XL,-0.007832581,-0.009120767,0.5388972,0.0284595,-0.012320992,0.3102992,-0.020337187,0.093703926,0.0070069376,0.032753408,0.03040333,0.075352535,0.04814423,0.044210352,0.03754432,-0.0046472023,0.082120776,0.19035234,-0.003841724,0.08083789,-0.010459573,0.070224494,0.20957012,-0.0047306907,0.08797975,-0.004093709,-0.0051833745,0.051050186,-0.004211711,-0.005195853,0.23310636,0.0808108,-0.0043315263,-0.008366525,0.09397003,-0.0010559986,0.10314853,0.16485114,0.019434065,-0.0033460648,0.31238052,0.013553694,0.48695514,-0.0059000268,0.2094332,0.6237413,0.19895808,0.1700135,0.14547403,0.040639073,-0.014109507,-0.0036062205,0.22900876,0.08117171,0.062786594,-0.0013498438,0.223164,-0.007215722,-0.008068755,0.13163458,0.49551904,0.020940108,0.061250415,0.03878413
TCGA-AN-A0XO,-0.0059579327,-0.008165685,0.43799603,0.026589464,0.0027414467,0.29881054,-0.02259806,0.03843558,-0.0013748509,-0.0048678922,0.00857285,0.062753394,0.009110957,0.052737527,0.10733769,-0.0022194118,0.08680567,0.06879972,-0.0098370565,0.11922106,-0.003628838,0.12549168,0.25774464,-0.010344512,0.09646304,-0.00051937683,-0.0071617337,0.045897156,-0.0019888429,0.011500869,0.29770932,0.03563356,-0.0036523144,-0.008819952,0.08510332,0.044909064,0.11523862,0.17626919,-0.0028935627,-0.0044543864,0.2116133,0.026937593,0.4218922,0.0021485947,0.13900796,0.49230546,0.28044888,0.18155125,0.1089269,0.0027619228,-0.0082235355,-0.0034548135,0.21505097,0.02643937,0.016702816,-0.013217151,0.18696652,-0.004175569,-0.007877476,0.037517734,0.5393492,0.17405048,0.11627053,0.08835901
TCGA-AN-A0XV,-0.006327476,-0.0078259045,0.40534726,0.0943535,-0.00087092695,0.3781017,-0.020982116,0.05862142,-0.0037706282,-0.000656648,-0.002168788,0.10466623,0.15434352,0.04068643,0.06610094,-0.006866949,0.12696585,0.14279753,-0.010239138,0.13763604,-0.0011653071,0.13888152,0.25998825,-0.0053637205,0.068519205,-0.005684813,-0.0086456025,0.049321774,-0.0023302413,0.019067004,0.25992543,0.012248794,-0.0033417568,-0.0044607366,0.09264712,-0.00017610975,0.12528546,0.1890568,0.08744782,-0.0005600814,0.28239727,-0.0016689524,0.43383357,-0.0015134022,0.21348612,0.63165736,0.2451635,0.18648897,0.110994205,-0.0046218485,-0.011163822,-0.00052453246,0.20324817,0.07394488,0.051186003,-0.013444093,0.17279376,-0.007525237,-0.004527868,0.0635622,0.61079305,0.09240027,0.043971013,0.103251636
TCGA-AN-A0XW,-0.00804436,0.022152442,0.36911637,0.028550934,-0.0028661105,0.2652814,-0.013292203,0.03331992,0.0060939435,0.00467157,-0.0022762627,0.060607042,0.07872459,-0.002388654,0.070106074,-0.005611895,-0.0006768372,0.11175351,-0.008377544,-0.0013190293,-0.0023153867,0.06303928,0.12701912,-0.0067989514,0.09285791,-0.008886163,-0.007837474,0.10638782,-0.0039667543,0.005989846,0.21623322,0.041547053,-0.006480573,0.0037472174,0.09123461,-0.008922531,0.0032495484,0.13545573,0.048900157,-0.005247897,0.1537178,-0.0013272479,0.3527653,-0.0014947265,0.11864479,0.4696799,0.19520357,0.21434818,0.03852614,-0.0019376025,-0.0032972612,-0.009427363,0.17492428,0.05218243,0.0707523,-0.0042785746,0.22160585,-0.009659795,-0.0014395698,0.11379672,0.45041108,0.07779169,0.03015764,0.027655788
TCGA-AO-A03L,-0.010240347,-0.0019392859,0.68289644,0.0050801523,-0.005834932,0.76004213,-0.0358905,0.18647727,-0.0017148544,0.17277543,0.24164668,0.2034545,0.24251218,0.47103998,0.07092512,-0.023861894,-0.010610016,0.18947716,-0.0006400902,0.40768158,-0.017276036,0.16937023,0.17139137,-0.025407214,0.5265983,-0.007600566,-0.00026554064,0.18448113,-0.0071259043,-0.0065650903,0.39391628,0.21854502,-0.008986665,-0.008771009,0.1519089,0.23599681,0.018897172,0.32420966,0.08683812,-0.0060592876,0.30670777,-0.005190603,0.7799073,-0.02696888,0.216028,0.8482022,0.29991132,0.097685546,0.07869668,0.26330042,-0.01082885,-0.008005837,0.22165668,0.034394726,-0.0068965117,0.09636332,0.41643083,-0.010630828,-0.025610497,0.076277465,0.61899966,0.30413258,-0.0036204408,-0.0021368905
TCGA-AO-A03M,0.025254995,-0.017061992,0.6911807,0.17550482,0.003371982,0.42577362,-0.02262419,0.03953521,-0.0033229997,0.13184711,0.078287736,0.1379897,-0.0018024351,0.06139604,0.10801252,-0.008437762,0.15882185,0.18226624,-0.0011376478,0.04099835,-0.01445173,0.1371486,0.28243846,-0.008990358,0.41253784,-0.011162338,-0.0031241511,0.19960967,-0.006117047,-0.01173944,0.23880698,0.16040409,-0.0015917014,-0.00935065,0.073660366,0.05763747,0.12940909,0.16951981,0.040377244,-0.009538355,0.3345649,0.0069244113,0.59727585,-0.0020449937,0.23976415,0.65329134,0.32455936,0.160698,0.06907474,0.058234148,-0.012997535,-0.015609694,0.30833802,0.082448415,0.16517106,0.13373385,0.3960731,-0.010019125,-0.0033430716,0.111254886,0.66463,0.026805207,0.058662776,0.015374422
TCGA-AO-A03N,-0.0036431856,-0.007925538,0.56802106,0.057265367,-0.009365301,0.33608216,-0.0151763605,0.074777596,0.047521465,-0.0069060135,0.10130033,0.10630046,0.03655614,0.11676088,0.09930971,-0.0032111655,0.03709786,0.053474925,-0.0017103351,0.23499872,-0.012284001,0.15009747,0.2579781,-0.008825715,0.10848214,0.003966544,-0.009262395,0.04738062,-0.0046512806,-0.0041728625,0.29097334,0.07874456,-0.004699738,-0.013353243,0.008295758,0.050385255,0.13987307,0.221217,0.0020305868,-0.007069373,0.304245,0.018594278,0.54684955,-0.0028986633,0.23587552,0.68583184,0.21410155,0.06727101,0.13269892,-0.0011695166,-0.005163876,-0.010310028,0.22201309,-1.9459055e-06,0.021808205,-0.0049944334,0.20712332,-0.009247375,-0.010900853,0.13728303,0.5757976,0.16031855,0.05777539,-0.0023932445
TCGA-AO-A03U,-0.009611691,-0.0067961565,0.5225905,0.16419607,-0.007664811,0.37866348,-0.021535471,0.08222515,-0.00062961655,0.114853024,0.14405362,0.086892515,0.04936769,0.08506708,0.0131463595,-0.0081393635,0.108865544,0.27190405,-0.00043858364,0.12537949,-0.00067201577,0.032273486,0.36937106,-0.0030175634,0.0987664,-0.0022982121,-0.010792944,0.10225533,-0.011149084,0.040146556,0.29427183,-0.0012992477,-0.0025268418,-0.0040490194,0.16123569,-0.0047860867,0.033008456,0.14330593,0.12771346,-0.0018469386,0.34251305,-0.002682176,0.5600634,0.0492113,0.14835028,0.70335734,0.33679813,0.12023095,0.22626765,0.09314271,-0.004843717,-0.005201409,0.21521306,0.014453167,0.06840213,-0.005448295,0.2981831,-0.017262658,-0.009710043,0.08265996,0.64808613,0.09319008,0.20380333,0.12754981
TCGA-AO-A0JA,-0.005311439,-0.010318368,0.47223765,-0.001300415,0.013031995,0.27130213,-0.0149959745,-0.003638896,0.030061485,0.039820984,-4.2015687e-05,0.084718466,0.014962465,0.0280106,0.052049626,-0.00026108697,0.030622924,0.021968806,-0.00433179,0.014954712,-0.007215611,0.1140223,0.2751953,-0.0107303355,0.18752114,-0.0016394611,-0.0073198206,0.07586406,-0.009676937,-0.009038612,0.19577833,-0.00029127227,-0.0060232272,-0.0023871479,0.049418744,0.0029909946,0.04992276,0.14769338,-0.0018145075,-0.0060608415,0.245918,0.042099588,0.3657944,-0.0012945783,0.25750744,0.5150126,0.20974034,0.13961728,0.15473068,0.045345448,-0.009042514,-0.0066339406,0.21180037,-4.23247e-05,0.015982777,-0.001140676,0.23885028,-0.00494327,-0.011563852,0.117488146,0.4288304,0.09080401,0.04319762,0.08563973
TCGA-AO-A0JB,-0.0135745555,-0.010091218,0.7756945,0.3081081,0.05509442,0.56495845,-0.040251162,-0.002198949,0.0074073747,0.19502972,0.20359856,0.3572596,-0.009857766,0.09931348,-0.0047746785,-0.0058615715,0.06090961,0.26392743,0.08937458,-0.0040259953,-0.003030009,0.17554721,0.472474,-0.002708621,0.44100624,0.04779677,-0.0033100036,0.20879284,-0.012019963,-0.02224501,0.31908643,0.09850666,0.0069054146,-0.02574615,-0.004043351,0.0866486,0.08181087,0.21360423,0.19699349,-0.0002005525,0.4270447,0.047895692,0.7639775,-0.003949483,0.4294724,0.8194275,0.34463286,0.13819316,0.34041396,0.0031706132,-0.017877629,-0.004972808,0.3189805,0.22615236,-0.008227639,0.14947991,0.44763684,-0.027424598,-0.02055599,0.07140317,0.8213234,0.18917032,0.049369615,0.08854337
TCGA-AO-A0JC,-0.010270877,-0.005598999,0.71756715,0.4147458,0.162927,0.797007,-0.0212184,0.03313589,0.15058051,0.29368204,-0.0059080306,0.103032514,0.18258637,0.20300046,-0.006269909,-0.01309495,0.016332593,0.19747466,-0.00062216487,0.06155837,-0.005083823,0.092734426,0.34370038,-0.004027679,0.37068325,-0.0066739693,-0.009157453,0.023729052,-0.018986031,-0.009438573,0.18908365,0.06690605,-0.012632384,-0.030997625,0.102061726,0.03801839,-0.00461206,0.26003274,0.21096112,0.07574204,0.4907739,0.103112504,0.9146256,-0.009432362,0.455749,1.116069,0.60683554,0.26526177,0.41734555,0.040535726,-0.01689213,-0.0067779645,0.4119868,0.49305883,-0.0014728109,-0.011791739,0.438363,-0.029883673,-0.02559345,0.1626735,0.9625972,0.06548065,-0.004845036,0.06725441
TCGA-AO-A0JD,0.06147403,-0.014502733,0.6955945,0.10875185,0.08915572,0.53336555,-0.035874378,0.009589784,0.079440616,0.26976633,0.079691246,0.09188042,0.044781093,0.14648151,0.018522047,-0.016957888,0.0902432,0.26582736,-0.010762634,0.11902048,-0.008703953,0.072096094,0.2192765,-0.0034740267,0.51554835,-0.008734884,-0.014170678,0.16185448,-0.012370972,-0.0017741973,0.30928025,-0.0054625883,-0.013550388,-0.010139284,0.09570455,0.21478829,-0.0037606042,0.24726601,0.056456856,-0.004086276,0.4324037,0.10772106,0.71922433,-0.0019559362,0.30212802,0.7752586,0.29819912,0.07180691,0.19121861,0.12592053,-0.01688169,-0.003889937,0.19723135,0.006391881,-0.0021147185,0.084792405,0.36802623,-0.013323896,-0.013601258,0.2019164,0.80874115,0.22115886,-0.001068295,0.19649948
TCGA-AO-A0JE,0.018397275,-0.00040203967,0.567722,0.09773517,-0.008170315,0.4682738,-0.01903017,0.039667368,0.053910546,0.09467001,0.09825751,0.12790178,0.0433987,0.05820594,0.08685136,-0.011440081,0.0681645,0.110189304,-0.0060889847,0.07214899,-0.01248186,0.018182583,0.24001402,-0.006609651,0.22361107,0.013965659,-0.0117811505,0.14155142,-0.004902811,-0.008974823,0.3266142,0.18185447,-0.009531513,-0.008713103,0.0903919,-0.0057130125,-0.00080995075,0.19727293,0.091061965,-0.004331622,0.24332881,0.010747595,0.46666697,-0.003891574,0.14013363,0.6357555,0.24889806,0.1609472,0.05701308,0.0060928836,-0.006572813,-0.016711498,0.2727057,0.07371294,0.049942166,-0.0040011075,0.27511096,-0.009406107,-0.010226491,0.10691035,0.5987237,0.1496824,0.08738753,-0.012440014
TCGA-AO-A0JF,-0.007643693,-0.00449122,0.3664945,0.024642143,-0.00084183645,0.2352176,-0.0166384,0.09907064,0.060159586,0.06660796,0.017920226,0.13412985,0.09900296,-0.0007624944,0.07813301,-0.008151108,0.093180194,0.14250274,-0.0042451797,0.086193234,-0.008397809,0.05461434,0.1620431,-0.008242242,0.017117161,-0.007675125,-0.009435478,0.011801159,-0.007018222,-0.0018627926,0.1560341,0.04899999,-0.0024623235,-0.00087859965,0.08498375,0.0037999246,0.048470918,0.17618501,0.05843609,-0.00074552855,0.21376427,0.014811739,0.4079268,0.016166551,0.15350223,0.43274575,0.16215216,0.15715626,0.1349854,-0.0017960735,-0.0064206566,-0.0064048036,0.15545145,0.05078605,0.0668268,-0.00024142023,0.101955675,-0.0069213915,-0.0064445473,0.110872366,0.49247712,0.09989128,0.052368905,0.035759777
TCGA-AO-A0JG,-0.0053809425,-0.0076568658,0.42883328,-0.0016146873,0.0002961289,0.32131454,-0.01803878,-0.00026333035,0.06341387,0.043294333,0.030698009,0.08645554,0.05745437,0.012749904,0.08721015,-0.007505003,0.022533324,0.10116921,-0.009894802,0.052577984,-0.00668192,0.1432172,0.17561275,-0.00543012,0.10960102,-0.0022043772,-0.0046508643,0.09220519,-0.0026613907,-0.0042314515,0.1781138,0.0224021,-0.004095112,-0.005310872,0.063751444,0.01742116,0.06037572,0.18483245,0.036015354,-0.002361086,0.24191172,0.013806649,0.3710601,0.0034019165,0.15998788,0.44362223,0.17398044,0.2120155,0.13458112,0.04105694,-0.011986796,-0.01257664,0.17050304,0.07244859,0.06338976,-0.006998385,0.17073806,-0.008322722,-0.008648171,0.068317905,0.45349592,0.06065265,0.066811055,-0.0009218715
TCGA-AO-A0JI,-0.0037896954,-0.010836451,0.4038773,0.08927442,-0.00068476744,0.3017175,-0.018463355,0.04315336,-0.0006055504,0.18855189,0.025920887,0.09804793,-0.003798936,0.0946002,0.106607914,-0.012269731,0.019071087,0.18512239,0.037615754,-0.0010148317,-0.005865086,0.005339723,0.19962533,-0.006708087,0.0017456375,-0.018151969,-0.0032488916,0.05193372,-0.0061584297,-0.0062788255,0.06367764,0.014746549,-0.0046373466,-0.011745617,0.19120498,0.0846733,-0.0074533806,0.14072485,0.15760389,0.003068477,0.27410838,0.047741033,0.44516182,0.009026568,0.20726357,0.504704,0.23254016,0.14050378,0.20986827,0.063720144,-0.009196205,-0.0058760988,0.23000833,0.16927561,-0.0006725872,0.02789449,0.14420313,-0.0062442617,-0.00079325086,0.14765565,0.5863531,0.09420317,-0.0010657086,-0.00040711462
TCGA-AO-A0JJ,-0.011637049,-0.004662593,0.2975749,0.12126677,-0.0034346431,0.2942484,-0.011579266,0.05639869,0.06181121,0.08874376,0.030667111,0.08585006,0.1445863,0.016743172,0.08158615,-0.008947876,-0.0075893314,0.18217732,-0.0073412023,-0.0012897598,-0.001435514,0.037595823,0.10285514,-0.0021751118,0.068563074,-0.0049018166,-0.0070384443,0.07966232,-0.0068001375,-0.009764589,0.10669248,0.0061652465,-0.0062068137,-0.005751599,0.14608134,0.07782681,0.021744367,0.17412221,0.09597847,-0.005943983,0.23237486,0.010133572,0.3839091,-0.0008070424,0.13695054,0.48420793,0.21641868,0.1554352,0.19342119,-0.0016316337,-0.008058642,-0.009123894,0.17486015,0.14129761,-0.0041538565,-0.0092976885,0.17181738,-0.007905448,-0.007752212,0.07763976,0.4970348,0.13913795,-0.0043276176,0.01880885
TCGA-AO-A0JL,0.051856656,-0.009460144,0.939997,0.0583982,-0.02238752,0.6204692,-0.018053763,0.069814414,0.051010814,0.1414759,0.04660562,0.2620419,-0.0012162802,0.24942034,0.115812905,-0.018147467,0.25235313,0.25199434,0.27934024,0.11056712,-0.009823068,-0.0008356277,0.47019532,-0.008774287,0.12828651,0.14212672,-0.005948731,0.15262763,-0.0027914995,0.020845905,0.39360765,0.2198537,-0.010735284,-0.004792014,0.07108833,0.07126425,-0.005968618,0.033298086,0.17765574,-0.0044526043,0.5781601,-0.0074795443,0.640069,-0.013588351,0.44597358,1.1522208,0.3120855,0.13040932,0.011904403,0.13250563,-0.018210644,-0.018772215,0.5620317,0.32316333,-0.003890636,-0.017174842,0.3956682,-0.009225547,-0.016725902,0.26214412,0.8366781,0.29950535,0.278996,0.105850294
TCGA-AO-A0JM,-0.002639661,0.017102946,0.80207103,0.123244494,-0.0062432936,0.60508865,-0.022230983,0.078114964,0.10423806,0.1768554,0.30568174,0.16942546,0.029076912,0.21746488,0.03183098,-0.017841043,0.06342897,0.10671882,-0.004570305,0.11832546,-0.012371449,0.0755585,0.077105366,-0.0080962125,0.54233533,0.06371029,-0.018226935,0.092653796,-0.013151834,-0.024044199,0.28686264,0.09617454,-0.018151885,-0.029759575,-0.0071650282,0.023468189,-0.008951418,0.23770462,0.18788455,-0.00017764866,0.60835534,0.02391142,0.735783,0.025315985,0.4556114,1.0501894,0.16058904,0.2712721,0.08627286,-0.00047524832,-0.02806188,-0.0053159315,0.2327443,0.1851767,0.03411548,-0.006673669,0.35499406,-0.022310853,-0.013300507,0.121933855,0.85915285,0.24861081,-0.008984908,-0.005405386
TCGA-AO-A124,0.01938771,-0.016380567,0.6904391,0.11266373,-0.005869873,0.46791044,-0.025898172,-0.01417354,0.049336903,0.14934976,0.09591244,0.12364854,-0.010977285,0.2181258,0.10348272,-0.006024152,0.16475576,0.15155748,0.1072476,0.09183027,-0.00547222,0.13175122,0.40295714,-0.002972052,0.37988043,0.029051688,-0.0042028865,0.21392886,-0.0036478608,0.042407397,0.3528495,0.14590055,-0.005708178,-0.0015077491,0.22137386,0.038224958,0.04354383,0.1847349,0.08608646,-0.0018614825,0.33605126,-0.0010261912,0.61625946,-0.013197769,0.1544856,0.6569823,0.24477714,0.20022778,0.15654323,0.17853174,0.025681265,-0.0070130923,0.38020796,0.10393794,-0.0022690918,-0.00089855504,0.43068606,-0.014269607,-0.007734235,0.023352843,0.57703924,0.053176597,0.2976709,0.043134198
TCGA-AO-A125,-0.007500568,-0.008415488,0.51685137,0.15607959,-0.005389202,0.37217626,-0.020473538,-0.0046516457,0.043308903,0.06792283,0.11776799,0.14141242,-0.0015337396,0.060092375,0.116956666,-0.0060167033,-0.00068134296,0.10943754,0.054894127,0.03745584,-0.0058544697,0.05066926,0.2801005,-0.008998017,0.070825964,-0.0092803165,-0.0016211357,0.10366914,-0.0038384087,-0.014824621,0.18978897,0.02605846,0.0014374633,-0.014994077,0.15063997,0.079517454,0.032072634,0.17949437,0.14943261,-0.0061940774,0.3017246,0.0069558267,0.4819072,0.023156965,0.28079674,0.5995966,0.31532517,0.14197308,0.24153146,0.04464709,-0.0064204903,-0.00496191,0.24076033,0.018022897,0.06733582,-0.008536651,0.19856204,-0.012088609,-0.0052344594,0.03327886,0.64102906,0.24382123,0.035897087,-0.0012730163
TCGA-AO-A126,-0.010960936,-0.006140642,0.4948124,0.012461599,-0.004370442,0.36543772,-0.015143188,0.0660588,0.015818994,0.085365206,0.056692783,0.082843915,0.09911622,0.1418554,0.08064,-0.0067151743,-0.0021597226,0.19027296,-9.1819464e-05,0.11344296,-0.0075717247,0.046689037,0.2124241,-0.0035933256,0.013758041,-0.014710501,-0.01407847,0.051137067,-0.0038852133,-0.007438326,0.22262199,0.012348384,0.039847832,-0.00815801,0.17445329,0.05859529,-0.0013125684,0.20683068,0.08792279,-0.004375119,0.23128359,0.06735148,0.50915784,0.0051538125,0.2050362,0.6010962,0.26537782,0.16770986,0.15791322,0.016790152,-0.011491033,-0.009425296,0.18523006,0.05859939,0.099815495,-0.011608677,0.20283218,-0.0071434616,0.019177033,0.08265773,0.62334853,0.1659833,0.02077939,0.019858405
TCGA-AO-A128,-0.00907083,-0.007885911,0.38889363,0.03165516,-0.0048905797,0.2828468,-0.022273628,0.06555691,0.004011983,0.021725684,0.021577843,0.15118285,0.12815566,0.06584415,0.075358406,-0.004702577,0.060500015,0.16913599,-0.002545157,0.040663857,-0.007732756,0.016663495,0.23564118,-0.008631967,-0.001614625,-0.0045996527,-0.008201875,0.041884877,-0.001789324,-0.0016023525,0.15883417,0.043324526,-0.0039310213,-0.0039328667,0.09553904,0.016795281,0.047317125,0.16311331,0.07423166,-0.006132643,0.17459477,0.015237921,0.410672,-0.0012054954,0.17532039,0.54411024,0.2780715,0.15079132,0.16418381,0.048853144,-0.010796237,-0.010093305,0.15509407,0.11506072,0.05563239,-0.0040733954,0.19110541,-0.012322758,-0.005956393,0.1347238,0.5057544,0.11827738,0.033780485,0.043850884
TCGA-AO-A129,-0.0063837655,-0.009113683,0.6059602,0.07801518,-0.0058370675,0.336196,-0.015652938,0.021328114,0.027282747,0.07787466,0.09808095,0.11175385,-0.00486069,0.13523561,-0.0041084434,-0.0042439913,0.037550963,0.15427905,-0.0052359616,0.10041948,-0.006782359,0.054688353,0.29455128,-0.010646735,0.1910436,-0.012219141,-0.0028206657,0.15208167,-0.017809158,-0.012283968,0.36276373,0.020109436,-0.004830222,-0.0062800064,0.22937074,0.018603127,0.061587773,0.26042774,0.110009536,-0.0035388493,0.34556016,0.05161147,0.6525559,-0.001975587,0.19862083,0.7512994,0.41486096,0.10479908,0.13275923,0.12086008,-0.009398255,0.005773261,0.23754609,0.19568819,0.0054440517,-0.009323783,0.3624664,-0.0073849782,-0.010143621,0.15518892,0.7268438,-0.0021284104,0.07949421,0.08519755
TCGA-AO-A12B,-0.0092515,-0.0050965864,0.41524494,0.21728037,-0.0068474845,0.421924,-0.016072487,0.004316084,-0.0048085223,0.050740927,-5.8452042e-05,0.107699044,-0.006366003,0.13930516,0.07080836,-0.00039738938,0.040398754,0.1659196,0.007946946,0.13481708,-0.005559116,0.0067154653,0.28390178,-0.0034422327,0.011449587,-0.0057248226,-0.010382618,0.05148639,-0.0063538305,-0.01640359,0.31748044,-0.0018766144,-0.001460626,-0.012623476,0.13739969,-0.0027115087,0.11445807,0.12681563,0.029407755,-0.0062410454,0.3350614,0.0055099875,0.36417952,-0.005026312,0.33309796,0.62289846,0.36948383,0.16137883,0.20518307,-0.0023727717,-0.00072725676,0.028231382,0.26682225,0.00618588,0.0066654775,-0.026108397,0.25639436,-0.015816808,-0.00019519427,-0.0013952248,0.5987553,0.36261502,0.06319006,0.011046998
TCGA-AO-A12C,-0.0099590905,-0.004630335,0.2969687,-0.0022519417,-0.0024708142,0.24190727,-0.017441241,0.042913713,-0.00015497766,0.041649282,-0.0014629018,0.13499108,0.09416929,-0.0012508262,0.10818416,-0.00074734463,-5.4546817e-05,0.062217653,-0.0058787256,0.049316894,-0.0076884725,0.056304693,0.23048677,-0.0049377303,0.009550396,-0.002092882,-0.010473813,-0.00047217682,-0.0012841468,-0.000646171,0.15486649,0.12309934,-0.0024185448,-0.004712445,0.05409048,-0.0034047824,0.10891715,0.095025025,-0.0016754263,-0.0011459846,0.12198037,0.028119534,0.3194625,-0.00110083,0.14451882,0.40012148,0.17108178,0.11923647,0.15264086,-0.0029726648,-0.0069419704,-0.009582258,0.17365217,0.04372786,0.026867386,-0.0038431261,0.17520584,-0.009323691,-0.0040080016,0.07652216,0.44681233,0.1409121,0.029579747,0.031599984
TCGA-AO-A12E,-0.0030092255,-0.008724416,0.5647088,0.06812662,-0.0023492752,0.51316106,-0.022134567,0.094155,0.028685963,0.08086456,0.024778385,0.13709472,0.07355004,0.03575685,0.09128593,-0.008610542,0.037639163,0.14817593,0.067198,0.15022658,0.0021449644,-0.00029200577,0.29204527,-0.008136734,0.15796308,-0.013871617,-0.010000492,0.02133508,-0.0055818185,0.018379692,0.2803663,0.18554676,-0.010712676,-0.007730253,0.14539973,0.15289098,0.01092599,0.23994,0.11398138,-0.0007393964,0.359939,-0.0023049177,0.6171561,0.02095049,0.34095883,0.74056256,0.31281757,0.12386024,0.23069268,0.06077566,-0.006663248,-0.0059636096,0.29112154,0.07344251,0.019726032,-0.005009472,0.2462907,-0.018765291,-0.0050442717,0.15159905,0.7058186,0.107502714,0.03365683,0.14216536
TCGA-AO-A12G,-0.0019191608,-0.011784688,0.43496257,0.058329087,-0.0037898242,0.3292736,-0.014087672,0.012745813,0.03404114,0.11408116,0.024391416,0.060534615,0.061944112,0.04722223,0.08423365,-0.0065454515,0.028916642,0.18031758,-0.0008585988,-0.0051168194,-0.0043449574,0.03386053,0.22348796,-0.005148304,0.007877186,-0.0073694447,-0.005887549,0.10201119,-0.005483792,-0.0076596322,0.16995563,-0.00422618,-0.003366559,-0.0063444735,0.119738884,0.06537971,0.0653144,0.13438554,0.113525614,-0.0035672826,0.28413793,-0.0010160971,0.48245236,-0.0020142726,0.16813833,0.58523744,0.16677472,0.16271241,0.12655419,0.022361849,-0.013831503,-0.0017596198,0.18476428,0.07042834,0.13013305,-0.0065767965,0.20841098,-0.010615227,-0.0019511571,0.07889927,0.53732604,0.0851693,0.077385396,0.044045642
TCGA-AO-A1KO,-0.0026200586,-0.010519611,0.88803923,0.07348882,-0.0061021517,0.5700765,-0.031075997,0.21669923,0.03941326,0.054444462,-0.0064582885,0.09590039,0.11628142,0.31554288,0.06676644,-0.0071309134,0.35166052,0.33861163,0.055358835,0.27079093,-0.00011396241,0.13192081,0.5494563,-0.016784457,0.036412183,0.0037119128,-0.0068979408,-0.010162318,-0.005565036,-0.009674804,0.3782828,-0.0015681408,-0.014047155,-0.008921218,0.13839193,0.16543439,0.10250164,0.18118592,0.18096597,-0.0024492189,0.46714267,0.19679071,0.94285274,-0.021617137,0.19064626,1.1338679,0.3740263,0.15726,0.28216055,0.054222144,-0.022582892,-0.0033649437,0.3278002,0.014707239,0.057991184,-0.020273564,0.24336468,-0.02110952,-0.0016919775,0.06815559,1.1355003,0.16381007,0.21762477,0.3499946
TCGA-AO-A1KP,-0.0061369776,-0.009059568,0.55072904,0.07556613,0.061989613,0.3839573,-0.029425664,0.0971455,-0.0041189287,0.032647662,0.020444416,0.17634082,0.02148062,0.0819855,0.15313755,-0.009627959,0.049686957,0.10915761,-0.0018136724,0.04731172,-0.003562744,0.118654355,0.2839341,-0.009399289,0.13187848,-0.00035315045,-0.010228231,0.04005356,-0.002530026,-0.007655053,0.25255084,0.010117866,-0.003944022,-0.014034134,0.015018048,0.05162726,0.014459562,0.16701408,0.069282174,-0.002263341,0.3314794,0.073979706,0.5942695,-0.0005971067,0.24655898,0.6457668,0.2153135,0.20113452,0.20162897,0.038799405,-0.012783966,-0.010131748,0.2843346,0.14615314,-0.0005760888,0.053673223,0.21036749,-0.01925981,-0.003156809,0.09443566,0.64982694,0.23587315,0.044323403,0.06513261
TCGA-AO-A1KQ,0.04057723,-0.01106701,0.82155603,0.22024043,0.032553524,0.69803315,-0.019047206,0.027735285,0.07275312,-0.00039368795,0.01994862,0.16660914,-0.0025942374,0.05731436,0.05225076,-0.011739996,-0.000988565,0.18451026,-0.007205594,0.124475315,-0.0016773621,0.16155317,0.2697671,-0.004323383,0.43834877,-0.0014106758,-0.008661887,0.20167188,-0.010414685,-0.011735613,0.43223894,-0.0003214799,-0.011934338,-0.012567602,0.21526827,-0.0037686357,-0.019587576,0.14124127,0.1267321,-0.012926504,0.3578836,-0.0017974678,0.8128414,-0.0041061016,0.29018193,0.89422965,0.43737474,0.26242122,0.05720774,0.1939379,-0.00350003,-0.013362995,0.4125471,-0.000542724,0.064000756,-0.0054007047,0.47320408,-0.03193684,-0.0050463136,0.13704139,0.6748861,0.14470266,0.062497105,-0.009484942
TCGA-AO-A1KR,-0.0054134545,-0.008357446,0.95279825,0.23194821,-0.0008843595,0.8342626,-0.03713822,0.1507843,0.07263236,0.19204412,0.11901851,0.25489697,0.037787523,0.33475107,0.04274758,-0.022071932,0.19322634,0.091249436,-0.00017909483,0.31912157,-0.012228338,0.26816446,0.4922817,-0.0037598815,0.7036439,-0.006963706,-0.018681904,0.3520838,-0.023869714,-0.020243406,0.5031126,0.393627,-0.012847257,-0.014785548,0.05079882,0.07591154,0.11013679,0.18441963,0.081781566,-0.006003931,0.5387809,-0.00074613653,0.8541857,-0.025548821,0.40228093,1.2838799,0.5350006,0.24635652,-0.004296431,0.22093979,-0.012875982,-0.0041739554,0.49854052,0.07860627,0.034498043,-0.022673523,0.5872434,-0.021644639,-0.0072745755,0.13418739,1.096461,0.22552314,0.115489274,0.16923033
TCGA-AO-A1KS,-0.000894169,-0.011838186,0.676642,0.08881275,0.048601486,0.40130424,-0.022371426,-0.0024901317,-0.0027250217,0.040008083,0.07919705,0.1971673,-0.0040033613,-0.0039385427,0.07056287,-0.013096451,0.15919903,0.14438798,-0.006841,0.110875234,-0.0031497048,0.08529864,0.27011102,-0.011319404,0.32468215,0.03961023,0.0043251114,0.13020535,-0.011124327,-0.01309841,0.2492545,0.032969728,-0.013395706,-0.004989385,0.014170457,0.08973968,0.01694158,0.23396106,0.083193585,-0.004248866,0.39478356,0.0052614044,0.56062126,-0.0013014976,0.25554734,0.7626836,0.27822152,0.17557019,0.110629655,0.042173244,-0.013099191,-0.0075231614,0.36717284,0.10971461,0.0418773,-0.004490529,0.36417973,-0.016042465,-0.007616158,0.1306603,0.6754609,0.14262682,0.012217339,0.059482887
TCGA-AO-A1KT,-0.0030711542,-0.012722685,0.71895736,0.07972883,-0.013428449,0.4917215,-0.012257703,0.065766245,0.062140815,0.07686418,0.05440851,0.0059966817,-0.0069529354,0.06737315,0.050993524,-0.008459023,0.05982982,0.2500566,0.0070690997,0.17466034,-0.0071549537,0.01842175,0.32285836,-0.007987799,0.20310839,-0.0068853,-0.012095118,0.116007484,-0.008438771,-0.008437559,0.39056173,0.07662213,-0.008393963,-0.008045052,0.074967675,0.030222815,-0.000694656,0.23513827,0.09059706,0.0385964,0.43085882,0.041444745,0.7461282,-0.0019259244,0.33058777,0.9294311,0.3340904,0.22955173,0.13504754,0.011180297,-0.01562911,-0.009776025,0.38527554,0.12311958,0.09501485,-0.010217823,0.32143784,-0.024853474,-0.0014258915,0.13298923,0.8512189,0.23334448,0.13696665,0.1319031
TCGA-AQ-A04H,-0.0063514872,-0.010422068,0.45390302,-0.0022060906,-0.0026884652,0.2982144,-0.009413637,-0.0030693782,0.09816268,0.050592557,0.044576913,0.023924742,0.025534969,0.011622242,0.07495262,-0.006074684,0.018441346,0.078458086,-0.0033695363,0.05346564,-0.0036208243,0.098311976,0.17941113,-0.0044862144,0.11417255,-0.008122414,-0.008544537,0.051997125,-0.008336975,-0.0030145084,0.21785857,0.017176233,-0.01024164,-0.0028828022,0.07004758,0.030278582,0.070834935,0.20608057,0.04878755,-0.00095456134,0.28576222,0.037097648,0.42896363,0.04894906,0.1254255,0.47207737,0.12944643,0.16127463,0.10079322,-0.002140553,-0.009665564,-0.012280401,0.18701825,0.009274771,0.07601037,-0.0026259404,0.17785273,-0.010984914,-0.006895091,0.11262603,0.40958363,0.039288573,0.08758502,0.021619558
TCGA-AQ-A04L,-0.0055043977,-0.007740331,0.39755294,0.066027075,-0.005080994,0.23320213,-0.010900686,-0.00037190263,-0.00078419596,0.09154558,0.029966261,0.057274077,0.03518699,0.028731152,0.05418406,-0.0064435615,0.017770577,0.18000926,-0.00056858326,0.037280355,0.02120006,0.072786346,0.18593591,-0.0011840182,0.073912874,-0.00264474,0.00037007872,0.13290763,-0.009270922,-0.0022888628,0.18876758,0.10926406,-0.0011973622,-0.005933648,0.050103273,-0.008859986,0.09871202,0.09446488,0.01662489,-0.003997753,0.23306061,0.0035394542,0.3334792,0.039195653,0.18907952,0.49334133,0.20026556,0.059751663,0.1003164,0.0014782734,-0.0065835207,-0.0002840508,0.25635847,0.04208851,0.06602693,-1.4840904e-05,0.27326614,-0.014468069,-0.009177527,0.0647183,0.34743714,0.11020913,0.03516074,0.04318723
TCGA-AQ-A0Y5,-0.0061169686,0.0032366402,0.3729773,-0.0026186977,-0.013568266,0.35891774,-0.017975397,0.06913844,-0.007832405,-0.0012414762,0.0062469244,0.02400517,0.053267293,-0.007334617,0.17333457,-0.00027295202,-0.0006364543,0.22602059,-0.022553006,0.113081515,-0.008484688,0.011728819,0.14137872,-0.0028333785,0.1637634,-0.011015586,-0.010722861,0.058770943,0.019139593,0.009389933,0.2478415,0.03725688,-0.0091867475,-0.0026377363,0.21037975,0.103604764,-0.0052545546,0.20558785,-0.01036623,-0.0055885995,0.18134877,-0.0025589336,0.4753923,-0.0017998948,0.19786201,0.52450955,0.25852537,0.120385654,0.14776461,0.046889722,-0.004811688,-0.01922282,0.074006215,0.12639426,0.05028943,-0.00011387514,0.2839801,-0.012836471,-0.010106719,0.05219126,0.5345955,0.106897056,0.096927375,0.04505925
TCGA-AQ-A1H2,0.049030468,-0.01602266,0.8172515,0.18700753,-0.0039198236,0.5918378,-0.027566446,-0.0060890787,0.035921,0.12945773,0.11144966,0.104726076,-0.0064726877,0.069605075,0.10158157,-0.011591571,0.11959024,0.15316892,0.058000855,0.15611275,-0.0048229,0.12413129,0.41859552,-0.009360765,0.28530425,-0.0058312803,-0.0033626468,0.14934568,-0.0077910246,-0.0081083095,0.42154896,-0.0028711811,-0.010618279,-0.016165266,0.06815592,0.12794115,0.04502226,0.24519297,0.12150593,-0.001024361,0.51142865,0.012149906,0.77078116,-0.002516383,0.35399136,0.9722336,0.42025897,0.13718185,0.14817707,0.14051488,-0.011151264,-0.0065770703,0.4509716,-0.0031856224,0.112089984,-0.012365113,0.35314935,-0.011791055,-0.010218597,0.019077353,0.8540984,0.31114998,0.15254223,-0.00018872917
TCGA-AQ-A1H3,-0.004739547,-0.009598042,0.57621276,0.08638267,-0.0042275414,0.36915737,-0.019447519,0.075048804,0.045264672,0.096216306,0.04380522,0.09347397,0.01606901,0.10912143,0.08477232,-0.0076787854,0.13243382,0.116387025,-0.0039069103,0.18079022,-0.008194487,0.14407314,0.28135076,-0.006737876,0.12719533,-0.00622138,-0.006591142,-0.0008026622,-0.0058952603,-0.008022885,0.2738142,0.0060246615,-0.0052335938,-0.009086305,0.08200987,0.06467271,0.0282067,0.17870884,0.019371033,-0.0034012862,0.40420422,0.05810821,0.5936622,-0.0051776604,0.25063902,0.67778325,0.28171092,0.17181416,0.20306651,0.03229045,-0.008372389,-0.008154236,0.2522897,0.0120959,0.05993078,-0.012013053,0.22351967,-0.012859933,-0.007991827,0.0853709,0.72340643,0.17108408,0.10650894,0.10302962
TCGA-AQ-A54N,-0.0022246565,-0.014059079,0.602198,-0.0015997548,0.036636487,0.5914772,-0.018309226,0.031971693,0.040804297,0.18524179,0.12271634,0.09472683,-0.0009572614,0.3454668,0.032764588,-0.002813182,0.25234914,0.22489737,-0.0021222865,0.12897217,0.09312617,0.24409613,0.49106577,-0.014016,0.2469361,-0.015887393,-0.0063194223,0.28185654,-0.012193999,-0.0024298914,0.44326368,0.031766143,-0.011816416,-0.016863981,0.32021087,0.011299696,0.11287297,0.19060045,0.15307337,-0.007866192,0.34795994,-0.009043484,0.6731226,-0.000700663,0.24124973,0.8158618,0.40932345,0.18531305,0.18237498,0.10776941,-0.010575621,0.05143804,0.31057397,0.13884723,0.11805797,-0.018663023,0.391249,-0.017416272,-0.0031556634,0.08634153,0.92576796,-0.002503261,0.14603546,-0.0059869834
TCGA-AQ-A54O,-0.008281245,-0.005212208,0.38198274,0.07608542,-0.0001426558,0.28842148,-0.015175733,0.011844225,0.006466165,-0.0029113148,0.07872753,0.115791455,0.037063345,0.016304992,0.09131284,-0.0032990673,0.09097648,0.05277483,-0.004400246,0.062477183,-0.006614607,0.08111814,0.23033172,-0.0070776404,0.097110435,-0.005007764,-0.007584182,0.08125907,-0.0068750246,-0.0046680504,0.2608412,0.029755745,-0.00558143,0.002771549,0.0965724,0.014519185,0.07993832,0.12432893,0.0025963355,-0.004198696,0.23466231,-0.0042717573,0.39457574,-0.0014508695,0.17756657,0.45744094,0.2582255,0.13795982,0.14922227,-5.6416542e-05,-0.006010833,-0.010068898,0.14483151,0.022280755,0.058360167,-0.0035245046,0.21378228,-0.012144591,-0.0042317775,0.120012045,0.50044936,0.10393539,0.103993654,-0.00044226574
TCGA-AQ-A7U7,-0.0061532976,-0.007991557,0.3958667,0.02268098,-0.00052741956,0.29138547,-0.016871808,0.037914507,0.036432184,0.025814898,0.018175047,0.106627256,0.07521641,0.013979138,0.042773686,-0.003501419,0.042329438,0.0556285,-0.0078338925,0.027489115,-0.0041344515,0.061375175,0.2323247,-0.010725929,-0.0015535083,-0.0049354695,-0.007256508,0.016268663,-0.002976042,0.0012593679,0.18861417,0.06874728,-0.004854879,-0.0047084508,0.06478904,-0.0045082136,0.07252937,0.13370654,-0.0011439555,-0.001493454,0.1883121,-0.0026843224,0.34433258,0.0015230998,0.12259309,0.41693833,0.2016076,0.15440549,0.11777475,0.017395936,-0.007973045,-0.008967565,0.13365528,0.039717123,0.061883986,-0.0023526817,0.16775014,-0.010687217,-0.0038229693,0.11456353,0.4529763,0.045163356,0.03599288,0.043046273
TCGA-AR-A0TP,0.008478041,0.091156244,1.0158455,0.06261131,-0.015277535,0.44969228,-0.0065464857,0.07870058,-0.015168004,0.3216353,0.254108,0.2217054,-0.022078458,0.45525151,-0.010941889,-0.006374954,-0.0054182205,0.34667966,0.38319555,0.14209552,-0.0068916017,0.0746966,0.43688497,-0.005268046,0.12428875,-0.005512129,-0.0034190516,0.3274927,-0.0113013135,-0.0036487689,0.32891247,0.09927012,-0.0071027414,-0.008613603,0.30264318,0.18292698,-0.010823053,0.18018961,0.2154408,0.028821856,0.6455677,0.13613218,0.8993186,0.10589403,0.461907,1.0898217,0.45428208,0.110487044,0.086774565,0.056718476,-0.019952381,0.020560876,0.5252709,0.13102785,0.14107424,0.06868353,0.4499613,-0.003504891,-0.008594341,0.25922406,0.83446604,0.0034483522,0.2820553,0.21320538
TCGA-AR-A0TQ,-0.008903119,-0.0009165097,0.61277246,0.14973095,0.024220182,0.4724985,-0.025348246,-0.0065777986,0.01115698,0.09083249,0.025672797,0.14402974,-0.00079940597,0.031043418,0.03918978,-0.007504543,0.17948738,0.3008832,-0.00884558,0.16065252,-0.0064648534,0.099718645,0.21114202,-0.008014529,0.21906056,-0.0012553337,-0.003454585,0.1580923,-0.004828922,-0.005887795,0.21983963,0.1408129,-0.016125409,-0.010391622,0.111977406,0.036191996,-0.0044681313,0.24432017,0.17108576,-0.00020068213,0.30109888,0.04333391,0.59922355,0.030264845,0.2087487,0.6146548,0.25019598,0.2550405,0.19998689,0.09226725,-0.0039181984,-0.0052771247,0.3327972,0.015051702,0.11167641,0.014515822,0.3476537,-0.01676586,-0.0046625673,0.105205834,0.72221226,0.12128606,-0.00063799135,0.011472307
TCGA-AR-A0TR,-0.0049632364,-0.012337895,0.45991188,0.060210507,-0.00117429,0.30664346,-0.016978562,0.015537247,0.069844976,0.028896049,0.055689164,0.088884115,0.042538743,0.060154647,0.08312686,-0.010996834,0.0060706176,0.06578938,-0.0046320646,0.015885912,-0.0042435466,0.09082805,0.26100847,-0.011335823,0.11217925,0.0005263686,-0.0032365085,0.025507232,-0.0010451841,-0.009002692,0.16225007,0.02041081,-0.001892639,-0.010933158,0.0028345096,0.08929914,0.068791576,0.19515541,0.090160206,-0.00011819378,0.29327142,-0.00051333423,0.36021462,0.09464875,0.20112163,0.5087595,0.2421825,0.19243822,0.15482019,0.03537692,-0.014813269,-0.0069982293,0.26514047,0.051681787,0.07122914,-0.008553095,0.22920786,-0.014191489,0.00984866,0.06398336,0.5157041,0.16854495,0.07512766,-0.00061540905
TCGA-AR-A0TT,-0.0027137974,-0.0067937435,0.66194963,0.20751686,-0.0025992393,0.6035292,-0.020929877,-0.009116772,0.015326086,0.046061248,0.011097319,0.13763228,0.056149606,-0.001137114,0.014134929,-0.017428953,0.0553071,0.26492125,-0.008675531,0.15384121,0.013625756,0.100975916,0.23224151,-0.008286558,0.36746436,0.020993892,-0.005762486,0.22443856,0.043068856,-0.0011341103,0.30502197,0.049372677,-0.01884569,-0.015152784,0.03343281,-0.009461664,0.0020974576,0.2640255,0.20023032,-0.0035009296,0.42615458,0.034331616,0.67818123,-0.0006269809,0.19220209,0.78331137,0.2855205,0.34422052,0.06654542,0.08123016,-0.0031591025,-0.011854281,0.4389109,0.1305627,0.054394998,-0.005654063,0.30548733,-0.0219013,-0.01573977,0.13628298,0.66048175,0.076896444,0.11416897,-0.0009268247
TCGA-AR-A0TV,-0.006956113,-0.010487573,0.5670163,0.12166032,0.0040040165,0.40171027,-0.021946391,0.119353265,0.035944156,0.11889535,0.15546332,0.0969888,-0.012473011,0.10844157,0.0064725988,-0.018024055,0.02626663,0.32430276,-0.012335696,-5.2342566e-05,-0.011933419,0.11748135,0.27238476,0.008291241,0.26063132,-0.004691083,-0.005331415,0.19813673,-0.005264503,-0.00630178,0.22494552,-0.0004438879,-0.011107458,-0.01680851,0.06552857,0.027070433,-0.0021523905,0.19218662,0.15182115,0.09676287,0.46254346,-0.00073585584,0.57859915,0.12871616,0.40130594,0.70633733,0.28637996,0.20785,0.1334774,0.04993371,-0.012408598,0.061041273,0.30620497,0.04155969,0.13201654,-0.005214184,0.31281644,-0.01778376,-0.0070784255,0.11935435,0.7617876,0.36899242,0.039182093,0.07799028
TCGA-AR-A0TX,0.03336739,-0.005153841,0.8169281,-0.0018398159,-0.0015977012,0.6331429,-0.024386851,0.053398415,-0.0033152406,0.17891681,0.098018736,0.27001342,0.05257714,0.10280931,0.0022549592,-0.011697859,0.1930439,0.27297917,0.014358472,0.17713721,-0.00079467654,0.17713109,0.41783062,-0.0061807535,0.31446517,-0.0018559054,0.010549079,0.21008582,-0.012552358,0.03514785,0.39449203,0.25350213,-0.014839949,-0.014919936,0.0033845236,-0.0019931043,0.042735323,0.24732235,0.11133614,0.03819064,0.5156709,0.09275384,0.81742203,-0.0030224696,0.35348493,0.99405545,0.33528304,0.18142982,0.19871955,0.042515233,-0.005048722,-0.0049397373,0.42072025,0.09129086,0.26077324,-0.0029203468,0.43940616,-0.026041318,-0.0068599954,0.10370669,0.9230794,0.17866454,0.104579195,0.037629038
TCGA-AR-A0TZ,-0.0039513963,-0.010435233,0.3362655,0.051633727,-0.005759913,0.2954274,-0.016086472,0.027743768,0.023604589,-0.0005703859,0.11025813,0.084903896,0.06991905,0.04577975,0.059007697,-0.006581478,0.020320516,0.10566661,-0.0059606894,0.036168057,-0.008523565,0.055792775,0.17272113,-0.0066804932,0.051117178,-0.00439564,-0.0028476787,0.13204429,-0.0022225073,-0.0022127687,0.1296306,-0.0023630173,-0.0033919718,-0.0006296791,0.052547697,-0.0019207433,0.01379152,0.19178657,0.116433114,-0.00043112636,0.18802245,-0.0037673835,0.3301978,0.07642269,0.17483206,0.40279713,0.1633631,0.15576187,0.080002084,-0.0005958442,-0.0094618425,-0.010478473,0.17419207,0.028357686,0.05031258,-0.0046973517,0.20341378,-0.011860864,-0.0033066205,0.0799384,0.4014814,0.110799424,0.07965657,-0.005731105
TCGA-AR-A0U2,0.10316344,-0.021693366,0.80952555,0.29900342,-0.0012863266,0.56842375,-0.037266627,-0.005471232,-0.0037028547,0.24866395,-0.008885142,0.052379407,-0.0059085307,0.2578025,-0.022905711,-0.02237214,0.17072953,0.3629829,-0.020144863,0.9839425,0.00026999228,0.35554853,0.42354122,-0.011802616,0.40471032,0.06470481,0.14684217,0.3939137,-0.012724358,-0.020715185,0.1681176,0.00044260547,-0.031941783,-0.009066154,0.033791464,-0.00070850004,0.05265769,0.37458733,-0.0033664138,-0.021085138,0.45284733,0.09643385,0.6893201,0.1964785,0.3485469,0.80151683,0.496061,0.15515202,-0.005836919,0.27147317,0.020528793,-0.009693688,0.52643,0.2603925,0.12073889,-0.002334581,0.49447894,-0.037481215,-0.014511871,0.077716246,1.087742,0.145578,-0.008701029,-0.007236384
TCGA-AR-A0U3,0.00027428474,-0.007328938,0.4419093,0.03197998,-0.0023228338,0.37395924,-0.012552315,-0.0022578542,0.001261007,0.03808526,0.07019371,0.057226658,0.010345068,0.12027143,0.081233636,-0.0034112618,0.032349885,0.14699534,0.0007983856,0.11452156,-0.003614744,0.098994955,0.18286093,-0.0042879297,0.05807386,-0.0024514107,-0.003093439,0.12092596,-0.0050046896,-0.002829291,0.23801778,0.07144326,-0.0009938888,-0.0063269376,0.10539418,-0.003154315,0.05951262,0.13272138,0.026269116,-0.0066996473,0.17432341,-0.0039085876,0.33263546,-0.0005612038,0.16352645,0.44259763,0.17984092,0.09325665,0.1116986,0.005089298,-0.012139471,0.010955598,0.20526627,0.041455977,0.011737978,-0.012878959,0.24980974,-0.0050346134,-0.0063687796,0.09394584,0.39567578,0.06748507,-0.007126972,-0.0043503647
TCGA-AR-A0U4,0.031199869,-0.008865927,0.72029597,0.13713731,-0.005723742,0.46110037,-0.02053577,-0.006345456,0.052752886,0.019980624,0.14186051,0.10905133,-0.0015215483,0.13393858,0.065977626,-0.010834373,0.19155726,0.07711139,-0.004774166,0.10088606,0.025807744,0.1757625,0.3770992,-0.008911955,0.51971626,-0.0017887823,-0.0037519222,0.19699883,-0.008181561,-0.00248957,0.4619333,0.058163185,-0.010927439,-0.018309884,0.2426865,0.032178264,0.19042578,0.2389377,0.21015461,-0.0015697025,0.31027547,0.027657788,0.7755248,-0.0027620345,0.15120976,0.83779776,0.44923395,0.19391868,0.07224832,0.017990425,-0.013022657,-0.008700415,0.32184005,0.10034979,-0.0014090711,-0.005973819,0.40949798,-0.009915282,-0.0043229563,0.100782484,0.80972964,-0.004160625,0.07318656,-0.0024815456
TCGA-AR-A1AI,0.12056653,-0.0076825693,0.91591376,0.14099726,-0.008500714,0.40603948,-0.021736575,0.008017682,-0.0030583513,0.023664147,0.08678162,0.17103754,-0.0024894911,0.19380188,-0.0009249438,-0.022014756,0.017002396,-0.0045779003,0.03373844,-0.0009667434,0.02238194,0.12782885,0.3412883,-0.017605804,0.6540748,-0.0023271719,-0.013473855,0.31896937,-0.018849453,-0.0043421104,0.35866925,0.19693169,-0.016863136,-0.019039135,0.23676203,0.013312321,0.06996445,0.18651494,0.1958994,0.043093927,0.5660435,0.10995071,0.78282213,-0.015202078,0.10855834,0.9252566,0.47793388,0.18737395,0.08725989,0.22247037,-0.0037657828,-0.005745607,0.49615526,0.1605175,0.05491247,-0.013262215,0.385201,-0.007714571,0.09306117,0.20642404,0.87245065,0.006829016,0.14142044,0.01898989
TCGA-AR-A1AJ,0.015903886,-0.00068022276,0.7896697,0.12348388,-0.0018157213,0.43450412,-0.021348331,0.063328356,0.054809794,0.056743637,-0.007663949,0.1451868,0.017134499,0.16617504,0.048809797,-0.014854259,0.26284882,0.14496434,-0.0040253936,0.25083518,-0.005577898,0.13406183,0.45183605,-0.017419709,0.29811132,-0.009937806,-0.008132629,0.12668669,-0.019083483,0.013430525,0.38018757,0.03032982,-0.014811507,-0.006559497,0.15191223,0.0777414,-0.0007515427,0.18688788,0.040689476,-0.00028255358,0.44891647,0.13876069,0.650862,-0.0055466266,0.29954153,0.82750297,0.50340897,0.24268685,0.13746965,0.14948276,-0.011623851,-0.00997278,0.3727182,0.09390248,0.02060656,-0.013870983,0.33186412,-0.019105332,-0.012949328,0.2294083,0.9340309,0.06865548,0.15598316,0.123156995
TCGA-AR-A1AK,-0.004355002,-0.0048825825,0.5882071,0.07305162,0.010616718,0.41546,-0.01939558,0.083520055,0.052321732,0.05185111,-0.0042766077,0.09447372,0.08874789,-0.0012244992,-0.0014604249,-0.0067864754,0.15290001,0.17072074,-0.0047859885,0.18861109,-0.00513965,0.15401532,0.24549067,-0.011286065,0.14952977,-0.011277546,-0.008065053,0.012374993,-0.0076496787,-0.006376657,0.2446939,0.0017041415,-0.0060098474,-0.0026771089,0.08922266,0.045695018,0.06231132,0.22333404,0.062812254,0.0053557083,0.35461378,-0.003910571,0.60178447,-0.002012434,0.31656674,0.76385176,0.3611394,0.19736078,0.16826291,0.018433511,-0.015612108,-0.0016226411,0.29304072,0.109956786,0.09507129,-0.012285972,0.28830153,-0.0114302505,-0.005116463,0.140239,0.77499586,0.08015749,0.040743392,0.09383492
TCGA-AR-A1AL,-0.010848063,-0.0057344735,0.5550237,0.051059816,-0.002661461,0.35635978,-0.02198538,0.07838888,0.005591348,0.08945057,0.04598443,0.102837324,0.05877468,0.14411625,0.06294395,-0.0068057748,0.101886466,0.21533087,0.031343877,0.17190236,-0.008436839,0.09169246,0.25981623,-0.005842569,0.0008834787,-0.0067415717,-0.0076812278,-0.002718395,-0.009050223,-0.008118562,0.22153682,-0.0039071864,-0.005897948,-0.0046505625,0.14580905,0.08530781,-0.0007986892,0.19606923,0.09731898,-0.0009209085,0.28831565,0.08082932,0.5479866,-0.0015829813,0.21798885,0.6530122,0.27030563,0.1991358,0.26309338,-0.0012108785,-0.013110034,-0.008343443,0.24460876,0.0147432145,0.10618997,-0.010529498,0.23668174,-0.011119718,-0.0032630027,0.06737032,0.6925316,0.16192496,0.04490755,0.050175287
TCGA-AR-A1AM,-0.010877523,-0.0073846537,0.47525874,0.072713956,0.027697345,0.336953,-0.016963432,0.07985735,0.072073855,0.06458009,-0.0016096,0.08637227,0.07531546,0.05672446,0.063825615,-0.0019549087,0.047306173,0.17895544,-0.0040588467,-0.00073637924,-0.008074401,0.022657625,0.28968298,-0.0078627635,-0.0032876458,-0.0064047948,-0.010039817,0.0012846142,-0.003393972,-0.0035433637,0.20546699,0.033164386,-0.004826748,-0.005767381,0.12641287,0.02768441,0.08585887,0.14033316,0.017229188,-0.0020638478,0.20731233,-0.0023769669,0.49234635,-0.0034658858,0.16536419,0.5496205,0.27332038,0.20313993,0.20136926,0.016371604,-0.010095382,-0.010059963,0.14865494,0.058723144,0.07912276,-0.006024122,0.21195376,-0.014449042,-0.00048424923,0.11011266,0.57773733,0.013483092,0.10725662,0.09068857
TCGA-AR-A1AN,0.08100876,-0.0057235,0.70056957,0.09757313,0.030625848,0.40009984,-0.024507767,0.07000566,0.045225687,0.077028744,0.07043342,0.12729123,-0.0028251242,0.08972217,0.020640776,-0.0050939606,0.16467138,0.05927545,-0.0024797616,0.17288035,-0.004660404,0.124059215,0.45526943,-0.015625998,0.25799295,-0.0014513833,-0.0014483904,0.06378135,-0.012444815,-0.006278717,0.34337646,-0.005641313,-0.004125122,-0.0129682375,0.11091387,0.042867426,-0.0057276036,0.2121091,0.09226594,-0.003637456,0.43645898,0.068259045,0.6681312,-0.0053131594,0.34394905,0.81691086,0.37251502,0.2276827,0.18166745,0.09046332,-0.006894592,-0.00732455,0.36019903,-0.0019701533,0.087329365,-0.005464942,0.36094397,-0.016563501,-0.006991956,0.11430453,0.7258769,0.09979559,0.07178271,0.062469445
TCGA-AR-A1AO,-0.006531935,-0.0018149272,0.6504122,0.059231635,-0.00017265473,0.41439185,-0.021034023,0.09198677,-0.0044353935,0.10520615,-0.0028622914,0.17273542,0.01828396,0.084933735,0.07312818,-0.005380484,0.19240393,0.13855699,-0.0063146497,0.19649197,-0.0064535677,0.048520193,0.39396784,-0.0088256365,0.15713519,-0.0107508,-0.006554302,0.11478747,-0.0056519317,0.046768237,0.3464768,0.13014126,-0.012549584,-0.006098651,0.06525633,0.031952683,0.1288858,0.19423373,-0.00042843894,-0.005731569,0.45108175,0.09535487,0.6150542,-0.008716017,0.34730896,0.72350085,0.39374673,0.20240472,0.20451039,0.017566774,-0.0025451877,-0.0042144447,0.23854306,0.07688051,0.15258752,-0.013361168,0.30618018,-0.020019984,-0.010698005,0.2059868,0.8523585,0.06928895,0.17274171,0.23278226
TCGA-AR-A1AP,-0.012887547,-0.005299406,0.55282575,0.08613567,0.050485052,0.32985523,-0.020240033,0.050517753,-0.0031652984,0.009745434,0.016050246,0.13781884,0.007873055,0.010365038,0.081075564,-0.005139734,0.022135325,0.17973271,-0.00802099,0.12144674,-0.0053851227,0.06431557,0.22284587,-0.005814279,0.13169172,-0.0048873695,-0.00972877,0.093860045,-0.0056014033,-0.007693749,0.27704203,0.026670434,-0.009973764,-0.009612073,0.09270191,-0.002884919,0.00089076534,0.23869589,0.07299631,-0.00471811,0.26939487,-0.0024346237,0.4710058,0.05919449,0.23144238,0.627802,0.2210531,0.16282251,0.15290579,0.005203694,-0.007428409,-0.0106486445,0.17451209,0.104408026,0.037998058,-0.0054138857,0.26877183,-0.015763344,-0.0072225593,0.09783292,0.6612788,0.16048835,-0.0003159402,0.06845038
TCGA-AR-A1AQ,0.044637315,-0.012915027,0.8027951,0.2898398,-0.010386028,0.49515638,-0.03643023,-0.0059058107,-0.0038139042,0.08921945,0.09994851,0.13295317,-3.226623e-05,0.21156973,0.111178026,-0.0128713865,0.11265497,0.114208624,0.027406491,0.17723902,-0.0012207682,0.049897503,0.29150245,-0.014842217,0.580785,0.09504379,-0.0008532801,0.22038408,0.015128911,-0.00530735,0.3824484,0.17904517,-0.019414993,-0.0184704,0.12956913,0.07415612,0.15959986,0.30626014,0.22430234,-0.00093437696,0.536792,0.07534827,0.64137334,-0.0035906837,0.16932404,0.859249,0.51082087,0.18410113,-0.0029204139,0.058228903,-0.0138435755,-0.0113573205,0.41365644,0.16438468,-0.0027021258,-0.0077474,0.44815525,-0.0140487095,-0.008224398,0.145223,0.86038095,0.11619632,0.0787265,0.027665198
TCGA-AR-A1AR,-0.00034249472,-0.009324265,1.0662787,0.4828208,0.37042457,0.63655746,-0.04687585,0.3841939,0.25569996,0.17376554,0.13855492,0.17614377,0.0609188,0.18821228,0.018255182,-0.020359034,0.4925064,0.23407178,0.116488375,0.07303825,0.005855659,0.19289578,0.62489253,-0.014708372,0.7471194,-0.0029610225,-0.0035795227,0.3990503,-0.020331012,-0.034409057,0.42170793,0.15904036,-0.0034357586,-0.018231792,-0.01309118,0.26330516,0.22068432,0.2798124,0.51410335,0.19944435,0.6619976,0.016872533,1.031243,-0.027758563,0.49562097,1.1262248,0.51183647,0.1794492,0.052921407,0.0063879937,-0.029716393,-0.002774223,0.55820715,0.45027852,-0.00017525647,-0.022064457,0.38458422,-0.033780847,-0.0005698937,0.13693659,1.2453834,0.22215548,0.123877466,0.2863028
TCGA-AR-A1AS,-0.008186271,-0.0018092021,0.62213403,0.008949261,-0.015396602,0.4622661,-0.012378435,-0.0011784146,0.0476705,-0.002278813,0.15105999,0.023354989,0.037046947,0.0062580733,0.066457264,-0.0070065865,0.029911205,0.16458356,-0.00372589,-0.004013307,-0.013958476,0.06266356,0.28489593,-0.014655339,0.12136729,0.011484388,-0.0064236927,0.07247205,-0.0028513218,-0.0089909425,0.37854484,0.048137333,-0.0040416787,-0.020121096,0.021162506,-0.0045263125,0.10413024,0.17756093,0.01413,0.07825742,0.29052967,0.039889522,0.5091631,-0.00024026074,0.18681158,0.64324844,0.2600036,0.06558735,0.11982052,0.005010858,-0.009581298,-0.00636762,0.28188038,-0.0025052838,0.10695452,-0.01403921,0.39944175,-0.0071401135,-0.007448781,0.12003935,0.65469944,0.186611,0.11806023,-0.0063424804
TCGA-AR-A1AT,-0.00241925,-0.0048858537,0.48224074,0.023873407,-0.0021451076,0.34656635,-0.012508757,0.08032925,0.0076158773,0.03841816,0.034701306,0.09594492,0.04699108,0.00022027735,0.03426053,-0.0075707003,0.11331856,0.16304451,-0.0056076306,0.12700959,-0.0037390925,0.06670265,0.23012434,-0.0063396334,0.15863065,-0.003858144,-0.008972681,0.07359055,-0.011010912,-0.005918663,0.22704981,0.07224254,-0.0032948777,-0.0031211157,0.06346448,-0.0022596256,0.012359761,0.18306321,0.036623217,0.015136607,0.28415617,-0.0010834218,0.47486752,0.017796313,0.25256255,0.66730887,0.1923411,0.1625028,0.08279764,0.05092723,-0.011105284,-0.004648642,0.27960965,0.08954045,0.020489082,-0.010992656,0.25032845,-0.0073962645,-0.004539331,0.12191742,0.6319137,0.15031095,0.005114097,0.068593726
TCGA-AR-A1AU,-0.005319288,-0.0001957994,0.55447996,0.0639174,-0.002411166,0.37797162,-0.017393233,0.090068,0.014490122,0.08295326,0.09066292,0.12947361,0.05978173,0.067690365,0.08736302,-0.0052637886,0.06369805,0.1400746,-0.0030939514,0.1552942,-0.0073336656,0.07159211,0.2620051,-0.008541836,0.08472434,-0.008802611,-0.009040306,0.037878603,-0.012268298,-0.004083717,0.27232635,0.052473135,-0.009915423,-0.011716119,0.17892039,0.09520127,0.039273966,0.20486657,0.03623452,0.0027673915,0.3386269,0.007847734,0.56677383,-0.0044624545,0.22580308,0.7062448,0.30250576,0.15665185,0.18748105,0.017924193,-0.008640249,-0.008027165,0.28607434,0.12246752,0.025161253,-0.012258645,0.24359758,-0.008950035,-0.0054444587,0.121904545,0.68753767,0.095761985,0.09625365,0.11520259
TCGA-AR-A1AV,-0.001111244,-0.009949157,0.66299963,0.14361444,-0.0086789215,0.43066314,-0.025810886,0.024778992,0.023171112,0.04911019,0.10456747,0.08499314,-0.0011218116,0.052123547,0.06976974,-0.009571324,0.16236162,0.11659409,-0.0021909834,0.17227457,-0.008605107,0.12350087,0.30713955,-0.010433959,0.17076248,0.0714761,-0.0029326596,0.11566085,-0.0058736885,-0.0036872046,0.3696987,0.017641634,-0.009231863,-0.006785472,0.03537999,0.073418394,0.09141709,0.13601407,0.0069741234,-0.00027919785,0.39024892,-0.003977622,0.51953393,-0.0011385403,0.22376464,0.726414,0.2895971,0.09867154,0.11186946,0.050425477,-0.012058216,-0.0061375666,0.33343422,-0.006438147,0.087319545,-0.016043639,0.2671654,-0.009972627,-0.0071268515,0.0029674098,0.61810607,0.2979913,0.18741031,0.03741906
TCGA-AR-A1AW,-0.0035566108,-0.005513319,0.8855484,0.2385207,0.15833971,0.5610465,-0.036712896,0.1218214,-0.0022160064,0.23606075,-0.0042115864,0.23429541,0.06042583,0.20626342,-0.0016328819,-0.010593558,0.28657326,0.22506644,0.041556336,0.097433284,-0.0076356526,0.16177002,0.51297504,-0.01760959,0.37457693,0.06819449,-0.0042404775,0.123213336,-0.023867555,-0.0063221133,0.34634277,0.0903628,-0.007938641,-0.019917306,0.07778804,0.046491984,0.0067695267,0.13253747,0.14066377,-0.0058275796,0.48767525,0.1470526,0.7786417,-0.005822712,0.31230313,1.0476464,0.49333107,0.21232484,0.20320952,0.13947934,-0.007966459,0.019721288,0.52414095,0.18748423,0.021333054,-0.008434772,0.3466277,-0.023297532,-0.008774388,0.13947721,0.93649817,0.0792832,0.14299138,-0.0012389775
TCGA-AR-A1AX,-0.004843249,-0.011493943,0.445971,0.0028476529,-0.0017307466,0.30120432,-0.018962773,0.06662415,-0.001589388,0.067685075,-0.0008210681,0.071199335,0.029079793,-0.001143725,0.046740487,-0.0023543064,0.04036667,0.12846617,-0.010683347,0.026236083,-0.006639812,-0.0013265252,0.17069949,-0.008127342,0.07893363,-0.0067229457,-0.009384297,0.0056543685,-0.007978986,-0.0011397566,0.19771002,0.051423494,-0.005928101,-0.007094206,0.12195513,-0.0027762686,0.043800253,0.16034117,-0.005257105,-0.0051462534,0.1967137,0.03043883,0.48739377,-0.0014754132,0.21823683,0.5290151,0.2042324,0.15555207,0.1935167,0.009582959,-0.009148416,-0.004008189,0.117559135,0.11949591,0.05946248,-2.0151492e-05,0.2813015,-0.013120949,-0.010502125,0.13482115,0.5457305,0.061653916,0.041516077,0.07361272
TCGA-AR-A1AY,-0.003380316,-0.012095742,0.75441164,-0.00010808222,0.010817179,0.35546222,-0.016460838,0.01535628,0.012279447,0.06250714,0.0019636638,0.17373681,0.057034273,0.05397517,0.08449763,-0.0091635,0.024860315,0.056129068,0.019166552,0.111619815,-0.007298298,0.06898366,0.25092715,-0.012715312,0.39590383,-0.004062002,-0.0075669177,0.060827684,-0.013957577,-0.009221837,0.29695785,0.09850772,-0.010531596,-0.012375422,0.26914763,0.05279917,0.009204168,0.2294499,0.052856356,-0.004580056,0.36278,0.044337343,0.581426,0.020170704,0.27906495,0.82501173,0.41152596,0.10257265,0.094985485,0.17291713,-0.008587066,-0.016897528,0.31354764,0.07644668,0.059926838,-0.0016420033,0.35422936,-0.007290949,-0.0020564038,0.23429827,0.66244525,0.08774194,0.12027559,0.11997086
TCGA-AR-A24H,-0.0084969485,-0.013978556,0.93849874,0.15525456,-0.0035044276,0.77206963,-0.032825176,-0.006607577,-0.005774395,0.034992322,0.0200576,0.20700106,-0.009310396,0.20453349,0.1324206,-0.010121386,0.03134722,0.097060725,0.060631998,0.25631455,0.051934987,0.13644625,0.45082933,-0.016438121,0.7265622,0.11477351,-0.0013267858,0.22211574,-0.010964951,-0.01964585,0.4565074,0.35041144,-0.023995379,-0.033557262,0.055277787,-0.0015642572,0.101217136,0.20714347,0.24640496,-0.009514275,0.4448372,0.11107051,0.6684928,-0.006182376,0.38680893,1.0834293,0.4277612,0.20334922,0.1296731,-0.0021739812,-0.017183075,-0.008688789,0.65320414,0.1010599,0.003921842,-0.013660535,0.5487712,-0.029311642,-0.01199619,0.1955204,1.0692991,0.4203333,0.0064371675,0.0101412535
TCGA-AR-A24K,-0.009074314,-0.0110309245,0.21008965,-0.00015311912,-0.0038341046,0.22858945,-0.01588767,0.052056924,-0.0059133857,-0.0052440213,-0.0023324837,0.13328418,0.09773796,0.014352304,0.16786036,-0.004864872,-0.003263153,0.048455834,-0.012108863,-0.0047987862,-0.0031564706,0.06638263,0.17335664,-0.0067730257,-0.0023021128,0.045084372,-0.01044636,0.028593728,0.042740364,0.054902736,0.07491764,0.10745686,-0.00836426,-0.0064310594,0.022882588,-0.0009990492,0.10391563,0.06654029,-0.0012563464,0.021487914,0.12812473,0.019929515,0.2214432,0.018033532,0.12990035,0.28549534,0.11589446,0.13033952,0.17064252,-0.005643847,-0.0071967146,-0.012913299,0.15820295,0.16425835,-0.0024406489,-0.00023154999,0.14827366,-0.01046174,-0.004503062,0.08480246,0.38434094,0.16558585,0.02606684,0.06613134
TCGA-AR-A24L,-0.0031303507,-0.0016473498,0.42493746,-0.0010022942,-0.008214138,0.32965767,-0.014870236,0.069639154,0.025550216,0.045610808,0.015304588,0.08690402,0.069659024,0.032516785,0.02779264,-0.0053865616,0.008998755,0.12947318,-0.010306739,0.14490443,-0.00992444,0.07190828,0.13890849,-0.009142108,0.06347942,-0.006395658,-0.009833407,0.043835066,-0.007261162,-0.0015279409,0.25776342,0.06267719,-0.0041208053,0.002771262,0.091538504,-0.0034711582,0.030623853,0.21573916,-0.0023727936,-0.0051445547,0.20636581,-0.00055312813,0.4193172,-4.647672e-06,0.19079626,0.51124465,0.22275284,0.1655015,0.057749227,-0.0010927062,-0.010969591,-0.009914355,0.17555135,0.06986037,0.042874947,-0.009903538,0.19607194,-0.0107756695,-0.008110201,0.1007114,0.5131634,0.09468074,0.035046596,0.0068017393
TCGA-AR-A24M,-0.0042005624,-0.007358638,0.4028054,0.004818402,-0.006170099,0.31017435,-0.0128289955,0.042721257,0.03407009,-0.0019678597,0.010932475,0.06585151,0.085376866,-0.0025308721,0.10737643,-0.004449716,-0.0046331603,0.108912915,-0.00814082,0.053778026,-0.003018334,0.05980856,0.16594154,-0.0044284547,0.057958547,-0.0060699843,-0.0072122077,0.057750963,-0.0021501193,-0.0035614264,0.16306998,0.038872816,-0.0063135535,-0.0044847666,0.10790215,0.010184791,0.03933251,0.16522644,0.029782522,-0.004952334,0.20417225,-0.0014008482,0.39737186,0.003583163,0.16071093,0.48241493,0.21659443,0.12932557,0.13803369,0.005497247,-0.005147204,-0.012213886,0.14888805,0.009714106,0.057962507,-0.0041008224,0.19918601,-0.010821727,-0.006195881,0.119477905,0.44219232,0.12687185,0.043517005,0.0047600865
TCGA-AR-A24N,-0.002612284,-0.0055963877,0.5865346,0.14481223,-0.004533291,0.36479065,-0.022517228,0.003000792,-0.0022388329,-0.0026347996,0.12310451,0.18930607,-0.0027169127,0.027735412,0.01762256,-0.0060192975,0.08118786,0.14979865,-0.0029952393,0.105171666,-0.0028151835,0.03418985,0.22994037,-0.011099371,0.27928966,0.05857231,-0.0016572907,0.09705593,-0.008427496,-0.010741345,0.30796355,0.04603843,-0.0064147855,-0.011505919,0.107336,0.0869202,0.0663968,0.19877104,0.13006963,-0.0051660626,0.34958687,0.009075934,0.52274704,0.03580054,0.25676855,0.7381973,0.3401225,0.17846732,0.07773179,0.014138769,-0.003611865,-0.006251339,0.34769607,0.10253535,0.05447314,0.024643164,0.36058295,-0.01554115,-0.0058985557,0.09056829,0.5916856,0.21017039,0.08585028,0.017637148
TCGA-AR-A24O,-0.006213829,-0.008435469,0.5072635,0.048857685,-0.0009073824,0.37792087,-0.021120016,0.06958778,-0.000263967,0.032440014,0.062429905,0.12883496,0.09398292,0.018037025,0.07900917,-0.0045660394,0.06193436,0.11288811,-0.002264205,0.15309575,-0.0024862073,0.050351392,0.23702767,-0.00814675,0.051534068,-0.0062545063,-0.010009979,0.02393364,-0.0023409065,-0.0010500603,0.22953598,0.07283458,-0.0048477496,-0.007094619,0.06269689,0.05019254,0.09590224,0.23291767,0.040205166,0.008990295,0.2758162,0.026431467,0.5125403,0.010329127,0.20408693,0.5829681,0.2503233,0.13146558,0.22322519,-0.0027019065,-0.0109817395,-0.008262959,0.17729393,0.03848604,0.044292968,-0.0029270488,0.16009165,-0.008601501,-0.007531464,0.11889508,0.584518,0.09477518,0.033830263,0.08368622
TCGA-AR-A24P,-0.008368924,-0.0077713686,0.44176415,0.0667381,-0.004143233,0.30751815,-0.018036446,0.022729449,-0.001769172,0.0013733134,0.021600524,0.12255481,0.10163585,0.091250226,0.053474747,-0.0055263774,0.033746902,0.056511104,-0.00525948,0.056539703,-0.006567202,0.02003641,0.19753596,-0.0070331185,0.09115215,-0.0012443413,-0.012579152,0.037723992,-0.0069706193,-0.0010791768,0.2517609,0.018003847,-0.003788443,-0.0053161103,0.027540628,0.029039264,0.08590081,0.21163297,0.022213034,-0.003367689,0.24854463,0.034774438,0.40102804,0.051515944,0.19926003,0.55935335,0.28426424,0.19473986,0.118064694,0.00027018785,-0.010666,-0.0076496,0.21660835,0.09384144,0.031432718,-0.008670642,0.21336997,-0.010804996,-0.003519715,0.061358124,0.51539284,0.13645068,0.09818767,0.042312436
TCGA-AR-A24Q,-0.016126601,-0.008178498,0.83134896,0.27279085,-0.024305588,0.5816675,-0.028227884,-0.0045497622,-0.017594706,0.08163881,-0.007798633,0.08674585,-0.0069551542,0.3284836,0.017230842,-0.0057291966,0.085397735,0.29188994,0.21840566,0.22076906,-4.090518e-05,0.03377649,0.25384906,0.008844342,0.096011326,-0.009120984,-0.015493854,0.21062583,-0.0046353564,-0.0047321096,0.34324506,0.30776158,-0.009703474,-0.007582021,0.15270764,0.076053396,0.017426029,0.23678266,0.11158027,-0.009354713,0.46081585,0.09683724,0.68403584,-0.012528268,0.3573378,0.93696225,0.46749675,0.15406841,0.024421751,0.037549607,-0.015812907,-0.009566963,0.37424666,0.1608763,0.054402046,-0.0006486044,0.24475627,-0.0013958983,-0.0070486083,0.12389215,0.89706856,0.26314047,0.19419456,0.17214923
TCGA-AR-A24R,0.07150546,-0.013592975,0.7523226,0.24220063,0.09094486,0.5606457,-0.035943545,0.02301801,0.031780392,0.01974751,0.15803228,0.28609246,-0.011232816,0.08952226,0.078405716,-0.014969513,0.114941195,0.21019779,0.021632612,0.22562732,-0.012875067,0.08250754,0.27331427,-0.012252,0.35171044,-0.0039423215,-0.0071751364,0.21420644,-0.015352902,-0.012045452,0.36364603,-0.0024615673,-0.0072126873,-0.019342432,0.07749871,0.13265227,-0.0076869787,0.23652829,0.11835623,-0.0066360547,0.3654866,0.017889384,0.7088085,0.057667714,0.3311599,0.7581844,0.35450456,0.21528728,0.26826093,0.048962295,-0.010519212,-0.0049248966,0.36706072,0.10908432,0.11607688,0.0044275066,0.43379122,-0.027229352,-0.0034005602,0.1890235,0.7556555,0.20599136,0.03843073,-0.0032993057
TCGA-AR-A24S,-0.0013395546,-0.0059464495,0.6390801,0.08258249,-0.008114376,0.37727252,-0.021826342,0.023993447,0.05444766,0.009871457,0.011783466,0.13090052,0.015231945,0.07812461,0.04913876,-0.010185789,0.15651874,0.060302243,-0.010576656,0.21745954,-0.0034870969,0.07525565,0.24345475,-0.0066506863,0.2811703,0.01075297,-0.011501928,0.109322496,-0.009819698,-0.0028058828,0.2970433,0.1420658,-0.00682624,-0.00782554,0.02467981,0.0156537,0.05677709,0.2774837,0.03703025,-0.0039871903,0.38905415,0.031478837,0.61599743,-0.003079787,0.25529164,0.83572435,0.35181874,0.23353067,0.0715845,0.056415103,-0.012893326,-0.007888825,0.31440064,0.10547702,0.06873072,-0.0073649413,0.32791504,-0.017906368,-0.008493377,0.18829983,0.6784771,0.17981628,0.046378557,0.07319979
TCGA-AR-A24T,-0.00995157,-0.006630139,0.30474126,0.0018725917,-0.0027980544,0.2298677,-0.012268406,0.061851077,0.024871817,-0.0029511563,-0.00015569385,0.06537676,0.10953483,0.0029528784,0.08142005,-0.0038806074,0.00469514,0.09653254,-0.0047305487,-0.0007328335,-0.0034137913,0.05984226,0.15949073,-0.0069318474,-0.0013205663,-0.008138473,-0.010451653,0.012214102,-0.0028563796,-0.00029994603,0.1315807,0.023727888,-0.0037528283,0.020811202,0.0799946,0.0054768827,0.053748928,0.17752004,0.030010823,0.0065805316,0.12969016,-0.00038361215,0.33045197,0.034922536,0.13407609,0.38723642,0.18411261,0.17003146,0.15575767,-0.0065102912,-0.00815139,-0.008570694,0.12085436,0.07319413,0.041219205,-0.006047098,0.12643375,-0.0054469975,-0.00044470752,0.09021616,0.4301563,0.07274969,0.03239192,0.026667893
TCGA-AR-A24U,-0.002288121,-0.00031614938,0.6399323,0.08046064,-0.007102044,0.3568206,-0.01861618,0.11081153,0.014971163,0.032464847,-0.0008668643,0.19094995,0.07293557,0.07199715,0.12162598,-0.013895849,0.15830825,0.13366224,-0.0028498936,0.16810249,-0.011378326,0.039259408,0.27855414,-0.007242465,0.19652434,-0.0018499502,-0.0152804125,0.07806026,-0.013815065,-0.0033060182,0.3174361,0.1370467,-0.009036884,-3.0298159e-05,0.051871765,0.1147373,0.05290701,0.16724326,-9.179488e-05,-0.005622239,0.3871073,0.04913995,0.54739606,-0.0035558478,0.26244074,0.6941408,0.29993823,0.18342018,0.09943864,0.04661519,-0.0045557707,-0.011061175,0.24147862,0.06905985,0.05883859,-0.005211243,0.2212641,-0.019754086,-0.004767808,0.16421564,0.6890887,0.17812167,0.13977723,0.03960064
TCGA-AR-A24V,-0.01153895,0.018426914,0.5443873,0.019057285,-0.0027986432,0.37955436,-0.022762854,-0.0010738767,-0.0016025532,0.02736038,0.026226487,0.1376195,0.01496632,0.02191095,0.09215051,-0.0021251254,0.048759792,0.14358309,-0.003321537,0.109287426,-0.0077369385,0.04200606,0.2422247,-0.011856841,0.09219967,-0.004271317,-0.014412154,0.04342512,-0.00039532836,-0.0048643798,0.24357672,0.03574429,-0.004531953,-0.008066001,0.06517932,-0.002400349,0.032715626,0.20244075,0.026725415,-0.00022512153,0.24987455,0.025069341,0.51110727,-0.002887249,0.23301566,0.5864388,0.26123154,0.25882,0.13609952,-0.002270373,-0.0048121503,-0.009400971,0.23085064,0.037239447,0.10003403,-0.006087231,0.18436266,-0.011967614,-0.008137506,0.11757946,0.6120856,0.22211841,0.11720741,0.070584714
TCGA-AR-A24W,-0.0041881567,-0.011681015,0.5965083,0.10418284,-0.010578821,0.4750775,-0.023726981,0.04483755,0.0811189,0.005531274,0.015925478,0.17008851,0.12364271,0.10173164,0.05596023,-0.0067473683,0.1353032,0.0393394,0.021058839,0.03899839,-0.0031019177,0.11222793,0.36999518,-0.011028312,-0.003995149,-0.0069044116,-0.009902777,0.030401712,-0.0097822435,0.020490352,0.22078176,-0.0012988764,-0.0157232,-0.008125362,-0.0024887186,0.035728693,0.0688584,0.21183205,0.02826415,-0.00037091525,0.30932197,0.011138245,0.5592687,-0.006089105,0.1667499,0.5747953,0.254411,0.12417141,0.16259845,0.051275276,-0.009519658,-0.012324716,0.22763222,-0.00036764945,0.067021675,-0.010840313,0.2770985,-0.013633068,-0.005676131,0.103507146,0.5800012,0.19381751,0.11144628,0.08694686
TCGA-AR-A24X,-0.0053452495,-0.00533455,0.42432266,0.08959423,-0.0010521689,0.3490964,-0.018338265,0.04945972,-0.0014941059,-0.0014701457,0.03720633,0.090416074,0.06892022,0.033883628,0.04004181,-0.007952298,0.0650306,0.12434481,-0.0040524583,0.10902229,-0.0038243576,0.07362944,0.23033895,-0.010858073,0.12965702,-0.0028204469,-0.006374288,0.06764637,-0.006716747,-0.005522213,0.16934073,0.0020040385,-0.0037144755,-0.004707548,0.053326268,0.038956042,0.0216747,0.16612662,0.069306344,-0.0035997373,0.20425193,0.024420435,0.45973152,0.03814111,0.21597162,0.5583275,0.28630233,0.16675363,0.15808363,-0.00034450294,-0.009336964,-0.006679106,0.21908593,0.09070118,0.04010301,-0.0068526673,0.20631157,-0.008640175,-0.006355837,0.08783575,0.56733507,0.16248927,0.057300646,0.08545165
TCGA-AR-A24Z,0.020390831,-0.011984802,0.6577914,0.13710062,0.018302506,0.5299711,-0.02567169,-0.00772469,0.066894546,0.04083561,0.19157709,0.14049229,-0.0039022255,0.09674211,0.075402424,-0.007836414,0.017927956,0.1997247,-0.0018573937,0.060893442,-0.016677432,0.049182083,0.16322981,-0.009721723,0.35573643,-0.004856651,-0.0077590174,0.14166844,-0.009355854,-0.012097669,0.24653491,-8.832328e-05,-0.020503199,-0.002901901,0.012341637,0.08211225,0.07848567,0.2059513,0.20339571,-0.0053289323,0.41441837,0.001422286,0.5436905,0.04136145,0.30735606,0.6523606,0.36102235,0.16188785,0.07580236,0.10820062,-0.016600028,-0.0087067215,0.23927584,0.008172259,0.16577174,-0.011927104,0.361583,-0.02315005,-0.01438642,0.20585142,0.60113746,0.24428064,0.009487864,0.012369379
TCGA-AR-A250,-0.0028323883,-0.006204318,0.5651459,0.018552426,-0.0059156953,0.46958843,-0.019735634,0.02424265,0.0024758838,0.057399616,0.039218526,0.09427905,0.005859323,0.03224341,0.10074851,-0.008441169,0.037564542,0.11606854,-0.006785445,0.14660524,-0.008459828,0.072044924,0.27274406,-0.005362959,0.17631295,-0.006673187,-0.012355375,0.11619744,-0.0057886974,-0.0016284001,0.29767394,0.030629922,-0.0069179395,-0.013296141,0.032939,0.00059645064,0.023820486,0.22307983,-0.0021441462,-0.0053316723,0.2916191,0.004076939,0.50451523,-0.0019742826,0.233769,0.63973874,0.2502314,0.17637114,0.08570059,-0.0024351198,-0.013116245,-0.014233634,0.24299023,0.0006224122,0.10946877,-0.0025832325,0.27478355,-0.0068944036,-0.0077419723,0.09687829,0.6550028,0.16427106,0.045087244,0.008809753
TCGA-AR-A251,-0.013191223,-0.004659606,1.2022785,0.043081466,0.04256042,0.7228337,-0.062028326,0.19357805,0.0650756,0.09639338,0.09425788,0.24226049,0.021035723,0.24372533,0.0039891787,-0.028401127,0.34482813,0.29522696,0.093669794,0.33875942,-0.0024205765,0.21724725,0.44880286,-0.02216487,0.80423886,0.020592473,-0.021425214,0.4099788,-0.0017780381,-0.010355065,0.65153074,0.21177132,-0.014920902,-0.042232588,0.3001606,0.15958755,0.15788686,0.32755718,0.5291012,0.17559916,0.7057593,0.04671829,1.031599,-0.024557194,0.3335384,1.5412155,0.54047364,0.38762438,0.020245168,0.16797003,-0.015472159,-0.0040959055,0.7000773,0.39060292,0.07420338,0.033055,0.32391757,-0.015240555,-0.013279974,0.184389,1.1618145,0.31226307,0.37003478,0.18373707
TCGA-AR-A252,-0.0077607497,-0.007100526,0.6111403,0.1448328,0.043086365,0.3550196,-0.013448099,0.11335902,0.02229017,-0.0016118482,-0.00046517514,0.13227862,0.08075869,0.078183055,0.08056976,-0.007685376,0.12123336,0.025667837,-0.0009713531,0.2438732,-0.008217311,0.13381699,0.3074964,-0.009730147,0.11390431,-0.002909223,-0.0008481388,0.011468049,-0.014501561,-0.0036991723,0.27707508,-0.0018090364,-0.010944381,-0.006008582,0.044603977,0.04665984,0.09292823,0.15970165,0.077378124,-0.0012313288,0.36974815,0.053464554,0.52787495,-0.008745472,0.29831347,0.73790413,0.3194603,0.14000285,0.2058819,-0.0026093312,-0.013026533,-0.0038610676,0.20483282,0.15043876,-0.002263175,-0.011528614,0.14839274,-0.005694954,-0.011337935,0.16736926,0.6386836,0.08274045,-0.0002511721,0.13561448
TCGA-AR-A254,0.03200215,0.009329911,0.6462676,0.09014855,-0.00839908,0.47353438,-0.028340463,-0.0005953543,-0.0036707383,0.120968774,0.09239152,0.20772901,0.035746362,0.06315376,-0.0015612729,-0.010532438,0.10743633,0.12776688,0.013932534,0.18787323,-0.0072651296,0.004450083,0.27127156,-0.0072805732,0.32536727,-0.0022755887,-0.008521209,0.16427939,-0.0133647965,-0.0026005406,0.27977532,0.16682395,-0.010472338,-0.01306475,0.09683591,0.016094718,0.02797966,0.19051895,0.063235804,0.002232343,0.335332,0.061233312,0.60740477,-0.0069015264,0.27462795,0.75888777,0.33252513,0.12637466,0.053505987,0.06763334,-0.0047653816,-0.003599365,0.34530225,0.06420979,0.052069046,-0.0030248319,0.29337668,-0.017922662,-0.007358238,0.15790538,0.6843647,0.21795332,0.046598148,0.08389418
TCGA-AR-A255,-0.0012180693,-0.010046246,0.5841676,0.07615478,0.0029885545,0.45080638,-0.028025538,0.071339086,0.02671905,0.052520737,0.032075055,0.21263222,0.038384985,0.039976515,0.062605314,-0.0069378014,0.08607289,0.06563128,-0.0054995916,0.18417563,-0.015511814,0.06514205,0.20764047,-0.011242233,0.16425093,-0.0041994667,-0.00935104,0.05399846,-0.010970346,-0.008690063,0.245008,0.011201885,-0.0083396295,-0.0057488433,-0.001307318,-0.0014560524,0.071604535,0.19336288,0.017177232,0.019408181,0.30054247,-0.0010915283,0.5947243,-0.005448705,0.26402417,0.6909008,0.27925408,0.18136665,0.1673266,0.07319903,-0.0117740175,-0.008144692,0.21697715,0.18950085,0.09377032,-0.006240086,0.3054574,-0.017979959,-0.012930435,0.16781075,0.59284407,0.19658229,0.07091437,0.11015122
TCGA-AR-A256,-0.008332442,-0.012686937,0.79077846,0.21045919,0.00068693794,0.5424761,-0.019586427,0.015569851,0.08889295,0.14613865,0.007337708,0.097608015,0.061594997,0.103356935,0.11261408,-0.012390725,-0.00047421717,0.06354972,-7.433966e-05,0.0046581514,-0.010968045,0.111304134,0.19057064,-0.00933182,0.48410803,0.04298485,-0.00744329,0.2314086,-0.010872914,-0.015077149,0.37798142,0.2731996,-0.018289497,-0.032380875,0.12381324,0.09460142,0.18007852,0.15766242,0.2545423,-0.0010255032,0.42200014,-0.0028260972,0.68484247,-0.004043311,0.16895027,0.9530015,0.30777007,0.2709599,-0.003102102,0.1113169,-0.014585963,-0.011407758,0.38270578,0.21637753,0.13909557,0.018195495,0.28876036,-0.015747767,-0.009554642,0.16242447,0.8129757,0.075599805,0.15441489,0.14588732
TCGA-AR-A2LE,-0.004904432,-0.009295589,0.43374607,0.08458389,-0.004519219,0.46930605,-0.020985981,0.032289017,0.06165794,0.099944755,0.11683576,0.07938352,-0.00092374533,0.09730296,0.053982936,-0.0023113645,-0.0023521972,0.13689153,0.03962686,0.08323169,-0.005466574,0.089660294,0.2827882,-0.00628529,0.094141126,-0.0107187545,-0.0015435868,0.12233782,-0.006024474,-0.0063118474,0.16883989,-4.7667327e-05,-0.0017166708,-0.013741135,0.095259696,7.4766576e-06,0.0067163073,0.14345288,0.11534439,-0.003684915,0.32950905,-0.006184757,0.52091944,0.0052926727,0.2713885,0.52547944,0.2358092,0.14610112,0.1999902,0.05459927,-0.008105616,-0.0002503693,0.25045368,0.015840238,0.025811844,0.019197512,0.2755702,-0.014437205,-0.01005552,0.14818679,0.5241515,0.08546308,0.0043244846,-9.001717e-05
TCGA-AR-A2LH,-0.017135292,-0.0077469097,0.69467604,0.045069564,0.0210294,0.31683138,-0.032159988,0.3869663,0.052868806,0.3639477,0.18433844,0.0854215,-0.012031159,0.32937893,0.017456815,-0.00029830114,0.13678525,0.28401414,0.21384206,0.22483118,-0.0020308613,0.020320635,0.4798701,0.051773403,0.16872324,-0.003921243,-0.0009196154,0.1313965,0.0011735822,0.11347744,0.21083671,0.13604262,-0.00057883625,-0.017169403,0.16134842,-0.015167544,0.009515189,0.083608635,0.04410076,-0.00906888,0.3151184,0.086974636,0.8172335,-0.009371,0.27011025,0.7496596,0.33229575,0.27038267,0.5688573,-0.00822235,-0.0023854598,0.024235822,0.34895262,0.07696062,0.14295754,0.38530657,0.3291178,-0.023333013,-0.0026035523,0.21023896,0.816478,-0.007765913,0.18777005,-0.00014270582
TCGA-AR-A2LJ,-0.009713796,-0.009196969,0.531227,0.111631855,0.010652551,0.3782989,-0.017940313,0.10367723,0.035850853,0.13647892,0.04561737,0.1217175,0.04527098,0.0808883,0.060800306,-0.0042941603,0.023275336,0.20382649,0.02244033,0.024933022,-0.00674397,0.009069465,0.2831635,-0.010180391,0.014913484,-0.008677128,-0.008604066,0.02030931,-0.006928881,-0.0049608266,0.19086812,0.02080274,-0.0066716634,-0.010647933,0.1079919,0.02047852,0.040095463,0.16805704,0.08910423,-0.0009356506,0.28655925,0.021757023,0.61935097,0.039464362,0.21201022,0.65032864,0.22070861,0.18585435,0.2632444,0.028540514,-0.014420337,-0.0075540594,0.20503321,0.11877817,0.09569301,0.02614266,0.22107582,-0.01613759,-0.0073872926,0.14124236,0.6590426,0.023815151,0.046302382,0.12523796
TCGA-AR-A2LK,-0.006843702,-0.0076094195,0.39929345,0.015253503,-0.00614068,0.2938691,-0.01701465,0.0664706,0.002115786,0.09631351,0.12142511,0.060128238,-0.0026699703,0.060230285,0.03971331,-0.0061348067,0.0044565424,0.13084283,-0.00013075657,0.00453607,-0.009261091,0.012249265,0.15420885,-0.00475214,0.13029271,-0.008021208,-0.0073779854,0.08246715,-0.0003852229,-0.0055141463,0.1664294,0.035493076,-0.0033726778,-0.005090159,0.12503155,-0.0024629724,-0.0005966839,0.14952949,0.052387446,-0.0032999576,0.25218955,-0.0010379244,0.48465902,0.030691436,0.19812219,0.45968834,0.18450218,0.1751689,0.1306535,0.0013335086,-0.0061835884,-0.009433233,0.17826693,0.07568697,0.05829417,0.065512046,0.2088147,-0.0112326145,-0.0037457377,0.13400933,0.50071985,0.0821835,0.08457984,0.0025939904
TCGA-AR-A2LL,-0.009735343,-0.008322938,0.3980622,0.049037825,-0.006747397,0.32555825,-0.02204081,0.088607505,-0.0022600458,0.08365463,0.10599296,0.11453329,0.0357989,0.07918319,0.06228386,-0.0044797864,0.0071883276,0.18565553,-0.0013308816,-0.0068693566,-0.007294511,0.07423918,0.16128327,-0.00022874959,0.14865841,-0.0033836984,-0.008236801,0.084645554,-0.0033933178,-0.004102666,0.19201921,0.029754948,0.0015310799,-0.009335992,0.11321188,0.03598309,-0.00064092915,0.14320812,0.054123297,0.0026848093,0.27389532,-0.00074497535,0.5349665,0.05333525,0.24407811,0.5350107,0.19890499,0.19525844,0.15421148,0.010749754,-0.011234136,-0.00206507,0.20334491,0.15698585,0.05395852,-0.0022132352,0.20011543,-0.010046452,-0.0047610765,0.08583415,0.55994684,0.13329759,0.05825844,0.061099686
TCGA-AR-A2LM,-0.0089242095,-0.010513814,0.3894625,0.04553422,-0.003882067,0.21222231,-0.014626122,0.07206563,0.022735916,0.11827695,0.072715715,0.06493288,-0.00050203764,0.1012258,0.08081347,-0.0058676726,-0.002075102,0.10969894,0.05798226,0.01852541,-0.005966277,0.009893363,0.20386173,-0.0054253987,-0.0069575817,-0.011578065,-0.007767634,0.057286695,-0.0026230135,-0.007215415,0.12781371,0.00088833645,-0.0008034382,-0.0072827013,0.14454772,0.01520906,0.014845032,0.16461796,0.06288487,-0.0061826105,0.19202736,0.04576328,0.43614274,0.041960806,0.15328336,0.45392364,0.20061368,0.17300695,0.23732615,-0.0008860342,-0.009583448,-0.0063010654,0.16827041,0.062509015,0.097683586,0.04379625,0.18940943,-0.007749747,-0.0006312868,0.10467656,0.5239432,0.076639056,0.03910852,-0.002572961
TCGA-AR-A2LN,-0.010461686,-0.005437368,0.5098676,0.12050645,0.009049842,0.31641054,-0.019940892,0.19057347,0.047582522,0.14981236,0.119005606,0.055246554,0.050645538,0.15445377,0.12454199,-0.0015181027,0.042277202,0.15848134,0.1064615,0.07580499,-0.008833211,0.08089249,0.23707953,-0.008280977,0.017166939,-0.010397366,-0.012009106,-0.0036712692,-0.0041008885,-0.0028495851,0.21027444,0.020745292,-0.0055544297,-0.013990481,0.14813524,0.05463249,0.028421378,0.1654062,0.06435784,-0.0030200623,0.3382768,0.04899761,0.59069943,0.0064597335,0.21202585,0.6256274,0.18347374,0.21101771,0.27611402,-4.1632356e-05,-0.010678698,-0.010671663,0.20184958,0.088125244,0.081451245,0.064545736,0.19759627,-0.006251921,-0.007962664,0.1697096,0.62507266,0.10086977,0.11703922,0.07669693
TCGA-AR-A2LO,-0.010759248,-0.0080215065,0.3827803,0.08135468,-0.0020613845,0.23822269,-0.017928874,0.10365647,0.023071751,0.07789019,0.063090295,0.06732005,0.04060317,0.053224295,0.064044304,-0.0036610626,0.020489164,0.14566258,0.0065936856,0.034395088,-0.009213687,0.03602834,0.21013774,-0.004383811,0.009339511,-0.0065981285,-0.0071705417,0.06054634,-0.000994707,-0.0022852004,0.12551959,0.05527627,-0.00078273175,-0.006001494,0.11244838,-0.0017306302,0.06688281,0.14345281,0.023368217,-0.002892095,0.19463298,0.004236877,0.43989554,0.025447614,0.17611213,0.45541114,0.20665726,0.20902367,0.21581528,-0.00094498845,-0.010891691,-0.0100935865,0.16398074,0.08672142,0.06907861,0.049639657,0.1765443,-0.007405528,-0.003571483,0.1359339,0.49030107,-0.0001703564,0.06879352,0.04075125
TCGA-AR-A2LQ,-0.008675596,-0.005666776,0.49069133,0.06471519,-0.0058598975,0.2653534,-0.018809678,0.16577151,0.019310504,0.07673887,0.058609672,0.061365046,0.059212536,0.103319585,0.08093397,-0.00010416061,0.067398295,0.17173283,0.023857228,0.07861747,-0.011459961,0.006128505,0.23517708,-0.0060509583,-0.001517863,-0.008349481,-0.011273399,0.0062874146,-0.0041443547,-0.0044250693,0.19340295,0.055208407,-0.007732687,-0.0038036916,0.115391985,-0.001427058,0.06743887,0.1568774,0.018587425,-0.003632512,0.24054663,0.009016614,0.50784767,-0.0038486682,0.17670056,0.57607305,0.23082894,0.2173043,0.23268028,-0.0001993794,-0.010142441,-0.007914669,0.14048901,0.07643996,0.12012135,0.062238537,0.21393819,-0.012294101,-0.0041788253,0.17848647,0.5473781,0.024259325,0.090601444,0.01470691
TCGA-AR-A2LR,0.02343988,-0.012634501,0.9490076,0.046987843,-0.0062133,0.57237464,-0.0157065,0.09511821,-0.0019891236,0.12193005,0.1408709,0.09462336,-0.00871018,0.2289972,0.08132737,-0.0060124127,0.064731985,0.3172888,0.17116356,0.051911358,-0.00094671344,0.066732064,0.30958322,-0.012348033,0.30622047,-0.007908731,-0.014281072,0.17351156,0.101249225,-0.018199204,0.28942227,0.15436853,-0.017118229,-0.020472204,0.25396335,0.04321127,-0.006871094,0.2793541,0.34915477,0.0032572895,0.5174115,0.13949648,0.93089193,0.042209044,0.20074911,1.1029522,0.2725585,0.20956121,0.2219273,-0.0031912872,-0.01687052,-0.020097792,0.2978876,0.11246736,0.24381432,0.096351795,0.3606488,-0.016838735,-0.00031578564,0.20797881,1.0806965,0.018734358,0.12123081,0.0585441
TCGA-AR-A5QM,-0.006405258,-0.006444165,0.3163417,0.0071646757,0.00888847,0.2672735,-0.017796865,0.062107936,-0.0021245163,0.014033113,0.049979866,0.054826237,0.048699193,0.08730055,0.08143194,-0.005177192,0.056493755,0.08091225,-0.006065719,0.09804414,0.006890163,0.06612849,0.21710695,-0.005773721,0.029999103,-0.00880758,-0.0054293177,0.06210132,-0.0012553448,0.04835767,0.21568282,0.017029054,-0.0043466217,-0.004726296,0.15790465,-0.0032198958,0.024382275,0.11929728,0.01169572,-0.0037215054,0.1603401,-0.0010977868,0.3133691,0.005727876,0.1464965,0.4202577,0.2138659,0.112458356,0.16206789,-0.0043856124,-0.0052152537,-0.0045176074,0.14041895,0.0020959955,0.035466105,-0.002795146,0.1617911,-0.0077303587,-0.0017474315,0.09195928,0.46824318,0.07743791,0.032181427,0.011955611
TCGA-AR-A5QN,-0.0034446183,-0.008464078,0.49563712,0.0116950385,-0.0018476617,0.33524096,-0.0184977,0.03141944,0.033921223,0.02845402,0.04553184,0.10970576,0.08690597,0.049331877,0.112406716,-0.004362593,0.09086119,0.07368972,-0.009319589,0.11313912,-0.006903983,0.09543356,0.2243418,-0.009693305,0.0616793,-0.0056927777,-0.0074555646,0.015086064,-0.0060420935,-1.20282175e-05,0.2350807,0.07627095,-0.0037493892,-0.004077598,0.13602065,0.038955644,0.09171525,0.18313596,-0.0024369564,-0.0040464485,0.287275,-0.0027848927,0.3828916,0.00272692,0.19662084,0.48559862,0.18404458,0.1422522,0.14230876,0.05504118,-0.0059114783,-0.0100199105,0.15800878,-0.0014217295,0.07079502,-0.002475884,0.21064658,-0.0055548795,-0.00752915,0.10600839,0.46320844,0.06893458,0.1034372,0.057753384
TCGA-AR-A5QP,-0.009281604,-0.009675684,0.40289885,-0.0019592138,-0.0020895533,0.2758544,-0.022439154,0.05226762,-5.3294378e-05,-0.00095267146,0.0016715471,0.11547363,0.10051772,0.08721999,0.06187983,-0.0061498666,0.08568837,0.09246191,-0.008403984,0.057465535,-0.0030410893,0.08494128,0.25781974,-0.009536861,-0.0056494917,-0.005846654,-0.007891422,0.0029672682,-0.004043233,0.0034387298,0.17590214,0.0194141,-0.002971731,-0.0049323044,0.101406075,-0.00098499,0.07112311,0.17348649,-0.00051833986,-0.00047351568,0.18881911,0.032313515,0.3354761,-0.0017697167,0.16723299,0.45326564,0.20992443,0.16232619,0.17696026,-0.0010486316,-0.008570398,-0.008456719,0.10507716,0.016210726,0.058593996,-0.008125408,0.16425441,-0.009935054,-0.0020093897,0.058700588,0.5198283,0.08118184,0.09667122,0.06066601
TCGA-AR-A5QQ,0.024208635,0.07595384,0.5976431,0.12584193,-0.0072796554,0.3472734,-0.008531356,0.16404936,0.032560848,0.0851562,0.019048396,0.050673597,0.080059506,0.081572786,0.004820198,-0.019123156,0.08669856,0.18689607,-0.0032906288,0.10686551,-0.012530008,0.12078746,0.34708294,-0.020268781,0.25418073,-0.012884468,-0.0027103934,0.03212797,-0.02205923,0.24116263,0.40078667,0.10937521,-0.011053584,-0.012655887,0.25756705,-0.0050363285,0.114853874,0.1319885,0.030595668,-0.004799354,0.19970341,0.047221623,0.5899521,-0.012620811,0.11916964,0.66742396,0.4903947,0.31913763,0.12325266,0.12038464,-0.008866708,-0.01831973,0.27503452,0.039680853,-0.0045048813,-0.014628859,0.4149951,-0.023371566,-0.011714945,0.14903858,0.7774648,-0.0030537993,0.1410122,0.14771055
TCGA-B6-A0I1,0.009419805,0.022176038,0.81287694,0.026223253,-0.010427744,0.54048294,-0.012835825,0.13864402,0.020199463,0.13993455,0.12854889,0.13920572,0.041118715,0.23140234,0.024355572,-0.005225831,0.07565005,0.11556496,0.029257916,0.13276693,-0.017122386,0.014371814,0.40331718,-0.004514847,0.52702254,0.028366156,-0.020504072,0.1741995,0.0019469152,-0.012969747,0.5621725,0.2581113,-0.010378612,-0.019366382,0.2709073,0.09402019,0.051272307,0.13569102,0.22355603,0.00502871,0.4396912,-0.0030382287,0.9463592,-0.014992215,0.21274161,1.1288043,0.53552467,0.23057048,0.02714558,0.22533402,-0.016441097,-0.019265262,0.46653602,0.2469286,0.092647254,-0.0077612223,0.3256938,-0.010550446,-0.00033719416,0.1348665,0.90142155,-0.0020216473,0.13937059,0.10536441
TCGA-B6-A0IK,-0.010892323,-0.003552261,0.34953403,-0.0035256476,-0.0015867532,0.27995998,-0.017667696,0.11605218,0.015176289,0.04188206,0.059610415,0.17171925,0.11072969,-0.00047077806,0.010403469,-0.0064082206,-0.0035183604,0.07467911,-0.000801298,0.1305682,-0.010288963,0.030707393,0.20205246,-0.0111138625,0.067141935,-0.010201243,-0.0058317534,0.1440378,-0.0032312104,-0.0018148344,0.1904482,0.07070311,-0.003143409,-0.0022277017,0.055775154,-0.0040729176,0.10310875,0.22358933,0.05605162,0.024712771,0.15794714,-0.0048011015,0.40574613,0.009765964,0.10598081,0.51021266,0.23412114,0.20648737,0.10960989,0.02568242,-0.00561153,-0.008442686,0.20565403,0.123471335,0.030507648,0.11131759,0.2184364,-0.0052860244,-0.0090379985,0.14731887,0.43687952,0.032898765,0.024237696,0.014185518
TCGA-B6-A0RE,-0.005219458,0.026640784,0.5600394,0.11834507,-0.0070794704,0.38042253,-0.019992357,0.058565244,0.05696162,0.12254709,0.076791644,0.1200172,0.17215942,0.12679836,0.018838108,-0.0050324737,0.029960018,0.10420422,0.049671464,0.05016986,-0.012775493,0.104629695,0.30684862,-0.0076677427,0.36262184,-0.0023585302,-0.0077024857,0.098965235,-0.004025813,-0.0044543985,0.21991408,0.16415924,-0.0064243213,-0.019964073,0.12590343,-0.00025540945,0.136401,0.16134584,0.25259274,-0.004802502,0.31072882,0.044442363,0.5388082,0.029175404,0.22936124,0.7349012,0.43765414,0.22795881,0.056469932,-0.0027204852,-0.008112251,-0.008491381,0.30700287,0.1851462,0.08010277,-0.0050622984,0.28519082,-0.018670794,-0.013039561,0.13391992,0.55098546,0.05093928,0.069674,0.004998658
TCGA-B6-A0RG,-0.0051832516,-0.0053924927,0.5857603,0.15546106,-0.004747366,0.46940827,-0.012205271,0.037790917,0.025923561,0.033627898,0.050078195,0.09787682,0.011456165,0.05145943,0.14332394,-0.010158001,-0.0018325587,0.10094951,-0.0026727344,0.066321105,-0.0076569454,0.14912367,0.24425618,-0.013000421,0.20176736,-0.00854935,-0.0073319967,0.13440147,-0.0072000558,-0.005190637,0.23938964,0.013253607,-0.016907899,-0.009998149,0.14794812,0.02056722,-0.00776836,0.17144755,0.15568879,-0.009679182,0.3110823,0.06510505,0.56475884,0.0036400743,0.21700597,0.6429832,0.28640968,0.18835239,0.20019633,0.06416888,-0.005682276,-0.016558602,0.27060953,0.05219505,0.034755852,-0.0007875391,0.2826454,-0.009910546,-0.010225094,0.1537126,0.5840791,0.14973424,-0.0012671879,-0.0051683113
TCGA-B6-A0RI,-0.0051395656,-0.007602253,0.48125923,0.061744016,-0.0013093947,0.3272744,-0.014211902,0.016425587,0.08574177,0.07563697,0.0020414144,0.06553391,0.06635898,-0.0030640916,0.101846874,-0.00724845,-0.002803235,0.15063609,-0.009133706,0.06330262,-0.0081476625,0.04052937,0.17955276,-0.0018460086,0.16786551,-0.009294023,-0.013408574,0.10841232,-0.00590723,-0.0022816898,0.22339907,0.010763526,-0.011004515,-0.0073422836,0.06813227,0.05799261,-0.00025622622,0.254741,0.020210821,-0.00063498545,0.2469366,-0.0030199399,0.45778757,0.044879146,0.22463158,0.5720382,0.25357178,0.17400008,0.08668016,0.029313184,-0.007651514,-0.0093760565,0.19703084,0.03933037,0.05700551,-0.0078060715,0.30336264,-0.015450381,-0.0033606736,0.10202408,0.5228912,0.20695314,0.05020966,0.025868721
TCGA-B6-A0RL,-0.0024390866,-0.011295286,0.67846996,0.10168758,0.026595583,0.467485,-0.026520962,-0.0042107757,0.0161926,0.08574085,0.17879097,0.04855579,-0.015023847,0.00795365,0.14790228,-0.004026103,0.06466991,0.17175043,-0.012311655,-0.0011013534,-0.008308758,0.18591812,0.27347043,-0.0072871274,0.53417593,-4.6669506e-05,-0.00079530914,0.12614761,-0.007518587,-0.018616945,0.32545358,-0.0034018455,-0.010005603,-0.012082494,0.070269465,0.08115348,0.020465754,0.2741269,0.032444123,0.0409905,0.5394722,-0.0012234118,0.6232315,0.020556068,0.40802237,0.7676819,0.32692477,0.32010424,0.13859642,0.077314004,-0.019691676,-0.004753034,0.3922966,0.05334744,0.12048115,-0.008228819,0.33954704,-0.00816326,-0.015381455,0.049191024,0.7757563,0.21371862,0.09945962,0.08049965
TCGA-B6-A0RM,-0.0040480774,-0.007620963,0.4893226,0.23121892,-0.0027167655,0.3628109,-0.016084146,0.0057715066,-0.0014460199,0.045792937,0.22345714,0.11692724,0.07709241,-0.0012294034,0.1367078,-0.013209934,-0.004900645,0.26311547,-0.0009635061,0.099037096,-0.016348628,0.037364885,0.12947074,0.055306423,0.031876337,-0.017444052,-0.009114722,0.13788745,-0.0042209974,-0.007468009,0.2430677,0.094629526,-0.0065654106,0.017014446,0.3127272,0.027658392,-0.00089285563,0.23811948,-0.004579257,0.025243334,0.3999521,-0.009228869,0.60724443,0.10101601,0.36565524,0.6151462,0.3279792,0.2594437,0.21964057,0.019276496,-0.0026334159,-0.0025952025,0.20411822,0.17815074,0.12533842,-0.009999695,0.25176173,-0.016618986,-0.012722708,0.104167104,0.54044646,0.00615317,0.25580108,-0.0029200208
TCGA-B6-A0RN,-0.0056609665,-0.006139796,0.3671134,0.091108635,-0.00736755,0.2446172,-0.019283678,0.05279079,0.028715577,0.037300713,0.09940295,0.1477385,0.08069355,0.044353385,0.07882787,-0.009636575,-0.00045899264,0.09673053,-0.0032175654,-0.002082464,-0.0050841137,0.032855626,0.19610186,-0.008117539,0.030257467,-0.004301779,-0.002027349,0.10748318,-0.004578901,-0.0061869905,0.10061975,-1.0613259e-05,-0.001921099,-0.0026101482,0.08534225,0.05827381,0.055950105,0.18122973,0.09446237,-0.0042150826,0.20526856,-0.0010258555,0.3740947,0.040711023,0.12538005,0.42446527,0.20503172,0.13311166,0.1439877,0.01585231,-0.005885955,-0.008982225,0.12311374,0.029636698,0.026644008,-0.0031736493,0.14999317,-0.0067677456,-0.0043475893,0.06468908,0.4458478,0.1360624,0.09551403,0.02001977
TCGA-B6-A0RO,-0.005848365,-0.013691715,0.43206683,0.10335459,-0.0029143451,0.33141312,-0.01828885,0.03289601,0.055835336,0.070501275,0.06520215,0.11995517,0.038920198,0.013913835,0.0503624,-0.008155218,0.022167157,0.15811816,-0.010249189,0.07620469,-0.0031443269,0.12536792,0.19001065,-0.005371676,0.09459104,-0.002816307,-0.0046712416,0.084329695,-0.0048161126,-0.00183547,0.183428,0.036481827,-0.0065462897,-0.005270834,0.050893728,0.047487106,0.00042921677,0.2166,0.031834096,-0.0024745704,0.28724897,-0.0036233198,0.4386838,0.0947056,0.1985689,0.5069021,0.22630844,0.13096862,0.2079508,0.05500198,-0.009253218,-0.007963672,0.26491815,0.078624085,0.0019104695,-0.0054800245,0.22027087,-0.010020109,-0.008718744,0.1342293,0.53792953,0.10200025,0.015021108,0.079886064
TCGA-B6-A0RP,-0.008495541,-0.003394282,0.43961015,0.107419446,-0.003139269,0.32063326,-0.01640956,0.069719605,0.08450152,-2.0835922e-05,0.034820225,0.10873346,0.08679885,0.009412388,0.03441307,-0.005409054,0.003000442,0.105517,-0.0070453207,0.07545625,-0.008810565,0.100216955,0.23195441,-0.0025011562,0.09986636,-0.0060888394,-0.008619892,0.065072015,-0.0030641616,-0.0018110339,0.21195218,0.026881173,-0.002915378,-0.003591929,0.04060403,0.009640064,0.027712092,0.20194983,0.0582505,0.0073501766,0.23801242,-0.0006162156,0.4839517,0.055679433,0.25614607,0.5429049,0.3103118,0.19119744,0.161489,-0.0024209463,-0.0064526866,-0.002789483,0.21963552,0.0392987,0.063999705,-0.0058526495,0.23030664,-0.012825208,-0.005176823,0.10098073,0.5193606,0.13013484,0.071570784,0.0067847595
TCGA-B6-A0RS,-0.0027259823,-0.0036312237,0.6745864,0.10646865,-0.0031642236,0.4217119,-0.016889412,0.03458722,0.050486587,0.05174485,0.06664927,0.15262012,-0.0059437347,0.10064691,-0.0069958703,-0.010597486,0.105783135,0.26169452,-0.010088005,0.09956373,-0.0051288255,0.16303684,0.21892361,-0.0064365836,0.26284355,0.032252945,0.0008949321,0.17600965,-0.0017586172,-0.014044262,0.25635922,0.09794012,-0.013594589,-0.0043337806,0.12945572,0.00023073144,-0.011793852,0.1352599,0.17882176,-0.002477029,0.39352933,-0.0011224747,0.63770485,0.0422441,0.3071424,0.78810054,0.37120327,0.30926585,0.05719932,0.12292407,-0.0051310495,-0.0009114588,0.37115312,0.11374235,0.14634883,-0.009700157,0.33450553,-0.016848305,-0.011857323,0.16177875,0.6649877,0.09650335,0.13466838,0.11720401
TCGA-B6-A0RT,-0.00095471984,-0.013803087,0.80741423,0.25962204,0.13000806,0.5618321,-0.02753883,0.07871771,0.013034074,0.10050218,0.06676136,0.18526778,0.077273175,0.08506479,-0.0014441804,-0.024054801,0.2566744,0.15042414,0.11605542,0.3995928,-0.0042171325,0.1853284,0.32001832,-0.008625294,0.45025072,-0.0069269123,-0.0016551219,0.09069606,-0.013867072,0.011288572,0.3075348,0.13883664,-0.020934073,-0.023816986,0.15662628,0.113432884,0.046096385,0.3228318,0.27731472,0.11086736,0.49117762,0.089030236,0.8378125,0.13594273,0.34325093,1.030505,0.5718533,0.37193644,0.23071818,0.05526346,-0.017278133,0.08212828,0.45194817,0.1542168,0.12443998,-0.004281545,0.38202074,-0.008090714,-0.0029706876,0.1927314,1.0272332,-0.00077716634,0.050626453,0.23798107
TCGA-B6-A0RU,-0.004605726,-0.0059685255,0.6596621,0.013959963,-0.0026493329,0.42573398,-0.03315681,0.11182359,0.022323208,0.035018794,0.0012713484,0.22027105,0.0037651286,0.131888,-2.9660017e-05,-0.010644461,0.18984202,0.2935322,-0.0026336913,0.35202062,-0.009940184,0.15720199,0.3982748,-0.00841742,0.104481936,0.045905948,-0.0024672707,0.06842969,0.013619453,-0.0031286036,0.31816584,0.02588934,-0.012700639,-0.010536966,0.17793156,0.16021934,0.042245604,0.15926692,0.1617481,-0.0041807974,0.29223743,0.05542693,0.6238822,-0.00160467,0.2761139,0.8640071,0.33951265,0.23859458,0.21192335,0.0045935884,-0.012437874,-0.009312542,0.2583841,0.14207923,0.079566665,-0.0008423449,0.2767312,-0.022676853,-0.013630419,0.15572444,0.8578109,0.028795067,0.17127796,0.14212063
TCGA-B6-A0RV,-0.012136758,-0.005701666,0.49825424,0.08052082,-0.0010187788,0.33212045,-0.018656181,0.059146717,0.044397354,0.042034544,-0.0020624173,0.13677567,0.11330446,0.072464965,0.07867206,-0.008460121,0.03314183,0.15884112,-0.0054803086,0.12079021,-0.006991899,0.13625534,0.22047384,-0.0033371598,0.08556871,-0.003049469,-0.0068975776,0.05547244,-0.0013146341,-0.00054849463,0.18577354,0.09505513,-0.009691075,-0.0032506753,0.09491986,-0.0009867486,0.028660173,0.20354381,0.15248439,0.0058110654,0.2623768,0.015654482,0.50806034,0.036640614,0.21201341,0.6537506,0.2829286,0.21482457,0.17073175,0.023719832,-0.010283121,-0.009565758,0.25457445,0.1043367,0.036471196,-0.0016184725,0.21534689,-0.018184498,-0.009388672,0.14017761,0.64591765,0.118528664,0.026295599,0.072894335
TCGA-B6-A0WT,-0.005073404,-0.0059732865,0.39886466,0.021978777,-0.00092286227,0.28514883,-0.01578339,0.048804373,-0.00081066304,-0.0027914152,0.031440556,0.08391912,0.07391278,0.097251415,0.109261125,-0.0058743814,0.03679896,0.06731665,-0.0053824396,0.072573915,-0.004758974,0.06608745,0.23018128,-0.0077046575,0.08531451,-0.0042534308,-0.006466476,0.100093916,-0.0020954178,0.013698481,0.23215528,0.0068113087,-0.0062278183,-0.0012484904,0.058129143,0.006761443,0.044367597,0.20607394,0.0035322197,-0.0023986304,0.2029997,-0.00073006604,0.37010804,0.038114194,0.13642497,0.47974715,0.23194304,0.15592895,0.10564033,0.010211982,-0.0042412146,-0.0053976383,0.15166032,0.007630687,0.07037165,-0.009551942,0.20985286,-0.012207453,-0.0019332378,0.0687872,0.46814603,0.14111005,0.06567012,0.007473275
TCGA-B6-A0WV,-0.0035871451,-0.0016151511,0.49127668,0.13234872,0.02790122,0.3770004,-0.025467992,0.01057148,-0.0044031767,0.020183474,0.03388016,0.13795951,0.06202302,-0.0029091847,0.0912205,-0.011337881,0.010013521,0.2006614,-0.006894801,0.17853056,-0.0038299293,0.09835386,0.26316893,-0.0034376387,0.2282065,-0.008494593,-0.0014565991,0.10620227,-0.008975035,0.034370553,0.2611848,-0.006895727,-0.008926576,-0.012437503,0.038573798,0.08103272,0.06671254,0.26087394,0.014013357,0.043993115,0.22526024,-0.0026422422,0.4966689,0.07597952,0.20387109,0.5886872,0.26190698,0.1808495,0.14639698,-0.005480288,-0.007134482,-0.0031420575,0.29587284,0.033803053,0.07518096,-0.006664354,0.3312989,-0.011014662,-0.0004663507,0.06947619,0.59808266,0.056933474,0.01296917,0.082968965
TCGA-B6-A0WW,-0.010407162,-0.01208379,0.41339704,-0.003810138,0.017192101,0.29579,-0.014944262,0.026157267,0.014657019,-0.0053335046,0.053142767,0.030652836,0.034106143,0.058498442,0.07713881,-0.014183811,-0.0026434925,0.12760332,-0.013218817,0.022791687,-0.002563663,0.14826831,0.16436346,-0.004814144,0.118416265,-0.0009052381,-0.004646874,0.15411773,-0.0023784742,-0.0024933226,0.2253389,0.05816858,-0.011620956,-0.0032376347,0.17583686,-0.001218812,0.019994948,0.18841153,0.020693526,0.010552742,0.31181476,-0.0010924016,0.38110423,0.07135468,0.2446985,0.46349436,0.21543583,0.24795574,0.09211965,0.050524272,-0.0007850371,-0.010118754,0.18694377,-0.0058020353,0.10006038,-0.0069770105,0.19769801,-0.004831619,-0.0023095226,0.16253689,0.49571145,0.15543213,0.098158,0.044857524
TCGA-B6-A0WX,-0.010749462,-0.010493926,0.42080107,0.012441222,-0.0021151616,0.30961892,-0.016358351,0.0440432,0.002353225,-0.0031368246,0.021595977,0.08603604,0.07671276,0.038709246,0.05277764,-0.0047359406,0.050220747,0.09981552,-0.0058221435,0.047337133,-0.0049179615,0.0690922,0.2352228,-0.008003786,0.07576193,-0.0029566025,-0.005628918,0.038752556,-0.00313554,-0.0070111277,0.2438453,0.08569777,-0.0022001134,-0.004329664,0.07008611,-0.0046768747,0.07558611,0.16613556,0.027461361,-0.0016226132,0.16874553,0.025830291,0.3950613,-0.00061171874,0.12825978,0.5396738,0.20924291,0.10966093,0.068593815,0.038283445,-0.011712081,-0.006869511,0.18087018,0.07855916,0.046083435,-0.004879118,0.15178744,-0.008292247,-0.0024664602,0.13394478,0.52795523,0.0946524,0.085959464,0.057937793
TCGA-B6-A0WY,-0.006305236,-0.0015619856,0.74692297,0.09575187,0.064907804,0.44444677,-0.036772978,0.036443055,-0.002978431,0.078315474,0.01744553,0.23783684,0.029659875,0.22126193,-0.008486562,-0.007357032,0.24246313,0.15410489,0.026834957,0.23750018,-0.0002443485,0.19390018,0.42091236,-0.011516832,0.2233636,0.023047589,-0.0019924007,0.1372095,-0.013568237,-0.003073191,0.3959385,-0.004760646,-0.01915629,-0.012791439,0.020837804,0.06553841,0.038301107,0.28854778,0.079260945,-0.0011422717,0.36976805,0.020459987,0.64472765,-0.0009352453,0.17719987,0.827485,0.41890335,0.1707969,0.1653321,0.063288786,-0.007211094,0.014529925,0.33359995,0.1749948,0.061388984,0.0015065614,0.40405652,-0.023883382,-0.012741141,0.09908958,0.7493764,0.06507419,0.14325643,0.13696624
TCGA-B6-A0WZ,-0.0076159285,-0.0043314854,0.42703354,0.015621129,-0.0022351702,0.32151124,-0.017357428,-0.0004573878,-0.0015911058,0.03033413,0.039010227,0.13610736,0.07242095,0.027850889,0.05312594,-0.004868358,0.089947,0.09268785,-0.0023387594,0.060982626,-0.0071205557,0.063712835,0.2811589,-0.009360404,0.07210189,0.0027277414,-0.0077861696,0.06687688,-0.005001715,-0.00034902207,0.2463408,0.032404542,-0.0021418754,0.009606235,0.059776116,-0.0018610377,0.09700541,0.1308897,0.017050002,-0.011039368,0.19994695,0.013632477,0.4005659,0.017731013,0.19203654,0.48644716,0.24448514,0.1252282,0.09048513,-0.0008183731,-0.002038557,-0.0053955833,0.18822816,-0.005486363,0.08642488,-0.0065797614,0.21396881,-0.00949906,-0.0049167215,0.05622106,0.44991302,0.08923346,0.120787695,-0.00018600374
TCGA-B6-A0X4,-0.0020537283,-0.007927179,0.5215262,0.14612813,-0.0062770187,0.25740013,-0.015430023,-0.009618815,-0.002097436,0.0054332465,0.09584445,0.0963153,-0.0054734345,0.15953949,0.06783035,-0.020210562,0.042346366,0.14164236,-0.00016793124,0.28605366,0.04313626,0.15893859,0.2857881,-0.012951476,0.15624951,-0.0009612005,-0.0010413443,0.24397624,-0.0025900505,-0.0046189516,0.15571384,-0.0026427694,-0.004981965,-0.013181954,0.1391318,0.10288371,0.017239414,0.21585709,0.0049048066,-0.0056021065,0.3081021,0.0128642935,0.34425277,0.08935654,0.1827938,0.42103127,0.40069795,0.09825102,-0.00132786,0.21364778,-0.004023704,-0.010229289,0.30165145,0.102669805,0.045912698,-0.014929351,0.1794921,-0.016539838,-0.00016590305,-0.0011415184,0.659857,0.28181183,-0.0012351492,-0.0057226676
TCGA-B6-A0X5,-0.0037614852,0.006853495,0.59732145,0.08689113,-0.00581436,0.468768,-0.014187686,0.017240882,0.007723812,-0.0041239983,0.10295229,0.05299208,-0.0021090147,0.15035239,0.049360864,-0.012711808,0.091901936,0.1647364,-0.012776184,0.21762179,-0.0036397763,0.17316765,0.28597,-0.015034132,0.08068712,-0.0002761241,0.023588259,0.1363294,-0.0040565515,-0.0007263284,0.24232037,-0.0010270566,-0.013215216,-0.016846722,0.1174964,0.039797667,-0.0019122165,0.24595165,0.037311733,-0.008376067,0.36680508,-0.00020195656,0.37931696,0.113385536,0.17268178,0.52396524,0.32748663,0.18994063,0.06871099,0.043714985,-0.010378577,-0.009583968,0.2563851,0.045299143,0.07333205,-0.013403626,0.2022865,-0.01199991,-0.010106509,0.096471265,0.6095348,0.21661854,-0.000959472,-0.008174927
TCGA-B6-A0X7,-0.007268934,-0.0017135605,0.64184374,0.29664052,0.09376813,0.44042486,-0.01945802,0.0016672928,0.044455353,0.123735756,0.086985454,0.07720546,0.067127556,0.19827838,0.026512602,-0.0034932306,0.0689301,0.0016118977,0.004727103,0.027794186,-0.005956569,0.070468955,0.33286744,-0.0051573454,0.4544299,-0.0070919967,-0.015419664,0.112307824,-0.012444986,-0.0053201686,0.335514,0.033036042,-0.012159944,-0.008641419,0.09691564,-0.0051701604,0.049042393,0.15179296,0.19224982,-0.0012659527,0.4964281,0.022854067,0.6019957,0.01267289,0.2329436,0.6987052,0.41903242,0.2836774,0.101612285,0.111219056,-0.011920461,-0.0032304234,0.28156862,0.032232918,0.07294538,-0.00050996704,0.3093896,-0.018416394,-0.0059366724,0.15551865,0.64123863,0.04663144,0.11545251,0.10028377
TCGA-B6-A1KC,-0.008768836,-0.00981621,0.62999785,0.1100259,-0.008504545,0.46671999,-0.02420061,-0.006164006,-0.0035245176,0.0127296895,0.053190935,0.065248,-0.0058114496,0.08400929,0.13165799,-0.017082075,0.00024544075,0.26365837,-0.0016701184,0.34284788,0.019045351,0.115577474,0.2168418,-0.0073408126,0.16394734,-0.009032179,-0.008281789,0.15151773,-0.012125104,-0.011217526,0.18063371,-0.0015062451,-0.014481437,-0.011071108,0.112543955,0.1610322,0.0834805,0.30831242,0.036154807,0.021208368,0.5062627,0.0041868966,0.62677604,0.062618434,0.42275494,0.61791533,0.30841327,0.13913518,0.09724444,0.21013185,-0.004662207,-0.008721751,0.33869207,0.12311615,0.013608968,0.10888459,0.3140728,-0.02384734,-0.00205187,0.12678166,0.77160925,0.16331527,0.039259505,-0.003996042
TCGA-B6-A1KF,0.03776833,-0.0061319387,0.75196713,-0.005195054,-0.010344635,0.40782416,-0.026310807,0.084411904,0.06238242,0.039066806,0.1620226,0.20978674,-0.00013716258,0.19780833,-0.00061326736,-0.010727464,0.18631461,0.0576673,0.008909784,0.055830393,-0.010114658,0.10598634,0.44043383,-0.013522913,0.42913812,0.062178027,-0.014017219,0.17228444,-0.007768456,-0.012347075,0.42280826,0.039188564,0.014755372,-0.005668189,0.06259251,0.118049264,0.0043800958,0.19279157,0.17346081,0.029296748,0.5185396,0.040391523,0.6459223,-0.010924752,0.29243296,0.8538877,0.37169147,0.17384481,0.080595285,0.14983389,-0.00967476,-0.0048549986,0.36580876,0.09526467,0.12605783,-0.0075139687,0.26093882,-0.0014817503,-0.0014936989,0.16806813,0.78722095,0.17316082,0.11661631,0.031184763
TCGA-B6-A1KI,-0.005015274,-0.0062102857,0.50828665,-0.0031518952,-0.010211932,0.3979989,-0.022316243,0.028621763,-0.00020951183,-0.0025924994,-0.0029749114,0.14184347,0.082864285,-0.0005376041,0.06369129,-0.005936133,0.14915925,0.12784705,-0.012182373,0.22634898,-0.00830411,0.13615713,0.2377104,-0.0020615186,-0.0051847114,-0.0064762025,-0.010356213,0.007181775,-0.00250503,0.024940748,0.22651906,0.053352986,-0.0037697298,-0.0059407568,0.050396655,0.08263801,0.09183025,0.20358545,-0.0003392361,0.0092812255,0.27901554,0.00083401427,0.40781704,-0.00034216195,0.23903555,0.5135986,0.19911668,0.13262321,0.09801842,0.01616462,-0.011973495,-0.005993677,0.16738012,0.0004886482,0.062051766,-0.0140022235,0.084125295,-0.0044461223,-0.011352497,0.03150082,0.547904,0.18925154,0.13273492,0.048610523
TCGA-B6-A1KN,0.031793818,-0.017634489,0.72050214,0.109934315,-0.0077248015,0.48734918,-0.029880578,0.03267836,-0.000901394,0.047867507,0.03465981,0.15235746,0.043334097,0.18998387,0.14801984,-0.0095280865,0.13064693,0.15877649,-0.009534962,0.1684596,-0.014376846,0.16675703,0.26786715,-0.011287886,0.2795333,-0.015162068,-0.0071113915,0.13260871,-0.0011988863,-0.011993075,0.33063537,0.114131525,-0.00845634,-0.00086491596,0.11266662,0.08739284,0.1773451,0.23341534,0.09414567,0.009651199,0.31255057,-0.0009476792,0.6733966,-0.009950011,0.21779534,0.75215435,0.35127103,0.20799416,0.20929913,0.031221353,-0.018229816,-0.014088839,0.24669737,-0.0019426987,0.093733214,-0.0015612192,0.37816793,-0.0104181245,-0.004182866,0.10000822,0.69646066,0.11236167,0.09103151,0.055474162
TCGA-B6-A2IU,-0.0098946765,-0.0065401415,0.5257604,0.07125938,-0.0027266515,0.42667386,-0.019099439,0.09636609,0.039639547,0.05753854,0.101411656,0.10847325,0.045804814,0.12929837,0.03638764,-0.0014343851,-0.0019053717,0.17428362,0.061698847,0.020043995,-0.008173601,0.052553903,0.26503986,-0.011243075,0.021994878,-0.0081803305,-0.0053341053,0.0023548342,0.003170374,-0.009528533,0.1387872,0.05261925,-0.0025596134,-0.012249254,0.12094197,0.022019692,0.026014324,0.15896034,0.101349026,-0.008733432,0.2856312,0.007321283,0.54204714,0.017759535,0.23553559,0.57094336,0.2277059,0.20426497,0.26436928,-0.0025027941,-0.010307587,-0.005403087,0.21721137,0.054115795,0.08287585,-0.0011386423,0.24770495,-0.012983154,-0.0018076393,0.18882841,0.6291744,0.01996169,0.030014463,0.0099729
TCGA-B6-A3ZX,-0.010207289,-0.011453986,0.7512365,0.16867335,0.072540835,0.49698588,-0.019041786,0.018348876,0.109528214,0.1674058,0.00633933,0.10129359,0.03697455,0.029878817,0.0010554716,-0.0093819965,0.07033385,0.2004083,-0.0033046105,0.08438201,-0.008671103,0.106121466,0.40069214,-0.009409306,0.21709193,-0.002831614,-0.008202579,0.064282864,-0.0138362,-0.0090653105,0.27031845,0.100815594,-0.012557021,-0.021300247,0.18781796,0.13911575,0.0580733,0.2115088,0.18818149,0.06114868,0.44321314,0.011082495,0.82034326,0.009042196,0.29534823,0.90851736,0.43261433,0.27009934,0.20472853,0.13356441,-0.016572492,-0.015268954,0.35636145,0.2132547,0.07057511,-0.006765912,0.34733713,-0.019889722,-0.012711862,0.15455799,0.911223,-0.0053373226,0.14713685,0.12504224
TCGA-B6-A400,-0.0021015336,0.029921759,0.651525,0.05781744,-0.01107956,0.40964383,-0.014256326,0.0038051605,0.020219285,0.05448769,0.039865453,0.15429766,-0.0044193743,0.12904018,0.01159054,-0.011429506,0.13814293,0.15060128,-0.0038350187,0.112964675,-0.009944707,0.082145885,0.2178855,-0.013111092,0.32065278,-0.005668361,-0.0063820197,0.15333226,-0.0013375157,-0.0068547823,0.29385605,0.0739782,-0.01546898,-0.013269107,0.1108307,-0.0021702347,0.06419514,0.11353831,0.11478265,-0.00322425,0.42244247,0.05357941,0.7427154,-0.010472292,0.27162528,0.81198657,0.34414506,0.20462795,0.077192545,0.12468674,-0.014107016,-0.012574959,0.28378186,0.13088137,0.094933935,-0.0005960485,0.27127594,-0.020957544,-0.011536143,0.21468145,0.7737463,0.007948473,0.021761987,0.075593576
TCGA-B6-A401,-0.009752183,-0.00595981,0.47639585,0.10246536,0.020754268,0.37265837,-0.019653818,0.10304859,0.06112678,0.09615104,0.04148548,0.12922446,0.07978576,0.015451427,0.016731367,-0.0062306,0.021644184,0.12494297,-0.0015785169,0.08871248,-0.010757064,0.011858314,0.2729543,-0.008858426,0.08990432,-0.0051559913,-0.005884104,0.018601282,-0.005630409,-0.0031191718,0.22089507,0.09906925,-0.005325576,-0.010578071,0.09568598,-0.0022146474,0.07993641,0.188737,0.08760096,-0.0005894691,0.29092222,-0.001390065,0.5494102,0.022196142,0.21600504,0.5676931,0.2770875,0.1971955,0.14512993,0.04148689,-0.0027446535,-0.010165098,0.22548842,0.08395994,0.04941705,-0.0037554242,0.20842405,-0.016614076,-0.007063508,0.17511883,0.6404967,0.04027477,0.09605844,0.12313847
TCGA-B6-A402,-0.0074606747,-0.0043782257,0.8485455,0.07415418,-0.008701376,0.45682427,-0.024760386,0.037700474,0.04945884,0.075419426,0.10566136,0.16605853,-0.005023767,0.23520058,-0.0063066706,-0.0051911958,0.09785867,0.18767674,0.06308363,0.15323108,-0.011923834,0.112859726,0.2773418,-0.012387882,0.24255554,-0.0021847568,-0.0127097,0.13915387,0.013501323,-0.018413533,0.36808127,0.16491005,-0.012460067,-0.017856894,0.15795007,0.060431313,0.030237105,0.18772836,0.24127935,0.03740891,0.48940012,0.058782026,0.8237681,-0.0007073283,0.2712567,0.9454597,0.43102705,0.22853683,0.11665828,0.133825,-0.022550408,-0.0068374756,0.29203385,0.14122136,0.08108325,0.08110138,0.2533744,-0.020754866,-0.010521712,0.23572549,0.86399466,0.009434126,0.12674826,0.16425757
TCGA-B6-A408,-0.0062490497,-0.009555684,0.35655499,-0.00026938954,0.01483213,0.28434846,-0.020087594,0.0769203,-0.0046436605,-0.0009868707,0.045409396,0.15084335,0.0076192096,0.064969525,0.11134427,-0.004901759,0.03835409,0.004888773,-0.008329749,0.05448551,-0.005421287,0.11116026,0.2574054,-0.012419139,0.0074114576,-0.0017851416,-0.0056619826,0.05842277,0.018178642,0.0013730638,0.19857761,0.026938848,-0.005649352,-0.005748742,0.055437386,-0.0010613791,0.085556395,0.08748675,-0.002165572,-0.0015566889,0.18128657,-0.00020654108,0.3610194,0.010340106,0.20697764,0.3709978,0.172102,0.13036141,0.16586657,-0.0017762613,-0.0054662195,-0.004659382,0.14984624,0.015481351,0.011711879,-0.001898764,0.17726265,-0.0116163,-0.00030809813,0.07211733,0.44103098,0.16837266,0.061798397,0.014926881
TCGA-B6-A409,-0.0118308505,-0.007311731,0.6055861,0.075966105,-0.002253083,0.35252517,-0.024737535,0.0697024,0.031103352,0.13244544,-0.0028512233,0.12272002,0.020374043,0.161766,0.09593424,-0.0100007225,0.16127968,0.16199611,-0.007857249,0.2997651,-0.0018808214,0.10663535,0.29739434,-0.012359396,0.105269834,-0.008919425,-0.019139191,0.18697517,-0.0053596706,0.0092774965,0.3566894,0.30953795,-0.015881518,-0.009381901,0.37058395,0.07188754,0.11938812,0.15190049,0.0682901,-0.007693995,0.28465328,-0.0013869774,0.4334406,0.018305045,0.20566835,0.74827313,0.32691908,0.20925124,-0.0011156572,0.036114983,-0.00998498,-0.0078002783,0.25774574,0.034765877,0.089409515,0.00010273885,0.3339939,-0.009544832,-0.0007223996,0.16779664,0.66886246,0.031948112,0.15392128,0.06750358
TCGA-B6-A40B,-0.009471162,-0.007758952,0.4862553,0.12475525,-0.0009330762,0.37188396,-0.019109491,0.089595206,0.0566938,0.056806706,0.05886975,0.064271435,0.0610793,0.092824236,0.032629568,-0.0069227354,0.009411488,0.1510847,-0.005417911,0.059265126,-0.0074615306,0.077684775,0.28737304,-0.008430391,0.1590688,-0.0066854428,-0.0043926095,0.063891634,-0.0039208224,-0.0021055194,0.2672641,0.026036542,-0.0061896765,-0.0069597377,0.08016926,0.020009723,0.050213248,0.17557687,0.07595703,-0.0014827851,0.30510065,-0.0035536871,0.53130424,0.049771197,0.22824016,0.59767985,0.3219318,0.16694808,0.16263582,0.05638244,-0.0092231035,-0.010816849,0.19969428,0.05013235,0.05382842,-0.00051509525,0.23157871,-0.018651968,-0.006538246,0.13555285,0.6222009,0.06686914,0.10966179,0.08581808
TCGA-B6-A40C,-0.0076105865,-0.0055278777,0.42765,0.07556696,-0.002312281,0.283324,-0.015821055,0.03354688,0.01660224,0.0113658905,0.04502977,0.114543885,-0.00041243844,0.026242327,0.066854015,-0.006355317,0.05277634,0.09818006,-0.0029580789,0.02836397,-0.0045115068,0.051000014,0.20473407,-0.0072137313,0.06772308,-0.0046147234,-0.00665123,0.047009815,-0.004781052,-0.007491972,0.19795035,0.035837047,-0.004346632,-0.0066323476,0.08003904,0.030612718,0.04868234,0.123820715,0.007413931,-0.004172066,0.24380009,-0.00068738573,0.40316743,-0.00080286263,0.20880489,0.5019784,0.20645869,0.19340259,0.14354934,0.020288523,-0.008938215,-0.0064533786,0.16485181,0.06539549,0.03715137,-0.0016010795,0.20714487,-0.011690353,-0.0036621813,0.12576197,0.5286988,0.051500592,0.0779044,0.03961564
TCGA-BH-A0AU,-0.001197684,-0.009782599,0.6670933,0.007172797,-0.011925741,0.45059603,-0.023518918,0.15026544,0.011053756,-0.0018492319,0.011796702,0.10673716,0.11472005,0.15550499,0.09086681,-0.007836667,0.11861077,0.2478865,-0.0014097522,0.106356174,0.005228784,0.087885156,0.22799972,-0.006131196,0.027858417,0.022702077,-0.007658192,-0.0007634934,-0.0014866301,-0.0020382337,0.2626753,0.0575224,-0.01703555,-0.008370006,0.076183595,0.12266068,0.007948291,0.13838144,0.03763012,-0.0007173445,0.3554797,0.059464753,0.6786823,-0.01111785,0.20802762,0.79822946,0.17578039,0.104178414,0.08270234,0.06793407,-0.017912956,-0.00583172,0.22048572,0.007433435,0.072308674,-0.012172067,0.20911528,-0.013852887,-0.0043469234,0.13867325,0.7339035,0.2881202,0.057836372,0.23792799
TCGA-BH-A0AW,0.02847787,-0.006869872,0.77637655,-0.002548521,0.03021398,0.6226233,-0.03841144,-0.0033346328,0.0020789169,0.11722529,0.15433063,0.24589755,-0.009460202,-0.0030076075,0.08257385,-0.013379276,0.15301736,0.14394195,0.09754356,-0.0035322674,-0.008385956,0.14119862,0.4191879,-0.01844047,0.59189016,0.050337434,-0.0020006837,0.09442985,-0.0059552267,-0.019507227,0.35413978,0.09500618,0.014701117,-0.017460408,0.08098092,0.03560328,-0.009751289,0.1664856,0.10326886,-0.0039916276,0.35844737,0.16161019,0.6860077,-0.014731713,0.41313156,0.8151711,0.14070544,0.22787353,0.11650756,0.03555683,-0.009144037,-0.0072339117,0.2748725,0.07087799,-0.005791691,0.07405377,0.37548015,-0.0011017778,-0.020613478,0.17964864,0.8304897,0.13705876,0.056281205,-0.0042034644
TCGA-BH-A0AZ,-0.0033125635,-0.009064339,0.6676989,0.03310844,-0.005950503,0.45050427,-0.026927812,0.11028944,0.06913469,0.06963669,-3.627725e-05,0.123365834,0.115044564,0.14309576,0.06706399,-0.0050518424,0.1450172,0.19825245,0.011336226,0.22507785,-0.0044483463,0.07422137,0.35936567,-0.01183548,0.007821515,-0.0036971823,-0.009661549,-0.0019393604,-0.004693286,-0.0017066052,0.2950956,0.061343722,-0.008718806,-0.005924726,0.12914239,0.09157276,0.042069085,0.23250183,0.06063935,-0.002200422,0.31594443,0.08280364,0.65227246,-0.009385414,0.26529422,0.7995673,0.29865894,0.18851905,0.19513099,0.024718277,-0.015188056,-0.014230951,0.24270314,0.013749169,0.0781669,-0.012165092,0.21827628,-0.014726053,-0.009447709,0.15028328,0.78954196,0.16724376,0.123596966,0.19774674
TCGA-BH-A0B3,-0.0034914014,-0.0034517609,0.64921176,0.07101452,-0.008060418,0.3904275,-0.019160645,0.081950754,0.073078156,0.02886726,0.015735585,0.14744462,0.110827744,0.1568398,0.09728422,-0.008896694,0.11657612,0.11075476,-0.0018734925,0.19498229,-0.0037452453,0.107077435,0.3059608,-0.0094293505,0.073376,-0.0035146072,-0.013645115,0.035503723,-0.00280582,0.032078292,0.2553242,0.128231,-0.01351538,-0.009251392,0.09979865,0.060825873,0.080546774,0.20402864,0.057742618,0.02790384,0.31761017,0.06026881,0.6112431,-0.0029447526,0.17689933,0.7300813,0.27211025,0.18546955,0.15318716,0.059061565,-0.0114579545,-0.011700617,0.2631219,0.06712816,0.05555266,-0.005438229,0.22832628,-0.013038916,-0.0078610955,0.16427705,0.68246305,0.11972653,0.12471846,0.17409919
TCGA-BH-A0B5,0.030924756,-0.009759431,0.77151316,0.013368916,-0.012415779,0.50323844,-0.013944033,0.29351932,0.19108638,0.024251707,-0.00059911906,0.17228007,0.1980423,0.17026128,0.32212308,-0.012839052,0.25489303,0.07243292,-0.002574759,0.34808058,-0.009681022,0.19502771,0.3647175,-0.0045306706,-0.0013057318,-0.005774683,-0.009922197,-0.0016118943,-0.0071760053,0.096603274,0.35787395,0.2491132,-0.008078994,-0.0035769616,0.097574584,0.24504349,0.13645494,0.11988042,-0.007388696,0.032890916,0.4874904,-0.00071916246,0.65991426,-0.011420078,0.30930954,0.8557098,0.0733055,0.18864878,0.08827498,0.108457126,-0.004509697,-0.012838808,0.3182248,0.025216365,0.118939206,-0.02806564,0.2616244,-0.008364397,-0.011932371,0.19679493,0.72252405,0.1812273,0.3634741,0.2932703
TCGA-BH-A0B6,-0.006369054,-0.01610181,0.4788501,0.20672493,0.034772128,0.4274038,-0.02235558,0.11792226,0.045103967,0.19494559,0.07755157,0.11141302,0.0033945814,0.097276375,0.04856734,-0.011275775,0.012049373,0.1866558,0.060319327,0.067847505,-0.008334368,0.05322236,0.30778664,-0.0074827853,0.0930133,-0.010869235,0.0023176614,0.10242997,-0.009048448,-0.0042098714,0.18814965,0.043333847,-0.0049587255,-0.015016891,0.12800409,0.011976346,-0.0017018523,0.11164029,0.14189203,-0.0010843504,0.34467104,-0.002776213,0.64278215,0.041859135,0.24659449,0.6435702,0.31826386,0.14510682,0.30108663,0.1293135,-0.015263435,-0.009242833,0.2118879,0.20062798,0.025192946,0.07667873,0.2673591,-0.01856222,-0.011829328,0.16895123,0.73183906,0.052298207,-8.762851e-05,0.07088487
TCGA-BH-A0B8,-0.0075034164,-0.012336708,0.34132355,0.19002779,0.00018268079,0.28625578,-0.009961692,-0.0011315927,0.10074055,0.022966906,-0.0017043509,-0.00049158523,0.14293474,0.058998004,0.09757416,-0.0065090843,-0.0053742854,0.18222025,-0.00441027,0.29506993,-0.0032599948,0.17901145,0.14946882,0.020303193,0.07108493,-0.007184262,-0.0031034953,0.13789451,-0.004062475,-0.011784682,-0.0006849494,-0.016165907,-0.002834521,-0.0052136336,0.03189128,-0.0022706862,0.057855442,0.2040405,-0.0024289016,-0.003951469,0.29353213,-0.0002959937,0.39135015,0.06280776,0.2359423,0.44040942,0.22514823,0.1420704,0.012196848,0.11934935,-0.003668382,-0.0072966665,0.29945254,0.13902293,0.08837082,0.014385517,0.16120559,-0.01619341,-0.011288987,0.16319093,0.4821881,0.21001953,-0.003942193,-0.007067546
TCGA-BH-A0B9,-0.0038367603,-0.00019750856,0.7597819,0.21598147,0.058413908,0.44456136,-0.019398639,0.11499186,-0.002695481,0.18487932,0.113542706,0.15335585,-0.0061278,0.25510857,-0.008713893,-0.007238183,0.106402144,0.102063015,0.09844474,0.12700018,-0.004472705,0.19207361,0.4558988,-0.011928052,0.14987375,-0.011089764,-0.0150821805,0.24671687,0.028882237,-0.008254487,0.1757851,0.1617561,-0.0068771406,-0.018163646,0.26420647,0.08542015,-0.0013165828,0.1938352,0.2605886,0.018408045,0.34079397,0.10939367,0.6109449,0.054468155,0.31146616,0.7921823,0.60702366,0.22893995,0.3548915,-0.0032369078,-0.016618535,-0.00690283,0.33440846,0.32766607,0.029548107,-0.011564462,0.24351606,-0.01411358,-0.008433207,0.08952807,0.834434,-0.007430659,0.1486794,-0.0017588557
TCGA-BH-A0BA,-0.014607631,-0.0071976,0.35852706,0.06997007,0.0463719,0.35623094,-0.01617877,0.0077898577,0.05015089,0.110628515,0.045342892,0.1516925,0.045060255,0.02448425,0.050431058,-0.012196719,-0.0018819281,0.123363376,0.013506491,-0.00088562036,-0.008446476,0.028071217,0.19452322,-0.006093746,0.019807193,-0.0064810016,-0.005810062,-0.00016302876,-0.0038802517,-0.010605986,0.12378274,0.021589635,-0.0037160155,-0.008455711,0.08491636,0.071702585,0.039299686,0.14809516,0.08438228,-0.006798906,0.22735643,0.0122226225,0.40864563,-0.0030058452,0.14673324,0.4121077,0.17985347,0.17391555,0.2318266,-0.00012391359,-0.010518539,-0.0093159275,0.11573158,0.12728748,0.011974185,-0.0051761563,0.17215867,-0.013345921,-0.0081007965,0.081577405,0.5393449,0.09843852,-0.00083651394,0.014562003
TCGA-BH-A0BC,-0.0072668255,-0.0044569117,0.51649976,0.036027696,0.022343708,0.37081268,-0.019685818,0.106811106,0.04033688,0.091740325,0.056445487,0.11809015,0.018253367,0.081964076,0.069757946,-0.009621783,0.032019608,0.14592901,-0.004879027,0.09657626,-0.007532801,0.07215355,0.30024013,-0.008559436,0.09015882,-0.0050422754,-0.004620954,0.035680756,-0.0030520142,-0.00075321755,0.23401304,0.13648984,-0.01112276,-0.008284348,0.14574888,0.04045688,0.038719714,0.24495703,0.08117914,-0.0038364015,0.325954,0.053404346,0.58176357,0.032817714,0.23707193,0.6260788,0.2762042,0.249099,0.22185563,-0.0021897838,-0.0045354697,-0.006628997,0.28108406,0.09503324,0.104055814,-0.0012290044,0.21047251,-0.012644065,-0.0063560153,0.15531203,0.6856471,0.058600042,0.08111976,0.0761265
TCGA-BH-A0BF,0.0015946338,-0.006057836,0.57511604,0.18014653,-0.006678349,0.49900594,-0.02937897,0.02873636,0.03155757,0.011509061,0.062307607,0.23347938,0.068084225,0.005478167,-0.0036182532,-0.013369188,0.12251361,0.0704461,-0.0047568902,0.17735301,-0.0025602551,0.14969552,0.18566935,-0.007174565,0.29329348,-0.007847147,-0.0065810503,0.17158341,-0.015365208,-0.001396985,0.23948099,0.088866204,-0.011907081,-0.007977371,0.014439609,-0.008760785,-0.0016646561,0.19545785,0.061920345,-0.004718575,0.27791125,-0.0034176644,0.6036339,0.027801335,0.18538082,0.6882797,0.32238483,0.18710725,0.029755555,0.10934471,0.027978696,-0.009472211,0.33145913,0.022664176,0.11183996,-0.0064126193,0.41049528,-0.010788205,-0.0070502595,0.13869128,0.66372484,0.11852449,0.13636176,0.06555871
TCGA-BH-A0BJ,-0.0069748047,-0.0067384723,0.4875691,0.0330857,-0.0009334987,0.33659494,-0.01966536,0.068080634,0.03844981,0.021046191,-0.0016720679,0.14891838,0.13653964,0.050091077,0.07649452,-0.0050529265,0.06206818,0.10836016,-0.0039903563,0.10026394,-0.005185517,0.09417358,0.28183472,-0.00962723,-0.0025349793,-0.0008902714,-0.0047350503,-0.0024232322,-0.0012099927,0.0114430785,0.16135007,0.060358234,-0.008072938,-0.008369403,0.053105097,0.031543028,0.09605609,0.17458165,0.039493367,-0.0012397688,0.23994751,0.045048133,0.47730604,-0.0022488104,0.18732712,0.5384813,0.23452318,0.16820851,0.20250182,0.0075292774,-0.009604268,-0.0077349157,0.19888467,0.089351386,0.060117528,-0.0061079185,0.18830657,-0.0107902605,-0.010568521,0.13262653,0.5602809,0.065394655,0.066810176,0.10762264
TCGA-BH-A0BM,-0.014603103,0.0032812543,0.4981996,0.15326777,-0.0017643837,0.43146378,-0.015134982,0.061607763,0.13810939,0.1490253,0.07425234,0.13647738,0.14661805,0.09725724,0.096445024,-0.0100844065,-0.0055628675,0.2038802,0.008060612,-0.0011970435,-0.00570625,0.05595526,0.17682122,-0.008210364,0.16432682,-0.0078125615,-0.008582882,0.079816625,-0.0067408555,-0.01417119,0.1997781,-0.0015730223,-0.009978096,-0.007759984,0.11692579,0.112369224,0.022086874,0.22747523,0.18539743,-0.009178539,0.3116065,0.07063558,0.61800253,-0.007027805,0.16516131,0.6465274,0.25411683,0.22137043,0.29356843,0.024504334,-0.011338517,-0.009535533,0.17803635,0.12401283,6.463006e-05,-0.0020575167,0.21467437,-0.01178778,-0.014399628,0.092952915,0.65868974,0.18298742,-0.0014910948,0.043253437
TCGA-BH-A0BS,-0.0028834634,-0.013066286,0.6722639,0.020340916,-0.009729142,0.40294597,-0.023820288,0.1469077,0.04350851,0.02523581,0.06033494,0.1123638,0.12405607,0.18407306,0.14997102,-0.0054766,0.16487037,0.13702853,0.0016037673,0.29762635,-0.004845326,0.1065322,0.30179378,-0.008408459,0.03282367,0.025569722,-0.0071114055,-0.0011144787,-0.00032271532,-0.0015072391,0.33446735,0.12178306,-0.009498318,-0.01026901,0.12100656,0.17254554,0.082375064,0.21557231,0.04092505,-0.0021619715,0.41308784,0.09271166,0.6741909,-0.011187223,0.1886093,0.83628225,0.25756428,0.09079113,0.18975878,0.06415976,-0.010792139,-0.010355685,0.29148886,-0.0033618975,0.02265575,-0.017142398,0.09535066,-0.009300211,-0.004663536,0.040909097,0.76656204,0.21688546,0.18125421,0.18561628
TCGA-BH-A0BT,-0.0047576223,-0.009647786,0.56593,0.054419126,-0.0040392666,0.37590474,-0.025062516,0.06736623,0.0046142153,0.07197264,0.04813657,0.10953115,0.027528943,0.14494574,0.086246796,-0.0047303685,0.12859847,0.11186813,0.06997345,0.093977064,-0.0075000376,0.09377064,0.317948,-0.012095041,0.040227663,-0.0032341615,-0.006533209,0.015331086,-0.007050966,-0.004939077,0.19749364,0.0155497715,-0.009997043,-0.005329154,0.050201867,0.05595788,0.05856109,0.122923076,0.0010807328,-0.0068738596,0.29380372,0.037846167,0.52271307,-0.007234532,0.21133274,0.60405684,0.22538939,0.14706068,0.24273326,0.07575596,-0.008988448,-0.011628058,0.24065143,0.022147337,0.07061928,-0.00054160086,0.23266765,-0.013964492,-0.008933409,0.110574305,0.6341451,0.13563387,0.14669392,0.06635763
TCGA-BH-A0BZ,-0.0011754236,-0.0038836391,0.7609443,0.0057494603,-0.008516822,0.47902185,-0.027359212,0.25976217,0.031737905,0.0051972345,0.037985463,0.15902269,0.17799261,0.3235468,0.24642876,-0.0051106755,0.20757559,0.06306418,0.00042182207,0.38142356,-0.004364752,0.17996612,0.38996777,-0.014984438,0.064096555,-0.000120079894,-0.003048824,-0.0134079745,-0.0057951584,0.06416696,0.3891331,0.18863176,-0.017629117,-0.018320559,0.08965148,0.23271924,0.19530529,0.20598397,-0.008254319,0.0009593889,0.54555595,0.10271935,0.7651455,-0.016777199,0.22600353,0.9341281,0.19499356,0.11080824,0.21026285,0.062268957,-0.008849251,-0.014863059,0.25613567,-9.209086e-05,0.020971224,-0.01891953,0.13483235,-0.013763535,-0.0126795545,0.19216938,0.8878295,0.1902313,0.2588291,0.33876747
TCGA-BH-A0C0,-0.0020197628,-0.006136373,0.71866107,0.11100422,-0.007232129,0.5035546,-0.027879758,0.13090035,0.030294187,0.122387305,0.05768154,0.18107295,0.10574284,0.14752339,0.025546223,-0.008977194,0.089055285,0.13328186,0.0085488185,0.11899081,-0.0058446326,0.07105127,0.32520705,-0.0052037076,0.23945181,-0.0036971278,-0.0057207793,0.055467688,-0.0040770224,-0.0066840425,0.2838952,0.12504274,-0.0124330735,-0.015876232,0.101035476,0.035659805,-9.6600874e-05,0.18750232,0.16141464,-0.0009889897,0.441725,0.06859242,0.7427218,-0.005992211,0.23639846,0.87511426,0.26297307,0.19721349,0.15550086,0.13313425,-0.015668739,-0.006195994,0.31875005,0.17729953,0.05663815,0.06726579,0.27245373,-0.01957019,-0.014784338,0.173392,0.7831826,0.052911606,0.123692006,0.16207613
TCGA-BH-A0C3,-0.0067075947,-0.012579575,0.7317231,0.032125752,-0.0023726479,0.50335836,-0.025441034,0.08434792,0.020283345,0.056877635,-0.0038674069,0.1970888,0.06792924,0.15400039,0.061135583,-0.008144964,0.17562257,0.15247668,0.025870577,0.2554652,-0.0065360838,0.11695191,0.3609118,-0.006852329,-1.916103e-05,-0.0016799482,-0.009107751,-0.0016546346,-0.010210789,-0.0045323237,0.27349028,0.15701401,-0.008602251,-0.010531636,0.12154332,0.12060711,0.045914605,0.19190143,0.025710959,-0.002600648,0.37610725,0.13977714,0.7001577,-0.0066092694,0.29883808,0.8231206,0.26978034,0.17211911,0.20236868,0.07891191,-0.014456562,-0.0057458514,0.27075058,0.043590866,0.083971,-0.0054835207,0.20795596,-0.012819478,-0.009512293,0.13634539,0.82038736,0.16227746,0.17474237,0.20613371
TCGA-BH-A0DD,0.0013100086,-0.005597166,0.9217741,0.1181238,-0.01782955,0.5781688,-0.030542118,0.31537056,0.13199678,-0.008389554,0.1483121,0.1500698,0.23147708,0.27332643,0.351968,-0.013369161,0.15103355,0.10859011,-0.0071060653,0.5247309,-0.016652955,0.2419832,0.28463128,-0.012750297,0.31561798,0.038280793,-0.003862961,-0.0026338547,-0.0013336985,0.0562806,0.5424245,0.27969187,-0.02304862,-0.013770193,0.23012502,0.38635507,0.18139178,0.17560717,-0.006196949,-0.0030869048,0.5828817,-0.003394721,0.8672628,-0.018679108,0.28803167,1.1641622,0.28661057,0.0969892,0.088790484,0.14329088,-0.0033679807,-0.018923847,0.27831656,-0.0067136185,0.070332,-0.030861825,0.28140795,-0.012870984,-0.016868554,0.11410693,0.9590331,0.28691238,0.4480211,0.31209153
TCGA-BH-A0DG,-0.0027069345,-0.008045561,0.5548947,-0.0028104165,-0.009194835,0.36139062,-0.020171938,0.090782814,0.03332769,0.048585117,0.008409429,0.099213034,0.085597545,0.17038234,0.12530419,-0.008024267,0.08885823,0.09373431,-0.0009125769,0.14875965,-0.0018822206,0.07288201,0.25328374,-0.013473478,0.015457295,-0.00589475,-0.008814983,-0.0015361946,-0.0030330333,-0.00035062098,0.27706677,0.06847729,-0.012403666,-0.006490323,0.11489748,0.030704949,0.06367807,0.21898392,0.00417839,-0.002075296,0.3074533,0.06270365,0.52234954,-0.008895728,0.14273131,0.6609069,0.21224162,0.13287824,0.12408178,0.056422107,-0.013397711,-0.013971845,0.18515445,0.032288045,0.042288642,-0.009162984,0.11856151,-0.011435807,-0.007166739,0.123410046,0.6816389,0.12849666,0.086707205,0.14269702
TCGA-BH-A0DH,-0.00767642,-0.0063219713,0.6318726,0.11198646,-0.0065078135,0.4681988,-0.018721951,0.0518106,-0.0018630754,0.0310269,0.07018751,0.17357607,0.0934188,0.09222633,0.100500196,-0.017371077,-0.004937542,0.06749299,0.012386955,0.065717205,-0.0019594382,0.12733705,0.24694942,-0.009462574,0.15263711,-0.00668947,-0.00052036264,0.071409956,-0.0012033085,-0.0054760533,0.19645464,0.097843274,-0.006765626,-0.016974686,0.08247775,0.06971468,0.07371471,0.23585346,0.119784236,-0.00499881,0.3261563,-0.001971781,0.5510635,0.032776996,0.26347974,0.6318055,0.29586515,0.2160583,0.15572071,0.06063898,-0.0057918513,-0.012792631,0.26340285,0.044806853,0.123430125,-0.0010839206,0.2571746,-0.009206696,-0.0056261993,0.070488304,0.5687363,0.0649431,0.070018575,-0.006106378
TCGA-BH-A0DI,-0.008075497,-0.0047843643,0.42566946,0.030114915,-0.0033074662,0.30017835,-0.019321898,0.057725146,0.0028580315,0.0060926415,0.020750338,0.1277362,0.06496958,0.01540462,0.049492158,-0.0043624477,0.07448606,0.10753235,-0.0058272537,0.11045498,-0.007605762,0.03228373,0.21953082,-0.007994858,0.049783465,-0.0029920475,-0.010171292,0.030207299,-0.008043744,0.023122702,0.27484834,0.037581276,-0.0064309696,0.00016787276,0.051205378,-0.0016301261,0.060811386,0.17522913,-0.002473115,-0.005629925,0.21236749,0.02411438,0.41854978,0.008064136,0.15029998,0.48897275,0.25700435,0.18046153,0.118403554,-0.0007066272,-0.0064721913,-0.010787396,0.17061836,0.02963143,0.063195765,-0.006566819,0.19998483,-0.010837683,-0.0055230428,0.12039751,0.54188573,0.07321395,0.084011406,0.064984396
TCGA-BH-A0DK,-0.009769219,-0.0062929927,0.519579,0.022501174,-0.005121976,0.3401883,-0.022597983,0.08189179,0.008929022,0.004558526,0.031497743,0.1699202,0.097777486,0.08302256,0.054568887,-0.008996527,0.10011907,0.14058124,-0.0036861524,0.07573134,-0.00729317,0.1213796,0.23918131,-0.011207505,0.05626115,-0.0042596925,-0.005744454,0.052127305,-0.0025201489,-0.001678478,0.18617049,0.05088448,-0.009887019,-0.0051944437,0.08352983,0.0019985847,0.054373473,0.1727621,0.070749894,-0.0031652735,0.26887912,0.063268855,0.49249104,-0.0034623803,0.18737906,0.5593429,0.2289562,0.18414369,0.1468137,0.044502333,-0.009574221,-0.0060761394,0.17264152,0.057127617,0.070567176,0.017689314,0.18700679,-0.013464982,-0.008569631,0.12432869,0.5977272,0.14453767,0.072430566,0.061120242
TCGA-BH-A0DP,-0.008580564,-0.009776755,0.56928116,0.099306926,-0.0033969493,0.4502332,-0.021935951,0.038657486,0.060622495,0.12174134,0.032774117,0.19252197,0.05468233,0.10119112,0.065926865,-0.009050848,0.03561364,0.15649772,0.07552881,0.05276783,-0.0042210408,0.052805874,0.38732708,-0.010135949,0.020299453,-0.005811583,0.012072227,0.035486884,-0.006340734,-0.007604466,0.13752137,0.05769368,-0.007932074,-0.011917013,0.08340874,0.11498369,0.07735658,0.22424826,0.10908295,-0.005207789,0.3312675,0.035309386,0.6012423,-0.006908254,0.23759077,0.6662909,0.2843762,0.16929623,0.27436227,0.05401936,-0.00907074,-0.007262169,0.20776886,0.122359276,0.002006648,-0.005377687,0.20726438,-0.012650316,-0.013073507,0.105427064,0.7221727,0.09076114,0.09401359,0.19194281
TCGA-BH-A0DQ,-0.0068046683,0.004416313,0.58835435,0.020937588,-0.0039273635,0.39160874,-0.024302293,0.13183634,0.01520158,0.0074966177,-0.00031333975,0.16217554,0.100128874,0.08803838,0.074077256,-0.0056524808,0.081376545,0.15161236,-0.0036380577,0.15031482,-0.00540178,0.09880616,0.28355542,-0.01417341,0.001591295,-0.0060673775,-0.0046768067,-0.000243197,-0.003610722,-0.0025916675,0.22198625,0.07599151,-0.009645091,-0.009103826,0.10976162,0.070421845,0.06842089,0.22736728,0.042932227,-0.00094451907,0.25908688,0.04848583,0.54819864,-0.0075507956,0.19224729,0.6228977,0.23833817,0.20407778,0.23071498,0.030906,-0.010166963,-0.005369873,0.17165783,0.08108333,0.08588412,0.0060688155,0.20025416,-0.010839501,-0.009538411,0.1738137,0.6719642,0.07896078,0.043564957,0.12822904
TCGA-BH-A0DS,-0.0060023824,0.009332437,0.69066983,0.26634765,0.030955551,0.46494064,-0.022890609,-0.005015258,-0.0014832653,0.035544485,0.16052307,0.24755792,-0.013121313,-0.0072482387,0.078211024,-0.019903973,0.24514055,0.20299609,0.09741505,0.24483563,-0.0077393376,0.07089795,0.24314637,-0.0041474113,0.39651135,0.078355044,-0.011198044,0.086239144,-0.01084949,-0.016589958,0.29818964,0.13915867,-0.013515552,-0.010622084,-0.003966111,0.100900814,0.02496918,0.20624079,0.10536237,-0.0027772938,0.39117423,-0.0017037087,0.67030984,-0.0030779229,0.35337752,0.7753557,0.26216367,0.20078771,0.2688831,-0.011567491,-0.0034276487,-0.008366257,0.2807456,0.05838947,-0.0025484224,0.036381472,0.33498657,-0.020858292,-0.009944049,0.089619696,0.8988605,0.33847958,0.01916765,0.0013247393
TCGA-BH-A0DV,-0.004584407,-0.010620676,0.6733237,0.017720547,-0.011578149,0.42603633,-0.02556914,0.19092636,0.0550382,0.09397462,0.0026684627,0.09802711,0.1189661,0.19843219,0.15733162,-0.0075865895,0.13196872,0.1751557,0.016765356,0.2680999,-0.003406968,0.076569796,0.30348763,-0.0051626507,-0.007232414,-0.010412853,-0.009635669,-0.001279844,-0.005693455,-0.0006306924,0.27547902,0.075429514,-0.007828273,-0.008190976,0.11128044,0.13475151,0.051335357,0.26082963,0.034725808,0.02038408,0.39421812,0.104119495,0.66567224,-0.014812509,0.21297154,0.80432224,0.21977878,0.14580664,0.2020799,0.059102386,-0.012896284,-0.00854855,0.25943303,0.049461633,0.036919065,-0.016577033,0.17282233,-0.011932202,-0.0061953333,0.13005659,0.803646,0.2009089,0.13401362,0.18786249
TCGA-BH-A0E0,0.0058433814,-0.029549206,1.1527658,0.26572937,0.012630461,0.54295784,-0.03316486,0.12956268,0.025287658,-0.009628281,0.026382785,0.038495585,0.12206207,0.24074402,0.12798841,-0.017337356,-0.0027473008,-0.008750051,-0.005348979,0.2638979,0.030169575,0.24850571,0.34793523,-0.002741209,1.1501614,-0.018681644,-0.02051432,0.48759478,-0.016207507,-0.011812935,0.3952343,0.2845217,-0.007378246,-0.038831748,0.17574668,0.15090227,0.23650478,0.31839147,0.08039348,-0.004046716,0.5918974,0.1993394,0.8690228,-0.0042501497,0.34923545,1.1496552,0.71644866,0.24453615,0.2307364,0.00639417,-0.013818572,-0.007885057,0.68272287,0.14201371,0.02676476,-0.022131665,0.5794114,-0.005324108,-0.001291904,0.3080358,1.1050655,0.05571305,0.035231624,0.13825186
TCGA-BH-A0E1,-0.00733192,-0.002402709,0.63136035,0.100630954,-0.007489895,0.41928652,-0.017954415,0.07311698,0.04794018,0.10197762,0.12158719,0.19495454,0.053313278,0.13423605,0.12489686,-0.009434146,0.03301891,0.14746323,0.03118924,0.077438325,0.02521226,0.07546051,0.2932964,-0.0076110302,0.14327337,-0.0019795585,-0.0050337357,0.0076718107,-0.0060137347,-0.00754146,0.21216568,0.06876112,-0.013745827,-0.009820296,0.14542304,0.13120179,0.049077824,0.21584666,0.15635489,-0.0034054487,0.41461056,0.09205109,0.598926,-0.011040017,0.2281712,0.7710022,0.2721846,0.1810552,0.24472716,0.06860805,-0.009198697,-0.0051089255,0.29526463,0.1422979,-0.0019741606,-0.0025061069,0.21646963,-0.008656897,-0.011218984,0.1290161,0.76616746,0.23211078,0.062395927,0.13787182
TCGA-BH-A0E2,-0.008113537,-0.0040328684,0.5227678,0.11193952,-0.015340741,0.384439,-0.009548678,0.08554799,0.04156332,0.08677499,0.15877096,0.048532363,0.10107277,0.14021876,0.11549407,-0.00681768,-0.013912228,0.18563889,-0.0062259273,0.12325096,-0.00940209,0.04912275,0.122166395,-0.001266662,0.1404395,-0.0075733415,-0.008652475,0.10885154,-0.008267702,-0.008463151,0.17832607,0.04737787,-0.011177263,-0.0017251596,0.22387592,0.07176183,-0.0052582095,0.19977643,0.10430831,-0.006680877,0.33511648,-0.000728083,0.64753175,0.008383501,0.23290135,0.6740887,0.3420493,0.13530801,0.16399808,0.08104501,-0.0009329066,-0.019114224,0.2072415,0.0136548225,0.020679712,-0.0031951375,0.28912288,-0.016718535,-0.008768649,0.09134565,0.55340666,0.24142134,-0.0002556406,0.005166944
TCGA-BH-A0GY,0.056791384,-0.01653879,0.84913796,0.10551067,-0.0029711074,0.64220864,-0.041211523,0.072466776,0.020953562,0.03687361,0.15143381,0.273558,0.013215061,0.15631318,0.10194789,-0.00038152636,0.08686821,0.1789728,-0.001890979,0.11634633,-0.010647914,0.117948696,0.21671613,-0.009320909,0.6219952,-0.0051498855,-0.010946226,0.23620917,-0.012172356,-0.012335633,0.4865834,0.10363704,-0.0034500104,-0.020415572,0.058550622,0.054677133,-0.0018481527,0.29799116,0.09099315,-0.011535828,0.50148165,0.06578693,0.7499156,-0.004629916,0.3524592,0.8063819,0.356569,0.14541055,0.12142445,0.08914531,-0.009383126,-0.01058082,0.37253717,0.10051471,0.0344278,0.054901257,0.54212064,-0.02319984,-0.010441046,0.20897363,0.79370874,0.18566658,0.06100012,-0.011594826
TCGA-BH-A0GZ,-0.0031667706,-0.008646608,0.38008448,-0.0024375122,-0.0019339718,0.24910223,-0.01863963,0.045812674,0.013038736,-0.003362524,0.05734586,0.12641096,0.087967515,-0.00042925152,0.113305256,-0.004399979,0.02202167,0.015816981,-0.0055378266,0.04996841,-0.006173616,0.13820784,0.22307734,-0.013530115,0.060350385,-0.004071514,-0.0080161765,0.04016886,-0.004334924,-0.0021014167,0.14079307,0.0066939164,-0.0050259503,0.0026335008,0.071857944,0.0039387792,0.062698096,0.17561042,0.017265357,0.0019147769,0.19573735,0.014220754,0.3557817,0.024832577,0.16207308,0.4137407,0.16897231,0.15587085,0.17492807,-0.0025646214,-0.006877667,-0.011041389,0.12569052,0.002761919,0.058176085,-0.001251379,0.15921849,-0.0023623907,-0.007602641,0.10295822,0.45578623,0.07594682,0.075307906,0.0069842637
TCGA-BH-A0H0,-0.005077458,-0.015355415,0.6594092,0.12464467,-0.005921151,0.5532882,-0.02414831,-0.01565144,0.09969084,0.14992093,0.03686277,0.21076526,-0.0012785848,-0.008588873,0.14711195,-0.0058594286,-0.004107704,0.2083021,-0.004815105,0.031332854,-0.01940138,0.07694264,0.24090163,-0.0029049078,0.1131859,-0.013245589,-0.0062677786,0.07173077,-0.0012142689,-0.027361069,0.07202618,0.0015590284,-0.004232829,-0.027063021,0.13924743,0.19274619,-0.0029201966,0.3170355,0.3467669,0.01856219,0.5233391,0.07686992,0.6752653,-0.004247782,0.35802078,0.8136659,0.26410243,0.3989318,0.40978232,-0.003936108,-0.017672306,-0.0035428256,0.27355525,0.13772099,0.13906322,-0.0029685386,0.24592349,-0.014739567,-0.020021012,0.20959215,0.823394,0.16903302,0.011656392,-0.009855265
TCGA-BH-A0H3,-0.0035897554,-0.007660842,0.583854,0.07490668,-0.0017406514,0.3563052,-0.028011858,0.09086189,-0.0026313264,0.08995868,0.018605249,0.08468753,0.026288003,0.095549196,0.046755508,-0.0066213193,0.17094831,0.24971028,-0.0020574871,0.22913824,-0.004733905,0.08110465,0.31610188,-0.008902105,-0.0023193564,-0.0068110004,-0.0072472864,0.040717624,-0.0075343745,-0.0031023961,0.26335818,-0.0039814,-0.005351862,-0.008690648,0.123634264,0.036743138,0.036579557,0.21620524,0.062157817,0.013688408,0.33496317,0.07602438,0.56708074,-0.0052507073,0.21343912,0.7257547,0.24869627,0.19246203,0.21925868,-0.0024995191,-0.01295442,-0.0011317615,0.2309055,0.014166297,0.12254199,-0.0091915745,0.18465878,-0.012108128,-0.0026278778,0.04797901,0.73075426,0.12427119,0.094046354,0.14978562
TCGA-BH-A0H6,-0.0033994154,-0.001576395,0.50227565,0.043301325,-0.012629079,0.32630366,-0.019373477,0.03117308,0.018127905,0.007814888,0.11365363,0.1919901,0.10257521,0.022378352,-0.0036214874,-0.0057244757,0.08638929,0.08942646,0.0040496364,0.02321862,-0.017520245,0.046624366,0.23974,-0.0080015715,-0.00037772954,-0.0017054413,-0.013210416,0.10563559,-0.007673645,-0.0053227604,0.15672025,-0.0022825755,-0.00847097,-0.0035469446,0.052778844,-0.0038497893,0.029857604,0.17756261,0.07270804,-0.00131923,0.25908294,-0.0005955808,0.4266336,0.038885042,0.18924382,0.49526048,0.25210333,0.15015338,0.0758037,0.030905351,-0.008028337,-0.0056385216,0.15695924,0.015978033,0.10912187,-0.007842572,0.21338,-0.01583043,-0.0065600337,0.08950119,0.42646128,0.16631977,0.12818597,-0.013945361
TCGA-BH-A0H7,-0.0042062183,-0.0045542167,0.5687611,0.0065601207,-0.0076681487,0.37354356,-0.023279943,0.08615397,0.02037339,0.05603952,0.09531243,0.15690196,0.078177914,0.12150279,0.11119835,-0.007018111,0.08393926,0.11275248,-0.00076097547,0.14089131,-0.0076408633,0.050762605,0.25138998,-0.00888508,0.09639327,-0.0024938458,-0.006146658,0.038715445,-0.0035472915,-0.0065103783,0.23748387,0.09358287,-0.010298314,-0.0105609065,0.09475158,0.040494084,0.095973045,0.221114,0.060794376,-0.0022032645,0.35612646,0.029658679,0.5238794,-0.007944635,0.1954064,0.6556733,0.23575199,0.14433816,0.21668805,0.014405586,-0.012248193,-0.0087828245,0.187114,0.11668305,0.0526824,-0.0041749324,0.17967339,-0.010655969,-0.0103342775,0.19557884,0.61939305,0.15133837,0.050070625,0.08222635
TCGA-BH-A0H9,-0.00307592,-0.01616874,0.6987624,0.16718535,-0.0030696436,0.56357163,-0.013171439,0.103680715,0.09504327,0.15419395,0.107182845,0.14492913,0.021482026,-0.000298955,0.056874514,-0.0069235913,0.005983215,0.16209276,0.013233297,0.1211199,-0.0110644875,-0.00030348674,0.36506099,-0.003796725,0.31705964,-0.0026403964,-0.0067882836,0.11543095,-0.0050353827,-0.008562437,0.2001959,0.057429675,-0.012216988,-0.013519016,0.019622559,0.08049734,0.055273216,0.2510118,0.1779453,0.0074029416,0.42181963,-0.0011919737,0.81938535,0.0009882152,0.3247615,0.8076089,0.31452093,0.14711851,0.21784084,-0.006172912,-0.0057401215,-0.0040385663,0.31601742,0.18488628,-0.0024854927,-0.010108646,0.26388016,-0.018960284,-0.015470202,0.15452383,0.71820337,0.1960468,0.028290357,0.1474983
TCGA-BH-A0HA,-0.0047251764,-0.014805766,0.7258892,0.056904826,-0.007345402,0.52512294,-0.024214042,0.1098281,0.05115821,0.058966786,0.05614806,0.1091643,0.10206886,0.21088818,0.08573252,-0.0072967955,0.116367325,0.19675647,0.0746867,0.18139513,-0.0025642493,0.115352124,0.33149973,-0.008802992,0.03429996,-0.0060321423,-0.005812562,0.00034258142,-0.0057607717,-0.0069890693,0.28425565,0.052028332,-0.0075887865,-0.010284473,0.09921796,0.15709648,0.031183079,0.19597167,0.12440421,-0.0021899415,0.34238073,0.06755136,0.7407684,-0.010969681,0.2227867,0.8661133,0.303974,0.1450146,0.19837789,0.07743474,-0.020330498,-0.008354003,0.24421385,0.04236368,0.093157224,-0.010883796,0.22751544,-0.009908778,-0.0038549209,0.08243297,0.8401802,0.18636203,0.089491755,0.14463644
TCGA-BH-A0HB,-0.0045877188,0.034299996,0.6053668,0.24275555,0.083735175,0.4540837,-0.012828109,0.041207388,0.062014706,0.070404366,0.008239776,0.14783052,0.08561961,0.101184234,0.09691518,-0.0096611045,0.038466968,0.039956547,-0.0014896892,-0.0043134703,0.020662507,0.19315217,0.27378324,-0.011885933,0.47424316,-0.0081117805,-0.010010776,0.101196386,-0.011783303,-0.0023490505,0.29187426,0.01808558,-0.014634195,-0.02219022,0.017033897,0.016873945,0.04213545,0.15475748,0.088621676,0.024684489,0.47782418,0.09882708,0.6132525,0.02900422,0.27777192,0.7701309,0.4212742,0.23529465,0.16908257,-0.001230875,-0.016320813,-0.012528432,0.36300743,0.24511254,-0.0055811154,-0.0029146068,0.26171574,-0.01904632,-0.012211198,0.20113723,0.7001686,0.046701748,-0.0019999642,0.042699218
TCGA-BH-A0HF,-0.008529934,-0.007802909,0.41589338,0.010820251,-0.003478347,0.30913633,-0.020444935,0.058972582,0.01890514,0.071795836,-0.001508008,0.12149261,0.13772665,-0.0015392507,0.05640166,-0.0033287124,0.010457832,0.13346313,-0.0056946324,0.12982799,-0.008223148,0.02703904,0.19675657,-0.004820715,0.021290366,-0.009304269,-0.0071612867,0.041722875,-0.0073994,-0.0006177029,0.19083719,0.0050917086,-0.0051849247,-0.00057814753,0.10484714,0.022622664,0.04662336,0.23389618,0.044478774,-0.0033043528,0.2570703,-0.00114047,0.38989952,0.016998073,0.20533758,0.51868695,0.22801048,0.14219025,0.14441234,0.054522075,-0.005685282,-0.005966299,0.1632458,0.045988977,0.060354188,-0.0014915628,0.19456069,-0.009430078,-0.009973675,0.1370441,0.48485982,0.092764355,0.08701007,0.05229549
TCGA-BH-A0HI,-0.0059625288,-0.00842639,0.42184666,0.0774297,-0.0030979854,0.300628,-0.016533384,0.05841984,0.03452008,0.013282426,0.10511622,0.0983236,0.013737287,0.029020358,0.026029307,-0.009839403,0.007837556,0.14526331,-0.009330617,0.15081175,-0.007683506,0.10603736,0.23952396,-0.0062776296,0.12364684,-0.0024455958,-0.0015363239,0.133139,-0.0014856193,-0.0042077503,0.26473808,0.021035934,-0.0056246924,-0.0036870313,0.04519904,0.029776238,0.08615294,0.20491719,0.084608674,0.015878707,0.27295122,-0.0062107234,0.42916107,0.08644272,0.2441572,0.55451876,0.2711408,0.20230459,0.12763312,0.00021456182,-0.010095132,-0.0047436855,0.22471014,0.060036868,0.039208256,-0.0034273744,0.21166739,-0.010845869,-0.010039202,0.108002275,0.4977399,0.106316485,0.10003103,0.04479287
TCGA-BH-A0HK,-0.005708706,-0.0056444737,0.4873464,0.04875919,-0.0005422009,0.31290177,-0.01843207,0.058824435,0.052318398,0.050305083,-0.00031837783,0.15067951,0.10963396,0.068704136,0.07058657,-0.005136553,0.07311919,0.121602654,-0.0033858332,0.048477102,-0.006417438,0.08217074,0.2134439,-0.008094116,-0.0055678952,-0.0037599772,-0.008817531,-0.00056356564,-0.006216198,-0.0015953047,0.13191973,0.064133376,-0.0059626508,-0.00690033,0.08824286,0.048511516,0.07141629,0.16430727,0.04748909,-0.00080786645,0.2656395,0.07035868,0.43524018,-0.0020657,0.20338346,0.50163186,0.18256411,0.16030222,0.18533584,0.016947538,-0.009254982,-0.0037043137,0.19964206,0.048088983,0.04532054,-0.003034081,0.122965515,-0.007891036,-0.010534528,0.14607655,0.485268,0.10093754,0.06457743,0.099646226
TCGA-BH-A0HN,-0.002589518,-0.012135006,0.5058182,0.13149025,-0.006327323,0.36437562,-0.013676779,-0.003781013,0.03401569,0.0502854,0.12951078,0.08925365,-0.0030779194,0.06806911,0.09126276,-0.008636411,0.04576581,0.101440355,0.059908643,-0.0012063548,-0.0028314486,0.11651099,0.23348416,-0.004418396,0.13198285,-0.007974003,-0.0065315715,0.094709024,-0.0082720015,-0.008034882,0.21035574,-0.0033079428,-0.0077929916,-0.0070986003,0.12999265,0.06993835,-0.006198228,0.12896332,0.12151109,-0.0028228094,0.36465237,0.008961767,0.5600915,0.06715844,0.30792743,0.6009861,0.24810904,0.118257254,0.17723022,0.055678897,-0.003495089,-0.005041695,0.3011682,-0.0041578594,0.13549598,-0.0019129564,0.3264802,-0.009379727,-0.0033429365,0.05384109,0.59253794,0.2438732,0.101247996,-0.004636952
TCGA-BH-A0HP,-0.0047535948,-0.0050245947,0.4696005,-0.0010679628,-0.0012203081,0.2972559,-0.019212078,0.052417397,2.835691e-05,0.058587,0.055215802,0.123427674,0.039400198,-5.341945e-05,0.044170417,-0.0051221806,0.059684716,0.15328206,-0.0074851546,0.07090597,-0.007878656,0.08251104,0.25121102,-0.0088090645,-0.002002131,-0.0072267777,-0.005251874,0.066236906,-0.001985734,-0.0013994559,0.1590574,0.08645037,-0.0051607653,-0.0066896663,0.103788346,0.056376655,0.08263001,0.17121291,0.010787133,0.022867702,0.20440038,0.023623068,0.39130026,0.012639567,0.18539122,0.46547595,0.20465273,0.17342164,0.18127419,-0.002027474,-0.008595188,-0.0046524666,0.18328732,0.05241224,0.09977476,-0.0037551706,0.19160812,-0.008567675,-0.0039704745,0.09560807,0.54086864,0.060996722,0.08055116,0.058864705
TCGA-BH-A0HX,-0.012463777,-0.0047195195,0.42648953,0.051197875,-0.0018424407,0.36157885,-0.018951615,0.047812536,0.0517918,0.09119356,0.029392496,0.09567755,0.099973634,-0.0030342084,0.08772693,-0.0069046253,0.0044639297,0.11888546,-0.0012601415,0.08739008,-0.0011887143,0.08508432,0.15262708,-0.005423941,0.0676827,-0.018337253,-0.00741741,0.047393218,-0.0034078925,-0.004433493,0.1382531,0.05786292,-0.0031816263,-0.0032927168,0.105600685,-0.0003245147,-0.0005049344,0.23104441,0.112341374,0.030457035,0.23815417,-0.001370402,0.49593127,-0.0016431622,0.17025192,0.48035648,0.18172713,0.17991859,0.15274622,0.01612582,-0.0032097467,-0.012234195,0.16631052,0.058364794,0.032971952,-0.0019499528,0.12257153,-0.006571438,-0.006234752,0.12569627,0.602174,0.116766535,0.09345646,0.11015387
TCGA-BH-A0HY,0.006828091,-0.003441111,0.4989642,-0.005853084,-0.010717835,0.3735694,-0.01580515,0.115620375,0.059853166,-0.0004427936,0.10235977,0.13526261,0.13469869,0.036613382,0.04109338,-0.009581724,-0.00074342376,0.19966348,-0.010915682,0.08287065,-0.008537312,0.09771651,0.20771752,-0.012831621,0.09154527,-0.0052355067,-0.003695389,0.036068242,-0.0068351934,0.017919354,0.24862333,0.055064753,-0.012785278,0.0015823208,0.06121617,0.008250624,-0.006756556,0.20380373,0.051975176,-0.004681685,0.29290006,-0.0013407093,0.50300556,0.027101051,0.17571574,0.6134286,0.20346656,0.13134384,0.11276099,0.07729685,-0.005439044,-0.013377386,0.18110034,0.06277778,0.100812815,0.04117902,0.24755895,-0.010480483,-0.014733051,0.15276864,0.49871814,0.10586776,0.055665072,0.022029117
TCGA-BH-A0RX,-0.008372254,-0.0024363436,0.6493332,0.06667131,0.008783674,0.3540323,-0.02746659,0.16960566,-0.0044801156,0.16843836,0.00965916,0.14210932,0.05672631,0.15145364,-0.0020615652,-0.009286004,0.18378818,0.23698081,-0.0031896315,0.14174013,-0.005472804,0.07649864,0.31260493,-0.0023464654,0.10801877,-0.000312249,-0.009550946,0.16354851,-0.00556157,0.05537455,0.26120257,0.12506077,-0.01048704,-0.0057566594,0.14689091,-0.0018756632,0.035151396,0.18828818,0.1533468,0.014920019,0.3965475,0.049792144,0.57742745,0.05291429,0.26701295,0.73200035,0.37279677,0.24266566,0.14176896,-0.0015930623,-0.01626074,-0.0030411945,0.33479053,0.15235628,0.09072409,-0.00061649486,0.25901917,-0.009033474,-0.0068637626,0.21750449,0.744535,0.025357675,0.1375108,0.08871475
TCGA-BH-A0W3,0.0158869,-0.017485786,0.62478715,0.13006897,0.031876683,0.4673954,-0.019717364,-0.00040594806,-0.002823672,-0.0021862218,0.048030633,0.055105504,-0.0022353125,-0.0028969564,0.054027285,-0.005555858,0.11436847,0.19084723,-0.010799082,0.12923747,-0.004015063,0.10599165,0.31307676,-0.0059010317,0.2564791,0.025299042,-0.0036183049,0.15618062,-0.005105652,-0.0018823877,0.25325474,-0.0042159236,-0.007314216,-0.0027954099,0.105871245,0.09754048,-0.0048059016,0.23137876,-0.0011112749,-0.003033227,0.35027346,-0.006127916,0.53453,0.05198089,0.37702954,0.6577791,0.39198023,0.15711111,0.18131484,-0.0034681552,-0.011658676,-0.004454949,0.33600447,0.05126685,0.07431029,-0.017896108,0.3415234,-0.0029332864,-0.008508912,0.089901626,0.6079537,0.29721308,0.046479825,0.063826464
TCGA-BH-A0W4,-0.008029131,-0.005107569,0.37795436,0.014894556,-0.005575002,0.31770673,-0.017668119,0.048414752,0.0003032498,-0.00083988457,0.027526207,0.099518016,0.09047225,0.054853734,0.06478743,-0.0036746208,0.057101943,0.09942892,-0.0076287123,0.049753647,-0.0035617487,0.052232668,0.23674464,-0.003836685,0.023408841,-0.004416307,-0.008160971,0.05720768,-0.0041637244,0.01771224,0.2359522,0.0077702296,-0.0045745703,-0.003803279,0.08665333,0.008074321,0.08284679,0.16061077,-0.00068202073,-0.007868207,0.20284884,-0.0005846843,0.3668009,0.019676603,0.16677137,0.4617023,0.22340423,0.16353905,0.11605154,-0.0029896265,-0.0055835214,-0.003514921,0.13960445,0.0130867455,0.070364535,-0.00893948,0.23330455,-0.008109363,-0.0038113561,0.10249838,0.44682616,0.09732905,0.10050315,0.0340876
TCGA-BH-A0W5,-0.010000861,-0.0032791,0.45555675,0.08582932,0.009051193,0.34107077,-0.018964326,0.025146373,-0.0015814629,0.067007884,-0.0015691922,0.062376335,0.13186981,0.08220632,0.048412435,-0.0032345427,0.114908725,0.12483759,-0.0026172649,0.04484428,-0.0035873146,0.028482435,0.31919023,-0.004582139,0.13090274,0.0053630024,-0.0059190807,0.066287376,-0.0047296346,0.05189873,0.26720136,0.038902517,-0.0039426857,-0.0018022273,0.081570715,-0.0011291836,0.03898078,0.17713276,0.023500945,-0.0027405263,0.22602986,0.04244951,0.46970925,0.0029191002,0.18785957,0.56172246,0.3502975,0.15518005,0.19695103,-0.0037902945,-0.0067170947,-0.0015069215,0.20453644,0.08325082,0.021138392,-0.009584953,0.23041114,-0.015256548,-0.0028103727,0.09275972,0.5771581,0.106347755,0.04771128,-0.00047162475
TCGA-BH-A0WA,-0.00063594815,-0.0073422776,0.5887299,-0.0022676494,-0.005334213,0.3004293,-0.01721693,0.031108238,-0.0077274563,0.04265044,0.03430215,0.09532825,-0.0075739594,0.0829591,-0.00013664253,-0.010125508,0.14460066,0.139957,0.030242868,0.14784168,-0.0063259653,0.01847005,0.1990186,-0.0043916698,0.26059538,-0.001853497,-0.005785667,0.19555227,-0.0073232525,-0.0010535235,0.40150362,-0.0031799176,-0.0075131617,-0.003526869,0.17649136,-0.006331195,-0.002921894,0.2197448,0.07953489,-0.005239654,0.31138992,0.089782596,0.5307829,0.0024163686,0.20210236,0.7080379,0.29845876,0.14720498,0.027429663,-0.0027171192,-0.01448662,-0.0060123857,0.25432774,0.08511777,0.10200157,0.002837439,0.3026623,-0.01533092,-0.002532886,0.16734864,0.6619706,0.08204809,0.0777179,-0.0017203212
TCGA-BH-A1EN,0.01361953,0.012031,0.82193404,0.1272067,-0.006961442,0.42648765,-0.018602861,0.1927032,-0.0007463869,0.07956354,0.09185122,0.23228772,0.08815782,0.15938176,0.17561258,-0.009801658,0.27756587,0.15185554,-0.004638727,0.4288051,-0.0098758675,0.069570854,0.38183334,-0.010438693,0.057130244,-0.0038350092,-0.010005786,-0.00028609784,-0.013557844,-0.0034538717,0.4529475,0.2595234,-0.015686115,-0.011795143,0.10370557,0.11024079,0.12994061,0.26934034,-0.0009790121,0.03125024,0.58542496,0.0853643,0.68173647,-0.016517613,0.2109432,0.9798689,0.23464382,0.17648377,0.13737676,0.14004028,-0.009040534,-0.008740783,0.32961968,0.034124084,0.092508085,-0.020691177,0.13743918,-0.01922341,-0.007986406,0.1823382,0.79571384,0.19008373,0.18056415,0.2503534
TCGA-BH-A1EO,-0.00017099408,-0.0013831061,0.69928503,0.08364703,-0.006082856,0.44681206,-0.02480647,0.21257783,0.017373292,0.105793566,0.008410033,0.16034128,0.10850303,0.13927187,0.16950844,-0.011454274,0.16135046,0.11300051,0.016990498,0.3058047,-0.009170762,0.11914551,0.35129943,-0.010585481,0.048380923,-0.011069374,-0.006345169,-0.0038816468,-0.010451566,0.03896069,0.34118402,0.09941313,-0.011291767,-0.011088367,0.1547819,0.1470626,0.11518091,0.17106476,-0.002732162,0.008167505,0.49358392,0.039076705,0.67809784,-0.0013155461,0.29944718,0.8157082,0.21177936,0.17946494,0.16970219,0.023789521,-0.009368067,-0.008617631,0.23460418,0.040800653,0.09865133,-0.010672948,0.20955376,-0.015362713,-0.011686861,0.18639949,0.790384,0.059880354,0.22825262,0.2417865
TCGA-BH-A1ES,0.044622403,-0.00043544808,0.86520296,0.13766891,1.4013692,0.82620573,-0.072598934,0.7096807,0.30465028,0.03637953,0.20087822,0.36198238,-0.0013639678,0.043138586,0.36124477,-0.003760311,0.71522117,0.062004343,0.2792003,0.07801223,-0.017230025,0.37096143,0.8520465,-0.018066341,0.29277492,-0.0070168036,-0.036738064,0.6395428,-0.03174309,0.08007854,0.235363,0.19810393,-0.012400177,-0.058186244,-0.009507228,0.030165676,0.26542976,0.48876116,0.24396585,0.053070962,0.29111296,-0.0033130508,0.57884395,-0.03292566,0.74462134,0.79692644,0.29683563,0.19884068,0.3579816,0.09566984,-0.012322433,-0.028769879,0.30723053,0.4917874,-0.0023089936,-0.0002510899,0.29175913,-0.040729005,-0.014295471,0.06548768,1.0042298,0.4262151,-0.013962626,0.005940914
TCGA-BH-A1ET,0.00065506995,-0.01014319,0.61760944,0.07471089,-0.0108767785,0.39327163,-0.025476111,0.13152443,-0.0013364617,-0.0002896227,0.039008778,0.14621569,0.1218282,0.17297617,0.18607539,-0.01185781,0.11497809,0.03436017,-8.5857515e-05,0.28105056,-0.0037032508,0.13899495,0.30912673,-0.014578933,0.11210877,-0.0029115302,-0.0035699953,-0.0022453337,-0.002104311,0.056184452,0.30848426,0.112660855,-0.012063964,-0.01524189,0.028224222,0.10168275,0.117254674,0.21014649,-0.00855389,-0.0013841077,0.4364158,0.05477068,0.5938494,-0.00564127,0.21603268,0.76052177,0.20443845,0.09944986,0.20330164,0.08947294,-0.010341251,-0.0097580105,0.24075037,0.0018679556,-0.00021680017,-0.010504636,0.1633607,-0.012570425,-0.010017703,0.11718644,0.7351345,0.19902918,0.14842686,0.21967556
TCGA-BH-A1EU,-0.004445993,-0.008965693,0.6981624,0.06635393,-0.003879678,0.40892223,-0.022804836,0.13187532,0.028198421,0.068467535,0.020959537,0.10918173,0.069893524,0.14811641,0.10958063,-0.008727848,0.09846468,0.112523645,0.014210481,0.22612278,-0.0045150104,0.106171474,0.34161207,-0.010279953,0.07593195,-0.0074560805,-0.0064655873,-0.0019295908,-0.007513549,-0.0011090379,0.26348546,0.03790433,-0.009999352,-0.01011805,0.06437752,0.10243969,0.06188187,0.24181244,0.0031112097,0.0026970878,0.41459835,0.041540474,0.684346,-0.010169058,0.30581886,0.81958914,0.29445648,0.1513093,0.26294994,0.04799895,-0.010738733,-0.009221864,0.2429541,0.072113454,0.06984292,-0.010508204,0.21534334,-0.01753438,-0.0079926895,0.14530617,0.8014609,0.121414825,0.115078315,0.16582498
TCGA-BH-A1EV,-0.0010357696,-0.010100995,0.7689222,-0.0019295331,-0.007637035,0.5537216,-0.02445477,0.19279708,0.05088893,0.040934958,0.02842908,0.18462454,0.13452871,0.17281742,0.16656905,-0.014456391,0.17529689,0.21024245,0.12344477,0.2651568,-0.009691177,0.09354314,0.39750007,-0.009756284,0.026148114,-0.0040949676,-0.01564768,0.06308159,-0.0017849092,0.021285888,0.40068936,0.23444162,-0.009529776,-0.008753925,-0.0009738598,0.1481204,0.0780182,0.17489487,0.01547049,0.022179045,0.39111683,0.017605009,0.66819143,-0.020787416,0.30192575,0.8934733,0.20427728,0.18575823,0.05520989,0.08048406,-0.011776745,-0.0139411865,0.28084695,0.086574554,0.16700305,-0.025612602,0.21714647,-0.011810957,-0.0014216924,0.14209971,0.8595719,0.29038742,0.011743955,0.21868367
TCGA-BH-A1EW,-0.0050478578,-0.005390389,0.6297821,0.017797511,-0.008163708,0.38282126,-0.021978315,0.14700846,-0.00055018923,0.015781946,0.05357034,0.1488198,0.08481206,0.17422402,0.11856859,-0.005010962,0.13900702,0.089459516,0.030042022,0.12827392,-0.005473585,0.10579193,0.2770338,-0.012911438,0.106637,-0.0031534736,-0.011094513,0.017037887,-0.0059264726,-0.0024802175,0.2507094,0.07188782,-0.013846544,-0.012573852,0.07612788,0.07395667,0.034254894,0.14151022,0.0071693882,-0.0036365837,0.38685414,0.07445812,0.6026406,-0.008044063,0.22593689,0.7174183,0.25621757,0.18534198,0.19026968,0.09274735,-0.011472584,-0.0113361655,0.22965127,0.056114823,0.07628897,-0.0051967525,0.19309908,-0.011020628,-0.0076621966,0.18915829,0.69729644,0.17363402,0.06934574,0.13409364
TCGA-BH-A1EX,-0.008766245,-0.009496297,0.68107206,0.05539688,-0.010346208,0.39396128,-0.025633845,0.10077338,0.030960187,0.033544682,0.09727737,0.057846855,-0.0003764894,0.17207007,0.119992875,-0.012823778,0.10954127,0.0952048,-0.0031051778,0.1325052,-0.012391196,0.11590338,0.3074687,-0.015872324,0.23319109,-0.0031594783,-0.0072913277,0.14191061,-0.004887858,-0.0031362183,0.4617604,0.083599105,-0.008554606,-0.014459564,0.020705529,0.11778243,0.1399441,0.119221926,-0.012060198,-0.0064868666,0.35245457,0.044379987,0.49921596,-0.007829956,0.20562688,0.69918317,0.33989626,0.18342972,0.12143905,0.11607618,-0.0064948327,-0.003397951,0.2704458,-0.002786697,0.07805259,-0.0065792347,0.3203388,-0.0136362165,-0.0026723647,0.060223795,0.7241024,0.19439995,0.25125048,0.043076098
TCGA-BH-A1EY,-0.0035257253,-0.01095901,0.7423698,0.09215678,-0.005149742,0.2969311,-0.021481955,-0.0054688603,-0.0035128077,-0.0011051707,0.16193911,0.18355034,-0.0046827663,0.06332743,0.075996086,-0.0049306503,0.065963306,0.026094275,-0.009301538,0.13284053,-0.0067088204,0.11318216,0.23358718,-0.005047348,0.36242992,-0.0049803234,-0.0065999376,0.18964012,-0.008155006,-0.013943675,0.27581146,0.11770366,-0.009719366,-0.0063390704,0.096245855,0.06358865,0.015150342,0.1497033,-0.0011905018,0.006559655,0.38617405,-0.00026911014,0.60798466,-0.008670422,0.26084188,0.809774,0.38185918,0.109561056,0.16655086,0.13680878,-0.0056714835,-0.016363716,0.3039127,-0.0021711288,0.091848746,-0.013803887,0.29234475,-0.009715623,-0.011025851,0.14982033,0.6908582,0.051056292,0.043296736,-0.001019422
TCGA-BH-A1F0,0.061862174,-0.0010946247,0.8777406,0.12614377,-0.006390291,0.53911746,-0.035518955,0.16544268,0.040644497,0.11195372,0.011264797,0.22244713,0.08435679,0.1748656,0.13755727,-0.012875575,0.29449072,0.06787957,-0.0027478517,0.3399753,-0.009594288,0.12884372,0.44877756,-0.018485658,0.17783606,-0.008502255,-0.0045699715,-0.0025230222,-0.011226786,-0.0008001192,0.44825655,0.10730693,-0.013220945,-0.017244888,0.036713663,0.11654574,0.11588394,0.21821232,0.03899911,0.024676256,0.5950884,0.085124165,0.827998,-0.010999652,0.25461394,1.0258566,0.3564822,0.1842346,0.16169399,0.10738487,-0.016625395,-0.00825685,0.2627704,0.04153856,0.08110095,-0.011636242,0.22856262,-0.016712887,-0.013762812,0.2027476,1.0333014,0.058105588,0.19859144,0.29742217
TCGA-BH-A1F2,-0.0047494303,-0.007766418,0.6525038,-0.0042726616,-0.005572001,0.42163643,-0.019196749,0.17886312,0.024092836,0.053223766,0.015277345,0.15131645,0.13206038,0.15441176,0.170302,-0.005793343,0.1019398,0.1139407,-0.0030672697,0.22778456,-0.007800074,0.07882631,0.35035923,-0.009679603,0.007686261,-0.0038699761,-0.010735215,-0.0025034086,-0.002934762,0.032718245,0.2888222,0.13795672,-0.0082068695,-0.008551705,0.07404795,0.08736025,0.1241474,0.17422451,-0.007025464,0.0044065267,0.35811308,0.0662168,0.58655185,-0.011289786,0.23364952,0.72242415,0.17410454,0.16680454,0.16641128,0.051924177,-0.0075270096,-0.012800229,0.22903827,0.07834598,0.052215785,-0.012280508,0.22817047,-0.00984554,-0.009191018,0.17718978,0.7151874,0.10848218,0.21333489,0.20845567
TCGA-BH-A1F5,-0.004787642,-0.010884601,0.5965815,0.101195484,0.016591202,0.46912983,-0.022696804,-0.0004036255,0.02282505,0.048756458,0.04732516,0.0971169,0.056490604,0.121863365,0.12715447,-0.0041934005,0.03265737,0.090564325,-0.005048231,0.029182281,-0.009893922,0.041372545,0.2901265,-0.0038241663,0.20863207,-0.008516129,-0.013203918,0.044674158,-0.010658668,-0.0045117894,0.25946262,-0.0004353324,-0.0052018124,-0.009366216,0.07410559,0.060176436,0.04688719,0.25329766,0.076429315,-0.00036953986,0.36053902,0.0106572695,0.56459427,0.026062276,0.33233875,0.6699976,0.4099055,0.2525491,0.17824171,0.03872306,-0.014583709,-0.009342067,0.29168272,0.09526178,0.041685537,-0.01954491,0.28211987,-0.022502383,-0.004665937,0.11437499,0.6135437,0.18289107,0.106689155,0.03503646
TCGA-BH-A1F6,-0.006860008,-0.0034530603,0.6634367,0.08987354,-0.011343676,0.40866926,-0.027170796,0.0838361,-0.0046580164,0.055886224,0.041596647,0.1662969,0.09069733,0.20750357,0.08712285,-0.013906965,0.10291989,0.074578285,-0.00086111575,0.30923998,-0.00030724128,0.052255176,0.30508444,-0.006402752,0.22848065,-0.009237769,-0.010118936,0.08552361,-0.0030569471,0.06262666,0.37938797,0.17558515,-0.014888284,-0.009670006,0.24408327,0.08534555,0.04441309,0.1630393,0.038964227,-0.00038448125,0.3474891,0.035703357,0.6158505,-0.0057780235,0.23076524,0.74805903,0.37654948,0.17629421,0.1577805,0.06535027,0.010994762,-0.010685839,0.24915424,0.029539233,0.07462394,-0.003927076,0.27988133,-0.020096479,-0.0036991586,0.15764682,0.73253626,0.080299966,0.27595568,0.18233316
TCGA-BH-A1FB,-0.0077271536,-0.00914663,0.5879218,0.004770167,-0.0020538797,0.4127709,-0.024214407,0.095185906,0.012326479,0.0462541,-0.0012052872,0.13943791,0.12198827,0.11226078,0.10012925,-0.005729614,0.07055772,0.16379812,-0.0032731995,0.13226365,-0.002859507,0.05041507,0.31222296,-0.006835015,-0.0010151472,-0.004730519,-0.011991761,0.0018650293,-0.006538046,0.027063858,0.22676472,0.08721276,-0.0121394,-0.007867175,0.07258416,0.05694208,0.08997324,0.2145513,-0.0038157261,-0.0012378268,0.28647333,0.027217837,0.5560636,-0.006222833,0.2000902,0.6438822,0.26061377,0.16927843,0.23166312,0.042390853,-0.012073594,-0.012961146,0.1701144,0.084981486,0.051721722,-0.007062781,0.23345742,-0.01629578,-0.0064404607,0.12265745,0.6826695,0.07545114,0.11001311,0.13830948
TCGA-BH-A1FC,-0.0070749666,-0.004636216,1.0056739,0.1582701,0.022495272,0.5173454,-0.02873368,0.051133096,0.08886874,0.08321811,0.0062468015,0.1460551,0.039989684,0.2323327,0.13822785,-0.018000333,0.17266375,-0.0018333009,0.13456625,0.11663842,-0.0022700573,0.07805709,0.5909297,-0.026199592,0.4835981,0.025421571,-0.010556097,0.0449364,-0.0024451264,-0.004604358,0.49297708,0.24131241,-0.022716152,-0.015902048,0.13879202,0.16382074,0.2192094,0.22331119,0.20456369,0.032653518,0.5183535,0.06351057,0.8039992,-0.010998094,0.14564493,1.1480715,0.5317186,0.2563448,0.16942514,0.11520877,-0.008122571,-0.015530506,0.48226815,0.103867054,0.1277127,-0.009328717,0.31755018,-0.022060212,-0.00028364384,0.16470227,1.0912656,0.16326055,0.2936909,0.2802866
TCGA-BH-A1FD,-0.0028295522,-0.0040455954,0.6462031,-0.007954538,-0.012279818,0.4535061,-0.027250523,0.31918293,0.0010500774,-0.004972145,-0.00041430406,0.25424466,0.26555872,0.17701463,0.28337002,-0.011895011,0.14308138,0.014624992,-0.006308976,0.38110486,-0.006081064,0.093147576,0.34328595,-0.016984666,-0.0009838376,-0.0028801486,-0.013867455,-0.009401934,-0.0047899904,0.14744607,0.352049,0.29813918,-0.011481201,-0.005960915,0.017499618,0.11786759,0.13932295,0.19972333,-0.014596793,0.014450096,0.4054346,0.06825225,0.5783025,-0.01561313,0.24176532,0.7010448,0.10109849,0.15960065,0.15040688,0.0830032,9.162724e-05,-0.018966699,0.23946807,0.07434125,0.03273548,-0.0053895228,0.1511813,-0.012852988,-0.0086792875,0.19545862,0.6914453,0.25313646,0.2634143,0.3467191
TCGA-BH-A1FE,-0.041569244,-0.005083279,1.1137102,-0.0055232174,0.64776367,0.9398336,-0.029789394,-9.2715774e-05,-0.015738506,0.00033978373,-0.00025866143,-0.0003968414,0.5598502,-0.00821514,0.00093844533,0.12761301,0.21364802,0.5909848,0.021687016,0.6211025,-0.03521162,-0.007965158,0.18219014,-0.017840732,0.008897733,-0.020496923,-0.012574411,-0.0008133173,-0.0041028108,0.12055832,0.31853408,-0.030595237,-0.013929449,-0.043643273,-0.011923959,-0.00044328757,0.38422766,0.13110435,0.42312312,-0.008130722,0.9426309,0.120484605,0.7527576,-0.000476221,0.24091437,0.8939821,0.5355502,0.11949146,0.67774934,-0.010648587,-0.006987667,-0.02715835,0.46582982,0.0008776318,0.09415194,0.43553272,0.32811907,-0.0020545614,-0.0014743609,0.26160738,0.7779855,-0.025993824,0.16876271,0.38474673
TCGA-BH-A1FG,0.011786378,-0.006223318,0.5970716,-0.002189784,-0.0088917315,0.39672402,-0.019797442,0.16863425,0.038220163,-0.0039831097,-0.0002463244,0.20672873,0.12567918,0.15756595,0.23130316,-0.008313981,0.14350751,0.032273002,-0.0019468323,0.19599791,-0.010449047,0.08847,0.35294,-0.011528551,-0.001962519,-0.0026809338,-0.012892151,0.013221506,-0.0020974209,0.093395025,0.32115942,0.21039426,-0.0062693255,-0.009866166,0.016949775,0.053053837,0.13487965,0.23773727,-0.0035920334,0.0016520247,0.3557887,0.065466136,0.52778095,-0.012949981,0.20485568,0.6472013,0.15572175,0.18083271,0.14471231,0.018124972,-0.0071917116,-0.012082205,0.22706762,0.038411,0.016709683,-0.0151906535,0.17512375,-0.013250983,-0.0017666074,0.17820084,0.64174277,0.17660171,0.07627392,0.09289241
TCGA-BH-A1FH,-0.004915192,-0.005298608,0.5029407,0.0028907098,-0.0044246786,0.30748323,-0.020928215,0.15873699,0.002156902,-0.0017893441,-0.0015488531,0.130529,0.1508613,0.13406795,0.12613761,-0.005938192,0.110704914,0.09441661,-0.006330363,0.13890167,-0.0012839331,0.11235483,0.26712278,-0.012883402,-0.0023134802,-0.007178649,-0.008303364,-0.0025720613,-0.005428509,0.053887967,0.20462981,0.060701266,-0.012582335,-0.0051862053,0.10526319,0.05980729,0.06284912,0.13996986,-0.0061332877,0.0021650866,0.26368767,0.05113469,0.4376211,-0.008654818,0.16279449,0.5509938,0.17996544,0.14566384,0.2105627,0.020277824,-0.010475575,-0.010684645,0.12639317,0.083081305,0.038952604,-0.0032636218,0.16710407,-0.0104324315,-0.0050195893,0.18936098,0.6199402,0.08309968,0.101063594,0.1796637
TCGA-BH-A1FJ,-0.0013290505,-0.00777258,0.624747,0.038489755,-0.013957082,0.48104525,-0.026173104,0.07554852,0.061401162,-0.004011627,0.06356388,0.11392081,0.1281033,0.15672114,0.14916521,-0.006087422,0.084794596,0.15380467,-0.00318628,0.19165315,-0.004301847,0.113715306,0.26968604,-0.010354127,0.105019554,-0.0019414863,-0.00818257,-0.00079300813,-0.007025072,0.026815493,0.32850084,0.09223826,-0.014024319,-0.012263899,0.04586545,0.11891037,0.09683962,0.21001863,-0.00078103115,-0.0008222513,0.38385782,0.025268408,0.57475847,-0.013917956,0.25664803,0.7610774,0.24726152,0.11185388,0.11520972,-0.00022786595,-0.013134715,-0.013670573,0.22657487,0.0038455725,0.034504004,-0.012853383,0.23903777,-0.010190125,-0.005737949,0.12203021,0.76549315,0.19511439,0.14130472,0.115133256
TCGA-BH-A1FL,-0.008359695,-0.013902835,0.49737465,0.10213062,-0.0034825148,0.357002,-0.01576678,0.04441884,0.014453225,0.063213825,0.049121276,0.08162877,0.012392011,0.06841214,0.08690767,-0.0063079144,0.10118775,0.13540502,0.017464876,0.11939356,-0.0063911523,0.1154598,0.29925394,-0.008174488,0.0307406,0.027427029,-0.0010385732,0.0121278055,-0.0060470174,-0.008203345,0.22394097,-0.0009081792,-0.006921898,-0.0061492054,0.09267622,0.09237184,0.059335597,0.09467926,0.06899205,-0.006298601,0.3199655,0.03619834,0.531645,-0.0009819757,0.2072596,0.6744516,0.23717907,0.120138,0.26009262,0.03242383,-0.008744064,-0.006588442,0.27907616,0.07954615,0.050659128,-0.011830484,0.22451521,-0.010952366,-0.01020421,0.024654761,0.5760891,0.1977376,0.120777965,0.0703796
TCGA-BH-A1FM,0.020124935,-0.010615131,0.7328542,0.021347683,-0.0073471726,0.4306361,-0.024900904,0.070068225,0.018576927,0.02142489,0.04734786,0.17065415,0.056443483,0.17846245,0.165337,-0.010075461,0.16073877,0.04487198,-0.00014615171,0.24354638,-0.0055484264,0.07575564,0.30960998,-0.011207993,0.17897524,0.019818004,-0.01283464,0.009544922,-0.004750316,0.044956166,0.31512523,0.1667136,-0.016246628,-0.010556041,0.043656345,0.053423617,0.101632446,0.2609689,-3.595818e-05,-0.00035575853,0.3988674,0.026186854,0.6258124,-0.015197649,0.19331625,0.81197,0.23952767,0.14776097,0.061932564,0.08481936,-0.004931564,-0.012675052,0.28226972,0.009836387,0.08245417,-0.014275867,0.223972,-0.015792837,-0.004058591,0.10403046,0.72306377,0.26105303,0.105583996,0.15631403
TCGA-BH-A1FN,-0.0046756673,-0.007555205,0.6470761,0.043578316,-0.009990926,0.40041584,-0.024407273,0.07541682,-0.002832595,0.0032533333,0.0033099838,0.15827078,0.074948296,0.17684145,0.13809922,-0.0117388675,0.10388163,0.08837132,0.05062303,0.17163981,0.0011814777,0.110491395,0.24904238,-0.0118169105,0.16434975,-0.0039068903,-0.011412821,0.03710496,-0.0010162625,-1.41538685e-05,0.2656773,0.1459781,-0.017899955,-0.010375355,0.09177545,0.078193575,0.035014264,0.21751878,0.058367163,-0.0023349617,0.33215246,0.045350842,0.5446733,-0.005980931,0.17340915,0.73864996,0.29206213,0.14867252,0.16134585,0.041667648,-0.014924484,-0.013945693,0.22427341,0.08632612,0.059121154,-0.00034407535,0.22582926,-0.013058411,-0.0034245253,0.17460874,0.75945836,0.15634426,0.058933053,0.1299503
TCGA-BH-A1FR,-0.0027947368,-0.0008329392,0.7548,0.069597125,-0.004680864,0.51166445,-0.028455002,0.06860474,-0.0059675565,0.025458783,-0.0019909702,0.16569225,0.04797647,0.10431236,0.13081825,-0.01009358,0.15460819,0.19252668,-0.002176482,0.23845042,-0.0029679413,0.06912869,0.39928573,-0.009079452,0.08112688,-0.004856548,-0.007738148,-0.0010220491,-0.011242575,0.0408633,0.3749043,0.04155197,-0.018098645,-0.010748193,0.0936259,0.091845766,0.0928999,0.27256978,0.06237963,0.009933561,0.4424799,0.031856034,0.64320695,-0.010773282,0.25244203,0.8440269,0.3065845,0.22475113,0.11941901,0.060431935,-0.006754804,-0.010402969,0.2743857,0.027904911,0.11328956,-0.00960239,0.25700712,-0.01623425,-0.0077060433,0.115223356,0.8003096,0.12485002,0.15286653,0.14237207
TCGA-BH-A1FU,-0.005148663,-0.008255673,0.6002731,-0.0013659652,-0.0034927314,0.4012518,-0.02137792,0.12547055,0.016834486,0.02533444,-0.0020996702,0.14501666,0.11950815,0.13512422,0.09177742,-0.0058835032,0.11150546,0.10930467,-0.0061428044,0.17048253,-0.005455763,0.08516078,0.28231758,-0.012008138,0.038331766,-0.005350375,-0.010932907,-0.00030278825,-0.007694109,-0.00015620775,0.23949264,0.112410605,-0.012639596,-0.007329093,0.04356594,0.03623382,0.051295713,0.1951189,-0.0049802996,-0.00050128106,0.29268917,0.0502967,0.5508633,-0.0073938626,0.19524571,0.6513585,0.21971074,0.15407327,0.18715017,0.04374771,-0.011212852,-0.011248439,0.18189481,0.09457211,0.05759462,-0.005005225,0.22480482,-0.014479269,-0.008197595,0.14478366,0.70855075,0.11349033,0.0780569,0.17327322
TCGA-BH-A201,-0.005392703,-0.006274578,0.5754364,-7.9787154e-05,-0.0048059397,0.43403786,-0.02498726,0.05489424,0.0016933568,0.05017431,0.014389116,0.1794922,0.027758613,0.049159154,0.022211831,-0.008344506,0.1270473,0.13749406,-0.0045847716,0.18224165,-0.0097032515,0.045179255,0.34368664,-0.01179855,0.048379917,-0.0051749446,-0.008916305,0.007755775,-0.0075638406,-0.0024957452,0.3144353,0.024471022,-0.004471565,-0.011947907,0.036267642,0.011574488,0.07669634,0.22076285,0.007846873,-0.0034291283,0.3107687,0.06560464,0.552933,-0.005759109,0.24878281,0.6577176,0.2933212,0.17850587,0.17286508,0.006194286,-0.0068433955,-0.00365091,0.23845336,0.041247696,0.08818097,-0.008119449,0.23960204,-0.014309636,-0.0051728925,0.12269622,0.72073394,0.1401625,0.08924058,0.12194562
TCGA-BH-A202,0.046986815,-0.0064879744,0.6236021,0.028135862,-0.0056183003,0.45594442,-0.029451802,0.05064705,-0.0044254703,0.009736236,0.052804083,0.14991045,0.007592939,-0.0020378076,0.025364766,-0.0061412393,0.18977594,0.041561738,-0.0077138753,0.13426007,-0.009434171,0.08572649,0.38028637,-0.010892204,0.3267101,0.022667162,-0.0086360965,0.08718811,-0.010452643,-0.004208875,0.35092363,0.083236426,-0.009776167,-0.010042361,0.0807678,0.018640187,0.09037293,0.114840455,0.006897278,-0.0042656297,0.35395077,-0.0021859629,0.5488043,-0.007852357,0.27644193,0.7495652,0.37232536,0.17376573,0.01328577,-0.0020276944,-0.006998134,-0.0010026187,0.3400105,-0.004930423,0.11970668,-0.009858741,0.38111967,-0.008984329,-0.006416106,0.14344302,0.6817011,0.25475508,0.13376178,0.105095714
TCGA-BH-A203,-0.0071771736,-0.00585696,0.674311,-0.000992268,-0.0070253746,0.44204473,-0.024307067,0.1377621,-0.0069022565,0.04689017,-0.0017331988,0.15695016,0.08647307,0.1072273,0.13484213,-0.009468089,0.11401877,0.15511839,0.012368884,0.22635083,-7.602703e-05,0.054626785,0.31631812,-0.015516271,0.037851762,-0.013167334,-0.009276072,0.043888275,-0.002437772,0.050272163,0.21607566,0.21717907,-0.012279382,-0.0089778295,0.14069074,0.040928233,0.07122089,0.23611283,0.032690696,0.05584713,0.34977895,0.10263349,0.663117,-0.0073923306,0.2022246,0.7622601,0.20991617,0.18607667,0.1521746,0.100381546,-0.00087105634,-0.00803222,0.27403754,0.057456076,0.097660884,-0.004567639,0.17325887,-0.008311219,-0.005785953,0.12785429,0.76190466,0.14223433,0.17293903,0.25955153
TCGA-BH-A204,0.064913005,-0.010117541,0.88066894,0.014223877,-0.010637741,0.6418442,-0.027744005,0.17287268,0.07006833,-0.0006958254,-0.004012547,0.31816128,0.14624816,0.07709445,0.21106753,-0.0126146125,0.1687824,0.01082897,0.006881818,0.43783352,-0.0077481256,0.18281381,0.43360087,-0.009455885,0.11816427,-0.0041017984,-0.0051599783,-0.0018690709,-0.006613407,0.043004032,0.39000174,0.24218297,-0.0050188107,-0.021654107,-0.0007564034,0.23033705,0.13156173,0.2346783,-0.008607796,0.02079025,0.58905435,0.046219602,0.81064254,-0.011506368,0.4157985,0.9791626,0.1991182,0.14870341,0.102990575,0.11677813,-0.009238526,-0.01148858,0.3300848,-0.0022016081,0.0404045,-0.018091667,0.19763114,-0.014911494,-0.014784311,0.17693734,0.8945562,0.2497744,0.21631527,0.30857944
TCGA-BH-A208,-0.0054629925,-0.010694652,0.61872375,-0.0010643669,-0.0046317824,0.44886777,-0.025101567,0.066138685,0.0042845123,0.03018438,-0.0007614721,0.1751078,0.07714623,0.108903795,0.011647418,-0.007928683,0.12569113,0.14202447,-0.00024454744,0.16043964,-0.0046157236,0.03035878,0.36370844,-0.01067233,-0.0018580109,-0.002931005,-0.008140861,-0.0024220913,-0.004009294,-0.0047864183,0.27017277,0.08922416,-0.009867883,-0.008909038,0.050249565,0.06359111,0.08743393,0.19514468,0.026346732,-0.0034801946,0.29020807,0.09861295,0.591657,-0.008798526,0.1977599,0.6978987,0.28244072,0.14390102,0.13845664,0.07429046,-0.010297882,-0.006845671,0.22047174,0.05464799,0.07932148,-0.010309741,0.22025456,-0.016621538,-0.0069748512,0.10550267,0.71658456,0.11989175,0.13340235,0.2033424
TCGA-BH-A209,0.047439456,-0.0051024114,0.8603366,0.053157162,-0.0076472173,0.545247,-0.03111335,0.06384671,0.022855751,0.032743216,-0.006455225,0.24619928,0.11051718,0.12656939,0.04917441,-0.015975064,0.26183048,-0.0012742894,-0.005471229,0.30606452,-0.0022222043,0.20230392,0.4286565,-0.015318516,0.27753714,-0.0050223544,-0.0065329405,-0.0018049285,-0.015672946,0.05207671,0.33812463,0.14582148,-0.017253308,-0.0136248795,0.016224682,0.02574104,0.13554582,0.22154133,-0.0054406556,0.024999075,0.5643625,0.15085176,0.7084043,-0.019180002,0.282958,0.9949226,0.3908805,0.17864612,0.13421507,0.19968551,-0.015282586,-0.012452419,0.32950598,0.054392636,0.043444924,-0.0134580005,0.20806094,-0.020189468,-0.016643932,0.1956631,0.8973482,0.08723114,0.13577922,0.306857
TCGA-BH-A28O,-0.009233653,-0.009855792,0.5876638,0.04968592,-0.0020437697,0.39216566,-0.02081081,0.14907004,0.060149677,0.10681112,0.024949066,0.09129687,0.099848464,0.11698426,0.040148683,-0.0027985685,0.084892154,0.26461503,0.033577673,0.06895889,-0.008392794,0.003966814,0.34091184,-0.009957971,-0.0075012133,-0.007018295,-0.0076487917,0.009378016,-0.0020156833,-0.0038129257,0.19746293,0.077865794,-0.0070499643,-0.007557818,0.1768422,0.02587426,0.061219558,0.16727248,0.09188986,-0.004223389,0.26320568,0.015198976,0.62857366,-0.0069044675,0.18632391,0.7202615,0.27928853,0.18001568,0.25657246,0.058235317,-0.011243622,-0.009640368,0.17239228,0.079152554,0.10415123,-0.002901797,0.22042592,-0.016372036,-0.0024856182,0.1493509,0.68228954,-0.00023070797,0.11268082,0.12957042
TCGA-BH-A28Q,-0.007686215,-0.009681175,0.38017976,0.10367997,-0.005411709,0.26982436,-0.0163427,0.05392416,0.015625011,0.09306392,0.107023805,0.06486801,0.044051945,0.10011928,0.0684883,-0.0059405575,-0.00085174927,0.1074633,0.058114894,0.007039886,-0.005144012,0.0663578,0.17352355,-0.0058021634,-0.0011212107,-0.009886761,-0.005931292,0.045311775,-0.0064813825,-0.0062368657,0.12596965,-0.0023691244,-0.0035731208,-0.0073031946,0.13080019,0.004916236,0.0045299046,0.15560946,0.0719187,-0.005521841,0.25018942,0.015725438,0.4252754,0.0787614,0.17565674,0.4433731,0.21639264,0.12063897,0.2090437,0.0057958253,-0.007173326,-0.007387373,0.17630178,0.029181467,0.081022255,0.007254674,0.18175092,-0.009536082,-0.004069848,0.087414935,0.49244964,0.1463145,0.032803427,-0.0035146947
TCGA-BH-A2L8,-0.010435968,-0.009041585,0.47864038,0.098609164,0.007781541,0.3467493,-0.020393342,0.12012628,0.05504162,0.11747001,0.047334857,0.06187958,0.057538792,0.09259843,0.059449412,-0.001411745,0.020788206,0.18042555,0.024260286,-0.002800333,-0.009499084,0.09100045,0.28646237,-0.008518505,0.095571,-0.0076935017,-0.009852963,0.027258325,-0.0065915966,-0.0056250296,0.17199731,0.092650265,-0.00213946,-0.009569766,0.13571101,0.00053428486,0.046910107,0.16244507,0.023412045,-0.010018381,0.26218888,0.005152952,0.5587113,0.050627574,0.18031701,0.5924865,0.28853184,0.22250444,0.25253102,-0.00055427215,-0.009605163,-0.008877706,0.21362019,0.056126185,0.10249465,0.019453332,0.23737611,-0.013009145,-0.00034363667,0.14409512,0.60256153,0.0009662509,0.0617483,0.04284209
TCGA-BH-A42T,-0.010056624,-0.0017071497,0.36092916,-0.004435249,0.033618636,0.32862833,-0.011514637,-0.0006910447,0.015413322,0.08552818,-0.0019791815,0.06373152,0.02629088,-0.0066372813,0.023932647,-0.008666492,0.10977012,0.088302225,-0.0052244924,0.12087722,-0.0051902495,0.14984764,0.11565166,-0.0020834047,0.16021408,-0.012604709,0.0030206097,0.06850178,-0.0012398226,-0.008135813,0.17012024,0.016854603,-0.010557837,-0.0054555703,0.20077589,-0.0011328999,0.03132585,0.11632877,0.060538866,-0.0061266953,0.124629125,-0.0016824317,0.49231726,0.0471015,0.1262481,0.5284606,0.22643897,0.16970688,0.07978166,-0.0035394821,-0.0066240146,-0.0069366875,0.13830428,0.01704234,0.12994769,-0.008163091,0.2824727,-0.007938715,-0.001338051,0.0956017,0.55642265,0.05057625,0.07199064,0.006802872
TCGA-BH-A42U,-0.0077458434,-0.008690755,0.5115644,-0.00079414586,0.01488865,0.30353472,-0.023263162,0.11343734,0.042377017,0.07812223,-4.2971224e-05,0.107326,0.068418965,0.078911774,0.043447323,-0.0043167165,0.13250251,0.1949314,-0.004694074,0.106197104,-0.0038437047,0.048513778,0.31492713,-0.01187093,-0.0054118796,-0.0060094967,-0.004869079,-0.0007599898,-0.0070602098,0.0061360076,0.25536114,0.074236155,-0.010663246,-0.008257565,0.16657832,-0.0021660018,0.060512617,0.17784049,0.024213243,-0.0056439876,0.25094566,0.026063133,0.4743006,-0.0069426023,0.14142355,0.5944706,0.22669977,0.15624984,0.21884434,-0.00078820623,-0.006730653,-0.009485143,0.1363113,0.02194303,0.08092553,-0.0039493847,0.1991206,-0.015505083,-0.006692055,0.12793016,0.65851444,0.017203208,0.06431244,0.09880458
TCGA-BH-A42V,-0.011794698,-0.0044638827,0.49679482,0.06507352,0.035441436,0.33768162,-0.018428167,0.09512269,0.03720348,0.073054075,0.027725838,0.09113985,0.058989935,0.11218007,0.03464435,-0.0041194344,0.09149571,0.18037444,-0.0017194257,0.10665575,-0.0038937777,0.0864889,0.2989499,-0.008845617,-0.0056942566,-0.0100009935,-0.007054684,0.0101681985,-0.005642593,-0.003319374,0.19546023,0.007527707,-0.004148451,-0.0097554345,0.17737895,0.0149885565,0.041633382,0.14226282,0.041515633,-0.002799124,0.25043777,0.005224848,0.50828403,-0.00042635054,0.18753788,0.5849379,0.25212717,0.18815057,0.23232123,0.00689511,-0.011349011,-0.0072755152,0.16182357,0.045179084,0.07726858,-0.004553898,0.2310219,-0.010538745,-0.00363819,0.1257369,0.64355487,5.7969242e-05,0.076903656,0.078587264
TCGA-BH-A5IZ,-0.010650146,-0.0026882393,0.6243011,0.049778324,-0.010656129,0.41472,-0.02325443,-0.0006524183,-0.006482144,0.111231044,0.13051644,0.072227046,-0.007373047,0.22524697,-0.004101599,-0.009333518,0.05697173,0.028263332,-0.00874694,0.1575021,0.06618983,0.17352329,0.17081895,-0.0115503585,0.222347,-0.019177025,-0.008554077,0.1913898,-0.008239642,0.014143657,0.2995051,0.20421441,-0.011021871,-0.015076107,0.32526433,-0.014535389,-0.00013076105,0.27801082,0.13465029,-9.551719e-05,0.25141674,-0.0026757827,0.48456216,0.07761441,0.30201137,0.5837234,0.3278425,0.23179851,0.0985225,0.006468311,-0.008760572,-0.010150199,0.24675697,0.008541821,0.051639214,0.026245192,0.33233276,-0.014832201,-0.0074932575,0.07898294,0.64748305,0.025829978,0.066466436,0.021685228
TCGA-BH-A5J0,-0.010645702,-0.0048923376,0.428419,-0.0013442461,0.031723432,0.31544593,-0.016553786,0.07188901,-0.00077197666,0.06312303,0.009570822,0.055093583,0.03387446,0.062749356,0.032699734,-0.0012036331,0.06308246,0.17051576,-0.007913935,0.08506808,0.0011551045,0.0686896,0.28071246,-0.005908968,0.05546573,-0.007950353,-0.011829904,0.08252084,-0.0025745567,0.047165867,0.28720844,0.04604699,-0.00568324,-0.004611424,0.17357862,-0.006186204,0.03951442,0.17037588,0.025940008,-0.0041968836,0.19515987,-0.0006384626,0.4345764,0.06411993,0.17498145,0.51206183,0.25237823,0.17179945,0.1556768,-0.0023906422,-0.0053456794,-0.004440822,0.1916025,0.010738373,0.05534658,-0.0041014226,0.25846207,-0.0095755635,-0.003727739,0.12858331,0.55439687,0.05771014,0.042522307,0.03675606
TCGA-BH-A6R8,-0.0028756482,-0.004434676,0.45873165,0.10441187,0.03118453,0.34779134,-0.019816754,-0.002807669,-0.003724811,-0.00085473026,0.12240383,0.15752065,0.021349076,0.079882614,0.053922974,-0.0044546695,0.0381578,0.13058142,-0.00027375744,0.018043,-0.0067963907,0.039533593,0.21511166,-0.012146073,0.1627132,-0.005071066,0.014342948,0.122575596,-0.010461742,-0.003633416,0.20212686,0.018324776,-0.008137261,-0.0065291882,0.021336582,0.026665773,0.08360889,0.17696004,0.021940917,-0.002363141,0.25050202,-0.0019131907,0.40910563,0.086106695,0.18643685,0.43493268,0.2703753,0.16793929,0.13840996,0.049670316,-0.007508927,-0.008264778,0.21616945,0.034342192,0.150609,0.00014913175,0.30520913,-0.015315029,-0.0005706067,0.10041797,0.43306428,0.030181337,0.030110437,-0.0013421312
TCGA-BH-A6R9,-0.01096813,-0.0021997055,0.37230006,0.0043948554,-0.0023718493,0.2212607,-0.015553653,0.09214341,0.036128514,0.019296452,0.007625852,0.07555091,0.088310435,-0.0014736698,0.030067464,-0.002011662,0.032741018,0.1368463,-0.008045362,0.07244229,-0.007476464,0.01136392,0.2085742,-0.006221258,0.051870506,-0.009018537,-0.0096345795,0.026710682,-0.0041287052,0.021111816,0.22619964,0.03358575,-0.005790621,-0.0031356064,0.101151764,-0.008255982,0.048322238,0.14165522,-0.0010045905,-0.0024636672,0.19849685,-0.00030468666,0.38969758,0.00094695017,0.11225194,0.42394334,0.23156747,0.18490592,0.112882055,-0.0009241067,-0.00419042,-0.0136360405,0.08912823,0.00797989,0.0664442,-0.0039911824,0.16006844,-0.011213823,-0.0065003666,0.16597083,0.5137853,0.018509869,0.056579325,0.11355643
TCGA-BH-A8FY,-0.0075533628,-0.008619807,0.5853371,0.19756459,-0.004644566,0.4239837,-0.008976327,0.04307673,0.040304683,0.08033489,0.19856286,0.013733979,-0.0065361275,0.17392862,0.09468821,-0.007093376,-0.0069285184,0.24362276,-0.00067986123,0.050305005,-0.009531225,0.13289125,0.19424593,0.0014228933,0.034672167,-0.009814294,-0.0042317426,0.110551625,-0.0031335098,-0.012299626,0.2173243,-0.005663517,-0.00093643146,-0.0168555,0.21165276,0.08507079,-0.007260458,0.20010519,0.113003686,-0.0014702954,0.42661318,0.018608317,0.60981435,0.092796504,0.36831152,0.67492104,0.33837274,0.18238495,0.29286376,0.03312798,-0.01372005,-0.005254882,0.3184042,0.02128593,0.124712326,-0.008156838,0.30752736,-0.012329998,-0.002665372,0.07152688,0.6562035,0.27016056,0.006388612,0.013973206
TCGA-BH-A8FZ,-0.0060601993,-0.008301611,0.34752253,0.024688851,0.023645585,0.28375843,-0.017180866,0.06662087,0.038651094,0.09318684,0.037646435,0.108552575,0.050344676,0.025513299,0.05346569,-0.0020922874,0.029159678,0.12553087,-0.0023187858,-0.0033273236,-0.0070375274,0.023162134,0.29157576,-0.0067327246,-0.0008852046,-0.0070426776,-0.0067165545,0.0662844,-0.004101659,0.007200662,0.1563929,0.051077507,-0.004279852,-0.0030870815,0.13980556,-0.0031675813,0.03727413,0.1327842,0.018674083,-0.005448542,0.19286583,-0.0026370932,0.38881645,0.039968275,0.15341721,0.4273734,0.18528974,0.15943378,0.19037178,-0.0004773438,-0.006640158,-0.0075066383,0.13737375,0.046446778,0.067089565,-0.0009380269,0.2188875,-0.012292768,-0.0054530776,0.11701632,0.5061187,-0.0005598191,0.076550275,0.013364464
TCGA-BH-A8G0,-0.0070526614,-0.0056669093,0.40524814,0.039078403,0.017222302,0.26194772,-0.018949458,0.06776243,-0.00054469745,0.04936167,0.012670033,0.11147401,0.08277636,0.0016811909,0.06565883,-0.0015822016,0.06698017,0.12832491,-0.0054773022,0.043795366,-0.0068874652,-8.706339e-05,0.2498763,-0.0076824264,-0.0049463026,-0.007878931,-0.009191612,0.00071116537,-0.004966746,0.004075423,0.18782271,0.06658141,-0.0068410607,-0.0030172986,0.112009585,-0.0050732484,0.05788549,0.16414587,0.0054844134,-0.0017020282,0.20258749,-0.00052163826,0.3651974,-0.0024149888,0.13240995,0.448079,0.19698027,0.17427565,0.17251495,-0.00050288666,-0.0054387036,-0.0076302015,0.10751803,0.042070694,0.077726625,-0.0020477741,0.15680106,-0.011715767,-0.0052754227,0.1345389,0.4981048,0.059492074,0.024321597,0.06181331
TCGA-BH-AB28,-0.009187902,-0.009424894,0.34942082,0.05690136,-0.0012362711,0.2532794,-0.014432564,0.037791714,0.052034028,0.060454354,0.027598372,0.04403394,0.08185021,0.038041897,0.061735258,-0.0041540437,0.025471568,0.14089134,-0.005118109,0.010380626,-0.003909867,0.045819566,0.18408205,-0.004547063,-0.00010964237,-0.00923597,-0.005780865,0.05346444,-0.003925998,-0.002627662,0.16571319,0.042468183,-0.0011758324,-0.0032360759,0.14221558,-0.0030004268,0.022575147,0.1484184,0.044440478,-0.002331759,0.20178235,-0.003744289,0.35365102,0.03172739,0.15612836,0.42234695,0.20791593,0.14484198,0.14155029,0.0315449,-0.0076420465,-0.0084986705,0.140412,0.03693583,0.05867166,-0.0035241432,0.17662783,-0.012571177,-0.0026619374,0.10076801,0.47800678,0.07878068,0.05393685,0.032239497
TCGA-C8-A1HE,-0.0056972923,-0.01048107,0.6137519,0.10255398,-0.0025731528,0.4274695,-0.01879358,0.017214302,0.009795096,0.087948635,0.15142411,0.05308796,0.026283022,0.104698,0.106099755,-0.009874698,0.045957513,0.19159587,-0.0028408754,0.18328202,-0.013748795,0.13929282,0.32696584,-0.007885783,0.21896525,0.02283385,-0.0010167127,0.10016386,-0.0058101816,-0.010414153,0.2636891,-0.0027930308,-0.009774973,-0.011421411,0.09590194,0.14619935,0.062336378,0.19879451,0.07940907,-0.0038661414,0.46994862,-0.0027110854,0.6255638,0.013328521,0.33068544,0.79662764,0.3095257,0.14581522,0.2035103,0.07303905,-0.009172782,-0.010166482,0.3035018,-0.0039888434,0.111482136,-0.017224414,0.2435689,-0.01129794,-0.009364778,-0.00018632264,0.73660415,0.26272362,0.10648224,0.02983816
TCGA-C8-A1HF,0.09687953,-0.0019300844,0.8932046,0.08851135,-0.018242357,0.630874,-0.032541927,0.04067272,-0.0082643395,0.17608485,0.15560605,0.052579973,-0.008268443,0.13914996,0.091892906,-0.009792018,0.018720929,0.35199755,-0.006416544,0.23556037,-0.0107540665,0.087515324,0.2946369,0.016419481,0.47179145,0.037566103,-0.0009643865,0.2372001,-0.013439666,-0.0052510765,0.3812453,0.13175398,-0.009404487,-0.02318923,0.12216316,0.027905133,-0.019500047,0.16583738,0.15123059,-0.0035046253,0.5274679,0.028317392,0.8364266,-0.01068065,0.39945608,1.0127206,0.39456153,0.15130168,0.1873515,-0.004804831,-0.015638655,0.043812998,0.37467048,0.032003663,0.18834077,-0.009034592,0.54301256,-0.024706999,-0.011640778,0.07777695,0.983738,0.4079772,-0.0068097026,0.04222834
TCGA-C8-A1HG,0.008695203,-0.008636305,0.9350656,0.40792045,0.044695638,0.5990637,-0.031402804,-0.010315316,-0.005187958,0.17710356,0.219841,0.19526061,-0.015793016,0.27750832,0.06855327,-0.009938597,0.14421749,0.19131328,0.11054661,0.23141022,-0.0066006477,0.058641825,0.3000212,-0.011368531,0.6272234,-0.0036916086,-0.003489519,0.20927747,-0.011748531,-0.01998742,0.40494624,0.14478815,-0.024222666,-0.018734379,0.12840487,0.25832033,0.11057724,0.26521394,0.15845752,-0.002362255,0.7066593,0.11538465,0.9142877,-0.0083742505,0.3593063,1.0880817,0.46086878,0.041348394,0.18303831,0.13225016,-0.019784043,-0.0048680655,0.38529894,-0.0072487304,-0.00010161791,-0.015894737,0.48953685,-0.030763173,-0.0012853163,0.14165705,1.1785148,0.29350656,0.0054447595,0.07046361
TCGA-C8-A1HI,-0.0030274782,-0.012262291,0.5198645,0.0478384,-0.007323795,0.32341078,-0.014662072,0.05585976,0.014111679,-0.00023160056,0.07868588,0.06714889,-0.003811342,0.046923675,0.05134655,-0.0058577405,0.040495105,0.079836994,-0.005161101,0.10917121,-0.010535606,0.10265897,0.25391725,-0.010097304,0.2038313,0.0053169616,-0.003232633,0.0505345,-0.0034161245,-0.0084776,0.25630575,0.027532727,-0.008891671,-0.0057932404,0.044909466,0.01101603,0.04253429,0.15610966,0.030910097,-0.0011298355,0.31605676,0.014234486,0.46803862,-0.004718505,0.2699333,0.6339029,0.2260578,0.1286633,0.12005998,0.031980023,-0.014086795,-0.010663166,0.25287223,0.011736635,-0.0010982476,-0.010564613,0.2697091,-0.0055291457,-0.006865213,0.12533224,0.6271652,0.18098387,0.040879633,0.07140577
TCGA-C8-A1HK,0.10237399,-0.016186401,0.9094468,-0.008190191,-0.006352126,0.5971181,-0.02912621,0.002920039,0.06535902,0.017338023,0.14057605,0.16117533,0.0065042116,0.33114424,0.09746499,-0.0024391264,0.16163678,0.11102922,-0.01094136,0.14229701,-0.009875095,0.26391938,0.33917445,-0.02129154,0.58104956,-0.0015782599,0.0062272875,0.18768041,0.021042915,-0.02179548,0.377823,0.07066658,-0.012046363,-0.0069905296,0.07328135,0.036898416,0.006071586,0.263232,0.11377598,-0.0035651438,0.43801606,0.12951651,0.6773723,-0.0031029189,0.2055002,0.9077367,0.3808897,0.15606771,0.2181047,0.108202286,-0.021191774,-0.007224824,0.30635092,-0.0068993303,0.20870389,-0.015846195,0.49341297,-0.012902831,-0.015184827,0.14753251,0.7213455,0.2526374,0.106934965,-0.00031184554
TCGA-C8-A1HL,0.0324579,-0.009266841,0.725851,0.13785465,-0.009225091,0.60321414,-0.015537958,0.062922016,0.034363464,0.052554734,0.1332371,0.04852479,0.03727368,0.19229507,0.07049755,-0.0023898866,-0.00051315915,0.19568995,-0.007707453,0.3234527,-0.015460494,0.12599917,0.19448273,-0.005223661,0.23337443,-0.0015478202,-0.008657452,0.15054037,-0.0072732205,-0.012430427,0.37087953,0.06173433,-0.0041687205,-0.009773304,0.11121712,-0.004572088,0.006480947,0.21089204,0.086464934,-0.0077315765,0.41365984,-0.0039444026,0.5946725,-0.0058197784,0.36438078,0.8870189,0.30224952,0.13288683,0.1619398,0.0068722814,-0.02085889,-0.006598762,0.32118088,0.03625612,0.05726731,-0.03007463,0.3540315,-0.012935814,-0.014650962,0.07354821,0.6614219,0.2706136,-7.886477e-05,-0.0020411962
TCGA-C8-A1HM,0.16848227,-0.01470716,0.79187244,0.09978545,-0.0038161285,0.5619016,-0.033594873,0.07115952,0.06480326,0.058105163,0.12948526,0.13694923,-0.008586347,0.08367641,-0.00027802662,-0.009617234,0.14301088,0.25154114,-0.007190332,0.016288076,0.04101994,0.20627296,0.2226509,-0.011746763,0.673196,0.018228494,-0.011720494,0.34431142,-0.011972585,-0.019990483,0.47114432,0.03646149,-0.010253593,-0.024084525,0.098172076,0.007966105,0.0005569793,0.20013279,0.11638793,-0.0020782158,0.48568168,0.071172684,0.6946877,-0.0011326403,0.251582,1.1128328,0.30926043,0.11467424,0.05596225,0.13857085,-0.02992942,-0.0062709614,0.39630622,0.17561539,0.05196295,-0.011730812,0.48557675,-0.005934776,-0.011835656,0.22280905,0.9934741,0.32418513,-0.0026828635,0.113547295
TCGA-C8-A1HN,0.029838022,-0.01584285,0.8056956,0.13972981,-0.0052065486,0.51528174,-0.025800899,0.015039861,-0.0029342007,0.029359676,0.21873629,0.12782544,-0.0107404115,0.15797397,0.112221524,-0.0062641413,0.05972685,0.08088742,0.046142593,0.27917218,-0.009531037,0.20787776,0.34035698,-0.014987329,0.44067222,-0.00042641014,-0.0015493545,0.10590452,-0.0072278343,-0.015550113,0.44186574,0.003986869,-0.010727184,-0.019918634,0.04586624,0.09402698,0.04000933,0.19321778,0.014874563,-0.006356536,0.5736023,-0.0035789856,0.69080883,-0.0012155668,0.36222145,0.8873539,0.28856766,0.029849764,0.15776427,0.1046383,-0.012619862,-0.01189288,0.3689091,-0.00095746614,-0.0016648272,-0.008820946,0.3529399,-0.009321223,-0.013400312,0.08684969,0.88915783,0.30190247,0.06235126,0.039769463
TCGA-C8-A1HO,0.06789836,-0.019025331,1.0054247,0.3569455,-0.008242165,0.67319554,-0.016519962,-0.004449273,0.058603372,0.14442535,0.23981662,0.10920049,-0.010776888,0.34318715,0.10122931,-0.015810795,0.07186258,0.26210275,0.04364618,0.47203833,-0.0061764023,0.19744763,0.32905352,-0.017587868,0.47757614,-0.000631962,0.023608517,0.24226809,-0.007778402,-0.025282746,0.41413152,-0.0039121103,-0.013302723,-0.018326493,0.10147769,0.02838295,0.026927073,0.1971151,0.15165104,-0.009261368,0.68115366,-0.0033899185,0.83138394,-0.0061925086,0.39833152,1.1564147,0.5073027,0.114219576,0.14039142,0.27501598,-0.012571967,-0.009357079,0.43632603,0.14186469,0.078613244,-0.025217662,0.5122692,-0.02785324,-0.012670718,0.10226042,1.0071586,0.4083618,-0.0002809901,-0.007038485
TCGA-C8-A26V,0.01583124,-0.009774098,0.5219049,0.0871107,-0.004448245,0.39998692,-0.018875444,-0.0039487146,0.026403602,0.10051939,0.1725706,0.08641195,-0.017841412,-0.0008120307,0.046659335,-0.005129635,0.06497729,0.13967851,-0.004114932,0.0360306,-0.0085667735,-0.000881578,0.2683582,-0.009618396,0.15345307,-0.0051425844,-0.0062509566,0.11500888,-0.013740062,-0.004763962,0.22607706,-0.005400087,-0.012205402,0.0064187534,0.0849055,0.04592568,-0.012283752,0.17014843,-0.0004072437,-0.0006414555,0.3857983,-0.0041765994,0.6158401,0.0743977,0.3122443,0.6025316,0.21528983,0.19858654,0.1939224,0.09552283,-0.005609563,-0.00343466,0.26579145,0.009390233,0.1286115,-0.0011010723,0.37598562,-0.019291885,-0.0077281506,0.09722638,0.59294003,0.16548148,0.18104428,0.06874123
TCGA-C8-A26W,0.01329423,-0.012815296,0.62323815,-0.0018531751,-0.0032119714,0.41939053,-0.020814223,0.06984234,0.024930459,0.16322501,0.10181467,0.10963625,-0.00543922,0.14091751,0.04418921,-0.009018934,0.03396414,0.20528923,0.04077372,0.044304002,-0.0020876906,0.077208504,0.30015007,-0.01028108,0.16029711,-0.0072904616,-0.0041127196,0.15631227,-0.011316779,-0.006635417,0.2584281,0.08435285,-0.009520881,-0.013528501,0.19697168,0.050083328,-0.0037041095,0.16941461,0.047363043,-0.009576834,0.36268535,0.07555604,0.63529056,0.0046571083,0.2352276,0.7044498,0.22531548,0.15267655,0.24455383,0.073596366,-0.007992151,-0.00504058,0.28747442,0.10774411,0.20760067,0.01355886,0.34515703,-0.01350787,-0.005737208,0.121486664,0.7373412,0.07492277,0.03448848,-0.002010081
TCGA-C8-A26X,-0.001211366,-0.0053003747,0.44946983,0.046961244,-0.0009470675,0.30538622,-0.019530484,0.12876043,0.012603231,0.09603733,0.026183905,0.12913096,0.05921173,0.15347025,0.060389757,-0.005947489,0.061620638,0.08820761,-0.0022454509,0.10778336,-0.0028438994,0.06954487,0.24507341,-0.01085781,0.14052084,-0.0021719371,-0.0035830487,0.12144053,-0.009681066,-0.00012244917,0.24309179,0.22555031,-0.0029038787,-0.0045797806,0.110690996,-0.0038303148,-0.0008583311,0.091562554,-0.0031298609,-0.008632583,0.21283488,0.0041033775,0.43045443,-0.0022950291,0.21594894,0.5572033,0.28173655,0.11687274,0.15151353,0.06687398,-0.0042505777,-0.0044616642,0.24652895,0.116453856,0.021333128,0.01607389,0.2254922,-0.017546354,-0.006792349,0.1231361,0.5367689,0.09488519,0.05562594,-0.0010194064
TCGA-C8-A26Z,-0.004903783,-0.010364692,0.4864579,0.005173154,-0.008059178,0.3600646,-0.01846263,0.062251657,0.029399931,-0.005693559,0.18204731,0.07562089,0.045842726,0.11926618,0.14153063,-0.0003845416,-0.004765295,0.05536723,-0.0031865635,0.024443265,-0.0017004134,0.17264768,0.25474966,-0.01329024,0.13412364,0.023141257,-0.0061762403,0.09275113,-0.00096368196,-0.0068795397,0.21178144,0.026355475,-0.009608382,-0.010289726,0.114771366,0.042924967,0.043539897,0.19364738,0.04130575,-0.002415575,0.33452883,0.009649575,0.4295904,0.043748125,0.17478445,0.55459094,0.15168989,0.15021566,0.2231649,-0.004738682,-0.007126284,-0.012774574,0.18675412,-5.006604e-06,0.080678836,-0.0013298145,0.22396679,-0.003038177,-0.0061791404,0.070078775,0.5578338,0.12359563,0.03944665,-0.0036807598
TCGA-C8-A273,-0.0048802025,-0.006879075,0.40477973,0.052765083,-0.006374386,0.30395094,-0.011489309,0.020163786,0.047642596,0.051382355,0.0987276,0.06146526,-0.0035580967,0.037333414,0.07817464,-0.0037039649,-0.004733804,0.102874786,-0.0047174855,0.033946235,-0.00026041231,0.071804814,0.12186233,-0.004770743,0.13307472,-0.005293224,-0.008095148,0.07338023,-0.0066490606,-0.009244501,0.15469258,0.0701628,-0.0030021037,-0.0056690197,0.08547329,0.005140122,-0.004060526,0.12935978,0.0693367,-0.0059282086,0.25561947,0.0068711136,0.45548022,0.039431028,0.20147756,0.49908656,0.18541996,0.19829181,0.19257611,-0.00026278273,-0.010361369,-0.0045677917,0.20272934,0.088156894,0.05665151,0.0070213797,0.23781879,-0.01163953,-0.005142834,0.13555597,0.46335965,0.078212835,0.0207812,-0.0016641989
TCGA-C8-A274,-0.0049220435,-0.011150227,0.40834755,0.004988041,-0.004337455,0.27478772,-0.01630173,0.0765475,0.023563836,0.03118179,0.11172712,0.08390604,0.027570734,0.09135571,0.12752283,-0.0063348273,0.0033493899,0.020429136,-0.0014922481,-0.000576197,-0.0054484615,0.07935023,0.20825608,-0.011400622,0.1290401,-0.0017542206,-0.003555055,0.05386247,-0.00090563635,-0.0002987869,0.1874458,0.08085436,-0.0058004702,-0.0056710797,0.05154477,-0.00011071731,0.047355413,0.11504898,-0.001724793,-0.0048155035,0.24378347,-0.0009582345,0.36911196,0.034098055,0.15567765,0.39959222,0.17473623,0.1603826,0.15427282,0.011316154,-0.0040189116,-0.009071931,0.21547782,0.016253805,0.063964374,0.017591745,0.2209887,-0.00877055,-0.0035670672,0.10525963,0.46041644,0.14460623,0.10971083,-0.0018016242
TCGA-C8-A278,-0.0013628852,0.048485916,0.8161176,0.015116338,-0.016757438,0.57944995,-0.023650294,-0.0075074956,-0.003958983,0.020460352,0.17224734,0.1334191,0.018503372,0.01614064,-0.0008492429,-0.017903438,0.19815363,0.23608501,-0.0017614283,0.07547593,-0.0060496405,0.04239784,0.37471965,-0.017090056,0.33932802,0.013499819,-0.0013425854,0.21470045,-0.016577637,-0.008837539,0.35623604,0.22999626,-0.002784346,-0.018695962,-0.004594573,-0.008618525,0.083844036,0.15578254,-0.0008883959,0.071215846,0.40823147,0.12191877,0.65788364,-0.014575756,0.31085616,0.8482971,0.31879815,0.02138124,0.12750053,0.110040046,-0.012737754,0.029540218,0.3252705,0.03511531,0.11370437,-0.010583478,0.38537288,-0.016725933,-0.0067787156,0.20922287,0.8222714,0.138488,0.06825225,-0.0017153353
TCGA-C8-A27A,0.0050613014,-0.0042534894,0.7617927,0.11280534,0.057712108,0.47955865,-0.024846472,0.018140487,-0.0014363934,0.13050115,0.041086007,0.121862605,-0.0010330308,0.1585496,0.064587265,-0.002483643,0.08879429,0.19832076,0.008667506,0.38293546,-0.0028937208,0.22385177,0.34724024,-0.02362122,0.30234784,0.055462115,-0.007537675,0.19352017,-0.00454228,-0.014979422,0.1699406,-0.0002653694,-0.0073049986,-0.015072726,0.07747711,0.037104424,-0.0028996859,0.14413838,0.13424088,-0.008339099,0.45866236,0.046458915,0.6128516,0.055331882,0.4504848,0.7811936,0.3714979,0.25230283,-0.004725523,0.07593126,-0.008145185,-0.0069039944,0.2919474,0.28669828,0.15291372,0.003900214,0.23573,-0.025871335,-0.011059719,0.17934501,0.7368973,0.26800686,-0.0046509397,0.07238163
TCGA-C8-A27B,0.0079220785,-0.0122369155,0.87947357,0.040360216,-0.006663295,0.4262063,-0.021470865,-0.004360363,-0.001566783,0.21159099,0.09627344,0.049380187,-0.010834097,0.19403163,-0.003950537,-0.0037090413,0.09489784,0.07300229,-0.00034796522,0.023602966,-0.016753007,0.14718752,0.30136934,-0.009003123,0.39928803,-0.0043364624,-0.00767775,0.19798478,-0.022573588,-0.019853873,0.34880954,0.1176555,-0.014517895,-0.017931718,0.24767035,0.0033374317,0.009254359,0.23898402,0.13446034,-0.0010230452,0.50433385,0.086195305,0.71933424,-0.006681206,0.3105706,0.8633964,0.48299083,0.24267884,0.04490085,0.08171472,-0.021167291,-0.0011787311,0.37281883,0.10095459,0.05824843,-0.0060948967,0.41114983,-0.009086139,-0.013665537,0.1721388,0.7697143,0.011982992,0.15426616,0.019070715
TCGA-C8-A3M7,-0.00438986,-0.008028539,0.4736818,0.03862052,-0.0016550462,0.2589021,-0.018492997,0.12077586,0.051973265,0.09682511,0.038650658,0.05593957,0.02746217,0.10595623,0.09763131,-0.0031501797,0.082084775,0.17396937,-0.0016965868,0.084122926,-0.0061689466,0.044013493,0.23854592,-0.0047049206,-0.0031676092,-0.0065292935,-0.00779622,0.057020757,-0.0024071597,0.010184355,0.15567783,0.09160273,-0.00066561846,-0.0048070806,0.09924151,-0.0020235293,0.041976154,0.11799015,0.00710899,-0.0022109624,0.21938105,-0.0011233281,0.43607268,-0.004881166,0.18139297,0.48043472,0.20248452,0.18582413,0.2277869,-0.002135012,-0.011317911,-0.0013806146,0.1649318,0.087061524,0.08428272,0.020168547,0.19035931,-0.010850786,-0.0037894924,0.15137699,0.51290995,0.036518723,0.04921944,0.04653763
TCGA-C8-A3M8,-0.00910265,-0.00868731,0.4971163,0.041723866,-0.00022958666,0.31087267,-0.013327993,0.028384965,0.07235607,0.041118518,0.051048305,0.043174718,0.033195544,0.039865486,0.05416157,-0.0061836615,0.015019711,0.17654708,-0.008091486,0.074579075,-0.008425721,0.10040431,0.17913975,-0.0013530924,0.14470349,-0.009065238,-0.008212284,0.09856885,-0.00027007775,-0.007716962,0.24072589,0.091649696,-0.0045200805,-0.0041443463,0.10986465,0.04210568,0.021780487,0.16816516,0.04690759,0.021595977,0.28339824,-0.003313647,0.47827396,0.030087665,0.243594,0.56032896,0.22388843,0.20209315,0.12229088,0.04968722,-0.010491173,-0.01034616,0.1507799,0.028791165,0.106092244,-0.0037420315,0.2074936,-0.00928862,-0.0045721596,0.1340402,0.59496695,0.066811286,0.08471297,0.0673892
TCGA-C8-A8HP,-0.0048408783,0.03653537,0.5093116,0.040087346,-0.005353421,0.29629895,-0.015773231,0.17958535,0.012625974,0.063275956,0.028077945,0.0093433745,0.019833934,0.17001088,0.022414131,-0.005766516,0.09258898,0.09091709,-0.007714243,0.121958405,-0.009800907,0.0540967,0.22869651,-0.004883263,0.22104068,-0.0034798037,-0.0063606524,0.099327154,-0.0020696388,0.025965117,0.29911497,0.10845147,-0.009203113,-0.010324496,0.09666205,-0.0012359109,0.079484954,0.09086342,-0.003319718,-0.0043778233,0.2586975,0.053876765,0.559699,-0.00442473,0.18604696,0.582681,0.30703235,0.19831756,0.15689461,0.048504382,-0.009824567,-0.0010617919,0.19577283,0.005962113,0.038220398,0.02260337,0.26943266,-0.012450951,-0.004060978,0.15709594,0.5817928,0.0033785328,0.09327689,0.016069315
TCGA-C8-A8HQ,-0.009477087,-0.0035206415,0.5482427,0.03507648,-0.008777308,0.2775761,-0.014058593,0.07379724,0.0025859885,0.117884636,0.08896673,-0.0021958982,-0.0073901014,0.13876675,-0.0002732195,-0.0057863593,0.06535646,0.11966489,-0.003869849,0.052209865,-0.008890736,0.088196814,0.18068747,-0.009712298,0.10320184,-0.0061593554,-0.009162731,0.0794583,-0.0066835876,-0.0027977172,0.23158613,0.062057827,-0.005037044,-0.006745446,0.14574513,-0.0051423186,0.011815283,0.11616023,0.03398617,-0.002474465,0.26425666,0.05185495,0.5583116,-0.00022037738,0.26381618,0.6069509,0.22049725,0.25755203,0.19976637,0.03502237,-0.013869302,-0.0036883869,0.23055014,0.0121897925,0.10785455,0.030085124,0.22684841,-0.010366255,-0.0040018423,0.10987399,0.57292664,0.06638546,0.046444792,0.039331414
TCGA-C8-A8HR,-0.0075473064,-0.006389776,0.5573739,0.029830884,0.014364472,0.3099662,-0.021571772,0.1388077,0.003464017,0.10767515,0.06678699,0.120675,0.016270544,0.11651462,0.0077588037,-0.0030285546,0.149621,0.14317855,0.0050892904,0.12541187,-0.0072712535,0.09848733,0.3345432,-0.013046344,-0.0007694196,-0.0050332057,-0.0058915177,0.058126498,-0.0035895333,0.010824606,0.22281422,0.07813351,-0.0076261237,-0.0048517403,0.09930207,-0.0016106457,0.08824347,0.13991097,0.013558999,0.013648026,0.32635152,0.03122143,0.586255,-0.0016422094,0.19289497,0.6493566,0.24320212,0.20791118,0.24421039,0.020467132,-0.0092066005,-0.003146955,0.22123739,0.039793722,0.13886106,0.06159708,0.21620838,-0.013602312,-0.0025333504,0.15521862,0.66522086,-0.0031465942,0.09960528,0.11732113
TCGA-D8-A1J8,0.020571586,-0.0038431888,0.610432,0.07975967,-0.0058414484,0.47891602,-0.021517104,0.061018728,-0.0021714258,-0.0014603365,0.060123842,0.07639404,0.017738283,0.07299027,-0.0003423661,-0.002515134,0.01707789,0.12983902,-0.0077865603,0.07074614,-0.0045043114,0.1205031,0.29561695,-0.00869508,0.2704624,-0.0034916424,-0.005665754,0.16071141,-0.0089211725,-0.0018055858,0.25451395,0.029700652,-0.008557074,-0.009048253,-0.0028287373,-0.011120962,0.05591522,0.21255581,0.068509996,-0.0064744996,0.3195488,0.03970009,0.55901664,0.0050153714,0.2445623,0.7087734,0.33564442,0.19737375,0.15752132,-0.0039106095,-0.009576284,-0.0027617447,0.28774324,0.03227952,0.107937865,-0.008866011,0.33441818,-0.013358024,-0.010217799,0.12359093,0.6210627,0.12084919,0.011073019,0.020386219
TCGA-D8-A1J9,-0.0003306874,0.0011302046,0.7841629,0.048310693,-0.010831171,0.54785407,-0.020609802,0.06575116,0.041905526,0.05604653,0.16747804,0.17933476,-0.00431959,0.056465738,0.08694187,-0.007951369,0.037041813,0.20660491,-0.008247706,0.11863971,-0.01714005,0.05511061,0.35159037,-0.009355496,0.34524554,0.03772399,-0.008877287,0.09268145,-0.01233062,-0.009099446,0.37268114,0.11883101,-0.008259998,-0.012597834,-0.0015546322,0.025892757,0.038884427,0.25907546,0.054871477,0.015486278,0.3996835,-0.0037833971,0.6418704,0.0028540678,0.3935831,0.7868289,0.3245238,0.21321458,0.07426756,-0.002742039,-0.005024023,-0.013250181,0.30918336,0.011328232,0.10895589,-0.0142682465,0.4690395,-0.016785877,-0.011856766,0.091858074,0.7198413,0.3125023,0.097379014,0.025771081
TCGA-D8-A1JA,0.0010624034,-0.0021156545,0.6027298,-0.003343063,-0.019163895,0.48340154,-0.016707042,-0.006704592,0.08106035,-0.0034739543,0.13307467,0.1938471,0.05466604,-0.0042256406,0.0327301,-0.015368155,0.13364936,0.10046677,0.007745009,0.040060807,-0.004242403,0.12514174,0.26617846,-0.016927524,0.27220437,0.07359412,0.025128704,0.15756974,-0.008163801,0.04539406,0.39753076,0.14460987,-0.0040897815,-0.01201086,-0.0050425017,-0.0032171016,0.044789445,0.17104611,0.026958242,-0.008889003,0.24185054,0.039870135,0.43065387,0.0045575555,0.15457323,0.6394657,0.21567884,0.036994763,-0.00081276754,0.14061531,-0.0025252046,-0.008456747,0.37299177,0.017780477,0.056199476,0.018662605,0.39861745,-0.0058044246,-0.015013455,0.12831835,0.48498654,0.082902916,0.1875132,-0.015891405
TCGA-D8-A1JB,-0.0018823262,-0.014723624,0.615615,0.028893542,-0.0022735158,0.3942103,-0.024660265,0.054796666,0.035850763,0.0991769,0.015850833,0.10243274,0.050145764,0.10291757,0.10231437,-0.008550897,0.11028348,0.13704692,-0.0052868435,0.17905264,-0.0047052996,0.10472399,0.3131303,-0.010653721,0.013312925,-0.0059380047,-0.006762168,0.036022656,-0.0043109283,-0.00015994684,0.21042389,0.041464373,-0.008291505,-0.010370967,0.08479728,0.1016752,0.07139036,0.20248467,-0.00013359897,0.033457465,0.3657147,0.051121958,0.5653893,-0.008182108,0.23897874,0.67750156,0.27802247,0.18504566,0.25673833,0.04977084,-0.016128456,-0.010189292,0.24011263,0.09046225,0.07669479,-0.0120619275,0.25197563,-0.010227339,-0.008253667,0.07859955,0.710068,0.05308246,0.13100275,0.107865036
TCGA-D8-A1JC,-0.0058062244,-0.01234874,0.7021567,-0.0018653792,-0.00853164,0.5551352,-0.024017943,-0.005517823,-0.0031677377,0.004328467,0.02190103,0.117997825,-0.0014139925,0.118861854,0.061911978,-0.009369018,0.075999714,0.13822259,-0.006961092,0.18630548,-0.0052745105,0.009540331,0.2742047,-0.011963086,0.3106454,-0.004990168,-0.011639311,0.13682045,-0.0129464045,-0.004136018,0.41120183,0.0756748,-0.016125416,-0.0073386445,0.12369491,-0.0010751566,0.0912542,0.2760932,-0.00092166197,-0.0061931554,0.40902987,0.0506214,0.6077465,-0.0098820245,0.33488512,0.82462835,0.41583908,0.25425452,0.06734814,0.13302383,-0.0048376326,-0.011873077,0.3411739,0.0018860716,0.10774448,-0.009856926,0.4235396,-0.021120207,-0.0046565374,0.14839667,0.6688052,0.187482,0.09543927,0.039442673
TCGA-D8-A1JD,-0.0071711703,-0.010304535,0.54447556,0.032075275,-0.007577039,0.35380337,-0.019556433,0.027792737,-0.0007942021,0.04288646,0.10935299,0.08421381,-0.00036761575,0.103132635,0.055962726,-0.007294682,0.016658768,0.2130901,-0.0014762015,0.12251367,-0.00838942,0.065292805,0.21753712,-0.0075357403,0.18317154,-0.002475892,-0.007481335,0.10273657,-0.005566702,-0.007135545,0.28239873,0.04700114,-0.006326034,-0.00875347,0.042017795,-0.0019472257,0.025774937,0.18179548,-0.00022277776,-0.0031180035,0.3129402,0.015466902,0.575145,4.3675303e-05,0.21360232,0.67536414,0.26073077,0.12359673,0.14485537,0.056274436,-0.009109881,-0.01059571,0.21562654,0.04237002,0.07724765,-0.0044526155,0.28511733,-0.013840842,-0.00686052,0.118523635,0.64974064,0.1948862,0.046273258,0.053141594
TCGA-D8-A1JE,-0.006706943,-0.004499258,0.6032554,0.079834804,-0.008305411,0.42051658,-0.016657276,0.10857068,0.059770517,0.03402575,0.07177293,0.1123534,0.019378811,0.057395995,0.062836386,-0.0041629113,0.037881464,0.13852559,-0.004642675,0.15101412,-0.009163457,0.09361299,0.28941143,-0.012648297,0.1327098,-0.0065737665,-0.0079241665,0.05804217,0.00028460496,-0.009064883,0.34668094,-0.00027095005,-0.009286677,-0.010909661,0.12602878,0.023018543,0.02383196,0.21826366,0.07764347,-0.00036118962,0.3893644,0.06137001,0.6759666,-0.00492649,0.20927653,0.75251824,0.31700498,0.1946519,0.18294705,0.03426761,-0.0017151575,-0.010627775,0.26556033,-0.0005069651,0.0698845,-0.013641364,0.2441011,-0.01927608,-0.008062652,0.112239756,0.7572172,0.22523628,0.15172471,0.068363205
TCGA-D8-A1JF,-0.0042424537,-0.0112142535,0.6703907,0.15064041,-0.006513925,0.4342247,-0.024330629,0.1407421,0.07775952,0.09505895,0.08583522,0.07483006,0.037147935,0.117570415,0.11714957,-0.0123602105,0.100843236,0.081448436,0.019723259,0.24384786,-0.007839418,0.12513442,0.2831225,-0.012489152,0.20800792,-0.0033413859,-0.006167143,0.12766716,-0.011154831,-0.002804293,0.39889446,0.116435364,-0.015792236,-0.007861159,0.08172394,0.080088675,0.056880467,0.21354033,-0.0017741345,-0.0016453527,0.3769978,-0.0033954408,0.57980883,-0.002665735,0.12394923,0.7257196,0.27720684,0.1635392,0.060005445,0.057092562,-0.0014432591,-0.006166827,0.33234933,-0.009757305,0.08110661,-0.0101458775,0.30831647,-0.014232568,-0.0038337316,0.048055902,0.80328876,0.18428278,0.18513022,0.043975092
TCGA-D8-A1JG,0.01806549,-0.0060160374,0.9350725,0.04970299,-0.0042083594,0.65442,-0.01241716,0.0316461,-0.00835847,0.027737796,0.12421191,0.11811021,0.011468276,0.07402053,0.10947291,-0.010194029,0.22435501,0.15956588,-0.0027808547,0.22764336,-0.020099161,-0.0031927768,0.39360753,-0.021445664,0.41850868,0.022646405,-0.001250097,0.20905642,-0.012544035,-0.0059469203,0.569122,0.15861216,-0.008213858,-0.024686914,0.1077514,0.054256488,0.1143447,0.12000398,-0.01103395,0.013957508,0.40634874,0.14723785,0.68612933,-0.011655271,0.23342976,0.9814298,0.3218425,0.069439635,0.14602001,0.10909448,-0.0014600739,-0.003229747,0.445049,-0.0065098773,0.002009999,-0.013854327,0.55774176,-0.0088899555,-0.0066273557,0.15568802,0.89742035,0.1272192,0.32227516,0.06806976
TCGA-D8-A1JH,-0.0021587517,-0.010002595,0.575524,0.09581059,-0.0066844993,0.36004522,-0.015158139,0.10404055,0.039547797,0.008752942,-0.0015281935,0.02319432,0.069363676,0.048615824,0.1054414,-0.007658725,0.0958301,0.21654649,-0.0049571726,0.19038068,-0.0018806482,0.09554975,0.25500625,-0.007802383,0.08037977,-0.006004573,-0.011836871,0.022103153,-0.0051669846,-0.0018704996,0.25462353,-0.0002741756,-0.00945581,-0.0051270737,0.08745974,0.06643067,0.05612405,0.20886377,0.0025878213,0.040825382,0.3542449,-0.002804738,0.6003003,-0.00348024,0.27545905,0.78222996,0.29177254,0.13769057,0.20365971,0.003187228,-0.013475165,-0.009543197,0.22514439,0.05857706,0.064621784,-0.018243305,0.25249243,-0.01501467,-0.0034001644,0.078761846,0.73720926,0.12524566,0.069096416,0.13035469
TCGA-D8-A1JI,-0.005016235,-0.013174893,0.5322157,0.09770958,-0.0018271737,0.43188944,-0.01750142,-0.009258672,0.08642207,0.01302968,0.046968188,0.07402353,-0.00316354,0.096093245,0.07147831,-0.006547445,0.0116055235,0.07961919,-0.003283385,0.053530853,0.00060592405,0.12966193,0.28225967,-0.0079236245,0.1791409,-0.002987332,-0.0021630388,-0.00057171547,-0.0067703472,-0.0072044358,0.2440659,0.012940556,-0.006427189,-0.009714238,5.6377146e-05,0.039887268,0.1286008,0.18217978,0.037212282,-0.006560955,0.38137323,-0.0037821901,0.39257783,0.035243593,0.24703676,0.548517,0.29944545,0.1288865,0.05571249,0.081497915,-0.00780696,-0.007991724,0.30017528,0.0053308364,0.03218639,-0.01467899,0.22903349,-0.010972745,-0.0048442055,0.07676691,0.4672315,0.13020211,0.12926039,0.015661865
TCGA-D8-A1JJ,-0.0051062834,-0.005703438,0.5641915,0.048245084,-0.013056728,0.4166019,-0.01401252,-0.0015927401,-0.001160092,-0.007695018,0.086661726,0.04213516,0.003167618,0.086360954,0.086440265,-0.0087471735,0.04240725,0.1318658,-0.019696698,0.1214609,-0.014168632,0.036967613,0.17491111,-0.012810289,0.15679012,0.033589825,-0.0075464617,0.08577657,-0.0046038264,-0.00961181,0.326314,0.08747971,-0.0041354485,-0.0049809646,0.004355822,-0.007188213,0.087509245,0.18377158,-0.011137313,-0.0038707901,0.23194638,0.041018814,0.43019092,-0.0037437843,0.22090992,0.66856945,0.24945712,0.11241694,0.12005591,0.046251014,-0.01171245,-0.009836631,0.21944985,0.018341655,-0.0008817004,-0.017065851,0.3423741,-0.008880245,-0.012720731,0.14644693,0.57911605,0.18654081,0.11389147,0.004480548
TCGA-D8-A1JL,0.020722233,-0.00758871,0.7954014,0.19091247,-0.005573727,0.47345945,-0.019885814,0.055789016,-0.0014455545,0.09050803,0.116790876,0.027303938,-0.010042121,0.3437618,0.01710134,-0.008815493,0.19856493,0.19698767,-0.0010791159,0.22392987,0.0004203897,0.16496815,0.3299369,-0.015014986,0.5366244,-0.003451512,-0.016275367,0.23689498,-0.004504055,-0.006827876,0.4789519,0.11502707,-0.0070509263,-0.009619842,0.30638367,-0.0006441883,-0.002378766,0.28811684,0.15187101,-0.0021300563,0.50086117,0.08190556,0.7317601,-0.0024481714,0.3839277,1.0174044,0.4863801,0.19092256,0.14400743,0.07957882,-0.012723455,-0.0013318639,0.41827744,0.08950653,0.02632778,-0.002951178,0.40283796,-0.014017224,-0.00052253844,0.15078846,0.86511064,0.1809151,0.1257354,0.06669812
TCGA-D8-A1JN,-0.0019308928,-0.008246958,0.31204522,-0.0007106058,-0.002701223,0.21191025,-0.010224079,-0.0021440033,0.010912692,-0.00149701,0.075244315,0.079510845,0.038781732,0.03453452,0.10956627,-0.003475392,0.04144927,0.029445944,-0.0043110037,0.021383066,-7.1773866e-05,0.04077509,0.14378572,-0.0056896843,0.07460818,0.035453107,-0.002027262,0.055791,-0.0007291857,-0.0053539244,0.15245742,0.07090135,-0.001484707,-0.0063472376,0.0051427917,-0.00057720544,0.09499475,0.09323348,0.031277988,-0.001549723,0.21103862,0.004787678,0.24857701,0.017580867,0.09772381,0.3461721,0.14302725,0.06948081,0.07242855,0.014958754,-0.012833345,-0.0036754222,0.15490225,0.014823398,0.021395972,-0.008215171,0.10147169,-0.0062267506,-0.0032150745,0.07155575,0.30307937,0.1062562,0.0009056665,0.011136986
TCGA-D8-A1JP,-0.008917261,-0.008737615,0.6048007,-0.0025928111,-0.0016687729,0.40367112,-0.022943724,0.004875213,-0.0022390746,-0.0063644857,-0.00054745714,0.1260188,0.02394069,0.07124247,0.10818623,-0.006593283,0.047135,0.077081986,-0.0069681737,0.09203175,-0.0079704095,0.09842548,0.2658514,-0.011802084,0.2015618,0.004866315,-0.011621568,0.046445567,-0.003905791,-0.0043415218,0.31590658,0.015149664,-0.012557174,-0.009204579,0.03675662,0.080960006,0.092767015,0.16085328,-0.00023718365,-0.0013476134,0.34839645,0.04500986,0.5454744,-0.007251805,0.3123529,0.6221584,0.29849106,0.17988217,0.11287759,-0.0016400205,-0.0038208426,-0.0077209906,0.23783472,0.017085778,0.07245591,-0.008512604,0.20152311,-0.014963617,-0.003306735,0.089918435,0.6607449,0.13808149,0.15150703,0.072209895
TCGA-D8-A1JS,-0.008403557,-0.0063812244,0.64361167,0.23374589,-0.009608387,0.56143016,-0.024761207,-0.003367427,0.0103205,0.14947152,0.28499037,0.13320169,-0.006175795,0.024868485,0.015222941,-0.010593145,0.006590998,0.28826714,-0.003310828,0.19264646,-0.008171929,0.09218292,0.24652432,-0.0009988485,0.19182134,-0.0038094695,-0.0021047865,0.115780935,-0.007315039,-0.024113057,0.23343185,0.046099294,-0.002452477,-0.02244406,0.18142375,0.137841,-0.0034455378,0.24732475,0.19549759,0.024619453,0.499158,0.0089260265,0.64439344,0.064066015,0.37152526,0.900079,0.37720758,0.15746456,0.2832403,0.017144635,-0.01610677,0.027439587,0.3480128,0.017212505,0.10831473,-0.015898865,0.24298586,-0.017922912,-0.008227807,-0.0026587315,0.85383403,0.48814535,0.059384625,0.046100996
TCGA-D8-A1JT,-0.0069942474,-0.004898239,0.669545,0.09200691,0.058149733,0.4557805,-0.02626803,-0.004267193,-0.0043336,0.1706386,0.058418177,0.20407185,0.08343758,-0.0024527628,0.05497188,-0.00367012,0.094675064,0.10156348,-0.0067265364,0.11096051,-0.018542035,0.1332007,0.37532684,-0.00013850667,0.21147238,-0.005158176,-0.01571575,0.07049978,-0.008309659,-0.009749266,0.37380028,0.07357392,0.045791153,-0.027178107,0.15219042,0.06670152,0.11887303,0.25625718,0.22947122,0.0030914769,0.4928801,-0.0045174225,0.62998235,0.035886258,0.42009252,0.8126898,0.48077303,0.29142383,0.15536697,0.109390505,-0.00835536,-0.003924792,0.4259532,0.28195485,0.14637437,-0.00907947,0.21050726,-0.023216372,-0.015628267,0.20115343,0.7191498,0.2139216,0.18933266,0.042816177
TCGA-D8-A1JU,-0.0063256323,-0.006136006,0.60337704,0.065759,-0.0019361557,0.33253422,-0.017376646,0.16490257,0.054317728,0.06969583,0.008739166,0.09467262,0.12249781,0.1471774,0.18362978,-0.0031529858,0.06905989,0.1017282,0.0011128113,0.1077245,-0.008690135,0.09443323,0.31166312,-0.005034219,0.033776533,-0.008991189,-0.010555559,0.014486678,-0.0058298423,0.022042517,0.2166871,0.06217437,-0.009692241,-0.010217627,0.06614162,0.13644768,0.13457848,0.19759294,0.027426887,0.01247821,0.32769272,0.0654041,0.577728,-0.0027088441,0.18951616,0.70687854,0.2577938,0.17071724,0.21521385,-0.0022948629,-0.010503174,-0.013351554,0.21959746,0.08261101,0.11975289,-0.013296179,0.17152043,-0.010550449,-0.0026603655,0.0789373,0.65266126,0.08304307,0.15352784,0.11851804
TCGA-D8-A1X5,0.015137563,-0.009801823,0.70054924,0.07865754,-0.0067705223,0.6089419,-0.022868179,-0.009867,0.032491475,0.030632168,0.09075943,0.166469,-0.006172563,0.12804222,0.11012931,-0.008266977,-0.00027053058,-0.0019344526,0.005135834,0.15656978,-0.0045831227,0.063757956,0.3472432,-0.010630592,0.4654234,-0.00026986218,-0.010904177,0.08422199,-0.013196501,-0.0062918724,0.4008383,-0.002165727,-0.013855879,-0.019447615,0.0058218096,0.12599202,0.0018700548,0.26639366,0.03697458,-0.007103931,0.46289405,0.05714887,0.6296679,-0.010687946,0.41397923,0.8065455,0.4129859,0.20825838,-0.0033552006,0.016790323,-0.013316214,-0.008531409,0.3072264,0.018506425,0.024034295,-0.013754198,0.2861696,-0.016984772,-0.012034945,0.14558694,0.7187486,0.2313892,0.030997474,-0.0031144733
TCGA-D8-A1X6,-0.0061924066,-0.009581298,0.92812634,0.25911528,-0.0120477015,0.74787766,-0.025289733,-0.015956633,-0.004634223,0.014860854,0.15767889,0.25117445,-0.021171344,0.0975056,0.059883997,-0.011747157,0.07285991,0.074101776,0.12566158,0.093100145,0.010415262,0.124047905,0.3903114,-0.002198531,0.37703827,-0.0021501048,-0.010512144,0.04469665,-0.021489464,-0.01667056,0.46751258,-0.0089584235,-0.016752798,-0.027094563,-0.0067846486,0.055072155,0.04002929,0.17721549,0.06355966,-0.0057175444,0.56027913,-0.0050786077,0.69846517,-0.016726935,0.50179595,0.90340674,0.4312624,0.14353521,0.03440264,0.09124356,-0.00095379836,-0.00021861718,0.45511335,0.04109294,0.1398876,-0.0052659484,0.5519685,-0.013572359,-0.014656921,0.056711677,0.9293897,0.50403327,0.09476185,-0.0072056437
TCGA-D8-A1X7,-0.0018911656,0.037579793,0.7068986,0.12748338,-0.00782019,0.5319328,-0.028099606,0.016988631,0.120821655,0.05061891,0.09609237,0.17320561,0.019465249,-0.0011822645,0.04506807,-0.0060963924,0.15918449,0.073342375,-0.015901065,0.26849663,-0.012855947,0.20502877,0.3523247,-0.009475554,0.07322554,0.01598126,-0.015339948,-0.005104846,-0.009887966,-0.01215326,0.42708224,-0.0068803537,-0.006096964,-0.01998039,0.16914943,0.05988572,-0.003234071,0.3177478,0.2001101,0.07806618,0.5298422,-0.0037641642,0.649979,-0.013467421,0.21648711,0.76691693,0.40851384,0.2505052,0.109269366,0.08649535,-0.004517184,-0.0060823685,0.4802992,0.16015324,0.052966602,-0.024715444,0.21348281,-0.014190462,-0.016822523,0.17146267,0.8154868,0.3562544,0.13814913,0.06841399
TCGA-D8-A1X8,-0.006861699,-0.010823379,0.4464563,-0.00076539814,-0.0031069843,0.3669228,-0.022932697,0.029353641,-0.0013571664,0.019303799,0.0529238,0.096441016,0.026031032,0.065761685,0.13818327,-0.0050932947,0.02955497,0.13474089,-0.0045022066,0.014058802,-0.004554236,0.058344632,0.23684126,-0.010803963,0.065882415,-0.0027638213,-0.011377867,0.050719265,0.0076089017,-0.0031080677,0.15465945,0.0049635544,-0.0067555727,-0.004984137,0.11333731,0.036539476,0.012523685,0.19842066,0.04401511,-0.008047249,0.2713158,0.05599424,0.45713487,-0.0027657733,0.15290001,0.43975994,0.18600848,0.20017897,0.23367742,0.030535825,-0.005890909,-0.012987318,0.12068549,0.02709966,0.05412393,-0.0006827825,0.14915965,-0.009506946,-0.0074934806,0.07959999,0.53735876,0.13736783,0.06140696,0.007822655
TCGA-D8-A1X9,-0.018350117,-0.003866582,0.44872504,0.07746145,-0.006858986,0.4006599,-0.014338653,-0.0025813028,-0.0016323951,0.01710821,-0.0004841253,0.08206645,0.039675754,0.02606377,0.07984747,-0.0030865655,-0.0013159342,0.1288336,-0.009464286,-0.0027751385,-0.0055488693,0.0031591374,0.129275,-0.0038978488,0.1646735,-0.007541451,-0.018028442,0.105222315,-0.002578769,-0.0030899418,0.27274266,0.07619561,-0.013989656,-0.007177332,0.14526434,0.016694728,0.058177955,0.20762742,0.067036375,-0.0037511487,0.25493005,0.07919502,0.4762165,-0.002412003,0.19869956,0.5059858,0.25688288,0.21173477,0.17514606,0.014533792,-0.009688479,-0.014555791,0.18246478,0.03170447,0.06797514,0.025459532,0.2200886,-0.012825483,-0.0035402495,0.048325717,0.4967667,0.10942428,0.03807394,0.0158936
TCGA-D8-A1XA,-0.0005885187,-0.012963734,0.60555863,0.28636056,-0.010847333,0.56254476,-0.030954624,-0.00077902863,0.052740607,-0.0015023999,0.13017161,0.13593253,-0.0002632849,0.07568711,0.14554656,-0.0054867812,0.09865807,0.16705073,-0.0040141228,0.13506943,-0.0078109517,0.10289061,0.21043947,-0.0061383555,0.27598917,0.0020886594,-0.006205126,0.20457347,-0.0014657825,-0.004820438,0.29048523,0.029658098,-0.015751256,-0.011979583,0.08777907,0.03899459,-0.0037451554,0.17378354,0.07661183,-0.00043799283,0.36115783,-0.010015597,0.54456514,-0.002800791,0.23784277,0.63780373,0.35258508,0.11403533,0.09922708,0.13155231,-0.008987218,-0.021646783,0.2644693,0.02382628,0.043055534,-0.006400266,0.39436877,-0.01654107,-0.011072954,0.0660276,0.64612496,0.3515048,0.122272074,0.011437088
TCGA-D8-A1XB,-0.007628628,-0.0049119904,0.38411167,-0.0012833857,-0.007342511,0.27670696,-0.013584154,0.02841945,0.001315061,0.017239682,0.0020876229,0.08400522,0.10276657,0.037033245,0.089062095,-0.0006131031,0.009352028,0.09679254,-0.0065917308,0.0077705234,-0.0042807655,0.023032147,0.25062194,-0.008065893,0.025397789,-0.0037871362,-0.008985598,0.045056984,-0.0028617466,0.009816028,0.20767684,0.047159698,-0.006440673,0.025268964,0.050404586,-0.0016405772,0.05919444,0.1585578,-0.0033045907,-0.005118803,0.19266255,0.010268767,0.3685756,-0.0003727928,0.14266679,0.45883927,0.2375961,0.15273711,0.10124757,-2.6714058e-06,-0.00540415,-0.013257888,0.1539227,0.038604133,0.07425189,-0.008252329,0.20761877,-0.011941108,-0.0052682976,0.09231315,0.48524672,0.11541669,0.09303042,0.041600555
TCGA-D8-A1XC,-0.0035763823,-0.008112443,0.36021513,0.030242395,-0.006464881,0.29083282,-0.014412226,-0.0050121453,0.014480537,0.036476053,0.074932486,0.072999686,-0.00033582933,0.05169202,0.07043013,-0.0050883675,0.0377474,0.0449266,-0.004319989,0.030194875,-0.0038493515,0.07565144,0.1936179,-0.0031660856,0.09353335,-0.002755746,-0.0050074453,0.07087012,-0.0074068117,-0.008800993,0.19691442,-0.0021036167,-0.002369854,-0.003333139,0.04897782,-0.00026476663,0.04436038,0.1474432,0.040755436,-0.007562744,0.26192704,-0.0018373933,0.3177048,-0.00030784757,0.21577448,0.43094093,0.23475346,0.13313672,0.09164983,0.04780207,-0.007564479,-0.00743073,0.20169714,0.014743598,0.014847464,-0.008340695,0.20138659,-0.01091856,-0.0073004365,0.07359758,0.42974675,0.22672117,0.057942856,-0.004312197
TCGA-D8-A1XD,-0.0039996435,-0.011364837,0.614206,0.15505613,0.007007366,0.37581143,-0.014210984,0.017731175,-0.00067591405,-0.004783091,0.024506558,0.0756475,0.0100373365,0.10731619,0.19465432,-0.010250417,-0.0036034775,0.05884479,-0.0059628086,0.14161675,-0.0048595034,0.09789391,0.23955888,-0.0053135157,0.34276578,-0.0029791244,-0.006538166,0.11164812,-0.0033026692,-0.013322192,0.25944513,0.08546986,-0.008529126,-0.008235957,0.05101073,0.11771016,0.034177046,0.19941038,-0.0011563987,-0.006576791,0.2737107,-0.0053411406,0.58189434,-0.0002717361,0.28430596,0.7648938,0.32438186,0.14738297,0.10396427,0.08474821,-0.008318734,-0.0130182905,0.22492549,0.10433384,0.006527709,-0.013513371,0.37412867,-0.021484643,0.014081782,0.0678783,0.6478599,0.19479275,0.02536735,0.038202904
TCGA-D8-A1XF,0.12809007,-0.009038018,0.7339261,0.11554532,-0.013370811,0.61905247,-0.028211448,-0.012325338,0.09821467,0.104275,0.16158767,0.19353962,0.0389764,-0.005466186,0.14278029,-0.017055074,-0.0024202128,0.040440895,-0.0046213157,0.17521289,-0.00065847655,0.18438958,0.26469436,-0.010078109,0.4377705,0.03536073,0.062096152,0.23362562,-0.012249793,-0.009440896,0.23039582,0.0031843781,-0.017419254,-0.02461169,0.20671697,0.035370063,-0.0066606957,0.2622106,0.11343709,-0.0066855103,0.4078155,-0.006291102,0.6714306,0.004078567,0.20234406,0.78887784,0.3678677,0.06403641,0.046175286,0.075944774,-0.010517093,-0.023462916,0.38450268,0.0131542925,0.052921332,-0.0043572257,0.42814118,-0.011939751,-0.024102619,0.15952647,0.5908704,0.18300451,-0.0008585602,-0.007913283
TCGA-D8-A1XG,-0.0072199577,-0.007147835,0.41042092,0.07234679,-0.0061699683,0.3048623,-0.018940544,-0.0055814623,0.067280225,-0.0006013263,0.05435395,0.09985311,0.0036200285,0.022042152,0.03741636,-0.0008279555,0.078118056,0.11309622,-0.005888165,0.085195005,-0.0073959543,0.09113775,0.24592932,-0.01084272,0.07246661,-0.0017255361,-0.00779424,0.035374805,-0.0052937437,-0.00833562,0.22992526,0.02282248,-0.0046208994,-0.004914598,0.06958118,0.012855854,0.10903993,0.18076898,0.030524291,-0.0075501534,0.25062412,-0.003270629,0.3680786,0.011925384,0.20710292,0.5353826,0.28637725,0.1707707,0.104800574,0.07283263,-0.01004381,-0.012152638,0.20980304,0.053829744,0.017453223,-0.008435964,0.19922717,-0.011098864,-0.012068996,0.10724452,0.4928881,0.16943912,0.122083426,0.024517775
TCGA-D8-A1XJ,-0.0068725157,-0.0073929774,0.43777344,-0.006472041,-0.00971419,0.36977547,-0.0114183165,0.023811758,-0.0014496886,-0.001656586,0.052493203,0.08512136,0.022276618,0.070584,0.09904991,-0.012135336,-0.0009252902,0.20133738,-0.0024183139,0.104033455,-0.0010875544,0.05519323,0.1114811,-0.006556164,0.12814248,-0.007735704,-0.0126691265,0.09193449,-0.0005672585,-0.0018375546,0.22781397,0.18899825,-0.008569658,-0.0005608052,0.10389714,-0.0021475079,0.0091772415,0.24116164,0.10693665,-0.00016289092,0.24919035,0.043932177,0.47883523,0.012246979,0.21504848,0.5736108,0.20497599,0.16918899,0.064111084,-0.00026141628,0.004808955,-0.015406692,0.2335524,0.07004548,0.11674586,-0.0057160663,0.22511487,-0.0078115375,0.025415545,0.10215841,0.56741446,0.18579206,-0.0034760043,0.031171933
TCGA-D8-A1XK,0.019351091,0.007859167,0.8170615,-0.009373859,-0.01550731,0.45882413,-0.031787246,-0.0045688087,-0.0060701016,0.08441466,0.054983426,0.194922,0.09727196,0.22822286,0.0056711026,-0.008046072,0.17833515,-0.0032550246,0.13343415,-0.0032384933,0.10130415,0.15423445,0.3990743,-0.01131005,0.5919671,0.022362925,-0.007691131,0.19776736,-0.008349135,0.024851762,0.28045136,0.1903235,-0.00952023,-0.01726911,0.19543263,-0.0008289412,-0.0060900208,0.14655413,0.20730712,-0.00067428424,0.40915596,0.17736065,0.63077587,-0.0072782002,0.25649038,0.8891903,0.51757705,0.15359834,0.07981822,0.21136758,-0.00421571,-0.0075667202,0.4372291,0.15052545,0.105130315,0.14640786,0.31404674,-0.012747322,-0.0025274276,0.10712317,0.6481305,0.12813179,0.16136311,-0.0018554993
TCGA-D8-A1XL,-0.0046996283,-0.014613858,0.47834182,-0.012739549,-0.0044995644,0.34608528,-0.006033821,-0.0023768165,-0.0064439997,-0.0004036084,0.014576415,0.0767109,-0.0016257878,0.07575182,0.07369542,-0.012844968,0.009128425,0.093941465,-0.0055362335,0.004481353,0.010633329,0.069346815,0.07910163,-0.011742604,0.20101486,-0.0015864747,-0.0062863813,0.13961095,-0.0004125342,-0.006296124,0.23299733,0.08544585,-0.017573396,-0.013527247,0.17071737,0.024989404,0.006567497,0.19048741,0.11328781,-0.002840245,0.34803864,0.11683987,0.44676924,0.014652692,0.10622944,0.49714768,0.08826245,0.15641992,0.064702556,0.05757513,-0.0060561826,-0.009547685,0.23528498,0.12097883,0.07828769,0.14211504,0.17234147,-0.012083246,-0.0017751344,0.10047291,0.48155504,0.03328044,-0.0048889383,-0.0012643862
TCGA-D8-A1XM,-0.011904678,-0.005272371,0.454233,0.05304193,-0.0063230903,0.38241476,-0.021402305,0.073826656,0.019413017,0.018428609,0.0449892,0.042180087,0.08726281,0.09204787,0.12164989,-0.0016765218,-0.0008055605,0.18792792,-0.010289698,-0.0002655562,-0.0012265964,0.0462306,0.19777723,-0.0056348913,0.22685225,-0.0029764243,-0.007352259,0.0777954,-0.0054970975,0.020922784,0.27224025,0.08829726,-0.013217839,-0.009136262,0.09056795,0.021742057,0.06015378,0.18954216,0.076035,-0.008418963,0.28626642,0.043150056,0.45825446,-0.00018548444,0.14090389,0.53085804,0.30080953,0.18103853,0.18611279,0.008836128,-0.005638707,-0.0152183045,0.14005911,0.099748656,0.099846825,0.08157963,0.2876339,-0.014781308,-0.008654009,0.12062931,0.5601825,0.049664997,0.101873174,0.017991424
TCGA-D8-A1XO,-0.0041215364,-0.009157575,0.530669,0.009476464,-0.002503108,0.39065325,-0.018262075,0.0062935725,0.046506796,-0.0057486207,-0.0019115981,0.1358536,0.099194154,0.003961946,0.107103355,-0.003924984,0.058018796,0.07316416,-0.0059404615,0.049643207,-0.0034491234,0.04604747,0.27850026,-0.0096457405,0.07738061,-0.005046892,-0.01083214,0.04592754,-0.001344351,-0.0030323763,0.23233607,0.00530041,-0.0010177403,-0.0029992869,0.04535052,0.012337659,0.051941317,0.16696112,-0.0010881381,-0.0046784105,0.22930513,0.028475527,0.44535488,-0.0030970797,0.2316226,0.5324713,0.2836386,0.14164516,0.1223444,0.03650362,-0.006307866,-0.0065255812,0.21591717,0.0017091297,0.07595629,-0.015681183,0.25972703,-0.011931312,-0.0039049443,0.08397092,0.47361237,0.16227895,0.10366739,0.019733101
TCGA-D8-A1XQ,-0.0028255966,-0.0075223534,0.79903984,0.06691602,-0.01432769,0.46478,-0.0059555857,-0.003822685,-0.00094573013,0.010986116,0.031797487,0.09241128,-0.0032862115,0.11014017,0.019238625,-0.018896634,0.11249179,0.078825556,0.061379887,0.03850988,-0.007824586,-0.0022484947,0.3734512,-0.0125234295,0.40483278,-0.0020521698,-0.012362106,0.17428221,-0.016159134,-0.010434637,0.34840104,0.16666771,-0.009790361,0.041063134,0.10706113,-0.002688688,0.048074067,0.19955221,0.1444166,0.037928663,0.44287968,0.08988303,0.5770962,-0.011169545,0.2772147,0.98188543,0.42775965,0.16441768,-0.0010154695,0.17436877,-0.007331565,-0.007080786,0.5034597,0.17006858,0.07408413,-0.01358576,0.4575426,-0.0088842455,0.009724965,0.24649507,0.62591136,0.15688369,0.122088686,0.14139171
TCGA-D8-A1XR,-0.0026259415,-0.006398284,0.51912946,0.0769825,-0.0048501506,0.39147702,-0.01649127,-0.0015502742,0.02375262,-0.0019739703,0.04047418,0.12229569,-0.00069992954,-0.005937524,0.06288226,-0.008427508,0.12638536,0.110338494,-0.0017585143,0.13245286,-0.0023572852,0.06507605,0.3065694,-0.00554261,0.14092666,-0.006330136,-0.0059520653,0.071805626,-0.006104004,-0.0069282963,0.24615909,0.0021741185,0.008070203,-0.008373002,0.07268961,0.040773157,0.05646215,0.18152091,0.06766312,-0.0008243516,0.2567005,-0.0010003112,0.43640405,0.04056392,0.280072,0.61723864,0.28602257,0.10107149,0.07929193,0.050483674,-0.008898215,0.02549699,0.26849782,-0.00820499,0.022974474,-0.013575832,0.24075621,-0.009250553,-0.004539263,0.03955913,0.5408294,0.19707233,0.06048232,0.0132496655
TCGA-D8-A1XS,-0.009089013,-0.0069360435,0.36238554,0.009504195,-0.0032089376,0.2964519,-0.013652208,0.019531805,0.030390732,-0.0008467186,-0.00074285717,0.07144921,0.06443281,-0.0037506917,0.08285134,-0.002061316,-1.4398247e-06,0.115575954,-0.009291194,0.038886596,-0.005253429,0.041903645,0.19347675,-0.0034380697,0.06752987,-0.007830505,-0.011537867,0.036734007,-0.0060079354,-0.0021915946,0.20949368,0.033645853,-0.005894603,-0.0014209434,0.0774387,-0.0028094149,0.0643203,0.1834583,-0.00044300556,-0.00097595825,0.19322075,0.000452213,0.3903342,0.033813536,0.18400973,0.47456557,0.21384218,0.15561807,0.13524726,-0.0045857737,-0.007104274,-0.009780965,0.16144061,0.037446007,0.056678593,-0.0057780645,0.21527688,-0.009702151,-0.007055281,0.1204501,0.49495155,0.13446707,0.085206464,0.03495881
TCGA-D8-A1XT,0.03914618,-0.0051804227,0.74132264,-0.005839739,-0.00371295,0.5389577,-0.023244321,-0.00042387098,-0.0001997713,0.024851821,-0.007390608,0.16707318,-0.0011534434,0.01449762,0.06615141,-0.004356838,0.16679552,0.1578937,-0.0065566176,0.17757076,-0.010130307,0.07788679,0.25558534,-0.0063680545,0.22014959,-0.003619503,-0.013722551,0.09484089,-0.011778208,-1.1306256e-05,0.35663825,0.037383743,-0.015147927,-0.0043760776,-0.00035217885,-0.0005585801,-0.007247049,0.2710044,-0.0030985784,-7.122122e-05,0.37544504,0.08418697,0.5905963,-0.0069528255,0.30267912,0.66436064,0.29766524,0.20291887,0.030905247,-0.000121416895,-0.006390258,-0.0051474106,0.37678474,-0.0015029366,0.19123556,-0.01575121,0.35808212,-0.014041918,-0.0052848654,0.14841917,0.6945042,0.25650537,0.10422847,0.07463203
TCGA-D8-A1XU,-0.0047907005,-0.006762898,0.4800023,0.0063087456,-0.0039999927,0.36513636,-0.017781094,0.01664693,0.025376732,-0.005138378,0.01487105,0.12630132,0.06393552,0.032107662,0.10318744,-0.003287257,0.040600494,0.023958111,-0.009295235,0.08988221,-0.0027037335,0.072726324,0.26955542,-0.008725129,0.040794615,-0.0018017668,-0.010658428,-0.0013542346,-0.0025555005,-0.00047006272,0.25277027,0.025013175,-0.0067046657,-0.0048155445,0.0026395,0.014905874,0.10918362,0.17231461,-0.0017240709,0.0060257018,0.25537464,0.011997439,0.42269903,-0.0039891,0.1913676,0.51147735,0.23853242,0.17104088,0.12612337,-0.0025810236,-0.00557365,-0.009235915,0.20162833,0.010878917,0.0792393,-0.013549845,0.21244521,-0.010061069,-0.0040641665,0.07319221,0.51439726,0.15588015,0.09530893,0.07407074
TCGA-D8-A1XV,-0.003200824,-0.0069856676,0.43849635,0.060594033,-0.008241824,0.33542925,-0.016410315,-0.010041754,0.011260672,0.02844929,0.078328416,0.08852893,-0.0020949345,0.057569087,0.037357405,-0.0045137587,0.09200979,0.063840404,-0.004771219,0.1034172,-0.0076335706,0.11027025,0.26515445,-0.005875563,0.078312874,-0.00052071735,-0.009201646,0.05254878,-0.004680333,-0.010589396,0.23838793,-0.0044735,0.0052795415,-0.007995491,0.09424217,0.0064746477,0.06942819,0.13879253,0.078827895,-0.0055733197,0.29527852,-0.0027882599,0.33278593,0.01136283,0.26898813,0.53647965,0.29111338,0.18932034,0.06594825,0.11656197,-0.00789051,-0.0077414005,0.2716633,-0.0009802053,0.041109927,-0.011985592,0.22155836,-0.014006066,-0.0047658323,0.03313119,0.5059072,0.2647009,0.11609395,-0.0064302473
TCGA-D8-A1XW,0.008416829,-0.019231725,0.8731196,0.016152445,-0.021366203,0.4962854,-0.026994074,0.012928441,0.052868877,0.066005796,-0.0003292937,0.102104455,-0.0072357478,0.16781867,0.052431233,-0.0029400848,0.2507835,0.264713,0.05193925,0.30799165,-0.0030412683,0.07683442,0.39048538,-0.001666699,0.068722606,-0.013224113,-0.011707785,0.18645805,-0.012679696,-0.0052823275,0.313722,0.21993944,-0.0067900554,-0.004077641,0.13414332,0.12868634,0.082049854,0.34390932,0.074195266,0.024523415,0.38329026,0.12067866,0.69018525,-0.013585745,0.3092986,0.9662725,0.3918131,0.112364024,0.012286297,0.10297137,-0.014068283,-0.0025272295,0.35698497,0.045342512,0.025066737,-0.028443683,0.33308464,-0.012484038,-0.0030779203,0.040898457,0.78669417,0.20342363,0.30495995,0.12626979
TCGA-D8-A1XY,-0.0059195026,-0.0054495675,0.56093395,0.021752503,-0.0085928105,0.45388427,-0.018101702,0.038641974,0.042871967,-0.0043660603,-0.00395461,0.12455289,0.07926429,-0.00078550813,0.045336574,-0.0056040846,0.09335661,0.08307712,-0.005894054,0.10051668,-0.0068867407,0.07826183,0.27742073,-0.0038983,0.029809754,-0.0071092397,-0.013370692,0.0057497956,-0.0072847046,-0.0021138024,0.2793394,-0.004966749,-0.010063603,-0.0013814252,0.011723246,0.025769819,0.045716237,0.15098786,0.026934542,-0.0021792992,0.26017216,-0.0018388923,0.5172638,-0.008544134,0.21287039,0.6394217,0.2835688,0.15281731,0.07697472,0.025756165,-0.0051148753,-0.010085761,0.23015395,0.016136693,0.10871547,-0.015170972,0.3003026,-0.013323672,-0.0056312634,0.088728346,0.6037183,0.19579634,0.15343904,0.004380718
TCGA-D8-A1XZ,0.049127836,-0.014747235,0.8383284,0.14598419,-0.010403129,0.55357766,-0.025771832,-0.0070091584,-0.0059922393,0.043864682,0.040008325,0.12464744,-0.006658207,0.14075647,0.093105316,-0.00963579,0.101815686,0.16123027,0.11989362,0.17479,-0.0035856606,0.02674023,0.35633075,-0.0037592861,0.33669066,-0.006311439,-0.009723066,0.2388926,-0.012117236,-0.009527986,0.33683634,0.051125932,-0.0192997,-0.016330667,0.06291734,0.13104993,0.0008525513,0.28403193,0.039237827,0.067078985,0.4698068,0.07507454,0.7832305,-0.00880833,0.23653924,0.9470818,0.34569114,0.095758066,0.041564807,0.11688844,-0.019497035,-0.010401982,0.3605824,0.05970379,0.10296699,-0.0020269013,0.3628978,-0.023840586,0.06909441,0.053362492,0.85882324,0.15374874,0.040022623,0.036208615
TCGA-D8-A1Y0,-0.0017933216,-0.010530718,0.58908576,-0.00024064929,-0.006184342,0.36578128,-0.020335322,-0.0021277927,0.047806427,0.030984871,-0.001372571,0.16606662,0.08540937,0.023882262,0.053086825,-0.012203927,0.084547184,0.044861376,-0.0037393712,0.17122774,-0.0040555685,0.10578437,0.25236,-0.006271591,0.13693938,-0.0032177132,-0.007252478,0.019429049,-0.009879923,-0.0042479015,0.23168917,0.032079455,-0.00049096043,-0.0066110464,0.05080331,0.090427965,0.06951187,0.24577186,0.04998903,-0.0007322416,0.35248122,0.021045782,0.42877734,0.02316568,0.19141772,0.6247305,0.2761096,0.07933371,0.11489917,0.08222162,-0.015626123,-0.0033335958,0.27903646,0.08172655,0.03173905,-0.014222789,0.17215076,-0.0054950523,-0.010224016,0.093098134,0.57562166,0.06133583,0.08934437,0.074514076
TCGA-D8-A1Y1,-0.0022823613,-0.0022728648,0.6884567,0.093005,-0.011756687,0.48069575,-0.02163286,0.06951806,0.042030904,-0.005425937,0.06949408,0.17663182,0.037215576,0.0902209,0.058823474,-0.0049425503,0.050155003,0.08316255,-0.0054963697,0.1297005,-0.008392058,0.045959156,0.31306013,-0.0066168057,0.19873512,0.014632221,-0.01259611,0.06386564,-0.0047795945,-0.00884899,0.35990185,-0.0045802123,-0.007797671,-0.013823991,0.03972386,0.078397974,0.04238607,0.19130588,0.023549978,-0.0029613033,0.40122432,0.06638077,0.5725654,-0.004571538,0.21374989,0.74462235,0.3421142,0.16630915,0.050539434,-0.0016517527,-0.009765105,-0.0071321777,0.28466773,-0.000448131,0.056811437,-0.018585002,0.30665833,-0.017809762,-0.004405444,0.10530034,0.7098573,0.22430941,0.13974896,0.036619708
TCGA-D8-A1Y2,-0.015282527,0.0025219806,0.4162862,0.014536139,-0.00014292896,0.29431695,-0.021011075,0.049734853,-0.0029295664,-0.0032851656,-0.0004528694,0.15195847,0.13488048,0.010251186,0.045160636,-0.0053565986,0.04635057,0.08242535,-0.007718909,0.109370604,-0.00344918,-0.003051294,0.15590307,-0.0117465155,0.03460365,-0.005964072,-0.011414665,-0.0008275479,-0.0057833456,0.036374334,0.22698055,0.094364405,-0.010847883,-0.0012880582,0.0502415,-0.0037678534,0.1031719,0.240331,0.0068090595,0.002805315,0.20966168,0.033682093,0.42026147,0.026033044,0.13493592,0.44392636,0.30924794,0.2098426,0.14132553,0.02117502,-0.0025699034,-0.009189005,0.12610321,0.050729513,0.07320787,-0.002719139,0.13852024,-0.0066361027,-0.005333828,0.14480242,0.48902732,0.081324875,0.06297648,0.11788349
TCGA-D8-A1Y3,0.02368309,-0.015984312,0.86429864,0.12436779,-0.017048968,0.61378175,-0.014317552,-0.015566624,-0.00750923,-0.0020562254,0.14832543,0.197714,-0.011107132,0.16626012,0.13599795,-0.013485226,0.09302239,0.033809595,0.08605816,0.2213115,0.043283656,0.011320215,0.17579257,-0.006710712,0.65424967,-0.007134785,-0.010093035,0.20907147,-0.012502541,-0.02094822,0.3836466,0.19403765,-0.008285581,-0.01812233,0.120987386,0.03779254,0.007218186,0.21252371,0.108477786,-0.0035713203,0.49070767,0.05909676,0.6428923,-0.019185817,0.44596142,0.91078717,0.32143486,0.1591309,-0.0021877617,0.18944687,-0.00949303,-0.01352319,0.43787318,0.20185992,0.09497283,0.10096952,0.38911998,-0.021133183,-0.008966054,0.20829463,0.67818904,0.23305821,0.025794853,0.092372775
TCGA-D8-A27E,-0.0041774493,-0.007811121,0.497074,0.12774274,-0.00736862,0.37282404,-0.011616625,-0.0027382025,0.027298449,0.04260589,0.0965351,0.057549298,-0.0018532824,0.116550714,0.12482519,-0.010597877,0.018791866,0.07040713,-0.0027920085,-0.004113939,-0.0035170608,0.099323735,0.21008076,-0.0105687,0.10307182,-0.004221109,-0.00583678,0.07055245,-0.0069250218,-0.0072047384,0.20195124,-0.0023531038,-0.0060566994,-0.008370792,0.08178335,0.04216819,0.007508464,0.1506163,0.029084519,-0.0025616286,0.36709276,0.023124617,0.50690216,-0.0008619774,0.25143847,0.5481141,0.21457341,0.16794121,0.1463614,0.10885053,-0.0076814196,-0.011496291,0.2625301,0.059015162,0.049112156,-0.0051193587,0.23021401,-0.00618563,-0.00751618,0.075408086,0.55458367,0.19882582,0.08557221,0.00647676
TCGA-D8-A27F,0.062891796,-0.005931332,0.78913826,0.09326616,-0.010233259,0.48769876,-0.019854005,0.009242892,-0.006748542,0.16737843,0.11584671,0.0903123,-0.014450929,0.22472012,0.013817109,-0.006783957,0.033933513,0.22836773,0.117937915,0.16337042,-0.00370693,0.0989811,0.32819054,-0.0120698055,0.439315,-0.004642925,-0.009607775,0.2693947,-0.010316908,-0.011868159,0.2986828,0.06057113,-0.017592771,-0.016245253,0.3146639,0.088864625,-0.017329263,0.15541945,0.12557288,-0.007988893,0.53660774,0.1658335,0.64540637,0.031725243,0.24487641,0.834731,0.34241214,0.19953172,0.10669111,0.23386255,-0.012651861,-0.015923763,0.34557292,0.15022852,0.11304664,0.15293358,0.2868122,-0.013547693,-0.01677244,0.16369715,0.8143252,0.097092986,0.07928075,0.07007265
TCGA-D8-A27G,-0.0042984243,-0.0053450577,0.44054794,0.024822261,-0.0033560507,0.2331585,-0.01906917,0.023800898,0.043840557,0.10631858,0.066517875,0.06933652,0.025157658,0.05387965,0.12045782,-0.0054558488,-0.002809309,0.076725505,-0.0026944128,0.060505513,-0.009471891,0.034818362,0.21621846,-0.005098348,0.07499109,-0.005655147,-0.00922299,0.051086612,-0.007821205,0.028615069,0.2231213,0.07285847,-0.0024122763,-0.0034937363,0.11019642,-0.0043224953,-0.00096555095,0.15487215,-0.0010936372,-0.0059433803,0.2221681,0.02225719,0.43965164,-8.525998e-05,0.17736357,0.4833591,0.19456586,0.15480489,0.16384383,0.030744314,-0.0065404736,-0.008891338,0.18714052,0.025495885,0.06905764,0.033496015,0.18666218,-0.009710048,-0.0069563217,0.11047582,0.50586826,0.10449285,0.051481742,0.014186576
TCGA-D8-A27H,-0.0089265425,-0.008515321,0.6006291,0.06952345,-0.005494788,0.31042212,-0.015486488,0.08184558,-0.0020758302,0.08165531,0.065563634,0.04881189,0.026388753,0.19187737,0.09736409,-0.00031111165,0.061176814,0.20177265,0.021503292,0.07596722,-0.005230696,0.06495856,0.21939735,-0.00989985,0.039068457,-0.013376772,-0.014675716,0.11844198,-0.008379294,0.020404834,0.2829757,0.008129882,-0.00766468,-0.0086516095,0.18119499,0.015504099,0.04744342,0.19553995,0.028118916,-0.00829878,0.27205163,0.046376325,0.5593878,0.038514182,0.12946576,0.65574473,0.29164708,0.1030723,0.20114101,-0.0016437352,-0.014784643,-0.011046579,0.17702997,0.11465177,0.046063393,0.0016845902,0.29046047,-0.011534311,-0.0098307235,0.17639633,0.65695745,0.069112994,0.106708616,0.024992809
TCGA-D8-A27I,-0.003477956,-0.0080224415,0.3744276,0.011355203,-0.009149149,0.24665952,-0.023468997,0.09791194,-0.00294032,0.07205623,0.04160202,0.08352846,0.0500496,0.117404886,0.14556012,-0.0033701793,0.05474284,0.07634774,-0.00087145343,0.09458597,-0.0071146623,0.04540195,0.22840774,-0.0047664675,-0.0013300736,-0.005314187,-0.008213416,-0.00090115145,-0.001993848,0.052567977,0.17413612,0.03768091,-0.002757903,-0.003933161,0.062052693,0.0045105405,0.025586734,0.086548,-0.008521854,-0.004497496,0.19871636,0.008970829,0.37905395,-0.0010078747,0.18657753,0.43097633,0.15862185,0.1391185,0.21919556,-0.0006743148,-0.010871306,-0.005115776,0.14280823,0.056871437,0.03361449,0.035486747,0.18237415,-0.005584267,-0.0036232122,0.096427456,0.47126085,0.10093404,0.04259027,0.023784816
TCGA-D8-A27K,-0.0049774367,-0.0077959406,0.40297112,0.09793869,-0.0056949095,0.30773583,-0.016891291,0.07717669,-0.00088253955,0.09423253,0.061464626,0.06662475,0.04931818,0.13811654,0.108016446,-0.0028282106,0.034253296,0.12380968,0.05465091,0.056461778,-0.004040304,0.035972357,0.22000282,-0.006846568,-0.0027372749,-0.009411191,-0.011080856,0.05744482,-0.008903917,-0.003779082,0.15340132,0.032964647,-0.005907982,-0.0065300153,0.16011488,-0.00062114,0.00032560155,0.13982067,0.066435434,-0.0091102375,0.26711163,0.0210068,0.43331003,0.033274792,0.17592302,0.4811682,0.2000274,0.10966052,0.21722701,0.0114400685,-0.0035760037,-0.006746398,0.19643876,-0.00046562776,0.07682653,0.01494542,0.21398275,-0.010185614,-0.003678868,0.08972027,0.5381854,0.18318698,0.02447575,-0.00036678612
TCGA-D8-A27L,-0.0048899236,-0.008663989,0.3353183,0.02103879,-0.0029061195,0.19733268,-0.016809793,0.07463422,0.008068066,0.036026113,0.06435115,0.07554203,0.036334205,0.061985686,0.11246303,-0.0024566606,0.033186,0.0673261,-0.0010283347,0.034420665,-0.0054085143,0.049200106,0.19464004,-0.007248454,0.01880071,-0.0062059946,-0.008224532,0.03444845,-0.004509193,-0.0016576318,0.1543612,0.04085092,-0.0047148317,-0.004401278,0.073592365,-0.0014809227,0.044914734,0.11842441,-0.0035961575,-0.007545111,0.22173297,0.0078206025,0.36114827,0.043228213,0.16067961,0.40700084,0.17002079,0.13481638,0.20758191,-0.0004859332,-0.0063196532,-0.008008885,0.13680005,0.030232815,0.06097102,0.0048045022,0.17126825,-0.008097236,-0.0043799374,0.12419728,0.45868015,0.06012093,0.059172127,-0.0016922988
TCGA-D8-A27M,0.023228493,-0.0028237412,0.69379085,0.122705355,-0.008685185,0.4222666,-0.02162754,-0.0010268614,-0.0025524923,0.09553033,0.021483906,0.10599357,-0.0011752424,0.14298746,0.024778884,-0.0041251793,0.16695766,0.105872944,0.03958659,0.010637734,-0.0030130188,0.13386261,0.35976678,-0.013592767,0.332485,-0.002362448,-0.011523503,0.15348938,-0.0030242596,-0.0015625202,0.28965086,0.079466,-0.017475167,-0.011067589,0.077341594,-0.010455787,0.0041173734,0.102528825,-0.0042494987,0.02006495,0.54719394,0.039983407,0.620604,-0.010476961,0.29663306,0.90559196,0.40242827,0.29551804,0.22155155,0.13629726,-0.01587961,-0.010132626,0.35922545,0.21809278,0.07887554,-0.00063804316,0.31507632,-0.014479913,-0.020023515,0.2842989,0.7509963,0.054089375,0.18760729,0.16974501
TCGA-D8-A27N,-0.0073163495,-0.0005155839,0.4776315,-0.0010588731,-0.0042572296,0.44794014,-0.0185201,0.054882325,-0.0014263574,0.084990785,0.08078475,0.07828128,0.049467728,0.093437746,0.042895768,-0.0043944963,-0.007404016,0.12279555,-0.005170274,0.13775766,-0.009770316,-0.0014477868,0.25732026,-0.007911931,0.16747999,-0.011931131,-0.013160439,0.05002825,-0.007352403,-0.0012606847,0.2572592,0.039911073,-0.009135227,-0.008122911,0.09270448,-0.006909722,0.0021853,0.22664595,0.018916309,-0.0076836236,0.32191864,0.032149903,0.49001497,-0.0016137466,0.24894057,0.6166606,0.24001533,0.18478322,0.15510653,-0.0050105876,-0.00637196,-0.008990741,0.1827586,0.054794542,0.08759977,-0.0032250073,0.23056622,-0.013739972,-0.00866616,0.12939835,0.64290285,0.08710463,0.0355622,0.059596486
TCGA-D8-A27P,-0.006754063,-0.010537046,0.38579267,0.08777772,-0.00716168,0.2734366,-0.009803575,0.07850483,0.03411275,0.11053078,0.058604524,0.029666027,0.054148085,0.109025754,0.12920326,-0.002855951,-0.0008120079,0.14387958,0.042779543,0.025511738,-0.005666414,0.03925247,0.19855788,-0.0043112435,-0.0018241563,-0.013974386,-0.009018692,0.033453878,-0.008445073,-0.0065400857,0.17399526,-0.0014552359,-0.005049355,-0.0057387105,0.14652863,0.03601008,-4.2654574e-05,0.17781517,0.043658786,-0.008950949,0.273843,0.025946852,0.45122233,0.07749861,0.1535889,0.5042539,0.20594892,0.11931978,0.2463278,0.02496953,-0.006340706,-0.010507605,0.17083532,0.015843196,0.091687456,-0.004396941,0.22906189,-0.009476915,-0.0045103,0.08749549,0.55792946,0.18262462,0.024492119,-0.0018747117
TCGA-D8-A27R,-0.00246221,-0.01269451,0.6369361,0.05343708,-0.0113524785,0.42895535,-0.016203562,0.03035172,0.044992536,0.068378456,0.11052358,0.06577121,-0.009579462,0.09222217,0.062002867,-0.0030777042,0.037325285,0.14415197,-0.0030395472,0.06837413,0.013804873,0.10291946,0.23075116,-0.006473032,0.2871581,-0.0029201792,-0.009346349,0.13673905,-0.010901316,-0.012031506,0.34692016,0.04440898,-0.014646287,-0.014403884,0.12742981,0.0044033676,-0.0043188366,0.14188436,0.030708533,-0.007733334,0.41136646,0.054887846,0.63362956,-0.0055894875,0.21691677,0.74109685,0.22493151,0.2046024,0.18555278,0.07182676,-0.013365184,-0.0122583015,0.30371243,0.092916265,0.025283152,0.024925165,0.29801345,-0.014945246,-0.010774915,0.18844867,0.7047042,0.03752534,0.08258103,0.031343013
TCGA-D8-A27T,-0.0068833414,-0.010073463,0.38580093,0.07468845,-0.0034694658,0.25799802,-0.013377227,0.056659237,0.03137184,0.10455564,0.0650042,0.03983347,0.009324577,0.09722188,0.12751788,-0.004992014,-0.001181065,0.11961472,0.03483817,0.01446335,-0.0051559443,0.059451718,0.2013507,-0.0052457037,0.0462663,-0.008504226,-0.0061214315,0.042106763,-0.003226823,-0.0061241835,0.17237943,0.018056693,-0.002170559,-0.007836336,0.1153492,0.048747707,0.047088,0.10349621,0.021354586,-0.008565994,0.23477878,0.025297413,0.45824733,0.033617638,0.1557057,0.48823357,0.20623598,0.12969159,0.2248943,0.010003366,-0.009831249,-0.009881504,0.1770955,0.05466394,0.063582964,0.00012716185,0.1885177,-0.009347013,-0.004363285,0.10130693,0.5214173,0.08821136,0.04564954,-0.0017434538
TCGA-D8-A27V,-0.005800488,-0.0080689145,0.53661966,0.051867526,-0.0025996934,0.3751835,-0.016829005,0.03650268,0.05839368,0.054643102,0.0521146,0.09825827,0.09323296,0.07328829,0.054395687,-0.004220293,0.010809002,0.17516948,-0.002786345,0.058757823,-0.0066196644,0.08034417,0.20563523,-0.008390062,0.055566583,-0.008512707,-0.0052956087,0.057183504,-0.0051623206,-0.007752879,0.17757267,-0.000877459,-0.004221545,-0.008985496,0.1093249,0.038982466,0.02406577,0.21926308,0.14172581,-0.0018886619,0.29610017,0.05284685,0.4914366,-0.00021312945,0.1783202,0.61596274,0.22102487,0.16879529,0.18398218,0.037382327,-0.012579127,-0.0065046004,0.20424435,0.04338669,0.05839277,-0.0068721883,0.20672072,-0.00995757,-0.008995218,0.083760105,0.5539133,0.107583694,-0.0017864745,0.027665637
TCGA-D8-A27W,-0.009803,-0.009944466,0.5303021,0.08419864,-0.005220473,0.35269925,-0.019198108,0.022812277,0.0170939,0.110813975,0.100917205,0.090872064,-0.0042028455,0.05049611,0.073003806,-0.0046486533,0.056520592,0.14763169,0.03408184,0.1303053,-0.0057080886,0.09396449,0.19987194,-0.0035349564,0.116994694,-0.005448921,-0.0077203335,0.093300074,-0.0026468628,-0.005395128,0.21907473,0.050242636,-0.009513436,-0.014034328,0.12129891,2.3806468e-05,-0.00095386617,0.13965532,0.06414417,-0.0054268567,0.29051653,-0.00037926735,0.54546535,0.030003916,0.1855604,0.5349322,0.17284328,0.15273665,0.16314885,0.0071798638,-0.008228608,-0.008285427,0.2224608,0.015575634,0.09367653,0.059001714,0.18024175,-0.013470813,-0.0089967,0.12431151,0.65642583,0.1375978,0.06248169,0.013072096
TCGA-D8-A3Z5,-0.009472663,-0.008048448,0.46921962,0.026965018,0.0038321894,0.31821916,-0.021529643,0.08611697,0.005585924,0.050430827,0.02557034,0.13615239,0.11631341,0.08994386,0.07946603,-0.006243426,0.13268243,0.09411563,-0.0055415886,0.13947268,-0.0019495899,0.100513026,0.25051054,-0.009716614,-0.0059319977,-0.0048152762,-0.008439398,0.012610758,-0.003448488,-0.0009190412,0.20134376,0.04287335,-0.0026862018,-0.005686825,0.1426594,0.05397107,0.08841869,0.13534577,0.003934581,-0.0033407442,0.2344931,0.03098875,0.4047435,-0.0035796768,0.15698287,0.5171644,0.20676926,0.095715925,0.19786623,0.03898383,-0.011706051,-0.002838499,0.1583757,0.0091843065,0.046075556,-0.007000436,0.13986303,-0.0067853318,-0.0021458152,0.05179267,0.5259427,0.095089644,0.08192615,0.086953565
TCGA-D8-A3Z6,-0.0027464193,-0.0077672075,0.4821384,0.025129225,-0.006173937,0.35890177,-0.019531185,0.018649243,0.03386165,0.051275276,0.08038892,0.07220806,0.028686425,0.045946606,0.0756215,-0.004779355,-0.0017089602,0.16745035,-0.004376365,0.07174365,-0.0041238978,0.051228546,0.23351961,-0.0048904265,0.116583064,-0.0049923407,-0.004762486,0.10791602,-0.00488908,-0.0032840383,0.2209958,0.042940002,-0.0053710775,-0.005431918,0.06351573,-5.1585026e-05,0.0284444,0.18305062,0.001984857,-0.0066880644,0.29239142,-0.004047237,0.44723058,-0.0036707737,0.24465752,0.5370731,0.25365394,0.16709675,0.16906904,0.026796617,-0.007409207,-0.010814822,0.17381814,0.028517848,0.105840884,-0.004891711,0.23335297,-0.013346965,-0.007302213,0.106815964,0.5118439,0.11639148,0.03950834,-0.00071990304
TCGA-D8-A4Z1,-0.008809536,-0.0108459,0.40089643,-0.0021149635,0.02041418,0.2693182,-0.01955412,0.12717378,0.017070102,0.02290833,0.038905777,0.105158776,0.09169978,0.12200014,0.061596844,-0.0029612787,0.112514794,0.1433076,-0.00068113435,0.107837036,-0.0014218924,0.06550497,0.2892307,-0.009978162,-0.0077438653,-0.0090515185,-0.008875837,0.03237867,-0.0023732383,0.0216044,0.22292535,0.011568423,-0.0041280612,-0.002991326,0.16404589,-0.0028960116,0.058906294,0.14407739,-0.0002947923,-0.004109591,0.18361092,0.002049651,0.40700388,-0.0037333213,0.1344822,0.52319735,0.1970565,0.1268325,0.22134885,-0.0014143329,-0.0075759985,-0.0043263608,0.09272063,0.0014649741,0.054603755,-0.0011888805,0.16519962,-0.01157778,-0.001458566,0.12993047,0.5672941,0.047205567,0.069741145,0.04930614
TCGA-D8-A73U,-0.008282112,-0.0058708577,0.363347,0.031123374,0.013452752,0.25053865,-0.013161436,0.061925188,0.015795836,0.020176977,0.0038822256,0.07999949,0.08158717,-0.0030104534,0.023904692,-0.0037425968,0.038409203,0.11339949,-0.005778273,0.027493682,-0.00925059,0.025667347,0.18229498,-0.009505075,0.0063799024,-0.0073966384,-0.0044647045,0.03945244,-0.0047855633,-0.00088246056,0.15982388,0.062202606,-0.006106498,-0.0013144873,0.11296956,-0.003591653,0.061690107,0.12920813,-7.122532e-05,-0.003048287,0.16667753,-0.0011236708,0.3757156,0.042969853,0.15754446,0.43152925,0.23905581,0.16362217,0.12969904,0.017002832,-0.008307397,-0.010234379,0.12678239,0.029404493,0.05358442,-0.0014483243,0.16713464,-0.006006327,-0.003067385,0.118162856,0.46872872,0.045491017,0.04374923,0.037113644
TCGA-D8-A73W,-0.008290275,-0.0077664494,0.3912972,0.028006557,-0.007197761,0.3620593,-0.020730847,0.0076000914,0.047059763,0.03974761,0.067488,0.116616085,0.06919488,0.06107437,0.07199742,-0.0039686156,0.07553439,0.04514709,-0.010875392,0.07299644,-0.009918095,0.1289315,0.21919762,-0.002971043,-0.0018685263,-0.0042479686,-0.010747176,0.013241332,-0.007046914,-0.00051065645,0.1979068,0.008765354,0.04254869,-0.0025926437,0.07176076,-0.0018528948,0.07153055,0.19275004,0.061347,-0.0012805279,0.21092783,-0.009127672,0.3825862,0.027246881,0.2066544,0.4342524,0.24926719,0.2036032,0.104077466,0.06906278,-0.011364142,-0.010910514,0.18336609,0.05328367,0.08800093,-0.005997321,0.21768437,-0.012885368,-0.007815862,0.06830058,0.48071104,0.13242318,0.06324947,-0.0052756798
TCGA-D8-A73X,-0.011641157,-0.008489773,0.31355527,0.07395835,-0.0017820456,0.25942096,-0.013088233,0.03666033,0.028694468,0.050910056,0.035151467,0.10073711,0.08217973,0.052303612,0.08084896,-0.0056052986,-0.00067758746,0.113536626,-0.0009794518,-0.0014662773,-0.007852998,0.05013172,0.20912787,-0.00823699,-0.0059173647,-0.006851611,-0.00515906,0.024567861,-0.003920289,-0.0068106437,0.1266585,-0.00046439545,-0.0014994353,-0.0053718155,0.11896297,0.008198911,0.07350581,0.13000974,0.033799082,-0.005559323,0.16600159,-0.0012879852,0.37642223,0.042538688,0.16106525,0.40326056,0.22084585,0.16477153,0.20835672,0.013180144,-0.009297016,-0.011568043,0.12997034,0.044169836,0.06966946,-0.005204589,0.19657643,-0.010190328,-0.0018959945,0.07393373,0.46224368,0.07958318,0.042471323,-0.0011186332
TCGA-E2-A105,-0.010506592,-0.014940356,0.5884308,0.24851553,0.057770893,0.52906847,-0.02777271,-0.0017811097,-0.00040027872,0.116626725,0.114472106,0.15112005,0.066040516,0.08138848,0.1196771,-0.004665141,0.023775242,0.21439897,0.08012802,0.117137164,-0.0082401475,0.13723119,0.2852079,-0.009313747,0.19935173,-0.0076643126,-0.013487189,0.13072488,-0.0040119276,-0.012991789,0.27688712,0.041503284,-0.011985409,-0.015625734,0.08376116,-0.0016098599,0.14630775,0.17726614,0.17098895,-0.0031820138,0.34904036,-0.0049008443,0.5458435,0.0032654405,0.18991496,0.74153733,0.25719723,0.18813111,0.16772664,0.023371436,-0.0166058,-0.012941733,0.23123997,0.13603523,0.08599725,-0.007443372,0.2988846,-0.020468911,-0.013053742,0.13135885,0.6527349,0.14320466,-0.0016600909,0.08731943
TCGA-E2-A106,-0.00010291012,-0.010416947,0.6314245,0.05205125,-0.0055667483,0.44504562,-0.01772884,-0.0014692746,0.055017773,0.07802588,0.1715205,0.08115977,-0.0024987322,0.15761775,0.10464661,-0.010421534,-0.0037988012,0.17635044,-0.0040187696,0.1952882,-0.009560536,0.08934991,0.16973601,-0.005100017,0.27281195,-0.008076938,-0.008880596,0.12806153,-0.013376767,-0.013950199,0.27893758,0.023965284,-0.0056273635,-0.012235925,0.072323136,0.020121206,-0.001422951,0.25914523,0.07941854,-0.005195912,0.42478088,-0.0036336351,0.560767,0.016138632,0.2813401,0.7988304,0.25851977,0.13205406,0.23841256,0.103917055,-0.016969997,-0.009151151,0.23438343,0.10523832,0.07011115,-0.010286107,0.31846213,-0.01343894,-0.010623828,0.15184069,0.709977,0.21301049,-0.0010876667,-0.00075302314
TCGA-E2-A107,-0.008329464,-0.0075457096,0.5326458,0.11726287,-0.0036104254,0.3584457,-0.01183588,0.13525726,0.017853085,0.02422291,0.020959914,0.054676488,0.06608842,0.073804155,0.15328431,-0.0070242956,0.07502802,0.21594183,-0.0025143125,0.18153335,-0.0077770795,0.054805405,0.24192126,-0.0070973793,0.020646948,-0.009383894,-0.00732368,0.050579518,-0.008374837,-0.0032425881,0.25046813,0.09176646,0.009228561,-0.006357907,0.21545318,0.06515302,0.05176989,0.16727097,0.01576934,-0.00296425,0.19504853,-0.0016214785,0.5274744,0.013170792,0.25058103,0.6524278,0.27275985,0.10372689,0.23048252,-0.00052476674,-0.0074748457,-0.0037267432,0.2512817,0.09061556,0.031545796,-0.009045437,0.24031104,-0.004133482,-0.00074508064,0.15415913,0.67366797,0.09430839,0.07578018,0.023108438
TCGA-E2-A108,-0.0100262705,-0.010832063,0.4581246,0.0614673,-0.0046698684,0.2609002,-0.017682245,0.14451002,0.029571736,0.048912868,0.014296274,0.06677346,0.10663107,0.033833727,0.12853423,-0.00498033,0.036105223,0.12906522,-0.0055997293,0.057949815,-0.007745625,0.073925436,0.22059028,-0.0057119527,0.05589105,-0.008657406,-0.011258501,0.06322018,-0.005544498,0.006590184,0.217591,0.07429746,-0.0030761186,-0.005832727,0.16025819,-0.002747466,0.06674632,0.14361826,-0.0011670176,-0.004091049,0.216734,0.011650074,0.46831244,0.03821606,0.13802755,0.5050375,0.2339403,0.22665036,0.18975371,-0.00030151606,-0.010288737,-0.012278433,0.1742592,0.046535455,0.076786466,0.027944118,0.23698972,-0.005060956,-0.005427268,0.15994003,0.528604,0.015829371,0.0932278,0.0318197
TCGA-E2-A109,-0.010594545,-0.0059425193,0.70932037,0.1310285,-0.004901377,0.55895513,-0.024494056,0.066367514,0.0036463663,0.13923351,0.17979132,0.112979606,0.06957762,0.1980891,0.12473854,-0.009650354,0.063144684,0.18973704,-0.0024715501,0.23600446,-0.0023820575,0.14850157,0.29345986,-0.012608605,0.29885975,-0.018114649,-0.011117999,0.13128534,-0.01669847,-0.0051829093,0.3476374,0.0839923,-0.0036790338,-0.008198577,0.23507166,0.13409615,0.04591854,0.35288492,0.0063139796,-0.0026112106,0.4081913,-0.0030184356,0.6209649,-0.0070797578,0.31176502,0.7323269,0.35687208,0.17028779,0.15851542,0.010880336,-0.010069044,-0.015565512,0.27983057,0.0073156767,0.07897202,-0.0036156692,0.40211228,-0.018732512,-0.0042610294,0.05337208,0.76217216,0.24254036,0.016784586,-0.0016866025
TCGA-E2-A10B,-0.006788769,-0.0058473926,0.48958904,0.07832992,-0.0017432154,0.36291054,-0.017103132,0.040520445,0.022866182,0.03960529,0.008898318,0.13869466,0.0857677,0.020432841,0.065225214,-0.0013247308,0.03809891,0.13305986,-0.0034722593,0.079564705,-0.004984911,0.046711482,0.26950428,-0.0061435346,0.109762,-0.0053256936,-0.011305088,0.04491147,-0.0053784247,-0.0017703001,0.25166568,0.05926515,-0.00918278,-0.0015944701,0.11665103,0.006329179,0.045614682,0.20412529,0.04545392,-0.005883699,0.2801816,0.039177433,0.49752095,-0.002656106,0.19278502,0.6008903,0.33001456,0.15322849,0.1896341,0.0071376525,-0.0041052266,-0.0115592275,0.18387628,0.059764743,0.05533862,-0.00906186,0.22385985,-0.017458407,-0.009134427,0.14542761,0.6115423,0.14487915,0.10794835,0.07172082
TCGA-E2-A10C,-0.0007795963,-0.007142395,0.5189537,-0.00074160733,-0.0056535997,0.31840247,-0.02234262,-0.0018260013,-0.00088518485,0.048518084,0.11522558,0.103708446,-0.003205916,0.062107988,0.012650356,-0.0028431842,0.08629677,0.11017938,0.03342963,0.008857373,-0.0009289287,0.08465714,0.26402405,-0.0068656816,0.1823389,-0.0002666846,-0.0039317715,0.12456479,-0.014212093,-0.003682953,0.21179491,0.041408595,-0.0023833874,-0.0003809616,0.05942751,-0.0020818606,-0.0034119885,0.15780915,0.021442145,-0.008357787,0.27670074,0.01387063,0.45474708,0.0040725805,0.1990162,0.58270955,0.22865483,0.10933604,0.13624237,0.09357665,-0.00829609,-0.00023366325,0.2455635,-0.0002084341,0.08300655,0.034128167,0.26948202,-0.0098048,-0.00858293,0.08685595,0.4733733,0.1091417,0.03304976,-0.0029983313
TCGA-E2-A10E,-0.0072291554,-0.000672802,0.4453416,0.08431816,-0.008937567,0.27025685,-0.011212778,0.10185628,-0.0017243415,0.107160196,0.055946723,0.06491825,0.11767395,-0.0009282104,0.09275599,-0.0011382446,-0.00545899,0.15815502,-0.0039111404,0.0014269724,-0.01024326,0.029149469,0.19108595,-0.0043663797,0.0998864,-0.0016617792,-0.007892272,0.0729487,-0.00656394,-0.0048912107,0.103372976,0.013604481,-0.007218106,-0.008950596,0.1504106,-0.00018934887,0.104589924,0.15877023,0.07152882,-0.0030651053,0.3223323,-0.0007078365,0.48129445,0.04486788,0.18900594,0.6129443,0.17698735,0.18522719,0.17393838,-0.000116552415,-0.0043583033,-0.012129199,0.25284058,0.086636215,0.06442036,-0.0021185668,0.2144775,-0.007534376,-0.012156035,0.120066375,0.48639423,0.09586135,0.072281286,0.0321844
TCGA-E2-A10F,-0.006065642,-0.004796048,0.41437995,0.061639022,-0.005144553,0.31275216,-0.016602172,0.036008812,0.0701468,0.009758145,0.036284134,0.08328515,0.030801162,-0.003683672,0.06952496,-0.0047541233,0.030040778,0.14902005,-0.0062704557,0.0072522126,-0.008122168,0.06360033,0.23081166,-0.0065422985,0.092699245,-0.008189975,-0.0066738795,0.052505434,-0.0037697179,-0.0043132133,0.19707987,-0.00017044005,-0.0072572567,-0.003234331,0.096689545,0.02605445,0.030239753,0.16516863,0.026951648,-0.0047346405,0.21394487,-0.004528719,0.4217556,-0.004066895,0.16478682,0.46889675,0.22084087,0.1648129,0.14854224,0.012918897,-0.0061852634,-0.013120353,0.12769194,0.069581024,0.056743056,-0.0003861864,0.25287214,-0.010819917,-0.009928936,0.1452485,0.50113654,0.06504497,0.08460525,0.000119931996
TCGA-E2-A14N,0.045875352,-0.00865453,0.9306265,0.13503198,-0.009760885,0.52720845,-0.038438354,0.12469207,0.0596532,0.04470682,0.06299764,0.2637931,-0.0011745881,0.29177567,0.11404255,-0.025573129,0.28364596,0.117350414,0.004221946,0.4269974,-0.007474236,0.23196723,0.3383952,-0.004017885,0.40620998,0.088516355,-0.01306724,0.06316683,-0.0042160572,-0.009344697,0.46738994,0.2781319,-0.009360204,-0.024635969,0.07258428,0.09777947,-0.0013058778,0.31341848,0.13343507,-0.0024558217,0.6433828,0.09387739,0.9292317,-0.012328406,0.4101784,1.2339218,0.4258937,0.22913198,0.14647026,0.13083157,-0.022975802,-0.0027226235,0.39650345,0.052168757,0.0106296595,-0.016054558,0.20460206,-0.024271315,-0.00021063261,0.161574,1.2143525,0.2406961,0.01879042,0.2254638
TCGA-E2-A14U,-0.0068754777,-0.0036332626,0.68340665,0.10013746,0.03870119,0.41687697,-0.02611439,0.1583169,0.046806525,0.069965094,0.04549256,0.1885323,0.014103685,0.12586269,0.09259716,-0.0032046132,0.2219676,0.21361677,0.031644374,0.14746349,-0.011167934,0.014557499,0.43626082,-0.01335034,-0.01089785,-0.0040038386,-0.011455592,-0.0026730746,-0.00306244,0.018109418,0.34610933,0.05956872,-0.010301602,-0.011671382,0.16137551,0.058327746,0.14869134,0.20601043,0.08650757,0.0011969879,0.36849818,0.025958069,0.677381,-0.015996361,0.1759266,0.77625406,0.2576875,0.25689018,0.23537658,0.025822103,-0.008187175,-0.0044955346,0.16145816,0.042358495,0.0831273,-0.0064470666,0.13665637,-0.019129058,-0.0009536142,0.14247112,0.7830865,0.028984778,0.09460887,0.2000681
TCGA-E2-A15I,-0.0019926727,-0.010489471,0.75779027,0.04667053,-0.008618941,0.49125674,-0.02586436,0.2371911,0.080847666,0.053722672,-0.0005169425,0.1289319,0.19669814,0.22311968,0.25387377,-0.009682945,0.20791769,0.1096932,0.025525656,0.38791776,-0.009328625,0.20361264,0.31651077,-0.004147283,0.030267548,-0.0010612775,-0.0062135817,-0.009532926,-0.004105312,0.049118135,0.39352524,0.17435941,-0.011278468,-0.018746627,0.1115063,0.30565947,0.17832264,0.18738842,-0.0026824758,-0.00080903026,0.49819678,0.07957972,0.72077143,-0.0118769305,0.26260012,0.94863784,0.15617001,0.11720087,0.15702164,0.07822666,-0.012149523,-0.009007518,0.28945297,-0.0012490383,0.019012803,-0.021710014,0.1235826,-0.0057923757,-0.011614074,0.049463876,0.8072583,0.2056998,0.33990914,0.24598272
TCGA-E2-A15J,-0.00068614364,-0.009261817,0.55954164,0.112903774,-0.0047845156,0.4189668,-0.012089181,-0.0075040744,0.0053033493,0.067704424,0.14045537,0.06317961,-0.011720674,0.035888635,0.06091558,-0.0038630099,0.030839268,0.1381471,-0.0013038462,0.08708438,-0.0064660134,0.078686655,0.31391814,-0.0072399275,0.22695349,-0.006743209,-0.009003746,0.12764403,-0.011533603,-0.016667854,0.28817755,-0.0028102424,-0.009767103,-0.009340423,0.14975865,-0.0019136474,-0.00586079,0.18733238,0.04623492,-0.002496218,0.4015017,-0.0028467195,0.50137997,-0.0022149023,0.31911513,0.68266356,0.26659194,0.12147286,0.13557892,0.111520566,-0.0022879231,-0.010754252,0.33958372,-0.0019102208,0.027042462,-0.0043648724,0.3338066,-0.012434839,-0.010186213,0.03850636,0.64630586,0.24248408,0.08711371,0.02405589
TCGA-E2-A15K,-0.0011108671,-0.0048066056,0.7295626,0.033841077,-0.011169502,0.50742525,-0.023598706,0.08676105,0.051105216,0.034599036,0.08358808,0.13188827,0.038220488,0.19683939,0.08628084,-0.009249845,0.08053167,0.13928337,-0.0022106725,0.2310078,-0.0030728923,0.11089899,0.30581924,-0.013711815,0.22102453,-0.0042242375,-0.007158582,0.046973385,-0.007816802,0.010710221,0.37422466,0.06514262,-0.011793025,-0.016265934,0.07088126,0.08816445,0.074378595,0.27256158,0.053062215,-0.00064812525,0.5098842,0.111821994,0.67609197,-0.0007924788,0.2942438,0.8280981,0.30948436,0.16963923,0.16410524,0.07102414,-0.010443184,-0.009276955,0.31225508,0.0057826955,0.08947845,-0.008340233,0.28588098,-0.017179826,-0.010552261,0.14967601,0.7847365,0.1711069,0.12794152,0.16640182
TCGA-E2-A1AZ,-0.011604765,-0.013955327,0.7786007,0.14528906,-0.003264825,0.5400541,-0.024372865,0.037103094,0.027271671,0.117074415,0.00665709,0.10609536,0.06821503,0.1664408,-0.003910027,-0.006999042,0.10393968,0.15420471,-0.0033518232,0.19956705,0.02936734,0.08872567,0.42174688,-0.009299641,0.42617851,-0.0029723786,-0.009054403,0.19192941,-0.012326399,0.026865225,0.4786114,0.18951897,-0.02712421,-0.014978627,0.26842505,0.022038266,0.12346232,0.29605934,0.18297236,-0.0073173353,0.3517159,0.014301579,0.7567139,0.00729041,0.16621275,0.899172,0.5918676,0.18995939,0.11244093,0.04091996,0.000493519,-0.01722833,0.39593273,0.044375926,0.04655493,0.04012733,0.5663623,-0.02318424,-0.0042134128,0.18255255,0.86568826,-0.0023319914,0.10946439,0.09152931
TCGA-E2-A1B0,-0.0031445653,-0.0029019662,0.50460494,0.045495797,0.022849554,0.332871,-0.017783271,0.076529905,0.016537942,0.088959575,-0.003240655,0.14176868,0.04646243,0.05410466,0.045853123,-0.008532204,0.038856417,0.08443092,-0.00368075,0.18821435,-0.009652384,0.044438254,0.22545825,-0.0034965836,0.16974942,-0.003607501,-0.012572939,0.091495566,-0.010995622,0.011533219,0.2983959,0.11256294,-0.011731485,-0.005210185,0.09272647,-0.002693476,-0.0016421784,0.19937342,0.050735958,-0.002986441,0.31692222,-0.0035103548,0.47775632,0.05150242,0.2531511,0.6650859,0.30380252,0.20134307,0.04971311,0.023465116,-0.0041020326,-0.010557557,0.2839445,0.046869747,0.05554752,-0.008035725,0.26705697,-0.012774362,-0.007596295,0.17857243,0.6406355,0.09563581,0.08238876,0.083520904
TCGA-E2-A1B1,-0.0064063966,-0.002905935,0.38869333,0.03987552,-0.0018034515,0.2938281,-0.019149786,0.0828855,0.034326807,0.04062768,-0.00083032215,0.06862186,0.072865896,0.024290945,0.07805638,-0.004023968,0.04657548,0.12012081,-0.008230185,0.083805114,-0.005346068,0.05676524,0.20485955,-0.0072577256,0.046484675,-0.010035969,-0.008878385,0.036201674,-0.0041652583,-0.00030462164,0.1877712,0.030875111,-0.005446964,-0.0026429098,0.11528304,-0.0035389077,0.004841622,0.18606637,0.008658513,-0.0022252027,0.1919083,0.015928851,0.4036134,-0.0012519568,0.16976483,0.46189404,0.25505474,0.15482469,0.1565395,-0.0029686585,-0.006515945,-0.011785783,0.16098773,0.060797557,0.045715503,-0.0043080836,0.1805978,-0.01363899,-0.006816111,0.17833665,0.53563315,0.10811764,0.07466388,0.04708945
TCGA-E2-A1B4,-0.009216231,-0.014728089,0.50447917,0.075456485,-0.0015327476,0.31109193,-0.009381953,0.11116874,0.021689396,0.07005359,0.06666732,0.053179238,0.063551456,0.12825671,0.11675451,-0.0030195394,-0.0028988277,0.15244457,0.08056902,0.117752746,-0.009153917,0.03982581,0.25192663,-0.004017133,0.02778275,-0.008081475,-0.008294701,0.03507366,-0.008595201,-0.010943025,0.21291603,-0.0017846369,-0.0020732356,-0.0062604323,0.1297298,0.063966304,0.040506512,0.19758609,0.087367326,-0.006785333,0.30688396,0.025304299,0.5576672,0.047532044,0.24315639,0.71536696,0.25207675,0.15384042,0.27810535,-0.002237651,-0.007262846,-0.008260699,0.20044455,0.06011773,0.082846396,-0.01005537,0.2334919,-0.007156784,-0.0031400279,0.11135515,0.6180995,0.17405403,0.045480516,0.040716514
TCGA-E2-A1B5,-0.0030109417,-0.012936996,0.7490541,0.060728442,0.09353778,0.5191801,-0.024161566,0.065509684,0.006961327,0.20731483,0.017571196,0.20731935,0.010989349,0.062338457,0.0111522265,-0.0060476074,0.16684009,0.09541394,-0.004007339,0.17743053,-0.011646627,0.10511397,0.40275362,-0.008509149,0.097244754,-0.006288773,-0.0076340847,0.024048898,-0.008473341,-0.0082156565,0.26796955,0.16516629,-0.008886282,-0.018685175,0.058130637,0.035975456,0.09523997,0.20832485,0.0740858,0.05020774,0.45045546,0.03733092,0.6418664,-0.004323523,0.32158184,0.85488665,0.27554616,0.19008227,0.23363408,0.015579853,-0.014740652,-0.0071292045,0.2987136,0.18831004,0.078992866,-0.012863775,0.22131723,-0.011729603,-0.017496485,0.11598173,0.8900323,0.10862975,0.1029046,0.1334487
TCGA-E2-A1B6,-0.011942866,-0.009382091,0.921205,0.33244097,0.1950804,0.5892227,-0.03254048,0.029872354,-0.0012587894,0.13813306,-0.006681965,0.22219682,-0.002538028,0.2050986,-0.00090032816,-0.015905488,0.2846094,0.08077134,0.004998438,0.32078463,-0.005498083,0.18749842,0.5164562,-0.0024297026,0.2561386,-0.0055611273,-0.010631982,0.13261539,-0.010933204,-0.009717946,0.31733996,0.17894791,-0.007770169,-0.016945278,0.0950882,0.072677106,0.052633718,0.27561182,0.18383922,0.056253992,0.5062587,0.22283928,0.9795194,-0.0104748,0.49867424,1.0841259,0.6472218,0.2980917,0.37294355,0.070762046,-0.018365989,0.03587488,0.37218967,0.1681865,0.07424927,0.011594052,0.21984383,-0.01993429,-0.010610658,0.22478461,1.1536263,0.09636679,0.16817024,0.14281745
TCGA-E2-A1BC,-0.0004499425,-0.0020888564,0.75922555,-0.0007720057,-0.0020995224,0.4990108,-0.016299775,0.26588416,0.07420562,0.12251112,-0.0024236385,0.19959685,0.12543143,0.112103775,0.23707467,-0.009729127,0.1840694,0.08808763,0.0062848143,0.3330036,-0.009491043,0.12165868,0.42722568,-0.006654785,-0.00018787348,-0.0066479295,-0.007518404,-0.003959082,-0.009482298,0.065449014,0.2731975,0.2733498,-0.008598897,-0.008827927,0.117161065,0.26667193,0.1417062,0.18209693,-0.0021056898,0.054810204,0.5183554,0.084282175,0.75282085,-0.0035643585,0.37595892,0.89058584,0.13600731,0.17810544,0.18061127,0.08858768,-0.007268898,-0.007332583,0.33942562,0.124549866,0.11039168,-0.017972432,0.22020684,-0.01239665,-0.01327008,0.2157154,0.8251366,0.07367554,0.32555723,0.31418735
TCGA-E2-A1BD,-0.007232394,-0.0071226256,0.48494902,0.034405652,-6.5931585e-05,0.32172182,-0.016517423,0.07057297,0.051132116,0.021554299,0.032601967,0.09797487,0.062862,0.0295542,0.10187577,-0.003458444,0.038257174,0.077747226,-0.00381285,0.03161334,-0.0074224235,0.07247199,0.2785198,-0.010249157,0.052314382,-0.005138164,-0.008639446,0.014610836,-0.0043337583,-0.0072821723,0.21129435,-0.0002669331,-0.0041372925,-0.006281397,0.06737835,0.032041382,0.07172621,0.15131593,0.021832343,-0.004965642,0.24962343,0.01579067,0.4711662,-0.0035063566,0.2057255,0.56106114,0.24560061,0.18415108,0.2040602,-0.002016142,-0.007646756,-0.0092988,0.1690681,0.014063554,0.08844944,-0.006500128,0.21668062,-0.01005433,-0.0051222644,0.10024999,0.5605199,0.123242855,0.09171699,0.04903868
TCGA-E2-A1IE,-0.0019144666,-0.012319217,0.5763598,0.033449147,-0.0051527186,0.39917567,-0.017291611,0.034210697,0.03754017,0.11161111,0.093963,0.11571027,-0.0004789494,0.08149916,0.11130059,-0.010585119,0.042164654,0.07966227,-0.000817968,0.26362064,-0.015675895,0.11814283,0.27405727,-0.007872948,0.10864584,-0.0057290043,-0.0016492706,0.035217784,-0.007467774,-0.009902841,0.30013397,-0.00041931085,-0.0034455166,-0.014161681,0.0794171,0.1382897,0.067278564,0.19890119,0.018149272,-0.0035394428,0.40184826,-0.0013655577,0.5587671,0.0009252839,0.30864507,0.7369165,0.24171406,0.15345713,0.18287884,0.040062815,-0.014476798,-0.009966013,0.25750497,0.034532756,0.095512174,-0.017350852,0.22293292,-0.009418075,-0.010804772,0.06303162,0.7425938,0.18688509,0.10972965,0.052300207
TCGA-E2-A1IF,-0.010352682,0.0142073445,0.6942523,0.097469345,-0.0035315119,0.46743545,-0.027343765,0.10607462,0.0520264,0.04299788,-0.001779646,0.17474099,0.07273197,0.088244095,-0.0013173133,-0.0093889935,0.16283204,0.119916126,-0.00595664,0.11817218,-0.00086558296,0.14039494,0.46792328,-0.012801687,0.15714557,-0.010827969,-0.0074897744,0.030273728,-0.011570497,-0.004062466,0.40540895,0.004075585,-0.010803401,-0.008551582,0.036613565,0.039913554,0.10776116,0.23537213,-0.0013628152,-0.0025470126,0.3958893,0.032066204,0.6273629,-0.0122521715,0.22202358,0.7532113,0.40429682,0.17553452,0.2144825,0.001379922,-0.002737793,-0.010908469,0.21728343,0.051743403,0.023914034,-0.0061442223,0.31720352,-0.023515513,-0.011652024,0.14213267,0.81929356,0.067810595,0.15678766,0.13282241
TCGA-E2-A1IG,-0.007026841,-0.0063305446,0.62142473,0.114341065,-0.008652317,0.41824907,-0.024877047,0.16166265,0.0754689,0.013215143,0.011254784,0.1331423,0.16425104,0.15055898,0.12529194,-0.006041273,0.07460214,0.14240098,-0.0034716434,0.33946878,-0.0061466843,0.12841283,0.28966212,-0.015749302,0.13452789,-0.0023603728,-0.010696629,0.031338073,-0.0019550498,0.020920534,0.32857078,0.17080517,-0.014036399,-0.0058064815,0.14781705,0.12261194,0.16274299,0.17001942,-0.004093657,-0.0037174008,0.3599905,0.019902349,0.5607219,-0.009167515,0.26942626,0.810493,0.25889817,0.11933879,0.16416924,0.06195399,-0.008349727,-0.014879331,0.20281255,0.04443541,-0.0020956635,-0.012223579,0.18747681,-0.014842701,-0.011167482,0.1606321,0.7167206,0.20511264,0.1671871,0.20572482
TCGA-E2-A1IH,-0.0032105949,-0.0034456463,0.54626715,0.083383545,0.01866482,0.34419194,-0.020084977,0.16808152,0.010375012,0.082112074,0.026912695,0.11870895,0.033974275,0.044286415,0.031245315,-0.00988413,0.06826624,0.10103127,-0.0024096526,0.11946532,-0.010855676,0.09440746,0.29655835,-0.011470291,0.056803543,-0.009076193,-0.009723304,0.018312346,-0.0055947676,-0.0018631446,0.23922177,-0.0007921336,-0.0016566247,-0.011511075,0.044929713,0.036759216,0.08146958,0.16178867,0.06121642,-0.0017551795,0.27379102,0.060764518,0.63770425,0.020623613,0.2693438,0.72398514,0.29034156,0.19326743,0.21225806,-0.0051653334,-0.010968628,-0.004794499,0.26482573,0.13314135,0.10226933,-0.0021728356,0.24356027,-0.006569729,-0.00684708,0.15682013,0.72157824,0.10251284,0.07056241,0.13802975
TCGA-E2-A1II,0.027943823,-0.007370889,0.58360845,0.120652005,0.14049874,0.36097953,-0.016608646,-0.0012188919,0.051347192,0.090473756,-0.003095571,0.12454131,-0.0027149406,0.07360721,0.02968559,-0.011846641,0.2476168,0.072815135,-0.0062683867,0.06862578,0.016925791,0.20648071,0.25542232,-0.015856659,0.36203784,-0.008207329,-0.0047618556,0.19104187,-0.010852626,-0.014404081,0.2583919,0.1171671,-0.0033519478,-0.0053635826,0.1723488,0.053179238,-0.001168048,0.21618,0.14582631,-0.0028036179,0.3198932,0.009998117,0.4768039,-0.0016095921,0.26067594,0.693416,0.37644,0.1108885,0.0298955,0.12409074,-0.014865291,-0.0009988854,0.3314109,0.16537786,0.001347607,-0.016867956,0.25131458,-0.0072193826,-0.0019162418,0.13882747,0.7510199,0.13846508,-0.0024173136,-0.0050618662
TCGA-E2-A1IJ,-0.0071169524,-0.0024536352,0.4486636,0.013540324,-0.0015068887,0.29694206,-0.020195013,0.052831277,0.0002104789,0.008743964,0.006625619,0.12779771,0.0690058,0.03379731,0.07588183,-0.0068087936,0.04684692,0.08175428,-0.007391104,0.069931194,-0.006542913,0.026626315,0.24795178,-0.013185686,0.039394926,-0.0047973953,-0.008036698,0.029858708,-0.0069293673,-0.0012555969,0.24768516,0.027842933,-0.006119136,-0.00087534374,0.07552701,0.015655365,0.059974805,0.1967634,-0.005495366,-0.0033474767,0.21822877,0.009771286,0.41203183,0.0006909035,0.18702263,0.5120006,0.25733447,0.1506659,0.12532781,0.0064854063,-0.006651792,-0.010320831,0.14465752,0.043742724,0.051149957,-0.0074210213,0.20506473,-0.01088399,-0.004809616,0.10321108,0.5587535,0.09332937,0.109335095,0.08618632
TCGA-E2-A1IK,-0.0025258479,-0.008766185,0.42185873,0.16339338,-0.0038761043,0.23020622,-0.023190165,0.0020924397,0.0667194,0.04958801,-0.003515054,0.035529323,0.1106987,0.11650747,0.010245539,-0.0113622425,0.028393015,0.21446085,-0.0145750735,0.4660886,-0.0030492174,0.21642824,0.34453747,-0.008650963,0.0017113201,-0.006081422,0.043107465,0.11123595,-0.010637799,-0.007833614,0.0042299815,-0.018024653,-0.0024208773,0.07959987,-3.4458422e-05,0.016643941,0.11630933,0.31344542,-0.010686555,-0.005689154,0.37186426,0.045791946,0.4317361,0.030286849,0.2600952,0.38909444,0.44132122,0.13696113,-0.0024431364,0.22425163,-0.0031888203,-0.0044133626,0.27541012,0.15926218,0.117157586,-0.0013954648,0.12429893,-0.025855172,-0.013252585,0.15530185,0.7010984,0.16875452,-0.0070392354,-0.0044815186
TCGA-E2-A1IL,-0.0070051923,-0.008113357,0.50517654,0.038512927,-0.0011017778,0.3552603,-0.01740244,0.018065661,0.008516455,0.02956371,0.014454326,0.116129085,0.07149547,0.040430933,0.09107822,-0.004247844,0.06398741,0.03472483,-0.005170076,0.052220304,-0.0069535547,0.089297056,0.31661847,-0.0123548675,0.11934215,-0.00055787805,-0.005455049,0.028356345,-0.0046174787,-0.00275676,0.23363762,0.05149026,-0.005286899,-0.0029221084,0.07308327,0.05013654,0.08747733,0.16037533,0.0006062053,-0.0036830844,0.2891528,-0.0017245334,0.45593682,-0.0017453559,0.26039362,0.5680423,0.24692896,0.1581837,0.15374602,0.044635534,-0.0058741015,-0.009368087,0.24095464,0.051170424,0.04532785,-0.011443742,0.20870912,-0.0073832287,-0.008275683,0.084584594,0.51324195,0.12858376,0.13476676,0.06252268
TCGA-E2-A1IN,-0.007001713,-0.009350334,0.5167251,0.08996804,-0.0036760063,0.32779887,-0.014689264,0.056842223,-0.00101613,-0.0015272613,0.011759434,0.07474159,0.10639401,0.049928553,0.10869763,-0.0070383805,0.002611138,0.12871638,-0.0034182386,0.08597568,-0.0065099536,0.072544694,0.23686415,-0.006184714,0.15408273,-0.0009185445,-0.009769407,0.07523614,-0.00794266,-0.0055292267,0.20374897,-0.00026978218,-0.008104268,-0.004874499,0.066165715,0.0672729,0.04153579,0.18013182,0.014332011,-0.0022473566,0.28940517,-0.0020337445,0.49724334,0.029436368,0.26206484,0.6914393,0.28864166,0.15910196,0.13637795,0.025684372,-0.007825014,-0.0110953925,0.2619807,0.0682765,0.045174163,-0.011214189,0.272879,-0.009254324,-0.003623807,0.08685081,0.56853086,0.1678316,0.11130479,0.015015312
TCGA-E2-A1IO,-0.005127931,-0.0072382474,0.5988089,0.052164283,-0.0020659508,0.47336945,-0.019570796,0.004718505,-0.0017198559,0.021742493,0.029904423,0.14729443,0.03389037,0.06292876,0.06694608,-0.0093593905,-0.0007165529,0.082399964,-0.0016336929,0.109543175,1.8527731e-05,0.09723596,0.30332533,-0.013935869,0.26667917,-0.0043648602,-0.00044932318,0.0852646,-0.009839158,-0.002136978,0.26383808,0.030608362,-0.012278818,-0.015238193,0.033028007,0.020597208,0.030096564,0.26977822,0.1059894,-0.0075192377,0.4033816,0.048318684,0.56787205,-0.0010221228,0.28449252,0.729662,0.31599596,0.2257885,0.08649495,0.021820955,-0.010168645,-0.0103830695,0.2884336,0.110358596,0.059346676,-0.006457244,0.2836374,-0.012056449,-0.010109094,0.15645161,0.70502704,0.046114873,0.010100339,0.035710715
TCGA-E2-A1IU,-0.008808007,-0.008174899,0.404671,0.038387354,-0.0029862593,0.3350851,-0.015454878,0.023970664,0.041794818,0.036556646,-0.00010948479,0.097000465,0.08642853,0.013558379,0.07977157,-0.0058780215,0.0024014004,0.11413407,-0.007454539,0.0193065,-0.0067496635,0.06908562,0.21804611,-0.0043394445,0.014355667,-0.0055460026,-0.0046983985,0.042243116,-0.0059166737,-0.0014345896,0.18980686,0.008111555,-0.0018732644,-0.007128565,0.08073136,0.0054730643,0.048643306,0.14399818,0.027132053,-0.00529745,0.21096037,-0.002629726,0.3949894,0.00036263838,0.19751364,0.49692625,0.22680452,0.1515934,0.15174362,0.03663058,-0.008338726,-0.0069948914,0.16009074,0.061244227,0.04902242,-0.0053708884,0.24866937,-0.009754479,-0.008704088,0.07948033,0.48021322,0.102815166,0.05881587,-0.00077724905
TCGA-E2-A1L6,-0.0072730975,-0.0072493753,0.53033495,0.06198966,-0.005628326,0.40937403,-0.024249682,0.037707478,0.022020115,0.026085004,-0.0012104284,0.12107505,0.10253924,0.04125741,0.0058084577,-0.0066004186,0.11116822,0.14493461,0.044441544,0.24167906,-0.0007565627,0.091164656,0.3265475,-0.010557802,0.060080763,-0.0040168352,-0.007903936,0.035491165,-0.0080722,0.010364857,0.26951277,0.011955876,-0.005281929,-0.0048585846,0.07905041,0.005433105,0.04527992,0.22750801,0.054153338,0.020220287,0.2767986,-0.0028936546,0.5336474,-0.0040791705,0.28080046,0.6943612,0.32518673,0.13918632,0.19753261,0.057504125,-0.0038981165,-0.0001410801,0.28937793,0.043872766,0.03879176,-0.009533165,0.2511828,-0.0113885505,-0.0074024945,0.13037604,0.59807664,0.09244533,0.119174704,0.09058459
TCGA-E2-A1L7,0.12526502,-0.01194808,0.82554,0.11916967,-0.0071212077,0.56571776,-0.030401224,-0.0038379969,-0.00224881,0.030720502,0.0729756,0.21408272,-0.0040354384,0.19321649,0.054568395,-0.012599199,0.26976845,0.15583006,0.02261417,0.26021707,0.015550287,0.08495961,0.35697633,-0.020861743,0.46186566,0.052257903,0.0070299255,0.13717897,-0.005976226,-0.006833762,0.40546924,0.16870779,-0.020407362,-0.017957982,-0.0008906115,0.05526964,0.083106264,0.27079934,0.1196031,-0.0046523926,0.5657758,0.14854886,0.7972549,-0.015249391,0.3731107,1.0992631,0.4133246,0.1247462,0.11298233,0.0118698105,-0.021742592,-0.013340465,0.2899816,0.15426308,0.061264396,-0.011927496,0.28163394,-0.021342684,-0.009875665,0.19259623,1.0363642,0.1701998,-0.0017458331,0.18687357
TCGA-E2-A1L8,-0.0036741726,-0.010213861,0.6341441,0.07477091,-0.0068733166,0.41435203,-0.026080955,0.04980138,0.008985151,0.052733228,0.070063666,0.11351663,-0.00485042,0.062882714,0.09852791,-0.007487235,0.06476322,0.100500345,-0.00054694567,0.1440318,-0.012421238,0.050642956,0.33005387,-0.009201849,0.09096114,-5.6305154e-05,-0.009080744,0.06692165,-0.0005147007,-0.008403693,0.37265572,0.051268104,-0.0066211396,-0.012051123,0.04227562,0.056551788,0.12102637,0.20094061,0.02154892,-0.005867844,0.37481055,0.029910102,0.6200141,-0.005943905,0.28136772,0.75102943,0.302501,0.20937973,0.16963778,-0.0013713753,-0.009551644,-0.012184332,0.26977518,0.007591728,0.11568213,-0.010496952,0.26071405,-0.018152494,-0.004772045,0.0764,0.80029905,0.2278855,0.14357986,0.0686184
TCGA-E2-A1L9,-0.006833534,-0.009352776,0.7651929,0.095724106,-0.0136683835,0.5214743,-0.0317364,0.10944286,0.01312108,0.06816968,0.09199408,0.05722092,-0.0013577383,0.15377317,0.08252314,-0.0063226596,0.12288685,0.24497972,-0.0021807747,0.25277334,-0.010873413,0.104845464,0.3745039,-0.012473884,0.24453096,0.026155608,-0.0028437246,0.109386325,-0.008896387,-0.009929999,0.4317126,0.06373167,-0.011207231,-0.010210498,0.090367846,0.051665884,0.054440327,0.1776104,-0.0005055107,-0.0042686174,0.47416654,0.04023205,0.7245753,-0.015804332,0.29680595,0.99075735,0.39783582,0.13116398,0.18027866,0.11720651,-0.006579216,-0.008693764,0.37896365,-0.00133734,0.08111065,-0.017154543,0.34433594,-0.020625232,-0.01037187,0.04461179,0.8506179,0.27543756,0.25533432,0.08608849
TCGA-E2-A1LA,-0.009411928,-0.005850599,0.44595015,0.0713525,-0.004002294,0.32683372,-0.017421095,0.059886366,0.024996456,0.05584635,0.013673235,0.03409869,0.05942473,0.05567938,0.07055114,-0.008372071,0.019244444,0.10948607,-0.004316268,0.04986762,-0.00513304,0.09191048,0.26887482,-0.0064841793,0.17427109,-0.008842971,-0.0033366785,0.14663124,-0.007955571,-0.0018965338,0.23523077,0.017888108,-0.009723614,-0.005235027,0.13156733,-0.0016402148,0.023198772,0.1829937,0.07679142,-0.0032881598,0.2578476,0.0067294724,0.45484394,0.012551226,0.20364696,0.5619297,0.3088643,0.15141433,0.16074911,0.043729983,-0.005272196,-0.011133019,0.18354729,0.034999795,0.035275884,-0.0024968516,0.2634947,-0.013461058,-0.007205625,0.115744054,0.55451083,0.10952063,0.08025414,0.023783468
TCGA-E2-A1LB,-0.005947299,-0.0055426466,0.6950057,-0.00049974624,-0.0071377154,0.58594567,-0.02590016,0.08245883,0.023825962,0.061418504,0.010870818,0.18425362,0.109615564,0.08853789,0.113922134,-0.0115926415,0.1314289,0.17524575,0.009611946,0.21759875,-0.0027408178,0.049325656,0.4025606,-0.0028182154,0.09990609,-0.0051769656,-0.010716995,0.06871118,-0.007937295,0.028782342,0.35558152,0.20650385,-0.0038207143,-0.012023556,0.0862505,0.060808156,0.041353855,0.1891109,0.06395738,0.016348243,0.3779568,0.026758559,0.64154613,-0.010410066,0.3064651,0.8263653,0.25986326,0.12426737,0.025146507,0.12600747,-0.0034517788,-0.009324851,0.32686374,0.022629673,0.097264,-0.016403472,0.29689017,-0.015849678,-0.01178684,0.14478368,0.7615345,0.30516315,0.17910302,0.20013373
TCGA-E2-A1LE,-0.003747881,-0.0026508605,0.51232684,0.076423734,-0.0023556675,0.4280107,-0.012101135,0.17562681,0.08560738,0.13639817,0.1349157,0.07551554,0.08063637,0.15271793,0.08465378,-0.010045028,0.07348995,0.12618195,0.015218951,0.069146916,-0.008487995,0.022719387,0.18920968,-0.0059672347,0.22500475,0.026539907,-0.0064421194,0.08253678,-0.000888187,-0.009380353,0.329795,0.12700664,-0.00042277962,-0.011562474,0.049451724,0.12034151,-0.00029485376,0.094135925,0.07444093,-0.0041481387,0.25071386,-0.0037680676,0.62701845,-0.0075367847,0.17883867,0.59467196,0.19529676,0.16855773,0.14615901,0.036739193,-0.01483684,-0.005264621,0.19635257,0.12697725,0.04849332,-0.0006500982,0.15699805,-0.010883033,-0.0012804682,0.06686349,0.6186772,0.12661046,0.06661743,0.099199176
TCGA-E2-A1LG,-0.018930148,-0.011301582,0.6041355,0.2528844,0.0063929055,0.32534876,-0.011362747,-0.003015022,0.05647661,0.018564492,0.07250604,0.117746934,0.030062731,0.050073817,0.008028902,-0.0030991833,0.031256545,0.029635752,0.03379245,0.22136836,-0.014208892,0.10002047,0.2828141,-0.0020118307,0.11199121,-0.0032639743,-0.005437505,0.055352613,-0.0078065726,-0.013398717,0.17733894,-0.0077353953,-0.009421612,-0.008735262,0.1007105,0.017987188,0.10883684,0.12603968,0.15079708,-0.0028633454,0.30563173,0.037448775,0.51624954,-0.0048987316,0.26508856,0.75734127,0.42431575,0.19784684,0.16627468,-0.00020444281,-0.011871784,-0.008139387,0.2554407,0.14734852,0.016990973,-0.018916367,0.27345854,-0.012717687,-0.016006252,0.13087603,0.54620254,0.11693819,0.09324646,0.14018841
TCGA-E2-A1LH,-0.0063139345,-0.007278204,0.6633552,0.031119902,-0.0018656977,0.43267128,-0.023333909,0.08707718,0.029263481,0.06778757,-0.00044302456,0.15625326,0.09701477,0.14562349,0.04463404,-0.004260881,0.18522853,0.19302395,-0.0029203945,0.11957635,-0.004742806,0.045102432,0.3159541,-0.012525918,0.09132205,-0.0067365468,-0.011627156,0.048092645,-0.0059788674,-0.004846401,0.2536981,0.11529711,-0.013701486,-0.009218152,0.20816714,0.08078197,0.032841943,0.16966544,0.057226524,-0.0050039017,0.34727576,0.050779805,0.60078025,-0.007883893,0.2268576,0.735334,0.3226407,0.17990834,0.17476277,0.09984139,-0.010800332,-0.0076303976,0.23656923,0.061798684,0.059361435,-0.008728413,0.23621412,-0.01674433,-0.006289466,0.16730891,0.7515151,0.07568387,0.11665374,0.13900654
TCGA-E2-A1LI,0.0032596588,-0.0017930974,0.82699066,-0.0034621991,-0.001298308,0.4726359,-0.02530886,-0.009945265,0.03688476,0.09754373,0.015530337,0.17714852,-0.008539016,0.040117294,-0.010149269,-0.009804064,0.2482179,0.102974266,0.04232312,0.10267557,-0.0050352537,0.17572872,0.37225378,-0.01468862,0.41616374,0.005490903,-0.010850758,0.10168627,-0.011567617,-0.010999763,0.31003684,0.07592328,-0.0101644695,-0.007211463,0.07434447,0.07285066,0.01804322,0.18796442,0.1466789,0.039239816,0.5552429,0.115926266,0.6819119,-0.012856771,0.41317886,0.9652219,0.45929405,0.23121871,0.10347524,0.14793253,-0.015663328,-0.0014365137,0.47183654,0.11719121,0.062696606,-0.0077559105,0.238753,-0.005919512,-0.015524805,0.17238294,0.8234706,0.04044977,0.2287656,0.10874842
TCGA-E2-A1LK,-0.009067543,-0.0035517614,1.045481,0.14797471,-0.006485717,0.5959004,-0.017542025,-0.0011920132,0.016978841,0.04033573,0.17542277,0.26919493,0.098008245,0.30910558,-0.01243993,-0.021194045,0.06600849,0.1631261,0.15383881,0.15142004,-0.00055972504,0.033415746,0.43659016,-0.014483891,0.92582,0.11010182,-0.009056869,0.31844074,-0.020099442,-0.018522188,0.6578526,0.16424489,-0.027760435,-0.024759145,0.28456128,0.12761843,0.057141062,0.33915886,0.42586768,-0.0004608281,0.67035043,0.166598,0.9950999,-0.0075573996,0.23781246,1.4228326,0.56860864,0.1633394,0.0032503745,0.22932082,-0.013379744,-0.018242124,0.5408301,0.231774,0.12105397,0.071057044,0.53115195,-0.038558755,-0.0049493765,0.29726148,1.0589216,0.098792315,0.24123237,0.15220426
TCGA-E2-A1LL,0.04193547,0.022568192,0.7735961,-0.010972217,-0.008644996,0.37505156,-0.009873543,0.19367003,0.047112454,0.051054843,0.04739595,0.07967803,-0.001081846,-0.0056308815,-0.0037701577,-0.020287244,0.15362643,0.3138477,-0.010692791,0.22222601,-0.012288853,0.10206933,0.24546982,-0.019911071,0.12969904,-0.01279743,-0.015671624,0.080648586,-0.017466484,0.15301736,0.37579852,0.12750432,-0.006334111,-0.013563627,0.1786332,0.0034735687,0.04852469,0.21595407,0.020466555,-0.0028204115,0.25694725,0.074145645,0.6548571,-0.014371382,0.17801839,0.8629352,0.24936315,0.22203739,-0.008278899,0.122301005,-0.01762971,-0.00969868,0.3599763,0.041880995,0.10298346,-0.014849255,0.26060292,-0.024512505,-0.0070029735,0.18325129,0.7012256,0.15865588,0.07510686,0.11226012
TCGA-E2-A1LS,-0.0025669378,-0.0055188383,0.8268598,-0.0006926794,-0.010532398,0.5855339,-0.022496585,0.16308264,-0.0001982946,0.10176043,0.10516782,0.17863518,0.19948542,0.25677937,0.14340764,-0.007842733,0.21165961,0.16050875,0.027659945,0.2757897,-0.0095721595,0.058115475,0.39304897,-0.013015336,-0.00010853596,-0.007271476,-0.007821993,-0.00020054243,-0.017124346,0.0067482926,0.25236666,0.15171126,-0.014652394,0.0028764866,0.18182543,0.18500277,0.0404812,0.15050867,0.04247302,0.008323252,0.4878604,0.032619685,0.61609125,-0.009917392,0.29222316,0.8895596,0.18402642,0.10619208,0.112469405,0.14283147,-0.010922483,-0.00059174525,0.32412422,0.0748893,0.15639299,-0.02042862,0.27824622,-0.0073479326,-0.007531301,0.16227232,0.7119397,0.07250055,0.26752046,0.25352138
TCGA-E2-A2P5,-0.011615494,-0.01919947,0.55249375,0.119841084,-0.010012391,0.280025,-0.013657808,0.10347623,0.014508316,-0.00452943,0.04419592,0.07959869,-0.013742246,-0.007836376,-0.0005043861,-0.0014917832,0.015332673,0.10883425,-0.010505012,0.0029037371,-0.0031842522,-0.0054144925,0.20325002,-0.008797742,0.15306251,-0.0029443644,-0.0095822625,0.0916169,-0.009507257,-0.013907879,0.16372953,0.10074724,-0.011458658,-0.003204542,0.017429939,0.042246584,0.0024109446,0.1788772,0.08214035,-0.0033983134,0.3613511,0.056649826,0.62856823,0.08602087,0.2073287,0.7044597,0.22550336,0.31586176,0.19438405,0.1508314,-0.01666379,-0.004817663,0.23273066,0.18296067,0.10164382,-0.0029956603,0.2961629,-0.011874576,-0.004908797,0.19810192,0.5970886,0.04954975,0.1789119,0.2712443
TCGA-E2-A2P6,-0.004662814,-0.011221207,0.4831381,0.13072687,-0.0054313703,0.41846022,-0.014525309,0.013255678,0.06388132,0.12562947,0.14556801,0.09584597,-0.0016416397,0.061621152,0.09179363,-0.009738152,-0.0065218345,0.11702517,0.03422465,-0.0016795615,-0.007384283,0.011299327,0.29979107,-0.0062115486,0.10174617,-0.00637759,-0.0018343918,0.0581664,-0.00890339,-0.008777538,0.1542125,-0.002036148,-0.0035638423,-0.017916625,0.09830008,0.08716941,-0.0014057894,0.14002997,0.0645937,-0.008053056,0.35458544,-0.00306565,0.5083925,0.014939791,0.27428794,0.59202266,0.21518081,0.15883529,0.27313623,0.045367703,-0.015305179,-0.005981093,0.20474342,0.09911038,0.049494788,-0.0018491115,0.278047,-0.010697104,-0.009014045,0.120221145,0.6091848,0.06432754,0.027405486,-0.0038235341
TCGA-E2-A3DX,-0.012813725,-0.0060674534,0.4465265,0.09867354,0.006515149,0.3059127,-0.016717631,0.068182856,0.059050728,0.075865075,-0.00025102423,0.08477702,0.10380027,0.06851126,0.09410276,-0.0030023882,0.054289572,0.21372698,-0.0036542104,0.019527715,-0.010031602,0.005299136,0.26700607,-0.0044702287,-0.0087386,-0.006743847,-0.011713396,0.009984013,-0.0043551875,-0.0013356757,0.17312865,0.043065496,-0.006156705,-0.0034888934,0.15995634,0.019048486,0.068282746,0.16039063,0.0372867,-0.00060976186,0.2166699,0.00799614,0.46045765,-0.0017383092,0.15307996,0.5328254,0.25793752,0.20766132,0.23301876,0.012726113,-0.010525204,-0.011387235,0.12961675,0.065418445,0.08925151,-0.008594853,0.17431365,-0.013657384,-0.0031487455,0.116362445,0.5450563,0.070770524,0.081711784,0.044575416
TCGA-E2-A56Z,-0.0009694143,-0.010716634,0.30930814,-0.001415012,-0.0018407509,0.21901935,-0.01361224,-0.0026240102,0.01502233,0.005452674,0.1001115,0.10045326,0.015893772,0.06555895,0.047281,-0.0073206075,0.06830146,0.051552646,-0.00766829,0.04123256,-0.0027665293,0.08831924,0.13581781,-0.011067961,0.04021244,-0.0072617843,0.009280005,0.08999792,-0.0014802102,-0.004219933,0.15547676,0.033212535,-0.006753272,-0.00014135875,0.07679291,0.02116036,0.0772025,0.12033395,-0.002081255,-0.005262026,0.19889979,0.027050396,0.28178462,0.035486273,0.122007966,0.3332027,0.18207183,0.074574664,0.09686032,0.013653673,-0.011544289,-0.0072794976,0.11669984,-0.0038330373,0.061139733,-0.0024468047,0.16298793,-0.009728804,-0.0032623988,0.092755914,0.34642005,0.07420541,0.021266982,-0.0023744092
TCGA-E2-A570,-0.006497615,-0.009338922,0.40361834,0.03120203,-0.004320343,0.32761326,-0.021068614,0.035892457,-0.00050887506,0.00564621,0.044491574,0.08368474,0.06277444,0.047350775,0.07891206,-0.0013346262,0.03758006,0.14332323,-0.0065852143,0.05357976,-0.0040068864,0.054071434,0.26011324,-0.0091218045,0.027515385,-0.0064581158,-0.011317163,0.050476685,-0.001316641,0.023277156,0.2338838,0.045217413,-0.0049147196,-0.0025622759,0.08785272,-0.0032114938,0.0568854,0.17397282,-0.0033862472,-0.005401385,0.2042347,-0.0011957645,0.39260027,0.018214159,0.14596644,0.46761483,0.24109551,0.17501114,0.15470016,-0.0044818684,-0.0056759412,-0.011829842,0.13930038,-8.4279294e-05,0.096053235,-0.008070332,0.20785083,-0.0103088785,-0.003136804,0.10249457,0.5207799,0.10685952,0.090692714,0.0693901
TCGA-E2-A572,-0.009484254,-0.0074715577,0.40634644,0.01467688,-0.0010919515,0.29096287,-0.015873566,0.09092691,-0.0012471434,0.034528486,0.046861984,0.09766753,0.0728529,0.06879158,0.055438682,-0.0063090473,0.04931431,0.07992753,-0.0043866443,0.12976885,-0.0017093587,0.090435684,0.20029162,-0.009671371,-0.00013663658,-0.007432951,-0.006531114,-0.00074716326,-0.0025786054,-0.0027436372,0.19832186,0.056264844,-0.006152246,-0.0073965387,0.13075846,-0.004920487,0.04519827,0.12642229,0.031968776,-0.0038810484,0.21433137,0.011174723,0.41656756,-0.00077314454,0.15804507,0.48456663,0.20790365,0.12450348,0.17286359,0.01999477,-0.004991092,-0.008719857,0.14937314,0.020281589,0.06310131,-0.0006447872,0.19300221,-0.011193897,-0.004272019,0.11803622,0.53806716,0.0852959,0.022288036,0.04057681
TCGA-E2-A573,-0.0057891337,-0.0052452567,0.570742,0.07551409,-0.006852796,0.46227416,-0.020351086,0.018653732,0.02104136,0.059289448,0.0294068,0.12617606,0.045740224,0.1326998,0.019032236,-0.008734721,0.12088099,0.109412566,-0.005969832,0.22588108,-0.005034799,0.08931883,0.17124783,-0.0077500343,0.31146312,-0.010808765,-0.0083569465,0.15343508,-0.007527677,-0.006174018,0.31762877,0.24731606,-0.012341569,-0.010713339,0.3132192,-0.00020568464,0.07506539,0.19684485,0.13892171,-0.004569735,0.29906616,-0.0012294184,0.55208504,0.02163811,0.21857682,0.68581676,0.438003,0.18046772,0.057184733,0.078877926,-0.0072075697,-0.004853656,0.26017871,0.0027909074,0.06611881,-0.002888674,0.35496873,-0.011267044,-0.0064966143,0.13674414,0.66403395,0.03107351,0.0724376,0.040149823
TCGA-E2-A574,0.039693218,-0.009067291,0.7043163,-0.008187165,0.051070474,0.52488583,-0.014554776,-0.010301176,0.052820213,0.13944174,0.0385349,0.09651126,-0.008138335,0.0037107682,0.03495984,-0.014748189,0.12130374,0.02392901,-0.0077792094,0.17732629,-0.004844557,0.26893792,0.3312123,-0.010552505,0.415708,-0.0023284776,-0.0030535038,0.13134399,-0.0031368756,-0.017438112,0.24569573,0.09999764,-0.012237217,-0.009412467,0.30782843,0.018831491,0.015339784,0.18987297,-0.00027248784,-0.00642958,0.27821922,0.030475821,0.72382987,-0.010047625,0.16763675,0.88435924,0.3307995,0.2198853,0.11073128,0.16607285,-0.0129248975,-0.016484493,0.29019213,-0.0024690263,0.119325615,-0.0096034175,0.3648042,-0.01643992,-0.005869162,0.19260107,0.7958917,0.05359136,0.18212953,0.025215872
TCGA-E2-A576,-0.002042566,-0.00965769,0.41248983,0.012854841,0.014187636,0.29977122,-0.015045288,0.016618386,0.031078616,0.036624372,0.110191286,0.08105612,-2.7143955e-05,0.08244028,0.12129275,-0.0046302895,0.037694525,0.11142306,-0.0038845395,0.057576556,-0.00076082256,0.10015145,0.20047133,-0.003668066,0.03576428,-0.0063626915,-0.004521418,0.09237336,-0.0034364217,-0.0017988365,0.23338951,0.03894961,-0.004866949,-0.009273218,0.17406523,0.0054559987,0.025138527,0.14258187,0.019912511,-0.005402666,0.24981935,-0.0042225635,0.38073224,0.03661105,0.1544781,0.45428514,0.1314331,0.12661451,0.16244255,-0.00014645532,-0.0066732676,-0.0023279467,0.150817,-0.00026880894,0.086623035,0.0025709504,0.19052197,-0.0062128035,-0.0030824866,0.088400595,0.47977972,0.028017208,0.000471849,-0.004212271
TCGA-E9-A1N3,-0.0027137317,-0.011522375,0.52546895,0.06660883,-0.007847467,0.43680742,-0.01995856,-0.01332126,0.04729714,0.052055,0.02358656,0.08400981,-0.0066056536,0.06290467,0.057398695,-0.0112519115,0.04363436,0.07708378,-0.0045032715,0.075106665,0.059877522,0.021534149,0.23169081,-0.0070728185,0.20652188,-0.0025433225,-0.008205365,0.10482897,-0.0050797374,-0.005849271,0.27195767,0.07963817,-0.011569411,-0.0061963345,0.062658995,0.053795237,0.06651305,0.18900417,0.042662606,-0.0020918865,0.3013473,0.010221167,0.39771163,-0.008508117,0.2772441,0.6287893,0.322539,0.13283157,-0.0007035271,0.027112879,-0.0077275904,-0.011421035,0.27915022,0.029150011,0.039222836,-0.018680109,0.25582814,-0.018592564,-0.0043030246,0.033981726,0.5513122,0.29162565,0.075332314,0.058281682
TCGA-E9-A1N4,-0.0064497027,-0.0090932995,0.48120058,0.015114594,-0.0025477214,0.34354684,-0.017287154,0.07696182,0.012054402,0.038467146,-0.00037066155,0.1371303,0.06932788,0.10440244,0.0786038,-0.008837104,0.04398582,0.094135046,-0.0022889988,0.092784,-0.0034082755,0.031489342,0.26973087,-0.013022031,-0.005865906,-0.0052759047,-0.0046572294,-0.0006461367,-0.0028200794,0.003474921,0.20231743,0.043936137,-0.008535403,-0.008474961,0.089110784,0.027591724,0.050218713,0.17273945,0.0033964776,-0.0026229843,0.26818967,0.06551153,0.4755535,-0.0054844962,0.15107012,0.5532876,0.2133491,0.13323778,0.19826876,0.03767298,-0.010888897,-0.0086581055,0.15383367,0.07032166,0.027779736,-0.0033696608,0.14370681,-0.015800584,-0.0048658918,0.12914294,0.5981945,0.082844764,0.040060077,0.14891972
TCGA-E9-A1N5,-0.0037215636,-0.005754625,0.58916396,0.07667057,-0.0024684707,0.42059067,-0.024110872,0.12748566,-0.0007552255,0.047040388,-0.006077805,0.13545604,0.078997076,0.12296769,0.0139966905,-0.007274229,0.14608738,0.19009085,-0.0030861057,0.1563112,-0.0038374977,0.05303572,0.41054985,-0.012029886,0.05562311,-0.0030392774,-0.008768354,0.051007785,-0.011594145,0.018409122,0.29394308,-0.0005617283,-0.010348572,-0.0075659542,0.15833241,0.10822512,0.034575373,0.19798282,0.06841015,-0.0032397949,0.29781,0.08685127,0.5869047,-0.0016686477,0.26198223,0.7399533,0.36129606,0.16832174,0.19463909,-0.0032989904,-0.006442845,-0.0030151054,0.2883625,0.079911396,0.07726631,-0.009957452,0.26617748,-0.018583376,-0.0037021476,0.11154769,0.72187656,0.10542629,0.10010992,0.17123549
TCGA-E9-A1N6,-0.005090426,-0.007771106,0.84595543,0.089316845,-0.00966981,0.54756343,-0.025414456,0.1286699,0.042694334,0.023031719,0.07664006,0.10648223,0.12763327,0.11803423,0.100163504,-0.005277362,0.14854051,0.24867012,-0.007318252,0.18057007,-0.00862009,0.03858372,0.38168016,-0.010870064,0.1509697,-0.001193093,-0.008949163,0.01734554,-0.011635455,-0.004580138,0.32770365,0.17385633,-0.018491564,-0.009396995,0.1242671,0.1253954,0.08390516,0.21464193,0.035368845,-0.003377505,0.41837218,0.017531991,0.74600744,-0.011152989,0.23272744,0.9251573,0.32324126,0.20448317,0.1488637,0.110377185,-0.008568852,-0.014091271,0.28126255,0.051706195,0.09906652,-0.012991873,0.3607849,-0.017927932,-0.011324068,0.16854137,0.8348873,0.1527803,0.23313242,0.17909874
TCGA-E9-A1N8,-0.00981151,-0.0058605126,0.6852539,0.24581529,0.0032209288,0.35457104,-0.014254737,-0.010316732,0.08564125,0.13921566,0.12617154,0.09675169,-0.01035922,0.14713115,0.013534471,-0.0046569468,0.15677555,0.23910339,0.04395801,0.09464562,0.05012887,0.024262343,0.28040075,-0.022037918,0.30138874,-0.003787756,-0.008469633,0.26618707,-0.00082515244,-0.013967559,0.25082922,0.126388,-0.007835293,-0.015306108,0.2512967,0.07134709,0.15253231,0.18547025,0.26757973,-0.0045050373,0.3971776,0.06340465,0.58224684,0.1081936,0.20079733,0.8221837,0.34453636,0.04038155,0.10888417,0.16389742,-0.013335332,-0.009681418,0.34093788,0.24359116,-0.0021297315,-0.013834707,0.23477164,-0.009962382,-0.011141257,0.14643264,0.70320326,0.024313098,0.10220425,0.09581427
TCGA-E9-A1N9,-0.00044472856,-0.006844549,0.69861597,0.080225036,0.028621668,0.4209108,-0.02470576,0.08804822,0.03321673,0.028331794,0.014464464,0.21248886,0.0011683404,0.115035124,0.09236661,-0.012453771,0.17641827,0.04239507,-0.0028190245,0.170154,-0.0047313506,0.15263581,0.4065179,-0.021335443,0.18033771,0.009698074,-0.007117712,-0.0027102516,-0.012011273,-0.002446736,0.3259017,0.1295348,-0.010055472,-0.009769375,0.109289914,0.1239118,0.057954885,0.23945087,-0.0056073647,-0.003867171,0.38028163,0.020974748,0.5841788,-0.006649293,0.26578704,0.78351223,0.30374306,0.14304861,0.15762687,0.057887122,-0.009288403,-0.004265403,0.3199947,0.051127166,-0.0003739901,-0.013698198,0.28284955,-0.009506904,-0.0080682,0.18802945,0.7951387,0.12455197,0.111938834,0.17093137
TCGA-E9-A1NA,-0.0030743517,-0.003442856,0.6349209,0.050910857,-0.0056226603,0.44008335,-0.021358542,0.11452608,0.040414087,-0.0024467588,0.03306544,0.17638037,0.118543,0.05628927,0.09712975,-0.0038035288,0.12626643,0.06823195,-0.005835554,0.18411115,-0.006553774,0.11798149,0.3459659,-0.015104214,0.116336465,-0.0033749796,-0.009021252,0.011604056,-0.0048916857,0.027712893,0.31022224,0.06965281,-0.014149651,-0.012107489,0.057517856,0.06833373,0.11996265,0.17905818,-9.9291654e-05,-0.0041000145,0.37388912,0.036108263,0.542585,-0.0056776437,0.20591126,0.6766056,0.234819,0.1853125,0.08661398,0.05325,-0.004461149,-0.016912056,0.23203427,0.03562037,0.06739504,-0.0092176115,0.22187476,-0.009216085,-0.015485182,0.15750068,0.6584703,0.12735692,0.2150933,0.16660476
TCGA-E9-A1ND,-0.0057043848,-0.0037570843,0.76007634,0.10189386,-0.008300188,0.45571223,-0.02570328,0.25181746,0.091872595,0.04240801,0.024498403,0.113253295,0.20561962,0.23592657,0.20493132,-0.013535134,0.14573377,0.0386903,-0.0064805336,0.28119817,-0.0015429313,0.15728831,0.36549875,-0.009443628,0.26953828,-0.009459446,-0.0134129245,0.043436877,-0.009458752,0.10234295,0.48862508,0.23850484,-0.020688144,-0.015534967,0.21273133,0.17184936,0.13600302,0.19772774,-0.0019265906,-0.0065998198,0.46705702,0.024051692,0.7528428,-0.01306544,0.17018412,0.94085884,0.34808874,0.19731227,0.11017871,0.11761058,-8.474812e-05,-0.015655397,0.2717833,0.004034931,0.01982157,-0.011333623,0.22292244,-0.016173413,-0.009053733,0.16055435,0.86631835,0.09141973,0.3682036,0.2814539
TCGA-E9-A1NE,-0.003940539,-0.012012023,0.7297785,0.08014299,0.066558555,0.5308603,-0.027354611,0.023475528,0.03481516,0.10564399,-0.0008751009,0.19334236,0.020971838,0.070193246,0.010831006,-0.013591036,0.14419752,0.1724982,-0.011593717,0.16500895,-0.0047723125,0.11476314,0.2438929,-0.010023762,0.2571277,-0.0057809823,-0.009317539,0.057670552,-0.014657934,-0.0061228364,0.28316244,0.052389268,-0.012777609,-0.015602629,0.1395013,0.0931153,-7.509999e-05,0.24942116,0.10006906,-0.00050861057,0.3782908,0.11309205,0.68347245,-0.0022276284,0.25877458,0.802942,0.37284583,0.22230168,0.22557564,0.12033332,-0.014873579,-0.004607662,0.31211102,0.15819564,0.06728428,-0.007927453,0.31131482,-0.015764315,-0.011285186,0.13045724,0.784017,0.062005468,-5.312711e-05,0.07805492
TCGA-E9-A1NF,-0.0024929997,-0.00364966,0.7785572,0.07102898,-0.011054581,0.50852,-0.022316014,0.2047734,0.114051774,-0.005153992,-0.0015167128,0.18537235,0.17894843,0.16629711,0.21560058,-0.0073079737,0.18719114,0.02930654,-0.0067815254,0.29806116,-0.0070717447,0.15702242,0.36322355,-0.012338573,0.13980795,-0.0046786033,-0.010904841,-0.0036849938,-0.010711984,0.071689665,0.43134785,0.18005139,-0.0150598055,-0.008129314,0.06098826,0.15667889,0.1329921,0.20182821,-0.009028434,-0.0019389242,0.48161396,0.04833249,0.715562,-0.015391253,0.25060457,0.86790323,0.26671287,0.17795245,0.08477939,0.081973605,-0.0028462992,-0.016913667,0.29085442,0.061736815,0.046894826,-0.019668417,0.21193582,-0.013949255,-0.016889337,0.21005045,0.7677242,0.22009018,0.28798193,0.22011651
TCGA-E9-A1NG,-0.000120172,-0.0009414263,0.78477657,0.042201247,-0.014964606,0.53635883,-0.026041994,0.14368984,0.05492255,-0.00034224542,-0.004391308,0.23036298,0.13033283,0.13627772,0.2192344,-0.015338153,0.23115453,0.049699694,-0.004483692,0.38963622,-0.007849342,0.102028474,0.39736,-0.0125315115,0.12727867,-0.0070719677,-0.009179464,-0.004139576,-0.00842252,0.088207126,0.47275335,0.16437903,-0.014599032,-0.0063613863,0.014431242,0.1647312,0.18237482,0.20617725,-0.014976213,0.013928227,0.5548419,0.044746093,0.6965048,-0.02004144,0.33070987,0.92600405,0.3104306,0.14538363,0.13581845,0.09897559,-0.007981553,-0.015342954,0.29186264,0.008213507,0.032909818,-0.029388135,0.19808711,-0.015923493,-0.011968511,0.1659649,0.8900791,0.20825201,0.2742256,0.36560392
TCGA-E9-A1NH,-0.007045509,-0.0005958088,0.64120626,-0.004509367,0.004172476,0.4457383,-0.02975114,-0.002655542,0.0027115382,0.08835003,0.017085984,0.1524462,0.04139657,0.008797021,0.042179264,9.991974e-05,0.11038326,0.15446791,-0.0039330884,0.10926415,-0.0018424714,0.12038471,0.39788353,-0.015784804,0.17444442,-0.009005734,-0.0043894458,0.09967395,-0.003190333,0.010528471,0.29326838,0.10781172,-0.004053946,-0.007657272,0.036142282,0.036325205,0.040735725,0.24216267,0.01865907,-0.0017824725,0.34197494,0.026937073,0.5450355,-0.000400937,0.3292051,0.6933587,0.34108555,0.16373505,0.12023832,0.0348325,-0.0014590909,-0.006550193,0.33451787,0.048962116,0.120690554,-0.0149322795,0.27777636,-0.01125212,-0.01394397,0.087716796,0.6506493,0.22153074,0.13853677,0.122212514
TCGA-E9-A1NI,0.025300048,-0.007761364,0.6845842,0.18860008,-0.01062692,0.6319954,-0.029271884,0.006857127,0.030449267,0.060303196,0.15848358,0.08321443,0.02019183,0.016905032,0.013492428,-0.0088998135,0.109850615,0.0989251,-0.005978973,0.10273425,0.026875688,0.0681559,0.3443551,-0.011346842,0.29483616,-0.017052365,-0.0016628633,0.14363062,-0.00992646,-0.0007223945,0.35322082,-0.0060495674,-0.013919464,-0.013979487,0.083365746,-0.0024560082,-0.0024908867,0.27282518,0.14654225,0.06706182,0.42684954,-0.0063916296,0.71600354,0.025658851,0.19120252,0.7564262,0.38399237,0.11371256,0.020074975,0.13359165,-0.0058862935,-0.014851865,0.32011515,-0.0018398672,0.16171277,-0.006845859,0.4180317,-0.018132767,-0.008004755,0.042863913,0.68035966,0.22917952,0.16725153,0.09009077
TCGA-E9-A1QZ,-0.0067984695,-0.008571855,0.7235856,0.036756966,-0.008220528,0.51184654,-0.02538975,0.13604055,0.07699929,0.030834503,-0.002475864,0.19409554,0.12381351,0.1246326,0.1557324,-0.01018893,0.18604876,0.14511059,-0.0006420814,0.198648,-0.005319985,0.12923685,0.3588659,-0.011288752,0.029142205,-0.009650577,-0.009855427,-0.0031716505,-0.0062648975,0.0048927777,0.27624008,0.18175349,-0.012043662,-0.010956645,0.04924695,0.106260315,0.09968521,0.18924782,-0.0005827226,0.019710183,0.38831714,0.043007836,0.6749584,-0.019313876,0.24729344,0.79007477,0.27902165,0.19789605,0.17116867,0.06918646,-0.0061379294,-0.013991833,0.23350221,0.11593962,0.09765566,-0.01612497,0.18671493,-0.014437876,-0.0077694627,0.15775019,0.7930692,0.15850481,0.14369717,0.18111563
TCGA-E9-A1R0,-0.010087514,-0.0017830104,0.58036685,0.060385738,-0.011218611,0.41390494,-0.017518036,0.17184529,0.050561413,0.01060199,0.016350213,0.10518199,0.13718536,0.15826222,0.16018158,-0.0052451156,0.041736748,0.10693197,0.046350934,0.14200263,-0.006881591,0.11562179,0.23959367,-0.014290116,0.043556046,-0.008484028,-0.012219948,-0.0038694963,-0.005645622,3.168173e-05,0.23071192,0.03385253,-0.01016296,-0.0078167515,0.18123983,0.068232,0.015420537,0.16906714,0.05232425,-0.011379481,0.33429742,0.04224105,0.58687514,-0.002309364,0.21942452,0.65453446,0.19346458,0.19573016,0.2672069,0.04994162,-0.0047368756,-0.003773388,0.21699831,-0.0041854405,-0.00015580449,-0.0059620473,0.2870394,-0.011623203,-0.005110768,0.16928214,0.58432394,0.0922053,0.07747947,-0.008101933
TCGA-E9-A1R2,-0.005731746,-0.016559534,0.71144074,0.1038734,0.0051023085,0.4892145,-0.015620328,-0.0020087229,0.04631461,0.062315464,0.011457585,0.08866247,-6.664917e-06,0.115393,0.08479758,-0.0062768846,-0.0046483832,0.030257622,0.025761656,0.10794595,-0.005063619,0.07443037,0.26294002,-0.010499767,0.26086873,-0.0053313705,-0.009995992,0.121973634,-0.00892792,-0.00980625,0.39999476,0.069727585,-0.01394025,-0.012256789,0.12730949,0.046695877,0.119637504,0.20872751,0.054309815,-0.008679139,0.33622974,0.016494356,0.5442092,-0.0073014186,0.26651502,0.7856485,0.33834127,0.22206761,0.052194044,0.0056960694,-0.011137706,-0.009818681,0.30319607,0.12247163,0.08088716,-0.011217508,0.37850344,-0.011756854,-0.006711905,0.13236874,0.61511654,0.0635985,0.0978978,0.09208371
TCGA-E9-A1R3,-0.007127778,-0.0065122456,0.394261,0.032832142,-0.007252743,0.29904038,-0.012197054,0.06468484,-0.0014538479,-0.0016539589,0.03793736,0.08148369,0.07095958,-0.0013138693,0.061328925,-0.0049302513,-0.0010167662,0.13449909,-0.011923957,0.029537234,-0.0055574873,0.030566227,0.15012883,-0.00918223,0.040198017,-0.009603994,-0.008041649,0.031237114,-0.005636424,-0.0011962589,0.21464266,0.029436316,-0.009007998,-0.00031551122,0.13569675,-0.0022793922,0.031328082,0.20295998,0.013582047,-0.0023707629,0.19935031,-0.00064974057,0.42952797,0.045286443,0.15889637,0.46619904,0.22689778,0.15498868,0.14468302,-0.0007217823,-0.0042836447,-0.01275498,0.11339893,0.06308341,0.07392735,0.004671312,0.24748404,-0.012125509,-0.006221548,0.099551216,0.49010044,0.072876945,0.034719802,0.018803477
TCGA-E9-A1R4,-0.011008143,-0.013930979,1.0201298,0.068429366,0.037717417,0.7678594,-0.021816723,-0.0031582948,-0.00040103012,-0.0030477836,-0.004940852,0.06298424,0.16097859,0.09254484,0.05216413,-0.0036644966,0.081899256,0.11195986,-0.00839918,0.09643467,-0.003485623,0.09226689,0.31601268,-0.01165985,0.4616989,-0.011048168,-0.004357512,0.19228648,-0.013614905,-0.004823165,0.45472574,0.037923638,-0.019639302,-0.017833086,0.04569461,0.07559283,0.07978504,0.26569676,0.07232266,-0.0040856064,0.61225307,0.11417699,0.8074882,-0.006175888,0.3503988,1.024844,0.50684005,0.21221155,0.111645676,0.15341213,-0.01272398,-0.008350602,0.41845357,0.034272,0.12516546,-0.007257362,0.53668064,-0.01624561,-0.009136344,0.23773438,0.752927,0.1361171,0.12908253,0.011222713
TCGA-E9-A1R5,-0.0059033823,-0.0016129349,0.46470714,0.0014446788,-0.0070145684,0.32095537,-0.018360347,0.029358204,0.023620192,0.023609817,0.019376658,0.09312247,0.04499878,-0.0008289364,0.08405618,-0.0012128036,0.06718187,0.114409804,-0.009284878,0.08969416,-0.009354779,0.054266192,0.19109999,-0.0061886213,0.09728074,-0.0057987752,-0.010410351,0.022376822,-0.006734951,-0.0026523464,0.24123643,-0.00027262606,-0.0056403647,-0.0042277616,0.049127016,-0.0012263223,0.044492953,0.19344577,-0.0058038738,0.0005109422,0.27296567,0.011125554,0.43177325,-0.0013949297,0.2029981,0.5260642,0.22989753,0.18633294,0.10121465,0.03700932,-0.0058582188,-0.010251711,0.20418918,0.051733866,0.095747925,-0.012264164,0.22022052,-0.011139835,-0.0093639465,0.08317253,0.49049318,0.18403326,0.12804753,0.06300421
TCGA-E9-A1R6,-0.005184728,-0.009331169,0.5610666,0.084873065,-0.0061225267,0.43286642,-0.02337112,-0.00061317516,0.004858572,-0.0028905168,0.05817095,0.12423511,0.0052687638,0.041409828,0.08004731,-0.0035670816,0.04832613,0.105995476,-0.011981454,0.04433993,-0.007684968,0.0608839,0.22999488,-0.0072921314,0.17152803,-0.0045092786,-0.009361559,0.11662638,-0.0028604935,-0.0060781087,0.25628766,0.0061492044,-0.0021696358,-0.008456993,0.07955967,0.099837765,0.06255837,0.20367545,-0.0020905545,-0.0042099413,0.30532733,-0.0061547738,0.5038789,0.024945121,0.30564323,0.61855865,0.3212183,0.18230534,0.08980367,0.06934447,-0.0111893015,-0.007163538,0.22187716,0.048931643,0.05789607,-0.009577732,0.3250181,-0.011833027,-0.0069207163,0.07343414,0.56794935,0.21756102,0.14229028,0.013115756
TCGA-E9-A1R7,-0.00014550323,-0.0051025404,0.7343462,-0.0075001507,-0.009718245,0.54429144,-0.024235656,0.1486585,0.057604447,0.037946,-0.0034342257,0.25073144,0.18939367,0.12163505,0.19479033,-0.008699594,0.20657015,0.052763976,-0.005784171,0.37445563,-0.0076634595,0.107856244,0.36509353,-0.0062778606,0.021163594,-0.0037971605,-0.012757254,-0.0059671476,-0.0075173937,0.09775579,0.3479495,0.23948003,-0.00895056,-0.009749605,0.045232583,0.24681178,0.17688349,0.20874403,-0.006768726,0.01627668,0.49901095,0.08418091,0.62623334,-0.010219513,0.31003284,0.786517,0.16979437,0.12908888,0.09453644,0.098446734,-0.010067652,-0.011732728,0.3279155,0.0224809,0.07743622,-0.026024118,0.14932448,-0.011114108,-0.01638987,0.16296162,0.7245894,0.15992971,0.23497185,0.34906662
TCGA-E9-A1RA,-0.009038687,-0.009670841,0.6541129,0.08830966,0.012158448,0.5252985,-0.027008504,0.034677535,-0.0020293302,0.027135216,-0.00041821675,0.10057553,0.037025124,0.13877504,0.047579963,-0.005475315,0.120580286,0.1557012,-0.009253861,0.16206306,-0.0011670309,0.10453455,0.38355935,-0.0023751382,0.21737774,-0.006266378,-0.007663488,0.12306822,-0.0046964153,-0.011373194,0.3801813,0.038261723,-0.011177687,-0.005153149,0.05602672,0.057843562,0.067733794,0.24255824,0.107446775,0.028426647,0.38877463,0.0049786977,0.63423896,-0.013668328,0.31050402,0.88519955,0.47370815,0.17134681,0.15541403,-0.0035350614,-0.010096343,0.04320126,0.31327963,0.1385808,0.12110176,-0.01870234,0.34076816,-0.018545289,-0.0041633467,0.08387186,0.86715394,0.23947126,0.051503528,0.1575503
TCGA-E9-A1RB,-0.008259827,-0.018287515,0.79879314,0.07062209,0.06093611,0.8225586,-0.029763985,0.059636235,0.024877239,0.24204393,-0.0035582376,0.052663017,0.15550701,0.37486768,0.32035628,-0.011962511,0.15141122,0.28036895,-0.0019280732,0.4221957,-0.0048093284,-0.0014928554,0.2761361,-0.0021433306,0.16879931,0.037934422,-0.0011578541,-0.004835523,-0.017495697,0.06446259,0.44295096,0.31004265,-0.021239718,0.029127154,0.4896427,0.40595585,-0.0075690076,0.080051124,0.14763758,0.07563395,0.47776863,0.013686882,0.669191,0.21655865,0.36314052,0.82720494,0.03645339,0.13902727,-0.011323865,0.15653908,-0.007633786,-0.0011315019,0.35183823,0.08985202,0.11544027,-0.03447953,0.48718235,-0.03300443,-0.0033049162,0.15430552,0.8440208,0.047715645,0.32572713,0.31870794
TCGA-E9-A1RC,-0.0041460837,-0.011356869,0.8911033,0.07110174,-0.009778111,0.677085,-0.031785745,0.1343936,0.119758055,0.016393647,0.00048254803,0.20409578,0.14851016,0.19291279,0.17381991,-0.014526722,0.24504837,0.08680983,-0.01062997,0.39475188,-0.009881103,0.16869748,0.39236644,-0.0065780305,0.20410493,0.024111286,-0.009577145,-0.003392358,-0.015824107,0.04831254,0.46788913,0.1794388,-0.0145229045,-0.013156067,0.09073333,0.3163141,0.12602311,0.23947632,-0.0021027045,0.024476089,0.57121634,0.05135227,0.79255074,-0.0018468313,0.3462453,0.97795933,0.25807443,0.20218606,0.022296976,0.15777725,-0.007973793,-0.008300299,0.41577172,-0.00014716834,0.067179,-0.027178261,0.32840312,-0.017379284,-0.019208876,0.1030265,0.8253006,0.26435897,0.38218415,0.28833348
TCGA-E9-A1RD,-0.009830932,-0.0035162542,0.45157287,0.015605789,-0.0028292153,0.33434805,-0.021842336,0.13916837,-0.0014993948,-0.002143349,0.016893193,0.15657093,0.15628743,0.05098909,0.13043624,-0.005343011,0.044685632,0.08166773,-0.008449352,0.12624864,-0.0055508353,0.037571087,0.25254318,-0.012556347,-0.0029212849,-0.0048233764,-0.011460656,-0.003967486,-0.003132429,0.058536347,0.25121835,0.13469027,-0.010505631,-0.0026659798,0.07920439,0.019331988,0.11086331,0.15518764,-0.0025987716,-0.0005850427,0.24498104,0.016801892,0.4304031,-0.000725206,0.13761479,0.4938873,0.18010798,0.17690367,0.16581397,0.03522428,-0.0038125105,-0.011661198,0.12287642,0.033774003,0.081205726,0.0006249314,0.1514361,-0.011936243,-0.0054166014,0.13377061,0.50410336,0.085052766,0.107968986,0.1265433
TCGA-E9-A1RE,-0.0050860923,-0.006632026,0.82230157,0.08345635,-0.0009828815,0.657134,-0.025501544,-0.0029357695,-0.005217427,0.030338235,0.0725393,0.21476336,-0.0028473777,-0.0016372896,0.050952964,-0.013430837,0.077557765,0.2950448,-0.0004884776,0.11282793,0.0036191922,0.05577332,0.29975206,-0.016282443,0.4174137,-0.0012923687,-0.0059836423,0.14302543,-0.014387669,-0.011746396,0.40352175,0.014103474,-0.020330483,-0.016118115,0.114130944,0.069566,0.045040462,0.2500005,0.18759094,-0.0054508224,0.53754944,0.004399568,0.7481806,-0.0006635763,0.254647,0.942825,0.34665215,0.31646663,0.09909363,0.06371703,-0.014949605,-0.01344865,0.34946495,0.065962404,0.063343294,-0.0036028002,0.42979753,-0.022583382,-0.01021821,0.20349719,0.8016588,0.062127467,0.046136517,0.11932427
TCGA-E9-A1RF,-0.0023822475,-0.0014276601,0.8067081,0.03228042,-0.009996039,0.58385557,-0.028159792,0.15102002,0.086703055,0.044341013,-0.0034654576,0.22626685,0.18949491,0.11479273,0.17828944,-0.014208749,0.24023154,0.060674436,-0.00723451,0.40595898,-0.0111194765,0.14647244,0.4183019,-0.009818332,0.12610276,-0.0048982087,-0.008998809,-0.0057167746,-0.008964892,0.10220349,0.41501832,0.19430514,-0.012875642,-0.007427943,0.015027106,0.20555298,0.22081266,0.23255533,-0.0037763014,0.020788677,0.53275704,0.06648129,0.72156465,-0.0126215415,0.28182152,0.8966353,0.26348823,0.17436787,0.052757144,0.09917333,-0.0073744417,-0.01126695,0.31556717,0.015857914,0.11759377,-0.026052227,0.21238624,-0.014247323,-0.018710766,0.14407626,0.8086291,0.15563825,0.3040534,0.34022647
TCGA-E9-A1RG,-0.008661193,-0.009477606,0.81489056,0.12711014,-0.0013405028,0.60945594,-0.017432213,-0.0037943837,0.10488647,-0.0015704081,0.03388161,0.15625773,-0.0023590964,0.084086284,0.014920298,-0.006617372,0.124126166,0.059194595,-0.0038161054,0.09012194,-0.0032006204,0.13848299,0.3984348,-0.01078293,0.25236154,0.0048461817,-0.012796849,0.14615992,-0.017047964,-0.012389469,0.3619048,0.09826979,-0.01518763,-0.008190798,0.055684607,0.06311561,-0.0010128375,0.16813765,0.10645689,-0.0022967537,0.4242048,0.056865823,0.7011826,-0.007926084,0.28473586,0.80260855,0.40116674,0.26807195,-0.0013672316,0.088232614,-0.00565501,-0.012709943,0.48298842,0.058174983,0.04481575,-0.02073043,0.35930306,-0.020969054,-0.006577112,0.14124574,0.64402825,0.25432107,0.14047562,-0.0093215145
TCGA-E9-A1RH,0.003887753,-0.00698799,0.838471,-0.00060318597,-0.01227519,0.58094245,-0.015381262,0.33173478,0.07195151,0.0070898533,-0.0017380308,0.21756703,0.21401185,0.18235022,0.25742877,-0.015182845,0.20825532,0.10830481,-0.007057983,0.37529078,-0.016527468,0.05587617,0.38341036,-0.009544927,0.15501927,-0.00026417113,-0.016134467,0.06065707,-0.011951149,0.080937296,0.49062943,0.3892029,-0.016721196,-0.007871958,0.05525479,0.14837158,0.12042889,0.18329953,-0.0029938498,-0.0032466692,0.4658612,0.08923362,0.7269671,-0.019607922,0.2769785,0.9571167,0.2003056,0.24492674,-0.0023433098,0.068563916,-0.0030877297,-0.018264536,0.34356445,0.11344519,0.08216615,-0.021877738,0.28847522,-0.026088515,-0.005234079,0.2205467,0.8205856,0.22637184,0.14918327,0.23242702
TCGA-E9-A1RI,-0.0033450914,-0.004743715,0.7303179,0.07830301,-0.01063611,0.5155542,-0.022844644,0.21180137,0.090568855,0.019042552,0.01876818,0.13581342,0.18597569,0.20075783,0.20954439,-0.012434107,0.11476363,0.10668495,-0.009467268,0.33371916,-0.00821536,0.17887723,0.29142034,-0.008318673,0.13130619,-0.0014355176,-0.0053473064,-0.0023119112,-0.008194437,0.03699332,0.3885414,0.14212272,-0.012397519,-0.008575819,0.14345832,0.18754473,0.072179735,0.2173138,-0.0033910521,0.010173731,0.47082224,0.037945017,0.6807152,-0.007912139,0.2794966,0.8091781,0.23393318,0.19258769,0.1081322,0.046215564,-0.0046187597,-0.010629123,0.28153077,0.05212169,0.09476755,-0.020195795,0.29251698,-0.012453534,-0.013087927,0.14990155,0.7662003,0.19377242,0.28720966,0.20401247
TCGA-E9-A226,-0.012665602,-0.0032380957,0.43771905,-0.0005360309,-0.0059572533,0.307651,-0.017428182,0.055278495,0.024474261,-0.0017157783,0.011373656,0.060416546,0.100179344,0.05151049,0.08565866,-0.002242493,-0.0039186683,0.12947537,-0.009373968,0.06537159,-0.005496131,0.0016789138,0.17876352,-0.005159588,0.032024603,-0.0041057128,-0.01481348,0.041018285,-0.0034911812,0.026823524,0.2470895,0.05307709,-0.0102829235,-0.004282189,0.07346334,-0.0020130374,0.050948303,0.20180911,-0.004703793,-0.0025774972,0.23465405,0.017757539,0.39842024,0.0042734817,0.14763789,0.44137076,0.2506794,0.1924323,0.1098256,0.003949739,-0.0056730798,-0.013913137,0.1714102,0.04316573,0.092581965,-0.0072824666,0.16427237,-0.012981889,-0.0058788816,0.10860253,0.44522035,0.10693099,0.06985256,0.026971072
TCGA-E9-A227,-0.0040274705,-0.005665762,0.5462335,0.11279406,-0.0020327487,0.42570707,-0.024568206,-0.00018611886,0.019149056,0.053648874,0.015767213,0.1666569,0.029281907,-0.002474878,0.01629242,-0.010447406,0.11787921,0.15587552,-0.005318778,0.15703718,-0.0052864156,0.06384903,0.3179409,-0.0064438516,0.107739314,-0.0041802945,-0.008851033,0.016314948,-0.012512781,-0.0031342625,0.26854062,0.01584177,-0.006409722,-0.0060512847,0.036309257,0.023751952,0.0515348,0.20795432,0.040614307,-0.000497929,0.37113446,0.011790454,0.51867807,-0.003707607,0.26533136,0.65958613,0.31690478,0.16761905,0.17102012,0.036547527,-0.0108341295,-0.005126866,0.20514071,0.010392839,0.07036281,-0.008580324,0.21455784,-0.016584113,-0.012328408,0.08540437,0.66890794,0.14881499,0.059170444,0.11947732
TCGA-E9-A228,0.006889237,-0.0044786744,0.67953223,-0.0067055076,-0.0049367556,0.580573,-0.019500412,-0.008218029,-0.00043322035,0.059644967,0.08356613,0.1952364,0.065653324,0.03240245,0.035939645,-0.014687493,0.049809307,0.097860724,-0.0010637649,0.22471015,-0.0032741644,0.08200313,0.4068418,-0.01501884,0.30051684,-0.012100063,-0.0005899711,0.116675414,-0.0119648855,-0.0005712245,0.35028595,-0.002461318,-0.0076235505,-0.010369159,0.1274742,0.03921811,-0.0049580853,0.32278684,0.101916686,0.017154947,0.4130285,-0.0011477321,0.54357713,-0.0011354588,0.36708736,0.7822107,0.3836423,0.14074355,0.016285527,0.00092834234,-0.012004026,-0.009272905,0.31196198,-0.0031608448,0.10761949,-0.023666924,0.2636955,-0.0142846545,-0.00788513,0.109243155,0.6896924,0.07110997,0.058820505,0.04587535
TCGA-E9-A229,-0.004034582,-0.0069272527,0.6061645,0.07103665,-0.0061704665,0.45827627,-0.023473373,0.020318393,0.028876083,-0.002496595,0.018976428,0.1373209,0.060513083,0.015988812,0.042907394,-0.0082519865,0.060423438,0.10718629,-0.0035143464,0.113870785,-0.0054707862,0.021387536,0.25898433,-0.0105448095,0.15740113,-0.003605225,-0.0066601606,0.057357527,-0.009911088,-0.00051844085,0.2729896,-0.00024877637,-0.010446553,-0.0030557793,-0.0018474251,0.04792023,0.04053042,0.23377371,0.031020805,-0.0032241158,0.31102586,0.06519754,0.5547125,-0.008326985,0.25255522,0.6537823,0.360968,0.16564763,0.07206641,0.037537023,-0.009494892,-0.0071506635,0.26063526,0.02151913,0.08786125,-0.0150472745,0.28408104,-0.016486801,-0.006519655,0.14992118,0.6130573,0.15582918,0.10426317,0.046565436
TCGA-E9-A22A,-0.010093284,-0.0031698917,0.41581845,0.01613811,-0.005008352,0.34627882,-0.018508151,0.05900719,-0.0011326623,-0.0034391785,0.00036215223,0.18667972,0.116783425,-0.0010800866,0.10675261,-0.005072444,0.052275315,0.122796014,-0.004926479,0.10282405,-0.008864683,-0.0006072525,0.20140266,-0.008430055,0.040184196,-0.0048218444,-0.014288406,0.047843456,-0.0044776327,0.044358473,0.2303573,0.22240736,-0.00540686,-0.001687779,-0.002760203,-0.004224367,0.119443744,0.16034633,-0.0019614433,-0.008100175,0.1923208,0.014299717,0.38754743,-0.002046115,0.18025485,0.43105304,0.24364528,0.20837748,0.11990302,0.03071586,-0.0056949565,-0.017136771,0.14865714,0.07597959,0.10380768,0.0015108855,0.1355025,-0.010632998,-0.009023045,0.173096,0.47278047,0.084736645,0.017715082,0.047593236
TCGA-E9-A22B,0.003094324,-0.006250988,0.6177768,0.059907895,-0.004796582,0.5379103,-0.02682128,0.009914383,0.033033088,0.058502875,0.06558935,0.18077727,0.052449923,-0.00406035,0.055356584,-0.008159983,0.09192064,0.12356983,-0.007281035,0.21216078,-0.0050364058,0.07710679,0.27398401,-0.005367529,0.18458858,-0.006973646,-0.0057312804,0.049007982,-0.007705215,0.003995266,0.29119134,0.08130267,-0.004093192,-0.011220658,-0.00086879096,0.08103719,0.07487896,0.24493429,-0.0013603762,0.022090033,0.42644495,-0.0043284814,0.59170365,-0.0017915007,0.35874516,0.69748235,0.27303642,0.14407715,0.13212425,0.031170927,-0.013558134,-0.009035396,0.25633803,0.06993602,0.10771207,-0.013720072,0.23225214,-0.011385448,-0.017328642,0.1428513,0.6703802,0.17333788,0.08081867,0.17103375
TCGA-E9-A22D,0.023512777,-0.004185758,0.8872734,0.19576149,-0.0034169264,0.8236545,-0.02691052,-0.0042101284,0.06863819,0.05932501,0.17709935,0.170286,0.03302994,0.22460267,-0.004611067,-0.013932657,0.019997131,0.24298374,-0.0014205597,0.20409402,-0.01847432,0.09022722,0.3745914,-0.010676093,0.4652171,-0.0047504627,-0.014788749,0.22002564,-0.02747396,-0.012345843,0.3716042,-0.0014340793,-0.0127223255,-0.010540093,0.011111634,-0.0040871734,-0.007255599,0.21268347,0.123434216,-0.011554602,0.47323504,-0.002127476,0.68992895,-0.005551442,0.35336292,0.9568552,0.537681,0.17010261,0.23286946,0.14363897,-0.021096293,-0.0015232608,0.32783177,0.07700008,0.16272362,-0.01642562,0.516807,-0.01614583,-0.015648764,0.18085808,0.7995189,0.2517177,-0.0011327158,-0.001698117
TCGA-E9-A22E,-0.0040897857,-0.0024694277,0.69832927,0.03969116,-0.009943474,0.45829102,-0.022769267,0.022851653,0.022155512,-0.004367811,0.018873781,0.19772252,0.056835987,0.007311492,0.0061948225,-0.0066309706,0.11897336,0.04661578,-0.0084539605,0.19911115,-0.011367991,0.07908398,0.32825828,-0.011349526,0.08364338,-0.002589494,-0.013963898,0.032995023,-0.009936567,-0.00034636894,0.3616323,0.08634454,-0.0065615275,-0.005646224,0.030154034,0.028500047,0.09532666,0.22907367,-0.005761122,-0.0009810731,0.3663565,0.024953345,0.5864811,-0.006634634,0.25403932,0.73680305,0.36282587,0.16897988,0.084179245,0.08230733,-0.008468657,-0.0107954955,0.2597529,0.0065433327,0.09461792,-0.011585559,0.27604756,-0.008557056,-0.010625682,0.16414306,0.64305,0.12711598,0.1935626,0.097830355
TCGA-E9-A22G,0.06346892,-0.008504307,0.84608936,0.23658167,-0.0038913079,0.5222995,-0.028453676,-0.013536072,0.055494353,0.08371265,0.1791626,0.1283925,-0.015316595,0.22490343,-3.810972e-06,-0.00048309713,0.113575,0.26867145,0.13504878,0.254561,0.025887486,0.1724292,0.2975662,-0.025972182,0.26852107,-0.0026035884,-0.014333427,0.2905115,0.009240238,-0.017479436,0.30966812,0.15418188,-0.0015195407,-0.026954606,0.28277242,-0.0018505022,0.028829556,0.2780925,0.22985278,0.0073748007,0.40667772,0.06452493,0.58297706,0.09215029,0.39649236,0.9446614,0.3137647,0.11867656,0.09727205,0.017739754,-0.022149915,-0.0060774437,0.36294326,0.10495782,0.045025848,-0.01764427,0.2119267,-0.0023537278,-0.0065170466,0.10274516,0.85286736,0.17681977,-0.0018218522,0.0070815533
TCGA-E9-A22H,0.045531224,-0.008095582,0.8309596,0.17606725,-0.0108398525,0.642851,-0.03161433,-0.006663741,0.04270525,0.009012461,0.14487475,0.21065961,-0.0021361155,0.042783592,0.058586523,-0.007666807,0.093945906,0.019015988,0.002198428,0.12839629,-0.009096477,0.11338988,0.27753612,-0.003466848,0.37680525,0.050906654,-0.00805247,0.047054663,-0.017099371,-0.006549101,0.3706646,-0.0063867033,-0.010104283,-0.017337626,-0.006684731,0.12657984,0.029156245,0.18991587,0.039478198,-0.0035786002,0.5014489,-0.0014882203,0.657711,-0.0058053765,0.3811664,0.7348721,0.3430686,0.11882996,0.052122377,0.12692225,-0.011660737,-0.00038684384,0.32413638,-0.0019133715,0.12215889,-0.011156751,0.40008396,-0.0062740757,-0.01409169,0.048035227,0.62173605,0.33467236,0.06331581,-0.0012660347
TCGA-E9-A243,-0.0069093267,-0.012041059,0.6324374,0.20401545,-0.0030474996,0.47547776,-0.0274747,0.18160492,0.00423857,0.12243861,0.043090582,0.049903706,0.023422228,0.2295179,-0.0014901095,-0.015224272,0.09791009,0.10848276,-9.499193e-05,0.18149099,-0.004801301,0.13703482,0.32157177,-0.011164159,0.3974294,-0.011685175,-0.003704908,0.19381401,-0.013872676,0.045778167,0.38587725,0.1404208,-0.0138888955,-0.013752564,0.087251164,-0.007442163,0.019644663,0.2264824,0.10902189,-0.005543615,0.36050645,0.083751515,0.6373123,-0.0007060148,0.26800016,0.78315705,0.5038983,0.1867001,0.15879968,0.027024344,-0.0069646644,-0.0002794508,0.34689155,0.15320069,-0.004147257,-0.0006251284,0.32021052,-0.018808508,-0.005663911,0.16768278,0.8112415,0.06814721,0.06436619,0.061673485
TCGA-E9-A247,-0.002430843,-0.008148297,0.43712592,0.080106124,-0.0071158432,0.33002982,-0.02037592,-0.004681775,0.04231356,-0.0025071066,0.022434551,0.12545116,0.022265093,0.031248346,0.050600305,-0.011094014,0.0703786,0.0665961,-0.0014165133,0.09259507,-0.007556946,0.10649787,0.19162823,-0.005196094,0.110079095,0.027046103,-0.008389384,0.09508254,-0.007837934,-0.0029439002,0.21832053,-0.00035159438,-0.008106933,-0.0006906491,0.011145834,0.033899605,0.056894746,0.1423409,0.035124473,-0.002300987,0.27184233,-0.002518703,0.40832168,-0.001695174,0.248793,0.49906987,0.27215722,0.1188907,0.04017945,0.02004785,-0.0066454397,-0.0049386853,0.2383214,0.014043523,0.080405146,-0.00815723,0.2326409,-0.009592963,-0.0049810135,0.059539482,0.43985504,0.20035785,0.08303766,-0.003741378
TCGA-E9-A248,0.038246974,-0.007536617,0.89912,0.111953825,-0.0011945056,0.53520167,-0.027178634,-0.0028178487,0.006083142,0.048656337,0.1314669,0.10897587,0.011142563,0.27333206,0.030861624,-0.017108364,0.19882697,0.069252566,-0.015232709,0.31752682,-0.0061722286,0.22831912,0.3428711,-0.023491943,0.7465304,-0.0072884173,-0.002784453,0.24914461,-0.013598278,-0.011253958,0.36017108,0.034163617,-0.024574673,-0.013407205,0.2200757,0.10195647,0.12548347,0.36070818,-0.0027617835,-0.0083712535,0.50662494,0.21072836,0.66474295,0.011443194,0.19257432,0.8715563,0.58816266,0.17998013,0.13851215,0.17369327,-0.018786153,-0.0037909977,0.29697543,-0.014435038,0.14644288,0.0021094354,0.5981473,-0.018402565,-0.011645629,0.19744235,0.8319833,0.11013844,0.06793958,0.0141376555
TCGA-E9-A249,-0.00021776622,-0.0066851187,0.61719185,0.21425314,-0.0055527315,0.48762336,-0.025585538,0.03601727,0.011489812,-0.010236034,0.05567165,0.18972452,0.064579695,-0.006966339,0.05577816,-0.0044163787,0.17187974,0.06505966,-0.0037940764,0.10474977,-0.0052679214,0.13847171,0.3289657,-0.007004482,0.17191638,-0.0033881292,-0.0045029838,0.12672232,-0.0054877573,-0.0032471481,0.20262998,-0.0006810617,-0.006525417,-0.010886873,0.043670375,-0.0031184466,-0.002704351,0.17902997,0.108395085,-0.0048867553,0.2651425,-0.0028003452,0.4632318,-9.935275e-05,0.24605814,0.6542268,0.3711416,0.1498427,0.096928254,-0.0038733452,-0.0029940174,-0.010066505,0.2734878,-0.0031004453,0.12019283,-0.009300751,0.3325229,-0.012597031,-0.011145632,0.12651855,0.56841,0.21035147,0.10058124,-0.0010778975
TCGA-E9-A24A,-0.005104214,-0.007948376,0.66402024,0.05872732,-0.005090432,0.50617075,-0.018289357,0.0470507,0.042006444,-0.0027010522,0.04505888,0.13419639,0.055331543,0.05126444,0.02576856,-0.005837583,0.044837456,0.043804526,-0.006580827,0.059008863,-0.005315932,0.08876178,0.35662836,-0.010085115,0.2037263,-0.0027721983,-0.0036726755,0.07348232,-0.009075107,-0.00020021181,0.33821854,-0.0003383182,-0.013329326,-0.010751481,0.009247769,0.02805489,0.030532401,0.23638071,0.050353155,-0.004633604,0.41300693,-0.0006864738,0.58427024,0.021489099,0.30333674,0.76956403,0.41638026,0.17853121,0.104355976,0.035123125,-0.004241178,-0.01001843,0.3074895,0.07355385,0.10896956,-0.016244475,0.31095415,-0.011483523,-0.0128144175,0.1422781,0.6136547,0.219805,0.13455303,0.06770146
TCGA-E9-A295,-0.0027759944,-0.0073018814,0.41748077,0.04923481,-0.0025376477,0.27631322,-0.015459508,0.08482613,0.03544811,0.060244843,0.11964962,0.092871815,0.02771535,0.119222015,0.13023871,-0.008285055,0.028773662,0.09690227,0.026327573,0.07721394,-0.0049393885,0.11266038,0.19513114,-0.009939009,0.05195595,-0.0039985324,-0.003772283,0.06266116,-0.0029841308,-0.002433632,0.18377036,0.038538292,-0.004710302,-0.011700066,0.10433287,0.02807476,0.054134756,0.097876936,-0.001397154,-0.008135622,0.29530728,-0.0021573864,0.404319,0.019104632,0.14653158,0.489137,0.15554073,0.10681251,0.19025925,0.03345508,-0.009870413,-0.01064895,0.17618512,0.039956264,0.06784355,0.035117842,0.14534675,-0.0068443045,-0.009280037,0.11511372,0.5090846,0.06862037,0.020294175,0.011881515
TCGA-E9-A2JS,-0.003741461,-0.009821218,0.66420877,0.009419348,-0.0069412277,0.41345975,-0.021977728,0.022193372,-0.004717153,0.11991544,0.15167803,0.21011578,-0.009104694,-0.0038613118,-0.00027044117,-0.016619954,0.0769535,0.21156533,-0.007347165,0.08028799,-0.0076003694,0.002694849,0.17254755,-0.005723625,0.33346105,0.08943835,-0.010405908,0.119324744,-0.0036785246,-0.011971406,0.28068227,0.15233316,-0.019419609,-0.020398896,0.07448163,-0.0042482605,0.018354733,0.23091176,0.079616345,0.0069893748,0.4220756,-0.0021497153,0.63232243,0.07568773,0.17974266,0.86375785,0.122618884,0.2202447,0.117646165,-0.0068213246,-0.015319693,-0.007125281,0.28265017,0.1423387,0.10611851,-0.0033936088,0.30756778,-0.01980479,-0.0068818065,0.15964992,0.81300116,0.099117726,-0.00034921654,0.05699624
TCGA-E9-A2JT,-0.015100745,-0.015863707,0.56205094,0.19876133,0.096205965,0.38930777,-0.018518096,0.10833666,0.04635852,0.21334691,0.04294349,0.064619794,0.03587237,0.10021041,-1.8118322e-05,-0.0069334838,0.0071219467,0.2323732,0.0913137,0.0940285,-0.013566193,0.0018948,0.33255175,-0.005241606,-0.002807087,-0.007256448,-0.0010600074,-0.001488296,-0.0059820795,-0.0054761684,0.15776704,0.036800653,-0.0016521242,-0.017572274,0.16904221,0.048824433,0.07771538,0.183123,0.06288707,-0.0014742941,0.30005282,0.04371444,0.6810809,0.04339841,0.25606743,0.64919364,0.36213723,0.2236876,0.39123818,0.046284802,-0.011447484,-0.008562342,0.20417598,0.16832924,0.11447658,0.06461718,0.2996695,-0.017299047,-0.007935545,0.13832708,0.7413858,-0.00592702,0.060659092,0.06981352
TCGA-E9-A3Q9,-0.0133481,-0.0055917623,0.60615724,0.20829187,-0.005178604,0.36465135,-0.012695751,0.07675816,0.08859037,0.10169613,0.0893028,0.16358005,0.016465347,0.08365826,0.06845331,-0.010004659,0.03541611,0.12015058,0.0063798726,0.08061056,-0.0079661375,0.09494485,0.28500873,-0.0054322253,-0.0040064952,-0.0022095048,-0.0077657583,0.05341161,-0.0016451798,-0.007652429,0.23327687,0.053063285,0.0098557845,-0.0071374415,0.13632023,0.097705275,0.02354763,0.11069912,0.108984366,-0.00043263286,0.37865844,0.0024130195,0.5870228,0.008845981,0.32275292,0.6445326,0.26506984,0.2035975,0.25710517,0.13301909,-0.011701601,0.0008487329,0.26259303,0.025639651,0.034902148,-0.013175738,0.23999354,-0.017143274,-0.001985152,0.030687865,0.56541044,0.1648129,0.12840903,0.043742493
TCGA-E9-A3QA,-0.0004652289,-0.005616061,0.7896057,0.18098181,-0.0033176162,0.4597058,-0.022774752,0.09639779,0.05141198,0.15388387,0.03463334,0.087374024,0.010127049,0.102580115,-0.008289542,-0.005542286,0.111918315,0.22022393,-0.006986896,0.11349608,-0.0098724915,0.044982716,0.36101115,-0.008766691,0.29881656,-0.0033791256,-0.011729663,0.18174605,-0.009346559,-0.0031370588,0.31739432,0.09598459,-0.014860854,-0.016942814,0.1833232,0.038499787,0.11043273,0.19576375,0.09656695,0.022038035,0.45918995,0.10633372,0.79372936,0.0068101846,0.28382635,0.9305816,0.47884005,0.21387511,0.20581834,0.16402695,-0.018376343,-0.005687068,0.30922043,0.15479334,0.063042775,-0.0020262634,0.34780365,-0.020411415,-0.008649161,0.16418381,0.81872547,-0.006312539,0.07481864,0.16024755
TCGA-E9-A3X8,-0.011381449,-0.008649598,0.3965049,0.072817326,0.046645164,0.2973311,-0.01512565,0.07950955,0.06593492,0.07697763,-0.0009008877,0.08526887,0.07794045,-0.0006611931,0.04131393,-0.0037969686,0.02107571,0.18711074,-0.0028222918,-0.0039676446,-0.008550709,0.00990149,0.25825027,-0.006782876,-0.004188203,-0.0069220737,-0.008810624,0.01829395,-0.0028242765,-0.0045159194,0.1593254,0.034676895,-0.0037126204,-0.004742711,0.118068814,-0.001199528,0.06302122,0.14708549,0.027893282,-0.002105,0.1883826,-0.0018715718,0.43603185,-0.0006631915,0.14365579,0.48769498,0.21842453,0.21053128,0.22211431,-0.0017680515,-0.011845666,-0.009421854,0.11990609,0.11326341,0.09227583,-0.0037671078,0.19499178,-0.0122020645,-0.0037385623,0.117400646,0.5389528,-0.0017742045,0.052535612,0.0707441
TCGA-E9-A54X,-0.0074132266,-0.0060172207,0.55700207,0.20023198,0.0683338,0.5248625,-0.035040695,0.021861047,-7.1951006e-05,-0.0053749257,0.076675445,0.16782354,-0.00045446234,0.0469284,0.09042344,-0.00048135594,0.15486369,0.029023243,-0.006329868,0.2233416,-0.00064063503,0.0866518,0.32741216,-0.011055157,0.112997055,-0.0091332365,-0.008023934,0.09328308,-0.0013856583,0.024167746,0.2711931,0.11730473,-0.0034720958,-0.012212262,0.13042521,0.055121962,0.043992378,0.20945327,0.05777076,-0.007191067,0.27743712,-0.011278078,0.43231297,0.06274195,0.3963141,0.6243907,0.4403984,0.18165937,0.14968012,-0.0038138144,-0.012328158,0.010643482,0.16400531,-0.00040424234,0.009968184,-0.008931513,0.22308038,-0.0094533255,-0.00622673,0.026493624,0.55661476,0.12836641,0.050612744,-0.00041139574
TCGA-E9-A54Y,-0.0075332643,-0.00671912,0.7412701,0.1519794,0.03226737,0.55006367,-0.017656198,-0.00064962305,0.06252354,0.085262164,0.15985242,0.103119016,-0.009578149,0.112930045,0.09311357,-0.010299044,-0.002439138,0.11631587,-0.010531605,0.040406052,0.020569252,0.20050022,0.2081817,-0.008753726,0.38954982,-0.007860537,-0.0025630337,0.18878959,-0.0069231326,-0.019707339,0.29262683,0.08430995,-0.001660382,-0.021274162,0.19578433,0.03654323,-0.0048507866,0.26146084,0.062221177,-0.010460827,0.38563517,-0.009440014,0.6453188,0.05442431,0.35848105,0.67027646,0.34071356,0.19681428,0.1656463,0.09811569,-0.009911294,-0.00039323533,0.1830239,0.029921694,0.03473164,0.02196993,0.4271392,-0.020035388,-0.006255373,0.064072125,0.5812306,0.09559869,-0.0011555146,-0.00884231
TCGA-E9-A5FK,-0.007944271,-0.0078055607,0.38311452,0.022896137,0.032653995,0.2699289,-0.020958029,0.0820855,-0.0028536078,0.02884353,0.04362834,0.11270656,0.05114427,0.092126854,0.048017915,-0.005116286,0.097595364,0.08485073,-0.0070635728,0.0554312,-0.0020328278,0.09208149,0.2649096,-0.010615462,0.00020019338,-0.003820364,-0.006464127,0.047509294,-0.004109124,0.02636946,0.16085827,0.042663407,-0.0037861564,-0.0054506767,0.13208945,-0.0042675063,0.060640235,0.12551367,0.038954392,-0.0067541734,0.17282933,0.010835037,0.3448768,0.016147085,0.1534279,0.4092682,0.21177897,0.14242128,0.17847842,-0.002635032,-0.0054533775,-0.0058608106,0.11771798,0.028214859,0.05000197,0.03184336,0.16766453,-0.010014622,-0.0055156196,0.09785864,0.4921742,0.05620569,0.046842676,0.0023166798
TCGA-E9-A5UO,-0.0074297334,-0.0019710057,0.54949164,0.0859869,-0.008377282,0.5339116,-0.021631673,0.030748673,0.010923995,-0.0011369102,0.056214843,0.15067182,0.08317512,0.21325634,0.08890295,-0.01082947,0.001976207,0.12833034,-0.0003322322,0.14625575,-0.011165793,0.07601589,0.11778506,-0.008793815,0.078975305,-0.011089468,-0.008676754,0.12320499,-0.006664985,-0.0046128603,0.18611583,0.041877102,-0.008699191,-0.004719198,0.10096577,0.02811217,0.030271713,0.20491955,0.13905191,-0.0055697816,0.22761112,-0.0029149998,0.39040256,0.010337107,0.28106308,0.44529992,0.28068683,0.18323925,0.12857632,0.08129307,-0.00548069,-0.00405199,0.21732694,0.0036048964,0.10468459,-0.014422677,0.37562776,-0.013802411,-0.0076297033,0.09448065,0.43878913,0.21374428,0.026567314,-0.0124877915
TCGA-E9-A5UP,-0.008938874,-0.0075906194,0.46689773,0.040878396,-0.0021644314,0.37807354,-0.013732663,-0.00243173,0.020134121,0.01421145,-0.0005412113,0.09256734,0.04331425,0.0849006,0.08587359,-0.0062041217,0.08025448,0.08865446,-0.0053038904,-8.521155e-05,-0.0069900947,0.13068636,0.20169136,-0.006663084,0.021187078,-0.0028172191,-0.0047030207,0.09080902,-0.005876502,-0.0034501664,0.20984408,0.014590997,-0.0067273392,0.003262762,0.16941608,0.024601173,-0.00023672097,0.07147898,0.062060177,0.008874811,0.20486529,-0.004023853,0.418527,0.08686632,0.24747337,0.42914265,0.18427545,0.23812786,0.029877841,0.05022166,-0.004609365,-0.008558327,0.22015709,0.008303845,0.113918334,-0.008263594,0.304991,-0.010528417,-0.0012690889,0.100374594,0.47487628,0.1443561,0.14110199,-0.00037840867
TCGA-E9-A6HE,-0.006488168,-0.008020159,0.387903,0.006261807,-0.0023223998,0.2839933,-0.014966679,0.021289445,-0.00020920896,-0.002022574,0.030819632,0.06537623,0.043176815,0.034927804,0.091399595,-0.0042450917,0.042228017,0.08732801,-0.008592486,0.040887106,-0.002619139,0.07658836,0.20564309,-0.005898528,0.086768165,-0.0055106403,-0.008573339,0.054620855,-0.0051515996,-0.002110566,0.21688564,0.013939271,-0.005268126,-0.0036482003,0.1270901,-0.00062382745,0.042660035,0.1715562,-0.0013261562,-0.0063758916,0.21459031,0.010490639,0.32708833,0.011466581,0.1748719,0.44398147,0.21938765,0.19382457,0.14438036,0.008185849,-0.0058674524,-0.00820045,0.15232196,0.030443655,0.044848904,-0.0047559584,0.21630625,-0.00562761,-0.0035133883,0.10117406,0.4610567,0.06246817,0.064241916,-0.00030324497
TCGA-EW-A1IW,-0.0075118616,-0.0020415734,0.45985642,0.05065542,-0.00022987295,0.29469642,-0.020654986,0.054339953,-0.0011166532,0.02225022,-0.0014171962,0.09465591,0.059924245,-0.0048425794,0.059238967,-0.0017243598,0.09733023,0.18584181,-0.006703321,0.117974,-0.006330212,0.0641973,0.25621977,-0.0077006877,0.09527555,-0.0044328654,-0.009090469,-0.0005471535,-0.00602784,0.0453859,0.26156738,0.078678176,-0.0056283805,0.021071434,0.09812535,-0.0030396797,0.037183,0.20269373,0.045042306,0.023145303,0.16663884,-0.0012923538,0.48422337,0.01739357,0.25954735,0.5788566,0.2833305,0.16571118,0.14935283,-0.008530486,-0.004168441,-0.00274984,0.22105521,0.008069113,0.053516977,-0.007015956,0.2375819,-0.009858737,-0.0038027025,0.14002979,0.6033564,0.12212643,0.041486394,0.058600232
TCGA-EW-A1IX,-0.009136325,-0.005325548,0.50823,0.0019409508,0.012055855,0.36062703,-0.018843412,0.047823563,0.019064723,0.035911568,-0.0025118073,0.115463346,0.07941291,0.01819602,0.09324366,-0.006699925,0.021074384,0.1397874,-0.0033110292,0.111264154,-0.0049285437,0.032630138,0.28787366,-0.009192451,0.057972055,-0.006537594,-0.008781084,0.04288356,-0.0022267322,0.02584533,0.25895995,0.042873573,-0.0073211784,-0.0034452905,0.08727463,0.003945848,0.05945238,0.2049212,0.040331654,-0.0027913307,0.22888385,0.016266197,0.50211793,-0.0038648755,0.23769078,0.60968685,0.2854089,0.17341535,0.16007298,-0.0010552056,-0.0058874725,-0.008394106,0.19607717,0.03928508,0.0711281,-0.009488034,0.21552584,-0.011741193,-0.0057556424,0.10992655,0.6124938,0.11125617,0.08190586,0.059163585
TCGA-EW-A1IY,-0.0033317518,-0.007897944,0.48363662,0.029278483,0.0010060649,0.36577025,-0.021157287,0.006654352,-0.0030497487,0.023051903,-0.0014609293,0.081698716,0.071286954,-7.673027e-05,0.058905944,-0.0059592,0.1158807,0.15278934,-0.0067381016,0.099800274,-0.0037632503,0.042609584,0.23399432,-0.007682461,0.14791112,-0.0029032521,-0.006908574,0.120427,-0.0050729,0.0053572133,0.2690621,-0.00065124,-0.009740884,-0.0021680575,0.057674635,-0.0013949821,0.005780522,0.2085601,0.04915958,-0.0038564745,0.2431881,0.04807222,0.4531312,-0.00059200975,0.20125186,0.5755786,0.27087286,0.17371055,0.083746314,-0.0023344082,-0.010865459,-0.004773897,0.25409374,0.008706538,0.108560055,-0.00915531,0.23086655,-0.014248419,-0.0026678757,0.07996073,0.52169824,0.13342588,0.01592743,0.0319342
TCGA-EW-A1IZ,0.00090193097,-0.009745142,0.64634204,0.041018847,0.03463763,0.4913676,-0.021726934,0.015651781,-0.00031707808,0.02927848,-0.0035777043,0.06299539,0.06824296,-0.003611313,0.0917172,-0.010687406,0.023881704,0.18780099,-0.012960846,0.13157181,-0.0014484877,0.11503771,0.27997902,-0.00741864,0.2683246,-0.008158315,-0.0059948443,0.14285538,-0.0054750326,0.013633996,0.2708605,0.02634529,-0.0069980356,-0.013711316,0.13570443,0.038720455,-0.0031405387,0.26221645,0.05735694,0.0067441463,0.32419384,0.012957679,0.54016083,0.007405041,0.28814882,0.69861823,0.3039849,0.20827968,0.12398829,0.0315246,-0.009780361,-0.0042124353,0.2576941,0.075078085,0.07686176,-0.005490943,0.3237734,-0.007354166,-0.008678741,0.16060555,0.6909755,0.041086257,0.047422316,0.011233166
TCGA-EW-A1J1,-0.0028661115,-0.007964949,0.4975141,0.14473113,-0.001874607,0.39172265,-0.018739447,-0.002565519,0.038937718,-0.0020627424,0.106461614,0.14567441,0.056669563,0.083373636,0.059291515,-0.005485552,0.039525446,0.045994155,0.01669953,0.045739878,-0.0068387794,0.07450076,0.25773582,-0.011952504,0.09974168,0.0018289532,0.007239337,0.08202663,-0.0052979775,-0.0075411755,0.16990954,0.03421023,-0.003715412,-0.009597964,0.03873686,0.028231256,0.07539497,0.19238792,0.12777632,-0.0044921683,0.24437217,-0.005194476,0.41093895,0.044408023,0.19970438,0.522751,0.28565955,0.12074291,0.13191406,0.035191424,-0.009561232,-0.003920211,0.17771468,-3.6006422e-05,0.055632196,-0.0112591665,0.22660445,-0.005413003,-0.007688895,0.06117312,0.43266904,0.13680053,0.02994636,-0.006115167
TCGA-EW-A1J2,-0.005048906,-0.0056010573,0.55632204,0.03944939,-0.0064656287,0.36838308,-0.021412706,0.11937553,-0.00071433,0.03193991,0.001863936,0.10318609,0.100668,0.045471713,0.09489827,-0.0026417186,0.06585171,0.19103763,-0.002863739,0.16770056,-0.004462416,0.096443266,0.2579219,-0.0061785313,0.087604985,-0.0025651685,-0.009795873,0.031441234,-0.002133819,-0.0013516359,0.27310082,0.042540416,-0.01193405,-0.009662405,0.12240276,0.040508527,0.06111635,0.1571034,0.064193875,-0.001653019,0.33052883,0.02036465,0.5334936,-0.003768675,0.20733674,0.7187112,0.22402573,0.17767379,0.16066997,-0.00037767293,-0.00930952,-0.011611166,0.24856627,0.09167821,0.06335695,-0.0041581537,0.2117215,-0.016064681,-0.009210733,0.14400916,0.67935926,0.11550806,0.15862629,0.11355518
TCGA-EW-A1J3,-0.007758464,-0.0062009282,0.6339795,-0.0016617377,-0.0034898617,0.48469338,-0.024594426,0.07801129,-0.001739072,0.11029962,0.05167551,0.09365724,0.06527299,0.06793959,0.01852046,-0.011089644,0.0135270655,0.320766,0.02911169,0.030996833,0.0029061008,0.1027679,0.25476244,-0.0107540935,0.21188216,-0.009742974,-0.0069079087,0.09661249,-0.011295941,-0.0046643275,0.3261984,0.050580673,0.01437144,-0.013006225,0.16205592,0.11957513,-0.0053800954,0.19485424,0.086031765,-0.0056308988,0.29811314,0.10108484,0.6527235,-0.00071492867,0.33934224,0.7884088,0.32669866,0.105677925,0.14362414,0.038397297,-0.0124218045,-0.0010568149,0.30931625,0.094114214,0.0817839,-0.015349628,0.2937829,-0.0053961347,-0.006836196,0.1407492,0.74674386,0.28284955,-0.0036709376,0.045614913
TCGA-EW-A1J5,-0.00086909544,-0.010682846,0.6249419,0.14552678,-0.0045507536,0.46101367,-0.02510306,0.009425126,0.014637932,0.041332714,0.17348969,0.12081827,0.025187463,0.17070997,0.07995948,-0.0037719351,0.050020874,0.15630127,0.0047813766,0.14905782,-0.012858584,0.09128763,0.15311722,-0.012607026,0.123519465,-0.00888901,-0.008005345,0.13080363,-0.00941776,-0.017354736,0.2496655,0.008113499,-0.007885923,-0.006731464,0.037172396,-0.0031686143,0.02844376,0.11740292,0.121060416,-0.0057182736,0.3292705,0.0074130334,0.50793594,-0.00096563733,0.23678929,0.60184133,0.29582274,0.11541994,0.20996843,0.09963519,-0.021118853,-0.007214341,0.18146467,0.1122385,0.12940444,-0.011634206,0.29693946,-0.017916778,-0.009520477,0.16698988,0.64925146,0.26826808,-0.0012137566,-0.003902727
TCGA-EW-A1J6,-0.008328964,-0.012935645,0.627417,0.22628291,-0.004327558,0.3927272,-0.023736928,-0.0078113647,-0.004046976,-0.0013604828,0.12397879,0.06519708,-0.0062366626,0.029831417,0.1242019,-0.0055617364,0.077763215,0.14902648,-0.0043168264,0.06043409,-0.0061820606,0.07396106,0.16821477,-0.0040477593,0.40356523,-0.0009003053,-0.0038313363,0.16388953,-0.0071569136,-0.013397274,0.19682688,0.01017849,-0.00944874,0.0049028434,0.024334522,0.115746945,0.04467235,0.15374768,0.10821745,-0.0020145313,0.43856868,-0.004647968,0.5974473,0.026650805,0.3703395,0.70919955,0.38971496,0.16462469,0.088239625,0.16013756,-0.0142146675,-0.007703345,0.34365183,0.08321244,0.03756562,-0.013710759,0.37580088,-0.01602467,-0.007451404,0.10204105,0.6412576,0.24749142,0.1460049,0.047662854
TCGA-EW-A1OV,0.076836236,-0.014394849,0.79504126,0.08517711,-0.0030872505,0.5154715,-0.011812063,-0.0024605587,0.12664375,0.040997066,-0.0015092045,0.121420294,0.07251119,0.08337329,-0.001199656,-0.007554389,0.12448023,-0.00085979234,-0.0033826747,-0.0068468004,0.047917195,0.10124944,0.391353,-0.0072417757,0.4258389,-0.006211837,-0.00644184,0.16806109,-0.011325812,-0.0031830017,0.3049209,0.060408752,-0.016912755,-0.00369989,-0.0011186972,0.04797698,0.020705994,0.22491527,0.14076683,0.01953017,0.46213746,0.09836516,0.6388848,-0.0015454099,0.115923524,0.9418702,0.40626153,0.17718017,-0.005250562,0.1546469,-0.009636745,-0.0072634057,0.41347075,0.074085265,0.114414506,-0.02309103,0.37827903,-0.016781334,-0.0058512357,0.11068178,0.75720805,0.051637802,0.2066705,0.048994146
TCGA-EW-A1OW,-0.010225353,-0.0059074406,0.613494,0.015054714,-0.011741957,0.38074654,-0.01224048,0.08435219,0.025809791,0.049287707,0.038677298,0.020623192,0.063934885,0.13960782,0.040663004,-0.0010723666,0.08326928,0.25911272,-0.0036661231,0.11530177,-0.0037686103,0.015178807,0.24629451,-0.008554864,0.18989645,-0.006649894,-0.010569694,0.1561598,-0.004995654,-0.0020235719,0.37780887,0.08578974,-0.009874909,-0.008330584,0.21970211,-0.004158211,0.022009403,0.20381531,0.06987311,-0.0023891055,0.25954702,0.019537324,0.5989054,-0.004184127,0.15442851,0.7104933,0.3430826,0.16134447,0.101210535,0.062058,-0.011326712,-0.013531846,0.22136137,0.0981545,0.037887327,0.0021958118,0.3348356,-0.012967117,-0.006008856,0.17380151,0.6850174,0.039236493,0.103862435,0.0697702
TCGA-EW-A1OX,-0.013572914,-0.0071870345,0.4033078,0.1808259,-0.0064126477,0.29502627,-0.011748264,-0.008594266,0.020533975,-0.0033726008,0.11840111,0.08248037,0.057025917,0.029365286,0.118631504,-0.0058439705,-0.003156582,0.07387628,-0.0023703251,-0.0007033374,-0.003233517,0.057275087,0.016277075,-0.0054161497,0.17852262,-0.0059029283,-0.0036224318,0.08845628,-0.0059348173,-0.0071037547,0.09591651,0.031822678,-0.008514389,-0.00041213149,0.027955677,0.048151266,0.088847145,0.17097671,0.120247185,-0.008942836,0.27374417,0.008557301,0.32340413,-0.0031753585,0.2142191,0.4216762,0.21687609,0.12227312,0.04101723,0.028578736,-0.010096465,-0.011878453,0.15695179,0.0075550564,-0.0012746925,-0.0078717135,0.18321131,-0.0071739065,-0.00951245,0.13733059,0.3955586,0.17179076,-0.00047555548,-0.006011437
TCGA-EW-A1OY,-0.0046626646,-0.0070402115,0.47731966,0.041304838,-0.0047614686,0.36027634,-0.01781938,-0.005224041,-0.00049676077,0.041372947,0.028562628,0.118205875,-0.0020839367,-6.3580184e-05,0.08092728,-0.0093767885,0.04839499,0.13149667,-0.00011246726,0.06479962,-0.0009852747,0.06956069,0.1990996,-0.00869191,0.23656137,-0.0031978264,-0.0035628749,0.14401928,-0.0026289716,-0.0055625625,0.28476506,0.07348749,-0.012228198,-0.009369016,0.07703104,0.04369391,0.07355094,0.22402227,0.0781349,-0.001431752,0.28775346,0.009868203,0.47633913,-0.00063368975,0.20130995,0.6091277,0.259782,0.17118385,0.03818,-0.002373617,-0.009299869,-0.01035137,0.28570205,0.09554392,0.04824218,-0.003974198,0.2662724,-0.010993122,-0.0046152477,0.078639306,0.6338828,0.13212019,0.036522586,0.049263135
TCGA-EW-A1OZ,-0.006123199,-0.0071146577,0.55019903,0.056197237,-0.0019030717,0.3584656,-0.011126604,0.009331908,0.039614927,0.023823798,0.050988402,0.06461959,0.025859032,0.003409314,0.06974817,-0.007446644,0.055414103,0.10130136,-0.00664659,0.112469316,-0.01030495,0.11239292,0.24403329,-0.0050101536,0.31049824,0.03677758,-0.007869992,0.13843101,-0.007209429,-0.008383027,0.25702897,0.06653941,-0.008129575,-0.0022513184,0.09949963,0.014791049,-0.006167597,0.19480674,0.025802538,-0.0011746756,0.336455,-0.0037706953,0.548061,-1.4645234e-05,0.26099885,0.6956254,0.18082428,0.16271728,0.07022748,0.07855238,-0.0041053104,-0.014636325,0.26523662,0.045219563,0.07041127,-0.0028886732,0.30252957,-0.016673226,-0.005969245,0.15640566,0.670278,0.19212377,0.12842247,0.022511102
TCGA-EW-A1P0,0.06115665,-0.011017717,0.9360984,0.21169157,-0.010996305,0.6918357,-0.038508907,-0.013970456,0.078608006,0.08698703,0.21870184,0.27985415,-0.0060856473,0.05435176,-0.009335364,-0.013526651,0.21231584,0.11989409,0.044337466,0.18612811,-0.0066043325,0.21353489,0.38171065,-0.011681104,0.55672455,0.08753001,-0.012905429,0.15567516,-0.014466581,-0.010852736,0.38664538,0.0462777,-0.010344043,-0.021198973,0.009204637,0.0041326135,-0.0035365191,0.2755619,0.19313143,-0.005332742,0.58542526,0.043906268,0.7777031,-0.007692361,0.49155772,0.8993892,0.452178,0.20616105,-0.0015568645,0.050592877,-0.008418757,-5.267486e-05,0.37751627,0.0046728384,0.15523534,0.008677394,0.34720924,-0.014690037,-0.021012684,0.084753856,0.7967218,0.357009,0.0716113,-0.007790889
TCGA-EW-A1P1,-0.0020970516,-0.00202426,0.64735585,-0.0039676297,-0.0061815376,0.3905699,-0.024758337,0.12244038,0.014882276,0.066173054,-0.0060465722,0.1633448,0.0954486,0.052082133,0.073378496,-0.0068463045,0.20602977,0.08646848,-0.010868597,0.24737667,-0.005116886,0.086596236,0.3342222,-0.0114187645,0.0689002,-0.008926652,-0.010211824,-0.008783831,-0.010778802,0.030260187,0.33306324,0.06668311,-0.013628356,-0.006184112,0.06913253,0.008570043,0.07721898,0.23162419,-0.0023179126,0.0027164295,0.4496077,0.06166779,0.56302404,-0.016040286,0.23719326,0.7478227,0.2709093,0.15346304,0.14408171,0.044318475,-0.009189908,-0.0057255276,0.20969504,0.04733993,0.04525833,-0.0134095345,0.17562376,-0.019039316,-0.0110204015,0.22098951,0.7846227,0.10979614,0.084474996,0.23027821
TCGA-EW-A1P3,-0.007846712,-0.0073510977,0.451406,0.034153502,0.00015741773,0.29571646,-0.0155102825,0.04152544,0.0027310885,-0.0030833955,5.317107e-05,0.14035174,0.060233198,0.006191629,0.12078333,-0.008104217,0.032943763,0.059632115,-0.0043251305,0.055125777,-0.008789058,0.032171894,0.19478892,-0.006392629,0.007729929,-0.0026050657,-0.006600874,0.024713663,-0.0029807712,0.001086384,0.23433445,0.035400495,-0.0017337388,-0.00921872,0.060936097,0.016203046,0.04085031,0.1652779,0.02047845,-0.007165637,0.22160657,0.00899199,0.33363536,0.016926382,0.20149013,0.44607326,0.18643856,0.1887108,0.1284276,-0.00017688089,-0.0096429465,-0.008112653,0.15516561,0.058469206,0.060226627,-0.005782782,0.18143015,-0.010705185,-0.002992231,0.091353856,0.46888798,0.10490681,0.017932478,0.025468796
TCGA-EW-A1P4,0.045471895,-0.0044459696,0.9198106,0.15463616,0.04331012,0.6802791,-0.040323284,-0.0023900464,-0.0029443558,0.036749534,0.08709009,0.25294328,0.027970608,-0.00026197368,0.016509488,-0.007055424,0.32135585,0.17548843,-0.0064924643,0.28199098,-0.020372642,0.14184415,0.23974796,-0.010869354,0.49580288,-0.004955785,-0.014986986,0.24058016,-0.0008722045,-0.003221275,0.41470355,0.049215782,-0.015790762,-0.03031743,0.18615285,-0.003866617,-0.006045125,0.1543665,0.29866058,-0.00402145,0.56077087,0.16717817,0.7957884,-0.0052367523,0.32717955,1.0444356,0.5439398,0.19804128,0.15991654,0.03229352,-0.020765183,-0.009826339,0.30421448,-0.005562288,0.10577853,0.0112250885,0.3090887,-0.011537093,-0.0078780595,0.23903729,0.9191343,0.16066228,-0.0066974103,0.16986376
TCGA-EW-A1P5,-0.0034431384,-0.00081602077,0.6915936,0.20628907,-0.0043334933,0.50545365,-0.019673206,0.016704034,-0.0008357521,-0.00876497,0.09550446,0.15604225,0.004153155,0.12781143,0.046360653,-0.0040392936,0.046841275,-0.009619539,0.0019272678,0.017154083,-0.013101756,0.08489944,0.27661017,-0.013814735,0.2533693,0.0125492755,-0.009146055,0.048761204,-0.016268771,-0.012092772,0.28993738,-0.0116214575,-0.017084911,-0.013209559,-0.0068404074,-0.003934927,0.14655459,0.21750097,0.044578806,0.016778968,0.4796187,-0.0037061733,0.5807424,-0.0016290088,0.25957564,0.7168036,0.35449284,0.21062148,0.045584496,0.009516228,-0.0033213482,-0.007850087,0.2775797,0.0002901405,0.2022552,-0.013511672,0.43442973,-0.013348005,-0.0041349805,0.067182496,0.60337967,0.33518,0.15923247,0.0070102215
TCGA-EW-A1P6,-0.0068813623,-0.012485831,0.76451474,0.19977616,0.050040975,0.4930804,-0.022592533,-0.001141531,-0.006655292,-0.015359083,-0.0023958248,0.17910843,0.0943822,0.08517073,0.042730983,-0.0034679358,0.08786625,0.02208024,0.010851227,-0.0023661074,-0.00801888,0.074218035,0.50005317,-0.016195647,0.34712154,0.07390657,-0.00793293,0.115681,-0.009244278,-0.01213776,0.28122827,0.040387206,-0.011777048,-0.012853952,0.00037232647,0.11499219,0.16850957,0.1642765,0.0807664,-0.00061009044,0.38254097,0.017337237,0.6506413,-0.0015424453,0.2788162,0.9725754,0.44543105,0.2461447,-0.0012732031,0.07538033,-0.01729011,-0.009449301,0.3651091,0.108062536,0.009842072,-0.008213828,0.40381587,-0.017376598,-0.007711003,0.15068461,0.69606465,0.14499766,0.15840378,0.021781802
TCGA-EW-A1P7,-0.0074988143,-0.00075415487,0.86223924,0.1709132,0.023978828,0.6010025,-0.025984287,0.04716333,-0.00077107287,0.13812564,-0.002306706,0.1636202,0.07409008,0.103219196,-0.0033977777,-0.011064673,0.185279,0.24181457,0.052071296,0.20276849,0.003455354,0.096796334,0.43525526,-0.01699978,0.16107956,-0.007526766,-0.009095328,0.052731574,-0.007590396,0.0019396283,0.3127748,0.092013255,-0.016657224,-0.013052115,0.11569782,0.0349068,0.029609246,0.23814052,0.17792024,0.060654797,0.5083555,0.08602828,0.8368415,-0.00030171612,0.3677574,1.0128618,0.55008125,0.18342201,0.21942107,0.032887273,-0.018844848,-0.010916413,0.31503844,0.19504435,0.07108405,-0.011439866,0.31182936,-0.01878775,-0.01814822,0.21944141,0.9964159,0.043284003,0.15511763,0.20129494
TCGA-EW-A1P8,-0.00083643006,-0.007180627,0.8001379,-0.001269089,-0.011070175,0.5005164,-0.038252775,0.0796552,-0.004540552,0.123864174,0.04206938,0.06549293,-0.018284122,0.1334318,-0.0067669204,-0.024496848,0.008496245,0.088799134,0.4568446,0.14184761,0.07215509,0.06052983,0.62249535,-0.01808372,0.76161695,-0.0034157818,-0.014747897,0.22861713,-0.01525559,-0.011308901,0.59193534,0.3444375,-0.012978365,-0.014366567,0.2417682,0.39172623,0.14779899,0.44869837,0.24516313,-0.01756554,0.5561871,0.11105363,0.77606946,-0.008075195,0.19995278,0.9563004,0.5924762,0.15317911,0.10053818,0.04340604,-0.010083318,0.015132833,0.672445,0.4143874,-0.0065716743,-0.024560587,0.45320603,-0.0037047986,-0.0029373704,0.14033008,0.89123493,-0.017541869,0.23081991,0.050307073
TCGA-EW-A1PA,-0.005880454,-0.0094134305,0.5742143,0.15628745,0.021863831,0.44381306,-0.020018747,0.049713,0.03078198,0.021068402,0.0881008,0.11746085,0.09634725,0.12165716,0.05575611,-0.004388911,0.045685098,0.14060108,-0.0021777053,0.11689125,-0.0032314637,0.08862148,0.210661,-0.008432537,0.24260397,-0.010110867,-0.010271551,0.12119033,-0.00423819,-0.0043221507,0.30443004,0.09828009,-0.005625439,-0.009734248,0.19295599,-0.0016399494,0.061212618,0.23487324,0.12683974,-0.005082124,0.30937862,0.009172283,0.57540953,-0.0040232884,0.2473842,0.66639376,0.34946483,0.17882395,0.12562452,0.027915679,-0.009065851,-0.012661164,0.19815916,0.06714608,0.10057903,0.046263687,0.263585,-0.0183812,-0.0019822973,0.12478198,0.6025039,0.0391732,0.003945373,-0.0012974058
TCGA-EW-A1PB,-0.0058452734,0.012618195,0.76674205,0.14011322,-0.0075061643,0.43431976,-0.016561618,0.0145167485,-0.0023331966,0.029705323,0.02689739,0.18543829,0.03689738,0.21246338,0.07662371,-0.017106874,0.118628964,0.0037291218,0.026647523,0.12785576,0.0052606463,0.06440126,0.33617178,-0.014342368,0.46539396,-0.015414836,-0.015109717,0.16611376,-0.0021971636,0.020611431,0.36626443,0.19729416,-0.01500238,-0.011502779,0.16609645,0.07471889,0.15634014,0.20697771,0.19559555,-0.0006995626,0.44452158,0.115762964,0.7205285,-0.009411919,0.22871797,0.9846453,0.514394,0.27784944,-0.0032319452,0.14792517,-0.007271485,-0.0065517253,0.31855887,0.15122995,0.06681273,-0.013607775,0.21745639,-0.009084298,-0.0026652147,0.1660548,0.82800835,0.02538157,0.17788632,0.27137572
TCGA-EW-A1PC,-0.006848971,-0.017290108,0.8663695,0.109749794,-0.01873006,0.56842387,-0.03206392,0.2128715,0.09156904,0.119189784,0.25898564,0.15824027,0.040429343,0.11121484,0.06309826,-0.028340945,-0.0003641516,0.16352093,-0.010344076,0.0024354793,-0.011123109,0.14349636,0.23078911,-0.008390874,0.5626117,-4.2298063e-05,-0.009212993,0.22840677,-0.009730496,-0.009086877,0.43209928,0.37590992,-0.019894859,-0.027781526,0.1402967,0.11663908,0.13823569,0.17922674,0.11229624,-0.0031775378,0.46365973,-0.013167675,0.6773672,0.02704684,0.116413966,0.89828205,0.33021677,0.28316283,-0.0082361195,0.025517821,-0.0062178853,-0.01055901,0.51030666,0.10220606,0.26560515,-0.0018344875,0.56331366,-0.012941246,0.032596614,0.11048208,0.8758915,0.10513145,0.19604056,0.078711644
TCGA-EW-A1PD,-0.0048892023,-0.0047308016,0.5512574,-0.0043062675,-0.0012625031,0.3895686,-0.024995336,0.00971061,0.006386025,0.015440546,-0.0041994755,0.13663684,0.03172258,-0.0034497168,0.037387833,-0.008178686,0.116272554,0.07230143,-0.010171422,0.14842828,-0.009850207,0.08452225,0.28856745,-0.0088178655,0.116173,-0.003795638,-0.008323978,0.029500436,-0.004213761,-0.0027007465,0.23482867,0.021507872,-0.0111926375,0.011114951,0.032910846,0.06735462,0.06770565,0.23845786,0.041537657,-0.0048004603,0.26909184,0.024914684,0.48528874,-0.006195544,0.27589187,0.6210429,0.29189312,0.2322149,0.14325659,-0.003424365,-0.011469028,-0.010309842,0.19956684,-0.00046799463,0.11410343,-0.009100527,0.25976968,-0.014510273,-0.009494913,0.15000124,0.68583685,0.07888453,0.09691039,0.038838282
TCGA-EW-A1PE,-0.012046458,-0.0017472245,0.5890533,0.056937072,-0.0021001347,0.43221223,-0.018879635,0.082261264,0.0038110465,0.074561134,0.080908164,0.15793604,0.08331621,0.07618274,0.034780674,-0.0022924393,0.007585626,0.15223432,-0.0025668181,0.24091046,-0.009660737,0.10417347,0.24724998,-0.008312501,0.07183769,-0.0038064588,-0.01257931,0.09261164,-0.0072139287,-0.0058034575,0.2907955,0.06460519,-0.010184799,-0.0041010226,0.1225414,0.047741655,0.04680111,0.23966336,0.11750446,0.020846479,0.34522673,0.0059499703,0.5644853,0.031574626,0.2931679,0.7145874,0.31533056,0.21194637,0.17982559,0.024192441,-0.008137397,-0.0072221733,0.23041943,0.10657056,0.095278434,-0.011244744,0.22440775,-0.014294738,-0.01039156,0.092315316,0.63880134,0.21372157,0.08080898,-0.0005858727
TCGA-EW-A1PF,-0.0050899484,-0.0047241678,0.5234907,-0.00027647987,-0.005314591,0.3897895,-0.026918996,0.02832026,0.04818356,0.021002278,-0.0033046585,0.1110602,0.102817506,-0.005617396,0.05231103,-0.0015521016,0.06778087,0.13525604,-0.008216305,0.14756404,-0.006746643,0.0669156,0.2603366,-0.0063587786,0.07459709,-0.006867626,-0.01360019,0.080586836,-0.001703265,0.008646566,0.23024784,0.05912183,-0.0062214583,-0.0019398797,0.0703983,0.017549317,-0.0005247485,0.22353265,0.011236314,1.2572855e-05,0.23437883,0.0018573701,0.47921252,-0.0015603204,0.23000476,0.5450164,0.27323687,0.17640316,0.11752336,-0.0009161927,-0.008282723,-0.010552924,0.17946382,0.03529881,0.10937267,-0.0082566105,0.20179822,-0.0108146295,-0.011951047,0.13098937,0.56935155,0.12216063,0.11660822,0.07246612
TCGA-EW-A1PG,-0.010012567,-0.006813276,0.5057098,0.03888334,0.04450488,0.3594287,-0.025609558,0.16888566,0.034234997,0.012037717,-0.0074087456,0.16938137,0.14329438,0.038831454,0.08041518,-0.01145297,0.10725285,0.14494105,-0.0030449375,0.11571407,-0.0017204231,0.04932098,0.3027182,-0.010759554,-0.0016797442,-0.009922708,-0.0073285773,-0.001428935,-0.006398102,0.014864672,0.2561133,0.046484355,-0.010569586,-0.004995681,0.12342471,0.082289815,0.07327073,0.22180335,0.058232933,-0.004211771,0.26748836,0.013501622,0.5611403,-0.010223093,0.1907286,0.680328,0.27922738,0.16051294,0.23992382,0.033631556,-0.0083759595,-0.0038377114,0.19287151,0.07994509,-0.0011166247,-0.0029987097,0.20379965,-0.013726562,0.0054056845,0.13763255,0.674669,0.043280125,0.061268877,0.12298496
TCGA-EW-A1PH,-0.010280536,-0.0085878465,0.6305831,-0.0012955581,-0.015132794,0.5464193,-0.008801188,-0.008517474,0.0147440825,0.03805291,0.12848362,0.1425734,0.07423972,0.2945763,-0.0006269921,-0.015473634,-0.0026947302,0.15530793,-0.013430572,0.122695416,0.072510615,-0.0010519378,-0.00088090636,-0.006523995,0.43350148,-0.0061838315,-0.010775245,0.24021983,-0.010151156,-0.01392218,0.30926073,0.3593993,-0.03160322,-0.018420799,0.27951983,0.025859036,0.1323287,0.29101804,0.19283248,-0.005523018,0.43690568,0.066241935,0.572898,-0.004863591,0.15566647,0.82358325,0.39303273,0.3357141,0.03884673,0.061390795,-0.00783516,-0.020009799,0.37352154,0.116770804,0.13214336,0.016169637,0.30723983,-0.021755513,-0.005727927,0.14120132,0.6437523,-0.003351283,-0.0018700727,0.014607832
TCGA-EW-A2FR,-0.0076408745,0.01232766,0.5548397,-0.0023945381,-0.008262584,0.27738744,-0.0227686,0.050358698,0.073004365,0.051586412,0.044490587,0.107853755,-0.0006307956,0.08705177,-0.0027629964,-0.0086507695,0.06728341,0.11751726,-0.00053889566,0.12870428,-0.013248719,0.03865403,0.25240144,-0.012417719,0.1163421,-0.0016984044,-0.011716457,0.07802522,-0.0028537586,-0.00035530012,0.3054576,0.08931233,-0.0066120573,-0.0030462604,-0.00027425805,0.009408124,0.06339717,0.19110401,-0.0018385319,-0.004107412,0.24838972,0.007807754,0.5234109,-0.0058009173,0.21879977,0.5947977,0.3242873,0.23805848,0.053231284,0.06941748,-0.0071280594,-0.009857073,0.25428542,0.06860047,0.10051335,-0.0034913202,0.23906235,-0.011579372,-0.007764011,0.16759287,0.5464815,0.07681801,0.16930747,0.043812715
TCGA-EW-A2FS,-0.0056823865,-0.0015419361,0.6579076,0.0726092,-0.00085815956,0.45379862,-0.022263354,0.014799789,0.04724746,0.06147512,0.016968705,0.16208878,0.080245666,0.040963985,0.088842995,-0.0075867027,0.104248255,0.083808094,-0.0021921638,0.13968846,-0.0008213382,0.13941547,0.25692233,-0.012288849,0.20029545,-0.0040514315,-0.0052201995,0.006304629,-0.00785452,-0.0021236055,0.22389984,0.088868216,-0.0030831217,-0.013237536,0.14166838,0.09183304,0.060493544,0.2176075,0.078032985,0.010838538,0.3240688,0.073454365,0.64234865,-0.01120898,0.26259738,0.7134894,0.21520618,0.15729323,0.16276391,0.030248381,-0.009196453,-0.009359295,0.23600134,0.08032448,0.042046048,-0.0020460475,0.21259119,-0.007679522,-0.014109835,0.17571913,0.6830417,0.1298007,0.07210034,0.10142282
TCGA-EW-A2FV,-0.004425101,-0.0066971793,0.70512307,0.15953739,-0.004216192,0.6122059,-0.026252467,-0.0011130514,0.0776146,0.10745059,0.05948349,0.18751612,0.07149458,0.17436871,0.06573754,-0.0045102634,0.15987176,0.1725568,-0.0013504162,0.17446163,-0.006040036,0.029011372,0.21425942,-0.011943275,0.24442945,-0.008417884,-0.014622974,0.1277624,-0.008261449,-0.012682437,0.31819877,0.17820063,-0.008089642,-0.016520021,0.12896276,0.01990382,0.09825289,0.1935499,0.11949374,-0.006048109,0.3786861,-0.001205295,0.63897616,-0.011702085,0.27611706,0.78388625,0.3187173,0.21073025,0.183292,0.12744302,-0.017753964,-0.008511552,0.26173446,0.1159786,0.06952969,-0.00043136656,0.3448652,-0.026089102,-0.013309248,0.16587314,0.7322585,0.11443243,0.020350445,0.02935186
TCGA-EW-A2FW,-0.010226949,-0.0017972138,0.60424507,0.1750824,-0.003103721,0.56375426,-0.024089612,0.026384186,0.040094938,0.19223326,0.07879633,0.095394716,-0.004089074,0.01818958,0.057517093,-0.0074169594,0.016376425,0.25724044,-0.00091387983,0.14145096,-0.0028856406,0.0149216,0.29106912,0.010193657,0.20474644,-0.01179464,-0.011058595,0.09689978,-0.017968604,-0.014197491,0.24601544,0.025148852,-0.012507759,-0.014870604,0.13049637,0.10000324,-0.00044008158,0.25583276,0.1531171,0.060004465,0.42576805,0.04043024,0.6274598,-0.0022347216,0.32342196,0.8014252,0.34195852,0.107499346,0.27979013,0.007946707,-0.005797276,-0.0035747977,0.36514053,0.03480894,0.07757439,-0.0071496726,0.37705666,-0.020477092,-0.0058843354,0.07275252,0.8120978,0.32841426,0.03154936,0.11743872
TCGA-EW-A3E8,-0.010285112,-0.006540826,0.41910073,0.05545492,-0.00094180333,0.32335988,-0.013478751,0.10672815,0.021176014,0.049402423,0.049225427,0.051118195,0.07843711,0.11089037,0.065650865,-0.0013566044,0.06498868,0.15865247,-0.003602673,0.08461358,-0.0022483224,0.07880641,0.2546588,-0.0077095195,-0.0004928172,-0.010338954,-0.009568813,0.08849461,-0.0011507394,-0.0035660851,0.25238168,0.009563075,-0.0020107753,-0.004940137,0.21481273,-0.0022498805,0.064940915,0.13000204,0.041572466,-0.0069353776,0.19868901,-0.0017144278,0.4291748,0.007843163,0.15768026,0.53336424,0.25080007,0.17419314,0.16771209,-0.0016499836,-0.0042990237,-0.0036341397,0.14489341,-0.0031404116,0.07101683,-0.005741563,0.23388669,-0.0075528356,0.011578163,0.0951052,0.5200888,0.03505238,0.06787622,0.009151295
TCGA-EW-A3U0,-0.0065995553,-0.0082907155,0.71308374,0.13560632,0.05513312,0.39870706,-0.016399255,0.10418096,0.059798576,0.15090665,-0.0034783965,0.13239487,0.039239105,0.050679825,-0.0061983727,-0.015286534,0.19620335,0.27651924,-0.0068506226,0.06534366,-0.0027490368,0.0076019242,0.32686344,-0.009580466,0.16955784,-0.008442365,-0.004766179,0.111978814,-0.0077879103,-0.000799015,0.26280203,0.08084421,-0.019226775,-0.006616199,0.15498352,0.041062962,-0.000903349,0.2201286,0.1553993,0.066979624,0.45201695,0.066003464,0.7097874,0.028754942,0.24482813,0.8617956,0.42219633,0.22729938,0.15240471,0.1430709,-0.012657431,-0.0034485534,0.35322586,0.18202806,0.13138324,-0.009282454,0.3103323,-0.021847341,-0.006425439,0.23533608,0.87275827,-0.0043192045,0.08405015,0.1604356
TCGA-EW-A423,-0.004063776,-0.008341232,0.4104566,0.11552581,0.0044087768,0.37064567,-0.0136626065,0.026403137,0.040931195,-0.0025374342,0.053571288,0.09817001,0.06961901,0.053261176,0.10497178,-0.005768238,0.06709643,0.043669358,-0.008646009,0.11504744,-0.0027420411,0.090852246,0.14315946,-0.009488376,0.15938011,-0.0058145546,-0.0028504953,0.120693326,0.00020173588,-0.004931285,0.25635198,0.081965715,-0.0051414124,-0.0045493757,0.1406303,-0.00033242628,0.051414333,0.15384918,0.07160367,-0.0058368077,0.22795881,-0.005063806,0.38801444,0.02112098,0.20950022,0.51677656,0.27204606,0.095186725,0.06558634,0.031159885,-0.0086114835,-0.0031693317,0.18149894,0.0120040905,0.0025833081,-0.010646704,0.21731535,-0.0057170815,-0.0024370046,0.07727963,0.44245172,0.10675358,-0.0009734213,-0.0060893274
TCGA-EW-A424,-0.0067334957,-0.0069013773,0.30858457,0.036384422,0.010458579,0.2041319,-0.017366935,0.05652772,0.005033847,-0.0032473304,0.03241211,0.11697622,0.108046725,0.035386942,0.08924257,-0.0054343883,0.010810506,0.051784277,-0.009007494,0.011627004,-0.0046716593,0.06661683,0.14957225,-0.0093211,-0.005518926,-0.007035983,-0.0064319544,0.027058743,-0.0017310746,0.007790629,0.12938993,0.029462177,0.010965876,-0.0018126153,0.094460584,-0.0065738717,0.022013526,0.114067174,0.016332857,-0.003747679,0.12911925,0.017774485,0.2698836,0.019309934,0.133977,0.35605717,0.16798487,0.13377824,0.12755482,-0.0029165687,-0.010050354,-0.008484863,0.11944448,0.040678553,0.036587253,-0.0021175512,0.10836592,-0.0051535447,-0.0005719731,0.06261431,0.3601951,0.07088768,0.009312969,0.049227446
TCGA-EW-A6S9,-0.0071713375,-0.005372093,0.39306533,0.035874795,-0.003974697,0.3149989,-0.01297609,-0.0017191056,0.015428722,0.07437591,0.05109175,0.10926175,0.032525912,0.017370597,0.0064517558,-0.006215404,-0.00087400526,0.19476745,0.022249505,0.032780375,-0.0065485165,0.0023716558,0.16220495,-0.0072479816,0.125261,-0.0032553624,-0.0032746983,0.119486175,-0.009676297,-0.003747683,0.23668663,0.07793212,-0.0051876516,-0.0013221152,0.06657746,-0.0018523984,0.028099317,0.19541,0.022709563,-0.007832485,0.15108316,0.002722852,0.44676968,0.045174964,0.15514846,0.47871172,0.18466634,0.1401606,0.11568193,-0.00087221264,-0.0053007263,-0.011989213,0.24374473,0.08348811,0.10573775,0.00013864692,0.27082613,-0.016318476,-0.0021221584,0.09636612,0.48320615,0.007266756,0.053996947,-0.0057970444
TCGA-EW-A6SA,-0.008734012,-0.014532364,0.50303537,0.12264681,-0.0023039375,0.3889198,-0.009740229,-0.0055448855,0.026519831,0.08429076,0.12746939,0.036674835,-0.0071837977,-0.00017739208,0.06773318,-0.0033797608,-0.005440465,0.20480762,-0.004974499,0.0085601695,-0.0060294815,0.06587529,0.2084886,-0.0073657767,0.070714325,-0.006082106,-0.0042493097,0.102492,-0.00431484,-0.014640774,0.1504758,0.059078146,-0.0014186271,-0.013572218,0.17520306,0.047746968,-0.0006713223,0.20789161,0.07723767,-0.0051079066,0.28555354,-0.0024772454,0.54517627,0.11695636,0.20970567,0.54245526,0.2223252,0.16417539,0.22591501,0.029294454,-0.016521437,-0.011886682,0.20795876,0.054843128,0.05988431,-0.0016559672,0.28725058,-0.010266006,-0.0061443215,0.07519118,0.55207586,0.08922836,-0.00036149213,-0.0070507876
TCGA-EW-A6SB,-0.003330762,-0.01206058,0.6029968,0.27267262,-0.0022598521,0.41142505,-0.01678824,-0.0075302557,-0.001409598,0.022641964,0.122191414,0.07243457,0.012125727,0.16142184,0.042672876,-0.0030775648,0.06781097,0.10673368,-0.001886278,0.053240914,-0.0011973107,0.07586786,0.16017781,-0.009984436,0.3269747,-0.0036047131,-0.0010885982,0.2315834,0.0051577976,-0.008867211,0.16008975,0.17540446,-0.008045475,-0.0061323103,0.23751052,0.05542222,0.060572173,0.22303125,0.20888074,-0.006055822,0.30567673,0.058368508,0.56777465,-0.0021279894,0.22221096,0.6844876,0.43481496,0.16819796,0.17186776,0.14519733,-0.0142038185,-0.0067571118,0.2696475,0.06568516,6.275438e-05,-0.009330518,0.28832948,-0.006578088,-0.0032822143,0.13774133,0.6947326,-0.0026277073,0.08002645,-0.0033166155
TCGA-EW-A6SC,-0.008801278,-0.00474574,0.44315454,0.07155952,-0.0018114563,0.32204315,-0.01790769,0.03807392,0.0066601764,0.054988936,0.025342286,0.1096849,0.0684812,0.033780128,0.063899964,-0.005542361,0.03933727,0.13877676,-0.0033179799,0.08763608,-0.009550358,0.02149126,0.21024014,-0.007623275,0.05010945,-0.006520461,-0.0057536867,0.041754555,-0.0066925953,-0.0023680932,0.24612923,0.014471342,-0.0068315156,-0.0031223472,0.13209267,0.025339551,0.044937633,0.17918625,0.03249105,-0.0041478984,0.24420603,-0.0006503303,0.47412157,-0.00013218039,0.217573,0.55159533,0.26363584,0.18524605,0.1376092,-0.0004235655,-0.0085562505,-0.010206937,0.17513518,0.07577592,0.08852237,-0.005331106,0.24070683,-0.0141353775,-0.0046674116,0.11058076,0.5378644,0.04533932,0.033846036,0.04103814
TCGA-EW-A6SD,-0.0046568247,-0.0051599005,0.37085426,-0.0011817649,-0.005050603,0.24528721,-0.0023623158,0.17994209,0.054537475,0.046283133,0.054238874,0.06962588,0.09037736,0.027147684,0.10516225,-0.010218074,0.001570832,-0.0010501283,-0.0059159393,9.633228e-05,-0.0105246445,0.08131052,0.10146294,-0.008573084,0.18740895,-0.0068470547,-0.0055124816,0.17033245,-0.005587894,-0.004258542,0.25188318,0.227876,-0.009140617,-0.0038303596,0.12580691,0.024714451,0.10031982,0.11150973,-0.005380303,-0.009205066,0.16771752,-0.0019276169,0.37407976,0.0032176524,0.053099222,0.43811792,0.0914257,0.2193991,-0.0021359504,0.035503745,-0.0011680253,-0.011893918,0.21430293,0.043644987,0.091541044,0.0001218142,0.22357424,0.011515051,0.010273216,0.109250546,0.44189018,-0.0030386948,0.14096127,0.077135995
TCGA-GI-A2C8,-0.01032047,-0.0020223637,0.56476206,0.22211806,0.051615037,0.47570625,-0.011914114,0.17980069,-0.0099549955,0.06872637,0.245157,0.23254824,0.15522003,0.07471341,0.08323464,-0.011142686,-0.00014607087,0.23295797,0.0441634,0.1825837,-0.018376729,0.06732311,0.28678134,0.015276253,-0.0020973932,-0.02012814,-0.018213045,0.13407087,-0.003983702,0.08893019,0.2703622,0.42134768,-0.016037587,0.10431947,0.33766797,0.0924927,0.11810672,0.17987251,-0.013715026,0.127857,0.53311574,0.08697854,0.5566963,0.2064257,0.33922425,0.6395571,0.30973598,0.26132,0.20026414,-0.0045163906,0.1729995,0.0008270219,0.3630998,0.12582071,0.32096142,-9.305226e-05,0.19028997,-0.01942896,-0.023586579,0.27930397,0.5621877,-0.004992214,0.5045609,0.22739191
TCGA-GI-A2C9,-0.00719447,-0.005131615,0.7764347,0.1413433,0.014796445,0.42990774,-0.02389372,0.16388871,0.04680495,0.11277646,0.10680932,0.13995051,0.022117943,0.25296992,0.08965785,-0.0053170603,0.16056311,0.16589081,0.043391265,0.21538903,-0.010222237,0.06588782,0.383408,-0.014274359,0.07293671,-0.0044473624,-0.0124818785,0.03539277,-0.0037500632,0.017279658,0.3256869,0.16609119,-0.01175657,-0.01673397,0.18729228,0.12564367,0.16687971,0.23629582,0.030832116,-0.002598835,0.4575661,0.04797783,0.791417,-0.004196748,0.22261761,0.903293,0.33573842,0.18125975,0.19567406,0.10257072,-0.010169563,-0.009658324,0.2868028,0.12763889,0.049424417,-0.010013596,0.20980929,-0.016079193,-0.006226792,0.17581911,0.8493946,-0.00044803732,0.25439662,0.25834525
TCGA-GM-A2D9,-0.008770381,-0.0061305626,0.4097154,0.09694402,-0.0049892487,0.28360954,-0.014538646,0.099895775,0.06027802,0.10160962,0.109512925,0.06177922,0.03253411,0.08547306,0.064874,-0.0050073727,-0.0029598367,0.17323467,0.04653518,0.058242332,-0.006623681,0.06717269,0.18165995,-0.0040032114,0.030599404,-0.00835568,-0.0065757097,0.048998237,-0.0035320427,-0.010975862,0.16779351,0.016542671,-0.0034005225,-0.0076145427,0.14019704,0.045095455,0.010002602,0.15455279,0.1235532,-0.005794454,0.27871925,0.033716135,0.5251454,0.066122755,0.19537339,0.5736836,0.254072,0.16139567,0.25439927,0.021651752,-0.008473287,-0.0053548454,0.22926474,0.018906532,0.081232004,0.024409205,0.17919153,-0.011539585,-0.0038631388,0.11439404,0.5401463,0.124211065,0.015304629,-0.0018727251
TCGA-GM-A2DA,-0.0069231256,-0.009657167,0.4416195,0.051008496,0.02116275,0.28661266,-0.020153962,0.10969399,0.024708899,0.08446455,0.08595076,0.115066454,-0.002170695,0.07440508,0.05959998,-0.005025148,0.040050544,0.11468163,0.03193704,0.054660376,-0.009082075,0.04390446,0.28335243,-0.010554673,0.005588103,-0.001193551,-0.0059930775,0.036000527,0.013640648,-0.004585652,0.13406014,0.08835399,0.009515215,-0.0103080245,0.06977935,-0.0023898622,0.08047436,0.11665899,0.028983653,-0.0028519311,0.1920174,0.020146187,0.47815925,-0.0011473767,0.16894051,0.49576956,0.21068802,0.1936093,0.24856316,-0.0038136,-0.0123395715,-0.0071972297,0.19684392,0.103377074,0.06800875,0.055851474,0.17192729,-0.009079638,-0.0030441398,0.11220457,0.54754406,0.005649708,0.037643816,-0.0005633935
TCGA-GM-A2DB,0.0020394167,-0.009954956,0.6816788,0.15307574,-0.0061811605,0.46914116,-0.026060406,0.14958164,-0.00212163,0.14166528,0.036275182,0.14061913,0.009940691,0.17112318,0.06456466,-0.014304856,0.057794005,0.0723428,-0.0070631816,0.17225589,-0.005767498,0.016496934,0.23035719,-0.014661855,0.403897,-0.0050580674,-0.004483798,0.19461478,-0.0053961254,-0.0021741502,0.3620641,0.3092889,-0.012600854,-0.019681295,0.18938741,-0.0050360793,0.12464093,0.17859688,0.007093668,-0.016255442,0.3436603,0.0911234,0.7039604,-0.0049532205,0.2579956,0.8246975,0.29749474,0.27971244,0.078956254,0.038365036,-0.0025636882,-0.0088617485,0.29862154,0.10782614,0.069741815,0.09301148,0.42786422,-0.021247355,-0.007151687,0.17232819,0.7858665,-0.005638294,0.11883061,0.11105995
TCGA-GM-A2DC,-0.007983009,-0.014759458,0.5738796,0.13861762,-0.0007682737,0.3820057,-0.018925225,0.10794237,0.0882491,0.13524662,0.17362452,0.118815646,-0.008299706,0.17468466,0.07257707,-0.010616805,-0.0041808574,0.22227985,0.037602477,0.013954353,-0.008103076,0.11546098,0.24779399,-0.009347537,0.116704896,-0.006025072,-0.0004753354,0.037789308,0.009044513,-0.010992845,0.13985687,0.059138224,-0.009471595,-0.014846583,0.1550735,0.1602554,0.010054652,0.15541342,0.13485567,-0.006452139,0.3673622,-0.007705462,0.64297724,0.058365528,0.29222462,0.62204504,0.2972729,0.22466195,0.2646961,0.04714986,-0.010274622,-0.007274618,0.2726072,0.07962485,0.07968147,-0.0026912626,0.3429852,-0.013246164,-0.0046722633,0.19362019,0.7233177,0.08621135,0.056971308,0.037081853
TCGA-GM-A2DD,-0.004319368,-0.011158413,0.59035635,0.10279165,-0.01012459,0.32362852,-0.025446463,0.16421507,0.009911057,0.12684852,0.0715608,0.15588826,-6.6640605e-05,0.10483203,0.0071046017,-0.011234962,0.17873493,0.1239353,0.047302596,0.15341133,-0.00530098,0.04560009,0.2731632,-0.006461128,0.2168793,0.009309595,-0.0057954206,0.09208219,-0.010757445,0.020093009,0.26323035,0.19277579,-0.012101153,-0.006513573,0.10549843,-0.0036524348,0.030565519,0.11887212,0.0040214285,-0.007939726,0.3613599,0.0060313977,0.63805026,-8.3692e-05,0.23589355,0.7855119,0.27943322,0.20304133,0.1749999,0.10018026,-0.005109613,0.029948242,0.33035567,0.113213465,0.039503776,0.11228825,0.35434747,-0.020856688,-0.0037510197,0.19561341,0.6521644,0.006171208,0.19662604,0.044273123
TCGA-GM-A2DF,0.08754064,-0.007067652,0.7647976,0.07069251,0.01425131,0.3870014,-0.014609069,0.12547936,0.072700515,0.14427544,0.07674354,0.097508825,-0.0076841535,0.08866863,-0.005952228,-0.0059094573,0.20748252,0.1483206,-0.002077082,0.055622246,-0.009202763,-0.0032944982,0.22226746,-0.016586347,0.16700697,-0.0078828065,-0.015908254,0.15948153,-0.011437656,-0.0021750305,0.29062414,0.09465212,-0.01903517,-0.011278425,0.123297244,0.0074064583,-0.0007318657,0.1648052,0.024446495,-0.002468513,0.44344434,0.022928763,0.68398255,-0.0073707798,0.20952967,0.8112978,0.2720253,0.26253575,0.11705242,0.11166718,-0.02307865,-0.0052309334,0.25230262,0.18644817,0.045444384,0.01956983,0.25978637,-0.017678095,-0.009609983,0.2910539,0.73481894,-0.00969702,0.03211661,0.1848373
TCGA-GM-A2DH,0.0013481397,-0.013665788,0.7758643,0.08961548,0.02632231,0.5755211,-0.020052128,0.055504978,0.07402834,0.13304429,0.11849634,0.17233232,-0.0032492708,0.12370905,0.0655964,-0.013390559,0.11968467,0.203059,-0.0008015573,0.09792288,-0.009497584,0.04696278,0.2776351,-0.009988201,0.27865955,-0.007922471,-0.0050513963,0.15856956,-0.007140811,-0.0096299825,0.37145454,0.275975,-0.007209219,-0.015745847,0.14480941,-0.0033115991,-0.0022530134,0.2159383,0.17874913,-0.0033168325,0.38508686,0.08280642,0.7513602,0.0070750006,0.28982043,0.8966469,0.24988419,0.22330995,0.13659258,0.051170386,-0.0062118913,-0.00881955,0.3328205,0.14010295,0.11140799,-0.00088479737,0.3403136,-0.017050257,-0.006549516,0.16553147,0.8736482,0.028254129,0.07907684,0.06566396
TCGA-GM-A2DI,-0.01088587,-0.011703125,0.6147097,0.20674674,0.0586802,0.45280766,-0.018815806,0.10745622,0.041247785,0.18133536,0.07889952,0.070628196,0.009242374,0.09846176,0.027598303,-0.0060007465,0.0025006048,0.21744792,0.059434995,0.07278307,-0.0070928778,0.0943703,0.35011107,-0.008065965,0.069456264,-0.0077521265,-0.0027027677,0.05371614,-0.008330653,-0.0073516383,0.18255055,0.041683786,-0.0038899202,-0.01953712,0.2155303,0.068268076,0.055077415,0.1912527,0.15698488,-0.002826101,0.340068,0.028696608,0.78802127,0.06540107,0.25813013,0.77621686,0.3744082,0.21838538,0.36459193,0.058871992,-0.016264193,-0.005530284,0.23663408,0.09944303,0.086706124,0.016999576,0.31096345,-0.016732994,-0.002822803,0.11296572,0.8046345,-0.0026600712,0.029283736,0.05819598
TCGA-GM-A2DK,-0.0030547127,0.009863395,0.61764807,0.123641714,-0.0034350918,0.34642923,-0.023352386,0.2485817,0.031880736,0.056500167,0.08355676,0.1550839,-0.00038180352,0.16915008,0.057233274,-0.0056244736,0.1516619,0.0198495,0.028530657,0.1372322,-0.011055838,0.0771251,0.28835148,-0.014549389,0.11978327,-0.0076055974,-0.011311962,0.037279736,-0.0030321304,-0.0014101345,0.27782425,0.08706504,-0.007966624,-0.014382931,0.08511022,0.012624335,0.101296216,0.16295345,0.041227438,-0.003528236,0.3664428,0.063521415,0.68160915,-0.0053654583,0.21865898,0.7253492,0.2379817,0.26070446,0.22216666,0.007407788,-0.0098639205,-0.0009726174,0.24198997,0.0929007,0.11607686,0.119605854,0.22893165,-0.011201433,-0.0021704629,0.19218704,0.64583427,-0.0004499808,0.09317993,0.10186109
TCGA-GM-A2DL,-0.0062037646,-0.0050763725,0.49886444,0.06612174,-0.0023713056,0.2879304,-0.019733356,0.13118996,-0.0012261708,0.06591675,0.065805756,0.11876652,0.013798669,0.10305406,0.11014767,-0.004735811,0.06728135,0.1051503,0.004357554,0.13100606,-0.007918465,0.050223865,0.27305156,-0.007569683,-0.0004115984,-0.0028723069,-0.012661926,0.037829053,0.016111147,0.008232061,0.21416225,0.11448705,-0.0028452103,-0.010504198,0.1093353,-0.0034453229,0.08315861,0.13387257,-0.00023732484,-0.0034313349,0.2616749,0.04126754,0.50073147,-0.00092185364,0.19422284,0.57029724,0.18972212,0.2191142,0.23593752,-0.006836183,-0.009120682,-0.0049450435,0.21416783,0.081483476,0.100643896,0.06793159,0.19219278,-0.010277482,-0.0017016223,0.15400413,0.5993428,0.020063624,0.08991782,0.060065463
TCGA-GM-A2DM,-0.0060879965,-0.009385865,0.41924304,0.14149821,-0.0039011508,0.3861035,-0.01738798,0.021352015,0.021571383,0.13907774,0.0341851,0.06939885,0.007393252,0.10498821,0.12837382,-0.010890652,0.02797719,0.15867653,0.013648912,0.07868427,-0.0059701796,0.038203128,0.29259837,-0.0036204183,0.020617824,-0.0022896414,-0.007233868,0.08183352,-0.00385892,-0.002160899,0.2379804,-0.00027494357,-0.00981827,-0.0009833887,0.17782478,0.083543375,-0.0002205044,0.07567193,0.0903111,-0.000983309,0.2790756,0.02215487,0.47963935,0.08109458,0.2588831,0.57129025,0.22303167,0.15405245,0.17821716,0.0096632205,-0.009472929,-0.005722659,0.26763213,0.034553103,0.012271043,-0.008308179,0.27462578,-0.016680818,0.011934193,0.05594304,0.6136188,0.16875258,0.098652884,0.044640608
TCGA-GM-A2DN,-0.00483366,-0.0029593415,0.51734346,0.11051658,0.02190966,0.32358646,-0.023109017,0.08465551,0.009383831,0.07375136,0.038551323,0.12380192,0.012017738,0.11379339,0.06435275,-0.010277226,0.09584467,0.13167281,-0.0023685384,0.08650175,-0.0074340077,0.035362206,0.2787612,-0.008102182,0.086619765,-0.005724415,-0.0061072144,0.14217134,0.004909505,0.004399631,0.20057116,0.07746188,0.003954847,-0.010992427,0.09629961,-0.0035339713,0.037180573,0.122733556,0.028871503,-0.0049554813,0.22780883,0.033000454,0.5294475,-0.006250662,0.21714105,0.62721217,0.29828694,0.24649797,0.21790206,0.006328054,-0.014308295,-0.005682698,0.15086803,0.11340058,0.06973555,0.021709744,0.18379438,-0.011691463,-0.0036317613,0.11970167,0.6860164,0.030116778,0.04951058,0.07161847
TCGA-GM-A2DO,-0.013693641,-0.01149829,0.68364114,0.13158812,0.1676574,0.51871043,-0.022822922,0.08122736,0.02706306,0.24306957,0.03848,0.12963119,-0.0014803257,0.09503878,-0.0069142394,-0.011874983,0.067821786,0.2660855,0.041846715,0.07460523,-0.017686438,0.096031025,0.39631686,-0.0074256035,0.13249688,-0.006088874,-0.0009311677,0.025766894,-0.010151303,-0.014620987,0.19090387,0.100014105,-0.005314751,-0.017783832,0.2663163,0.110403895,-0.0021171544,0.16227387,0.2555248,0.00025924668,0.35558662,0.053255387,0.84058523,0.06992078,0.37529695,0.86683524,0.52647156,0.31783456,0.32138988,0.06979447,-0.018285764,-0.0027894431,0.3429927,0.18005398,0.16127534,-0.00128427,0.34805202,-0.01978805,-0.0009336906,0.1565928,0.989138,-0.0065390505,-0.0014037428,0.008125216
TCGA-GM-A3NW,-0.008041213,-0.0068137827,0.536791,0.092807844,-0.0006398648,0.38920355,-0.02138787,0.0919566,0.021594275,0.13627736,0.09740229,0.06423946,0.08836688,0.092758864,0.120063916,-0.0011714235,0.09634344,0.2862877,-0.0010320271,0.044176403,-0.012611094,-0.00014043153,0.25736442,-0.0054588527,-0.002168196,-0.007348992,-0.011941996,0.040121958,-0.005353159,0.0010779426,0.24994598,0.003259126,-0.0058141374,-0.0048238593,0.21553865,0.02371426,0.06948531,0.19589375,0.124931365,-0.0041672927,0.34346485,-0.0010770087,0.5169119,-0.001330828,0.19168738,0.67184293,0.23655885,0.23318346,0.2434669,0.010296069,-0.010644613,-0.006603068,0.21564609,0.016409447,0.11203483,-0.0052591534,0.22058494,-0.013367697,-0.0014424773,0.08838208,0.552971,0.0768009,0.057342764,0.041218147
TCGA-GM-A3NY,-0.009944089,-0.005776507,0.5210871,0.09338151,-0.0029457223,0.38202104,-0.021165961,0.049503535,0.020079944,0.041280538,0.096194625,0.11297704,0.005044114,0.086866304,0.018811345,-0.0041930117,0.016730838,0.18203408,0.0019982234,0.037074257,-0.008070662,0.06229241,0.28615686,-0.01040051,0.120711386,-0.0005678486,-0.0031374928,0.07282189,-0.003520944,-0.006957625,0.20698391,0.08769962,-0.00054614426,-0.0070114094,0.10491154,0.02589168,0.10047236,0.16095504,0.106252,-0.0077911275,0.24140765,-0.00044309555,0.49892998,0.021633195,0.31385064,0.6024431,0.25658843,0.14495905,0.19178347,0.007903028,-0.007885284,-0.00028332995,0.2276758,0.026370691,0.006072283,-0.005710944,0.23346062,-0.014328839,-0.008991751,0.11955865,0.5325441,0.10344294,0.07158394,0.021140978
TCGA-GM-A3XG,-0.013595441,-0.0049857134,0.4733454,0.011980679,0.03763544,0.3257095,-0.025132528,0.08011106,-0.002904563,0.047038473,0.016394377,0.1460634,0.042373274,0.099493936,0.05958478,-0.0037976452,0.14689678,0.14231613,-0.0005545661,0.13070011,-0.001529623,0.04416293,0.3344908,-0.008748293,-0.0084518045,-0.0059468,-0.010364287,0.0004362315,-0.003485315,0.025587697,0.21988934,0.07585791,-0.008714027,-0.006839797,0.16955264,-0.0013800281,0.04438189,0.12798208,0.05078022,-0.0061201393,0.19496341,0.018141093,0.4104602,-0.00077598094,0.19423588,0.5398334,0.2337799,0.14546084,0.23975587,-0.005123425,-0.009170063,-0.004279586,0.11759443,0.0048996788,0.06834658,0.0090539,0.19207807,-0.011845519,-0.0050175022,0.10885311,0.6454031,0.08263129,0.08669771,0.07349484
TCGA-GM-A3XL,0.059187498,-0.00047487207,0.8938793,0.18161835,0.0127941575,0.5629876,-0.02961725,0.1302062,0.029517934,0.27781516,0.027589675,0.1826098,-0.011193663,0.112115875,-0.006243133,-0.023920018,0.1654752,0.20701146,-0.0025082305,0.13137941,-0.0108011,0.15893127,0.32148153,-0.0042813537,0.6293192,-0.004077812,-0.0050723725,0.2766183,-0.01725186,-0.0144567285,0.4573523,0.21407536,-0.024674326,-0.031899303,0.32702765,0.15420453,0.10640095,0.18064654,0.22386141,0.023569576,0.57089484,0.0809481,1.0222199,-0.001289706,0.33816385,1.183128,0.542328,0.29183584,0.030424062,0.091372676,-0.017862687,0.030852236,0.4975219,0.12744501,0.16374782,-0.0018646002,0.57074744,-0.026038095,-0.00025148416,0.21658877,1.0811378,0.064528875,0.079192564,0.19140828
TCGA-GM-A3XN,-0.010552893,-0.004263113,0.5479356,0.08723262,-0.00060441013,0.35105386,-0.020788481,0.15998498,0.07686877,0.042924277,0.04482507,0.11272822,0.08632032,0.08347003,0.05546494,-0.004856333,0.047899254,0.16083926,-0.005057289,0.101543576,-0.008671237,0.07019537,0.27082542,-0.010132188,0.05587149,-0.004754626,-0.007285185,0.016781151,-0.0030274845,-0.0018704213,0.26467866,0.09399767,-0.005603291,-0.0076066884,0.09417343,0.019656833,0.084977716,0.18071452,0.06799466,-0.0044386135,0.27827784,-0.00066881964,0.6013754,-0.0048304023,0.2260535,0.6594166,0.26510128,0.23055524,0.18311559,0.013603389,-0.0065389774,-0.011666446,0.17502326,0.077071935,0.08747584,-0.0019372925,0.17925586,-0.014565182,-0.005009143,0.15612346,0.6486016,0.019776903,0.11329165,0.1313642
TCGA-GM-A4E0,-0.007982087,-0.0043580914,0.60563993,0.041567106,-0.0043463944,0.42791563,-0.023206566,0.15588853,-0.0018468912,-0.0014930323,0.009642042,0.13535045,0.14070013,0.10879863,0.14402743,-0.0050554457,0.20850472,0.08364181,-0.008614078,0.26244414,-0.0036928996,0.1522361,0.28253543,-0.009880361,0.09127654,-0.007834117,-0.005772152,-0.00197083,-0.0031454265,0.026263032,0.41714394,0.11254187,-0.011905703,-0.009376536,0.15294766,0.037165653,0.14012383,0.17446214,-0.005546216,-0.0026532256,0.37815836,-0.00018500276,0.52992254,-0.018440185,0.23562238,0.72508043,0.23961836,0.110607766,0.17118229,-0.00072698464,-0.00096592086,-0.0052260472,0.1719675,0.000734983,0.01901617,-0.01247936,0.17922843,-0.01324557,-0.008346174,0.11528316,0.7038902,0.17273687,0.13594271,0.16245231
TCGA-GM-A5PV,-0.007786675,-0.007280767,0.41192153,0.008303244,0.004935058,0.3101234,-0.018887019,0.09810285,-0.0004305903,0.012540691,0.049591925,0.13250405,0.08832072,0.12739089,0.09790552,-0.0053451234,0.057131268,0.10241924,-0.0024716828,0.0728537,-0.0050435425,0.093839794,0.288272,-0.011411214,-0.007508555,-0.006649607,-0.0065412982,0.013970055,-0.0005265587,0.024559315,0.19935322,0.040534418,-0.004322259,-0.0055738618,0.13257158,-0.00035704375,0.07774766,0.15129857,0.018658504,-0.0032113127,0.21415654,0.02094402,0.3978925,0.012457686,0.16172877,0.47388777,0.19009835,0.15031624,0.24263094,-0.0014671971,-0.006549071,-0.00590877,0.11490686,-6.462205e-05,0.08269845,-0.004884971,0.17650574,-0.0067331456,-0.005844682,0.080336295,0.5546239,0.079137,0.06821445,0.050850555
TCGA-GM-A5PX,-0.010515428,-0.0057509206,0.35362005,-0.0005304717,-0.00083960855,0.23887059,-0.015486208,0.072231874,0.01809377,0.022446483,-7.759929e-05,0.09636879,0.10266655,0.0019329349,0.074040115,-0.0022428527,0.035575308,0.12285781,-0.006268458,0.045196835,-0.0057647526,0.028434437,0.20824564,-0.006575238,-0.005253346,-0.007759849,-0.007732659,0.020226842,-0.002715876,0.0009894855,0.1608148,0.062202927,-0.0049695214,-0.002159655,0.13086408,-0.0018715039,0.05734743,0.14919978,0.024134688,-0.0038140074,0.169591,0.011183603,0.36998212,0.02257705,0.15123776,0.42821082,0.18844198,0.17112717,0.15435636,-0.0024433725,-0.003837768,-0.009183663,0.11824515,0.026455542,0.08405511,-0.005449099,0.15262012,-0.007627149,-0.0043219025,0.10359506,0.46398634,0.05967471,0.07603067,0.042785414
TCGA-HN-A2NL,-0.0098289205,-0.0067040324,0.77608126,0.26399654,-0.003385537,0.4970396,-0.0148142325,-0.0035041173,0.043172896,0.29712057,0.10036565,0.01179352,-0.007853207,0.40629062,-0.014159775,-0.0073038177,-0.0022085716,0.31023005,0.20637259,0.054866765,0.11976922,0.081312016,0.39379078,-0.023585234,0.10056947,-0.01621353,-0.0076655014,0.16250391,-0.0074492954,-0.012274317,0.2894295,0.04960613,-0.0052275076,-0.021565821,0.31291234,-5.939603e-05,0.08395502,0.1690627,0.29471081,-0.012428558,0.45418885,-0.0019724467,0.6533897,0.14051151,0.35175654,0.98095965,0.52973604,0.07861443,0.1686108,0.041098617,-0.028099189,-0.00841896,0.30409998,0.22746205,0.1466097,-0.004103762,0.31826663,-0.016064012,-0.0047444766,0.22577915,0.91870815,-0.0032925778,0.07265267,0.13721351
TCGA-HN-A2OB,-0.009562722,-0.006104886,0.31338727,-0.0027732928,-0.0015396659,0.21572104,-0.014294094,0.09213817,0.01556107,-0.0008377228,0.02050725,0.08361982,0.08604707,0.08300691,0.050550863,-0.0024177756,0.062523544,0.07886582,-0.0063996166,0.025517378,0.013523706,0.08637412,0.20461425,-0.0076397033,-0.0050172033,-0.0072462745,-0.0093673775,0.050324813,-0.001978637,0.003914986,0.1619151,0.00089377724,-0.005896837,0.0033329949,0.14844032,-0.004606311,0.017804962,0.12008872,0.018180817,-0.002894976,0.13183561,0.018265937,0.32571623,0.027760562,0.09292081,0.381813,0.1601729,0.14479744,0.18279302,-0.0020614937,-0.0068085263,-0.0063829944,0.105694085,0.020368414,0.048528925,0.027351018,0.174172,-0.0064482945,-0.001871873,0.12178183,0.4497227,0.059898853,0.06021441,0.034837186
TCGA-JL-A3YW,-0.008114019,-0.004041936,0.4720043,0.09076743,-0.0011727515,0.29897663,-0.01803562,0.052854717,-0.0026103822,0.08795184,0.07331969,0.11429004,0.05232472,-0.0013650955,0.010708712,-0.0060957805,0.1315581,0.13885456,-0.0097142365,0.10317336,-0.009654544,0.057970203,0.24169631,-0.014448232,0.13379908,0.042417232,-0.0010324423,0.0930547,-0.0037674003,-0.0089769615,0.18124048,0.163571,-0.010529192,-0.011013969,0.015931878,-0.011590219,0.11440176,0.14571661,0.06758545,-0.011733457,0.2432925,0.021156058,0.49619275,0.040168118,0.115330264,0.49898076,0.19113478,0.17888048,0.03249006,0.009801097,-0.0053235986,-0.014085836,0.26563233,0.06570825,0.11243598,-0.004493694,0.25252834,-0.014313309,-0.009132681,0.1319107,0.5702696,-0.0040323483,0.07987237,0.0044213235
TCGA-JL-A3YX,-0.0053949594,-0.0076818727,0.5176275,0.034874555,-0.0017425759,0.3766087,-0.021464376,0.07940876,0.026888615,0.046937473,0.050876684,0.1379716,0.05389221,0.035828378,0.056691393,-0.0033901015,0.0968584,0.14422868,-0.0006435398,0.050366547,-0.00870427,0.007405916,0.32470265,-0.012083548,0.06089369,-0.002026859,-0.009154099,0.02382156,-0.003969056,-0.002440898,0.2509533,0.074710086,-0.006804116,-0.007257465,0.0935194,0.004464103,0.0840016,0.12163271,0.034956984,-0.0047116983,0.23746203,-0.0026367567,0.50926304,-0.0035846606,0.19732061,0.5812137,0.23766539,0.18121403,0.13699757,-0.0016069228,-0.007843728,-0.0096715065,0.1773847,0.054693945,0.097076885,-0.005163883,0.26606533,-0.014702285,-0.0026923718,0.12157863,0.62847024,0.063548595,0.06530641,0.0858299
TCGA-LD-A66U,-0.003414571,-0.00914982,0.31926146,0.0256848,0.0029296651,0.24587855,-0.016511802,0.03473912,0.0139161125,0.00028686598,0.045384623,0.11149657,0.03283423,0.062421836,0.08656229,-0.00324796,0.04359724,0.06549084,-0.002842499,0.023108725,0.0010544807,0.090506054,0.23964646,-0.011660622,-0.003965474,-0.00441465,-0.0045766653,0.062028967,-0.004413489,0.026154641,0.16397429,0.054248236,-0.0025976414,-0.0069606337,0.08986288,-0.003275425,0.06888781,0.13612898,-0.0047229603,-0.0071361028,0.14377894,-0.0016984608,0.3167161,0.048115827,0.11469798,0.33895385,0.15633953,0.12596548,0.18129902,0.008993458,-0.00789775,-0.006869989,0.1317415,0.05065182,0.03283839,-0.0011916406,0.14676364,-0.0071470663,-0.0035188862,0.102733985,0.43303633,0.017301835,0.012604065,-0.0011093327
TCGA-LD-A74U,-0.00878633,-0.005579261,0.4257754,0.019305464,0.014415691,0.27552575,-0.014078388,0.055156082,0.014314644,0.06226763,0.046156034,0.10306002,0.05156138,0.04694575,0.05376266,-0.0012697835,0.0371087,0.1456045,-0.0018189719,0.050899807,-0.006716055,0.048664816,0.25877216,-0.009869183,-0.0028689832,-0.007391643,-0.0075038592,-8.706972e-05,-0.00541472,-0.003013761,0.17913322,0.05286439,-0.0060736127,-0.0048264917,0.12699443,-0.00199981,0.060569152,0.14773867,0.015999474,-0.0012994737,0.23386323,-0.00012805146,0.43631473,0.012111671,0.17421433,0.5065043,0.22272447,0.1814068,0.20944184,0.016012795,-0.0073016,-0.0074752644,0.17719418,0.036556408,0.09298275,-0.0019366496,0.1960036,-0.010104273,-0.005718296,0.12540993,0.54143506,0.054782778,0.037750196,0.05394564
TCGA-LD-A7W5,-0.010155447,-0.0031891465,0.5140006,0.07942261,0.023557866,0.36223224,-0.019485027,-0.0029090035,0.01149502,0.04977642,0.03590454,0.14603232,0.054010212,0.013547993,0.084758535,-0.005307658,0.057569586,0.14497766,-0.003381605,0.077525824,-0.0038691722,0.07283452,0.21013944,-0.011535286,0.012790121,-0.0120217865,-0.004289753,0.045222208,-0.0037139726,-0.005621688,0.11618196,0.13155329,-0.0065504867,-0.008964637,0.15193619,0.060853783,0.037499808,0.2112871,0.09873836,-0.0012789157,0.23869313,0.020336132,0.45654178,-0.002213002,0.18325433,0.517854,0.24410036,0.1916756,0.17460346,0.052976772,-0.0077194497,-0.010287419,0.18939617,0.023522643,0.07338394,-0.008314676,0.17710035,-0.005974243,-0.0051663513,0.10507962,0.61866075,0.028832994,0.070770845,0.03192009
TCGA-LD-A7W6,-0.008919942,-0.011126584,0.34514794,0.042332362,0.022580018,0.29915276,-0.017532242,0.00068632886,0.04306319,0.014227804,0.022511784,0.12485924,0.074005015,0.005628084,0.0508122,-0.0056081153,0.0119863115,0.10437065,-0.0051339376,-0.003037867,-0.0062862583,0.055198256,0.22806628,-0.0071609677,-0.0056210645,-0.0062036337,-0.0022509233,0.02241983,-0.0017138133,-0.0056851064,0.10647452,0.035760738,0.0032447209,-0.008870584,0.10385813,0.01754513,0.06041681,0.14420721,0.055890687,-0.002392274,0.17928343,-0.0021371562,0.34525976,0.03264729,0.18449336,0.38974708,0.21119225,0.16453049,0.19774914,0.0051414035,-0.010714927,-0.0075836303,0.09713561,0.07169059,0.05132223,-0.0053510405,0.16245079,-0.011440584,-0.0036874264,0.063180864,0.45213097,0.026551377,0.030628014,-0.0014043659
TCGA-LD-A9QF,-0.0087259235,-0.0031412498,0.49254972,0.04501192,0.009106966,0.2940426,-0.018158643,0.12822832,0.022638053,0.042159133,0.040439624,0.078250244,0.08001593,0.06326162,0.022893874,-0.00372108,0.11611089,0.14434497,-0.00851686,0.12971091,-0.005880245,0.06383357,0.2895457,-0.010057553,0.071619466,-0.008202049,-0.008442653,0.014056461,-0.0059847455,-0.00048064106,0.28023666,0.021436222,-0.0070382045,-0.0039599044,0.13227572,-0.0011902902,0.0736475,0.18191743,-0.0010892259,-0.0025033068,0.23614664,-0.0021863205,0.48316175,-0.001920015,0.19898784,0.58424073,0.339891,0.1922267,0.14727588,0.0056669377,-0.0032942684,-0.008876863,0.14783975,0.016447889,0.084359445,-0.0065823914,0.25306898,-0.012312113,-0.0034209494,0.15392464,0.66394144,0.05864683,0.11055845,0.09517655
TCGA-LL-A440,-0.01111206,-0.0014977291,0.46956274,0.02044573,0.03483504,0.28976452,-0.02299304,0.12468073,-0.0025543736,0.048201174,0.0031190962,0.11154589,0.09929654,0.105430454,0.063940436,-0.0031902797,0.1809759,0.13845684,-0.006922416,0.18468793,-0.0022642328,0.054428693,0.31508747,-0.0069235372,0.0021726415,-0.005475766,-0.011872749,-0.0023044643,-0.0055922554,0.080087915,0.31729198,0.029948357,-0.013247239,-0.0055888933,0.16252345,-0.0056383484,0.06768611,0.1688622,0.011861704,-0.0048104795,0.26053047,0.015158026,0.41858804,-0.0030025623,0.14128126,0.5804233,0.246447,0.21026352,0.17136015,-0.0035945424,-0.005259682,-0.0076889144,0.13663203,0.0047103334,0.06119568,-0.0034869805,0.19167079,-0.013315938,-0.0024749807,0.15683562,0.6478713,0.04448512,0.077194154,0.09908341
TCGA-LL-A441,0.00046462938,-0.017718485,0.67199296,0.055759337,0.059009932,0.41712856,-0.025786435,0.12891825,0.07149929,0.15770005,0.032720044,0.14526342,0.039996196,0.13870187,-0.0010423377,-0.008664179,0.23763266,0.24776067,-0.00025962593,0.15961853,-0.0022705088,0.013417009,0.3861948,-0.016654167,-0.00065103325,-0.012701273,-0.0026207014,0.07033985,-0.014379091,-0.0043408107,0.27519938,0.08794704,-0.008931838,-0.006870152,0.19554856,0.005166799,-0.0014503564,0.22349492,0.08036361,-0.0010264479,0.33385035,0.019230958,0.62689936,-0.0032736182,0.18812156,0.77413005,0.28820446,0.13638264,0.19177653,0.0939667,-0.008202031,-0.0034145266,0.2407099,0.08581588,0.10337957,-0.008737396,0.2786697,-0.018367697,-0.002042406,0.1219374,0.86646163,-0.0023421408,0.11168125,0.10000031
TCGA-LL-A442,-0.0050726146,-0.011140934,0.5605131,0.14023182,-0.00536765,0.48826513,-0.017527627,-0.0050917543,0.046451323,0.058946565,0.080272675,0.025708493,0.014383417,0.13365,0.08163465,-0.006505409,0.03631724,0.09371746,-0.0059233424,0.07191293,-0.0032512674,0.14295411,0.37555078,-0.0041539576,0.055807304,-0.006230432,-0.0037135195,0.051695727,-0.013083309,-0.0004672533,0.2738286,0.035472445,-0.0016188059,-0.0080455635,0.119152516,0.013648413,0.08600272,0.22193426,0.16819437,-0.0001081489,0.35442838,-0.010694814,0.5472826,0.04507032,0.2570793,0.6539819,0.36337224,0.16040659,0.14516854,0.16369608,-0.01037814,-0.003500893,0.29855356,0.056297652,0.069976084,-0.015701763,0.30965084,-0.014979434,-0.009680866,0.040839724,0.55662334,0.13795641,0.09358291,-0.005186821
TCGA-LL-A50Y,-0.0065906295,-0.0092721945,0.41125077,0.06722692,0.024797747,0.31396663,-0.015587175,0.025269195,0.015571712,0.04852543,0.015337016,0.0557798,0.034051463,0.07096304,0.0990632,-0.006878219,0.045700677,0.13119175,-0.007459377,0.055663023,0.018804565,0.07602613,0.20416643,-0.0074868235,0.05436581,-0.006687601,-0.0038820212,0.100303836,-0.0032147057,-0.00050266384,0.21159424,0.043204896,-0.0038548883,-0.009000473,0.15681773,0.020209294,-0.00113866,0.1361586,0.040400274,-0.005228159,0.22860415,-0.0035509877,0.3944103,0.051931277,0.20090559,0.46403134,0.21413475,0.1373667,0.15830608,0.038660586,-0.004206683,-0.0016734842,0.15971449,0.041858397,0.04879538,-0.0040046345,0.19198014,-0.010950431,-0.0033961684,0.076314,0.5094995,0.12319709,0.037812557,-0.0014557127
TCGA-LL-A5YL,-0.011783542,-0.0032382049,0.3698951,-0.0017177131,-0.0048738383,0.25917745,-0.017487021,0.08965148,-0.005423559,-0.0015979506,0.044768035,0.12074193,0.07688631,0.054001972,0.04757779,-0.008032481,0.07643467,0.14458834,-0.006257792,0.11410262,-0.0047909133,0.046837557,0.22864099,-0.009269406,0.014001425,-0.0052140187,-0.005252203,0.083451256,-0.0008152155,0.03127199,0.22965536,0.031155832,-0.0004115326,-0.0036615822,0.17321992,-0.0012794648,0.03185185,0.15804003,0.023934308,-0.0011928122,0.15245767,0.00606104,0.35555768,0.04382447,0.1853322,0.44786522,0.24495578,0.1771851,0.14332582,-0.0009951874,-0.0031973445,-0.003812729,0.15583652,0.023452194,0.06294502,-0.0028156277,0.18798885,-0.00579758,-0.0032154487,0.09263593,0.5013257,0.106671914,0.11249477,0.01810164
TCGA-LL-A5YM,-0.01773571,-0.00684703,0.5950818,0.03114837,-0.0076268814,0.4029791,-0.016000936,-0.003570685,-0.003857373,0.053428262,0.08837944,0.024998868,-0.0012894127,0.18713483,0.028354313,-0.013258426,0.047383934,0.03371848,-0.011512529,0.017847132,-0.0032427274,0.13071547,0.10799506,-0.007323502,0.1678744,-0.00899282,-0.0016067356,0.059400298,-0.0073602996,-0.004606203,0.29965442,0.1252745,-0.014993134,-0.01125244,0.13198827,0.012419093,0.01465977,0.18115717,0.06389717,0.033200227,0.28279814,-0.0013270424,0.4999551,0.027112056,0.28981924,0.610968,0.19868344,0.23176618,0.09299469,0.09787182,-0.013773042,-0.00985545,0.19694662,-0.00092266744,0.13752402,-0.0053892094,0.241571,-0.016735358,-0.000741355,0.046559863,0.6655985,0.1740824,0.0647497,0.060213745
TCGA-LL-A5YN,-0.0034024415,-0.015179651,0.50626266,0.07944776,0.042902574,0.33018142,-0.020790856,-0.0019829948,-0.0013142474,0.05399237,0.093625486,0.13689989,-0.0026505392,0.07237689,0.021478076,-0.0059856884,0.095020115,0.10640985,-0.0045173704,0.07987966,-0.005156657,0.111752,0.30535445,-0.012008707,0.15564631,-0.0014901663,-0.0026243597,0.10930882,-0.005724293,-0.006189478,0.22199349,0.08105561,-0.0060868203,-0.0055573364,0.11403285,0.029731374,0.075602174,0.16665004,0.008349691,-0.005727872,0.26681894,-0.0011786189,0.43353426,0.038196266,0.22223067,0.5499171,0.28830636,0.16271344,0.19313031,0.046815656,-0.008318337,-0.0036148292,0.223602,0.03729383,0.062314995,-0.004544482,0.2852923,-0.007740444,-0.006478663,0.11414868,0.60240847,0.0003042519,0.08804679,0.031149574
TCGA-LL-A5YO,-0.0042533474,-0.017509503,0.6881365,0.018220726,0.021222087,0.38976327,-0.016181737,0.12017326,0.042401552,0.05260422,-0.0012565221,0.09594725,0.030137869,0.1505564,0.076637864,-0.012416411,0.12955454,0.0014973264,-0.011463131,0.07254656,-0.003497716,0.19822842,0.3308937,-0.015925052,0.35653287,-0.010542231,0.006780251,0.13522525,-0.022868495,-0.00036817696,0.3398484,0.25055286,-0.024398444,-0.0075602843,0.18236127,-0.0030580573,0.08806941,0.21404907,-0.0016916227,-0.008016084,0.35148284,0.08784582,0.6301149,0.006822426,0.10330191,0.7434925,0.31941867,0.2775008,0.10811813,0.1450988,0.031008981,-0.007732974,0.2896895,-0.0033365914,0.10964523,-0.0031344176,0.48132944,-0.015641738,-0.00572418,0.14486638,0.8083326,-0.008704375,0.17607114,0.10145877
TCGA-LL-A5YP,-0.0029676687,-0.0044153216,0.6330679,0.024475385,-0.00832784,0.4410096,-0.021134162,0.074218675,-0.00036538282,-0.0020386341,0.028625868,0.16284165,0.00420421,0.11507404,-0.00012456105,-0.0081467545,0.17595997,0.13527657,-0.0023092055,0.10786055,-0.0014333985,0.117142305,0.2955021,-0.008211538,0.25857002,-0.0051129903,-0.0066633164,0.15301439,-0.008923446,-0.0049590045,0.29729816,0.16316473,-0.015251996,-0.0075658634,0.1640421,-0.004797825,0.009343196,0.1152087,0.06282236,-0.008714175,0.33937803,0.048871785,0.5805445,-0.0044140294,0.18936147,0.76567554,0.35562885,0.20268188,0.0962383,0.0990744,-0.00561812,-0.009603334,0.27620986,0.06778817,0.13582602,-0.00042023332,0.3054455,-0.013040419,-0.011172741,0.23299,0.71562845,0.039524287,0.09914519,0.053636715
TCGA-LL-A6FQ,0.0102597745,-0.011746276,0.35435876,0.061202865,0.03390795,0.2471591,-0.018077765,-0.0022964887,-0.0074379714,-0.0029134974,0.10184179,0.15067442,-0.0026389104,0.08640814,0.12916094,-0.0072836573,0.05104046,0.049803063,-0.0027108963,0.12755983,-0.0035818897,0.09669863,0.17937684,-0.0081743095,0.07811324,-8.343486e-05,-0.00206253,0.07267543,-0.0050150934,0.018798586,0.18173392,0.013045872,-0.0038577958,-0.0075670704,0.06652326,0.035465322,0.008638464,0.15418929,-0.007864192,-0.0014052897,0.14906769,-0.00073036255,0.30010235,0.055602394,0.18091717,0.35503858,0.123182684,0.11092916,0.18762095,-0.0016047842,-0.003505718,-0.003906692,0.21194002,0.031530775,0.041508734,-0.00049660786,0.18130991,-0.005887467,-0.00016521108,0.027745925,0.4056564,0.08587652,-0.0006160559,0.03917434
TCGA-LL-A6FR,-0.00934427,-0.0041325884,0.46619868,-0.0010909829,-0.005127497,0.30036682,-0.015714107,0.005350083,0.033165216,0.018831797,0.004477158,0.05764458,0.009127431,0.06933528,0.054942507,-0.0032223817,0.037139904,0.11924295,-0.009264161,0.12557103,-0.005801871,0.061025452,0.22112973,-0.011317948,0.08149904,-0.0064897835,-0.014073203,0.061225317,-3.2258944e-05,-0.0009210078,0.3208412,0.106883824,-0.0050759763,-0.006709029,0.18273482,-0.00032745488,0.11196154,0.1565142,0.0021259692,-0.00214043,0.20073108,0.015509989,0.44632882,0.028363893,0.15724012,0.5463103,0.27377728,0.16002709,0.08127695,0.03571763,-0.0071567222,-0.0091448575,0.20575634,0.048956618,0.085816205,-0.0021203351,0.22277407,-0.009127809,-0.0065676915,0.15122463,0.54779917,0.0785291,0.118721664,0.090342596
TCGA-LL-A73Y,-0.011071983,-0.003277958,0.599633,0.07203482,-0.0014588226,0.359279,-0.020784235,0.039103433,-0.00055907894,0.060262665,0.035539623,0.14562638,0.024364185,0.08085451,0.007858381,-0.0019741957,0.10776122,0.18118893,0.024449475,0.053685997,-0.009223016,0.06648588,0.2909619,-0.013723974,0.040659178,-0.007560519,-0.009196025,0.116225235,0.022818336,-0.006580396,0.18486002,0.113542065,-0.0120163495,-0.004812714,0.14907075,0.06318939,0.073854625,0.1645442,0.0831368,-0.0019170418,0.33255103,0.055219978,0.6262682,0.030205365,0.19750679,0.6395958,0.3462111,0.2158581,0.191052,0.033980697,-0.009054658,-0.0139259845,0.2576977,0.10920006,0.14488459,-0.0039929836,0.23305921,-0.012000839,-0.006149633,0.17046615,0.70974416,0.0202475,0.1537235,0.09972276
TCGA-LL-A73Z,-0.0028145995,-0.0060240296,0.5754211,0.028721038,0.0041158367,0.3311628,-0.016778005,0.1298399,0.011617169,0.066848494,0.03583411,0.17859381,0.061975125,0.083000004,-0.0011888378,-0.009286242,0.12602277,0.120133445,-0.0011417366,0.14125468,-0.0073656775,0.033407647,0.29581377,-0.012148588,0.00041038543,-0.005674992,-0.005755501,0.026553825,-0.0060240678,-0.0023508694,0.21192887,0.075348765,-0.009547587,-0.012168355,0.15789837,0.041177046,0.06550597,0.16808647,0.03790158,-0.00052924006,0.31371763,0.057828445,0.58407074,0.016913567,0.1735121,0.6783929,0.26375684,0.19793652,0.19059199,0.060595773,-0.010371963,-0.0057770074,0.20873538,0.07278068,0.13353065,-0.0006147718,0.216659,-0.0120803835,-0.002259269,0.17295146,0.6845631,-0.005388304,0.06709248,0.14875142
TCGA-LL-A740,-0.0073753647,-0.004439348,0.42644596,0.00073991343,-0.003845393,0.31462815,-0.011178906,0.10966794,0.07064008,0.0754939,0.005895596,0.025106078,0.05849427,0.03143221,0.061289612,-0.002310153,0.025343813,0.1739489,-0.009808831,0.080293864,-0.004420484,0.0613249,0.22573398,-0.008193681,0.08327073,-0.010248496,-0.0045459005,0.058931902,-0.0038331232,0.0033448339,0.24795252,0.11716615,-0.008031969,-0.0023906014,0.13961916,-0.006551543,0.023082282,0.17043218,0.014626522,-0.0037426301,0.2395543,-0.004731777,0.45665586,0.051500663,0.18975198,0.48890376,0.2353352,0.16831848,0.13044351,0.0063916,-0.0021422193,-0.0075329454,0.23953974,0.0014811959,0.06587837,-0.010031643,0.28578842,-0.0131241605,-0.0073468187,0.16849235,0.5451223,0.0316117,0.056592535,0.024420083
TCGA-LL-A7SZ,-0.0016530224,-0.010099067,0.5714808,0.050346557,-0.0024704752,0.36449307,-0.011020368,0.019180872,0.03068678,0.100503385,0.06521985,0.057439003,-0.0017642122,0.086162075,-0.004606283,-0.009010393,0.09130226,0.16648284,-0.0049973587,0.017934922,-0.0064844387,0.036812946,0.20859426,-0.009366929,0.18081059,-0.0062621036,-0.003046319,0.14981793,-0.011308172,-0.010933441,0.23884323,0.027515894,-0.0121711325,-0.005090946,0.1876072,-0.003284976,-0.0007885944,0.18517493,0.07795742,0.000578247,0.32261568,-0.0015987161,0.5788425,0.031933866,0.21672326,0.684042,0.27382055,0.1883912,0.07121195,0.0861983,-0.010301574,-0.0035054788,0.21361914,0.024212437,0.1365217,-0.00014166375,0.33859688,-0.016012795,-0.00011460097,0.15644887,0.6543008,0.090245195,0.030597933,0.023141682
TCGA-LL-A7T0,-0.0037856984,-0.008506514,0.48387572,0.046512138,-0.0022219482,0.4038846,-0.015673501,0.02848969,0.028145473,0.018629692,0.049372572,0.07401544,0.018612761,0.038759395,0.04514546,-0.006739107,0.0215031,0.155434,-0.009156811,0.04858383,-0.003694343,0.10249266,0.24775179,-0.010036285,0.20467843,-0.008844401,-0.0004618031,0.16375026,-0.005947164,-0.008737892,0.2560774,0.059472464,-0.008051706,-0.009094729,0.1578747,-0.002081597,0.05750721,0.16664496,0.06543331,-0.00444261,0.23823674,-0.004933303,0.4982467,0.025361924,0.20634039,0.5791353,0.29070222,0.19632018,0.1191588,0.028147481,-0.006749866,-0.010244082,0.16440564,0.029607134,0.10392678,-0.0050029494,0.32775292,-0.01368688,-0.005849413,0.114099056,0.57700986,0.056748036,0.043074485,-0.00046911128
TCGA-LL-A8F5,-0.0048157736,-0.0025730168,0.43078148,0.076477006,-0.0018438399,0.27008092,-0.014620266,0.04661136,0.001973737,0.07848664,0.07410732,0.12058762,-0.0017581094,0.20559067,0.045664936,-0.008449223,0.08681979,0.072417855,-0.0022767526,0.06347278,-0.012391467,0.097207785,0.2179471,-0.009689436,0.17730336,0.029583387,-0.0034595716,0.14373964,0.012877774,-0.012111919,0.12525398,0.073570654,-0.0074745985,-0.002817538,0.20829679,0.05828831,0.04624303,0.0810475,0.111071184,-0.0030195438,0.25538495,0.014600258,0.5019555,0.020838946,0.23681499,0.6185505,0.29781404,0.22590764,0.11218086,0.084125616,-0.0069817267,-0.007219139,0.23061696,0.051145956,0.044922125,-0.0026512675,0.23903878,-0.010740503,-0.0026286617,0.07992034,0.5431683,0.12343643,0.0908549,-0.0042948383
TCGA-LL-A9Q3,0.0043721218,-0.011553026,0.40385592,-0.0014587842,0.016859194,0.27514598,-0.0130537925,0.018654928,0.020261405,0.07533886,0.061752006,0.050581474,0.04141657,0.018881068,0.0451992,-0.0053370716,0.037995078,0.12373477,-0.0049468256,0.017629914,0.0018569566,0.04114296,0.20243487,-0.00650962,0.061643895,-0.010350577,-0.005554056,0.0892531,-0.0077619217,0.0046158396,0.2209864,0.08154957,-0.003987024,-0.002232109,0.11454494,-0.0012119215,-0.0012822639,0.1426045,0.024060532,-0.0044394173,0.22020395,-0.0053563286,0.35531622,0.06365055,0.19664693,0.46387726,0.16885754,0.11038777,0.060357187,0.04827919,-0.0071250484,-0.0066029998,0.16663662,0.0017995089,0.11346901,-0.0064831986,0.22972012,-0.00950321,-0.0034448174,0.100491956,0.49538988,0.10231958,0.040575203,0.047172576
TCGA-LQ-A4E4,-0.009044307,-0.0038072907,0.3802371,0.0043642335,-0.0038372949,0.31799114,-0.0155562805,0.07964037,-0.0036012102,-0.0007988803,0.04934036,0.086299285,0.049402364,0.14932097,0.07436612,-0.008840419,0.060394652,0.064076155,-0.00011177138,0.1448089,-0.00323594,0.0937739,0.21924965,-0.010260831,0.01881725,-0.0024450605,-0.00056251296,0.11038252,-0.0014580081,0.011200439,0.20889747,0.030569267,-0.007400837,-0.0069263442,0.14889109,-0.0029526453,0.07711535,0.12602213,0.049788788,-0.008298459,0.19008231,-0.00076516345,0.35230213,0.01332585,0.14433819,0.46771327,0.1901283,0.1302791,0.113611236,-0.00035921225,-0.009480295,-0.0038691778,0.15951946,0.013243524,0.02552811,-0.0019530965,0.18029587,-0.005450866,-0.0056980513,0.09035841,0.42446876,0.07800229,0.009943623,-0.0029742322
TCGA-MS-A51U,-0.01121216,-0.0049032546,0.45521596,0.007041525,0.070751466,0.35860428,-0.0198988,0.11342409,-0.0031668139,0.09714271,-0.0041329963,0.11239612,0.098410904,0.12350075,0.04158341,-0.0006915346,0.11922932,0.14319567,-0.0064661265,0.10663624,0.009335365,0.093117,0.3667879,-0.007604611,-6.697588e-05,-0.008044849,-0.008709426,0.03470505,-0.0030620669,0.029724821,0.25564268,0.013578972,-0.010245914,-0.009002293,0.19106743,-4.892908e-05,0.06790617,0.11075099,0.053839453,-0.0039242553,0.23068239,0.061926875,0.4783898,-0.00025315545,0.16789764,0.55100256,0.2904867,0.16573218,0.23523645,-0.0037097302,-0.0033188846,-0.002567421,0.18108955,0.018163288,0.08872801,-0.00695348,0.22739892,-0.015770048,-0.0035481495,0.101908475,0.6142578,0.0748507,0.12118387,0.113726154
TCGA-OK-A5Q2,-0.007354509,-0.0083776135,0.49037045,0.014443662,-0.00018612706,0.3037753,-0.019137384,0.101400554,0.009770103,0.008501235,0.02238445,0.09938553,0.018097363,0.10815637,0.011933371,-0.004248849,0.15641056,0.10370807,-0.005720682,0.11166668,-0.0051679723,0.089551196,0.27332076,-0.010641101,-0.003234649,-0.005031393,-0.004907295,0.008053267,-0.005491606,-0.00084227585,0.23541996,0.035951927,-0.008499303,-0.005486388,0.12553734,-0.0035170764,0.06795303,0.13946028,0.013079993,-0.0035884536,0.25329262,0.042215437,0.49104118,-0.0054192306,0.14271134,0.56919414,0.18288565,0.18069091,0.16355343,0.0361062,-0.0061742123,-0.0028394398,0.1729985,0.022415819,0.055396087,-0.0025571685,0.17520659,-0.007070602,-0.007144087,0.1277048,0.57403874,0.046681385,0.1142714,0.11033368
TCGA-OL-A5D6,-0.0075949254,-0.009669888,0.4834733,-0.0032055427,-0.004110095,0.36422762,-0.009054123,0.056477226,0.028432472,0.06350645,0.040638283,0.06892876,0.026897375,0.098682314,0.03889302,-0.00876969,0.07496433,0.16971157,-0.0013200258,0.13501431,0.02266249,0.08498474,0.2268274,-0.0063246,0.05704483,-0.011360318,-0.0026627618,0.14115566,-0.0035600967,0.00031867065,0.32603666,0.124317005,-0.009458352,-0.0029701728,0.16022411,-0.0017243375,0.054453067,0.13109718,-0.0008886233,-0.0054704733,0.24691485,-0.0033386927,0.4221038,0.03451876,0.21873812,0.5710815,0.23215425,0.08440587,0.054134622,0.024796136,-0.0026585944,-0.0066168965,0.18657994,0.013482833,0.097389065,-0.010331079,0.28272042,-0.011516194,-0.0066436045,0.14006765,0.58445466,0.09516365,0.13579808,0.07967655
TCGA-OL-A5D7,0.11011641,-0.017277477,0.86617595,0.53606516,0.024953475,0.56639683,-0.014175907,-0.026084894,0.24889453,0.20620374,-0.011966325,0.08189243,-0.0063793035,0.3736971,0.0007787198,-0.0053195213,0.20702066,0.027492197,0.030540831,0.29804108,0.17162871,0.18285745,0.18851905,-0.0154504925,0.96818554,-0.0019150838,-0.018985858,0.46588254,0.010226678,-0.026180092,0.33279726,0.58147997,-0.009835472,-0.025826259,0.79303753,-0.00038262625,-0.00013686382,0.13072112,0.3546509,-0.00679025,0.41011438,0.08572744,0.6153469,-0.007189033,0.48930308,1.3015884,0.75398004,0.15459564,-0.0013195404,0.24209565,-0.018387767,-0.017682582,0.58358747,0.3440912,0.09196998,-0.0074795,0.29750866,-0.016451849,-0.0034052674,0.3468359,0.8029842,0.24035698,-0.010596357,-0.0025180266
TCGA-OL-A5D8,0.011161371,-0.014934373,0.62028676,0.15824923,0.06489657,0.45123225,-0.013609931,-0.0051799994,-0.00018535108,0.030836143,0.10263942,0.06395797,-0.00029331335,0.11223569,0.13651952,-0.005436124,0.121422514,0.16572887,-0.0034604047,0.11441679,0.06780114,0.14071871,0.2579994,-0.01292853,0.1431727,-0.006559409,0.018338416,0.16409048,-0.00694536,-0.00917182,0.25063676,0.09426135,-0.0055987923,-0.012455716,0.172893,0.002844721,0.065438904,0.17242628,0.10164134,-0.011629499,0.30338427,-0.0041778865,0.5166358,0.06922068,0.233177,0.63252455,0.26034462,0.12546872,0.07693287,0.08583718,-0.0075520533,-0.0036132808,0.21506497,-0.00560813,0.10841187,-0.011579361,0.27907616,-0.010304483,-0.0020230806,0.057419933,0.52420187,0.029076857,0.01150018,-4.6245755e-06
TCGA-OL-A5DA,-0.007615307,-0.008926516,0.35194588,0.03745288,0.019899132,0.27194744,-0.016536525,0.050396502,0.01585519,0.012753721,0.039892964,0.09951945,0.07546504,0.074426614,0.07522455,-0.0045311637,0.0466149,0.11497125,-0.00381437,0.0012696758,-0.001745006,0.084111094,0.24224325,-0.009339507,-0.005690089,-0.010508153,-0.007623227,0.055424817,-0.0046300474,0.008025456,0.17676005,0.002653772,-0.0010032628,-0.005046721,0.15488409,-0.0031372644,0.02895534,0.12503584,0.028975055,-0.0063730455,0.1542294,-0.0021516902,0.34806457,0.010016426,0.16136631,0.43321407,0.194229,0.13559403,0.17298451,-0.0015294425,-0.0061325193,-0.006810376,0.10530594,0.012803303,0.06746939,-0.0034490672,0.15898956,-0.007994621,-0.0010104766,0.06289061,0.4775163,0.06420514,0.030366074,0.0029432513
TCGA-OL-A5RU,-0.0058627073,-0.0069073946,0.40197325,0.022447612,0.0021238886,0.29037756,-0.018607331,0.06406678,0.010861656,0.019938022,0.041950736,0.09968041,0.09898845,0.04093311,0.07954831,-0.003942184,0.06344074,0.12535985,-0.003971353,0.06660448,-0.0047027688,0.041293338,0.24109475,-0.006709295,-0.00079927704,-0.005720553,-0.00749305,0.016877776,-0.0044584568,-0.00046443494,0.18360128,0.0545566,-0.005624278,-0.006284912,0.10836501,-0.0017012069,0.068023466,0.15158956,0.0165977,-0.00136237,0.23502012,-0.00042198133,0.38497737,0.0032424256,0.15004382,0.47230163,0.2002494,0.15468755,0.20211662,0.01377777,-0.005295932,-0.008717432,0.12457522,0.013935806,0.09418272,-0.0029357385,0.18581384,-0.008420417,-0.005494064,0.10575245,0.5011549,0.06806068,0.05521482,0.03852296
TCGA-OL-A5RV,-0.0078101032,-0.0057882373,0.43409938,0.01822358,-0.0012925655,0.30565295,-0.018561285,0.09303052,0.016612628,0.03894507,0.030611362,0.10003699,0.08118819,0.079965994,0.02349,-0.0032224196,0.1171426,0.16327566,-0.0039198077,0.07294048,-0.001954231,0.040437043,0.28880203,-0.008759799,-0.0034708057,-0.0066333967,-0.008076045,0.023877203,-0.0056489124,0.003099624,0.21560226,0.035393715,-0.0069896365,-0.003869957,0.16321196,-0.004313025,0.03061672,0.1517153,0.052999854,-0.0037428455,0.19280283,-0.000711428,0.41900152,0.0024640858,0.1368409,0.5034402,0.23571661,0.15693349,0.18753226,-0.00064067583,-0.0068197655,-0.0060820277,0.13993266,0.03160408,0.078916006,-0.0039021869,0.23591797,-0.009677851,-0.005006558,0.1143381,0.576116,0.035019837,0.062294897,0.04653874
TCGA-OL-A5RW,-0.014343056,-0.01270841,0.8026793,0.2210434,-0.01119051,0.61373144,-0.035287354,-0.0033058554,0.0052103475,0.009179059,0.16834559,0.15128885,-0.0017018724,0.33522636,0.08283178,-0.019000635,0.06417324,-0.0011521502,0.015991963,0.0324138,-0.0014893698,0.22617614,0.19928075,-0.026603123,0.58164006,-0.01076056,-0.00811155,0.10806537,-0.009317434,-1.3596751e-05,0.4617043,0.5277337,-0.005259435,-0.027902192,0.3957019,0.07590799,0.20246364,0.2589343,0.17473361,-0.005213644,0.27951226,0.009456273,0.65305376,-0.0060811522,0.21938097,0.83423686,0.37717623,0.31700367,-0.002737676,0.1591754,-0.009979426,-0.0028841451,0.3238225,-0.0070513943,0.12013171,-0.0017823365,0.50780064,-0.010410237,-0.0032533426,0.07466127,0.7824368,0.08951602,0.08485268,0.1465584
TCGA-OL-A5RX,-0.009531192,-0.010136095,0.50487345,0.015294965,-0.0031804075,0.3790248,-0.022323657,0.067435935,-0.0001660902,0.02763024,-0.0010447231,0.094856784,0.094824955,0.13827412,0.08241749,-0.005160908,0.13300948,0.17692186,-0.0022578791,0.0905408,-0.0024206422,0.10067478,0.31086245,-0.011905166,-0.0059956526,-0.0070261257,-0.0055345986,0.021910273,-0.0051899436,0.0054871105,0.23518385,0.07740164,-0.010977772,-0.005993807,0.14661187,0.023454007,0.067092925,0.13993065,0.051419944,-0.0054531107,0.25428393,0.017756004,0.47972673,-0.0022049707,0.15452336,0.5923476,0.21387422,0.15203793,0.19551249,0.06761437,-0.008254312,-0.007505274,0.1513058,0.017366106,0.1036545,-0.0052357446,0.24092387,-0.013203802,-0.0045251003,0.075872,0.6581094,0.092184104,0.10627431,0.12162182
TCGA-OL-A5RY,-0.009897544,-0.002713394,0.5060109,0.018177893,0.07344735,0.33711943,-0.020976575,0.091056556,0.019343894,0.10363363,-0.0024129262,0.1005307,0.13659643,0.039059736,-0.0006243475,-0.0037909658,0.11451149,0.14478494,-0.008101808,0.15179509,-0.0061353156,0.010892581,0.31136277,-0.0075568403,0.030009922,-0.008541155,-0.010243323,0.021249354,-0.011151905,0.07484934,0.2606429,0.08758339,-0.010728818,-0.004042032,0.1317266,-0.005353294,0.060156595,0.15492076,0.015294015,-0.0019006751,0.27832356,0.011658002,0.46309397,-0.0010238246,0.20830196,0.5769887,0.33443904,0.16971296,0.23485206,-0.00057162234,-0.00353403,-0.0050605736,0.2039783,0.043015152,0.08266792,-0.00077757565,0.26899764,-0.013659566,-0.008756852,0.17320171,0.63591266,0.01510888,0.06143098,0.08486992
TCGA-OL-A5RZ,-0.005860517,-0.0077296467,0.44395405,-0.0028539198,-0.002423005,0.35316315,-0.0122720925,-0.003010836,0.002192814,-0.002791979,0.083073065,0.08952089,0.043874588,0.06827618,0.050525755,-0.010803771,0.0002934225,0.104341835,0.01410187,0.0027663372,0.049732342,0.13303468,0.09218999,-0.010443859,0.28699476,0.0035704002,0.0047205994,0.09853356,-0.00035226688,-0.0038191292,0.32193813,0.1084501,-0.0009963386,-0.0075081512,0.11710852,0.037702113,0.010404032,0.10172093,0.054751277,-0.0031196834,0.1690093,0.07891762,0.39869398,0.035743553,0.16262373,0.50678456,0.12912422,-0.0017056756,0.039041273,0.03750266,-0.0062452364,0.019247845,0.26025283,0.0124844685,-0.0010640441,-0.008989124,0.22248255,-0.0005374532,-0.003015578,0.09665876,0.43121564,0.11800492,-0.0030239252,-0.004516543
TCGA-OL-A5S0,-0.0015781462,-0.0037393065,0.54137653,0.04503731,0.042121552,0.31006137,-0.017269967,0.090816334,0.03226208,0.032791622,0.034739457,0.13005814,0.018701352,0.051689066,0.047726266,-0.0048782243,0.11855343,0.07781448,-0.0072061764,0.15755147,-0.008450156,0.074174106,0.28814134,-0.010419733,0.23019417,-0.004607905,-0.009735756,0.08365223,-0.0045705154,-0.0049272687,0.3284643,0.13127184,-0.010312435,-0.003777818,0.17014544,-0.0008347444,0.05905919,0.19119264,0.044382572,-0.0038597595,0.29624048,0.010481599,0.54741305,0.012318475,0.18169446,0.6826853,0.314305,0.21863094,0.10277967,0.023421861,-0.0057014516,-0.009455013,0.20115492,0.016485741,0.08635836,-0.0012971131,0.24322395,-0.012612577,-0.004709206,0.16047646,0.7166932,-0.0028347836,0.086581066,0.08193934
TCGA-OL-A66H,-0.009925968,-0.0053611095,0.458004,0.060571622,-0.0030072385,0.39139736,-0.01970516,0.06364593,0.01584229,0.05511625,0.022648055,0.0639742,0.09125806,0.14594083,0.07238549,-0.008253443,0.06425168,0.13622221,-0.00641057,0.09777433,-0.0036999749,0.10739207,0.22518139,-0.0068400665,0.031266857,-0.0073721395,-0.003828066,0.06559681,-0.0072737536,0.024123441,0.17718065,0.04069416,-0.0077436813,-0.003794701,0.09133575,-0.0017131194,0.049864475,0.1683695,0.09421658,-0.0015302692,0.28051984,-0.00380908,0.45374054,0.038796,0.2338735,0.49837807,0.2663913,0.16707116,0.16302618,0.051239878,-0.0076226345,-0.002462994,0.17323208,0.00013631396,0.10111125,-0.012613497,0.2641158,-0.014402981,-0.0075400854,0.071486555,0.5198439,0.17050792,0.023289379,-0.0030119866
TCGA-OL-A66I,-0.008048808,-0.0074403435,0.51210403,0.051784564,0.022792252,0.32735476,-0.017740536,0.039705977,0.027600713,0.07509446,0.02716408,0.08257325,0.029939478,0.08819148,0.03290149,-0.0045850845,0.09504658,0.10507013,-0.0063240468,0.07878153,-0.0036458515,0.08406836,0.25880358,-0.009635391,0.21373014,-0.010458715,-0.010711143,0.122494556,-0.003951724,-0.0024925903,0.2726879,0.123896256,-0.0064663948,-0.004270583,0.21604678,-0.0008223929,0.04891487,0.1795552,0.061809815,-0.0014633331,0.2556626,0.0051884,0.4555294,0.042624094,0.22306864,0.5922546,0.31725535,0.20669104,0.124736235,0.03885772,-0.006861447,-0.0080825295,0.1858685,0.039304808,0.08523225,-0.0013407384,0.25036404,-0.009072333,-0.00082606694,0.12446672,0.6317005,0.033003457,0.091201246,0.04506933
TCGA-OL-A66J,-0.004626728,-0.0032138636,0.67109483,0.037766542,-0.0050999164,0.4776655,-0.023453295,0.15550193,0.008664023,0.044828773,0.013734993,0.108370334,0.11249453,0.093336955,0.2117356,-0.0054314593,0.14885427,0.17718877,-0.0071010888,0.2967517,-0.0051646926,0.08793783,0.3244007,-0.0058843396,0.05310977,-0.009958554,-0.011397774,-0.0005286306,-0.0052303947,0.06797123,0.41498154,0.10604128,-0.010979576,-0.008899698,0.18249176,0.06483853,0.12244187,0.23578176,0.033149127,-0.0034518458,0.3984403,-0.0013044212,0.6404322,-0.011450174,0.19638066,0.76130354,0.23299488,0.19594146,0.20022543,0.08120335,-0.002051708,-0.0055483384,0.20308957,-0.0033583872,0.060656242,-0.0115543045,0.2502008,-0.012873861,-0.005851083,0.14805502,0.71045995,0.1291084,0.111622244,0.09834261
TCGA-OL-A66K,-0.008574029,-0.0087926155,0.31358013,-1.0523573e-05,-0.00081566116,0.25999686,-0.018487655,0.064722985,0.0049778763,-0.0033677418,0.05997207,0.13044812,0.09560965,0.04956796,0.06818343,-0.0056551783,0.031586457,0.076451115,-0.0018553522,0.08274306,-0.0045898403,0.041465677,0.21428774,-0.007855448,-0.0014963571,-0.004907639,-0.0053872927,0.05590626,-0.0004993893,-0.00082787353,0.20959324,0.014153682,-0.0012492037,-0.004493328,0.10264161,0.010751683,0.066117555,0.133785,0.0035706311,-0.0001982849,0.15582818,-0.0030175184,0.32528943,0.0056392197,0.15591493,0.41460437,0.200973,0.12671533,0.1457475,-0.0029288323,-0.0038022534,-0.0054616346,0.10621488,0.0072807726,0.042011075,-0.0047584977,0.12629208,-0.0061493767,-0.0017828385,0.072849154,0.44656014,0.11070664,0.06703393,0.028911926
TCGA-OL-A66L,-0.0053895125,-0.007876905,0.46254438,0.07938193,0.024937822,0.29593927,-0.019572614,0.069762945,-0.00035810212,-0.0007396497,0.07531963,0.11192459,0.09523606,0.13285604,0.092784,-0.0062460164,0.102568716,0.08609012,-0.0027967095,0.0690463,-0.0047908374,0.071449205,0.26873496,-0.010329991,0.05528095,-0.004668999,-0.0053789685,0.033783235,-0.0041097417,0.039174337,0.2737252,0.039822716,-0.0039682756,-0.0072237924,0.11765802,0.004788721,0.07408451,0.17497912,0.02348243,-0.0034466607,0.24757764,0.011043323,0.40470523,0.017206434,0.15209596,0.51349723,0.21905148,0.15823409,0.15940115,0.017669275,-0.007857685,-0.006052813,0.14581603,-0.0006043909,0.07986608,-0.0023108346,0.1742795,-0.010814614,-0.0014977204,0.07414092,0.5220875,0.081451304,0.07252726,0.041319825
TCGA-OL-A66N,-0.0078077773,-0.007090002,0.3701343,0.039426234,-0.002923656,0.2604607,-0.015165604,0.06452024,-0.00074008666,0.06195023,0.07630172,0.07541153,0.05843298,0.091598414,0.058708467,-0.004895124,0.01519689,0.12594715,0.0025166683,0.06486136,-0.001207609,0.06145145,0.17977785,-0.005957971,-0.0026427356,-0.008687208,-0.006236207,0.057217233,-0.0053990977,-0.0035385806,0.16976237,0.005615309,-0.00094237906,-0.0056058895,0.15098873,-0.0018732224,-0.0016292814,0.12800758,0.026740544,-0.0057668393,0.2058907,-0.001359329,0.34978238,0.017128065,0.17795385,0.43563867,0.1985209,0.13380972,0.17088807,-0.00034486764,-0.0042369463,-0.0073720226,0.13059786,0.0036842674,0.06585785,-0.005745142,0.17156725,-0.008098184,-0.0022408993,0.0862633,0.48482478,0.1339191,0.008781623,0.024781205
TCGA-OL-A66O,-0.00075520587,-0.013139074,0.45412835,0.08293408,-0.008972315,0.4662502,-0.015661562,0.02740284,0.050777964,-0.00033432245,0.16626969,0.04884032,0.054960415,0.2277589,0.19655755,-0.0047592428,-0.0004283611,0.101687804,0.012680326,0.10233088,-0.00035922843,0.1364683,0.2109882,-0.003599365,0.1527172,-0.005007168,-0.01121734,0.124073535,0.0065145213,-0.0052149943,0.24106304,0.13926734,-0.00019363161,-0.013842507,0.1353651,0.08143771,0.07580978,0.15479743,0.09066148,-0.0073590362,0.26762676,-0.0037568805,0.52273256,-0.0008265704,0.1659491,0.56916314,0.1565781,0.054122265,0.101254374,0.09222586,-0.0066680196,-0.0037032191,0.1528044,-0.0006714716,0.0014414769,-0.0009314242,0.121321514,-0.0038575276,0.0075805555,0.0747404,0.494514,0.14881063,0.0014050603,-0.0001613859
TCGA-OL-A66P,-0.0076685655,-0.012404441,0.5952612,0.057038445,-0.00549663,0.43376237,-0.02280858,0.11912279,-0.0018606484,0.048304252,0.02774255,0.115570754,0.09668033,0.12835868,0.09419282,-0.014388698,0.09888598,0.04100316,-0.0098894965,0.3166209,-0.0075437026,0.105676696,0.24067713,-0.010883247,0.30795085,-0.011268212,-0.009082057,0.13214543,-0.011854997,0.035296325,0.4033698,0.32123074,-0.008989801,-0.009522641,0.20131902,-0.0021904863,0.16725601,0.2111099,-0.0046019503,-0.00948252,0.2900697,0.015687015,0.5337547,-0.00025061594,0.210204,0.75515103,0.3655221,0.22139244,0.035344925,0.08471946,0.042455032,-0.0008336395,0.26930445,-0.0036034256,0.0764939,-0.0074299225,0.3807181,-0.011270043,-0.0051730582,0.11006956,0.731046,0.05978563,0.12327263,0.1023512
TCGA-OL-A6VO,-0.005763463,-0.007216754,0.85290956,0.3134292,-0.0037263886,0.49671352,-0.02212028,-0.012609092,0.074305534,0.03144881,0.0808869,0.15475608,-0.0008360703,0.27954087,0.070859015,-0.0145447105,0.078186065,0.19042209,-0.0016597174,0.12686516,-0.0069847265,0.07334809,0.12803124,-0.016836787,0.5020224,-0.0070151477,-0.01329833,0.22358893,-0.0011603857,-0.017185386,0.32134593,0.336997,-0.013153789,-0.021557536,0.31691003,0.029637974,0.061085787,0.16558512,0.3308351,-0.0081312405,0.51722944,0.041955378,0.6584537,0.02443654,0.3188324,1.0483811,0.51584727,0.3325501,0.00050561037,0.23425707,-0.02541227,-0.020135272,0.39076814,0.13254799,0.19818129,0.033145312,0.3302091,-0.02589289,-0.008039111,0.15166049,0.7888902,0.09475346,-0.0022760425,0.08422619
TCGA-OL-A6VQ,-0.008565962,-0.008651814,0.36863792,0.032964747,-0.0013064928,0.27167138,-0.014385751,0.08947035,0.022592207,0.032634556,0.055992298,0.06575538,0.100712664,0.070601955,0.044658955,-0.005436504,0.03181234,0.14207536,-0.0018935556,0.038217362,-0.0033781247,0.053376477,0.2069902,-0.010074328,-0.0014531475,-0.009515006,-0.0052092946,0.024919443,-0.0051968093,-0.0016490382,0.1805688,0.018761475,-0.0054966295,-0.002840754,0.15857653,-0.000583411,0.043196548,0.17040864,0.06318365,-0.0032901324,0.18919654,-0.0013443802,0.4116189,0.05044773,0.13598435,0.48003536,0.20872813,0.13250309,0.17198642,0.016719833,-0.0073119025,-0.008876885,0.12844804,0.032152362,0.054786384,-0.0013392877,0.20221761,-0.0091530895,-0.0015453062,0.10859152,0.5186608,0.030432977,0.05001886,0.012378633
TCGA-OL-A6VR,-0.011270105,-0.008461397,0.4673579,0.068623915,-0.0009993779,0.36988667,-0.015268469,0.039884426,0.03898668,0.07818151,0.05011261,0.10247928,0.05760193,0.078117296,0.049370144,-0.006807841,0.024057815,0.22441347,-0.0008560261,-0.002349096,-0.010086778,0.030871278,0.27226657,-0.0091867475,-0.0037099018,-0.007100022,-0.0038215795,0.046390943,-0.0058166455,-0.012046138,0.14118624,0.025506869,-0.0041963626,-0.011577003,0.1692296,0.06821607,0.071790084,0.15682378,0.05003497,-0.003681644,0.24684136,-0.0026812695,0.49105942,-0.0033913732,0.20091349,0.5646661,0.25894728,0.19049379,0.24836437,0.058576204,-0.011678286,-0.011932807,0.13107315,0.10283435,0.07264851,-0.006241304,0.267483,-0.014689254,-0.004763614,0.08462911,0.6098026,0.02570179,0.063539416,-0.001774554
TCGA-OL-A97C,-0.0111789135,-0.0051738545,0.707252,0.015492182,0.01941084,0.37301543,-0.023933163,0.14828046,-0.0017198231,0.06508392,-0.0006539505,0.10935452,0.10911235,0.17293023,-0.00641901,-0.0027417596,0.17129105,0.21495983,-0.00083191897,0.23454894,0.0072054025,0.12115854,0.39863697,-0.015922274,0.114259064,-0.009716821,-0.013205597,0.05358856,-0.007989969,-0.0004513353,0.26418814,0.007836822,-0.015191847,-0.0028961997,0.24054591,0.025657091,-0.0033232567,0.12138255,0.07976896,-0.004522116,0.2607447,0.050865054,0.58417916,-0.0042349063,0.22324994,0.7798337,0.4014037,0.16308117,0.18279652,0.0123118125,-0.01268545,-0.015700877,0.18222103,0.031403482,0.12697886,0.025593817,0.2863487,-0.02646986,-0.0040342635,0.20193344,0.8494212,0.07942912,0.0147244595,0.16472273
TCGA-PE-A5DC,-0.005244657,-0.010225131,0.5250171,0.021212693,-0.001450316,0.37941104,-0.010715372,0.07568294,0.022164281,0.04944913,0.049242888,0.04898803,0.003186468,0.10225708,0.11418247,-0.008603305,0.04676516,0.13407241,-0.007523551,0.16773225,0.010168986,0.11761701,0.23925982,-0.011743848,0.13493602,-0.009624822,-0.0035008718,0.107246175,-0.0056352466,-0.0015615375,0.33282793,0.11978528,-0.0075302036,-0.01650134,0.25885922,-0.0031611794,0.09479588,0.17806047,-0.00059389457,-0.0070764734,0.2991937,-0.0019030385,0.49179697,0.056315813,0.22619615,0.67241865,0.20433778,0.097707234,0.21932282,0.035053395,-0.008424039,-0.004802147,0.22159377,0.015646236,0.030763848,-0.0075085848,0.2960264,-0.0052221282,-0.00573128,0.18106464,0.619441,0.028583322,0.05141556,0.03457345
TCGA-PE-A5DD,-0.003989042,-0.008369234,0.38104522,0.039670926,0.023919849,0.29023877,-0.01330136,0.008018538,0.021326499,0.011209309,0.05057793,0.045139797,0.057740584,0.05818332,0.11966092,-0.004464475,0.034261595,0.044567227,-0.0067587406,0.016738899,0.024131175,0.11322209,0.1805406,-0.0066642836,0.09289761,-0.006172307,-0.003797023,0.0837253,-0.002746444,0.010123417,0.19389994,0.018638704,-0.0027032148,-0.0054911054,0.114429556,-0.0007961572,0.04028868,0.13726087,-0.00209809,-0.006041196,0.23649694,-0.006165972,0.32970154,0.04448483,0.15678263,0.38535088,0.17665768,0.110591665,0.12219128,0.027500108,-0.006698023,-0.0044493917,0.14497878,-0.0023880021,0.0522027,-0.0019355108,0.18461226,-0.005614812,-0.0050801975,0.082008176,0.36517823,0.06799831,0.008983005,-0.0011749476
TCGA-PE-A5DE,-0.0021024265,-0.007717367,0.4056087,0.014121134,0.03131319,0.34282964,-0.013674179,0.02457923,0.033604663,-0.0012050926,0.03520218,0.065794274,0.0730903,0.043186948,0.032514967,-0.0037713684,0.060618196,0.057716332,-0.0070388825,0.025790546,-9.2165734e-05,0.10740085,0.2117973,-0.005051106,0.042489897,-0.0092793675,-0.0053939223,0.056389563,-0.0038020604,-0.0039647045,0.19048566,0.0009051282,-0.0043485616,-0.0047937636,0.08985658,-0.00034256766,0.040848896,0.14693165,0.038653515,-0.004538757,0.22858845,0.011474645,0.34225708,0.02783059,0.16193011,0.43051994,0.2327131,0.13673943,0.1564298,-0.0037306526,-0.0085031865,-0.0004511155,0.12476557,-0.003092346,0.10179725,-0.008587715,0.19945528,-0.0075202035,-0.0021767903,0.0909421,0.44724983,0.032431424,-0.0012126949,-0.004001768
TCGA-PL-A8LZ,-0.015398708,-0.0029644154,0.5448304,0.031630646,0.08284738,0.39971742,-0.03635585,0.32361418,0.01713956,0.11597328,0.012221411,0.24071187,0.15153061,0.2024762,0.03150366,-0.008934229,0.19391154,0.043247394,0.036581524,0.31149158,-0.015724441,0.06729548,0.21092671,-0.00995721,0.20596416,-0.007251297,-0.007369856,0.1644039,-0.0008734953,0.034496974,0.35700265,0.22045901,-0.00809551,-0.014493245,0.13561898,0.061087694,0.22670344,0.16998047,0.16808869,0.041436277,0.31850547,-0.0006156221,0.7169772,-0.01027068,0.19792204,0.7735635,0.311685,0.34327632,0.13252673,0.086598024,-0.008956613,0.017726682,0.22588316,0.120122805,0.05910629,0.24285294,0.23186277,-0.009569536,-0.0048183184,0.17373353,0.6036172,-0.0029258654,0.15697202,0.15114452
TCGA-S3-A6ZF,-0.0059531727,-0.007162849,0.5124159,0.097374335,-0.005871174,0.32493472,-0.01278902,-0.00022832044,0.0028127432,0.025038317,0.1353797,0.046623327,-0.0007313911,0.098300785,0.025066096,-0.00510125,0.040388957,0.104156435,-0.0058973553,-2.9708073e-05,-0.006371435,0.1291915,0.24042457,-0.011038604,0.2801901,-0.0056428397,-0.0017333064,0.09714571,-0.009619502,-0.011788147,0.22067459,-0.00047833883,-0.007278791,-0.0075376555,0.14977157,0.0056345817,0.017037299,0.16251445,0.026494414,-0.004916839,0.36612457,-0.0022724848,0.4454809,0.045734055,0.288774,0.5807859,0.34290564,0.19329607,0.16491254,0.1128116,-0.009927814,-0.010680906,0.26662162,-4.3212436e-05,0.056733064,-0.0042297705,0.2991103,-0.0069012675,-0.0051228083,0.12700343,0.49865603,0.051435858,-0.00010438859,0.0040330067
TCGA-S3-A6ZG,-0.011985897,-0.0096909,0.3980903,0.051444057,-0.0019296099,0.31233308,-0.010516233,0.035014704,0.025522454,0.040897034,0.041753545,0.040732272,0.047347374,0.004277788,0.048991106,-0.004257218,-0.0038543257,0.18058974,-0.0037760974,-0.0008726441,-0.007228393,0.03437063,0.20242573,-0.0077242977,0.028742399,-0.008484953,-0.0059312014,0.07337956,-0.0037720979,-0.008295622,0.16599748,0.039608065,-0.0066298866,-0.0065602437,0.16647364,-0.003024158,0.047725663,0.17398609,0.0685202,-0.0022815329,0.18687229,-0.0020883218,0.41983008,0.073870644,0.15815654,0.5091209,0.21802768,0.17387958,0.18448603,-0.0021193072,-0.009773838,-0.011020972,0.15444493,0.036789656,0.079382956,-0.003166444,0.23749672,-0.010267824,-0.0034823045,0.10347471,0.5246621,0.050963942,0.01635706,0.008718349
TCGA-S3-A6ZH,-0.010264026,-0.0064715804,0.42074805,0.059976827,-0.0019913267,0.32146928,-0.01022537,0.044227652,0.024831383,0.111518204,0.08321679,0.076410875,0.05247098,0.076348126,-0.0001436785,-0.004980792,-0.0016294279,0.16042507,0.028979264,0.0004195124,-0.0059587914,0.09100412,0.18921919,-0.004703135,0.008293338,-0.01396644,-0.0057136132,0.08871784,-0.0060494854,-0.009110277,0.17135757,0.030637663,-0.004184626,-0.010303854,0.17697519,0.024770841,-0.00016167946,0.13231486,0.093242645,0.0026190802,0.2156157,-0.002215982,0.47159234,0.07223452,0.1984903,0.50387853,0.23247209,0.14585918,0.15746786,0.018018968,-0.010806617,-0.0097990725,0.20033944,0.08296634,0.14611015,-0.0054191113,0.26019374,-0.0068250983,-1.8296996e-05,0.09426131,0.5774446,0.055798747,0.021426208,-0.0006268457
TCGA-S3-AA0Z,-0.007417152,-0.00073126965,0.76229113,0.1323631,0.018147243,0.4434509,-0.019515714,0.069343165,0.065935925,0.14477567,0.09458707,0.09873843,0.014258582,0.1140346,-0.0057034837,-0.0018189773,0.025303803,0.15950046,-0.0026333393,0.21320824,-0.01852919,0.13660349,0.35429165,-0.009543109,0.20681669,-0.006627414,-0.016437853,0.15903994,-0.010251059,-0.0017340583,0.374709,0.12803072,-0.010515081,-0.014026813,0.17709927,-0.007373576,0.038562298,0.2742663,0.17731217,-0.003080651,0.31789,0.08538693,0.8591632,-0.0031427012,0.33836025,0.93617165,0.53305227,0.20313449,0.08744239,0.07343517,-0.012192204,-0.021977944,0.35717338,0.050680533,0.1357254,-0.008155432,0.29589093,-0.02158657,-0.008416975,0.13202697,0.7974084,0.04136987,0.1013965,0.027789123
TCGA-S3-AA10,-0.004024524,-0.0028906856,0.4710939,0.06434396,0.003252564,0.33406755,-0.014754767,-0.0029282353,0.024612712,0.0834443,0.016611062,0.11999895,-0.00072917715,0.021932192,-0.0016671673,-0.005491832,0.15638039,0.11630534,-0.007358742,0.10120599,-0.006550863,0.09708309,0.1980263,-0.0056458088,0.1468637,-0.0059115463,-0.006426791,0.122572556,-0.0023487417,-0.0055386983,0.2674718,0.06994339,-0.009749599,-0.006066795,0.15620793,-0.0060520065,0.07869464,0.10449521,0.11130963,-0.0064273537,0.21210687,-0.0007231109,0.5078922,0.034035265,0.12406002,0.5988254,0.330226,0.21160181,0.05767123,0.057226628,-0.009677584,-0.008683399,0.21761179,0.071841925,0.12534145,-0.003935606,0.2773636,-0.01335737,-0.0060106204,0.12671581,0.60600764,0.027442506,0.065834135,3.943965e-05
TCGA-S3-AA11,-0.0059779217,-0.009771647,0.42482817,0.042205308,-0.0027690053,0.30752853,-0.012232374,0.01897183,0.033604924,0.06436941,0.09536517,0.06989458,0.042443972,0.08370581,0.11437844,-0.0025159218,-0.002058555,0.14587691,-0.002009409,0.02773894,-0.004842233,0.0653885,0.25134802,-0.008454079,0.055530507,-0.009041242,-0.0057800584,0.09758074,-0.0068147234,-0.0061107883,0.22779658,0.04257413,-0.0024933196,-0.0044391598,0.17154083,0.007281447,0.024643425,0.16702494,0.03034503,-0.008645979,0.23616607,-0.006530732,0.4302724,0.058797352,0.18484527,0.503358,0.20103723,0.15922663,0.18108901,0.028282203,-0.005847456,-0.00958463,0.1432718,-0.0023315616,0.10751737,-0.0013222044,0.248629,-0.008903447,-0.004369392,0.103106104,0.56538785,0.079607114,0.06809814,-0.0015615032
TCGA-S3-AA12,-0.004652889,-0.01600497,0.48068398,0.026370127,-0.0012398944,0.428356,-0.014738291,-0.0066244514,0.021408776,-0.0021301862,0.07226865,0.0459668,0.009186659,0.08546247,0.15372065,-0.014777625,-0.00066532084,0.16828579,-0.0057039405,-0.000530386,-0.0001964299,0.1594323,0.19800067,-0.0051141838,0.20780174,-0.004756441,-0.004358917,0.17498471,0.0019572678,-0.0070359632,0.22567098,0.000682693,-0.0020783935,-0.011945088,0.0731318,0.027057871,0.07490904,0.21190242,0.11309995,-0.003869539,0.33604145,0.0072402023,0.50309294,0.021441363,0.21275283,0.5469713,0.16772279,0.21616879,0.15766773,0.06724169,-0.011258841,-0.009235203,0.15383703,0.041228086,0.056855448,-0.0048639053,0.23857684,-0.008352957,-0.00060774334,0.04920812,0.52211136,0.09103547,0.045940395,-0.00750359
TCGA-S3-AA14,-0.007405875,-0.0044764127,0.4558701,0.045966614,-0.004190867,0.3242453,-0.01242346,0.03819091,0.017854337,0.0453794,0.053306542,0.07896681,0.07357295,0.02096133,0.028796438,-0.003409411,0.018709265,0.19301769,-0.0029143183,0.026856605,-0.0043607303,0.01616056,0.22801806,-0.009136616,0.030719977,-0.008165896,-0.0068001174,0.065130115,-0.0047481973,-0.0057518235,0.21668844,0.07284802,-0.0058715413,-0.0005509082,0.14214218,-0.0067762244,0.05164214,0.17840509,0.0553533,-0.0043360917,0.20358087,-0.0030087035,0.4695723,0.034463488,0.1716573,0.5837929,0.21565086,0.15445717,0.11612282,0.011542089,-0.005326444,-0.00955784,0.15485926,0.010954313,0.11824151,-0.008751634,0.25800347,-0.010960317,-0.0034702618,0.13555732,0.56545967,0.06805295,0.06518473,0.014161274
TCGA-S3-AA15,-0.0029610235,0.020354148,0.5468356,0.04510021,-0.002770248,0.33118513,-0.018604474,0.06958899,0.02582664,0.05803912,-0.002567586,0.11175394,0.111162335,0.05723881,0.016953856,-0.0090739075,0.12850496,0.08844019,-0.009681388,0.21284615,-0.0018470349,0.053398427,0.21837479,-0.0067213,0.15360342,-0.008953221,-0.00946845,0.015942108,-0.009260727,0.017412383,0.28042966,0.102109894,-0.010635833,-0.000504056,0.18977576,0.008968994,0.036002543,0.216469,0.006292861,0.0069623813,0.30088562,0.044015978,0.5214156,-0.0030128695,0.22518057,0.6693696,0.367066,0.15716425,0.12652682,0.047238134,-0.0031857619,-0.0067605376,0.19979963,0.048578434,0.100090146,-0.009005202,0.2321668,-0.01180308,-0.006072787,0.1510912,0.65649074,0.029845482,0.13396528,0.097745806
TCGA-S3-AA17,0.0049711857,-0.0053478265,0.53417397,0.11655392,0.031401098,0.34149155,-0.02017252,0.02714393,0.00040439144,0.041642666,0.14376827,0.10917218,0.035397958,0.14253774,0.020571947,-0.0065111974,0.077366605,0.18947496,-0.0043985033,0.10541402,-0.0063062334,0.111206755,0.18720406,-0.017968914,0.07919203,-0.01388775,-0.0034286522,0.1789873,-0.008917161,-0.0033036817,0.24910203,0.06636909,-0.0027147343,-0.0035586488,0.1800597,-0.0062848614,0.0061905496,0.16013351,0.14110945,-0.007655907,0.2928636,-0.0026872647,0.46479028,0.059103146,0.23976313,0.59833264,0.325083,0.14874905,0.11556998,0.14774838,-0.0138759315,-0.008838899,0.24042517,0.06101346,0.12965354,-0.0020622641,0.24565648,-0.013125715,-0.0025110764,0.07424315,0.54998004,0.058892667,-0.005314876,0.018782727
TCGA-UL-AAZ6,-0.004962026,0.0073870607,0.46165282,0.033680458,0.020834757,0.33876348,-0.014748036,-0.0076110377,-0.00077782053,-0.00042898953,0.09932724,0.08592884,-0.00084500463,0.041720767,-0.0027690255,-0.003469752,0.0031515919,0.092190176,-0.0010389922,-0.0062924935,0.04234069,0.1113828,0.21150132,-0.014435123,0.24957417,-0.008889637,-0.00049601356,0.08029197,-0.008561461,-0.005764807,0.23844796,0.10026865,0.0076922853,-0.004480175,0.11215933,-0.0025493097,0.071689725,0.17382032,-0.0021081471,-0.001869892,0.13099869,-0.0022782527,0.4192028,0.06533328,0.23667143,0.5181426,0.14598653,0.08598058,0.008682049,-0.0006126687,-0.011714204,-0.0010209242,0.1780656,-0.0024926204,0.03315138,-0.010610099,0.26050994,-0.0014324572,-0.0057248194,0.14168109,0.45643568,0.09915981,-0.0022146748,0.0060309023
TCGA-UU-A93S,-0.0049724365,-0.008559526,0.49636137,0.04112638,-0.0060058385,0.30207294,-0.013507388,0.14015147,0.03995621,0.06887049,0.08711722,0.117201045,0.051463485,0.066497676,0.01952989,-0.011867944,0.07314111,0.13874885,-0.008383129,0.18012582,-0.009695997,0.07664791,0.17929175,-0.0071153017,0.10766277,-0.0057189064,-0.005097969,0.12609199,-0.0063555473,-0.0030407086,0.24783587,0.18691012,-0.008450911,-0.0074995905,0.10727854,-0.0018029896,0.08558932,0.12870671,0.03909616,-0.004154337,0.27488294,-0.0052490425,0.48864987,0.03586644,0.21496013,0.58967227,0.20045103,0.20243718,0.008234127,0.093866386,-0.0032964454,-0.009607683,0.21904594,0.011004858,0.12161323,-0.0037564372,0.27688634,-0.0146159595,-0.0035739709,0.15923162,0.57195574,0.069327064,0.10939893,0.09674941
TCGA-V7-A7HQ,-0.0076024826,-0.008195725,0.48851115,0.04354981,-0.0074576223,0.403347,-0.014510967,0.04076323,-0.0003007125,0.039999753,0.05771822,0.12584215,0.07822673,0.07579784,0.026771404,-0.009039376,0.057777964,0.20471834,-0.0005367696,0.054795627,-0.005831466,0.012102947,0.24268295,-0.00968794,0.04073417,-0.006185601,-0.0064273602,0.11057426,-0.0034767487,-0.005069269,0.25885102,0.10954833,-0.0036086447,-0.0050121835,0.12356585,0.036311228,0.06986897,0.16536689,0.013065085,-0.0053574736,0.23524238,-0.0016557433,0.47630683,0.0211912,0.25159687,0.61722094,0.30030683,0.13452715,0.18913396,0.056262754,-0.008111043,-0.0039485875,0.2168383,0.11301713,0.07500934,-0.01379481,0.31535733,-0.011424149,-0.0027849162,0.10913515,0.5946828,0.057535414,0.112726375,-0.000947734
TCGA-W8-A86G,-0.011375876,-0.0048922147,0.48844975,0.04091796,-0.0058771544,0.28272167,-0.020221958,0.11319247,0.0023328625,0.04745332,0.043267593,0.09500083,0.047961798,0.14745945,0.069839805,-0.0047968477,0.04233899,0.15999421,0.019346029,0.060853433,-0.0065421537,0.07261835,0.272056,-0.0071871774,-0.0041181105,-0.0034793038,-0.0059693377,0.049944308,-0.0025048032,-0.0016463595,0.1810718,0.020123094,-0.0037924813,-0.006822552,0.13283674,0.008259302,0.055134393,0.12384239,0.0628181,-0.003963937,0.215856,0.00036646798,0.47261345,-0.0040129707,0.18798748,0.5566817,0.25944844,0.18770348,0.24151312,0.0123689845,-0.010012594,-0.004378823,0.15241584,0.08172005,0.062246636,-0.00021815869,0.23484164,-0.011832702,-0.003920697,0.106686085,0.5763075,0.098615676,0.07908477,0.026689358
TCGA-WT-AB41,-0.004521481,-0.009852165,0.5698768,0.07477234,0.024976088,0.378951,-0.021134084,0.05946427,0.07494427,0.066016,0.09634863,0.10261819,0.030553095,0.10098867,0.029587109,-0.0074385256,0.1235403,0.15291627,-0.0060551697,0.11550833,-0.004998558,0.09199433,0.29610574,-0.012431058,0.13222484,-0.008156172,-0.004720917,0.037333746,-0.009705717,-0.0035761246,0.2596238,0.07087104,-0.011543673,-0.0076083886,0.09426333,0.005736785,0.04693051,0.21864973,0.079998165,0.0030957982,0.40443352,-0.0044169105,0.5709723,0.026458338,0.24398732,0.6703456,0.31962273,0.18032861,0.16565628,0.108668946,-0.008507099,-0.008620693,0.21873432,0.017037315,0.11647465,-0.008536597,0.30130643,-0.018422602,-0.0034405706,0.16485785,0.7024271,0.08781788,0.067410305,0.07121278
TCGA-WT-AB44,-0.0069500552,-0.0057812207,0.40743792,0.026334818,-0.0037642808,0.2600013,-0.015053871,0.06651138,0.0282811,0.00490053,0.08444518,0.114150405,0.05945428,0.073461406,0.09569839,-0.007957794,0.08276914,0.12151067,-0.00463549,0.10936561,-0.0041293823,0.06469621,0.19792856,-0.006585466,-0.00072064437,-0.0028715294,-0.007140448,0.053909574,-0.0018337697,-0.0015660862,0.21423945,0.078137234,-0.002572582,-0.004816997,0.11482955,0.0057239626,0.039992154,0.15506521,0.013574004,-0.0033519447,0.23338012,-0.0019313932,0.3980434,0.022343634,0.17297655,0.46587527,0.2038559,0.14550191,0.12279378,0.0399995,-0.0024748151,-0.008405245,0.17010576,-0.0005342371,0.087009594,-0.00551977,0.17232934,-0.0074615777,-0.0033350475,0.10082629,0.49881142,0.15129235,0.08017786,0.023152754
TCGA-XX-A899,-0.0122177135,-0.003989858,0.5311871,0.03973968,-0.0007216292,0.28234184,-0.019235382,0.19169915,-0.0014628504,0.12202753,0.053551637,0.07077564,0.10331303,0.18485993,0.059683632,-0.0014046602,0.12065832,0.18938859,-0.00035314038,0.108537436,-0.004664067,0.10797024,0.28105128,-0.005658378,-0.00070711377,-0.008768971,-0.009658799,0.040539827,-0.0043008113,0.016885962,0.2454447,0.007375587,-0.008790401,-0.0063816714,0.23182292,-0.0010657661,0.03039974,0.1553856,0.056561038,-0.0032474797,0.27734414,0.027001873,0.55119395,0.036736995,0.19210446,0.63419104,0.2672468,0.2232831,0.23036706,0.015957069,-0.0053169895,-0.0062109604,0.18901716,0.046375662,0.09744877,0.023866903,0.26167116,-0.011164523,-0.0032043036,0.13626969,0.65150887,0.035002593,0.14908226,0.055492923
TCGA-XX-A89A,-0.0047169947,-0.0076716603,0.4913663,0.04925337,-0.005039026,0.31123966,-0.0149750775,0.19071697,0.00051513314,0.028963074,0.0866338,0.050186604,0.061723635,0.12480323,0.07422505,-0.002141034,0.040584244,0.14886989,-0.0036490054,0.16319574,-0.0055508837,0.09964891,0.22493911,-0.0034270508,0.09860425,-0.0049212333,-0.010116838,0.07517105,-0.002670923,-0.0013159901,0.23287871,0.06376508,-0.0069503114,-0.0042838287,0.13233778,0.0038470067,0.046705224,0.12423028,0.024662387,-0.00526368,0.25594005,0.036975358,0.55508,0.009004604,0.22317582,0.62211823,0.24996161,0.15687872,0.26051688,-0.0034997896,-0.0057840566,-0.0078012585,0.19804287,0.05006499,0.053939946,0.040972445,0.2432693,-0.011594524,-0.0046160356,0.17042354,0.5996148,0.033474997,0.10741149,0.056973264
TCGA-Z7-A8R5,-0.0073973793,-0.007179469,0.4535843,-0.0009689376,0.022386415,0.32065374,-0.018972311,0.09739287,0.00022011623,0.047743827,-0.00033628903,0.13018067,0.08049272,0.03121332,0.05687271,-0.0054118573,0.08871099,0.1705362,-0.005015969,0.086011425,-0.0047662477,0.035207164,0.30002546,-0.0073308335,-0.0031292997,-0.007875148,-0.010767353,0.040241648,-0.005516837,0.009608235,0.22739571,0.06670728,-0.0058248537,-0.0036119816,0.15500207,-0.0015959578,0.033885658,0.17838031,0.006322913,-0.003967417,0.20030285,0.002634365,0.42254874,0.020697458,0.17837876,0.511926,0.24503246,0.16211903,0.19326058,-0.00068219716,-0.008423305,-0.008132643,0.119004086,0.022419909,0.08333903,-0.005441801,0.22072856,-0.01099512,-0.0040834467,0.1216674,0.63930446,0.05156067,0.08815414,0.043992326
TCGA-Z7-A8R6,-0.0020855863,-0.008960293,0.65776426,0.025308307,-0.00063417014,0.49193397,-0.011030448,0.09471767,-0.00015949868,0.08222139,0.110159904,0.042086855,0.03692675,0.12458715,0.01514253,-0.0035847432,0.036213297,0.26763174,-0.0031721243,0.08288649,-0.0046095448,0.06760658,0.27310237,-0.0070911283,0.119881645,-0.009788036,-0.0058087246,0.11139118,-0.010637557,-0.008714199,0.28607562,0.057221062,-0.008968125,-0.013492452,0.25569478,0.0028987117,-0.0033263487,0.1806051,0.06304367,-0.0025408987,0.3485751,-0.0046418826,0.65821254,0.007099785,0.24104449,0.7746432,0.22863099,0.1278354,0.17337377,0.043352336,-0.011280673,-0.002472692,0.2682072,0.028798392,0.15789825,-0.00455396,0.34988672,-0.0106627345,-0.001070437,0.13268757,0.70478183,0.0977557,-0.004731148,0.03512174
