patient_id,shared_0,shared_1,shared_2,shared_3,shared_4,shared_5,shared_6,shared_7,shared_8,shared_9,shared_10,shared_11,shared_12,shared_13,shared_14,shared_15,shared_16,shared_17,shared_18,shared_19,shared_20,shared_21,shared_22,shared_23,shared_24,shared_25,shared_26,shared_27,shared_28,shared_29,shared_30,shared_31,shared_32,shared_33,shared_34,shared_35,shared_36,shared_37,shared_38,shared_39,shared_40,shared_41,shared_42,shared_43,shared_44,shared_45,shared_46,shared_47,shared_48,shared_49,shared_50,shared_51,shared_52,shared_53,shared_54,shared_55,shared_56,shared_57,shared_58,shared_59,shared_60,shared_61,shared_62,shared_63
TCGA-3M-AB46,0.030043136,-0.012944147,-0.03486933,0.001017075,-0.024537768,0.3945082,-0.0075903647,0.034853343,-0.029924389,-0.016336877,-0.014792065,0.56326556,-0.013159739,-0.017621223,0.020491943,0.012009071,0.14369613,-0.0126154525,-0.015812278,-0.021033093,0.7674259,-0.01856031,0.052765366,-0.012868557,-0.0094141895,-0.016435433,-0.0042822068,-0.002648233,-0.011486033,0.67833257,0.026611108,-0.0036286705,0.37104806,0.08905627,0.25746098,0.0042310623,-0.017894816,0.06829956,0.2626323,1.1057163,0.032954082,-0.018292962,0.3681422,0.009199042,0.015799733,0.14977126,0.010479127,-0.0010245959,-0.027663011,-0.06099222,0.013672872,-0.03560195,-0.0117569575,0.01325942,-0.013073852,-0.012319042,-0.018559236,0.0293643,-0.025156327,-0.011303329,-0.017432144,0.0013000406,-0.0068205623,-0.008759178
TCGA-B7-5816,-0.006737838,-0.031781398,-0.06113041,-0.013280515,-0.03594612,0.49392152,-0.020534001,0.051306333,-0.03853082,-0.029989809,-0.036727067,0.59559876,-0.014149994,-0.027237399,-0.019180503,0.0015103789,0.007822355,-0.020925138,-0.0243032,-0.014892483,0.83441734,-0.020031383,-0.031655412,-0.03546495,-0.023568641,-0.029306881,0.005002299,-0.0041783676,-0.012790344,0.7718266,-0.013553997,-0.010628945,0.3676962,0.08641328,0.37950063,0.008610071,-0.015635539,0.021337852,0.29103896,1.2033315,0.066338256,-0.0171842,0.42536223,0.030449107,-0.008683827,0.22167456,-0.013146659,-0.033725593,-0.042249776,-0.07378017,-0.015428711,-0.04160115,-0.014216457,-0.0035134645,-0.021822307,-0.0055377167,-0.035418548,-0.010870747,-0.024342453,-0.014800023,-0.02859251,-0.008862685,0.0069557494,-0.016801964
TCGA-B7-5818,0.04107835,-0.012889715,-0.07763633,-0.002807598,-0.036667913,0.5629453,0.0018255763,0.02562828,-0.023805834,-0.022608947,-0.042041186,0.66531754,-0.014242622,-0.0252617,-0.0055342186,-0.0005975331,-0.00093459955,-0.020086406,-0.01740351,-0.00909081,0.86150354,-0.013911877,-0.021895247,-0.041523136,-0.021091998,-0.02985677,-0.0016206449,-0.00794797,-0.030253354,0.72045964,-0.0035653787,-0.017742235,0.40487382,0.04406241,0.30760896,-0.0115295295,-0.016529003,-0.0074390066,0.30573595,1.2298658,-0.011294128,-0.01762835,0.36920318,0.030686498,-0.008335974,0.20872986,-0.013140309,-0.02856575,-0.03839676,-0.08413521,0.00980066,-0.03888034,-0.023472087,0.01524985,-0.008040843,-0.0019445443,-0.030951465,-0.014738705,-0.035492327,-0.021116432,-0.028672252,-0.013991069,-0.01960187,-0.016260207
TCGA-B7-A5TI,-0.013302356,-0.01874984,-0.03848433,-0.0082148025,-0.028687708,0.40481448,-0.022165257,0.038873933,-0.03773733,-0.0033492194,-0.017429017,0.6064087,-0.0050436617,-0.01976415,-0.013354188,-0.009484354,0.1008028,-0.009368307,-0.024333559,-0.019395718,0.7264943,-0.023257967,-0.013568529,-0.026925474,-0.011439286,-0.013413861,-0.016042445,-0.0067313276,-0.010949546,0.7480913,-0.0060612876,-0.010487899,0.33745867,0.13083741,0.18546912,-0.014013043,0.0057403967,-0.0060918424,0.27203918,1.1085036,0.044073444,-0.012957297,0.4094738,0.017693413,-0.0042465096,0.1971677,0.00017712032,-0.018917613,-0.035564337,-0.054187596,-0.00511038,-0.031854875,-0.01713152,0.0029862511,-0.01469835,-0.007624941,-0.028207913,0.0016308236,-0.019001463,-0.012867462,-0.016223844,-0.008269884,-0.008047057,-0.00937916
TCGA-B7-A5TJ,-0.0028449136,-0.02655081,-0.081817806,0.0020612748,-0.031048967,0.44377318,-0.016086388,0.051368255,-0.031567045,-0.024062632,-0.037589256,0.57443106,-0.011641174,-0.02770419,0.006940386,-0.025103414,0.036343478,-0.01524849,-0.012602467,-0.018132001,0.7854847,-0.019328501,-0.017483119,-0.037127256,-0.013038786,-0.027949493,-0.014161298,-0.013363486,-0.025147544,0.66613597,-0.006363528,-0.008389023,0.31903154,0.09989525,0.27196395,0.011223635,-0.016592443,-0.0077116406,0.2748077,1.057931,0.029110344,-0.0059911376,0.33161125,0.036012262,-0.011806762,0.18342814,-0.006640935,-0.026361693,-0.030239139,-0.08515232,0.024319466,-0.035902943,-0.012604884,-0.0016496676,-0.019474626,-0.008102702,-0.01678031,0.0017734147,-0.030491294,-0.010894371,-0.023596967,-0.010651856,-0.014783768,-0.012438888
TCGA-B7-A5TK,-0.008876605,-0.028151669,-0.052273694,-0.012259997,-0.028655564,0.38205785,-0.016085627,0.067012906,-0.029510267,-0.019234791,-0.023470527,0.50294644,-0.008938619,-0.023802213,-0.015680633,-0.009376316,-0.008534675,-0.010406799,-0.026477534,-0.0057735667,0.663705,-0.01676968,-0.01443438,-0.025369082,-0.015612563,-0.019446675,-0.010666126,-0.011382559,-0.012459468,0.6361556,-0.008519919,-0.010420546,0.34196556,0.103825144,0.2714305,-0.00937099,-0.017260972,-0.0059959646,0.24684449,0.9905559,0.047403194,-0.007887807,0.347942,0.027009448,-0.012325037,0.17454049,-0.011977116,-0.020760495,-0.027407326,-0.06866994,-0.01809136,-0.02872292,-0.010242039,0.0037182483,-0.0176998,-0.007559454,-0.02401695,0.023103815,-0.020063968,-0.012672709,-0.020268891,-0.010752289,-0.00771279,-0.005685797
TCGA-B7-A5TN,-0.01516844,-0.023077378,-0.03900537,-0.005843875,-0.033684865,0.35316527,-0.0079659,0.014472982,-0.044974774,-0.01754639,-0.023911107,0.4979302,0.011587619,-0.016748007,-0.012177009,-0.008334206,0.08186188,0.008972782,0.0018228889,-0.00615154,0.6776817,-0.024618402,-0.020217657,-0.021611663,-0.01625624,-0.015958782,0.007761877,-0.007092183,-0.013918621,0.58542067,-0.007305013,-0.004875408,0.31479603,0.10276019,0.30854312,-0.013091156,-0.016466642,-0.0077214674,0.2620548,0.95540524,0.025571354,-0.009993479,0.33491588,0.011207212,-0.006128437,0.11385162,-0.010460428,-0.01357046,-0.031487204,-0.05935535,-0.0016872275,-0.037020214,-0.019392986,-0.010276308,-0.015480923,-0.005744165,-0.020339277,0.013801613,0.0036845282,-0.009071353,-0.029853659,-0.001845892,-0.0048271935,-0.015147563
TCGA-BR-6452,-0.0037815487,-0.02136496,-0.07523236,-0.010219449,-0.034527823,0.5548989,-0.012829451,-0.0021556113,-0.037733942,-0.027450923,-0.042886745,0.68105394,-0.014354141,-0.02700995,-0.0066500613,-0.018267896,0.0032974859,-0.0105946995,-0.024099343,-0.016964713,0.9502617,-0.022675134,-0.012007557,-0.037419148,-0.01790265,-0.032534897,-0.00034843362,-0.014466101,-0.022218212,0.7357625,-0.0143932495,-0.014600448,0.39855576,0.08882769,0.35755032,-0.0109204445,-0.0018295385,0.006262725,0.34336478,1.2810584,0.030485986,-0.014475328,0.39083722,0.08028979,-0.0105223525,0.21231636,0.007239445,-0.022576915,-0.042989917,-0.08850926,-0.013907628,-0.046906114,-0.0150851915,-0.0072251195,-0.026056964,-0.014076852,-0.024643399,0.005276446,-0.028518809,-0.015551815,-0.021838436,-0.008468559,-0.014321971,-0.019093
TCGA-BR-6453,-0.0062049883,-0.0281931,-0.048245646,-0.013885142,-0.020868871,0.4054351,-0.020439498,0.046882745,-0.032389723,-0.023166012,-0.025507933,0.50003487,-0.014168267,-0.0225437,-0.014534462,-0.0031195814,0.0082375035,-0.014401391,-0.025138607,-0.00807692,0.69527006,-0.019982617,-0.017134309,-0.020152533,-0.016735228,-0.01922799,0.0034960732,-0.011177372,-0.013217272,0.6968083,-0.0114928465,-0.008320395,0.36725217,0.14040673,0.27888864,-0.005392,-0.005063586,-0.010295937,0.2739502,1.0295353,0.054038342,-0.007879545,0.45106506,0.01903079,-0.0055888356,0.1727089,-0.008567551,-0.025236577,-0.031264566,-0.06258567,-0.025976384,-0.02878948,-0.008547727,-0.0004585702,-0.015282988,-0.010994525,-0.032996137,0.027364701,-0.017908238,-0.013094975,-0.01759539,-0.008304774,-0.012498498,-0.00981427
TCGA-BR-6455,-0.010567906,-0.025209509,-0.07333767,-0.008386702,-0.034582432,0.5364728,0.011249667,0.06771798,-0.02954778,-0.029415144,-0.036513705,0.69338495,-0.014441265,-0.029975846,-0.014738368,-0.0132599855,-0.0031104065,-0.022036584,-0.020798821,-0.011686627,0.8197251,-0.022132937,-0.023006503,-0.033613436,-0.018362395,-0.03210067,-0.0077725933,-0.015845923,-0.014169425,0.7443837,-0.0069416864,-0.01741211,0.3319468,0.10521858,0.29319063,-0.0011759473,-0.018449273,-0.008496094,0.26405698,1.2068348,0.020219542,-0.01626391,0.38830328,0.033181403,-0.006943472,0.17772748,0.0089390315,-0.024421297,-0.037686452,-0.09402272,-0.015742142,-0.04035472,-0.015978571,0.0029908093,-0.008500015,-0.010348778,-0.028538294,-0.010151027,-0.030414978,-0.0051325858,-0.023873482,-0.013405378,-0.012696821,-0.012557413
TCGA-BR-6456,-0.009670818,-0.03214206,-0.037185945,-0.013724339,-0.03051351,0.3414923,-0.017941974,0.036903296,-0.035535153,-0.026620112,-0.01783814,0.4644485,0.05097042,-0.019617155,-0.01665993,-0.0033855315,0.06106178,-0.0101924045,-0.027758278,-0.00672944,0.6071557,-0.020943418,-0.019078238,-0.025652481,-0.010121836,-0.01748436,0.011657657,-0.0061183255,-0.0033967602,0.48512945,-0.013139245,-0.009307119,0.34782434,0.12222497,0.21607721,-0.0055720797,0.006474127,-0.006024829,0.2258552,1.0052766,0.0439066,-0.0060332753,0.38995177,-0.010830161,-0.0039009373,0.15389773,-0.011468567,-0.026112214,-0.032938294,-0.054800488,-0.017137766,-0.03356424,-0.009879079,-0.0043235933,-0.01040383,-0.004078381,-0.029745504,-0.009457067,-0.011602015,-0.00038365356,-0.029777288,-0.007848004,-0.0038597356,-0.010802744
TCGA-BR-6457,-0.012410592,-0.041804917,-0.04536938,-0.026232788,-0.021834347,0.2906655,-0.028431578,0.03389166,-0.044909492,-0.030487845,-0.02427588,0.37107605,-0.010620357,-0.016190942,-0.017119631,0.015593398,0.022579119,-0.015692243,-0.03473697,-0.004674751,0.5450914,-0.022914805,-0.023948554,-0.01855747,-0.014262921,-0.022340875,-0.009777479,-0.0030512675,-0.011605376,0.5559756,-0.012928887,-0.0033489917,0.3459857,0.13333096,0.27308807,-0.005275092,-0.019134779,-0.013126048,0.22496623,0.8843024,0.05513869,0.004531888,0.37232465,0.006831019,-0.0098474305,0.18362023,-0.011000277,-0.0332701,-0.03299549,-0.06450529,-0.025886195,-0.032849424,-0.0071476707,0.000567317,-0.011506802,-0.0019978678,-0.038379826,0.029996514,-0.016452545,-0.01011982,-0.030647144,-0.009432355,-0.014242811,-0.005768233
TCGA-BR-6458,-0.013625172,-0.029683568,-0.05710724,-0.009596236,-0.034655932,0.35127276,-0.023444917,0.05863225,-0.039810393,-0.021788746,-0.031859174,0.5782762,-0.011853972,-0.024527548,-0.0046593016,-0.014249263,0.0011000526,0.025617274,-0.023053175,-0.009113705,0.7609724,-0.029874261,-0.013743829,-0.028325852,-0.007138676,-0.02807467,-0.019444417,-0.0143986605,-0.0089625325,0.68203497,-0.019053124,-0.01065846,0.405136,0.15395403,0.3072796,-0.009262804,-0.014568651,-0.017624173,0.23140743,1.1112477,0.031900004,-0.015878327,0.41334426,0.015641764,-0.011776526,0.1753895,-0.005472912,-0.03176373,-0.03374777,-0.06971019,-0.015238574,-0.034442343,-0.012830418,0.005593638,-0.019820351,0.04596297,-0.037909128,0.027842343,-0.025878087,-0.012392409,-0.020657102,-0.014118192,-0.020026386,-0.011644278
TCGA-BR-6563,-0.0054082335,-0.037960097,-0.046610244,-0.016893148,-0.019389994,0.25730786,-0.017609812,0.0087387,-0.03542164,-0.02081273,-0.023458486,0.3959235,-0.010350809,-0.017502278,-0.021510411,-0.0066500884,0.016019044,-0.014436097,-0.028412305,-0.010985358,0.5349697,-0.018694995,-0.011819142,-0.020586675,-0.02121402,-0.019583004,-0.008744433,-0.0077354885,-0.0048517073,0.58485043,-0.007524636,-0.0055036284,0.3231337,0.11244638,0.20682982,-0.007100266,-0.009171074,-0.0029449027,0.2140507,0.8489711,0.0971617,0.0087890085,0.36026013,0.0073145772,-0.0011326759,0.19510986,-0.008023467,-0.02516435,-0.028026465,-0.059520856,-0.02273367,-0.030367706,-0.0063529415,-0.015848808,-0.016734103,-0.0016568906,-0.03441882,0.0077887448,-0.0153296795,-0.014371777,-0.019321397,-0.008910667,-0.0067750495,-0.010852013
TCGA-BR-6564,-0.011995269,-0.046373926,-0.033545934,-0.027472602,-0.0248865,0.32085955,-0.026180562,0.022984449,-0.035908416,-0.03257071,-0.011295715,0.35156286,-0.01390728,-0.014602346,-0.02098824,0.0050189625,0.02208189,-0.017525073,-0.03100397,-0.0034674848,0.52766144,-0.016930997,-0.026884519,-0.023323124,-0.012473915,-0.012829274,-0.007441793,-0.0040343227,-0.008932689,0.51249427,-0.011348957,-0.007335736,0.3338965,0.09335366,0.1947341,-0.0026988708,-0.0060183113,-0.0059865257,0.2040813,0.8117104,0.06208089,-0.004417357,0.3238021,-0.009345181,-0.004209503,0.23432551,-0.011248412,-0.025128122,-0.024255,-0.051498547,0.044904314,-0.027824108,-0.009883065,-0.004538949,-0.014230771,0.027893782,-0.03505332,0.015533089,-0.017800024,-0.01726757,-0.026905004,-0.003803411,-0.012387478,-0.0093934
TCGA-BR-6565,-0.0071891816,-0.011871891,-0.029009297,-0.005182175,-0.02139116,0.36895522,-0.015341482,0.036469348,-0.030957557,-0.024551488,-0.013888052,0.51851183,-0.008495681,-0.015951112,-0.007268765,0.020615138,0.08750515,-0.008490751,0.008851798,-0.008505923,0.6138241,-0.013051557,-0.013358479,-0.017242976,-0.00632993,-0.012373654,0.006624866,0.021071456,-0.0098792035,0.5551753,-0.014096935,-0.010818705,0.32823128,0.14412779,0.22363934,-0.009830013,-0.002721968,-0.001828166,0.26656774,0.9890779,0.010837719,-0.0060528326,0.33265626,0.013569995,-0.0060244286,0.14187941,-0.0043592295,-0.011151224,-0.02878306,-0.042592965,-0.011465365,-0.026733099,-0.013414978,0.006479576,-0.0052810307,-0.0035644385,-0.014944611,0.021109506,-0.008860186,-0.011358669,-0.013068069,-0.0033969712,-0.0029936028,-0.012350174
TCGA-BR-6566,-0.010376211,-0.023456708,-0.058955703,-0.01140203,-0.028021598,0.5114571,-0.019566245,0.0833303,-0.027925592,-0.023482624,-0.039299175,0.5904603,-0.0061589493,-0.020147981,-0.014177805,-0.00707585,0.007963387,-0.009682981,-0.022561092,-0.0096189445,0.81574976,-0.017454632,-0.016921721,-0.031294554,-0.01750774,-0.02696113,-0.011999468,-0.011418801,-0.013084844,0.69709635,-0.011000077,-0.014517317,0.31392452,0.07586126,0.32571203,-0.00943171,0.0030807694,0.028085625,0.27366883,1.168265,0.04213461,-0.01694497,0.39847034,0.052506365,-0.008831794,0.21040416,-0.014973545,-0.022349931,-0.033607718,-0.06999594,-0.016889557,-0.034144208,-0.012724776,0.030522164,-0.016342407,-0.007844109,-0.024996202,0.00921469,-0.023395987,-0.014112781,-0.014541977,-0.008773997,-0.011223834,-0.01878128
TCGA-BR-6705,-0.014062353,-0.048827194,-0.048054885,-0.028855318,-0.024238538,0.40472773,-0.03254196,0.055190727,-0.064062364,-0.040240858,-0.031082083,0.5019235,-0.021949511,-0.02181166,-0.020644106,0.011311296,0.034728758,-0.02499817,-0.04129874,-0.010704899,0.6265739,-0.02519989,-0.03309986,-0.019746685,-0.012585683,-0.036525376,-0.016006596,-0.010675367,-0.0056471955,0.6840488,-0.025169078,-0.0070073996,0.39053753,0.21104532,0.26267603,0.00031875912,-0.022893712,-0.011154883,0.27501872,1.0469846,0.09562561,-0.0073110517,0.42064846,-0.014899192,-0.01171748,0.26604122,-0.015224149,-0.049373932,-0.049147025,-0.07456567,-0.023091534,-0.033378586,-0.0074036582,-0.022349104,-0.016492411,-0.0048024706,-0.054879867,-0.014976738,-0.01649046,-0.005558052,-0.04029507,-0.0051518446,-0.00477138,-0.014251387
TCGA-BR-6706,-0.012988334,-0.036767088,-0.05337558,-0.021366283,-0.02828997,0.40338397,-0.016042037,0.061415963,-0.03489392,-0.031076849,-0.032566484,0.5360616,-0.008273796,-0.019950217,-0.019438026,-0.0063530197,-0.00084391143,-0.018352274,-0.032577697,-0.008189406,0.691609,-0.02423909,-0.02112624,-0.02029979,-0.0127337715,-0.026981317,-0.010392186,-0.008624364,-0.011105471,0.71411026,-0.010845559,-0.006008623,0.36996037,0.12616913,0.23527959,-0.0047874064,-0.01579788,0.0009741172,0.2714266,1.1182406,0.080247045,-0.009546544,0.44995135,-0.0028729474,-0.006711612,0.21701059,-0.0094181225,-0.02671738,-0.031493522,-0.07280375,-0.022018626,-0.03349577,-0.009637099,0.009938341,-0.013962632,-0.009308359,-0.039364025,0.0059354035,-0.020958273,-0.012656093,-0.025344914,-0.01042395,-0.009474061,-0.009618195
TCGA-BR-6707,0.019361151,-0.026542472,-0.06748649,-0.012445627,-0.030034233,0.58070785,-0.0034169252,0.025920862,-0.02840592,-0.0239675,-0.037333287,0.6775495,-0.016804304,-0.033870302,-0.014356761,-0.013262621,0.0003114515,-0.016052037,-0.027977115,-0.0054380875,0.81908953,-0.020918828,-0.016733654,-0.032887317,-0.012882037,-0.0290023,-0.017658828,-0.011519667,-0.027741373,0.8150063,-0.008072734,-0.010566774,0.39688516,0.08799416,0.2686538,-0.009789605,-0.013392363,-0.012956653,0.29114968,1.2623268,0.010139446,-0.021730289,0.38815844,0.06322648,-0.01093038,0.16843781,-0.0119150225,-0.022691812,-0.04111091,-0.084859714,-0.01909273,-0.039333045,-0.015461991,0.015039692,-0.0016816729,-0.012304714,-0.031685013,0.005805945,-0.031233128,-0.00945353,-0.017709104,-0.008050324,-0.01773986,-0.016284373
TCGA-BR-6709,-0.02731717,-0.044671036,-0.044676587,-0.0063844393,-0.051176377,0.47755793,-0.025003526,0.064168215,-0.041497707,-0.023620874,-0.03715317,0.5594919,-0.019240431,-0.029130362,-0.032283347,-0.00392761,0.034759656,-0.008636745,-0.03694637,-0.008042536,0.8248292,-0.03253514,-0.022578798,-0.028343627,0.06517768,-0.024756458,-0.025218349,-0.024145294,-0.013889427,0.76423043,-0.016095575,-0.017452532,0.4871151,0.16916981,0.26930928,0.021964412,-0.018563189,-0.007328567,0.3322565,1.2025671,0.08340147,-0.031113021,0.49145597,-0.006516666,-0.010722772,0.24790901,-0.017826486,-0.04143747,-0.034434624,-0.059478,-0.009442652,-0.04769553,-0.011576441,0.04678946,-0.0046253055,-0.009708599,-0.037400056,0.04012775,-0.035889916,-0.01473618,-0.02769487,-0.001337098,0.041012317,-0.019358408
TCGA-BR-6710,-0.004859646,-0.015264138,-0.012367014,-0.014843731,-0.016487049,0.16851968,-0.01858076,0.05796574,-0.016126184,-0.01219289,-0.0087451525,0.3005672,0.036658667,-0.005264478,-0.012988243,0.013566263,0.013012387,-0.0068162736,-0.011749996,-0.0077683944,0.43428868,-0.01117624,-0.010556164,-0.0074443175,-0.011349631,-0.011095297,-0.004917981,0.01735453,-0.0034557884,0.40320092,0.002739281,-0.0050735623,0.22312719,0.07457637,0.09034936,-0.005033297,0.012409516,-0.0044172276,0.10891712,0.67307496,0.015502703,-0.0054814434,0.2996607,0.008591783,-0.008272704,0.16209866,0.010813848,-0.0013136165,-0.013219198,-0.026730264,0.01264044,-0.0046934467,-0.0009261607,0.0070059192,-0.0069578663,-0.0043122573,-0.01986824,0.06687249,-0.005275826,-0.008277193,0.003400893,-0.0046525933,-0.0019107915,-0.009409213
TCGA-BR-6801,-0.011762154,-0.009349474,-0.046380512,-0.0097200405,-0.030451437,0.3162659,-0.019520786,0.095253006,-0.015563233,-0.008892012,-0.029735202,0.5713273,0.00080493186,-0.01737716,-0.022294218,0.014314646,0.11976391,-0.009799571,-0.02402519,-0.012377788,0.7246419,-0.007802647,-0.018866893,-0.032636844,-0.003952096,-0.016631607,0.0015595388,-0.013145665,-0.017544992,0.55541027,-0.009264955,0.00025283266,0.4223342,0.1674391,0.18448947,-0.010587767,-0.012894015,0.014261786,0.16210577,1.0402117,0.028659735,0.022131808,0.35437226,0.04219158,-0.021393145,0.1947935,0.023663012,-0.029989919,-0.0336418,-0.05678848,-0.00986242,-0.02284206,-0.008575235,0.010156207,-0.01710853,-0.008555581,-0.030238558,0.011435152,-0.027135083,-0.009804167,-0.021999842,-0.012453595,-0.0111535415,-0.007507504
TCGA-BR-6802,-0.014683967,-0.025138188,-0.05446788,-0.009808907,-0.026348392,0.40135047,-0.016519835,0.05914002,-0.020201415,-0.02158861,-0.026856951,0.5560603,0.001515551,-0.016748905,-0.013921191,-0.006919517,0.0083811255,-0.0076766615,-0.022227146,-0.0068817604,0.759001,-0.01625601,-0.012464203,-0.029396908,-0.014706079,-0.021756617,-0.015072053,-0.0063234027,-0.014350624,0.67607677,-0.009647248,-0.008046892,0.30884537,0.088831715,0.24465708,0.034166224,-0.00040064333,-0.0068663405,0.2703095,1.0524454,0.017178478,-0.02188186,0.36167848,0.03781194,-0.012179315,0.19014186,-0.0065809274,-0.019737158,-0.027212085,-0.066305466,-0.016359426,-0.030565407,-0.008876639,0.022665545,-0.018375961,-0.0114819165,-0.025944319,0.032357026,-0.025576923,-0.017137457,-0.009725437,-0.0018457181,-0.0065506105,-0.011463177
TCGA-BR-6803,-0.010971585,-0.041288164,-0.034289252,-0.026853975,-0.022728093,0.29261982,-0.026380174,0.02462615,-0.03774994,-0.026278395,-0.019023009,0.38858068,-0.014586445,-0.009703724,-0.021215493,-0.0047532315,0.032475747,-0.015311192,-0.026242029,-0.0029932735,0.5498574,-0.017609265,-0.023130428,-0.020265637,-0.011535676,-0.01472236,-0.012909772,-0.0005377142,-0.006248855,0.53655696,-0.0067008347,-0.006380546,0.33157724,0.13353713,0.22650108,0.024954898,-0.007277717,-0.009739611,0.23500606,0.8623569,0.050633885,0.015484331,0.36468434,-0.009222988,-0.0074533885,0.22971053,-0.004853877,-0.026295833,-0.026515089,-0.05311891,0.007768209,-0.028376125,-0.007106574,-0.010624417,-0.016587894,0.0052456567,-0.032684017,-0.0037976983,-0.015639467,-0.011959195,-0.023787264,-0.007749251,-0.013931649,-0.010896667
TCGA-BR-6852,-0.010788375,-0.025576891,-0.059781138,-0.010913965,-0.02787089,0.5015679,-0.019598981,0.059105914,-0.024360666,-0.028578721,-0.036630277,0.5773985,-0.007099841,-0.02076649,-0.016335925,-0.010100984,-0.004531229,-0.0096220635,-0.024583997,-0.010644697,0.77635866,-0.02144361,-0.017985504,-0.030923072,-0.014769393,-0.028241463,-0.010855357,-0.014093107,-0.018621,0.75225735,-0.010850245,-0.012119073,0.33522838,0.0866011,0.28461626,-0.00956753,-0.015308858,0.0077973814,0.259835,1.1317239,0.029517993,-0.016112775,0.37920204,0.060320377,-0.007387,0.20427482,-0.0133632105,-0.02775228,-0.035038844,-0.07254498,-0.010066843,-0.034830786,-0.013618145,0.02706179,-0.0136944335,-0.011147542,-0.03284412,0.022340233,-0.028268188,-0.017444806,-0.017046086,-0.011205243,-0.013247825,-0.012629326
TCGA-BR-7196,-0.0065869177,-0.042129282,-0.04556495,-0.021463996,-0.021794211,0.33952105,-0.024414018,0.01635242,-0.04788204,-0.029955575,-0.025988847,0.4296567,-0.005977997,-0.020718792,-0.02638216,-0.010026444,-0.0006696731,-0.011477085,-0.029450856,-0.008211034,0.5915642,-0.022203807,-0.028361406,-0.019931631,-0.015803589,-0.027982488,-0.012355405,-0.011175883,-0.008888209,0.63074744,-0.010713983,-0.01272025,0.3503716,0.12259486,0.1939681,-0.0051458753,-0.016601231,-0.009759541,0.23529735,0.949135,0.094134785,0.004882621,0.41279387,-0.0006721993,-0.0046677217,0.20174912,-0.010114497,-0.030829672,-0.034421273,-0.07254298,-0.02251404,-0.037281692,-0.009826008,-0.020985695,-0.016389007,-0.0058263964,-0.035610862,0.03328286,-0.019775372,-0.0126900915,-0.021074783,-0.011750547,-0.006807518,-0.0032723004
TCGA-BR-7197,-0.007159752,-0.028762918,-0.04979463,-0.006250276,-0.027308613,0.35258746,-0.02262644,0.03960079,-0.027862523,0.0014170818,-0.026395116,0.45345944,-0.008239802,-0.016284065,-0.0130906,-0.0089050075,0.14958486,-0.016489336,-0.02268925,-0.016697118,0.62275565,0.024730891,-0.0099178925,-0.027540725,-0.0066062985,-0.008431108,-0.014099077,0.015794706,-0.009920494,0.60983026,-0.0040720752,-0.007712406,0.36181596,0.098789364,0.24801543,-0.012117019,-0.0037875357,-0.010322951,0.25792554,0.9550192,0.014975435,0.0013451609,0.31878635,0.01889179,-0.012995085,0.11949314,0.008773865,-0.017778246,-0.02927735,-0.058842406,-0.007851773,-0.027221872,-0.018218318,0.00352182,-0.0062977495,0.02646235,-0.02161148,0.027653173,-0.0066251094,-0.018570438,-0.012797313,-0.0069474815,-0.015228988,-0.015836393
TCGA-BR-7703,-0.0010636658,-0.016235994,-0.07503344,0.004425616,-0.029484611,0.45713055,-0.019765848,0.020251349,-0.018358313,-0.018948222,-0.037363242,0.6096419,-0.0048390133,-0.02256866,-0.016476762,-0.022494532,0.020618917,-0.011489259,-0.013894934,-0.014926476,0.78113925,-0.019378772,-0.013428889,-0.028470227,-0.01697344,-0.030079426,0.017129015,-0.010974588,-0.02257707,0.70906734,-0.009201489,-0.008804158,0.35991418,0.10586949,0.2386683,-0.0069694044,-0.006315154,-0.012873741,0.28635436,1.1516867,0.03332593,-0.011899943,0.34793404,0.03955388,-0.001752452,0.14617723,-0.01714862,-0.02286999,-0.026040357,-0.08076012,-0.0050931904,-0.03307128,-0.013717822,0.007181382,-0.020765645,0.0028178915,-0.023554591,0.03128279,-0.033560526,-0.017799243,-0.008119562,-0.0094022835,-0.01556905,-0.014651611
TCGA-BR-7704,-0.006828891,-0.016766666,-0.04948399,-0.013566937,-0.0225748,0.46274814,-0.015352747,0.034042593,-0.023069026,-0.021173753,-0.030203668,0.51912606,0.03015525,-0.01733316,0.015085667,-0.0011549887,0.054233678,0.0021842166,-0.01730426,-0.007715888,0.8063806,-0.016160326,-0.009070321,-0.028197907,-0.013808306,-0.019050317,-0.0036825454,-0.01125259,-0.012896739,0.69435716,-0.010851406,-0.01024539,0.33704966,0.040361557,0.26435024,0.011871504,-0.0082297865,-0.0041680057,0.25158796,1.0456263,0.02268117,-0.018284768,0.28558934,-0.00036487472,-0.0066816257,0.11419366,0.01645316,-0.016822953,-0.032544244,-0.049929727,0.0011011276,-0.022432446,-0.011743071,0.0057618665,-0.018338185,-0.00095547363,-0.022167632,0.010218844,-0.024250545,-0.010357029,-0.0039408086,0.011500984,-0.017665567,-0.0069248755
TCGA-BR-7707,-0.0057929754,-0.01751759,-0.073000066,0.016231364,-0.028678179,0.5495987,-0.013744229,0.0554493,-0.028415179,-0.02873208,-0.041151352,0.64789295,-0.012826305,-0.024941651,-0.016038815,-0.016079593,0.0045721657,-0.012909792,-0.02006231,-0.008174662,0.87165105,-0.020487651,-0.01958052,-0.030040046,-0.017497607,-0.02712965,-0.008695921,-0.012437046,-0.020026483,0.69137436,-0.0061861873,-0.0039640223,0.414328,0.08599318,0.33648697,-0.011107445,-0.01638697,0.00785596,0.2809823,1.2158183,0.004359521,-0.01628607,0.29655477,0.069609255,-0.00819975,0.2230219,-0.01113816,-0.026215043,-0.03777405,-0.08417708,-0.0029651497,-0.0405571,-0.013201578,-0.012866999,-0.01303629,-0.009175836,-0.02412706,-0.0070323,-0.026312497,-0.01666532,-0.018429587,-0.012425,-0.01113596,-0.013631405
TCGA-BR-7715,-0.016895175,-0.032647047,-0.06959362,-0.012758431,-0.02421186,0.32090056,-0.020752603,0.009872761,-0.026439624,-0.025422856,-0.045009594,0.48423535,-0.012853925,-0.021837188,-0.014208752,-0.016418083,0.049537998,0.003395314,-0.017000806,-0.014337047,0.66079044,-0.02218352,-0.015264172,-0.025249992,0.031419896,-0.020976514,-0.008310722,-0.009700824,-0.019970208,0.5804994,0.03055729,-0.0105737895,0.33633137,0.22076279,0.27298158,0.004498603,-0.013079532,-0.01045801,0.19967753,0.92313004,0.026269259,-0.023085296,0.33388788,-0.010767631,-0.009041735,0.14663315,-0.013076054,-0.026369948,-0.026912468,-0.07455884,-0.0047814087,-0.0451129,-0.0133739915,-0.01713173,-0.01538951,-0.0071931016,-0.028362215,0.0035172016,-0.025236785,-0.015915431,-0.016150987,0.015351297,-0.012962259,-0.018724078
TCGA-BR-7716,-0.011298326,-0.02772488,-0.030302946,-0.012561493,-0.021035448,0.31957778,-0.011793454,0.038227223,-0.025246989,-0.017174777,-0.020120222,0.37829122,0.009896104,-0.010618485,-0.010595782,4.079938e-05,0.03923383,-0.00776804,-0.016004547,-0.0076939105,0.56920004,-0.017328635,-0.006679176,-0.018874219,-0.008504627,-0.011054339,-0.007861563,1.2318604e-05,0.0020300606,0.49178565,-0.011246499,-0.0070628086,0.28680968,0.09496468,0.2018959,-0.0034628788,-0.003839903,-0.002967841,0.20055339,0.8711196,0.030993268,0.01961625,0.26520005,0.0016459818,-0.0032589682,0.11409685,-0.0015207354,-0.017581819,-0.023020685,-0.047518004,0.023230758,-0.027080614,-0.011038311,0.001469654,-0.007750804,0.012886294,-0.014499731,0.015453659,-0.018008988,-0.013924783,-0.0026269113,0.044916105,-0.013744278,-0.00782752
TCGA-BR-7717,-0.0044145742,-0.018496644,-0.05881529,-0.0043921573,-0.0265292,0.28602174,-0.017232023,0.034048755,-0.028891344,0.008922643,-0.027062025,0.42365417,-0.016435832,-0.016789526,-0.008982608,-0.008548614,0.023984306,0.014851456,-0.01244141,-0.0036893708,0.599917,-0.012952264,-0.014426171,-0.024031604,-0.014356939,-0.025172656,-0.014474275,-0.005037766,-0.014015685,0.5493475,-0.006278565,-0.0037924105,0.3121142,0.08849757,0.20986521,-0.008908886,-0.00841027,-0.0055007823,0.19895127,0.8718226,0.049394213,-0.0016322033,0.3521186,0.032210447,-0.006826526,0.15230575,-0.0059340056,-0.020673394,-0.021035999,-0.069749676,0.0023251716,-0.025683422,-0.013463004,-0.013227655,-0.008862598,-0.0030216812,-0.022662226,0.004946518,-0.018646572,0.00043732347,0.0023601018,-0.006655207,-0.013223188,-0.011292269
TCGA-BR-7722,-0.022590239,-0.021923961,-0.019779561,-0.01058883,-0.02291997,0.39536288,-0.015795317,0.028981833,-0.016746467,-0.023229916,-0.014898435,0.38674587,0.019842649,-0.011010192,-0.019129204,0.027955627,0.09451444,-0.0060597584,-0.025020141,-0.01935933,0.59294605,-0.02012004,-0.010332895,-0.0095078945,-0.009742865,-0.015497468,-0.0018216968,0.044426642,0.010319047,0.6841763,-0.012528645,-0.01212865,0.3539463,0.11394853,0.15185356,-0.007953959,0.014251531,-0.009925424,0.17770278,0.8935853,0.01776771,0.004631603,0.35743868,0.027322,-0.010860233,0.1690278,0.0014302002,-0.0022102965,-0.0021589892,-0.05058255,0.03005089,-0.022522133,-0.015824,0.0015935383,-0.01329959,0.020699792,-0.023865793,0.02206545,-0.012411559,-0.019533256,-0.007742155,-0.007782231,0.0074122944,-0.0057638595
TCGA-BR-7723,-0.021256376,-0.04547289,-0.03287323,-0.015991764,-0.018056497,0.36743838,-0.021829015,0.032200776,-0.04565803,-0.03283472,-0.029320171,0.43524724,-0.031516362,-0.042581692,-0.043775022,0.07390782,0.11483127,0.0112029165,-0.03440111,-0.02845621,0.6520464,-0.032040857,-0.03870406,-0.02978305,0.12589364,-0.03117273,-0.022503704,-0.019329924,0.04320236,0.41081172,-0.011703634,-0.018580701,0.39147153,0.15862344,0.056921877,0.08981957,-0.01730622,-0.022206197,0.2423152,0.95186263,0.025340324,-0.033378765,0.18336958,-0.024566581,-0.03619302,0.24524,-0.0045394395,-0.0053529255,-0.06930147,-0.0611254,0.13520437,-0.04101677,-0.015105485,-0.031144544,-0.018481614,-0.036169995,-0.020605784,0.042494815,-0.013140367,-0.025846798,-0.0529631,0.14977005,0.121348634,-0.02646828
TCGA-BR-7851,-0.008965979,-0.02786554,-0.07135266,-0.004725814,-0.029128483,0.49255607,-0.018173058,0.04474521,-0.033300146,-0.028837789,-0.03892003,0.5452076,-0.004007615,-0.024517946,-0.017136775,-0.01571455,0.0051641446,-0.016892161,-0.022749316,-0.015036325,0.8043803,-0.022951096,-0.020957021,-0.026430314,-0.019254843,-0.02302187,-0.004194772,-0.012287477,-0.022111326,0.66628504,-0.010987475,-0.0134764565,0.3467273,0.14967448,0.28548568,-0.010828205,-0.0012530191,-0.011557683,0.29700848,1.1881765,0.015487658,-0.013097226,0.36419827,0.06964788,-0.006110632,0.17539632,0.006253125,-0.023034891,-0.032479852,-0.083072565,-0.0002058784,-0.038053688,-0.020379027,-0.0020742714,-0.022970876,0.004574732,-0.032053623,0.0019329056,-0.029457955,-0.015328286,-0.015432121,-0.012693279,-0.014087275,-0.013678579
TCGA-BR-7901,-0.008473388,-0.027061108,-0.0216064,-0.013434693,-0.018917229,0.22955813,-0.017853206,0.032028,-0.030176844,-0.013280048,-0.01500775,0.3852306,0.017452734,-0.015644599,-0.016771866,0.008910159,0.031489424,-0.015176802,-0.022285305,-0.009882556,0.57241905,-0.024034906,-0.016179882,-0.012740275,-0.0040326016,-0.011822613,0.018473953,-0.0068782927,0.009268774,0.5123405,-0.008456615,-0.008651302,0.29676852,0.12883353,0.1901686,-0.004769506,0.017715212,-0.0056934403,0.14930302,0.81255674,0.03575571,-0.0026515382,0.36716723,0.0019821813,-0.00781806,0.13015926,0.040600874,-0.020831622,-0.012867693,-0.045721464,0.00570557,-0.029914146,-0.009308903,-0.0026403354,-0.01093176,-0.0020793122,-0.02262609,0.011915181,-0.008496681,-0.01172271,-0.020621512,0.03806384,-0.0059549864,-0.01262456
TCGA-BR-7957,-0.010219745,-0.050655685,-0.040119596,-0.024800222,-0.019674268,0.34963062,-0.028427914,0.01751839,-0.045695446,-0.030662226,-0.029468171,0.40674603,-0.014729304,-0.01894868,-0.026402608,-0.006902613,0.008353593,-0.013584219,-0.03569398,-0.012747996,0.5902676,-0.02302057,-0.026291663,-0.02491507,-0.011689661,-0.025877977,-0.016092205,-0.0142809795,0.011633115,0.57302797,-0.014422587,-0.014825113,0.3554281,0.10735311,0.2422814,0.008067658,-0.018137738,-0.008750647,0.18262003,0.91687286,0.03545955,0.03948404,0.29528058,0.0065176524,-0.009038908,0.20435975,-0.0067272997,-0.03931664,-0.04048584,-0.06942847,-0.019225856,-0.04331243,-0.010117992,-0.019749124,-0.01980871,0.020868495,-0.04720645,-0.004554597,-0.014530167,-0.009619051,-0.03840457,-0.013339782,-0.0018984391,-0.008479672
TCGA-BR-7958,-0.008349075,-0.02475885,-0.0663376,-0.010423852,-0.029095683,0.4641391,-0.0141457645,0.03389666,-0.030475643,-0.022847436,-0.03350216,0.5760555,-0.010985641,-0.024451617,-0.020089565,-0.01642283,-0.009552674,-0.017472144,-0.020966133,-0.011940286,0.71135044,-0.02539621,-0.018566828,-0.02835168,-0.016205866,-0.022770189,-0.012315208,-0.010355003,-0.018886697,0.6583642,-0.011179913,-0.009875599,0.3109525,0.08135513,0.2694856,-0.013049403,-0.01657339,-0.005435226,0.25250906,1.0854534,0.034124218,-0.014257893,0.31463557,0.051291924,-0.0070481976,0.18235245,-0.008475272,-0.02247613,-0.027212255,-0.08208453,-0.01457409,-0.032677725,-0.013484601,0.0017842822,-0.015969312,-0.00926877,-0.027974058,0.017890606,-0.024567315,-0.01698272,-0.016928775,-0.010332152,-0.0121254455,-0.010372069
TCGA-BR-7959,-0.017202577,-0.03541897,-0.053036336,-0.015909249,-0.039709974,0.3045104,-0.02433661,0.03572905,-0.038713425,0.032118466,-0.024199102,0.43946838,-0.013491227,-0.024346974,-0.019775892,-0.011793239,0.026867116,-0.019723566,-0.031026939,-0.0072789034,0.5980709,-0.025951123,-0.021729855,-0.02874046,-0.019397248,-0.025397317,-0.011830985,-0.010061191,0.014149405,0.594192,-0.014536921,-0.0072589754,0.35883173,0.17664525,0.2480544,-0.0027183997,-0.012975622,-0.008098839,0.27258474,0.96170366,0.07617201,0.02754863,0.370551,0.035884492,-0.019543506,0.2457251,-0.011445058,-0.035780184,-0.03254053,-0.07918822,-0.0022215657,-0.041902114,-0.021706006,-0.0021858728,-0.02184319,-0.0061039925,-0.030918915,0.010559529,-0.022603316,0.01766607,-0.037291583,-0.013363365,-0.0056776307,-0.014175104
TCGA-BR-8058,-0.012663,-0.03255807,-0.035603143,-0.01612736,-0.029021008,0.46786547,-0.019654136,0.01970467,-0.03275878,-0.023910034,-0.022609532,0.50734687,-0.012146905,-0.017629713,-0.022143029,-0.0023762146,-0.0032255528,-0.011635451,-0.021529578,-0.0072468994,0.74496955,-0.020760812,-0.016927445,-0.02018637,-0.017501146,-0.014786249,-0.011511086,0.0017084789,-0.012294887,0.7143406,-0.009922377,-0.0120320525,0.3579962,0.11818598,0.29887286,0.012351503,-0.008192815,5.789567e-06,0.26064217,1.1105776,0.034571934,-0.015542086,0.42019182,0.007491577,0.0017869736,0.23877878,-0.009776921,0.010843162,-0.029701978,-0.056686837,0.005995004,-0.035782736,-0.011281995,-0.0075902864,-0.017684821,0.0069864476,-0.03045784,0.017794296,-0.020913877,-0.017989095,-0.026027117,-0.004989654,-0.009603513,-0.013659457
TCGA-BR-8059,-0.014618524,-0.02464687,-0.04208051,0.0058693755,-0.028174609,0.25857925,-0.020251885,0.05927133,-0.03687255,0.019949567,-0.01564636,0.4406129,-0.0053105853,-0.02518208,-0.012340317,-0.0075044846,0.05340673,-0.013089153,-0.022584235,-0.016906451,0.61399,-0.013490881,-0.025997266,-0.018533604,-0.01369871,-0.01570871,-0.012157157,0.027786503,0.012477806,0.5433978,-0.011207686,-0.011499255,0.27472958,0.17574556,0.2246779,-0.010390245,-0.004096136,-0.00523709,0.25009298,0.87528205,0.06563743,0.0009859824,0.3636132,0.022734404,-0.010883401,0.20818691,-0.006383183,-0.02013462,-0.029637814,-0.06073425,0.01489334,-0.026070345,-0.015517369,0.008414047,-0.013558425,-0.0020103112,-0.025802452,0.011583783,-0.01655628,-0.010845987,-0.020914469,-0.005874712,-0.008426373,-0.013033066
TCGA-BR-8060,-0.013540385,-0.02604217,-0.021086825,-0.015612214,-0.030128662,0.22299847,-0.014162935,0.033481944,-0.037126467,-0.018213736,-0.02146818,0.28248894,-0.009091366,-0.013673186,-0.01046219,0.020445397,0.086507924,-0.015349971,-0.020440567,-0.004875806,0.57314324,-0.021927737,-0.0165034,0.034077644,0.030389227,-0.016846847,-0.01143625,-0.008832564,0.0043376703,0.37701067,0.051743824,-0.010510441,0.35744667,0.13243718,0.13215786,-0.0049911775,0.0033292174,-0.0059799515,0.15965047,0.8881113,0.003286817,-0.010008537,0.32738113,0.025406118,-0.008100163,0.128117,0.047662638,-0.02394284,-0.03571798,-0.05122137,0.062938824,-0.03729578,-0.010583509,-0.0057158293,-0.010239458,0.07383934,-0.03449343,0.039115243,-0.016698366,-0.014204884,-0.02558821,0.1384417,-0.013921285,-0.015463053
TCGA-BR-8078,-0.01086255,-0.025937721,-0.09044594,-0.00985047,-0.035091635,0.6082151,-0.017753374,0.045003667,-0.039813034,-0.026737526,-0.044309564,0.6814269,0.0013668658,-0.029874586,-0.013818332,-0.023876691,0.0027073012,-0.019405365,-0.02087843,-0.008061922,0.91718644,-0.027767388,-0.019333558,-0.03683282,-0.019439207,-0.028382868,-0.013438115,-0.015485373,-0.026112065,0.7686152,-0.011884596,-0.011404596,0.42108226,0.10405697,0.31711882,-0.0127229,0.0036650263,-0.008962993,0.26857847,1.3001697,-0.009500689,-0.018703787,0.3095473,0.12142151,-0.0132477,0.21950328,-0.013136507,-0.034043986,-0.04153037,-0.09677784,0.00019734702,-0.047397904,-0.018393468,0.007933817,-0.015145561,0.0008232256,-0.029070918,-0.013118488,-0.028343325,-0.018083047,-0.017220207,-0.014221189,-0.013649739,-0.019001339
TCGA-BR-8080,-0.016899602,-0.039400097,-0.053186547,-0.019353844,-0.028683353,0.32250524,-0.025164133,0.029539986,-0.038954996,-0.028243883,-0.017307596,0.43832642,-0.017029209,-0.025945416,-0.016876675,-0.0009579847,0.050708354,-0.008289822,-0.028927106,-0.008044294,0.64424676,-0.02726654,-0.023734324,-0.020769576,-0.008476597,-0.020770904,-0.0160014,-0.011211144,0.005129935,0.64032036,-0.008776474,-0.0080803,0.32772708,0.1298781,0.34352326,-0.0078101004,-0.012136209,-0.0034262727,0.23727706,0.9521122,0.05814884,0.011086429,0.35348773,0.028763887,-0.012143122,0.24731386,-0.0058049653,-0.03073563,-0.03649955,-0.06436391,-0.016956627,-0.03975855,-0.014365826,-0.013606822,-0.019863017,0.051715568,-0.041950997,0.010962068,-0.023225866,-0.010443554,-0.026515452,-0.010002721,-0.012123257,-0.01321698
TCGA-BR-8081,-0.008652758,-0.03231076,-0.06431024,-0.015214369,-0.03225383,0.53868854,-0.022211596,0.055529524,-0.033193707,-0.031837367,-0.03716445,0.53630334,-0.010870103,-0.023366705,-0.015082837,0.00043388107,-0.0035203672,-0.015992934,-0.024467241,-0.011864898,0.8240265,-0.022096477,-0.021563258,-0.032750458,-0.015438868,-0.022242116,-0.013330209,-0.01499497,-0.013126638,0.79027164,-0.013991667,-0.01496922,0.38594937,0.10129336,0.3024261,-0.009420386,-0.013388207,0.014874033,0.23100242,1.1443208,0.031494126,-0.0141072245,0.33386886,0.06282391,-0.0024784906,0.20685926,-0.011873764,-0.03015177,-0.03737901,-0.08058284,-0.007015503,-0.042042535,-0.0148985665,0.009343268,-0.017726839,0.017877825,-0.037353013,0.013938306,-0.02223316,-0.017486747,-0.014876116,-0.010647791,-0.0014688405,-0.014765387
TCGA-BR-8284,-0.012095239,-0.03224352,-0.05698468,-0.01350043,-0.0347805,0.49066347,-0.02233989,0.044449326,-0.0342101,-0.028848518,-0.031871706,0.49320543,-0.014030727,-0.028670475,-0.021608217,-0.012291774,0.0016993477,-0.011909774,-0.021771958,-0.014846632,0.75831604,-0.023066418,-0.022265006,-0.027254324,-0.017259575,-0.022505682,-0.015655655,-0.009081964,-0.016825847,0.7394768,-0.011314219,-0.020353729,0.39757416,0.11448185,0.29251564,-0.009115246,-0.01631444,-0.009859467,0.23590562,1.1854725,0.013934324,-0.014313088,0.4463166,0.056856688,0.01597128,0.18192711,-0.009573347,-0.020688307,-0.030040298,-0.08462931,0.003385831,-0.046954855,-0.013444623,0.011148413,-0.024781056,0.015845034,-0.03226364,0.0104842745,-0.02797154,-0.021292424,-0.021526344,-0.008185204,-0.013523474,-0.01867848
TCGA-BR-8286,0.017264768,-0.016357107,-0.072056115,-0.006912363,-0.025488524,0.4872663,-0.02560741,0.00916199,-0.041657194,0.022235813,-0.011143336,0.60692424,-0.0129112955,-0.025528526,-0.015259859,-0.023099896,0.0552643,0.008577183,-0.014310592,-0.013902841,0.8608863,-0.027463757,-0.018327195,-0.02337974,-0.011698907,-0.023452818,-0.010785377,-0.010009296,-0.019016042,0.7428812,-0.014499823,-0.007627549,0.33277196,0.27380702,0.2887242,-0.008769369,-0.0023586804,-0.013945171,0.2686183,1.1721898,0.078227565,-0.01759704,0.40166757,0.08109054,-0.02094252,0.2429927,-0.0077972044,-0.025046263,-0.027843663,-0.07642908,0.0007103067,-0.03635528,-0.016208012,0.032431714,-0.021469962,-0.00906274,-0.027778711,-0.014617652,-0.034211416,-0.0067669246,-0.020217277,-0.01291274,-0.005678527,-0.02016252
TCGA-BR-8289,-0.011933416,-0.02589776,-0.04707891,-0.015986746,-0.037469964,0.33507997,-0.01974483,0.028167788,-0.028062198,-0.02436344,-0.028401233,0.57494634,-0.012121929,-0.030670218,-0.021913579,-0.0024200897,0.07012094,-0.021156905,-0.026669243,-0.012851854,0.7521024,-0.026640136,-0.012928072,-0.013556536,-0.014274876,-0.008630587,-0.0059925383,-0.010269215,-0.013326859,0.64307433,0.0033975951,-0.018592991,0.3883108,0.26961643,0.27021363,-0.0011539543,-0.022523956,-0.007639339,0.24953929,1.0459902,0.02555647,-0.0127156,0.2905631,0.00813442,0.002411866,0.24120432,-0.010942889,-0.019372128,-0.029860994,-0.058197763,0.12512188,-0.029593531,-0.019097634,-0.0022981847,-0.018011294,-0.01766577,-0.025095351,-0.0038491974,-0.022326415,-0.01663184,-0.021288289,0.052245103,-0.01109136,-0.014242664
TCGA-BR-8291,-0.0058935764,-0.0320473,-0.020228846,-0.022629306,-0.016844839,0.3208894,-0.029356021,0.047501035,-0.048865035,-0.0265312,-0.01334112,0.36199105,0.010536518,-0.016034927,-0.020304274,0.03760217,0.032543857,-0.012266852,-0.03243318,-0.0072557237,0.6114855,-0.021364944,-0.023433931,-0.0095793,-0.020551294,-0.0028682342,-0.01147986,0.005950149,0.013351162,0.5875884,-0.011931747,-0.017586168,0.33484805,0.14240208,0.201041,0.0035158752,-0.010649983,-0.009182003,0.2703604,0.92866075,0.085479766,0.019866973,0.3977056,-0.0104331495,-0.0069527803,0.21765547,-0.008510958,-0.028412174,-0.03095085,-0.04896231,-0.012138619,-0.03242529,0.003956469,-0.016309213,-0.013604366,-0.0039109886,-0.041751556,0.023349687,-0.003697274,-0.017649509,-0.028777324,-0.0070213065,-0.010063838,-0.010240676
TCGA-BR-8295,-0.019068658,-0.049207125,-0.024594601,-0.01351437,-0.016374942,0.24437228,0.00834817,0.03080059,-0.042486954,-0.026909951,-0.02305508,0.345531,-0.020971553,-0.026137102,-0.027792111,0.11891991,0.013574844,-0.01949909,-0.025500147,0.0005663787,0.58947915,-0.020028489,-0.021301009,-0.01036168,0.063535,-0.0145053435,-0.021927202,-0.011991662,0.028157772,0.306718,0.05659526,-0.00071088923,0.39055556,0.08903062,0.20854235,0.03015574,-0.016027806,-0.012135783,0.11427282,0.9500599,0.04366291,-0.016494868,0.12868232,-0.01635454,-0.016589943,0.16320182,-0.016616544,-0.02499231,-0.038961314,-0.050574318,0.044717755,-0.027114157,-0.006238073,-0.022431318,-0.003069073,-0.017760629,-0.036261603,-0.007813259,-0.020368258,-0.006135161,-0.025097309,0.0684616,0.059840217,-0.025992792
TCGA-BR-8296,-0.012139786,-0.03206398,-0.05977227,-0.012505602,-0.031216266,0.47814104,-0.0236895,0.038063325,-0.03245992,-0.024966666,-0.03718543,0.5675084,-0.011815423,-0.023059994,-0.019373761,0.010869117,0.0062335655,-0.013528418,-0.010986693,-0.013738166,0.79405797,-0.029871494,-0.018659165,-0.027488064,-0.012714495,-0.030945258,-0.016066061,-0.009406282,-0.015688682,0.6938709,-0.012113301,-0.01348149,0.3440084,0.07675907,0.2813669,0.049992554,-0.009777043,0.0018315796,0.29788396,1.1502625,0.06528764,-0.019567117,0.41451263,0.04488794,-0.005261053,0.21922016,-0.0053198943,-0.024460815,-0.029264923,-0.07193136,0.02250202,-0.03443117,-0.011928614,0.025687978,-0.021784246,-0.0115869995,-0.03725395,0.009586943,-0.02502769,-0.01601203,-0.02465509,-0.00775862,-0.014065271,-0.0104165645
TCGA-BR-8297,-0.009113708,-0.045830876,-0.055656087,-0.017689662,-0.028411206,0.23938334,-0.025351187,0.026689032,-0.03946604,-0.026803099,-0.02971863,0.3868608,-0.010691961,-0.019110747,-0.017807368,-0.013589787,0.0017905068,-0.0182355,-0.02460812,-0.0112401135,0.52948797,-0.016776446,-0.025812019,-0.02317359,-0.012410181,-0.019867543,-0.0122432485,-0.007192363,-0.008916233,0.5087027,-0.007460066,-0.004830845,0.32596242,0.1451816,0.1735403,-0.010030806,-0.017614106,-0.015001556,0.2040245,0.82437885,0.03568432,0.041906517,0.32914615,0.008132358,-0.010851063,0.20090234,-0.006019783,-0.03287315,-0.028301567,-0.06805004,-0.0068605994,-0.026962562,-0.009259991,-0.014494104,-0.019179292,0.045847893,-0.026359523,0.02687514,-0.018417837,-0.0138099,-0.023353713,-0.007066938,-0.0044282028,-0.014641622
TCGA-BR-8361,-0.017437354,-0.023375846,-0.07523981,-0.009843181,-0.03163687,0.61967593,-0.018575693,0.032426327,-0.030831667,-0.019378997,-0.035538822,0.56745183,-0.01229899,-0.026904691,-0.00988847,-0.015831808,0.078711435,0.002180528,-0.008918549,-0.012914557,0.89219105,-0.027017176,-0.013295241,-0.03428691,0.0014124091,-0.028977336,-0.015768865,-0.012248404,-0.01185227,0.8053908,-0.01975543,-0.006551656,0.40071958,0.0959297,0.29687828,-0.0012398753,-0.014697064,-0.0075263996,0.24953437,1.2211379,0.035107035,-0.010144964,0.38564965,0.08694436,-0.0005861209,0.22249168,-0.004301833,-0.027769651,-0.02990616,-0.08832304,0.032269992,-0.039571952,-0.016851433,-0.009140839,-0.016363353,0.012379626,-0.02561486,0.05915326,-0.026875664,-0.016362999,-0.013572778,-0.008868436,-0.019161308,-0.015714752
TCGA-BR-8362,-0.0013073484,-0.03142487,-0.058538157,-0.018142147,-0.026136644,0.44442093,-0.022411674,0.036302734,-0.045657426,-0.028196024,-0.022430565,0.53179604,-0.011523502,-0.013865466,-0.021238733,-0.013324052,0.022565456,-0.018050104,-0.028980952,-0.012879819,0.7277959,-0.026737401,-0.015355008,-0.025263987,-0.021302473,-0.020339753,0.007295614,-0.008045832,-0.011025287,0.70206004,-0.013631944,0.04982651,0.38138086,0.13818577,0.29770994,-0.011570051,-0.015451197,-0.015564396,0.28962725,1.1873461,0.03579398,0.026105236,0.40707195,0.021480357,-0.014118159,0.16075012,-0.0034684872,-0.032622103,-0.029400866,-0.07158322,-0.015277714,-0.035123624,-0.013192752,-0.014093344,-0.022009509,-0.002098676,-0.016995527,-0.0070903646,-0.023437535,-0.015197767,-0.022882665,-0.01001423,-0.019691352,-0.016423887
TCGA-BR-8364,-0.0041662045,-0.0581223,-0.030162882,-0.03147884,-0.02290146,0.33039725,-0.030650597,0.03615474,-0.046569407,-0.03469055,-0.010157147,0.380372,-0.019027736,-0.020470519,-0.025143325,-0.0019343393,0.031424038,-0.022724103,-0.037289932,-0.0032056514,0.556392,-0.029092884,-0.025569946,-0.02213306,-0.015525693,-0.017582545,-0.006537191,-0.0016816526,0.01742371,0.53868735,-0.006152759,-0.0041804025,0.36344063,0.13022435,0.23792821,0.015749913,-0.014595079,-0.009591851,0.20212054,0.85397553,0.0596369,0.037539877,0.33567947,-0.005500109,-0.007061882,0.22310767,-0.0077850325,-0.03421116,-0.033753578,-0.061411183,-0.01574462,-0.03783202,-0.01509527,-0.017595509,-0.016958889,0.015167026,-0.041040715,0.0004408909,-0.017190104,-0.0137752425,-0.042054713,-0.009266768,-0.005598586,-0.010562055
TCGA-BR-8365,-0.012224831,-0.057663444,-0.033820212,-0.030484162,-0.021111777,0.27991387,-0.034275874,0.016189545,-0.052023746,-0.029179275,-0.015291207,0.32895416,-0.013386732,-0.014204213,-0.028896112,0.021716528,0.006301679,-0.019612603,-0.032839116,-0.004682883,0.5166616,-0.023813369,-0.026615182,-0.025086112,-0.01357083,-0.015114289,-0.011001056,-0.009971768,0.0032773842,0.45920908,-0.006576782,-0.009496173,0.35427105,0.16623117,0.1426397,-0.012543937,0.0010061357,-0.00782321,0.22303227,0.80196726,0.045826737,0.037717074,0.33986804,-0.0013355883,-0.0016833178,0.25978717,0.00047593657,-0.035178013,-0.028899064,-0.05451829,-0.0034993407,-0.029668493,-0.011807907,-0.022784162,-0.019476663,0.020729244,-0.040265303,0.004815321,-0.013997488,-0.008259142,-0.03499154,-0.0108607225,-4.139589e-05,-0.013650268
TCGA-BR-8367,-0.0063636038,-0.041337647,-0.051466394,-0.022203732,-0.026305612,0.26653865,-0.028578449,0.028392341,-0.03401576,-0.028192624,-0.022778591,0.43114227,0.004441227,-0.021366637,-0.024673924,-0.015049854,0.018951409,-0.014836772,-0.029130993,-0.014528403,0.5736709,-0.025548365,-0.015581741,-0.030327803,-0.017551016,-0.026090743,-0.007429282,0.06593661,0.0015109812,0.6079232,-0.008215344,-0.009062126,0.3398884,0.18723366,0.26315844,-0.008962998,-0.01515515,-0.018759387,0.21821629,0.9735037,0.08661909,0.046664607,0.2902537,0.0035205057,-0.012337167,0.21546763,-0.007072173,-0.03199897,-0.03028954,-0.080430135,-0.0077051264,-0.04312396,-0.010270242,-0.027283605,-0.017307337,-0.00022024335,-0.031536605,0.024236241,-0.02004365,-0.020751812,-0.025784966,-0.006228545,-0.009912688,-0.013961888
TCGA-BR-8368,-0.008095217,-0.015806856,-0.08104305,0.0004029686,-0.03854529,0.61460125,-0.008042829,0.009431923,-0.03803789,-0.02793273,-0.042622127,0.6390016,0.0120795565,-0.02063019,0.0059421663,-0.024430007,-0.009917977,-0.011631364,-0.012326188,-0.0121840695,0.876887,-0.024645269,-0.011450631,-0.029267201,-0.013334887,-0.025922744,0.014743921,-0.017729053,-0.02058638,0.7168522,-0.012587313,-0.013009788,0.38086367,0.13799234,0.35080385,-0.0132750105,0.008924641,-0.016009424,0.26844785,1.2289865,0.0101420535,-0.013784578,0.29640964,0.08453427,-0.0134356,0.10809024,0.04815151,-0.018926822,-0.04434848,-0.093460426,-0.0011754401,-0.04533508,-0.019767204,-0.006069973,-0.018004784,0.0040734964,-0.023721837,0.021658387,-0.030035082,-0.012999779,-0.006078098,-0.0031263186,-0.011440296,-0.020767864
TCGA-BR-8369,-0.004039641,-0.03149125,-0.062350437,-0.0111785475,-0.032434087,0.33157822,-0.016809199,0.034223057,-0.04113361,-0.024537183,-0.033775285,0.39987022,-0.01492155,-0.02760036,-0.0137267625,-0.0071006794,0.035654712,-0.010550858,-0.027200136,-0.012900518,0.62802243,-0.025866143,-0.016601095,-0.024826162,-0.0109956395,-0.024652194,-0.014893128,-0.0057640104,-0.005129388,0.6354395,-0.011159335,-0.009518094,0.34452224,0.16619942,0.25467435,-0.009684473,-0.014678104,-0.009031589,0.283901,1.0132143,0.0669435,-0.013085274,0.36911005,0.008580774,-0.006329609,0.21310979,-0.00921192,-0.02649505,-0.032480452,-0.07215297,-0.010568628,-0.027313579,-0.014450047,-0.015104661,-0.027982755,0.017972821,-0.029875144,0.015909363,-0.019609256,-0.011714288,-0.017885536,-0.009067668,-0.013860239,-0.014289254
TCGA-BR-8371,-0.0010519791,-0.05287544,-0.036010947,-0.020116987,-0.02243723,0.20458207,-0.033075757,0.02267457,-0.03916105,-0.0020104684,-0.013420302,0.28106618,-0.014358042,-0.020148363,-0.021042764,0.013335538,0.046211086,-0.023689901,-0.025184678,-0.0050207525,0.46543893,-0.018198986,-0.026387675,-0.009604511,-0.011675363,-0.012192454,-0.0026709377,0.007367083,0.0052957223,0.5062028,-0.0063886587,-0.005570377,0.37454566,0.16191925,0.14942366,-0.0040304987,-0.0101181865,-0.013851373,0.17778562,0.77995306,0.03241033,0.030596044,0.41930896,0.007237846,-0.0023178672,0.29867363,-0.006112474,-0.03077596,-0.01873391,-0.05160476,0.0074842246,-0.024263088,-0.016847292,-0.019124523,-0.015931943,0.037601333,-0.027889311,0.059455343,-0.009260274,-0.01682974,-0.022641387,-0.0064873835,-0.0028193907,-0.00860301
TCGA-BR-8372,0.012036743,-0.010862846,-0.08210309,-0.006405476,-0.029609067,0.5980477,-0.019603863,0.01430585,-0.02700948,-0.021144468,-0.04713148,0.6898675,-0.0060831616,-0.031114195,-0.010067634,-0.024533639,0.0083463555,-0.013289502,-0.0051475926,-0.02248734,0.90309066,-0.025002973,-0.019997872,-0.03225595,-0.021929827,-0.030130038,-0.008656159,-0.016603483,-0.03021761,0.79669756,-0.009247914,-0.014730516,0.38792652,0.10322633,0.20588273,-4.752539e-06,0.011698078,-0.0025245338,0.21278264,1.2991483,0.010119267,-0.020554084,0.3518485,0.16433871,0.007325262,0.14755183,0.037868574,-0.025064483,-0.039419,-0.1008719,0.0025677895,-0.047087036,-0.021513347,-0.006837833,-0.016777866,-0.0026599213,-0.025162295,0.013683072,-0.02484305,-0.017990235,0.023151837,0.0015434725,-0.015525332,-0.015293818
TCGA-BR-8373,0.0021616428,-0.034577686,-0.0541642,-0.025925905,-0.036618963,0.38457465,-0.0141973905,0.020062055,-0.045589387,-0.011359367,-0.038620304,0.53278255,0.002398098,-0.013701752,-0.012648766,-0.010334287,0.11511887,-0.013236484,-0.02376477,-0.010697537,0.69017214,-0.022320325,-0.01713666,-0.023584843,-0.0066804094,-0.02688693,-0.015806656,-0.015070085,-0.0072178855,0.62054175,-0.01381649,-0.0151064405,0.30878228,0.116713166,0.33694848,-0.014073983,-0.020417223,-0.0063638194,0.21470097,1.0664666,-0.0028141723,0.017174672,0.30468637,0.017483884,-0.004489226,0.18015409,-0.0076563163,-0.034338314,-0.03652987,-0.0834604,0.06754821,-0.0442092,-0.021651614,-0.004484865,-0.017903607,-0.0076432195,-0.031356085,0.008433001,-0.022600506,0.0392754,-0.032794803,0.054386903,-0.022384929,-0.020136392
TCGA-BR-8381,-0.010568097,-0.02868976,-0.06560458,-0.007635094,-0.028882207,0.46887755,-0.014856013,0.034622025,-0.035128884,-0.021260723,-0.03754212,0.603786,-0.010880919,-0.029810607,-0.01562757,-0.013185221,0.005887113,-0.015382088,-0.021867348,-0.016430302,0.76198494,-0.021611672,-0.020042501,-0.029959626,-0.018952452,-0.024300927,-0.011568632,-0.012274064,-0.01306777,0.74415123,-0.010169851,-0.00925567,0.34811783,0.10003884,0.2992767,-0.0052012,-0.016422033,0.008848485,0.27875128,1.1840644,0.03384869,-0.009762047,0.4019533,0.047819853,-0.008568763,0.19744787,-0.00873824,-0.025063291,-0.03502295,-0.08248494,-0.016450606,-0.040604718,-0.01596867,0.0027142244,-0.018106688,0.00591168,-0.027317049,0.01678164,-0.02211681,-0.01795813,-0.017188838,-0.009313311,-0.009819467,-0.009252878
TCGA-BR-8382,-0.013870133,-0.026935432,-0.06638766,-0.009852475,-0.03151981,0.408351,-0.019108675,0.0722794,-0.031450115,-0.023902377,-0.033393923,0.4791302,-0.012171708,-0.021256868,-0.009222425,-0.018759454,0.016584618,-0.011057304,-0.018685747,-0.00948053,0.7713015,-0.016465861,-0.018769264,-0.025796466,-0.018627375,-0.020233888,-0.010581521,-0.011904482,-0.0033601513,0.6605091,-0.010960982,-0.006587157,0.29126373,0.124850184,0.2755803,-0.009331634,-0.0066731274,-0.0009735765,0.26321247,1.0420979,0.035634033,-0.009999572,0.3196561,0.055991836,-0.009396622,0.22684708,-0.015645042,-0.025442772,-0.032614816,-0.074893236,-0.018495461,-0.032599784,-0.010589573,-0.007785428,-0.021703722,0.014536818,-0.022708006,0.024979329,-0.023466444,-0.012920067,-0.0134814195,-0.011325889,-0.0046864264,-0.008552413
TCGA-BR-8384,-0.009002848,-0.054748494,-0.04272697,-0.0281348,-0.019509442,0.17635445,-0.03381144,0.020519316,-0.05167832,-0.021827271,-0.02352729,0.32706338,-0.0054627853,-0.022641035,-0.022604158,0.011728425,0.022312628,-0.023650687,-0.03330688,-0.008039281,0.3970732,-0.021473086,-0.02356157,-0.019931583,-0.016373973,-0.01710897,-0.011764168,-0.0061558327,-0.010359254,0.47331274,-0.009709699,-0.007969096,0.29488385,0.15939555,0.16779816,-0.014308571,-0.017830212,-0.011622226,0.19825333,0.75110394,0.06763144,0.05714423,0.32237926,0.026369808,-0.006160213,0.20790777,-0.00870905,-0.037513234,-0.030954938,-0.06735698,-0.007623423,-0.029877132,-0.009924329,-0.027209744,-0.019536272,0.0396947,-0.04087571,0.06143605,-0.008834036,0.011566645,-0.038376525,-0.012271192,-0.003102132,-0.005651836
TCGA-BR-8483,-0.008253753,-0.02699415,-0.0733379,7.736636e-05,-0.036692373,0.4174521,-0.00584428,0.030371781,-0.030629534,-0.02213116,-0.038122345,0.5488796,-0.014546254,-0.029256782,0.007717898,-0.009645277,0.036719475,-0.008172389,-0.007834345,-0.0151444655,0.6926206,-0.023329098,-0.0143132815,-0.04225659,-0.009733046,-0.012519232,-0.00705416,-0.0024788352,-0.017682843,0.56489027,-0.009706857,-0.017332807,0.29223102,0.16340268,0.2919972,0.007763331,-0.013926728,-0.0106820315,0.23639998,1.0055345,0.05962636,-0.0068954313,0.3053609,0.012438356,-0.004476804,0.19235685,-0.008177639,-0.025750898,-0.02001032,-0.07511655,0.020242143,-0.026717255,-0.022672923,-0.009815672,-0.005963998,-0.017766064,-0.018058276,0.014781587,-0.022516318,-0.018921565,-0.019631997,-0.006330025,-0.026507903,-0.0038843798
TCGA-BR-8484,-0.010737606,-0.020781359,-0.044323057,-0.009813843,-0.026081065,0.3653268,-0.018506097,0.03645286,-0.026637547,-0.007122627,-0.021472253,0.48268363,-0.0009983445,-0.014524407,-0.020073254,-0.008879413,0.0190302,-0.0040994524,-0.021257441,-0.0084744105,0.6703068,-0.023504946,-0.014703326,-0.018994523,-0.014971074,-0.014006469,-0.012148032,0.07977779,-0.008508971,0.67874265,-0.008556446,-0.007870462,0.39276147,0.13878243,0.30464453,-0.009689706,-0.006972691,-0.016313767,0.25793645,1.0778337,0.03569567,-0.016157994,0.46930614,0.010516131,-0.014437175,0.17820594,0.020292075,-0.012323072,-0.026206411,-0.057281774,0.007907854,-0.031114839,-0.015454579,-0.012942195,-0.01440625,0.01798656,-0.03180153,0.02204984,-0.024356987,-0.016780479,-0.0051520444,-0.008089507,-0.007917663,-0.010921765
TCGA-BR-8485,-0.0128964,-0.025383102,-0.045086727,-0.014686915,-0.038431205,0.3560261,-0.026267456,0.026565006,-0.0370564,0.015507436,-0.027427383,0.53066224,-0.012320187,-0.021007644,-0.010917827,-0.007589991,0.10072993,-0.011327153,-0.018545799,-0.015591348,0.7703353,-0.029780962,-0.012070245,-0.028079104,-0.0058746906,-0.021996731,-0.002755913,-0.007809583,-0.012048339,0.6425138,-0.013199395,-0.016825844,0.36115658,0.13578132,0.2911624,0.0045046527,-1.864694e-05,-0.008423461,0.19316147,1.1435066,0.0138031375,-0.017441012,0.36813706,-0.0031486433,-0.00696727,0.20591183,-0.0074481494,-0.022299804,-0.03169498,-0.062349297,-0.006135203,-0.031918827,-0.015134619,-0.005701787,-0.01660112,0.018042553,-0.029270768,0.0062508006,-0.019433275,-0.012088079,-0.02392584,0.04387296,-0.009848134,-0.01349451
TCGA-BR-8487,-0.011463874,-0.021343604,-0.090553746,0.0015429901,-0.040547576,0.5132885,-0.02306772,0.030918423,-0.026093233,-0.027363315,-0.04653674,0.6701333,0.009753347,-0.026466949,-0.0007112175,-0.028622132,0.020771796,-0.011987607,-0.01657981,-0.025212735,0.78490376,-0.02344207,-0.017903717,-0.030504206,-0.013705203,-0.027490277,0.010560821,-0.01660559,-0.026176684,0.7098392,-0.0048882198,-0.020208621,0.32491487,0.10430175,0.26512223,-0.01130347,0.0025854744,-0.00799516,0.2159605,1.1046609,0.0076976875,-0.024166249,0.27123255,0.101222575,0.00021777442,0.20344856,-0.006513986,-0.020400705,-0.02453266,-0.09636476,0.02083154,-0.045942742,-0.024240164,0.012855031,-0.020865843,0.0061319806,-0.02699276,0.022931365,-0.036911633,-0.020937655,-0.011524741,-0.012760657,-0.0007232424,-0.012303872
TCGA-BR-8588,-0.008144501,-0.029703934,-0.061270315,-0.015422112,-0.030157581,0.4333415,-0.023816107,0.038085666,-0.037023604,-0.02285409,-0.025899433,0.5038433,-0.010766453,-0.019144699,-0.02032634,-0.0026278053,0.019730266,-0.010915558,-0.02395048,-0.013530541,0.7354336,-0.0248384,-0.020802729,-0.03286037,-0.018042862,-0.025198437,-0.008596674,-0.0068760887,-0.01418578,0.7108573,-0.012295345,-0.008621769,0.35341144,0.089598276,0.3445039,-0.0068760403,-0.011870296,0.00835768,0.2636652,1.1069934,0.0248545,-0.009240851,0.3977337,0.035036344,-0.010168687,0.23434094,-0.00045255324,-0.027593365,-0.03258042,-0.07074915,-0.0034242412,-0.036746085,-0.011013004,-0.007268309,-0.020197378,0.011513369,-0.033554215,0.007882947,-0.012615668,-0.01214702,-0.017837705,-0.0101043,-0.005921938,-0.010779263
TCGA-BR-8589,-0.007348879,-0.019822942,-0.07875997,-0.0027846259,-0.034657307,0.5808614,-0.012313309,0.040527217,-0.025363289,-0.023012009,-0.045775134,0.66213065,-0.0030315854,-0.027708646,-0.01891361,-0.017040532,-3.5088597e-05,-0.015748661,-0.0017617708,-0.015967792,0.8771453,-0.027668636,-0.017585197,-0.032591507,-0.01562765,-0.028073303,-0.009788967,-0.01673927,-0.0249246,0.7546796,-0.0080511235,-0.014334509,0.40250993,0.09645303,0.28236526,-0.0077568498,-0.019725813,-0.0049710497,0.30453792,1.2917225,0.021926165,-0.022943007,0.32388362,0.1159268,0.0028145984,0.16523698,-0.012808086,-0.028798297,-0.03328278,-0.08926671,-0.012575595,-0.03948739,-0.019159252,0.005194952,-0.012252724,0.01502377,-0.02370179,-0.009823747,-0.03230122,-0.01811247,-0.0061023952,-0.010570276,-0.015055262,-0.012422452
TCGA-BR-8590,-0.009919014,-0.0371179,-0.030627973,-0.016789231,-0.02285148,0.21537544,-0.021876283,0.022232119,-0.038602695,-0.020306902,-0.017399203,0.38396165,-0.0032453618,-0.023001214,-0.019811995,-0.0050828494,0.053619873,-0.012167565,-0.026143834,-0.011951482,0.592865,-0.021015532,-0.012046637,-0.013716005,-0.012769371,-0.017106736,-0.009181713,-0.001792628,-0.0055511273,0.6457174,-0.010356473,-0.002163602,0.33754036,0.16210547,0.27258095,-0.006745576,-0.008603172,-0.0093485275,0.21663254,0.9486847,0.078913145,0.020619284,0.374477,0.021878932,-0.0063718855,0.17663696,-0.006019482,-0.022079632,-0.025377912,-0.062021937,-0.012418501,-0.03643407,-0.011380168,-0.011166093,-0.018592123,0.006197057,-0.031181762,0.00427935,-0.009173867,-0.012912143,-0.021635257,-0.011268717,-0.005663248,-0.010964463
TCGA-BR-8591,-0.009699703,-0.024968125,-0.07641295,-0.008286574,-0.030627064,0.47731227,-0.018684505,0.04068694,-0.03265801,-0.026703645,-0.041373514,0.5599793,-0.002410375,-0.025492053,-0.013522175,-0.01920297,-0.00843076,-0.015466886,-0.016076978,-0.01960531,0.7510139,-0.02494441,-0.020550229,-0.029255614,-0.019864747,-0.026329845,-0.011997534,-0.016480593,-0.017034255,0.67420745,-0.0062293434,-0.013248061,0.3326519,0.10452378,0.22981003,-0.009460174,-0.010250115,-0.008998621,0.24183992,1.0862644,0.028226096,-0.016736912,0.32381186,0.08769916,-0.010306859,0.20127068,-0.010635364,-0.029309709,-0.034882694,-0.08875255,-0.0033001043,-0.04135463,-0.014397785,-0.0050463416,-0.021446735,-0.005193212,-0.02305215,0.018793777,-0.024921961,-0.017488556,-0.017327407,-0.011347064,-0.009147594,-0.011878821
TCGA-BR-8592,-0.010068975,-0.056648687,-0.054254103,-0.027553784,-0.02923769,0.31758583,-0.029498769,0.023398805,-0.050161622,-0.035493366,-0.0292383,0.41127205,-0.01630878,-0.0195734,-0.026419494,-0.013496652,0.0073136883,-0.021892488,-0.0322906,-0.00441089,0.5527947,-0.022020275,-0.022996224,-0.02615075,-0.016371354,-0.021925792,-0.012862468,-0.007302135,-0.007221602,0.54818356,-0.016723234,-0.0045140493,0.3421176,0.13143443,0.24257043,-0.013005305,-0.017627971,-0.007144658,0.27160174,0.9189155,0.07128679,0.042038936,0.38847908,0.0019378299,-0.001715827,0.27014154,-0.01348071,-0.036267407,-0.033017345,-0.07143707,-0.015791964,-0.031342708,-0.010699993,-0.02152868,-0.024817256,0.06913821,-0.04039429,0.0061753546,-0.017188527,-0.014247715,-0.038214706,-0.009546665,-0.011542341,-0.0060594957
TCGA-BR-8676,0.009126293,-0.025512533,-0.08452992,0.013645665,-0.03694265,0.60246956,-0.0014748273,0.03713122,-0.030742338,-0.021985386,-0.041096296,0.7243418,-0.00441303,-0.03293754,0.015379737,-0.01601535,0.09424169,-0.017686209,0.0094782375,-0.010425519,0.9253756,-0.022487942,-0.026498208,-0.027493525,-0.012637043,-0.037346873,0.0020584483,-0.017932389,-0.030733865,0.80548143,0.013465051,-0.013474688,0.42856574,0.08045066,0.32051462,-0.008589549,-0.027304467,-0.005958486,0.27091703,1.321528,-0.0025124582,-0.026776636,0.42997786,0.03670614,-0.014850726,0.18409993,0.0058412403,-0.0038287453,-0.039235454,-0.09490401,-0.01846619,-0.038593203,-0.012939695,0.03560008,-0.016436592,-0.014562908,-0.018112445,-0.017823901,-0.038916264,-0.010667168,-0.018901808,-0.016085641,-0.009875943,-0.0056435447
TCGA-BR-8677,-0.010394647,-0.036071807,-0.049139503,-0.020227484,-0.030750634,0.43710524,-0.027431913,0.044745,-0.05144111,-0.032687977,-0.024757337,0.5765866,-0.020466477,-0.025769165,-0.020685922,-0.01056308,0.0045564407,-0.01533042,-0.03026625,-0.015280019,0.8229344,-0.0262704,-0.026065491,-0.028662488,-0.011949036,-0.02635591,-0.01338241,-0.011908024,-0.00564914,0.79274946,-0.0048516234,-0.005230335,0.39220744,0.12901607,0.22220656,-0.0066296216,-0.016680239,-0.0048379702,0.27610195,1.2489822,0.09594753,-0.020735191,0.47356093,-0.008215537,-0.0017042658,0.28759593,-0.010743828,-0.03627216,-0.034229856,-0.08063139,-0.020843295,-0.046018645,-0.011198104,-0.013655186,-0.017836614,-0.001404807,-0.04830336,0.010049552,-0.025277134,-0.009697568,-0.03603421,-0.012224237,-0.01114103,-0.011401741
TCGA-BR-8678,-0.008172595,-0.011419271,-0.05283887,-0.007319338,-0.047176573,0.51924074,-0.00078012235,0.08807735,-0.030998811,-0.032960087,-0.031641707,0.7331635,-0.009753512,-0.0252879,0.030231671,0.033220448,0.1646593,-0.019189386,0.0052978257,-0.020760752,1.008987,-0.042110257,-0.01600423,-0.026813753,0.0019511292,0.0333301,0.028684406,0.021746887,-0.01631698,0.69405025,0.017593311,-0.024074532,0.4655354,0.1803115,0.16887306,-0.005365886,-0.011640253,-0.0033843769,0.30154642,1.347548,-0.022447383,-0.027469933,0.30460855,0.0032145712,-0.013728023,0.1632806,0.012184279,-0.011752561,-0.04531336,-0.067784384,0.04482297,-0.033456016,-0.011633052,-0.011926104,-0.02840595,-0.011281971,-0.011051767,-0.0053904336,-0.02205716,-0.020495817,-0.020031374,-0.02105839,-0.0178029,-0.01246945
TCGA-BR-8680,-0.009996166,-0.018794876,-0.07442698,0.045023087,-0.04732616,0.4838511,-0.021801561,0.046861164,-0.02208032,-0.020935854,-0.046797395,0.6945565,0.024064967,-0.02196366,0.021975454,-0.024579443,0.047667187,-0.015946258,-0.01839551,-0.021649309,0.9037688,-0.021559775,-0.013776204,-0.032327536,0.021018112,-0.021816246,0.0097618755,-0.014347818,-0.010139275,0.74968517,-0.016603822,-0.010298032,0.40269884,0.1058433,0.31270254,0.008582501,-0.02152104,-0.008860032,0.298348,1.2694993,0.05156724,-0.019620223,0.32348394,0.030186601,-0.011231948,0.17468593,-0.00963007,-0.033273924,-0.044693,-0.07278207,-0.01245961,-0.033420283,-0.025371488,0.03213065,-0.019652044,-0.010273173,-0.018241009,-0.011781493,-0.01608544,-0.015449042,-0.015132496,0.024159245,-0.013426408,-0.009354357
TCGA-BR-8682,-0.00747657,-0.035038933,-0.057213504,-0.019353041,-0.030385068,0.31832057,-0.025262672,0.019214228,-0.03556887,-0.027427286,-0.02204723,0.4030553,-0.0015491189,-0.014403744,-0.019601578,-0.015820038,-0.0036112727,-0.017220836,-0.026762865,-0.010572912,0.56625396,-0.02338466,-0.013893327,-0.031511765,-0.014172038,-0.018688258,0.0012361116,-0.0069832318,-0.020014826,0.5811863,-0.0059124473,-0.0069407006,0.38613027,0.08973634,0.24659535,-0.006016693,-0.015516935,-0.010473729,0.22477263,0.9099911,0.04438276,0.060357302,0.35782188,0.02538146,0.00061120745,0.2032025,0.000896862,-0.027707262,-0.021093419,-0.07318478,0.012639563,-0.030343343,-0.012588219,0.0014805887,-0.023393424,0.02680278,-0.031273425,0.010583833,-0.016864197,-0.01552052,-0.028912075,-0.009860059,0.011857418,-0.0075769727
TCGA-BR-8683,-0.01531875,-0.034362983,-0.052895777,-0.010143267,-0.04809323,0.35054556,-0.020193137,0.02145376,-0.049379997,-0.029028459,-0.02210201,0.54682237,-0.0030288117,-0.019742584,-0.027024271,-0.016795252,0.047834214,-0.018533751,-0.030681089,-0.009394561,0.72289646,-0.028454665,-0.011370175,-0.023153245,-0.014670008,-0.018072266,-0.016611379,-0.00991584,-0.0075932853,0.60985255,-0.022289494,-0.008702426,0.37047887,0.11395972,0.20568964,-0.01516542,-0.014001755,-0.01696245,0.2934761,1.1049938,0.01877862,0.010839314,0.40598342,0.022317186,-0.012770075,0.1726185,-0.015683709,-0.032139767,-0.02972227,-0.07533084,-0.009364548,-0.036536,-0.01796811,-0.0034915651,-0.0202494,0.0069737076,-0.031719204,0.0075622206,0.0035422482,-0.013099238,-0.026898354,-0.005715006,-0.009352399,-0.014585638
TCGA-BR-8686,-0.0019457475,-0.038046174,-0.061642274,-0.020092335,-0.030149823,0.55016106,-0.024328373,0.04386061,-0.050679713,-0.034015425,-0.042198863,0.5609103,-0.01140552,-0.024323624,-0.025796881,0.014307271,-0.01243916,-0.019381933,-0.010042433,-0.011383127,0.73186225,-0.024402887,-0.022517785,-0.034214173,-0.015433032,-0.028885014,-0.010571085,-0.01240279,-0.024899397,0.7302232,-0.00954081,-0.014227176,0.458588,0.113887995,0.25721684,-0.0051311078,-0.01849365,-0.009401443,0.29489344,1.1460531,0.047521904,-0.016111795,0.35259825,0.019932065,0.007607432,0.21474583,-0.011108789,-0.03384536,-0.035180297,-0.08857404,-0.017823149,-0.03932029,-0.015223591,0.0017942954,-0.018549174,-0.0039859004,-0.0379946,0.016660921,-0.01639079,-0.014013812,-0.03436956,-0.010370785,-2.844166e-05,-0.007207744
TCGA-BR-8687,-0.015035451,-0.024704102,-0.03909627,-0.014418425,-0.028059803,0.353231,-0.019319706,-0.0017690705,-0.025977716,-0.01772045,-0.027338948,0.43530303,0.029399507,-0.012645359,-0.012789776,0.01551031,0.0009901657,-0.008925438,-0.010553636,-0.022695452,0.62568325,-0.016070822,-0.012265401,-0.024738709,-0.009498235,-0.012240663,0.0018223638,-0.0070129707,-0.0051158546,0.5477871,-0.0060193273,-0.008484523,0.33934876,0.1181469,0.24337575,0.04725951,-0.0066936663,-0.0069719474,0.22862712,0.9972774,0.038916152,-0.012184101,0.38884124,-0.0060168877,-0.013367137,0.16927563,-0.0030758984,-0.018858654,-0.02809057,-0.04252851,0.17604357,-0.029197183,-0.0115492735,-0.008110023,-0.009457708,-0.008936424,-0.021364449,0.05055986,-0.01860109,-0.015380044,-0.01643608,0.030767573,-0.011018043,-0.012151115
TCGA-BR-8690,-0.014296379,-0.029840194,-0.043728605,-0.008269767,-0.032242402,0.40839344,-0.024959974,0.014831119,-0.031331323,-0.011313183,-0.021678794,0.5584682,-0.012201812,-0.021021988,-0.012123057,-0.009214631,0.07657933,-0.012436609,-0.016887615,-0.005174798,0.7351818,-0.025392272,-0.012184541,-0.02788825,-0.011784361,-0.014707017,-0.012417886,-0.013324104,-0.01411326,0.71401274,-0.010918314,-0.008233859,0.42632395,0.11009459,0.27740908,-0.010556717,-0.013123655,0.02134572,0.3491756,1.1288667,0.07774568,-0.017130643,0.3922326,0.0047241687,-0.004488491,0.2203003,-0.005260314,-0.015961012,-0.022862587,-0.06138297,-0.0065146713,-0.03207031,-0.016320473,0.015128327,-0.010613656,-0.0047720135,-0.025498006,0.015422126,-0.02139251,0.013090624,-0.020012,-0.005660534,-0.0068066954,-0.008795442
TCGA-BR-A44T,-0.007077216,-0.04762498,-0.0370723,-0.015358653,-0.025910417,0.39398605,-0.02627616,0.04341246,-0.03480969,-0.024148293,-0.0160962,0.40391064,-0.015410671,-0.023657374,-0.024872221,-0.0022255823,0.034837436,-0.019280063,-0.026102193,-0.0008618588,0.65655583,-0.023698285,-0.0149754295,-0.020733668,-0.00911854,-0.015292951,-0.0114808325,-0.0076817824,-0.009766848,0.65868044,-0.007821688,-0.0040679686,0.41541463,0.08082867,0.2204476,0.01946335,-0.013921584,-0.010962089,0.22140849,1.0151517,0.053539813,-0.0108390935,0.43017358,-0.009269583,-0.0014790404,0.21332827,-0.009243547,-0.01986565,-0.025463056,-0.052389044,-0.013638569,-0.009636031,-0.0077774073,-0.015018509,-0.019732364,-0.0036773286,-0.02839815,0.012557203,-0.017589329,-0.011738297,-0.020626163,-0.009255411,-0.014321612,-0.009842476
TCGA-BR-A44U,-0.0063045607,-0.022348775,-0.071837254,-0.008727167,-0.031418238,0.47650886,-0.008439267,0.060218263,-0.034488622,-0.016902702,-0.03735354,0.5802646,-0.015123261,-0.02401846,-0.0006249044,-0.020736672,0.06797079,-0.015809122,-0.0242933,-0.0198466,0.66084677,-0.025518754,-0.012382595,-0.037018936,-0.015505486,-0.016384825,0.004071462,-0.01435273,-0.019925619,0.6227942,-0.0041668178,-0.004915149,0.33529347,0.09286632,0.23896772,-0.014155401,-0.018213652,-0.014683671,0.2259674,1.0210065,0.06053821,-0.0058025643,0.29589707,0.011084982,-0.0112250345,0.19678214,-0.011177849,-0.029350419,-0.027510805,-0.07657415,-0.01243135,-0.03325712,-0.013432053,-0.0041183834,-0.015245906,-0.0061873794,-0.020958127,0.021452826,-0.015876194,-0.00821588,-0.019972192,-0.012522573,-0.014699642,-0.011034912
TCGA-BR-A452,0.0055000572,-0.018444834,-0.04341703,0.005780395,-0.030392338,0.39087433,-0.011684749,0.12199488,-0.029105905,-0.0207619,-0.027452255,0.5851635,-0.00049572997,-0.02279751,-0.022847872,-0.012755443,0.057045177,-0.0013691322,-0.015945667,-0.022296146,0.73431677,-0.017450176,-0.011010479,-0.014310058,0.004760707,-0.018019298,-0.011999627,0.0824389,-0.023439232,0.61112803,-0.0040966915,-0.015089453,0.44584674,0.05815033,0.1935325,0.010936664,-0.015726585,-0.0032205307,0.20776215,1.1638255,-0.0038437005,-0.01714893,0.29891264,0.02901095,-0.0070118466,0.2007514,-0.021766054,-0.021071104,-0.034840666,-0.066203296,0.171793,-0.041644733,-0.014398877,-0.014113849,0.10244953,-0.012665695,-0.016500238,0.016630773,-0.036060527,-0.015163657,-0.015113052,0.0075743487,-0.008599325,-0.021543665
TCGA-BR-A453,-0.015011581,-0.047323212,-0.046650928,-0.023259906,-0.022252828,0.18412751,-0.029445808,0.018633438,-0.047910765,-0.030137671,-0.019169163,0.29525578,-0.011019975,-0.018796533,-0.023389932,-0.0043309927,0.004720604,-0.025860026,-0.029979628,-0.009169766,0.4470818,-0.009622262,-0.020043189,-0.01964887,-0.014207528,-0.018525153,-0.011995756,-0.010891515,-0.0034197634,0.45345348,-0.008923505,-0.0041121533,0.25207782,0.11656588,0.17800692,-0.01341632,-0.017831024,-0.01057911,0.12029055,0.7044481,0.06174779,0.01687507,0.36739084,-0.01387335,-0.0067095705,0.21008568,-0.012163685,-0.029484343,-0.03356347,-0.05995287,-0.024844773,-0.015815008,0.016376842,-0.016590832,-0.014595842,-0.0014239225,-0.038792375,0.029404778,-0.011854976,-0.0204468,-0.03042731,-0.012268351,-0.008665744,-0.0055581136
TCGA-BR-A4CS,-0.018037964,-0.02193737,-0.06427364,-0.00018330757,-0.038311277,0.40167826,-0.019525833,0.023816433,-0.02820304,0.011865322,-0.030049521,0.4874426,-0.008105384,-0.021704294,-0.014705759,0.0020890837,0.089146465,0.00872976,-0.026912041,-0.017025989,0.6364809,-0.011358355,-0.010471674,-0.033128254,-0.014983058,-0.02087244,-0.008229477,-0.009232749,-0.013899311,0.68284327,0.007002542,0.013596689,0.29205483,0.0682554,0.31506586,0.014991513,-0.023267742,-0.004804603,0.28351504,0.96144044,0.048696328,-0.0076336027,0.35348022,-0.008610737,-0.013108889,0.1583544,-0.010692712,-0.0314992,-0.025603611,-0.07411446,-0.0058421134,-0.031190198,-0.007198085,-0.0020890944,-0.012848702,-0.008965293,-0.019376019,0.01771945,-0.030395988,-0.014171861,-0.020679433,0.0325964,-0.026811758,0.008951291
TCGA-BR-A4IU,-0.009402161,-0.049218696,-0.058649853,-0.019227995,-0.030321034,0.39895067,-0.029446714,0.020761872,-0.044134542,-0.026611183,-0.025588702,0.45440096,-0.017299475,-0.027828876,-0.024561629,-0.014018374,0.0113962665,-0.02526233,-0.03677456,-0.007201854,0.6047476,-0.02205466,-0.025661007,-0.019647915,-0.01703215,-0.021031069,-0.015513346,-0.004892654,-0.009499587,0.6497932,-0.013210302,-0.0117943045,0.38709426,0.14390129,0.3385452,-0.012601264,-0.01779777,-0.008853173,0.23243804,0.9152374,0.06293462,0.030981943,0.37736106,-0.006829002,-0.002598308,0.25871983,-0.010717897,-0.027270386,-0.029790254,-0.077001005,-0.010473097,-0.024497818,-0.012966485,-0.02040065,-0.01738792,0.024993269,-0.037043653,0.013081975,-0.023653585,-0.014311729,-0.028718641,-0.018675497,-0.01210778,-0.01325187
TCGA-BR-A4IV,-0.01627398,-0.050054155,-0.033410203,-0.022504773,-0.021490443,0.21937606,-0.030802041,0.041910365,-0.049176652,-0.03211506,-0.019906964,0.3166464,-0.011750197,-0.02035265,-0.02007924,0.011009831,0.027195992,-0.019320704,-0.018518254,-0.0031169842,0.48374313,-0.016848173,-0.01655757,-0.016515331,-0.015421544,-0.0073856893,-0.017135825,0.0029292563,0.0003060638,0.48135173,-0.008286901,-0.009076579,0.36869282,0.15514505,0.15110588,-0.011146632,-0.014368358,-0.008305111,0.15008448,0.7474891,0.073795706,0.03060612,0.3269968,-0.00845251,0.00064167334,0.1701425,-0.009440219,-0.031299293,-0.033907324,-0.06328655,-0.013910507,-0.016813986,-0.01150957,-0.0138509255,-0.020653907,0.010925405,-0.034033075,0.016914628,-0.009694233,-0.013975363,-0.040082224,-0.012548008,-0.0007805845,-0.011236774
TCGA-BR-A4IY,-0.008503267,-0.035588562,-0.07180008,-0.009163262,-0.027661849,0.5223784,-0.021428887,0.035795145,-0.04099637,-0.019033782,-0.036341704,0.6096672,-0.01658555,-0.033957556,-0.013786792,-0.019511752,0.011060849,-0.02078046,-0.031255648,0.00020208303,0.73848355,-0.028176352,-0.025075018,-0.035215,-0.024720907,-0.03199283,-0.0150668975,-0.010395863,-0.013451116,0.6923797,0.023521416,-0.016508657,0.31231117,0.10055636,0.27422756,-0.010003803,-0.018509716,0.013366664,0.26623684,1.1022822,0.08448469,-0.012180589,0.3361649,-0.0055273073,0.0019164392,0.2354219,-0.019418461,-0.037020788,-0.032375365,-0.08532719,-0.0077946833,-0.03887562,-0.018759506,0.041736513,-0.018482693,-0.016292622,-0.025806248,0.014420294,-0.023218704,-0.013826271,-0.020851512,-0.010149116,-0.011172609,-0.017424136
TCGA-BR-A4IZ,0.010336349,-0.07224509,-0.048106704,-0.042531602,-0.032117795,0.45500225,-0.041331448,0.07287551,-0.06693003,-0.039508965,-0.029811135,0.5734745,-0.0375616,-0.028142478,-0.032211125,-0.011425127,0.068596244,-0.03578275,-0.055578668,-0.006067505,0.774941,-0.028710976,-0.030921686,-0.018909147,-0.02400251,-0.032290522,-0.017121442,-0.013397573,0.01794263,0.7566848,-0.011373857,0.0006022474,0.46392173,0.1249519,0.3490141,-0.005293194,-0.021368824,-0.011034046,0.27808678,1.1494367,0.10402151,0.0047532716,0.46975866,-0.021296702,-0.009911537,0.28155574,-0.018313218,-0.05066239,-0.04479289,-0.08680777,-0.02198575,-0.04299001,-0.004235317,-0.027466338,-0.017827615,-0.010785792,-0.061126407,-0.00029554497,-0.020064197,-0.011659369,-0.058520194,0.00087387674,-0.020872897,-0.020335216
TCGA-BR-A4J2,-0.017558012,-0.04517425,-0.05577012,-0.021608777,-0.030695759,0.33502972,-0.02690491,0.0365968,-0.052251093,-0.031523224,-0.026902817,0.4184816,-0.013292517,-0.02545751,-0.019093513,-0.0031264944,0.042077452,-0.016755056,-0.03487871,-0.010767252,0.63457906,-0.02401476,-0.021018587,-0.018562235,-0.018921733,-0.025477529,-0.01835414,-0.010133913,0.00350717,0.6795228,-0.00938558,-0.009018434,0.39768797,0.14489345,0.24727765,-0.011930237,-0.017927196,-0.01274915,0.21002018,0.99668956,0.08867721,-0.003352216,0.39236078,-0.004975324,-0.0066607893,0.17905134,-0.0130980555,-0.033811353,-0.03655142,-0.0746239,-0.018156163,-0.036398526,0.011628435,-0.020026041,-0.023592357,-0.0045161145,-0.03801317,0.023243666,-0.011468878,-0.01127787,-0.03158176,-0.01616306,-0.009294881,-0.0081061255
TCGA-BR-A4J5,-0.015308768,-0.037299976,-0.05639328,-0.010284113,-0.03219203,0.33856326,-0.02187339,0.032680802,-0.04288793,-0.018817825,-0.023230607,0.47787583,-0.017812788,-0.027108597,-0.015724838,-0.017011058,0.023695096,-0.015398331,-0.0301751,-0.0069740475,0.64335716,-0.019798072,-0.022276513,-0.020272601,-0.019106068,-0.019622445,-0.018486314,-0.010108875,-0.014452398,0.679901,-0.014064035,-0.008816285,0.30325803,0.15110213,0.28163865,-0.01001411,-0.01396891,-0.010777708,0.26317048,0.9409445,0.067945495,0.026107972,0.38550276,-0.0029667807,-0.0015275241,0.15367678,-0.013614055,-0.031065814,-0.02936366,-0.077885255,-0.023512423,-0.033111095,-0.009918921,-0.011009785,-0.021915823,0.0004894594,-0.024128756,0.013586666,-0.02162667,-0.010572038,-0.027207352,-0.014493445,-0.0066769915,-0.011722431
TCGA-BR-A4J7,-0.011294853,-0.043958686,-0.045998126,-0.018936336,-0.0282939,0.32985586,-0.027323429,0.019719431,-0.046466626,-0.0063612955,-0.0018044466,0.41575143,-0.016018346,-0.025810145,-0.022062339,-0.0125578195,0.035122983,-0.020353796,-0.034635954,0.006387084,0.6096586,-0.02101074,-0.014225904,-0.023526154,-0.011470851,-0.017464882,-0.008268438,0.009983629,-0.012433275,0.68278635,-0.012051891,-0.0038295623,0.3455216,0.15322617,0.25936586,-0.0074616703,-0.011351753,-0.012690919,0.25099486,0.9245608,0.047809795,-0.010555118,0.44228148,0.0037214244,-0.015718266,0.19237524,-0.015275346,-0.02162841,-0.026601441,-0.064564,-0.013060007,-0.016675964,-0.017484652,-0.013984414,-0.01994317,0.0025730433,-0.032513674,0.011350948,-0.014071476,-0.015466727,-0.021415452,-0.013085144,0.030372761,-0.0122825885
TCGA-BR-A4J8,-0.0011417605,-0.030307978,-0.06933628,-0.008872498,-0.027909093,0.5022765,-0.025146015,0.022657495,-0.04017668,-0.021145374,-0.028550288,0.46989116,-0.0129881045,-0.014937278,-0.01938881,-0.026262809,0.014138266,-0.012064324,-0.031308018,-0.01256098,0.7398258,-0.020928754,-0.018103432,-0.026524313,-0.0154447295,-0.025041144,-0.01717091,-0.013145685,-0.020497125,0.6947129,-0.011659696,-0.002999823,0.31435686,0.1859393,0.26976383,-0.0008583758,-0.012752986,-0.008544361,0.23514655,0.98145485,0.07280729,-0.00057266373,0.40712857,0.0073670824,-0.014919226,0.1413686,-0.012516316,-0.030278083,-0.03332646,-0.08660695,-0.019118782,-0.038241044,-0.012284956,-0.009691947,-0.013631389,-0.010375857,-0.02527816,0.0016168444,-0.025268357,-0.01202062,-0.022805337,-0.013944341,-0.013792436,-0.011250569
TCGA-BR-A4PD,-0.022747908,-0.023186116,-0.04671538,-0.016638333,-0.031824294,0.47195587,-0.025062812,0.061539967,-0.028686684,-0.02082988,-0.029215895,0.5966073,-0.009858873,-0.019634627,-0.006574613,-0.011129318,0.058895804,0.008409769,-0.019829113,-0.017368196,0.80539775,-0.017829126,-0.0167819,-0.024354305,-0.015566713,-0.024333023,-0.0059340526,-0.011078241,-0.021341212,0.841327,0.030855931,-0.011449083,0.38699636,0.13950476,0.38605088,0.049614947,-0.0079031605,-0.013270896,0.31574133,1.2723975,-0.0047640232,-0.030182771,0.3239172,0.05439982,-0.009416349,0.22663122,0.012903867,-0.01785229,-0.044976257,-0.07833408,0.04639843,-0.044037938,-0.022488674,0.014675707,-0.00380588,0.00053533725,-0.035084788,0.009236375,-0.025234941,-0.027552886,-0.020329352,0.03415698,-0.0071294997,-0.019221058
TCGA-BR-A4PE,-0.011655048,-0.025540378,-0.091479264,-0.008145724,-0.0384722,0.497209,-0.0088649485,0.009511642,-0.03978888,-0.017657587,-0.04689337,0.6871469,-0.02148852,-0.025639826,0.034608305,-0.019044288,0.009276368,-0.014521505,-0.017232556,0.007861372,0.8559203,-0.026227698,-0.020007845,-0.034218136,-0.009462321,-0.04514384,-0.010593418,-0.01422729,-0.030396596,0.67938775,-0.01544639,-0.014720618,0.35631284,0.111347556,0.27190626,-0.009280994,-0.03040025,-0.006973153,0.23047604,1.2223151,-0.0063754553,-0.026163854,0.2959655,0.11863582,-0.014912847,0.15906852,-0.008887865,-0.034231793,-0.03550423,-0.09651605,-0.006646575,-0.0487917,-0.020074008,0.00011351099,-0.026257329,0.01919331,-0.02863365,-0.019329563,-0.033690814,-0.01897215,-0.017535565,-0.02165255,-0.011297541,-0.016687652
TCGA-BR-A4PF,0.026070151,-0.028370427,-0.08484179,0.007232192,-0.036656674,0.5632108,-0.019935733,0.05733034,-0.024410762,-0.02389232,-0.03404255,0.6572304,-0.015970265,-0.03476391,0.00435015,-0.003427159,0.068599775,-0.008963123,-0.018960267,0.0064717503,0.870973,-0.019800544,-0.01611894,-0.036534052,-0.020587197,-0.030440096,-0.000818567,-0.016664086,-0.024373172,0.8191891,-0.01200581,-0.010113623,0.44059783,0.1719994,0.39429158,-0.006208864,-0.02082079,0.037392348,0.30398545,1.1651919,-0.0061514894,-0.021745,0.27413374,0.05307492,-0.00536546,0.12811579,-0.008508567,-0.022828786,-0.035889372,-0.07317569,-0.011603809,-0.043878622,-0.016056262,-0.007355445,-0.01701885,-0.018881936,-0.02733684,0.029297799,-0.02894115,-0.015507909,-0.016446948,-0.008658381,-0.016085623,-0.0056694746
TCGA-BR-A4QI,-0.008382374,-0.026377298,-0.082847744,-0.007319048,-0.030847447,0.5145385,-0.023973713,0.033120804,-0.040972345,-0.009942738,-0.033639144,0.5542663,-0.015141013,-0.02356701,-0.01867712,-0.029079352,0.021233357,-0.013449457,-0.016353756,-0.02666492,0.7006925,-0.026906129,-0.012257418,-0.02954627,-0.0080919005,-0.026716314,-0.017504131,-0.012866443,-0.015874341,0.62440944,-0.012485623,-0.017177014,0.3658337,0.16683815,0.23734257,0.026412573,-0.01745863,-0.0060623176,0.27966285,1.0163832,0.035352044,0.010042395,0.32447958,0.0110489335,-0.017775241,0.13981624,0.0017565943,-0.03128228,-0.018203557,-0.090487406,0.019673882,-0.032866035,-0.013932146,0.005983537,0.030036328,-0.007080031,-0.023027945,0.026252383,-0.034958176,-0.010724517,-0.018488217,-0.018526526,-0.012667714,-0.019041546
TCGA-BR-A4QL,0.004826498,-0.022181978,-0.097225,-0.004254001,-0.042937193,0.5427601,-0.018259933,0.059584305,-0.029586017,-0.018920323,-0.052625332,0.68882453,-0.012068656,-0.02548303,-0.012729407,-0.032995593,0.057850968,-0.014624903,-0.013977196,-0.023673281,0.7846705,-0.021653902,-0.018835649,-0.017676216,-0.008966574,-0.028647274,0.0054623242,-0.016445002,-0.027710475,0.65482116,-0.003504233,-0.01982204,0.37464678,0.14246522,0.26480627,-0.007972442,-0.015337198,0.02120676,0.29753542,1.1607242,0.0060605453,-0.028932143,0.23445468,0.05358503,-0.006957133,0.13066384,0.043511,-0.031046031,-0.032467615,-0.099797636,-0.011241863,-0.04872047,-0.006768029,0.06175682,-0.018756306,-0.015673194,-0.018475141,0.018458605,-0.037162542,-0.014040082,-0.012453019,-0.007069277,-0.012873806,-0.02102455
TCGA-BR-A4QM,0.004728026,-0.028993832,-0.07759105,-0.008024643,-0.028893946,0.51183796,-0.017656334,0.052905694,-0.023354422,-0.019916123,-0.03737183,0.5355396,-0.010827319,-0.030216465,-0.0129526155,-0.019977396,0.05146779,-0.019939108,-0.015169915,-0.0023606308,0.74608684,-0.020502487,-0.008297485,-0.013355975,-0.013445062,-0.026951464,-0.011471427,-0.014287659,-0.018801294,0.74117744,-0.010294106,-0.010083677,0.35503113,0.055347525,0.28102228,-0.012227421,-0.019568622,-0.009545794,0.24830161,1.102993,0.06683792,-0.016751641,0.28632742,0.02966108,-0.008760211,0.11024368,-0.010966922,-0.018517908,-0.027326375,-0.07453764,-0.0056039137,-0.03695976,-0.009635488,0.040477615,-0.014912159,-0.016237978,-0.020764902,0.0072246315,-0.02596668,-0.011600299,-0.01729189,-0.017142603,-0.017799437,-0.015678188
TCGA-CD-5798,-0.008148142,-0.025222417,-0.03435194,-0.010700942,-0.018848347,0.22499382,-0.01993328,0.05997817,-0.030867957,-0.005666975,-0.012844535,0.34191272,-0.008814366,-0.016443327,-0.01781128,0.017465279,0.010908217,-0.006729597,-0.023710826,0.006777796,0.53713524,-0.018286213,-0.020275928,-0.018263182,-0.014278396,-0.011905711,-0.00995305,0.007096597,-0.007829453,0.5207158,-0.01116043,-0.008549952,0.27274904,0.10972327,0.23530859,0.043733127,-0.009342063,0.0035440389,0.20832433,0.82607305,0.040037386,0.004518945,0.38665384,0.00060456945,-0.007394949,0.18841699,-0.0057371533,-0.018668313,-0.024281947,-0.05153367,-0.0077556036,-0.020705821,-0.011729992,-0.0009635817,-0.0092050545,0.0063255276,-0.02220851,0.016493479,-0.012624446,-0.012602679,-0.021151876,0.01370381,-0.0043972377,-0.009116111
TCGA-CD-5799,-0.007692652,-0.013381942,-0.034230147,-0.009388931,-0.025727203,0.4447945,-0.021717573,0.04949724,-0.028499685,-0.012336536,-0.020070868,0.5336222,0.03152307,-0.018094884,-0.014908368,0.020589454,0.018204486,0.08274518,-0.017654713,-0.016772924,0.7012683,-0.015320798,-0.019851472,-0.016583605,-0.015345982,-0.012786821,0.0022228449,0.06729983,-0.008745209,0.6273966,-0.0065617426,-0.0066938093,0.33263052,0.14598167,0.22910213,-0.01071691,-0.0091774445,-0.0038935882,0.3180112,1.1255207,0.017167814,-0.020126244,0.37332073,0.04635438,-0.010866546,0.14535272,0.03551865,-0.006576354,-0.030759605,-0.03862083,-0.010442017,-0.02947305,-0.0078254165,0.001330402,0.01532956,-0.009445607,-0.015337957,-8.399831e-05,-0.01736541,-0.017243816,-0.016389526,-0.004558248,-0.007956503,-0.012221979
TCGA-CD-5800,-0.01923927,-0.026834186,-0.043140765,-0.021057822,-0.030356426,0.40608507,-0.0008405831,0.02657086,-0.03516053,-0.031149972,0.0015034592,0.6109923,-0.02489878,-0.014150593,0.009510573,0.048001643,0.10419835,-0.013358813,-0.018970985,-0.0038757757,0.91173697,-0.018921718,-0.021417385,-0.03683532,0.017230706,-0.013659048,0.015912024,-0.0152098145,-0.01978229,0.75999933,0.024615305,-0.010206833,0.4159544,0.13360883,0.30603844,0.062012076,-0.006638305,0.023707297,0.36430562,1.2023367,-0.010259024,-0.023308836,0.32554728,0.0035209546,-0.012435895,0.1382214,0.010833524,-0.023711964,-0.039702505,-0.060502015,0.035433453,-0.034751043,-0.016856547,0.030924913,-0.023408553,-0.011217653,-0.022034658,0.008103656,-0.023572193,-0.013998119,-0.025965212,0.11393143,-0.012692306,-0.0105315335
TCGA-CD-5801,0.0058276486,-0.019739177,-0.062119033,0.014722441,-0.026363717,0.5034849,-0.008578259,0.106126405,-0.02029067,-0.020697288,-0.030945098,0.62057984,-0.011219886,-0.025085775,-0.022491727,0.000622125,-0.01088505,-0.010421463,0.005968827,-0.011828129,0.79393685,-0.016309815,-0.019352894,-0.03925871,-0.018287363,-0.025698442,0.009280119,-0.010292773,-0.019660464,0.72288835,-0.013221907,-0.007067114,0.4046161,0.039029248,0.32236508,-0.004776105,-0.014853515,-0.009998738,0.3343187,1.2592975,0.010180798,-0.020696495,0.4342916,0.057214826,-0.005338754,0.24518484,-0.016435385,-0.01722714,-0.027974948,-0.07517174,-0.012027388,-0.02616304,-0.013178943,0.013472032,0.01900551,-0.0070519447,-0.018264016,0.0036234148,-0.02757597,-0.018043466,-0.016819287,-0.014011096,-0.016374515,-0.0065217493
TCGA-CD-5803,-0.015133536,-0.03308138,-0.035762943,-0.019486874,-0.023872063,0.37479872,-0.023304876,0.05617947,-0.039985046,-0.02594241,-0.02142529,0.45518482,-0.01698134,-0.025417022,-0.02514384,-0.002249629,0.04267329,-0.015211949,-0.031597607,-0.008205379,0.583419,-0.025713785,-0.025033023,-0.021118756,-0.016692186,-0.020847335,-0.009891724,-0.013488242,0.016297571,0.62364554,-0.012652267,0.012012254,0.31687474,0.11521146,0.28076917,0.011904809,-0.012350901,0.007755047,0.26098195,1.002207,0.09902623,-0.0077306083,0.37794238,-0.007233969,-0.008331146,0.25115114,-0.012090766,-0.02449938,-0.028782913,-0.06274532,-0.011380739,-0.04070881,-0.011069033,-0.0075617293,-0.014119752,0.011500206,-0.035725463,-0.0040472047,-0.017037509,-0.011116426,-0.026664436,-0.00844988,-0.010012339,-0.010536127
TCGA-CD-5813,-0.012291054,-0.03111154,-0.050403118,-5.339086e-05,-0.028645357,0.3887695,-0.017845917,0.067726105,-0.050940175,-0.03776199,-0.019069057,0.44566548,4.1089952e-05,-0.017950814,-0.027821898,0.023622323,0.084604956,-0.0071213203,-0.041160107,-0.019974286,0.64889824,-0.025484858,-0.029235804,-0.01580622,-0.0092266295,-0.025532555,-0.01646578,0.07433485,-0.0105171995,0.66329616,-0.015827429,-0.008915195,0.3454731,0.26068103,0.2690873,0.0052740853,-0.019743606,-0.010302271,0.21974581,1.052853,0.12056753,-0.023457382,0.44117647,-0.0071443156,0.010692643,0.14478639,-0.010813109,-0.0362107,-0.04759441,-0.053258203,-0.027997704,-0.040914506,-0.01197659,-0.023536455,-0.012325423,-0.009617175,-0.049487256,0.006050433,-0.02456498,-0.01893869,-0.03881403,-0.008885862,0.0020446973,-0.008288447
TCGA-CD-8524,-0.018984847,-0.04047954,-0.06238175,-0.009449648,-0.038186934,0.36812246,-0.018698297,0.03075544,-0.032779954,-0.02153122,-0.04328731,0.49806038,-0.016740788,-0.022244945,-0.008478012,-0.010152917,0.011971046,-0.014378626,-0.024991266,-0.011081978,0.7118181,-0.029122636,-0.014459398,-0.02841442,-0.014659673,-0.028476764,-0.016749764,-0.011161516,0.0040309243,0.6651764,-0.007892073,-0.0042715166,0.34436578,0.17340702,0.2974258,-0.011239145,-0.011196689,-0.010715758,0.28672397,1.107598,0.102564394,-0.006996812,0.38572645,0.007694032,-0.009448638,0.1699397,-0.013047406,-0.025534075,-0.03097698,-0.08343831,-0.011574003,-0.035943784,-0.010709394,-0.009268967,-0.018299244,-0.010181046,-0.025081657,0.015981385,-0.016869627,-0.012518136,-0.01754643,-0.008984554,-0.007866722,-0.01346175
TCGA-CD-8525,-0.011551452,-0.029311411,-0.030228512,-0.0065920674,-0.028340014,0.42548823,-0.014975747,0.047112375,-0.025592495,-0.022527896,-0.023706887,0.49408406,-0.010971692,-0.022256533,-0.010009222,0.062212393,0.0877461,-0.012200834,-0.01802203,-0.009598487,0.6936382,-0.013330957,-0.013418473,-0.020508513,5.3819735e-05,-0.015600054,-0.008652188,-0.0076288637,-0.009824326,0.6482488,-0.0035217388,-0.012133327,0.36189184,0.1448269,0.23431593,0.01814155,0.01879647,0.007563639,0.2811288,1.1050627,0.04038219,-0.017102707,0.31303042,0.0097005535,0.009085318,0.13429841,-0.0066158045,-0.018033193,-0.032346096,-0.05058203,-0.0046505216,-0.031157793,-0.009604353,-0.0010741716,-0.016663738,-0.009008581,-0.021310758,0.014022168,-0.016949898,-0.010301213,-0.018636493,0.048717447,-0.010075334,-0.0098626735
TCGA-CD-8526,-0.009581089,-0.03513734,-0.029615927,-0.015808664,-0.02621672,0.3615197,-0.011862291,0.044941332,-0.036426086,-0.018984405,-0.018457446,0.46009046,-0.018323872,-0.021806391,0.007445407,0.054471023,0.036875825,-0.014739193,-0.022703916,0.027296962,0.7175697,-0.023216754,-0.01811467,-0.020020217,-0.005659812,-0.009621698,-0.015306441,-0.015818506,0.013492994,0.5350872,-0.010108352,-0.004123136,0.3360573,0.1508099,0.21870989,-0.007717992,0.005920193,-0.002313943,0.2334098,1.0301136,0.036070142,-0.011303569,0.38021493,-0.011919804,0.026150668,0.19315916,-0.0058195656,-0.020678815,-0.034694865,-0.061052814,0.026508413,-0.030286655,-0.0113957655,-0.008504981,-0.00791288,-0.009076935,-0.023449782,0.0012890385,-0.015266269,0.016276523,-0.021519965,0.07851346,-0.008064507,-0.013803322
TCGA-CD-8527,-0.0021842439,-0.024743514,-0.04679092,-0.009954446,-0.04322515,0.3722918,-0.017694512,-0.003021622,-0.025898755,-0.030368894,-0.022378987,0.46530855,-0.0008260533,-0.021201007,-0.016484395,0.013617548,0.13283974,-0.015083951,-0.019417893,-0.016686713,0.7046064,-0.0021083858,0.019794082,-0.035954688,-0.004791758,-0.010911651,0.014903534,-0.0068314793,0.015767703,0.5738801,0.023359273,-0.013726493,0.30197346,0.11678779,0.15252548,0.0023880613,-0.013048384,-0.0018488215,0.25595477,1.0043353,0.010268904,-0.014489263,0.21459441,-0.0031439448,-0.0056271995,0.11967264,-0.004617989,-0.02949097,-0.019353082,-0.067081034,0.013686413,-0.026593484,-0.01802608,0.0065479986,-0.016049467,-0.0061498196,-0.029093644,0.018690687,0.0023123622,-0.01863522,-0.01719261,0.08393338,-0.011201438,-0.015526581
TCGA-CD-8528,-0.015003068,-0.028766066,-0.08562971,-0.008781107,-0.0473464,0.61676127,-0.022333913,0.08036849,-0.034996536,-0.021266786,-0.05289577,0.7685646,-0.011229593,-0.029591179,0.017810222,-0.0029972298,0.018299438,-0.025972389,-0.0014190534,0.012859201,0.9746556,-0.017068278,-0.017156605,-0.039016835,-0.02377304,-0.034395773,-0.021198735,-0.015183637,-0.027713634,0.7873123,-0.0062742885,-0.0006539887,0.46890038,0.14294668,0.4135764,0.013764539,-0.015493712,0.07132767,0.38524497,1.4052628,0.01564367,-0.0008032876,0.2859102,0.095328316,-0.0054765553,0.18616162,-0.012197546,-0.03393665,-0.053187687,-0.088602036,0.035003588,-0.050230265,-0.013423156,0.03660409,-0.025255935,-0.012074785,-0.03801134,-0.012207356,-0.037911016,-0.02102488,-0.020045508,-0.014397388,-0.020737013,-0.02525515
TCGA-CD-8529,-0.016312182,-0.026124034,-0.04121054,-0.013320137,-0.028413596,0.29818344,-0.021456981,0.029242203,-0.0425033,-0.025862819,-0.03236456,0.5140692,0.0012666225,-0.017512452,-0.01729342,0.00405541,0.039351065,-0.013832253,-0.0123133315,-0.017165432,0.7360172,-0.022176083,-0.02147185,-0.023386901,-0.0128657445,-0.01595032,-0.011470326,-0.0087891305,-0.009044639,0.7037714,-0.006261659,-0.0075726146,0.30176187,0.09804216,0.25975472,0.005153641,0.021855587,-0.0060605686,0.24807927,1.1539681,0.09071417,-0.011409978,0.4452401,0.024469692,-0.014739789,0.17657852,-0.0060936245,-0.018694019,-0.03314656,-0.062868334,-0.006413416,-0.034196038,-0.015690489,-0.0066363434,-0.018062402,-0.01370574,-0.038495183,0.0022946463,-0.015792834,-0.01802265,-0.0063434327,-0.006329562,0.0067928825,-0.011686048
TCGA-CD-8530,-0.016855963,-0.035385724,-0.04145287,-0.016805131,-0.028666753,0.32733753,-0.02390495,0.016993634,-0.053524256,0.016977424,-0.024037885,0.40746516,-0.014004874,-0.025844168,-0.01049193,0.02389441,0.07373229,0.02365831,-0.027107248,-0.013854473,0.7897943,-0.021493373,-0.024682548,-0.018621584,-0.015443605,-0.016951032,-0.01394903,-0.012476334,-0.010656518,0.72242194,-0.0029633236,-0.009864333,0.35706043,0.215959,0.36844367,-0.008731444,-0.011079201,-0.008523041,0.3118168,1.2009118,0.12561715,0.05021833,0.4617582,-0.009670245,-0.021866322,0.20071328,0.008745325,-0.028102385,-0.039527126,-0.069376856,-0.02007391,-0.03902417,-0.0124031305,-0.01958283,-0.021030797,0.0047000404,-0.041280292,0.055447757,0.0023003991,-0.014713464,-0.02729642,-0.0088259615,-0.007825302,-0.009551009
TCGA-CD-8531,-0.0068348935,-0.034389302,-0.08683683,0.004924238,-0.02533184,0.50262415,-0.019769568,0.083886325,-0.03158897,-0.027904449,-0.056920357,0.627349,-0.025353597,-0.03619142,0.0027229926,-0.03131625,-0.014179897,-0.015127806,-0.024241496,-0.018366013,0.8810812,-0.026926637,-0.0258912,-0.03088925,-0.010603488,-0.020417059,-0.026016422,-0.014621084,-0.020033909,0.7502731,0.011619007,-0.02124857,0.31015873,0.1399838,0.32095268,-0.012921646,-0.027798548,0.015600581,0.21698166,1.2384051,-0.0027828948,-0.024208894,0.2896009,0.02663719,-0.007056414,0.15925637,0.004938551,-0.037469648,-0.029057015,-0.0949332,-0.017025527,-0.050512157,-0.021667654,0.00509669,-0.020714113,-0.014904629,-0.030066345,0.0028711902,-0.041780774,-0.020621248,-0.028511912,-0.020617831,-0.013668474,-0.020513544
TCGA-CD-8532,-0.012913758,-0.022486772,-0.024877772,-0.009032277,-0.024310205,0.31808713,-0.022838134,0.033798873,-0.029398993,-0.022957904,-0.016166082,0.5042194,0.000931093,-0.008719925,-0.022093935,0.0019787077,0.009528018,0.012453797,-0.02077189,-0.016319709,0.72637916,-0.02181042,-0.013009743,-0.011438507,-0.013189543,-0.013468169,0.0145777445,0.041998968,-0.0103346575,0.6808691,-0.005373785,-0.012925401,0.33080578,0.14721924,0.22689259,-0.0055489074,0.0040000593,-0.015618957,0.22625458,1.0748689,0.03336653,-0.0068145823,0.42291105,0.047237866,0.0073586265,0.20532301,0.027507063,-0.012806578,-0.023398869,-0.04670319,0.0030041975,-0.029353455,0.014181307,0.013944693,-0.011647435,-0.004575046,-0.024827434,0.03219938,-0.019789407,-0.014490295,-0.012323983,-0.0042478433,0.015023353,-0.016562317
TCGA-CD-8533,0.024293706,-0.024561249,-0.07949843,-0.007473819,-0.05290579,0.41397238,-0.002452993,0.014922825,-0.035185266,-0.028642658,-0.041118428,0.58966213,-0.020278875,-0.022744618,-0.016196303,-0.02128939,0.06507164,-0.018169124,-0.030959044,-0.016942818,0.8586995,-0.019004503,-0.017463502,-0.042450633,-0.008257239,-0.03962282,-0.009849435,-0.006154254,-0.028093182,0.6524772,-0.009169805,-0.023809854,0.4722979,0.09510083,0.37305856,9.721285e-05,-0.021227818,-0.002771192,0.25866288,1.1600604,-0.02203999,-0.020646866,0.30649948,-0.0045158323,-0.013281346,0.21552518,-0.01915042,-0.038091965,-0.03381673,-0.081588835,0.09276063,-0.038527768,-0.022905571,0.0020157853,-0.00074790977,-0.024805201,-0.003419106,-0.016131602,-0.025676293,-0.016098095,-0.029413981,0.075761616,-0.020530414,-0.011934034
TCGA-CD-8534,0.00056828745,-0.02680061,-0.05235918,-0.014015323,-0.02630321,0.3786447,-0.027076108,0.0333804,-0.031970166,-0.018156897,-0.015785145,0.47931623,-0.007398586,-0.017157866,-0.018251494,-0.007983718,0.11428805,-0.013606927,-0.017023778,-0.017061718,0.7378946,-0.02031916,-0.009821606,-0.029566387,-0.01042027,-0.020250425,-0.004919314,0.06554968,-0.00664013,0.63016427,-0.010962519,-0.017725844,0.42503425,0.18342479,0.17380315,-0.011410129,-0.010959471,-0.016376536,0.2394766,1.0060933,0.013271749,-0.009644324,0.344572,0.028567027,-0.015304658,0.12955147,-0.009756798,-0.021473594,-0.028711982,-0.06814856,-0.01639424,-0.039208055,-0.015619919,-0.016158393,-0.017203247,-0.001511337,-0.022958111,0.03954055,-0.025132475,-0.017641556,-0.013098893,-0.015617419,-0.006622407,-0.003977162
TCGA-CD-8535,0.020017745,-0.0381957,-0.09007709,-0.0132948775,-0.04398576,0.49500844,0.020106204,0.047960557,-0.04086908,-0.01802451,-0.056542154,0.64455605,-0.017267272,-0.030257847,-0.00915032,-0.030663852,0.034707624,-0.023807054,-0.012182913,-0.015097715,0.8266959,-0.02585422,-0.009337174,-0.040978804,0.0130004,-0.029234184,-0.025004236,-0.018952474,-0.026711926,0.67048407,0.025218232,-0.014829565,0.3942681,0.23842065,0.26435766,-0.015270818,-0.021780146,0.025290309,0.22033775,1.20868,-0.006143989,-0.021268724,0.26142067,0.033436418,-0.017692778,0.20023668,-0.0038829544,-0.041057117,-0.03689213,-0.10369045,0.20268767,-0.0494764,-0.02366259,-0.013604456,-0.028730849,-0.019695314,-0.026415791,0.015457244,-0.042058,-0.018509127,-0.022951882,0.00087135285,-0.020377927,-0.02162341
TCGA-CD-8536,-0.007744896,-0.021576283,-0.06785959,-0.0039362563,-0.026230957,0.4540032,-0.022594266,0.06349311,-0.020819064,-0.015169795,-0.03575686,0.6457794,-0.009084509,-0.030055676,-0.007340251,-0.013433688,0.021256821,-0.011729343,-0.022407582,-0.011232575,0.83603454,-0.017447848,-0.014591791,-0.029381251,-0.019290337,-0.022010557,-0.013844162,-0.007580556,-0.015287735,0.69420207,-0.009100303,-0.012358673,0.34463054,0.11090189,0.3039934,-0.0026103468,0.015416143,-0.017665518,0.25731647,1.1962414,0.030691853,-0.014450454,0.38739875,0.15269653,-0.007678709,0.20899649,-0.010059728,-0.023990797,-0.035303973,-0.08319748,-0.006805793,-0.033419058,-0.0149879735,0.0019574473,-0.019009447,-0.004846486,-0.020288017,0.018499227,-0.022029715,-0.014574852,-0.012255923,-0.008684402,-0.018757444,-0.011764985
TCGA-CD-A486,-0.008359599,-0.024792388,-0.017647523,-0.013009242,-0.02392168,0.19542432,-0.0092743505,0.041531883,-0.0222467,-0.010165905,-0.01697284,0.35531288,-0.009076416,-0.018668653,-0.006634444,0.057230238,0.06429805,-0.01082993,-0.02014206,-0.006331295,0.6392113,0.004142024,-0.016497927,-0.011538021,-0.0047061495,-0.014770201,0.010695249,-0.007475082,-0.007982565,0.48135924,0.033537976,-0.01015453,0.32438093,0.08341043,0.22122926,-0.002512293,-0.0029356582,-0.012976434,0.1886294,0.86789757,0.07101798,0.017928468,0.30827418,-0.009060971,-0.0024664516,0.12540191,-0.0065851067,-0.02096699,-0.027841803,-0.043372933,0.022063974,-0.02841369,-0.004416398,-0.0060310136,-0.018048922,-0.016879566,-0.019560292,0.027198795,-0.0003016002,-0.008894654,-0.0260696,0.12896636,-0.011592253,-0.010906298
TCGA-CD-A487,-0.01621648,-0.024478544,-0.04831946,-0.013152547,-0.03627734,0.37374523,-0.024431132,0.017914368,-0.026104596,-0.027339663,-0.013684778,0.49289596,-0.016559338,-0.020798491,-0.009483122,0.014108375,0.12184167,-0.008381071,-0.0238563,-0.0084292255,0.68491185,-0.023797102,-0.015101316,-0.022505952,-0.0077808127,-0.015749393,-0.012475852,0.037815202,-0.005430939,0.6718633,-0.0045274636,-0.015054061,0.39929238,0.09747873,0.26841226,-0.008371916,-0.014215388,0.009916132,0.26780766,1.096033,0.039621565,-0.0047401837,0.3287289,0.009019666,-0.01871953,0.17648786,-0.008010159,-0.013797294,-0.027981674,-0.06616509,-0.01887566,-0.029171167,-0.0064048897,0.0030980995,-0.016720902,-0.008808105,-0.024770062,0.08951975,-0.017792031,-0.0071511585,-0.015958479,-0.0006857645,-0.014914375,-0.009790856
TCGA-CD-A489,-0.012771824,-0.043629244,-0.049648173,0.015280418,-0.027919905,0.25147873,-0.025193956,0.02838795,-0.047003634,0.049364038,-0.025219347,0.3948141,-0.016972037,-0.025967434,-0.01849616,-0.01241773,-0.0029137312,-0.0140169645,-0.028475598,-0.0071938946,0.55428815,-0.016789988,-0.014919241,-0.01921273,-0.008679474,-0.017767679,-0.014921149,-0.007166633,-0.015751835,0.56716913,-0.010622747,0.03494038,0.37336516,0.1285056,0.28318122,-0.008046845,-0.021625439,-0.010151057,0.15469092,0.8837494,0.029640244,0.04094445,0.35386452,0.0042924336,0.0047181356,0.23096883,-0.015936442,-0.030027874,-0.027047979,-0.06931251,0.0049608583,-0.011530915,-0.018741813,-0.015674882,-0.018878248,0.021853887,-0.021992471,0.05166591,-0.014869183,-0.019087687,-0.036773663,-0.015459442,-0.0057253167,-0.0077139316
TCGA-CD-A48A,-0.026153937,-0.021621313,-0.06791903,-0.0075262547,-0.03796257,0.45989245,-0.026346056,0.01889203,-0.01857658,-0.019977428,-0.027654069,0.61788964,-0.012248775,-0.023788681,-0.020161891,-0.013427265,0.10366669,-0.022247512,-0.0016576028,-0.019003712,0.7936119,-0.028255163,-0.020202601,-0.029529592,-0.012540023,-4.1354448e-05,0.0059594796,-0.008549005,-0.022329573,0.64396286,-0.018819978,-0.021625081,0.37300283,0.16174825,0.1565682,-0.00940466,-0.01571196,-0.006576434,0.2146078,1.0256714,0.0002556459,-0.022200245,0.2954784,0.013385819,-0.011678264,0.15507483,-0.006537961,-0.017605556,-0.022219967,-0.06912699,0.002779397,-0.029224787,-0.017367875,0.007817857,-0.02300673,-0.0065284334,-0.02145182,0.0074544013,-0.022979708,-0.01909705,-0.018067073,-0.008340012,-0.011040862,-0.013003671
TCGA-CD-A48C,-0.018506926,-0.039357293,-0.07825971,-0.0071444614,-0.04076297,0.4400385,-0.015426764,0.09532808,-0.03810004,-0.023092996,-0.04956169,0.5393624,-0.024165729,-0.023929546,-0.01380909,-0.020827811,0.055906683,-0.016780388,-0.026634168,-0.015255781,0.73954546,-0.024823574,-0.017361961,-0.021033479,-0.01604119,-0.024006326,-0.020432232,-0.014559466,-0.018694585,0.6616329,-0.010976951,-0.021187423,0.31039217,0.1614927,0.2605235,-0.0072878506,-0.015350801,0.007872542,0.22657663,0.991734,0.046529714,-0.008201082,0.31980234,-0.008488636,-0.006517265,0.23840852,-0.009951691,-0.024902944,-0.025101747,-0.08387227,-0.008346347,-0.029392831,-0.0198961,-0.006352144,-0.026226435,-0.008894203,-0.02247264,0.004838144,-0.024613144,-0.022504708,-0.011638783,-0.00398757,-0.0060358387,-0.02086608
TCGA-CD-A4MG,-0.010695381,-0.019969895,-0.08168945,-0.004644751,-0.033157103,0.50004756,-0.01884687,0.032462746,-0.037480954,-0.01584823,-0.04571369,0.6348634,-0.015745316,-0.03373439,0.00014450937,-0.029930225,0.034728974,-0.018608531,-0.021138705,-0.012630056,0.8622051,-0.02376251,-0.020577159,-0.02846277,-0.01886515,-0.03058447,-0.016017092,-0.018629529,-0.019549342,0.7881961,-0.010307106,-0.015547788,0.3518498,0.16660745,0.29474038,-0.010241895,-0.026045483,-0.010897286,0.29227623,1.1558592,0.014566198,-0.019781128,0.29090148,0.04072296,-0.0071062716,0.15100408,-0.010604668,-0.03185455,-0.038899098,-0.092169344,-0.0153054595,-0.043592744,-0.02043358,0.0083989035,-0.00792745,-0.012297172,-0.02597801,0.018822677,-0.035165213,-0.015987817,-0.01726215,-0.015782451,-0.016180169,-0.017876957
TCGA-CD-A4MH,0.0031919172,-0.023287565,-0.040483907,-0.011185189,-0.026631707,0.47433835,-0.014942298,0.038819183,-0.022491492,-0.028739313,-0.023174832,0.5792236,-0.016453715,-0.014344363,-0.014634326,-0.004584424,0.0929507,-0.017108236,-0.016409174,-0.010163912,0.73325014,-0.025910849,-0.008783797,-0.024309264,0.0019650054,-0.02136977,-0.0072152414,0.0026457673,-0.009004228,0.6849396,-0.0070694573,-0.013730887,0.39635712,0.075536564,0.29024753,-0.0036305895,-0.0049844137,0.00892998,0.25552183,1.1109457,0.03911479,-0.020499263,0.30028296,-0.00459629,-0.0017720847,0.17624584,0.00966967,-0.016230665,-0.024130473,-0.06081428,0.031289123,-0.03850121,-0.006633133,0.012950922,-0.01757389,-0.009338917,-0.014737336,0.004212424,-0.022719413,-0.0075430544,-0.019718189,0.050762344,0.001477778,-0.0075302417
TCGA-CD-A4MI,-0.012346499,-0.043137908,-0.06902384,-0.011551509,-0.029299557,0.31148323,-0.022503972,0.02268494,-0.04310558,-0.021256153,-0.031417925,0.42986247,-0.007238293,-0.024991583,-0.013033309,-0.012855148,-0.0007555487,-0.017158201,-0.02528376,-0.011965986,0.59628975,-0.020207305,-0.019942926,-0.021537522,-0.0140830595,-0.024015844,-0.015952805,-0.0063229497,-0.003372976,0.6415988,-0.007995884,-0.0086788125,0.3131106,0.117803976,0.237843,-0.011716689,-0.017323982,-0.009203196,0.18515544,0.91929686,0.06677197,0.001898991,0.34397608,0.03865456,-0.013156677,0.18758154,-0.009944173,-0.032831024,-0.035390537,-0.08406888,-0.017828466,-0.029547505,-0.008735879,-0.0104956115,-0.0212164,0.00050648616,-0.029494738,0.026298968,-0.019134574,-0.013057845,-0.024506569,-0.017753528,-0.006942318,-0.013995732
TCGA-CD-A4MJ,-0.009377718,-0.0241851,-0.08866364,-0.005450723,-0.03160462,0.5833229,-0.011793086,0.04138523,-0.03426902,-0.026812956,-0.046409607,0.7280696,-0.008583252,-0.029949589,-0.016161362,-0.029283365,-0.008857484,-0.016842939,-0.021739122,-0.019024488,0.89598286,-0.026385458,-0.021574005,-0.034658127,-0.01829649,-0.033054914,0.007614318,-0.014103193,-0.024287809,0.66799086,-0.011544371,-0.010868857,0.3284375,0.0971331,0.25659662,-0.0093204975,-0.0031044483,-0.0072066006,0.27714092,1.3024305,-0.0063508837,-0.021410104,0.25630617,0.06265234,-0.0113518955,0.17301147,-0.018132064,-0.03336875,-0.03388059,-0.1036294,-0.014630734,-0.043647572,-0.011666793,0.0019288741,-0.017788908,-0.011001176,-0.025934434,-0.009340308,-0.03187174,-0.020302093,-0.01621676,-0.01751116,-0.015758492,-0.018423412
TCGA-CG-4437,-0.0071185003,-0.021367956,-0.06545721,-0.012051305,-0.027631948,0.42341772,-0.018193405,0.049080364,-0.028090974,-0.026523981,-0.033933543,0.6164487,-0.009314087,-0.02256894,-0.00982016,-0.00969336,0.0003372751,-0.009211212,-0.018914854,-0.011507342,0.70965683,-0.020577587,-0.01752951,-0.029860092,-0.017812653,-0.02211027,-0.0070660193,-0.007052992,-0.01998416,0.6299971,-0.0052361977,-0.010381649,0.34874544,0.059935868,0.31413803,0.0010419688,0.0020498158,0.0055554174,0.34292185,1.1125085,0.023201216,-0.014196537,0.31972343,0.083680876,-0.008569076,0.21978614,-0.009020038,-0.020048916,-0.030167876,-0.07698579,-0.0036859754,-0.03552633,-0.01792239,0.008970142,-0.01793237,-0.008751588,-0.025273606,-0.00031486363,-0.022430478,-0.013833935,-0.020833613,-0.009745558,-0.008921438,-0.010914237
TCGA-CG-4441,-0.013048481,-0.020055939,-0.051077697,-0.004626045,-0.041095003,0.45038044,-0.015811708,0.03963872,-0.030219793,-0.017351616,-0.026614098,0.58354735,-0.0056017064,-0.015188893,-0.013575928,-0.008762322,0.057889637,-0.012055954,-0.027263645,-0.012718203,0.7966366,-0.02604961,0.0353299,-0.017314032,-0.015807953,-0.02526892,-0.005223727,-0.0021378482,-0.010590832,0.70744956,-0.012559159,-0.014196075,0.3580267,0.23676676,0.29573157,-0.008392338,0.00708788,-0.0030646666,0.3135762,1.1503559,0.02650918,-0.013409194,0.40753672,-0.0019656855,-0.008008781,0.22674873,-0.0048710173,-0.0080156075,-0.038343288,-0.06701388,-0.012953413,-0.038485408,-0.0202346,0.011243794,-0.018587332,-0.00952906,-0.033031814,0.026139958,-0.017881678,-0.01853918,-0.022283714,-0.004068843,-0.014612663,-0.01850873
TCGA-CG-5717,-0.006343552,-0.018004036,-0.02495891,-0.009262794,-0.016982947,0.30548477,-0.016316509,0.059050683,-0.020689458,0.008866909,-0.015855558,0.43025377,-0.010714548,-0.019789934,-0.010656443,0.05875013,0.011842587,-0.013317531,-0.0045461226,-0.0039762426,0.56290734,-0.01814433,-0.010876704,-0.020338917,-0.00924091,-0.015391853,-0.004689254,0.0077808304,0.00016725925,0.5582067,-0.0105848955,-0.011823667,0.25037602,0.11392383,0.20128235,-0.003276564,-0.0055785887,-0.0049263933,0.2273354,0.8408168,0.04916518,-0.005107062,0.33256236,0.0089719985,-0.008531492,0.1786842,-0.00609091,-0.01257221,-0.02209142,-0.043621134,0.013757325,-0.027078127,-0.003922076,0.021676356,-0.011526968,-0.0074787913,-0.01763042,0.03918121,-0.015230593,-0.012020521,-0.015104109,-0.005381841,-0.008827323,-0.007636532
TCGA-CG-5718,-0.018895416,-0.021430943,-0.047222104,-0.018914571,-0.033656348,0.3737998,-0.015466261,0.054641835,-0.031258497,-0.02099739,-0.034109488,0.5616173,0.024302926,-0.011698274,-0.015638992,0.03243711,0.030516375,-0.0064230314,-0.0030264966,0.0012365939,0.80253017,-0.023463525,-0.008997092,-0.02206763,-0.0109853335,-0.00867722,0.011200013,-0.0051464913,-0.016121443,0.68911004,0.00016083149,-0.007243728,0.3347683,0.09452114,0.2379508,0.10580692,0.01160047,-0.011211562,0.24069051,1.0257028,-0.0079351,-0.028305642,0.36499506,-0.004774675,-0.0064983806,0.10509329,-0.015567405,-0.02653161,-0.030743558,-0.043660015,0.017378606,-0.020630736,-0.014573845,-0.009313442,3.216206e-06,-0.003906851,-0.037846446,0.021999167,-0.02801789,-0.009397658,-0.013899358,0.08286929,-0.02400691,-0.012003949
TCGA-CG-5719,-0.009946075,-0.03401812,-0.040702038,-0.01606274,-0.029078986,0.3900363,-0.019564703,0.058864854,-0.039071493,-0.025382347,-0.0061184885,0.5060534,-0.017001983,-0.017734384,-0.018192707,-0.005158335,0.037177622,-0.014711922,-0.022741541,-0.012963403,0.6886216,-0.024039052,-0.018906377,-0.025402687,-0.006816252,-0.016843358,-0.0080034,0.019610405,-0.0105648935,0.6794874,-0.011961034,-0.0075595207,0.35829973,0.14233974,0.25827864,-0.0018444429,-0.012650901,-0.006712227,0.30686912,1.0839841,0.07354346,-0.017464854,0.46402568,-0.0032750545,-0.011525179,0.1917886,-0.010028029,-0.025337897,-0.03071704,-0.06379329,-0.012060801,-0.037300576,-0.010258492,0.00134183,-0.01757611,-0.008850878,-0.03478539,0.015844641,-0.018725708,-0.008049639,-0.023401031,-0.01406333,-0.00797702,-0.014179066
TCGA-CG-5720,-0.011192922,-0.019144822,-0.06074262,-0.0101192,-0.024455184,0.4226783,-0.012851863,0.0432636,-0.025700219,-0.021897858,-0.03394167,0.5833422,-0.010372732,-0.01808746,-0.015268243,-0.010146657,-0.0058327806,-0.011668412,-0.018811425,-0.009985134,0.72091806,-0.016542869,-0.01703836,-0.02506108,-0.01513385,-0.021265041,-0.007754091,-0.0056879516,-0.023662254,0.6826587,-0.010674288,-0.010001302,0.32994646,0.1611062,0.2602217,-0.0075441273,-0.0060199527,-0.009021868,0.27423382,1.0462868,0.03428022,-0.01172696,0.3867573,0.068627685,-0.010878233,0.12627788,-0.008059725,-0.027271014,-0.02547818,-0.07365307,-0.012703808,-0.033871498,-0.011981236,0.025448496,-0.013601129,-0.0077897003,-0.021838319,0.030302072,-0.0241509,-0.010758596,-0.017277496,-0.010573628,-0.0133735165,-0.013019862
TCGA-CG-5721,-0.014582542,-0.021079572,-0.050942075,-0.011143084,-0.02785462,0.5004185,-0.016564645,0.07123323,-0.03507848,-0.024217712,-0.035949945,0.64382535,-0.008036064,-0.028268993,-0.01358032,-0.005162993,-0.0023234067,-0.009788234,-0.015782082,-0.0068933903,0.80816174,-0.019813873,-0.016167909,-0.027485449,-0.016168466,-0.017454954,-0.008847304,-0.009326761,-0.024046235,0.6901834,-0.011137469,-0.008296916,0.3754222,0.108602814,0.3482089,-0.013808958,-0.015459425,-0.0013436535,0.3476605,1.1276102,0.030466923,-0.014885574,0.41501635,0.052016765,-0.011065424,0.2065819,-0.0070505324,-0.029044833,-0.031446233,-0.0783266,-0.014391719,-0.039661393,-0.019768868,0.061238475,-0.01566635,-0.013592493,-0.024095293,0.04862034,-0.032776475,0.0018594442,-0.018226631,-0.012993901,-0.010446375,-0.013875023
TCGA-CG-5722,-0.009765257,-0.026021756,-0.05772801,-0.010771759,-0.02813073,0.5394825,-0.016485507,0.08163973,-0.023647066,-0.024964795,-0.036483485,0.571922,-0.015262564,-0.021278271,-0.014990383,-0.008917796,-0.008625263,-0.013467924,-0.013589875,-0.011816069,0.7964082,-0.02276662,-0.017807204,-0.029537667,-0.010539486,-0.024221122,-0.0071758726,-0.009396203,-0.016720258,0.7210515,-0.008615887,-0.0098311445,0.37330246,0.094614446,0.32022095,0.0029167475,-0.014756544,-0.008276694,0.2984455,1.1808927,0.018592302,-0.02141811,0.40885293,0.061070167,-0.006774153,0.17733543,-0.011969447,-0.02050186,-0.031506434,-0.07151203,-0.011241991,-0.03323786,-0.011993039,0.034003776,-0.01438743,-0.0065402472,-0.024030928,0.030233959,-0.022451773,-0.011931446,-0.017741509,-0.009585718,-0.0077337893,-0.010526298
TCGA-CG-5723,0.0032987571,-0.019862778,-0.05012417,-0.007617062,-0.032626357,0.4084344,-0.017899614,0.05294206,-0.026419282,0.042076718,-0.026299752,0.52649075,-0.008519251,-0.01618405,0.001979857,0.023886485,0.054423586,-0.008063624,0.005094569,-0.0098351855,0.7806931,-0.014975807,-0.012340927,-0.02219426,-0.013085116,-0.01720966,-0.0065970575,0.017769078,-0.013277701,0.6454892,-0.0122184865,-0.017610459,0.39433104,0.16942412,0.27907056,-0.01447514,0.0036990524,0.04066963,0.31882426,1.1836674,0.0031160973,-0.021478571,0.3818631,0.017423073,-0.011883051,0.2642185,-0.013336851,-0.016659822,-0.026308488,-0.059176993,0.015140742,-0.02774233,-0.01836317,0.016927127,-0.015249098,-0.006498161,-0.024963096,0.019689629,-0.022933787,-0.013338162,-0.011419609,-0.005758626,-0.005727648,-0.009503553
TCGA-CG-5724,-0.014997223,-0.02328698,-0.06803893,-0.012258983,-0.031134458,0.41913375,-0.015657976,0.09934026,-0.035978105,-0.01896918,-0.037992246,0.60850084,-0.018296171,-0.022936182,-0.0076677375,-0.007119332,0.052678555,-0.015101198,-0.024410697,-0.0073482576,0.75229025,-0.022093158,-0.02474216,-0.028771538,-0.013745271,-0.028095497,-0.012699934,-0.01727285,-0.02040793,0.59892774,-0.0077110576,-0.013804516,0.40781903,0.1969473,0.35103232,0.005399812,-0.018032942,0.017092898,0.31224662,1.151529,0.0071076364,-0.016175268,0.28004816,0.06454788,-0.0025769598,0.2111953,-0.020183831,-0.031313606,-0.037151247,-0.08163135,0.009931915,-0.03472457,-0.017851135,0.004560597,-0.009619624,0.06001289,-0.022486074,0.010234481,-0.031017069,0.028496392,-0.023758855,-0.013012197,-0.01362671,-0.022076068
TCGA-CG-5725,0.002465553,-0.030578572,-0.024026964,-0.015490824,0.055486854,0.27268583,-0.01093913,-0.004815314,-0.02869236,0.036083452,-0.015427753,0.3318981,0.011279495,-0.013597492,-0.0020429569,0.04198857,0.058562707,-0.005981759,-0.008328028,-0.008435517,0.5549346,-0.015711835,-0.017665781,-0.020229775,0.05747836,-0.010163277,0.005675295,0.038703818,-0.0131457215,0.3339594,0.01904813,-0.009110073,0.28955996,0.11274919,0.1535816,-0.0041362303,0.021550223,0.06173854,0.19821945,0.8136085,0.016592951,-0.011992192,0.18987891,-0.007131976,-0.014473844,0.13567673,-0.006871427,-0.007319837,0.04053774,-0.045422323,0.068606116,-0.028635649,-0.015554063,0.012233474,-0.0050288048,0.045728467,-0.017876694,0.019160978,-0.013192991,-0.017315071,-0.021367466,0.065818585,-0.01174845,-0.008474954
TCGA-CG-5726,0.028827414,-0.008118477,-0.06898979,-0.006442096,-0.038826536,0.50520444,-0.024642888,0.016476791,-0.029580612,-0.023723092,-0.04488358,0.68321174,-0.017958682,-0.023003355,0.0066631543,-0.026935048,-0.0026515462,-0.012629006,-0.018548004,-0.012411024,0.82023406,-0.017179891,-0.014706413,-0.03458687,-0.01802167,-0.026409129,-0.013057334,-0.011628721,-0.024707623,0.68775773,-0.012378767,-0.0077684494,0.36971152,0.13677809,0.34041703,-0.021439541,0.017499195,-0.0022468306,0.324153,1.1694489,0.015798315,-0.019850068,0.32491738,0.07259562,-0.0010907722,0.13597728,0.02022627,-0.022358365,-0.042492278,-0.08410703,0.01790626,-0.050133694,-0.020587567,0.049527485,0.007466289,-0.0075313644,-0.017586824,0.034944076,-0.02543455,-0.010756074,-0.006303821,-0.013691109,-0.011887478,-0.014189466
TCGA-CG-5732,-0.0085087195,-0.009600322,-0.03020539,-0.008781828,-0.020480366,0.30739364,-0.012505051,0.023180924,-0.021245778,-0.018077267,-0.018997157,0.43476456,0.016619256,-0.0132076,-0.012269815,0.06090078,0.042175557,-0.011992022,-0.00027347682,-0.0076741837,0.61655,-0.01560653,-0.011086486,-0.014023202,-0.012096778,-0.016258797,-0.004412321,0.016317427,-0.013103401,0.55145025,0.0021642586,-0.0066459635,0.30187777,0.11454595,0.21047187,-0.0021489921,0.017262429,0.006211296,0.28270936,0.8845309,0.027892971,-0.015709627,0.31773603,0.015545582,0.007937002,0.102133974,0.00030625114,-0.015425049,-0.021897446,-0.037740756,0.021592878,-0.017298229,-0.015608778,0.021267248,-0.01055279,0.03427692,-0.016073383,0.031768944,-0.010692006,-0.017825449,3.316626e-05,0.026482146,-0.0069697723,-0.0069861645
TCGA-CG-5734,-0.00567956,-0.014979867,-0.04376516,-0.015885744,-0.028115157,0.39513382,-0.017634878,0.09797812,-0.020988788,-0.016422234,-0.021246074,0.49701995,-0.013290329,-0.015617648,-0.013632454,0.0034860075,0.019762993,-0.006331469,-0.013879007,-0.0060038716,0.6595646,-0.016507778,-0.008647109,-0.021481127,-0.011542138,-0.014301682,-0.008526324,0.02685084,-0.013255295,0.667483,-0.010205752,-0.006178622,0.33814755,0.07381681,0.23713116,-0.010489413,-0.0040895846,-0.006905832,0.2567833,1.0605534,0.049137294,-0.012002191,0.42301303,0.02102167,-0.004264242,0.21740368,-0.012609487,-0.016570376,-0.023249868,-0.051760744,-0.0118053425,-0.023533732,-0.011731646,0.056373704,-0.0059426827,-0.007509905,-0.02297258,0.09950441,-0.024525337,-0.008491326,-0.013676047,-0.013854884,-0.011544118,-0.007707206
TCGA-D7-5577,-0.009393078,-0.022147935,-0.07136396,-0.0092352545,-0.03178901,0.5726346,-0.0143940495,0.09743522,-0.029156305,-0.026093494,-0.037464097,0.617269,-0.010550392,-0.023465784,-0.02015105,0.0001298897,-0.0073262323,-0.009045346,-0.016458789,-0.016563304,0.8229262,-0.022959093,-0.019377928,-0.03969059,-0.014209352,-0.026207624,-0.007695721,-0.013631592,-0.024142127,0.77009875,-0.012027153,-0.015253179,0.39151418,0.065085985,0.3887791,-0.0076336125,-0.019413263,0.0047398307,0.28524542,1.2092757,0.0116339475,-0.02384406,0.34081027,0.08682857,-0.0061710784,0.2182887,-0.018925164,-0.02209542,-0.033085786,-0.0785549,-0.010008618,-0.039416738,-0.019029697,0.011138343,-0.0008181771,-0.003962628,-0.032301754,0.008691736,-0.03174079,-0.017603904,-0.018952144,-0.011223456,-0.012727291,-0.014029963
TCGA-D7-5578,-0.0046444894,-0.020874713,-0.06193135,-0.014266843,-0.024547502,0.41399026,-0.01704282,0.0054868977,-0.034620356,-0.022666264,-0.03203483,0.5845785,-0.009655606,-0.0128084505,-0.014017409,-0.0062111523,-0.0022416087,-0.015186225,-0.018805286,-0.007783006,0.73647606,-0.016454782,-0.0138884615,-0.029277109,-0.018533321,-0.02282386,-0.013930032,-0.0047171996,-0.023741923,0.64737093,-0.009540169,-0.006773838,0.30091763,0.15646127,0.3001859,-0.013206694,-0.00843975,-0.010020461,0.37433198,1.1053737,0.030199105,-0.00033442304,0.38474175,0.07387961,-0.012419809,0.19263947,-0.008773468,-0.024617292,-0.034264527,-0.073850736,-0.01612621,-0.03525196,-0.012124983,0.00633311,-0.014011141,0.00483191,-0.023279527,-0.002186872,-0.017198877,-0.011587683,-0.015766198,0.0017275186,-0.011518827,-0.008370698
TCGA-D7-6518,-0.015669962,-0.035297833,-0.048125245,-0.02687535,-0.028522983,0.25268945,-0.02434659,0.034270998,-0.036453515,-0.027016193,-0.02596227,0.48351145,-0.007712339,-0.018927211,-0.02108339,-0.008997439,0.023639265,-0.015109872,-0.028923364,-0.0042213383,0.6032411,-0.019118845,-0.021301124,-0.021785293,-0.017340755,-0.015090814,-0.0052396003,-0.0069545824,-0.008760285,0.59680825,-0.015222823,-0.004362061,0.32584387,0.15795156,0.2997966,0.045795966,-0.0094746705,-0.0058058403,0.2036595,0.90579414,0.054264348,0.00095341366,0.43338886,0.0106211435,-0.0032885897,0.23563126,-0.013352188,-0.031672787,-0.029548218,-0.071987286,-0.01040983,-0.035339423,-0.013499159,-0.01518777,-0.010351691,0.009693718,-0.04097639,-0.00085663516,-0.017317817,-0.008017513,-0.029075127,-0.009010756,-0.009212055,-0.01289121
TCGA-D7-6519,-0.009205594,-0.021865668,-0.02821166,-0.012761497,-0.031889196,0.3691988,-0.0052469065,0.006565433,-0.03185232,-0.021950923,-0.021984834,0.5193522,-0.0061189295,-0.012561422,-0.020023484,-0.0018118715,0.007974937,-0.014843777,0.013135546,-0.015322377,0.7832028,-0.022838881,-0.014059413,-0.022805503,-0.012343607,-0.0161646,-0.014548472,-0.004633832,-0.018934058,0.60183275,-0.00981836,-0.016669022,0.32845825,0.12031027,0.18241578,-0.0009864568,-0.001216435,0.017953161,0.35193267,1.1245224,0.035322428,-0.008151805,0.32442987,0.015261575,0.002853727,0.26805615,-0.015678545,-0.011073813,-0.030496936,-0.06609016,0.08652743,-0.031666446,-0.02196783,0.017991878,-0.010623779,-0.0050487136,-0.010851357,0.08037011,-0.0054547144,-0.018307341,-0.019618135,0.076514974,0.04329716,-0.013022291
TCGA-D7-6520,-0.011486655,-0.017958978,-0.021708874,-0.010829877,-0.023585461,0.29072565,0.0004929225,0.041324735,-0.03133422,0.0051758382,-0.010450076,0.44238687,0.0029334906,-0.011465227,-0.0074897134,0.038857114,0.0016310974,-0.013575811,-0.018853685,-0.008595696,0.60891443,-0.018216819,-0.009696195,-0.017464807,-0.0064680944,-0.01072307,-0.0055958517,0.032101553,0.0038136325,0.5376508,-0.008871775,-0.010335035,0.30248713,0.09724816,0.260531,0.051790036,0.029306037,-0.010511264,0.3063466,0.8850788,0.053681605,-0.0060514607,0.4236889,-0.0022860393,-0.001762762,0.18577003,0.009759394,-0.0193889,-0.034492474,-0.04450522,-0.0031310772,-0.016356267,-0.009501968,0.002506562,-0.0096092895,-0.008493898,-0.021514507,-0.0044120257,-0.0025540637,0.014449587,-0.016207194,0.049964145,0.0126137575,-0.010339901
TCGA-D7-6521,0.0039271684,-0.021289734,-0.040352155,-0.0159554,-0.02329503,0.3270044,-0.02263008,0.043779433,-0.032947782,-0.020067416,-0.01191144,0.46789703,0.0068841083,-0.011618293,-0.020363178,-0.0055293706,-0.0030634177,0.012771524,-0.015171146,-0.010951682,0.62960994,-0.014271514,-0.01377892,-0.020334963,-0.015259488,-0.018097976,-0.010440213,0.027705478,-0.008501674,0.5812198,-0.007999921,-0.0136506725,0.31239593,0.14984405,0.23704475,-0.0071260617,-0.007487015,-0.007841804,0.19999042,0.9353546,0.037728608,-0.012770416,0.40207237,-0.0028852979,-0.006852938,0.2082302,0.00042379322,-0.011676166,-0.021735625,-0.059744082,-0.011588451,-0.031335242,-0.013864526,-0.0065744487,-0.01649527,-0.01124974,-0.019751608,0.0033658664,-0.026405673,-0.012285267,-0.026177727,0.049796253,0.0018351125,-0.008184435
TCGA-D7-6522,-0.0028230892,-0.028066695,-0.039365858,-0.024093479,-0.018942714,0.31525564,-0.023629617,0.04100945,-0.037767492,-0.025928296,-0.021817334,0.4796542,-0.012856974,-0.016211346,-0.024225965,0.022285797,0.027451364,-0.013646957,-0.029609196,0.0011154797,0.6295936,-0.023237828,-0.02024351,-0.0169164,-0.01625235,-0.020724049,-0.014606369,-0.011260173,-0.010332238,0.66072565,-0.01197244,-0.0066049416,0.3476221,0.14254579,0.26855683,-0.005970773,-0.011356913,-0.0013243144,0.25845367,0.9637952,0.06379501,0.0026624873,0.4399737,0.0011523529,-0.008467188,0.2341018,-0.008258853,-0.029123211,-0.032318514,-0.055633776,-0.015827823,-0.026636183,-0.010022123,-0.0069376207,-0.018173175,-0.000493526,-0.03777723,0.017630236,-0.015291937,-0.011425766,-0.026122332,-0.009609532,-0.0085156895,-0.009244215
TCGA-D7-6524,-0.014999513,-0.03042373,-0.04392066,-0.016907405,-0.024141202,0.3245901,-0.019236151,0.057905797,-0.042750545,-0.02209038,-0.026985196,0.5238682,-0.011890694,-0.021814846,-0.016142854,-0.0056023346,-0.006805093,-0.014673416,-0.029131334,-0.0078393305,0.7052556,-0.020553768,-0.021453153,-0.024489127,-0.01849931,-0.019778112,-0.011583697,-0.008420554,-0.010834138,0.6896831,-0.012614785,-0.0066263424,0.30438513,0.14444086,0.30401343,-0.00943245,-0.013937296,-0.009167541,0.24993517,1.0068543,0.1051988,0.0039332155,0.4415933,0.0034562936,-0.0049827816,0.24776748,-0.013471269,-0.029597793,-0.040997468,-0.072822824,-0.023159571,-0.03737233,-0.0067707542,-0.011978705,-0.017807927,0.007915979,-0.03672498,0.008075668,-0.0014657886,-0.011934072,-0.029636288,-0.01108935,-0.0062461863,-0.013828654
TCGA-D7-6525,-0.007991132,-0.0261065,-0.059284728,-0.0072452407,-0.04023811,0.39661032,-0.018092375,0.025393795,-0.033163987,-0.022274423,-0.03503584,0.5292615,-0.015018426,-0.024889411,-0.008785088,-0.010311496,0.010520101,-0.017460303,-0.018353024,-0.016776152,0.68836397,-0.02448127,-0.016717806,-0.030335564,-0.011522986,-0.022371203,-0.010922647,-0.008952356,-0.014251281,0.56580323,-0.009216995,-0.0013432102,0.2586815,0.102158144,0.23626992,-0.0094516445,-0.019020129,0.050391685,0.22689387,1.0485778,0.056216776,-0.013277578,0.3573951,0.046566803,-0.01816446,0.24604681,-0.009793488,-0.030155046,-0.031714458,-0.07740953,0.07744104,-0.042542677,-0.01358193,0.0071733724,-0.017947838,0.01394815,-0.02441097,0.008174543,-0.01778882,-0.00085334387,-0.01567759,0.044817965,-0.014688879,-0.021997998
TCGA-D7-6526,-0.004286848,-0.01689405,-0.02835399,-0.011885652,-0.018404903,0.34640694,-0.011547857,0.06979254,-0.023636773,0.00461418,-0.01426468,0.50643873,-0.0058830194,-0.011806876,0.0016319482,0.032974944,0.040891286,0.0039223684,0.0067866975,-0.007612243,0.6758167,-0.018499397,-0.0072486405,-0.013268156,-0.0069041224,-0.015601952,-0.008611807,0.019842492,-0.008981994,0.5414963,-0.0072920583,-0.008747676,0.3336259,0.12222491,0.2351732,-0.005504671,-0.009140442,0.027323361,0.30114213,0.96904624,0.044067696,-0.018198323,0.32611638,0.039238773,-0.007496494,0.16125403,0.03545336,-0.015579736,-0.027396228,-0.04146799,0.039232627,-0.024528751,-0.013847066,0.013812633,0.015947472,0.04291918,-0.011221537,0.01534898,-0.01667964,-0.012914959,-0.010408424,0.0063842973,-0.014656046,-0.011525311
TCGA-D7-6527,-0.008317641,-0.01568285,-0.02136381,-0.013158356,-0.019728083,0.29295927,-0.0116565935,0.029233921,-0.025483549,-0.022296589,-0.017174276,0.47549826,0.0014443502,-0.014143499,-0.009156223,0.020050118,0.029930253,-0.007211803,-0.008271364,-0.010370012,0.6244711,-0.010396424,-0.0077074794,-0.013289016,0.011728772,-0.01381232,0.018751323,0.0033808877,-0.019977836,0.5163231,-0.00861277,0.0008498132,0.27014324,0.12070282,0.2648184,-0.0027252482,-0.002493982,-0.0066878237,0.21561058,0.81071836,0.017858338,-0.014885231,0.3108073,0.07207006,0.009809277,0.0882485,-0.004837972,-0.009404343,-0.017932273,-0.029496472,0.06383112,-0.019358885,-0.012790697,0.0030964706,-0.007400698,-0.0059683346,-0.014897827,0.020319019,-0.008459723,-0.021305962,-0.008073454,0.005036302,0.02537743,-0.016453499
TCGA-D7-6528,0.01682739,-0.02016703,-0.07006134,0.007277796,-0.035063416,0.53863263,-0.01321933,0.07504913,-0.034645244,0.022009492,-0.028633665,0.6550007,0.007841143,0.04323932,-0.0049861553,-0.022374094,0.035530064,-0.0077625,-0.016471216,-0.007905431,0.9574092,-0.022737963,-0.021547826,-0.021811323,-0.010043682,-0.023617081,0.02043498,-0.009933157,-0.033399064,0.77605987,-0.01340214,-0.017560963,0.46309716,0.18079975,0.3465068,-0.005559616,-0.012385242,-0.018502917,0.32182926,1.266647,0.034843627,-0.022959068,0.30207565,-0.004280059,-0.008516373,0.15737927,-0.009985252,-0.01782933,-0.03266775,-0.0661097,0.04807967,-0.036307767,-0.020015322,0.010462267,0.018550146,-0.015127275,-0.019858591,0.0060938257,-0.0370561,-0.013381004,-0.018304039,-0.012221663,-0.008948339,0.03078176
TCGA-D7-6815,0.0126544805,-0.017818771,-0.05513156,-0.022482894,-0.037702363,0.34363833,-0.014678098,0.013260281,-0.032712806,-0.00944939,-0.02189994,0.5805199,-0.022014039,-0.023213822,-0.012357817,-0.0014280116,0.05258634,0.012248965,-0.018959574,-0.016712377,0.7751727,-0.018184727,-0.016103625,-0.017007047,-0.010825394,-0.02673892,-0.003658194,-0.014031051,-0.01985441,0.7732545,-0.011136205,-0.009214615,0.4175036,0.1148379,0.3061527,-0.020952847,-0.017537951,0.02600788,0.27981666,1.1116292,-0.0074791284,-0.016244628,0.41620135,0.082130015,0.050281156,0.15194567,-0.005767048,-0.031517625,-0.03526614,-0.065062895,-0.0010116089,-0.044336222,-0.018034006,0.018936215,0.025904803,0.038261015,-0.027425203,0.028638894,-0.031611566,-0.023108045,-0.03135258,0.085441805,-0.013486057,-0.013700724
TCGA-D7-6817,-0.00877642,-0.01918057,-0.02904016,-0.013085178,-0.025301801,0.3165332,-0.016613321,0.030452173,-0.023553584,-0.017513085,-0.018147971,0.44073543,0.0078330245,-0.01831242,-0.007098984,0.06237243,0.042718153,-0.010090437,-0.017272644,0.0015838956,0.6983318,-0.015609857,-0.003941888,-0.014066704,-0.012667231,-0.025064016,0.008195123,-0.004293142,-0.011759153,0.6075308,-0.015145274,-0.0121259475,0.33964178,0.120569505,0.21189319,-0.006966749,0.0018003033,-0.002296511,0.32847244,1.0463252,-0.0028603035,-0.014101437,0.33394957,0.06760394,-0.0112071745,0.14441109,0.014708047,-0.0091549605,-0.026459971,-0.04789662,0.008218875,-0.025894562,-0.009546595,0.02167666,-0.013784048,-0.005500095,-0.019452294,0.011049306,-0.011814248,-0.0130733065,0.0004424993,-3.8101804e-05,-0.008628992,-0.017551098
TCGA-D7-6818,-0.007408885,-0.02701334,-0.034500808,-0.014447409,-0.0260085,0.18240479,-0.02202991,0.05474817,-0.03623446,-0.01414257,-0.019597543,0.38002396,-0.011002422,-0.01707267,-0.013889899,-0.0038543525,0.07061078,0.02899773,-0.022748763,-0.006360706,0.55704224,-0.022211444,-0.016617179,-0.008579925,-0.013363797,-0.009300624,-0.014925221,-0.006264302,-0.016241541,0.52443695,-0.0098618325,-0.008173086,0.3155521,0.1261934,0.204732,0.015260244,-0.015773058,-0.0042907866,0.21647088,0.89833546,0.032112926,-0.010141058,0.29653648,0.0018327283,-0.012830753,0.18555447,0.0170063,-0.022008799,-0.033654377,-0.047702186,-0.009636496,-0.029802728,-0.013901604,-0.00908767,-0.007275694,-0.01550215,-0.029796284,0.028019115,-0.012816596,-0.018250626,-0.02327665,0.07262969,-0.010408511,-0.008319688
TCGA-D7-6820,-0.011397101,-0.008683088,-0.025229212,-0.013295917,-0.021836856,0.30478358,0.008938275,-0.011429004,-0.027163249,-0.013970912,-0.018563967,0.49000546,0.02480072,-0.024881797,-0.017473293,0.10185001,0.057007812,0.029851025,0.020823259,0.008975923,0.7317438,-0.020066617,-0.009811832,-0.014267391,0.010065788,-0.012512568,0.011392808,0.038613517,-0.017729033,0.57822275,-0.013187902,-0.009004491,0.29632336,0.07500815,0.34351847,0.023128904,-0.0017501265,-0.0032124459,0.34555185,1.0363817,0.021657862,-0.024090163,0.32444412,0.070607126,-0.020530272,0.09422356,-0.00052992604,0.0005962206,-0.020338286,-0.03261188,0.058245722,-0.02845747,-0.011067774,4.741107e-05,0.0048026736,-0.011456493,-0.021841463,0.010542286,-0.016745543,-0.020487329,0.0014348533,-0.00052045844,-0.009063462,-0.00010543445
TCGA-D7-6822,-0.018041227,-0.03432279,-0.070985496,-0.013986386,-0.018940913,0.54662913,-0.023664925,-0.0043845247,-0.039834462,-0.020727135,-0.033601925,0.6217479,-0.016124913,-0.017986862,-0.011347812,-0.020163385,-0.0023619211,0.018286848,-0.020684801,-0.018674444,0.75477934,-0.022900868,0.010726493,-0.03295855,0.08271289,-0.034880172,-0.008695071,-0.005594204,-0.03154988,0.63963825,-0.02498309,-0.012734217,0.31837636,0.12598568,0.3477587,-0.010204093,-0.0054035513,0.013530225,0.32842296,1.1289927,0.021570113,-0.021014139,0.2465285,0.0077436934,-0.013066816,0.30931145,-0.014468117,-0.032538835,-0.02783748,-0.0856041,0.035077676,-0.028596897,-0.01358703,0.0086013265,0.01603496,-0.01766323,-0.02788435,-0.005107995,-0.026139345,-0.01488247,-0.027256155,-0.018875983,-0.038731076,-0.031328246
TCGA-D7-8570,-0.01210326,-0.023038179,-0.059686508,-0.006006032,-0.030345177,0.4730242,-0.013335969,0.039936498,-0.029586306,-0.021391321,-0.033630524,0.5509162,-0.0070523713,-0.0204608,-0.019155273,-0.00958164,-0.007898092,-0.012934651,-0.014630565,-0.014618988,0.7039643,-0.020635385,-0.013809178,-0.027780823,-0.017859016,-0.02491609,-0.008353572,-0.0085537005,-0.014212616,0.6710401,-0.012621843,-0.0134884985,0.32421985,0.0827283,0.27974963,-0.0060277535,-0.017695343,-0.00453561,0.24183272,1.0594454,0.035944007,-0.013886123,0.3604704,0.050231215,-0.013447276,0.19555373,-0.00923825,-0.021155735,-0.027646843,-0.07354219,-0.007735434,-0.029227167,-0.0155982245,-0.0058265147,-0.011293458,-0.011357926,-0.025669526,0.021332819,-0.025742322,-0.015263531,-0.0037982306,-0.010985075,-0.0056248954,-0.013603193
TCGA-D7-8572,-0.0025490867,-0.033045247,-0.029082121,-0.014736448,-0.024310997,0.30508906,-0.014549113,0.056562617,-0.042199805,-0.028427705,-0.021935333,0.47753596,-0.016176583,-0.023713537,-0.013712838,0.009376459,0.076026365,-0.014759355,-0.030982539,-0.00995913,0.7153976,-0.019697584,-0.021779537,-0.027230978,-0.013876862,-0.025255922,0.00068642944,-0.008975033,0.00475033,0.595216,-0.012294617,-0.008214913,0.33408004,0.12697709,0.23011291,0.02515328,0.03893301,-0.003684732,0.25907403,1.0289214,0.027109843,-0.012226364,0.33940881,0.014874614,-0.014828222,0.15826993,0.0063159247,-0.025141109,-0.039663367,-0.059204698,-0.005928624,-0.032148678,0.011130271,-0.0114738885,-0.013851027,0.007233855,-0.025424149,0.07738063,-0.015285274,-0.0080580255,-0.022702482,0.015255294,-0.007707762,-0.014974153
TCGA-D7-8573,0.014193153,-0.017219763,-0.08221607,-0.00808826,-0.032090183,0.5574624,-0.01980095,0.024945615,-0.028764654,-0.02108401,-0.04432351,0.69419706,-0.015170372,-0.025167108,-0.014335045,-0.022569802,-0.010121148,-0.016822588,-0.01904899,-0.013947891,0.8086392,-0.018612783,-0.017082365,-0.03789151,-0.0100835785,-0.02630322,-0.007563845,-0.011622711,-0.03237872,0.80902565,-0.012679522,-0.011746569,0.3833591,0.09832088,0.2442083,-0.009934484,-0.018822502,0.015132571,0.2815127,1.1920804,0.008727429,-0.020634763,0.31209356,0.06867185,-0.002005154,0.17803755,-0.012351476,-0.032383725,-0.03240446,-0.087897606,0.009390039,-0.042824797,-0.015020434,0.017109236,0.0030633528,0.0008348371,-0.022473164,-0.007119634,-0.032384004,-0.019580018,-0.0011546016,-0.011982162,-0.016251955,-0.013955699
TCGA-D7-8574,-0.006605597,-0.042640746,-0.035211664,-0.024222083,-0.023419756,0.36873674,-0.024477871,0.03039445,-0.03872032,-0.02714296,-0.022921633,0.51900256,-0.014258344,-0.021286659,-0.022068493,-0.0046397164,0.061758783,-0.02052977,-0.033200964,-0.008865016,0.7312873,-0.030517064,0.031041265,-0.021120228,-0.02451533,-0.020363057,-0.008245319,0.0064592445,0.010565093,0.79651976,-0.018025955,-0.010811493,0.42723444,0.13056633,0.30471474,-0.0037102073,-0.016864454,-0.012639778,0.31083935,1.1436819,0.09033663,-0.0028183265,0.50155675,0.04216372,0.005467654,0.20906262,-0.007888579,-0.027231768,-0.037389703,-0.059523083,-0.021113895,-0.032761313,-0.01170839,-0.017249573,-0.017643321,0.015128294,-0.03580989,0.01743429,-0.01199864,-0.013605622,-0.036237866,-0.014326561,-0.00835091,-0.011777758
TCGA-D7-8575,-0.010348047,-0.0208122,-0.04231822,-0.011830654,-0.033300556,0.31876385,-0.018209184,0.03933031,-0.031004775,0.016454984,-0.024704942,0.500816,0.0050083147,-0.013647588,-0.0254129,-0.007803379,0.09847964,-0.0070977723,0.033586428,-0.015535245,0.66559345,-0.023315772,-0.005295516,-0.010544933,-0.013746479,-0.011644357,-0.010862652,-0.0012568231,-0.019054554,0.66615224,-0.011278128,-0.012063419,0.38648635,0.13228868,0.28523272,0.007966872,-0.008236644,-0.012903898,0.18955372,1.0023994,0.00728871,-0.015805602,0.44768548,0.02643666,-0.010380352,0.19248992,-0.014006424,-0.015855996,-0.026056971,-0.069023676,0.111666605,-0.03773869,-0.026535718,0.009875454,-0.018890424,0.0038393303,-0.023890939,0.08475672,-0.033919603,-0.012217087,-0.009915654,-0.010817996,-0.007821877,-0.018515715
TCGA-D7-8576,-0.0076565975,-0.015192542,-0.038327284,-0.015535837,-0.032728855,0.41527915,-0.018681383,0.026497226,-0.029981768,-0.016130164,-0.02100617,0.41798684,-0.011883592,-0.012249749,-0.015808774,-0.0031827262,0.0022829112,0.05195747,-0.010120673,-0.016925618,0.63270736,-0.013784807,-0.010928959,-0.01782251,-0.009108243,-0.008714332,-0.012745755,-0.0057481965,-0.011088239,0.5984696,-0.010131016,-0.017379612,0.4069808,0.1041598,0.23163027,-0.009302816,-0.010257407,-0.007140369,0.26482743,0.9525896,0.024650492,-0.002813547,0.36214662,0.067353696,-0.010218778,0.22731677,-0.001719156,-0.007051327,-0.028926712,-0.061292484,0.12872536,-0.038130827,-0.010012398,-0.00015957002,-0.020917224,0.0062900744,-0.024604175,0.013840289,-0.015019395,-0.012130836,-0.015158081,-0.0063508316,-0.016252944,-0.013083804
TCGA-D7-8578,-0.014179778,-0.027805269,-0.0317545,-0.013831911,-0.02005966,0.22727588,-0.020638641,0.024893774,-0.03042113,-0.0045695677,-0.017544238,0.38967553,-0.0064064343,-0.021302693,-0.0167203,0.02589892,0.053199414,-0.011899004,-0.02044395,-0.010082108,0.5273447,-0.014825897,-0.018905018,-0.014840365,-0.0067553697,-0.009428477,-0.008736671,0.044099003,0.008003794,0.5001437,-0.013955511,-0.012846563,0.28408498,0.11841363,0.2412839,-0.0058592805,-0.0036959732,-0.0012843143,0.18657267,0.8395622,0.09871611,0.022291005,0.35743836,-0.0038561726,-0.008726909,0.25538847,-0.0051179603,-0.018303603,-0.022792663,-0.049110875,-0.0078558065,-0.027444188,-0.013989406,-0.00680172,-0.014863176,0.019997422,-0.024151895,0.022267768,-0.002153691,-0.011606575,-0.024063421,0.04703661,-0.0021033431,-0.012705151
TCGA-D7-8579,-0.015589453,-0.041673966,-0.051653218,-0.018580064,-0.027317243,0.31640676,-0.02777556,0.020912554,-0.0361978,-0.02726109,-0.029428605,0.4241679,-0.013610344,-0.022024762,-0.01999136,-0.0074951956,-0.00066606887,-0.016812284,-0.024759758,-0.0068267165,0.56600046,-0.02393019,-0.014475921,-0.027033549,-0.014038495,-0.021402575,-0.012409316,-0.0051920535,-0.0015862687,0.61274946,-0.014509102,-0.010449841,0.3344638,0.12997489,0.22631603,-0.0074561527,-0.010480884,-0.011501384,0.2018939,0.88369036,0.06824319,0.02180101,0.340259,0.018919969,-0.009985969,0.19877645,-0.007243203,-0.028743174,-0.026000332,-0.06842471,-0.00891725,-0.032367326,-0.009058589,-0.01637322,-0.020159777,0.018128052,-0.031878125,0.0077833855,-0.018075412,-0.014385421,-0.021751534,-0.013143569,-0.008178244,-0.012195831
TCGA-D7-A4YT,-0.010094211,-0.03561732,-0.04155884,-0.007633877,-0.027470116,0.43294138,-0.019868601,0.028165638,-0.035528746,-0.026661301,-0.030059012,0.55677813,-0.012740212,-0.028562628,-0.02116517,-0.013849659,0.20250115,-0.012137389,-0.013399333,-0.016836744,0.820817,-0.019397119,-0.010418737,-0.034799624,-0.0043207863,-0.013850374,0.0341412,-0.013310755,-0.02094474,0.7352321,0.024855208,-0.011931,0.38936418,0.21364,0.25920576,-0.010972181,-0.013040893,-0.011682982,0.24997213,1.0890049,-0.007892206,-0.015480953,0.31636375,0.041342292,4.4028275e-06,0.10797595,-0.0076861335,-0.024119115,-0.0353147,-0.07207727,0.16269456,-0.0367396,-0.018960768,-0.012827189,-0.01791662,-0.013947414,-0.029274167,0.021589532,-0.02251004,-0.022111163,0.023246825,0.057883225,-0.012131961,-0.016657155
TCGA-D7-A4YU,-0.003764372,-0.037316024,-0.070615955,-0.007333785,-0.026866551,0.4237975,-0.018547582,0.06640606,-0.03747686,-0.022159468,-0.036468074,0.54721045,-0.016262945,-0.024722725,-0.016931541,-0.021927575,0.012098072,-0.015529024,-0.015122178,-0.01434984,0.7489114,-0.024331314,-0.020264827,-0.022906907,-0.02083719,-0.02250474,-0.016005453,-0.012770042,0.01071293,0.7055713,-0.0131768435,-0.0113217505,0.38118988,0.12692896,0.22068739,-0.012627244,-0.018106658,-0.007868041,0.2620723,1.104022,-0.0053844377,-0.00066856295,0.33274633,0.029873736,-0.01610238,0.158896,-0.013706186,-0.03094453,-0.032294787,-0.08910771,-0.015067861,-0.023408981,-0.012566093,-0.012831941,-0.012915503,-0.0075680153,-0.028470077,-0.005801182,-0.02613744,-0.012097776,-0.019025696,-0.017585162,-0.011539153,0.0032060086
TCGA-D7-A4YV,-0.006948818,-0.035036594,-0.07306799,-0.011383019,-0.030753648,0.570086,-0.026626665,0.062402684,-0.041483875,-0.026550792,-0.03524303,0.6293442,-0.02146732,-0.024668388,-0.012244485,-0.023429006,0.00078584417,-0.013280857,-0.015102259,-0.015007794,0.80806863,-0.025619939,-0.010078212,-0.027856573,-0.015188612,-0.024449276,-0.01340056,-0.013485212,-0.017989308,0.69151545,-0.006965544,-0.016109094,0.41751143,0.16478865,0.24216461,-0.0072529786,-0.022960488,-0.009208596,0.25288534,1.1839057,0.005231946,-0.016617544,0.27393204,0.044898722,-0.0031156894,0.1907838,-0.010284579,-0.027841145,-0.039184265,-0.093239725,-0.011648762,-0.04531806,-0.01194459,-0.014947474,-0.022091633,-0.014372305,-0.030373253,0.017393667,-0.032089815,-0.019970465,-0.019536935,-0.017477728,-0.0072691897,-0.014479845
TCGA-D7-A4YX,0.0120437965,-0.018250845,-0.08540949,-0.009288062,-0.031259764,0.5871872,0.0020942609,0.033310533,-0.02904668,-0.015319191,-0.047783192,0.661155,0.0004183331,-0.027339559,-0.018677525,-0.027596846,0.009286248,-0.016909612,-0.01828076,0.008842658,0.8401465,-0.02225593,-0.01723618,-0.033520624,-0.015347205,-0.032110576,-0.005312449,-0.008210145,-0.030071247,0.76292497,0.04049174,-0.011639089,0.4048818,0.12201689,0.32681036,-0.0076612136,-0.018887732,-0.010615509,0.26080698,1.2596383,-0.014005758,-0.025144337,0.3412099,0.020842759,-0.0056915926,0.1518255,-0.009224117,-0.031837873,-0.03247481,-0.09202504,0.004406727,-0.047500484,-0.018179776,0.02536375,-0.020041434,-0.016040275,-0.018633721,-0.014029233,-0.036539897,-0.020164467,0.016588653,-0.01772809,-0.00980831,-0.015929636
TCGA-D7-A4YY,0.005934462,-0.033624504,-0.08806252,5.012937e-05,-0.037997417,0.50416374,-0.019306798,0.03237234,-0.027251404,-0.020352326,-0.0503033,0.6384762,-0.016034048,-0.02647923,-0.021561647,-0.03041475,0.04104828,-0.021938436,-0.020862378,-0.02250612,0.77048385,-0.023630913,-0.02062758,-0.03224852,-0.021375116,-0.033662934,-0.017877687,-0.015834868,-0.01966862,0.7313715,-0.0008443515,-0.013830379,0.3568878,0.1335541,0.28252587,-0.009717141,-0.024022669,-0.002517893,0.2224209,1.1244435,0.023792254,-0.015794847,0.2859787,0.06553093,-0.009366835,0.20358795,0.0016338676,-0.04220168,-0.043263905,-0.09707638,-0.006305994,-0.048454534,-0.022723053,0.01383789,-0.023564842,-0.013540791,-0.024966344,0.024474502,-0.03185408,-0.015656706,-0.020406784,-0.016784616,-0.008785039,-0.020653218
TCGA-D7-A4Z0,-0.009886623,-0.036528938,-0.06606288,-0.018031843,-0.035344403,0.41550484,-0.034997918,0.028260957,-0.03749091,-0.017010577,-0.035532862,0.5472315,-0.011945519,-0.026991991,-0.018178795,-0.012075753,0.043381087,-0.014794246,-0.02056322,-0.007995519,0.76697135,-0.025964445,-0.017438434,-0.026023049,-0.017284121,-0.027506763,-0.015978403,-0.0066762203,-0.01171982,0.7713889,-0.006649818,-0.009584111,0.34642568,0.11801939,0.33132237,-0.008279896,0.011563759,-0.011742711,0.28700942,1.0327024,0.0825726,-0.0058354666,0.4357493,0.045783132,-0.008668696,0.19166547,-0.015941532,-0.028996158,-0.037895426,-0.08163157,-0.00883007,-0.04494985,-0.010424624,0.005789455,-0.021361329,-0.0023393987,-0.035557788,0.021275502,-0.020774653,-0.013237553,-0.017079737,-0.014055135,-0.0072376924,-0.0101588145
TCGA-D7-A6EV,0.013807217,-0.018941266,-0.06874324,-0.018415054,-0.03914519,0.51792216,-0.010758315,0.024720611,-0.030378785,-0.028137676,-0.04615744,0.65065765,-0.013098477,-0.011077142,0.002244018,0.008776955,0.079500936,-0.0155219,-0.01386209,-0.0059067914,0.8904209,-0.025660485,-0.011587684,-0.022476997,-0.02168485,-0.025780065,-0.013727002,-0.012403772,-0.026765954,0.75763774,-0.0036233445,-0.025169168,0.41720957,0.22179116,0.3306483,-0.0058236467,0.00034992862,0.0013206848,0.25387302,1.2984687,-0.009520609,-0.018196149,0.31786245,0.09576121,0.048637986,0.1312992,-0.0066358307,-0.016985629,-0.0414785,-0.07753141,0.047875535,-0.038658775,-0.016653165,-0.009795932,-0.021519057,-0.009834927,-0.025738487,-0.0022418266,-0.027118756,-0.02467556,0.009266827,-0.0096353255,-0.016210862,-0.0064987694
TCGA-D7-A6EX,0.008191153,-0.03403755,-0.05631243,0.011754936,-0.04210743,0.37984604,-0.004380763,0.044551812,-0.037060346,-0.024569232,-0.041088738,0.6453608,-0.020149142,-0.021950278,-0.015332084,-0.015236961,0.04793583,-0.00543847,-0.014540456,-0.022116724,0.8764605,-0.020168945,-0.017139817,-0.022069162,0.009368419,-0.024519963,0.02586419,-0.009648899,-0.017550824,0.6542638,0.006191625,-0.023239423,0.50008726,0.046425253,0.19569233,-0.0019206326,-0.017990358,-0.017102238,0.2735382,1.2396953,-0.0066038095,-0.02230407,0.33180252,0.0058667893,0.0072162016,0.18418926,-0.017872626,-0.021156088,-0.04303663,-0.07890896,0.3114073,-0.030327622,-0.019094078,-0.019658677,-0.0073727854,-0.011615511,-0.013641863,0.00079171686,-0.027269248,-0.021631075,-0.026057849,-0.0031288578,-0.01748173,-0.0140248565
TCGA-D7-A6EY,-0.011338422,-0.030557021,-0.053729154,-0.0110225715,-0.034112573,0.42997605,-0.019762527,0.038510326,-0.02963487,-0.025030091,-0.028359398,0.53032804,-0.018415857,-0.020086152,-0.016133599,-0.005445526,0.05765134,-0.010977709,-0.012767501,-0.0013223275,0.71293133,-0.021863751,-0.012232352,-0.02888526,-0.004074462,-0.021903086,-0.007877968,-0.010938652,-0.013605084,0.72904193,-0.010676155,-0.009341782,0.3743401,0.13463694,0.32642972,-0.004144569,-0.010476198,-0.010211448,0.29261565,1.0591756,0.044117443,-0.010733439,0.39829373,0.040020958,-0.010794019,0.18360649,-0.011075809,-0.019215418,-0.03440646,-0.06779318,-0.01759519,-0.036934175,-0.016537549,0.005241231,-0.020347457,-0.0039619016,-0.024559006,0.02146861,-0.01612996,-0.013133302,-0.007467444,-0.008084565,-0.0106202625,-0.011716609
TCGA-D7-A6EZ,-0.006459101,-0.022030316,-0.08059835,0.0097940285,-0.03279056,0.59772205,-0.015419336,0.051207356,-0.03534849,-0.02805121,-0.04239931,0.64700204,-0.015849255,-0.027660403,-0.010180295,-0.009792254,0.007818835,-0.013887653,-0.015000367,-0.0103161475,0.8608731,-0.024183849,-0.018147388,-0.03366688,-0.019183675,-0.027510144,0.023818353,-0.013024522,-0.02493157,0.7446258,0.0017976093,-0.017164342,0.38600814,0.10926044,0.28239366,0.0052482644,-0.022686437,-0.012960915,0.2584693,1.2330534,-0.009618225,-0.02118563,0.30465758,0.090825945,0.0030991747,0.18772563,-0.015837714,-0.031108366,-0.036839668,-0.08880783,-0.0131989,-0.04657416,-0.012493271,0.010880465,-0.01865919,-0.014709061,-0.025551694,-0.006961243,-0.031706065,-0.012644496,-0.012577954,-0.014249638,-0.007292996,-0.011023287
TCGA-D7-A6F0,-0.011180386,-0.038052157,-0.033372834,-0.015235512,-0.020022359,0.36513808,0.054525685,0.068528384,-0.040562347,-0.024722211,-0.020260148,0.48536688,-0.014673543,-0.015714902,-0.014223122,0.037379187,0.07816666,-0.0129852705,-0.013017543,-0.008202062,0.727016,-0.014395378,-0.01902338,-0.020501457,0.10202348,-0.021196885,0.002036539,-0.018687874,-0.008629406,0.45428944,-0.013167168,-0.015112817,0.41109702,0.10627441,0.17929184,0.03115384,-0.012940325,-0.016353099,0.24138466,0.98047376,0.008753609,-0.020775348,0.2671118,-0.014612649,0.007926792,0.11115275,0.035520628,-0.015674477,-0.03964302,-0.04670061,0.13741536,-0.020895425,-0.008046182,-0.002840972,2.7592003e-05,-0.010425565,-0.02307557,-0.0050125793,-0.027153792,0.0022784797,-0.010796854,0.13857718,0.066472605,-0.011566537
TCGA-D7-A6F2,-0.013820003,-0.01454712,-0.045703307,-0.012886815,-0.029409915,0.42685717,-0.01937754,0.036941186,-0.027149104,-0.011062332,-0.021254908,0.6034617,-0.015666295,-0.009226451,-0.013436452,-0.0045057586,0.23071994,0.005986068,-0.015736347,-0.00045161135,0.72687984,-0.025032908,-0.0018634395,0.007680243,-0.012215881,-0.022082848,0.0059809852,-0.008762898,-0.010341564,0.73618925,-0.013462891,-0.01347963,0.303524,0.17001857,0.17590863,0.004571271,-0.015209286,-0.007660973,0.3271816,1.0631232,0.012981936,-0.01982507,0.40596732,0.07128577,0.003556945,0.092161834,0.080237105,-0.008944342,-0.018282328,-0.049622215,0.08882452,-0.035421934,-0.01480883,0.018716786,-0.015621794,-0.0063717626,-0.025337696,0.015714178,-0.014232147,-0.019540757,-0.01271319,-0.015382959,-0.0060325684,-0.009587608
TCGA-D7-A747,-0.012084461,-0.0469892,-0.03706383,-0.021096926,-0.02027193,0.26074275,-0.0222998,0.013335562,-0.032731533,-0.026249692,-0.009219243,0.29303303,-0.008442955,-0.014784355,-0.021489345,0.016339714,0.025892157,-0.019184101,-0.02896886,0.0149439415,0.46281213,-0.0139664635,-0.014071703,-0.016524892,-0.0114859175,-0.008486765,-0.009836285,-0.0033495657,-0.010349117,0.45878375,-0.006030276,-0.007899976,0.27117467,0.14617586,0.21556601,-0.009248096,-0.0113155,-0.010757382,0.15518416,0.69698876,0.049789302,0.05631019,0.3178145,0.012426486,-0.00047939224,0.15599814,-0.008870663,-0.023250036,-0.026045851,-0.054654077,-0.014324784,-0.022085337,-0.008144635,-0.015676444,-0.017474277,0.045599725,-0.02717873,0.006171293,-0.010500874,-0.0140587045,-0.028658189,-0.0085489005,-0.002498746,-0.006477665
TCGA-D7-A748,0.0023766002,-0.04056576,-0.0467736,-0.024283366,-0.030977651,0.41597632,-0.025801774,0.07802128,-0.02449429,-0.018917492,0.002224085,0.524277,-0.021382121,-0.022682134,-0.022806186,0.013876714,0.047686506,-0.013755608,-0.03609705,-0.006589854,0.69565606,-0.023159288,-0.020186868,-0.02058501,-0.014385432,-0.017885068,-0.0007304959,0.0054313145,0.0018389629,0.7755984,-0.00020787725,-0.012795004,0.33223385,0.09986915,0.2765111,0.024868036,-0.018216407,-0.011130562,0.16476947,0.96478045,0.11587133,-0.015551754,0.50206643,-0.0070098583,-0.0016037971,0.25001776,-0.004908978,-0.032943286,-0.033163138,-0.059983253,-0.01825894,-0.040283386,-0.016411418,-0.004022043,-0.02072426,-0.0016386942,-0.038754165,0.026168507,-0.02171906,-0.0032593198,-0.032000955,-0.009507528,-0.005879909,-0.018475788
TCGA-D7-A74A,0.01521759,-0.021118827,-0.08504148,-0.012436364,-0.022084564,0.4979949,-0.018703518,0.005304274,-0.031989142,-0.023838094,-0.046934452,0.710271,-0.015036995,-0.034302346,-0.007984152,-0.02750292,0.022265196,-0.010978457,-0.0010146706,-0.02659171,0.7934387,-0.02739497,-0.017868202,-0.03400625,-0.01727083,-0.028536895,0.0019948003,-0.013855901,-0.030220509,0.6654345,-0.010258982,-0.017829733,0.35020792,0.23040126,0.34812862,-0.0092898,0.0072381273,0.0131994765,0.22611366,1.1080052,-0.024607338,-0.007592723,0.26102448,0.08188697,0.0017732526,0.15112607,-0.013329415,-0.006122347,-0.017843565,-0.089092046,0.04998509,-0.047540724,-0.020266509,-0.01095426,-0.011227204,-0.018291768,-0.025488967,0.019313231,-0.040939033,-0.013801969,-0.0098739555,-0.017181575,-0.008077471,-0.016629696
TCGA-EQ-8122,-0.014146725,-0.031646807,-0.03505941,-0.007563769,-0.027239896,0.36640382,-0.023575261,0.056935195,-0.032542653,-0.02873351,-0.025789179,0.4606647,-0.015745515,-0.015631808,-0.006571354,-0.005278733,0.112846166,-0.0070764674,-0.013610984,-0.013462989,0.688694,-0.0035319235,-0.0140014505,-0.020231942,0.005745193,-0.014463586,-0.00735099,-0.006921921,-0.004821866,0.6399939,-0.0096389465,-0.015793096,0.33699882,0.13427663,0.24126782,-0.0039414507,-0.008567159,-0.0019914582,0.20240206,0.9935184,0.044157706,-0.016212363,0.36684915,-0.00079300394,-0.00019599684,0.14923939,0.005618764,-0.019530507,-0.02176134,-0.05714085,0.005466333,-0.032292217,-0.016571645,-0.0077950265,-0.016297199,0.009908747,-0.02812685,0.0053762915,-0.023340795,-0.0146333845,-0.019800857,0.013601386,-0.0077480497,-0.0066232923
TCGA-EQ-A4SO,0.09936542,-0.017710447,-0.028312119,0.0009820107,-0.026919466,0.42539358,-0.0009837738,0.02882075,-0.026555616,-0.012784314,-0.022334661,0.5809436,-0.013320271,-0.030818542,0.015574386,0.02289468,0.12182954,-0.014025992,-0.0017233184,-0.014070351,0.72364306,-0.015830273,-0.010653775,-0.028559662,-0.016029697,-0.021037806,-0.008208925,0.071158364,-0.013102626,0.75935197,-0.011140124,-0.026084453,0.45741135,0.100522056,0.20091897,-0.0060253683,0.011898357,-0.0057274997,0.28363568,1.1707859,-0.010700474,-0.010666194,0.31886786,0.0305791,0.004794189,0.10500234,0.015319931,0.006910153,-0.028637527,-0.056234393,0.3227746,-0.033471346,-0.0134386355,0.03452979,-0.00837817,-0.018346736,-0.019086335,0.030680038,-0.014074748,-0.022882454,-0.007536887,0.0032943075,-0.015849885,-0.019731048
TCGA-F1-6874,-0.0062446836,-0.02170618,-0.045407422,-0.013502998,-0.027127359,0.47725654,-0.0056670923,0.035586484,-0.02798538,-0.024356771,-0.03557218,0.6079271,-0.015506841,-0.02014739,-0.012442861,0.014104963,-0.0026110872,-0.006742445,-0.020359518,-0.01531913,0.8018767,-0.025578115,-0.016699595,-0.020951122,-0.018023837,-0.027821548,-0.008382423,-0.011821601,-0.015938668,0.7200066,-0.014087228,-0.00869868,0.3153318,0.15926597,0.29230458,0.00333325,-0.015953405,-0.0037299567,0.2394386,1.1972744,0.031508718,-0.018090662,0.36553153,0.0854263,-0.017391067,0.16731289,-0.005059679,-0.009081849,-0.036356233,-0.07653915,-0.014200836,-0.037024062,-0.018510677,0.026902832,-0.0047927853,-0.009139221,-0.03403952,0.0076120365,-0.028491594,-0.015209199,-0.014204523,-0.010381356,-0.016380379,-0.017505806
TCGA-F1-6875,0.005415962,-0.021506865,-0.045539767,-0.02331333,-0.029147223,0.3453225,-0.028090412,0.05207992,-0.027175035,0.015194361,-0.025605947,0.49131656,-0.006769305,-0.016782802,-0.01213809,-0.013200538,0.2385656,0.0066406988,0.0070543047,-0.020821683,0.66959834,-0.02439741,0.0012205571,-0.006896654,-0.019219393,0.055335023,-0.0005386588,0.038950246,-0.017700464,0.548705,0.010538321,-0.016054885,0.3414297,0.15299295,0.20469044,0.030768836,-0.009288074,0.061501004,0.1411615,0.9902343,0.024668291,-0.020669395,0.21342576,0.014472629,-0.0011221862,0.13872634,-0.0124461055,-0.01706357,-0.029461091,-0.077360995,0.3382529,-0.039624378,-0.019243984,0.0007788008,-0.013620076,-0.02259355,-0.026926026,0.08678727,-0.030791046,-0.012390703,-0.010000263,0.005768081,-0.024824653,-0.018675482
TCGA-F1-A448,-0.016004015,-0.027516324,-0.056524944,-0.012443332,-0.030452013,0.3856052,-0.01793773,0.05175928,-0.03196969,-0.01803391,-0.034810293,0.54046696,-0.0062104156,-0.019713953,-0.013182247,-0.01286532,0.0096246265,-0.010264997,-0.020293929,-0.013401534,0.73446274,-0.028366152,-0.01968332,-0.028457992,-0.017089643,-0.024132147,-0.0136036,-0.008448154,-0.0042662006,0.69918525,-0.012667842,-0.009324794,0.31995255,0.15285805,0.30340585,-0.013568608,-0.012534004,-0.0083205905,0.22127187,1.0777421,0.03974112,0.019403279,0.358437,0.045735404,-0.011641491,0.15445028,-0.009937359,-0.022992142,-0.0388493,-0.07770225,-0.021238334,-0.033701807,-0.006854447,-0.012471262,-0.018029992,-0.007358532,-0.030879885,0.027672866,-0.019052979,-0.012705191,-0.019299507,-0.00803423,-0.013156066,-0.0130263455
TCGA-F1-A72C,-0.010815339,0.0033611981,-0.03694307,-0.010016446,-0.027038008,0.37626007,-0.024782363,0.07636582,-0.024400055,-0.015361395,-0.017521651,0.47800928,0.03394182,-0.015492664,-0.016760647,0.015465504,0.02001268,0.006351847,-0.019533329,-0.018713687,0.6947497,-0.018780045,-0.01918251,-0.013907878,-0.008874603,-0.012887212,-0.007559363,0.02744946,-0.00870513,0.75503623,-0.012312001,-0.012661297,0.36680233,0.11001294,0.24803084,-0.005120113,0.0054597333,0.028070988,0.2607668,1.0912235,0.06336368,0.00043434207,0.4124196,0.03414849,-0.011766387,0.14280635,-0.007407997,-0.012008454,-0.025195759,-0.052752916,-0.005099563,-0.028008275,-0.012967501,0.024950877,-0.01031225,-0.010032626,-0.023527082,0.026372235,-0.021981437,0.002583616,-0.013527349,0.0067794747,0.013174582,-0.010562551
TCGA-FP-7735,-0.00479352,-0.013691595,-0.032718215,-0.008731341,-0.020223364,0.21921669,-0.0070653884,0.08430785,-0.024956383,-0.017449021,-0.009052924,0.33266532,-0.0054818336,-0.009395973,-0.007624604,0.0023893383,0.020350471,-0.010618852,-0.016430087,-0.006861561,0.47741306,-0.016104942,-0.0045838486,-0.017120406,-0.01050564,-0.017468419,-0.008706247,-0.01607457,-0.0073381327,0.46347576,-0.0054567847,-0.011597743,0.22092026,0.11714183,0.18003401,0.008632955,-0.0006537603,-0.0070764767,0.21244311,0.79042345,0.038082257,-0.0020332122,0.26987156,0.013358289,-0.008836353,0.09044352,0.01611214,0.00903272,-0.0015310487,-0.044840463,0.012977114,-0.02337613,-0.009503211,-0.014754734,-0.009097286,-0.0077589075,-0.012219295,0.05582885,-0.013601007,-0.013063048,-0.0058548492,-0.010432586,-0.015155813,-0.0056481618
TCGA-FP-7829,-0.00789598,-0.02371344,-0.08703015,-0.012797299,-0.031869315,0.39821374,-0.023475071,0.024511205,-0.030158706,-0.023824055,-0.04272143,0.55897295,0.0006387788,-0.017284721,-0.0018663248,-0.017731803,-0.011601355,-0.019908793,-0.026052475,-0.014240661,0.7169248,-0.020844433,-0.013938593,-0.030577643,-0.009328996,-0.023211654,-0.01442767,-0.011649813,-0.026282806,0.6356791,-0.011028325,-0.012299297,0.30607647,0.09161762,0.24189429,-0.0065500527,-0.019109815,-0.011668345,0.22498396,1.0768654,0.012863627,-0.013088208,0.30041844,0.043530297,-0.0022797287,0.17168912,-0.0016151536,-0.033107232,-0.031037234,-0.08657688,-0.009680062,-0.041976567,-0.013857537,-0.010659616,-0.02090857,-0.0135612395,-0.025783256,0.0053381943,-0.027708856,-0.014346965,-0.012258386,0.0005633291,-0.016695712,-0.018638227
TCGA-FP-7916,-0.010841656,-0.033495743,-0.056947794,-0.011943579,-0.027181065,0.43690586,-0.01791764,0.028391635,-0.036080226,-0.025056854,-0.031518895,0.50282645,-0.010135451,-0.02728279,-0.023723993,-0.013162223,0.016283765,-0.012587281,-0.021159373,-0.016784068,0.6494746,-0.026097722,-0.019027801,-0.030195594,-0.018325606,-0.026576525,-0.009594904,-0.01086721,-0.0068193623,0.68954515,-0.00017748447,-0.0094685,0.34180963,0.12052581,0.25898167,-0.0075365496,-0.01572683,-0.006835648,0.26716724,1.0797874,0.0358805,0.006594704,0.37194917,0.03158663,-0.009267587,0.22848685,-0.011587934,-0.025971249,-0.027125832,-0.07660431,-0.015135314,-0.033756927,-0.011405062,-0.008099214,-0.015745392,-0.0053710165,-0.030817438,0.00415451,-0.024278862,-0.01862702,-0.023862176,-0.013018427,-0.010406928,-0.009870706
TCGA-FP-7998,-0.009111311,-0.03109473,-0.049484156,-0.011599312,-0.02491319,0.39568403,-0.01562858,0.018564,-0.031457588,-0.024657931,-0.030126188,0.5004364,-0.013288727,-0.021724392,-0.0254323,-0.008488866,-0.0023213648,-0.0147462785,-0.019805605,-0.007746642,0.6364982,-0.029174551,-0.016206598,-0.029698804,-0.013978785,-0.017203305,-0.0113046905,-0.0092421975,-0.013952933,0.64963806,-0.01631068,-0.009450616,0.31787115,0.10273183,0.2520009,-0.00653827,-0.016684448,-0.010684206,0.268013,0.9960754,0.060823593,-0.005844911,0.36493236,0.04025196,-0.00826266,0.22804561,-0.010908671,-0.024407718,-0.027869632,-0.07432616,-0.012131962,-0.03167704,-0.015579818,-0.010762307,-0.0199214,0.0006733304,-0.029341534,0.013566567,-0.016429365,-0.015788529,-0.019894686,-0.013003325,-0.012371321,-0.007573262
TCGA-FP-8099,-0.021288618,-0.0148897935,-0.06687113,-0.009846194,-0.039639458,0.44432074,-0.032009367,0.036396846,-0.026158016,-0.016316578,-0.0350088,0.51334095,-0.015351136,-0.021451276,-0.01333077,-0.015514359,0.101633005,-0.013453282,-0.0018534521,-0.021000499,0.76165754,-0.030601852,-0.01878376,-0.036257196,-0.012496202,-0.020156749,-0.010103045,-0.01370684,0.0020080963,0.712446,-0.017982136,-0.010706182,0.3449052,0.17110205,0.22803381,0.0032469146,-0.022294255,-0.011664556,0.2648983,1.173904,0.031159937,-0.015132241,0.32889625,0.06993309,-0.018886175,0.19957009,-0.0036631266,-0.022681385,-0.03100615,-0.088754416,0.028729158,-0.04560667,-0.016922235,0.018780727,-0.01358351,-0.011672074,-0.02559875,-0.0046032993,-0.029025784,-0.013510918,-0.013959616,-0.008134397,-0.01978007,-0.01034892
TCGA-FP-8209,-0.010246029,-0.050203346,-0.025727447,-0.026796186,-0.014987437,0.17688462,-0.03122906,0.01867607,-0.047467466,-0.016846577,-0.02009006,0.27159595,-0.008456111,-0.020212796,-0.022693293,0.046633914,0.021122396,-0.023888113,-0.030990778,-0.007508857,0.40503806,-0.021018457,-0.022631908,-0.01045883,-0.009816367,-0.017011818,-0.012661569,0.012145672,0.012020423,0.47389084,-0.010735123,-0.012428034,0.31813055,0.14045638,0.13105372,-0.014828546,-0.0168688,-0.01222333,0.16295749,0.71772647,0.0835834,0.059731722,0.3483554,0.0092617525,-0.007074069,0.24684076,0.004655665,-0.02734596,-0.02656423,-0.046464816,-0.0018102741,-0.023967907,-0.008429436,-0.02111784,-0.016305918,0.033928238,-0.03965765,0.04492185,-0.009535741,-0.020170871,-0.030858057,-0.0140523575,0.0013567163,-0.009395111
TCGA-FP-8210,-0.004568207,-0.045044832,-0.037247322,-0.027380116,-0.018260617,0.24215871,-0.032803707,0.031238511,-0.049725242,-0.027269267,-0.015960824,0.3377623,-0.012185063,-0.021942075,-0.02286105,0.014771072,0.022882296,-0.019471522,-0.035736024,-0.010484396,0.5253647,-0.025492616,-0.02517315,-0.0154360365,-0.01437286,-0.01904425,-0.019868031,0.02415977,0.006667818,0.60646343,-0.012183468,-0.0112024285,0.3032572,0.12594414,0.22881545,-0.0070767645,-0.009873054,-0.011357017,0.2120963,0.8459723,0.102737814,0.064922735,0.38430735,0.007990308,0.0024809283,0.24598181,-0.005762434,-0.032608062,-0.03213575,-0.059829555,-0.022452924,-0.03478052,-0.010795545,-0.024043683,-0.01439663,0.01342098,-0.04461846,0.044850547,-0.014286389,-0.018805148,-0.03183282,-0.011460289,-0.005023401,-0.007086426
TCGA-FP-8211,-0.006850325,-0.016583469,-0.029975567,-0.0106189,-0.031656705,0.38227963,-0.030035552,0.08162888,-0.017639112,0.016097106,-0.026493497,0.7035793,-0.0110744955,-0.022041485,0.015360338,0.03580965,0.052343167,-0.0077607604,0.055321813,-0.019455101,0.8025053,-0.01775558,-0.003049478,-0.03164047,-0.019596312,-0.013472984,0.0003419686,0.062557,-0.030298524,0.78119105,-0.00434281,-0.01377876,0.4258774,0.14316198,0.22811896,0.018918298,-0.012100549,-0.011046943,0.3633091,1.2677672,0.0196742,-0.017221855,0.4302413,0.05903367,-0.024554882,0.21155551,-0.004064298,-0.012942838,-0.034195885,-0.06676181,-0.0038691359,-0.03169451,-0.016487952,0.033712365,-0.015572388,-0.022339888,-0.026914664,0.08657719,-0.033456407,-0.020479105,0.0054213335,-0.02254644,-0.019754069,-0.013049577
TCGA-FP-A4BE,-0.0133455,-0.021923611,-0.07980372,-0.0074471645,-0.032265604,0.6135777,-0.01563114,0.02075816,-0.02743142,-0.021566518,-0.04719424,0.64133555,0.0001286685,-0.026433092,-0.008612753,-0.0076410435,0.00630802,-0.010248411,-0.020595238,-0.015196245,0.8627726,-0.023178615,-0.018971447,-0.034341477,-0.012858313,-0.02846176,0.004145276,-0.010291418,-0.026149623,0.7940807,-0.0024669862,-0.0133345965,0.42493203,0.11311085,0.33158278,-0.0042328527,-0.0059657134,-0.004611433,0.25738615,1.3023703,0.0044518234,-0.02500023,0.33116323,0.11828698,-0.010865932,0.20834365,-0.0006398519,-0.03199369,-0.041697808,-0.093795255,0.016212165,-0.04575207,-0.021181675,0.013603925,-0.024782509,-0.018286554,-0.029808864,0.004905888,-0.030239357,-0.019444697,-0.01486854,-0.009020565,-0.01474216,-0.009396972
TCGA-FP-A4BF,-0.009280436,-0.032525964,-0.0643964,-0.012441672,-0.03615225,0.4141732,-0.022766985,0.049632505,-0.03593527,-0.014708494,-0.038054124,0.5471244,-0.010839996,-0.01972042,-0.01599992,-0.018455302,0.004598631,-0.016401546,-0.027063942,-0.010994857,0.6856973,-0.0258413,-0.012958086,-0.025755206,-0.01393928,-0.020710941,-0.018480262,-0.0108287,-0.012173152,0.6701977,-0.02089086,-0.011240387,0.34541923,0.16899844,0.24037504,-0.009308185,-0.018163906,-0.012599868,0.2331407,1.0947286,0.041157074,0.0074628964,0.38684297,0.0055153263,-0.012395389,0.17044468,-0.01060586,-0.036599834,-0.031143049,-0.07459646,-0.021427128,-0.02407958,-0.025905298,0.007895844,-0.017336095,-0.0108172,-0.03573945,0.027596157,-0.0225925,-0.013247464,-0.028568394,-0.015635246,-0.017113978,-0.010890948
TCGA-FP-A9TM,0.018696498,-0.025010971,-0.05976757,0.0048834463,-0.028546974,0.38527313,-0.01504923,0.043220203,-0.022061763,-0.015657991,-0.031185178,0.5749225,-0.012317172,-0.02352423,-0.0155493375,-0.009989744,0.01613002,-0.01183374,-0.011407063,-0.011884225,0.7086966,-0.021917349,-0.012604529,-0.026732033,-0.013371704,-0.023107778,-0.008193614,-0.013240293,-0.013406256,0.7176328,-0.00946451,-0.0066413507,0.40189585,0.09810412,0.22672956,-0.0072573787,-0.016538253,-0.009100249,0.2451885,1.046094,0.030908981,-0.013062707,0.3754282,0.07020317,-0.009307617,0.2043812,0.0027036462,-0.016826546,-0.025788028,-0.06857466,-0.011461188,-0.031167239,-0.014624289,0.0006810734,-0.017068435,-0.0006402796,-0.022282206,0.048938397,-0.02107578,-0.0124427,-0.01170397,-0.012580091,-0.010479188,-0.007818704
TCGA-HF-7132,-0.007523222,-0.021863062,-0.06087997,-0.008669418,-0.023377366,0.3746336,-0.015929677,0.01648067,-0.026489602,-0.023828324,-0.03740115,0.540738,-0.008179244,-0.019522605,-0.01686073,-0.015029247,-0.008022178,-0.008926989,-0.016146371,-0.016213272,0.74476385,-0.019489305,-0.013625024,-0.02821675,-0.020891607,-0.025171094,-0.01082458,-0.010388789,-0.017407548,0.67007273,-0.012227567,-0.0072593195,0.3274621,0.10292508,0.28749645,-0.0065127397,-0.016153404,-0.011909223,0.248658,1.0860488,0.047259036,-0.0062673907,0.3618058,0.060454622,-0.011161694,0.24191529,-0.008001007,-0.023322169,-0.03320939,-0.07664989,-0.013442684,-0.031069648,-0.013391159,-0.010045864,-0.02042304,-0.009316392,-0.024555167,0.0035715695,-0.018816268,-0.017989082,-0.011359947,-0.009452354,-0.014022762,-0.011275726
TCGA-HF-7133,-0.0036321902,-0.018677803,-0.036945723,-0.013313637,-0.033187225,0.38547036,-0.0206019,0.011481826,-0.027659472,-0.021052279,-0.023409665,0.5398256,-0.013696783,-0.015857797,-0.01813887,-0.0034256596,0.018319815,-0.0094015105,-0.002309951,-0.013275334,0.7420656,-0.032715887,-0.014961247,-0.019027188,-0.012680085,-0.012079405,-0.006810982,-0.012740824,-0.010832502,0.67536616,-0.01502255,-0.0152127575,0.28531653,0.14394525,0.2507614,-0.012690006,-0.014035618,-0.011571029,0.21775591,1.059224,0.027008452,-0.0010961206,0.32449254,0.012254153,0.0019128106,0.19398351,-0.015722787,-0.01577077,-0.0035001412,-0.060045294,0.08282135,-0.041898698,-0.01851331,-0.010482045,-0.017017901,-0.0089913085,-0.029399725,-0.014562925,-0.024832513,-0.015496458,-0.0044441544,-0.0013961085,-0.016264867,-0.014093865
TCGA-HF-7134,0.0023152689,-0.017227262,-0.07759584,0.01303413,-0.033636738,0.4604061,-0.009904529,0.007820864,-0.03384409,-0.02627488,-0.044525888,0.6593821,-0.017218411,-0.017854864,-0.009683004,-0.023488399,-0.00561207,-0.012379829,-0.0060319286,-0.011330569,0.7119156,-0.022922803,-0.010239596,-0.03449791,-0.02077789,-0.028153038,-0.013994044,-0.017999519,-0.021269465,0.64846015,-0.010305511,-0.007773579,0.32693762,0.115123406,0.27526578,-0.0033946813,-0.017648313,-0.012000321,0.26120186,1.0840695,0.027537655,-0.0035773912,0.25512153,0.061123308,-0.008812455,0.17556809,0.0015507815,-0.031089734,-0.034866843,-0.089913,-0.014549729,-0.03963776,-0.015691767,-0.014972462,-0.021127835,-0.009176606,-0.025261436,-0.0077435263,-0.02377638,-0.008617939,0.0076835896,-0.013879284,-0.010377316,-0.009338924
TCGA-HF-A5NB,0.03401714,-0.005950298,-0.09103125,-0.011825461,-0.04148735,0.56576395,-0.019850085,0.011704394,-0.03283801,-0.0039522797,-0.06314857,0.7786517,0.025017647,-0.010954901,-0.011609665,-0.042096294,0.036230117,0.0019579742,-0.020912196,-0.026723612,1.0126827,-0.02533121,0.0155969355,-0.04512262,-0.021420212,-0.024245152,-0.009725717,-0.008269026,-0.031130638,0.71227556,-0.009107089,-0.013118915,0.37968683,0.15849552,0.21978772,-0.010871124,-0.0066351686,-0.022338526,0.28601557,1.3846068,-0.022909522,-0.023140643,0.23858635,0.15207194,-0.0066344086,0.2392922,0.009181572,-0.031589832,-0.04251385,-0.10589203,0.01623359,-0.053897828,-0.017058697,0.02554035,-0.03042008,-0.02234439,-0.030768435,0.005058476,-0.028501071,-0.016003394,-0.013169426,-0.021932939,0.05142401,-0.017312808
TCGA-HJ-7597,-0.011634896,-0.025785428,-0.024995657,-0.010530688,-0.025356522,0.36895844,-0.012995827,0.024910476,-0.02929509,-0.023972202,-0.025304502,0.3805491,-0.014461898,-0.011730827,-0.0136067085,0.00739155,0.018080596,0.0026106536,-0.017706871,-0.0035665145,0.69318557,-0.010116639,-0.015278698,0.001964856,-0.0048165233,-0.005927231,-0.012593547,-0.011890514,-0.015480284,0.6037655,-0.013289385,-0.014350566,0.2720965,0.05234491,0.21534535,0.02806353,-0.005872058,-0.004316752,0.2662951,0.9463242,0.02675862,-0.0034195092,0.26597977,0.00022393314,-0.0017590914,0.24091893,-0.0023181934,-0.00801848,-0.02030395,-0.045536935,0.18828118,-0.02828716,-0.0118246395,-0.011329812,-0.017222613,0.032674696,-0.018493988,0.015979068,-0.013099409,-0.016487798,0.00816064,0.03842579,-0.0102087455,0.00047776592
TCGA-HU-8238,-0.0008452106,-0.02111315,-0.07251004,-0.011076176,-0.030613698,0.39595878,-0.017944664,0.04506629,-0.026288625,-0.014781874,-0.032852527,0.47332084,-0.01232343,-0.016689884,-0.007811065,-0.013737975,0.014343924,-0.008653903,-0.022533145,-0.009173828,0.7184991,-0.02147663,-0.009513695,-0.032163125,-0.017176777,-0.031796806,-0.01562311,-0.0036795859,-0.01954374,0.7226596,-0.0040517235,-0.0076479595,0.31080386,0.124,0.24784118,-0.005787429,-0.012632884,-0.007849542,0.24981117,1.0135705,0.052684613,-0.024784312,0.34164408,0.045126423,0.0016294012,0.10999308,-0.011057528,-0.023053644,-0.01793414,-0.07409397,-0.0021675688,-0.033182472,-0.018589057,0.023280844,-0.012573872,0.0008068509,-0.019904159,0.019173339,-0.022749009,-0.012710877,-0.012753898,-0.015375143,-0.012740805,-0.008227386
TCGA-HU-8243,-0.012433748,-0.016349394,-0.05843818,-0.007628072,-0.034264617,0.34142417,-0.022589616,0.004438439,-0.035279572,-0.022827502,-0.025705129,0.5141008,0.01807766,-0.01283875,0.0039047652,0.0061053247,0.054135222,-0.014513413,-0.0047731306,-0.0029512104,0.7771419,-0.017291322,-0.012768623,-0.022601675,-0.0029654223,-0.021122482,-0.011383662,-0.013201839,-0.016959649,0.7004298,0.022414919,0.011305777,0.42525333,0.24673778,0.3080356,-0.0040272777,-0.00977985,-0.013380187,0.24160855,1.0740974,0.0344064,-0.013027908,0.32175618,-0.005224195,-0.015501662,0.19691175,0.032341044,-0.02469156,-0.03421942,-0.074039124,0.010871843,-0.035079755,-0.012723003,-0.010391164,0.0079038385,-0.014629431,-0.030811988,0.0078432495,-0.025763668,-0.013310366,-0.02133831,0.035985347,0.0062818346,-0.015693288
TCGA-HU-8244,0.025561616,-0.028246466,-0.09356261,0.010061394,-0.039145812,0.49496642,-0.024165682,0.032108758,-0.034505364,-0.019732293,-0.043645956,0.5358031,-0.00092931977,-0.007470687,-0.01244125,-0.03681714,-0.007868893,-0.0150904525,-0.014130034,-0.013546786,0.72630906,-0.02402768,-0.0038528102,-0.038905635,-0.010845821,-0.029959377,0.0045921663,-0.016493227,-0.026009701,0.63653386,-0.010821074,-0.023770759,0.33470082,0.12286075,0.23887086,-0.006270954,0.00932597,-0.013820072,0.26741472,1.1296345,0.012666772,-0.022959508,0.29502633,0.09194274,-0.012995264,0.12438734,0.015576081,-0.012146883,-0.022368398,-0.08338946,0.04495134,-0.041658603,-0.015976408,0.00825597,-0.020427797,0.012405548,-0.021312822,0.022839045,-0.027985187,-0.01510937,0.00032683613,-0.00556115,-0.013547609,-0.024015201
TCGA-HU-8249,0.015179802,-0.013481792,-0.07622144,-0.010509682,-0.030547595,0.4076053,-0.013896642,0.06497522,-0.03139752,-0.03413835,-0.0372992,0.6645876,0.013748332,-0.011431977,0.041629333,-0.02000141,0.07184695,-0.022872485,-0.018602237,-0.00807405,0.8887897,-0.019263215,-0.016892642,-0.028996479,-0.017118245,-0.015136098,0.012746729,-0.006438126,-0.02301512,0.77948654,-0.024623455,-0.013403264,0.37977228,0.14493614,0.31963533,-0.017254839,-0.019731598,-0.006494972,0.32773033,1.2550644,0.004160391,-0.024964593,0.29374197,0.054828726,0.07622052,0.10485745,-0.018536404,-0.026563331,-0.035420984,-0.08379603,0.075215295,-0.03801371,-0.020274984,-0.004180046,-0.02474961,-0.007815353,-0.014379318,-0.006244228,-0.032493524,-0.012569325,-0.017351039,-0.012201434,-0.026258549,-0.0129386
TCGA-HU-8602,0.0048704892,-0.021579055,-0.084754795,0.030441381,-0.035360992,0.62289107,-0.021158844,0.029524386,-0.029899435,-0.02934767,-0.044028066,0.7233729,-0.0037767105,-0.028939823,0.05005117,-0.011399629,0.025458053,-0.01444919,-0.021666884,-0.01688502,0.9870648,-0.02663105,-0.023938999,-0.03585994,-0.019303285,-0.029159844,-0.017681822,-0.016275201,-0.028287377,0.776967,0.007556524,-0.011700501,0.45721924,0.08751027,0.32880384,-0.0042548995,-0.018361794,-0.007387054,0.300471,1.4440792,0.0059574014,-0.021255169,0.34104472,0.06455131,-0.012129698,0.28947622,-0.01075726,-0.028051507,-0.042944297,-0.095697716,-0.014302216,-0.04814092,-0.017987203,0.05688681,-0.021354549,-0.006502759,-0.02699005,0.032092307,-0.032798406,-0.021256806,-0.020261023,-0.018239737,-0.018209798,-0.013823545
TCGA-HU-8604,-0.013359113,-0.02429383,-0.065933995,-0.0077562546,-0.027872643,0.5188198,-0.014408024,0.052382246,-0.022327606,-0.028504405,-0.04238119,0.60753655,-0.010055443,-0.020893646,-0.016720906,-0.017321836,0.03458176,-0.01153378,-0.021235172,-0.010822256,0.8440105,-0.028526835,-0.019438142,-0.037149906,-0.018374478,-0.024057029,0.00034945656,-0.013174844,-0.017902778,0.7029618,-0.015587047,-0.012168397,0.34904498,0.11808116,0.31017476,-0.0077124867,-0.020912169,-0.0028557375,0.2954178,1.180454,0.062091447,-0.016837778,0.35730594,0.05055809,-0.014070528,0.15929618,-0.01284088,-0.025814055,-0.03445209,-0.075214356,-0.017680753,-0.044752803,-0.0058058742,-0.0040895985,-0.016125716,-0.0016692723,-0.027481902,-0.0054197162,-0.024960458,-0.012327782,-0.018036466,-0.011201474,-0.020403868,-0.011471249
TCGA-HU-8608,-0.0076662484,-0.026066078,-0.071760185,-0.011415561,-0.03452766,0.48979327,-0.01351349,0.027948327,-0.030516632,-0.02892758,-0.042608038,0.6653249,-0.011731422,-0.026068643,0.017354662,0.0033102962,-0.015356548,-0.012308442,-0.01582997,-0.012494544,0.83844113,-0.029707586,-0.017454086,-0.031555027,-0.017077971,-0.02353747,-0.014141526,-0.012197712,-0.027316967,0.731331,-0.008792818,-0.014180131,0.37671775,0.083314516,0.32150793,-0.013038824,-0.016912522,-0.007780592,0.26092267,1.2608011,0.026402028,-0.019247102,0.32952148,0.045606844,0.0022079935,0.15291658,-0.0145605905,-0.026345504,-0.0351415,-0.08568087,-0.019453373,-0.037574463,-0.014745893,-0.0060813758,-0.016786499,0.0035388977,-0.03531333,-0.011277655,-0.029933808,-0.02085578,-0.01673916,-0.014422247,-0.01663513,-0.0028153635
TCGA-HU-A4G2,-0.006188418,-0.035581786,-0.077263996,-0.008666663,-0.03667977,0.6748551,-0.01647842,0.032503366,-0.042337433,-0.024117619,-0.038356833,0.60669756,-0.020232454,-0.031159114,-0.0051828874,-0.022908567,0.014523717,0.004791444,-0.018466342,-0.0201458,0.88218135,-0.024830207,-0.024884941,-0.03745433,-0.01705139,-0.037921693,0.023939192,-0.017858244,-0.02461086,0.70902455,-0.010723164,-0.01738653,0.38824317,0.078544036,0.2781539,-0.016399814,-0.022677895,0.003140211,0.20969933,1.2534032,0.0013846019,-0.026381686,0.33638218,0.06772912,-0.004701694,0.19918111,-0.0086728735,-0.028590776,-0.03370649,-0.098828375,-0.0132731,-0.04965179,-0.016407115,0.02814852,-0.018690955,0.0076576583,-0.029955063,-0.00042132568,-0.030505309,-0.022434082,-0.014890781,-0.020885492,-0.01350484,-0.0075896503
TCGA-HU-A4G3,-0.010168691,-0.018185243,-0.058370214,0.0028416875,-0.024074651,0.39798868,-0.020910619,0.019474829,-0.017928028,-0.018315176,-0.02487717,0.456527,-0.003885752,-0.015689826,-0.011947557,-0.021328993,0.0065188603,-0.004108421,-0.01191994,-0.017187838,0.67220867,-0.016507216,-0.010343559,-0.023214538,-0.010804027,-0.025888288,-0.0064872582,-0.006164938,-0.0170447,0.56504995,-0.009963539,-0.013308348,0.31190675,0.1499684,0.16503821,-0.006479793,-0.005281807,-0.012269915,0.24355006,0.9185522,0.011380996,-0.0068156295,0.33348978,0.082264006,-0.013470089,0.15694028,-0.009243267,-0.0133981565,-0.027559306,-0.06921095,0.0055265203,-0.028637428,-0.008752665,0.0018973979,-0.021036653,-0.006384112,-0.026076354,0.025666935,-0.025707632,-0.018632062,-0.012275185,-0.007007814,-0.011221269,-0.012982912
TCGA-HU-A4G6,0.029236048,-0.003859377,-0.099905595,0.016643848,-0.034541022,0.65979743,0.017214127,0.025175817,-0.031287264,-0.018216874,-0.056066446,0.7410239,0.027460098,-0.028046895,-0.0012115408,-0.027569426,0.06409001,-0.017666342,-0.022279583,-0.0099636195,0.79667133,-0.025447764,0.00039016712,-0.04318617,-0.01663724,-0.035571326,0.03485232,-0.018238522,-0.03152858,0.76018983,-0.0071740467,-0.021962568,0.43149376,0.09064266,0.3037426,0.006327101,-0.027630633,-0.009727927,0.33221582,1.2755764,-0.010379911,-0.026343822,0.23721245,0.09390099,-0.01463639,0.19738169,-0.008537965,-0.02787308,-0.037319213,-0.10227213,0.038442485,-0.047882993,-0.020732991,0.019087791,0.0054987837,-0.014928665,-0.026155258,-0.01835609,-0.03840979,-0.025024414,0.0010119488,-0.0109075755,-0.0095297005,-0.019896626
TCGA-HU-A4G8,-0.0033394191,-0.026605856,-0.07722706,-0.016443396,-0.046687923,0.46122462,-0.024599208,0.04692648,-0.034430288,-0.029550197,-0.048548475,0.6678107,-0.013834376,-0.030147495,0.044894837,-0.015433833,0.036769457,-0.023373658,-0.021767035,0.0060335835,0.9807415,-0.02514771,-0.013086429,-0.038777165,-0.014446896,-0.02718083,0.002841229,-0.012284803,-0.019958152,0.87260187,-0.01140506,-0.019641872,0.45962715,0.1445281,0.34872884,-0.01404411,0.018213,-0.009141706,0.321805,1.2953207,0.001195553,-0.02488238,0.22800197,0.07444,-0.010371724,0.17181197,0.010875091,-0.022628881,-0.041654833,-0.094922796,0.011695236,-0.044145063,-0.010497183,0.0145407375,-0.020653287,-0.014181481,-0.025158092,0.03764166,-0.025187293,-0.01679212,-0.013988884,0.009449224,-0.017442567,-0.02047997
TCGA-HU-A4G9,0.018272288,0.001219403,-0.08665281,-0.007443698,-0.033055283,0.5348544,-0.020114288,0.013173314,-0.025874212,-0.021040581,-0.044630088,0.5899743,0.009246578,-0.022456767,-0.01698324,-0.025412183,0.0034829094,-0.018047674,-0.018430635,-0.025790267,0.7695801,-0.02221731,-0.013006837,-0.036984675,-0.014420055,-0.03234055,0.0063189194,-0.014577718,-0.010792316,0.6683527,-0.009032823,-0.010671878,0.33256677,0.0649755,0.2887953,-0.01473765,0.033113763,-0.01469228,0.23576339,1.1542047,0.0054732906,-0.009781688,0.30075067,0.09012638,-0.009212475,0.120011374,0.032033782,-0.0037554018,-0.033478558,-0.08722849,0.011876108,-0.042907894,-0.017749125,-6.8976544e-05,-0.010283784,-0.0096351905,-0.025550898,0.05504925,-0.027876455,-0.020661708,-0.015952505,-0.011287522,-0.0077794176,-0.01955225
TCGA-HU-A4GC,-0.011113975,-0.020471001,-0.05960868,0.0243849,-0.035006788,0.40848655,-0.016929368,0.037209067,-0.03465714,0.063598864,-0.027815197,0.58004737,-0.012268313,-0.027202273,-0.01287952,-0.016691642,0.035319008,-0.014572748,-0.013577873,-0.020303778,0.7996326,-0.025632571,-0.009725183,-0.020344002,-0.017818023,-0.02999936,0.0077076647,-0.006728376,-0.018164586,0.7083016,-0.010582935,-0.01626045,0.43366134,0.13534644,0.24337333,-0.013882764,-0.014622145,-0.0120192,0.28669512,1.1410568,0.023474615,-0.013944362,0.32004243,0.027907249,-0.01093473,0.17759764,-0.00083887775,-0.00013666507,-0.027304277,-0.0785312,-0.0072815265,-0.037134513,-0.017931426,-0.007370449,-0.017357986,-0.008610255,-0.024666252,0.06373214,-0.024104433,-0.018860532,-0.0062584737,-0.014273826,-0.014101654,-0.014231748
TCGA-HU-A4GD,0.0029796506,-0.021052174,-0.057937086,-0.014016226,-0.027506545,0.35329878,-0.022448488,0.002828301,-0.028970603,0.004903095,-0.027620336,0.6731349,-0.016944367,-0.0193188,-0.015334553,-0.018826652,0.16139549,-0.020309575,-0.023439609,-0.015248576,0.8502801,-0.023328984,-0.011408905,-0.0007946156,-0.010612402,-0.018483166,0.041796,0.045894485,-0.017021455,0.77882946,-0.0057143914,-0.011379465,0.6060275,0.15601066,0.36277735,-0.01501364,-0.015685827,0.021205217,0.37160754,1.301673,-0.0034029693,-0.032318912,0.37157917,0.00042471604,-0.0028273026,0.11546172,-0.016632421,-0.01334613,-0.025548827,-0.06972023,-0.0064230994,-0.042512827,-0.018481687,0.0032702894,-0.008843487,-0.0026451831,-0.02506916,0.030184556,-0.021165866,-0.017369155,-0.016859729,-0.016770514,-0.010647317,-0.0023121827
TCGA-HU-A4GF,-0.012259058,-0.011372206,-0.04934872,-0.0053548813,-0.021533553,0.48350048,-0.01337449,0.03280084,-0.02865084,-0.020960446,-0.023851784,0.59162724,-0.0025235843,-0.019303383,-0.011261764,-0.008548044,0.120416746,0.039028727,-0.016452622,-0.014287613,0.81400526,-0.02614789,-0.022645459,-0.021970661,-0.010727373,-0.020889977,-0.01710701,0.010561373,-0.018660175,0.7139733,-0.004992713,-0.018169189,0.38990492,0.20855117,0.3505447,-0.0022530956,-0.010202974,-0.0023104735,0.18315652,1.1818748,-0.0006019584,-0.015477898,0.33932889,0.06369622,-0.010678282,0.15024681,0.06526347,-0.014780103,-0.023616169,-0.06289892,0.01348456,-0.0310666,-0.00666745,0.0023786766,-0.010185559,0.02673513,-0.027469004,0.03595455,-0.026346471,-0.012303239,-0.02171878,0.072392136,-0.011721568,-0.015433697
TCGA-HU-A4GH,-0.0050540203,-0.009415001,-0.025744528,-0.0011100089,-0.017217632,0.24910057,-0.015467527,0.009431998,-0.017743004,0.0002099052,-0.011580998,0.46203086,-0.0026621684,-0.016911402,-0.012863883,0.057936765,0.10202559,-0.0032135313,-0.00565828,-0.0072725974,0.62753963,-0.007338413,0.008469993,-0.009780625,0.008444326,-0.009091259,0.016216133,-0.00666497,-0.010706767,0.5885819,-0.004861939,-0.0149420835,0.28746033,0.086588815,0.21893208,0.027499363,0.016983896,-0.004760367,0.22374368,0.9241787,0.0057354765,-0.016779637,0.32251206,0.05729866,-0.010443145,0.08381927,-0.0032295408,-0.010883955,-0.013548538,-0.049539365,-0.00616761,-0.0206099,-0.015366219,-0.0037127086,-0.012285497,-0.015020242,-0.010617669,0.07784343,-0.011336914,-0.016492138,0.008392312,0.02258375,-0.00740513,-0.011072958
TCGA-HU-A4GJ,0.016350579,-0.041513503,-0.0541572,-0.01296621,-0.02794231,0.445858,-0.02657454,0.06272662,-0.03404749,-0.022050235,-0.03704578,0.5874038,-0.01716788,-0.02626533,-0.019177962,-0.008442242,0.026868168,-0.017597662,-0.020180972,-0.00605907,0.83634293,-0.027163168,-0.01441027,-0.021236096,-0.020571042,-0.027012447,-0.021623665,-0.014109112,-0.0074255886,0.83216125,-0.008294923,-0.011031784,0.44437075,0.08737642,0.31075233,-0.010951873,-0.011635781,-0.009366544,0.27749658,1.2001649,0.032001358,-0.017760294,0.46925843,0.0025002712,-0.008066313,0.19437237,-0.015551815,-0.022477506,-0.027856402,-0.06821158,-0.0010362642,-0.04225857,-0.005709094,0.020550368,-0.016670529,-0.010081976,-0.031024985,0.03033124,-0.025212266,-0.010987977,-0.014952609,-0.018355519,-0.015910884,-0.016369224
TCGA-HU-A4GN,-0.007962675,-0.023549883,-0.073429674,-0.008190608,-0.00853138,0.4742169,-0.022333544,0.06549144,-0.03698875,-0.02250789,-0.042022243,0.5692271,-0.0115276305,-0.02380009,0.0030213795,-0.021549609,-0.0008363845,-0.007894901,-0.015009955,-0.01733777,0.8401863,-0.018487724,-0.012415897,-0.021440446,-0.015668303,-0.026909122,-0.012315372,-0.015534662,-0.022451285,0.74050385,-0.0020899258,-0.009097511,0.39724457,0.16473171,0.29698205,-0.013912415,-0.014372843,-0.00816327,0.28568926,1.1668417,0.0017296602,-0.02181909,0.3247558,0.09652678,-0.011162929,0.17872834,-0.008078346,-0.03317614,-0.032827675,-0.08376354,-0.004875383,-0.045586884,-0.013627529,0.009287679,-0.018152922,-0.015430701,-0.01983606,-0.0011254086,-0.024093071,-0.018765602,-0.010136805,-0.017092621,-0.011150811,-0.0057334197
TCGA-HU-A4GP,0.020239599,-0.022706177,-0.078922994,-0.0107384855,-0.034196775,0.5004442,-0.01167324,-0.011912536,-0.040454876,0.011340387,-0.03790425,0.5626633,-0.0046575107,-0.018134871,-0.012134691,-0.023475723,0.018913494,-0.0173015,-0.0039925207,-0.0043065613,0.7023519,-0.027624004,-0.012570705,-0.030053291,-0.0153585905,-0.02599552,-0.016571619,-0.013734471,-0.021656526,0.72268,-0.010259024,-0.011588467,0.36955208,0.18385506,0.2312878,-0.016321568,-0.014380069,-0.018681528,0.27768317,1.0583284,0.028656535,-0.016388755,0.30328435,0.08324121,-0.008070919,0.12070775,0.008712979,-0.023108816,-0.03223087,-0.08858449,-0.011071161,-0.040551424,-0.021694472,-0.022878505,-0.022085061,-0.0064318143,-0.02727722,0.0066771526,-0.031061988,-0.008368955,-0.009591394,-0.011428692,-0.007793816,-0.009841856
TCGA-HU-A4GT,0.022438288,-0.02119252,-0.089925505,-0.013823643,-0.026076227,0.6332912,-0.0073416727,0.018748486,-0.0288907,-0.005931046,-0.04757484,0.6926092,-0.013777053,-0.028067194,0.013109382,-0.029061109,0.020629102,-0.017803304,-0.020055193,-0.020177528,0.94041216,-0.030305993,-0.016247911,-0.041579038,-0.026340844,-0.026772533,0.032842964,-0.017380776,-0.030604456,0.7755797,-0.0077109644,-0.011762404,0.410329,0.14404485,0.3242309,-0.010555613,-0.0048998557,-0.0033915534,0.26852518,1.3106918,-0.0131806405,-0.023982625,0.17486936,0.09888378,-0.00705631,0.16768506,0.061323572,-0.036469605,-0.037434686,-0.10245845,-0.011252583,-0.05403288,-0.018966272,0.03501688,-0.020594569,-0.017994238,-0.023809105,-0.0067337635,-0.035783138,-0.021150596,-0.014303033,-0.0073566753,-0.017556973,-0.015362897
TCGA-HU-A4GU,-0.008686351,-0.015499724,-0.09819335,-0.0063286256,-0.03566502,0.5589516,-0.0093470225,0.032870654,-0.027015433,-0.02690548,-0.048610665,0.6395936,-0.0037287958,-0.027768375,0.011158117,-0.027678687,0.009685558,-0.0046206582,-0.0056582,-0.018432852,0.8076402,-0.026448678,-0.011992317,-0.0336667,-0.01631198,-0.028717283,0.06940073,-0.022700453,-0.027647013,0.6954556,-0.0039077783,-0.01673946,0.3800596,0.030670468,0.24700148,-0.01000854,-0.026990578,-0.012205443,0.25031698,1.1414472,-0.011659009,-0.012948057,0.14214107,0.026379187,-0.011605471,0.14349161,0.00016887672,-0.035409085,-0.03317236,-0.09961514,-0.0034092488,-0.04823664,-0.016322896,0.03646902,-0.013999751,-0.017343018,-0.029748922,-0.0007323106,-0.037328437,-0.018995682,-0.011513223,-0.013526135,-0.01283848,-0.016149305
TCGA-HU-A4GX,0.0011179214,-0.014860533,-0.06265515,-0.010186481,-0.03705474,0.456586,-0.026349965,0.009093927,-0.025345441,-0.025440536,-0.031374704,0.60706025,-0.0026306203,-0.0081859445,-0.01806612,-0.02059557,0.029398505,-0.010766742,-0.011709698,-0.015433075,0.8079205,-0.023845693,-0.0018661951,-0.02830594,-0.013089006,-0.01590931,-0.009545293,-0.011512242,-0.015490862,0.7702414,-0.006150064,-0.008108158,0.4190942,0.09504507,0.27936998,-0.011492325,0.016444203,-0.0068459264,0.23224679,1.1922224,-0.0060340175,-0.019951725,0.3651114,0.032498375,-0.006385319,0.19012809,-0.0042843516,-0.015124974,-0.023921937,-0.07030377,0.01206238,-0.038037248,-0.019446412,0.012061063,-0.019882191,-0.009211259,-0.023721224,0.0139328325,-0.026866036,-0.010639941,0.026910245,-0.011861705,-0.013217926,-0.013108991
TCGA-HU-A4H0,0.0112971775,-0.01801208,-0.08815301,-0.0065259156,-0.037121028,0.6090723,-0.0061458023,0.010507839,-0.03287053,-0.02015522,-0.050349966,0.74261075,-0.010059493,-0.0315188,-0.017843502,-0.029066388,0.015960697,-0.019979604,-0.018593423,-0.016673485,0.9130566,-0.02701012,-0.014731671,-0.03706794,-0.014348339,-0.032990787,-0.014542052,-0.023568314,-0.031411007,0.7852145,-0.011748193,-0.01168662,0.4245608,0.11024624,0.33860177,-0.012392541,-0.028848168,-0.009454596,0.31721404,1.329138,-0.016874,-0.028582232,0.28584507,0.0694159,-0.009874515,0.09468876,-0.011726468,-0.030176535,-0.028425626,-0.09920031,-0.016803984,-0.04625001,-0.02142145,-0.011764451,0.018752936,-0.016879309,-0.026287917,-0.0105355615,-0.03497774,-0.022307644,-0.005931835,-0.016862893,-0.015378352,-0.014438274
TCGA-HU-A4H2,0.014291336,-0.019000895,-0.06600588,-0.0053186594,-0.03878283,0.46983317,-0.015290754,0.04404714,-0.023473267,-0.023185201,-0.034777742,0.5885343,-0.00466391,-0.02307478,-0.0045834095,0.0039122095,0.10406093,-0.008145251,-0.010341777,-0.01019694,0.82457185,-0.020702563,-0.004531648,-0.024500353,-0.010125058,-0.02111725,0.014266832,-0.012586598,-0.008620633,0.75617087,-0.012729412,-0.006486326,0.3674968,0.10506874,0.379933,-0.010840111,-0.0064863386,-0.013368526,0.29771197,1.1749349,0.0024754233,-0.009015104,0.33708796,0.024680544,-0.009700032,0.16917074,-0.003298243,-0.02450237,-0.026519418,-0.07524623,-0.0039565065,-0.035738602,-0.017231258,-0.012577057,-0.016140226,-0.009805068,-0.020519665,-0.010725675,-0.026615381,-0.021466322,-0.008532808,-0.012659673,-0.02126582,-0.009881554
TCGA-HU-A4H3,0.023715816,-0.027866557,-0.08470028,-0.008574649,-0.04113353,0.6262003,-0.025306208,0.0191717,-0.03629235,-0.02869728,-0.039858937,0.6905762,-0.005959574,-0.028344555,0.016518008,-0.02929977,-0.009239906,-0.023576854,-0.026245274,-0.019086361,0.9013557,-0.024665864,-0.01986869,-0.043686032,-0.020176541,-0.0352529,-0.010358123,-0.024082115,-0.022189904,0.7257465,0.015027248,-0.016073208,0.3989241,0.05367918,0.29363003,-0.01280589,0.00049459003,-0.010931533,0.31828123,1.3153694,-0.003218871,0.0063750735,0.30994084,0.030327782,-0.014633787,0.21906796,-0.012513721,-0.025138775,-0.031240672,-0.10002304,-0.015240904,-0.052356854,-0.012502754,0.048729517,-0.02003626,-0.013375322,-0.019563988,0.0051383674,-0.039216295,-0.019210294,-0.01674313,0.027465269,-0.012004617,-0.01896325
TCGA-HU-A4H4,0.009861345,-0.02943987,-0.07182051,-0.0115593,-0.02768402,0.58520466,-0.0157668,0.07170091,-0.033337817,-0.02657172,-0.037639607,0.63069135,-0.0030912906,-0.023034675,-0.016078342,-0.00987045,0.02878791,-0.0109901205,-0.019025024,0.00012944778,0.87177634,-0.024252053,-0.011459984,-0.029874014,-0.016351085,-0.031216614,-0.016308682,-0.015072007,-0.012422046,0.8102709,-0.014071625,-0.009417357,0.41313285,0.097740695,0.29587564,-0.0064879507,-0.016442826,0.007886944,0.28754893,1.2314612,0.0042860704,-0.018318698,0.32664174,0.059128456,-0.007422381,0.16756773,0.004674487,-0.02734389,-0.035427004,-0.07891479,-0.011247009,-0.042670816,-0.011618622,-0.012038562,-0.0007406783,-0.013092689,-0.028474905,0.015313897,-0.028855514,-0.013701047,-0.011877352,-0.013425758,-0.016740449,-0.012358733
TCGA-HU-A4H5,-0.004677053,-0.024335805,-0.040904738,0.011862796,-0.0126919765,0.28695273,0.010588647,0.041016642,-0.028000051,-0.021859825,-0.014154577,0.51601595,0.009137696,-0.016206503,-0.0035450528,0.0291631,0.1269108,-0.00964316,-0.0061687976,-0.0029408755,0.6443492,-0.017681018,-0.013277804,-0.013585715,-0.014001949,-0.015393077,0.002624771,-0.008196788,0.025574028,0.5229575,-0.012354277,-0.011786874,0.31841242,0.15088144,0.25968558,0.026310818,-0.0066258507,0.024302443,0.24784511,1.0572944,0.027799027,0.012579098,0.24694245,0.021657536,-0.018815793,0.16817732,-0.0051505617,-0.014725702,-0.028440103,-0.059235565,0.18746176,-0.023903154,-0.0069376715,0.004667023,-0.0146015985,-0.011771601,-0.024725195,0.047799144,-0.014589205,-0.01898374,0.027300753,0.03754878,-0.017709784,-0.013702301
TCGA-HU-A4H6,-0.009247292,-0.030552717,-0.07020479,-0.009442641,-0.029626632,0.516323,-0.025663413,0.046039585,-0.02994603,-0.01915434,-0.04254544,0.5977633,-0.00052624615,-0.027322628,-0.01755094,-0.0061494615,0.032479532,-0.014252088,-0.01404395,-0.008914538,0.8789618,-0.021867443,-0.011740921,-0.0283025,-0.018125335,-0.027417755,-0.015261375,-0.013016428,-0.021725303,0.8178214,-0.00817853,-0.009452626,0.41763002,0.079255246,0.2981757,-0.0065990156,-0.0203595,-0.0037527797,0.303109,1.1674261,0.037683032,-0.022156462,0.38562137,0.046751052,-0.013290137,0.16990572,-0.0101962695,-0.027985007,-0.023565056,-0.079533726,-0.014190459,-0.03336994,-0.00940719,0.00047205924,-0.010693954,-0.014899389,-0.023689743,0.022754716,-0.025495749,-0.014001564,-0.0138144875,-0.019193279,-0.018324912,-0.013698567
TCGA-HU-A4HB,-0.0110203,-0.019094784,-0.041343354,-0.00709696,-0.027952686,0.3207931,-0.022029366,0.014263686,-0.02864821,-0.017772257,-0.023392575,0.48628348,-0.008457592,-0.019230073,-0.016294496,-0.009419387,0.040252525,-0.0081192665,-0.020463802,-0.009615238,0.746928,-0.02046875,-0.009668241,-0.01701227,-0.014409906,-0.01624907,-0.013559846,0.014100447,-0.011998052,0.7079254,-0.011218102,-0.009662567,0.34982747,0.1141828,0.25145265,-0.007062097,-0.008384861,-0.007427593,0.24366635,1.047065,0.021631695,-0.011311977,0.38088262,0.011784243,-0.0108907465,0.14380036,-0.008058731,-0.018637115,-0.021012958,-0.061172564,-0.0045576226,-0.02308825,-0.010907905,0.014127874,-0.017045751,-0.006599342,-0.026272675,0.051983997,-0.016911093,-0.018125849,-0.0077295825,-0.010007003,-0.00981354,-0.011461434
TCGA-HU-A4HD,-0.016821304,-0.021502344,-0.027134929,-0.020411808,-0.019243905,0.3228039,-0.013762381,0.02941922,-0.025364466,-0.0214029,-0.023673017,0.5130269,-0.0076967897,-0.020561723,0.05674136,0.04615447,0.1276709,-0.019747294,-0.020286636,-0.020998994,0.84409785,-0.014982248,-0.016780833,-0.025478069,-0.006847507,-0.015835399,-0.004524694,0.0093080085,-0.002581005,0.653859,0.021642245,-0.009988651,0.38544443,0.14445399,0.21602309,0.0007133244,0.00019071833,-0.009074729,0.29770055,1.0314772,0.0021694321,-0.011726875,0.2227614,-0.004509447,-0.010630232,0.1728689,0.013351526,-0.015305676,-0.023188496,-0.049072005,0.06659274,-0.03550715,-0.0051934137,0.012197005,-0.012643527,-0.0070475033,-0.018967021,0.040537387,-0.013981379,-0.0150182005,-0.018961413,0.03958657,-0.01385618,-0.013566509
TCGA-IN-7806,0.023638442,-0.021381943,-0.04082325,-0.010154605,-0.020279145,0.32098323,-0.013611714,0.0048866854,-0.026169328,0.024117954,-0.021782285,0.42283356,0.041366085,-0.016695019,-0.017560946,-0.0005235239,0.06297736,-0.0050588055,-0.01595282,-0.014996593,0.601768,-0.015125508,-0.008354435,-0.022187913,-0.009625038,-0.01819066,-0.0011923453,-0.008948119,-0.0025122054,0.6105902,-0.010751416,-0.013496614,0.31398278,0.15257584,0.16888072,-0.0033090364,0.019998038,-0.008468761,0.21120667,0.8680335,0.038282752,0.0013799464,0.37405363,0.1615398,-0.0048716203,0.15699321,-0.0069997297,-0.016582727,-0.02703727,-0.063925,0.024060383,-0.03147138,-0.015544828,-0.0019070166,-0.010371232,0.003224839,-0.023149177,0.020448253,-0.019521339,-0.018358633,0.004867328,0.005821906,-0.009071678,-0.01473156
TCGA-IN-7808,0.029150333,-0.031598583,-0.048131455,-0.010894705,-0.032225754,0.39887774,-0.02148475,0.028178176,-0.024789242,-0.019203037,-0.029325832,0.44945157,-0.0154189,-0.017256156,-0.012455342,-0.010381648,0.09193559,-0.014511897,7.308647e-05,-0.0125383325,0.72518086,-0.030741338,-0.010257139,-0.0050079953,-0.019139301,-0.022604294,-0.009726724,-0.0057735164,0.0070538884,0.7162802,-0.010541225,-0.0077108247,0.41409224,0.0431538,0.2429167,0.020470517,-0.017207159,-0.007907713,0.2494905,1.1099154,0.02142033,-0.015710536,0.41352946,0.022317069,-0.00946829,0.2249235,-0.0043617086,-0.01906693,-0.029273765,-0.07041307,-0.018277833,-0.031128703,-0.01187945,-0.01729483,-0.01776789,-0.0061295014,-0.02732303,0.028385539,-0.019330315,-0.016777396,-0.013914227,-0.014558494,-0.011871211,-0.010185413
TCGA-IN-8462,-0.004845795,-0.027693134,-0.06128336,-0.012007177,-0.033843797,0.3722936,-0.020722946,0.04150588,-0.028455244,-0.016134817,-0.031363174,0.41203076,-0.002847506,-0.018847581,-0.009965576,-0.012342478,-0.0028947536,-0.015330348,-0.011218896,-0.0104207955,0.6231607,-0.02341814,-0.017321393,-0.027463568,-0.015755652,-0.020002225,-0.0108682765,-0.0048336163,-0.014847216,0.6434744,-0.008682197,-0.0072889077,0.3202774,0.116155766,0.20952997,-0.00856285,-0.012131817,-0.012421836,0.23714054,0.98200136,0.04827319,-0.0070881876,0.3298946,0.053742897,-0.015111549,0.13467297,-0.006666584,-0.025569912,-0.020598825,-0.07691664,0.021806816,-0.033128295,-0.014211029,-0.0032566541,-0.01680594,0.004868866,-0.022874096,0.036257584,-0.028015595,-0.013155018,-0.018528298,-0.008190318,-0.017464606,-0.011125699
TCGA-IN-8663,-0.009799637,-0.029271916,-0.08355816,0.027065717,-0.041532468,0.48193088,-0.0246838,0.037115432,-0.03201323,-0.010999583,-0.04513298,0.47953713,-0.019129513,-0.019194424,-0.015486223,-0.03349716,0.00030730432,-0.018552456,-0.012929391,-0.017900845,0.67357594,-0.022973012,-0.01916575,-0.03407052,-0.009796992,-0.027713053,-0.019347953,-0.02359951,-0.038138703,0.6377789,-0.012017408,-0.011626598,0.2780554,0.09836064,0.17093204,-0.0058312947,-0.025537344,-0.020371776,0.18172738,1.0528871,0.030573443,-0.020600442,0.2548507,0.060617145,-0.010350004,0.1427797,-0.022806216,-0.03244598,-0.018023547,-0.1090269,0.12968995,-0.04553121,-0.023286564,0.014531221,0.030477606,-0.010183659,-0.028407022,0.0849722,-0.040084284,-0.015970808,-0.023382403,-0.015103165,-0.013667123,-0.016078148
TCGA-IN-A6RI,-0.010692336,-0.010713823,-0.023284264,-0.011916094,-0.019104207,0.3055148,-0.009362958,0.01899214,-0.021296233,-0.020813208,-0.023142569,0.46425918,0.014504922,-0.011710761,0.03394062,0.044734884,0.017830517,-0.009582548,-0.016222559,-0.011493592,0.6783357,-0.003216254,-0.009811843,-0.008162605,-0.008106092,-0.014010159,0.026908834,0.007317663,-0.011688851,0.58040226,0.030995289,-0.0073613077,0.33368093,0.0835333,0.24294731,0.010638281,-0.007982793,-0.002516067,0.14318973,1.0233076,-0.0055308305,0.01025792,0.2965527,0.07823333,-0.008522571,0.07842022,0.019162491,-0.012661971,-0.036286317,-0.03904914,0.026273537,-0.020264337,-0.020100307,0.016737588,-0.011712339,0.041011088,-0.012469177,0.019505823,-0.0055936384,-0.015185241,-0.008481242,0.08935514,-0.0126934815,-0.009831492
TCGA-IN-A6RJ,-0.009059234,-0.012183465,-0.038146026,-0.011652445,-0.022115314,0.30303377,-0.022112858,0.026093135,-0.01679951,-0.016378997,-0.015782274,0.34975743,-0.010689701,-0.017155448,-0.011730161,0.018222649,0.007239365,-0.009071177,-0.011621427,-0.008390115,0.54384905,-0.012118313,-0.008563065,-0.023820037,-0.015094742,-0.012165817,-0.009264397,0.003148884,-0.005896422,0.6329666,-0.01302099,-0.008296219,0.24689138,0.12122016,0.18882021,-0.0053807334,-0.0057883444,-0.009297933,0.22291753,0.8040182,0.03284037,-0.008904313,0.29475343,0.019607248,-0.007480815,0.20909286,-0.0071732393,-0.002683172,-0.018334778,-0.050204583,0.00855465,-0.028808407,-0.004584348,0.015292851,-0.017538026,-0.011445995,-0.014326001,0.06706036,-0.020574328,0.0009333568,-0.014769554,-0.006006049,-0.013320677,-0.0076825833
TCGA-IN-A6RL,-0.013408405,-0.02049041,-0.04429643,-0.011116366,-0.02973519,0.29112053,-0.022821063,0.02891491,-0.029000008,0.022211391,-0.020429052,0.53352165,-0.009622575,-0.016820526,-0.0006838244,-0.007093308,0.061445996,-0.008712115,-0.01445965,-0.01914642,0.6926155,-0.013649352,-0.0151456855,-0.019028367,0.0039559696,-0.01737839,-0.0024188638,0.027409885,-0.012885058,0.5852371,0.048969492,-0.014607727,0.3325469,0.19216174,0.25485307,-0.005418578,0.005450379,-0.005290061,0.18499479,0.9945288,0.025319438,-0.013537923,0.38313174,0.050800584,-0.00909619,0.12432192,-0.0071150567,-0.011693327,-0.03567463,-0.06155829,0.0062633404,-0.03085106,-0.014811531,0.0028439034,-0.016315853,-0.0107123135,-0.020303678,0.060360007,-0.017590744,-0.0100801615,-0.013201297,-0.007164484,-0.008902824,-0.0127294995
TCGA-IN-A6RN,-0.010019158,-0.019272076,-0.024481883,0.000116094016,-0.023816304,0.33231834,-0.0075089782,0.010751357,-0.022521323,-0.015272547,-0.023478938,0.4257073,0.012434077,-0.011593497,-0.013039933,0.019333055,-0.0034744348,-0.014292145,-0.002057827,0.0022097216,0.5962047,-0.026600312,-0.007447228,-0.010554199,-0.008797166,-0.0118613755,-0.006168331,0.014762621,-0.011322815,0.5037704,0.00030972238,-0.012326763,0.30161124,0.031801086,0.18638305,0.014432136,-0.0026072236,-0.0066438382,0.18410674,0.94595826,0.00051819225,-0.0100730155,0.28924596,0.024591228,-0.0033076883,0.14404449,0.023313778,-0.007283029,-0.024080858,-0.03916775,0.12135047,-0.024586812,-0.00785337,-0.0034651642,-0.012490258,0.017387401,-0.016377192,0.010063616,-0.010497341,-0.012910121,-0.0120695345,0.04279515,-0.005881262,-0.014687841
TCGA-IN-A6RR,-0.012684282,-0.016168807,-0.07143177,0.004388878,-0.040936407,0.39094603,-0.038016368,0.011440704,-0.03419909,0.06656785,-0.029473182,0.5531405,0.022604242,-0.029664002,0.0052940985,-0.026306327,0.01871414,-0.006157358,-0.006973657,-0.023142802,0.72873235,-0.020722812,-0.013705935,-0.019242477,-0.010290601,-0.03143665,0.0037232612,-0.015673872,-0.004365864,0.701535,-0.019389773,-0.019892998,0.3267288,0.15167554,0.1851861,-0.01743702,-0.011146521,-0.016198836,0.29204404,1.1455894,-0.0012649712,-0.023045937,0.4033776,-0.0017134254,-0.0091915745,0.17104812,-0.017260212,-0.025823753,-0.026814029,-0.08069684,0.015030087,-0.04155319,-0.009655733,0.012458368,-0.016912047,-0.012289219,-0.039372087,0.078969195,-0.026125109,-0.015418332,-0.007631885,-0.007375377,0.016125584,-0.016659675
TCGA-IN-A6RS,-0.0060939128,-0.019537758,-0.055941083,-0.0030647393,-0.029509358,0.36223507,-0.014520091,0.0367859,-0.022642924,-0.019123038,-0.03563515,0.5206866,-0.013910874,-0.022923352,-0.009247173,0.0015518705,0.00909998,-0.0051242663,-0.013880599,-0.006825831,0.6954824,-0.020344352,-0.0014230893,-0.032046556,-0.008986612,-0.023619529,-0.011481803,-0.006473536,-0.02283791,0.6974535,-0.011403546,-0.004420617,0.39482135,0.10672413,0.2747419,-0.006149752,-0.016311925,-0.012337532,0.2792336,1.0924729,0.02109654,-0.0010250397,0.36345565,0.104056746,-0.010807415,0.15307052,-0.012787873,-0.030951463,-0.024465231,-0.07218507,-0.013494818,-0.032226793,-0.010890396,0.01421535,-0.019101482,0.03708296,-0.026134087,0.058384333,-0.018905649,-0.014910932,0.014487492,0.027518827,-0.021196129,-0.00652657
TCGA-IN-A7NR,-0.008744625,-0.023868974,-0.035163753,-0.012405549,-0.025755387,0.30077577,-0.018684793,0.024537804,-0.023003053,-0.018266857,-0.013414606,0.4160803,-0.011864841,-0.013648927,-0.01297526,-0.0007829594,0.02679247,-0.013999026,-0.011604613,-0.004018626,0.62186396,-0.019130962,-0.012902811,-0.018390546,-0.009629876,-0.014962606,-0.0069413316,-0.005177618,-0.00026453403,0.5552219,-0.010794416,-0.009790171,0.3091495,0.10120802,0.21570218,0.015142944,-0.0047078663,-0.011403394,0.2481726,0.90951407,0.0694823,-0.005106838,0.3613101,0.016948352,-0.011074418,0.17556345,-0.0045854375,-0.015077982,-0.020270396,-0.048633307,-0.0012824563,-0.026959065,-0.007081109,0.002289812,-0.014041947,-0.0077307974,-0.018542271,0.04026697,-0.016308945,-0.0109548075,-0.012172816,-0.0064059263,-0.0111042885,-0.009234734
TCGA-IN-A7NT,-0.017174412,-0.03252948,-0.048395924,-0.011122122,-0.036452148,0.44828534,-0.023849046,0.027666325,-0.032566167,-0.021725703,-0.023808151,0.58185744,-0.022708174,-0.020204768,-0.006042838,0.01171628,0.08707563,-0.024053384,-0.029048495,-0.023146756,0.6444811,-0.015072566,-0.017626448,-0.03181923,0.02855144,-0.021525767,-0.017582899,-0.008168831,0.005467628,0.7164966,-0.010637377,-0.019780913,0.35476488,0.12979785,0.27069053,-0.004200745,-0.017336158,0.003373643,0.23534389,1.1565241,0.05284271,0.0032327482,0.33305648,0.0018077763,-0.0036189635,0.24029317,-0.012185599,-0.019161742,-0.026731016,-0.08182043,0.0028531859,-0.03615063,-0.0070056007,-0.006755801,-0.016399665,-0.0073789097,-0.024812888,0.03384327,-0.020091288,-0.01689574,-0.025121447,0.047473755,-0.012238323,-0.011448247
TCGA-IN-A7NU,0.06166864,-0.025230303,-0.052609645,-0.010626498,-0.022983942,0.3403553,-0.019310717,0.032958224,-0.030177735,-0.014893788,-0.022269975,0.4007401,0.00041983963,-0.023066308,-0.015736612,-0.016078852,0.0069414563,-0.010463574,-0.022327062,0.0043255393,0.6123257,-0.017914586,-0.012089139,-0.020733545,-0.004938699,-0.022109084,-0.014106538,-0.0127648115,-0.012260896,0.60909814,-0.00806781,-0.007073143,0.30905807,0.056123175,0.22305979,-0.011452525,-0.012598948,-0.0084922165,0.23591943,0.9504131,0.04111469,-0.0070358864,0.433407,0.027772207,-0.0114141945,0.1696062,-0.013463022,-0.02150706,-0.02541219,-0.06699248,-0.010988529,-0.029126123,-0.0055857617,0.0074637737,-0.014248965,-0.0034040334,-0.022876306,0.028696682,-0.03000743,-0.0074876174,-0.016962003,-0.002621749,-0.016096463,-0.009524451
TCGA-IN-AB1V,-0.007604695,-0.014957212,-0.022418452,-0.013014955,-0.01757913,0.2063081,-0.017948834,0.03275775,-0.015373037,0.004254135,-0.010579346,0.35049355,-0.011788577,-0.0131667,-0.015292713,0.08293695,0.018377984,0.00430672,-0.015639096,-0.011436465,0.531253,-0.005612933,-0.010456438,-0.014088925,-0.009591911,-0.012935039,-0.00723214,0.027740669,0.0046752067,0.52382916,-0.0076194834,-0.007754681,0.24348709,0.15335932,0.19649449,0.008860115,0.037668806,-0.008258128,0.2099962,0.8233622,0.05711826,0.010030273,0.39290214,0.055239078,-0.008820166,0.17840838,-0.0038846738,-0.0069603235,-0.0053602606,-0.034338642,0.070050605,-0.020504693,-0.008242694,0.0017136536,-0.0037382892,-0.00912589,-0.01427846,0.089504465,-0.008117283,-0.015633233,-0.013974402,-0.008637288,-0.0034234212,-0.011512784
TCGA-IN-AB1X,-0.009831981,-0.032124646,-0.057435695,-0.0067894626,-0.024090763,0.47368482,-0.015520127,0.02793525,-0.029502032,-0.022131246,-0.026774324,0.553203,-0.011786615,-0.011077501,-0.015359909,-0.0037870738,0.01654763,-0.01229235,-0.009809444,-0.011004245,0.72838354,-0.020490292,0.0023747832,-0.031240977,-0.01060742,-0.02082872,-0.013516586,-0.006707325,-0.007957479,0.6706141,-0.004180541,0.003653532,0.35079885,0.07738689,0.24227124,-0.006414601,-0.011331471,-0.010545591,0.30631238,1.0615696,0.031819545,-0.006401823,0.36286634,0.03233946,-0.016478408,0.2598154,-0.010412595,-0.021099165,-0.031091984,-0.078475945,0.0015776693,-0.038073137,-0.013979054,-0.0105889365,-0.023850642,-0.011072578,-0.026331013,0.05629531,-0.022358911,-0.008436393,-0.009251169,-0.008360983,-0.01252795,-0.0073537724
TCGA-IP-7968,-0.017473869,-0.007818006,-0.056724623,-0.012487436,-0.037281245,0.43089724,-0.02437899,0.056192756,-0.03647594,-0.01889802,-0.028805189,0.49372694,-0.004146386,-0.023174454,-0.009035715,-0.006559173,0.083140574,-0.013283523,-0.010303453,-0.013161736,0.6704414,-0.024256688,-0.01479371,-0.030341502,-0.013580862,-0.025796477,-0.010121678,-0.006800222,-0.0050138086,0.69787467,-0.01304635,-0.013698234,0.2805915,0.24213922,0.2776239,0.0033148974,-0.01258479,-0.008652464,0.2900079,1.0684996,0.037664186,-0.015105419,0.30576503,0.06366477,-0.0090391645,0.18845122,-0.007895944,-0.029373692,-0.0403565,-0.08516094,0.020930348,-0.044698738,-0.027141808,0.009711074,-0.020412419,-0.0036649709,-0.027623197,0.026817607,-0.021797953,-0.01274439,-0.022319928,0.042831074,-0.0045450935,-0.012526942
TCGA-KB-A6F7,-0.013870008,-0.02947607,-0.026318096,-0.012886645,-0.020080274,0.38781726,-0.003766504,0.004013881,-0.029665705,-0.021135218,-0.02311795,0.4124735,-0.0151934335,-0.019608146,-0.00678168,0.02733578,-0.0037511976,-0.008844084,-0.016627302,0.01608756,0.69158995,-0.022218037,-0.016450815,-0.015658235,0.045044124,-0.010124715,-0.008890284,0.0031953128,0.0038408795,0.5573043,-0.007127849,-0.008376539,0.36499614,0.098149836,0.25848898,0.0014946634,-0.008853922,-0.0056039784,0.19976234,0.9704124,-0.0049034976,-0.024425006,0.2271834,-0.007570383,0.018000271,0.14451179,-0.01427733,-0.020706194,-0.030078622,-0.037469517,0.06634657,-0.02777302,-0.010432545,-0.009307592,-0.0038178538,-0.009247713,-0.026695816,-0.005032075,-0.025112653,0.0044251448,-0.007938994,0.08284733,-0.0029691316,-0.007327501
TCGA-KB-A93J,0.006090567,-0.015467535,-0.0336183,-0.0073885717,-0.035613444,0.3631516,-0.026440358,0.0002847826,-0.024419326,-0.018812656,-0.022854712,0.701619,0.0029271059,-0.022968242,-0.02023128,-0.009004959,0.068348646,-0.0053958213,-0.021177813,-0.018011408,0.74296314,-0.02632584,-0.017343562,-0.0215448,-0.013880043,-0.018408258,0.0032889014,0.038854767,-0.019290857,0.6300427,0.022422424,-0.015283576,0.40424407,0.111317605,0.194388,-0.008197284,-0.011880081,0.0059393747,0.2749653,1.0976378,0.027858784,-0.0215682,0.4806878,0.026531095,-0.014139835,0.14860785,-0.0059262514,-0.013505099,-0.02519664,-0.070110396,0.07237898,-0.046701055,-0.02252728,0.005004687,-0.0119816605,-0.017166443,-0.026085488,0.04428333,-0.021873137,-0.013305459,-0.011137829,-0.006085811,-0.0026092066,-0.014296189
TCGA-MX-A5UG,-0.009987537,-0.043335307,-0.03751766,-0.025670838,-0.023033265,0.23638342,-0.028442025,0.04138419,-0.052592095,-0.026296282,-0.0266217,0.4345081,-0.010935166,-0.019699672,-0.022050574,-0.0022983951,0.029882522,-0.016932847,-0.0317653,-0.008259186,0.589791,-0.025401864,-0.018007416,-0.022937156,-0.018083762,-0.019985385,-0.018461868,-0.010279166,-0.0027866056,0.64979863,-0.016673744,-0.008840606,0.33170202,0.14514142,0.28364933,-0.0151783,-0.018208904,-0.013995107,0.25586265,0.9179096,0.08649671,0.043154806,0.42802715,-0.0019034522,-0.005612126,0.22732016,-0.014434647,-0.032490976,-0.042265028,-0.06745168,-0.023440074,-0.037242055,-0.012364075,-0.024153389,-0.018573359,0.022970555,-0.04694792,0.0066676233,-0.008114686,-0.010043953,-0.03670439,-0.012061447,-0.008197997,-0.011880964
TCGA-MX-A5UJ,-0.011025209,-0.025884502,-0.06555228,-0.012500906,-0.034478128,0.44469672,-0.02423183,0.030975461,-0.04008974,-0.029157894,-0.034087457,0.5224162,-0.013001807,-0.021967094,-0.009608642,-0.018819228,0.021056864,-0.013057996,-0.021075763,-0.0035326658,0.76389784,-0.016181061,-0.022569947,-0.025925366,-0.013340462,-0.020140748,-0.012086802,-0.01589182,-0.017933864,0.61509,-0.012334093,-0.00690289,0.36338472,0.11600399,0.27948323,-0.007817415,-0.012198389,-0.012563842,0.29345205,1.0221667,0.026105873,-0.0026565485,0.32326925,-0.0036882537,-0.0055640987,0.1761616,-0.012710243,-0.031316977,-0.040139407,-0.085504934,-0.015860759,-0.03320927,-0.015313027,-0.004335764,-0.01057508,-0.005748518,-0.028219037,0.007951865,-0.024507448,-0.008821426,-0.02236788,-0.011125483,-0.013741279,-0.00998265
TCGA-MX-A663,-0.0058314335,-0.037789498,-0.026313491,-0.022422116,-0.017859146,0.22168216,-0.018900976,0.06842083,-0.04957942,-0.03173806,-0.012106126,0.34110078,-0.008785756,-0.016879799,-0.017731324,0.04476163,0.031772867,-0.019180661,-0.020451304,-0.008970322,0.51007575,-0.0179927,-0.024852261,-0.012100415,-0.0052681165,-0.016104445,-0.0096512465,0.019575734,-0.0076253335,0.43646336,-0.0129841585,-0.004190629,0.3521253,0.14051735,0.1579602,-0.003944747,-0.010166896,-0.013210609,0.2031238,0.8562783,0.050810557,-0.004708287,0.3570494,-0.015504665,-0.0094537,0.21537592,-0.010027841,-0.025523808,-0.031371944,-0.044060633,-0.010557737,-0.025874835,-0.002403438,-0.008871034,-0.00829728,-0.010415053,-0.031939358,-0.003817491,-0.008784139,-0.009054436,-0.038099736,0.034459088,-0.009937549,-0.011740847
TCGA-MX-A666,-0.009207336,-0.028187249,-0.025709664,-0.0098569915,-0.018038608,0.28244007,0.0028994114,0.070070155,-0.03286276,0.01300453,-0.021615095,0.46289626,0.00413587,-0.022888264,-0.008286344,0.05928085,0.04570938,-0.01090979,-0.016409574,0.013922787,0.68864167,-0.022396551,-0.01329172,-0.014179635,0.08557471,-0.016579278,0.0022047013,0.017298236,-0.013543019,0.5894623,-0.0068445583,-0.010803347,0.3432851,0.09772979,0.17007194,-0.00021003559,-0.009885391,-0.008833364,0.25754073,1.0117949,0.0036773197,-0.004620829,0.24742544,-0.007924652,-0.010690413,0.12748617,-0.0049668183,-0.015546501,-0.030144993,-0.045180224,0.029036617,-0.030961292,-0.010384764,0.034589294,-0.004463043,-0.008435642,-0.024116922,0.056006435,-0.013770572,-0.013864811,-0.01866443,0.05809186,0.006724463,-0.011072606
TCGA-R5-A7O7,0.0052274354,-0.016993098,-0.046487562,-0.013921884,-0.022578562,0.37603956,-0.015620554,0.017432757,-0.028888678,-0.01672944,-0.032920916,0.46290767,0.036320575,-0.020701848,0.014977977,0.026607148,0.0018336324,-0.0069886316,-0.004176232,-0.01032063,0.7284939,-0.013952546,-0.009518965,-0.020400004,-0.008558023,-0.020318681,-0.013501244,-0.007229022,-0.016402427,0.661237,-0.011826018,-0.005233594,0.41213816,0.14774927,0.25326946,-0.009527124,-0.014765229,-0.007957102,0.20026234,1.0834167,0.022221453,-0.011798558,0.3664431,0.014565106,-0.013386654,0.064617254,-0.011442262,-0.025770513,-0.027510542,-0.06387602,-0.014370446,-0.0264849,-0.0072819395,0.00459673,-0.009915344,-0.0060930457,-0.025526658,0.026577212,-0.010967775,-0.014925587,-0.01794654,0.0016544624,-0.016594315,-0.013726815
TCGA-R5-A7ZE,-0.005680543,-0.0122727845,-0.040331233,-0.009192728,-0.02276472,0.35945392,-0.009428787,0.07802187,-0.019721933,-0.01654183,-0.018352117,0.5574307,-0.013239103,-0.015133505,-0.015857225,-0.00032034365,0.06797926,-0.013185963,-0.005074862,-0.008982636,0.6872826,-0.01755058,-0.015290767,-0.01956231,-0.0031542215,-0.011593383,-0.0047764084,0.01541231,-0.020518852,0.5680006,-0.00549265,-0.008340102,0.3835834,0.14698699,0.22065495,-0.0036044426,-0.008952904,-0.008019684,0.23598194,0.9427837,-0.0012342589,-0.012063177,0.29365844,0.022628412,-0.00980228,0.122536436,0.02765815,-0.022608047,-0.03167028,-0.048576653,0.098184615,-0.028836947,-0.011780495,0.0022951933,0.03395714,-0.0065767495,-0.016676696,0.02328099,-0.020288067,-0.016284216,-0.0039604255,0.0062842043,-0.009794248,-0.011790987
TCGA-R5-A7ZF,-0.014494252,-0.022261923,-0.0388548,-0.010891512,-0.025297407,0.4418295,-0.01923865,0.024711752,-0.02671009,-0.0113965925,-0.027323065,0.60175896,-0.012876416,-0.020079065,0.011673247,0.023030227,0.058141645,-0.013245702,-0.017796159,-0.012251463,0.7871284,-0.022491138,-0.012491195,-0.027382681,-0.014579626,-0.015099071,0.003716019,-0.018562146,-0.009266488,0.6491442,0.013376443,-0.012396571,0.5066577,0.12669107,0.28789508,0.045330126,-0.008949116,0.0071134106,0.28404897,1.1396616,0.025172932,0.010570457,0.34677216,-0.006992035,-0.016403692,0.19371867,-0.010944343,-0.020499272,-0.03188604,-0.05879356,0.052026622,-0.028757766,-0.007337044,0.018593634,-0.018095922,0.009803262,-0.021138206,-0.013291748,-0.023997623,0.0012313621,-0.01187431,0.005693851,-0.019090315,-0.011680763
TCGA-R5-A7ZI,-0.011078877,-0.019872911,-0.039462052,-0.0030482677,-0.038992763,0.4481734,0.007182936,-0.0009402586,-0.018508287,-0.018043946,-0.03011061,0.58837205,0.05257771,-0.012327267,-0.019640788,0.047525413,0.037586235,-0.007062326,-0.013726775,-0.007261372,0.85905504,-0.016081765,-0.008884478,-0.026250273,-0.0061890464,-0.0032251705,-0.0040893406,0.0056499345,-0.018585103,0.75766873,-0.010797767,0.0061460393,0.28628433,0.055811852,0.37365946,0.018459903,-0.009336726,0.011858599,0.34478262,1.144767,0.02343923,-0.03192767,0.39158773,0.028013982,-0.012565085,0.13648725,-0.0050753667,-0.012865315,-0.02338956,-0.039827123,-0.0059869196,-0.027081823,-0.008188298,0.037992824,0.004033559,-0.006992412,-0.02692017,0.035683773,-0.021624928,-0.01521735,-0.014696615,0.00505954,-0.010123505,-0.0072565805
TCGA-R5-A7ZR,0.017692767,-0.025796985,-0.03778694,-0.024111018,-0.026921732,0.38298267,-0.0048105046,0.022178479,-0.01853685,-0.022257777,-0.027398143,0.533427,-0.008925358,-0.013330506,-0.008779188,-0.0009114646,0.08412579,-0.011119438,-0.015979012,-0.0014604578,0.8178461,-0.021050865,-0.018298626,-0.028897155,0.012417069,-0.012106432,0.032442234,-0.010945949,-0.007860799,0.6298898,0.026612582,-0.00050126156,0.39952716,0.059404403,0.3078817,0.0047383746,-0.008103228,-0.012548663,0.22680639,1.1203973,-0.012156157,-0.012778009,0.2832993,0.010816556,0.0024286457,0.13692175,0.03365622,-0.022779945,-0.025512625,-0.043324992,0.04872497,-0.0346272,-0.01372193,-0.010451781,0.00891177,-0.015220404,-0.023835456,0.100330085,-0.027036024,-0.016782543,-0.020526297,0.13148229,-0.006278972,-0.010869268
TCGA-R5-A805,-0.013851794,-0.02237736,-0.04155511,-0.008676835,-0.032962803,0.34551764,-0.012151466,0.026271913,-0.02217566,0.01384499,-0.026766328,0.42463917,-0.013356728,-0.021634812,-0.009535272,-0.014844893,0.03192522,-0.006806875,0.017707769,-0.010860352,0.63104117,-0.019183602,-0.020551529,-0.017861143,-0.011222955,-0.024546614,0.00219578,0.029482711,0.00051372964,0.63908017,-0.016688082,-0.020434659,0.30555642,0.08507273,0.28284127,-0.01151595,-0.008889244,-0.01631643,0.21070606,1.0407188,0.022275727,-0.011128413,0.3295685,0.0049631563,-0.017481068,0.21925089,-0.020838516,-0.01829343,-0.026057236,-0.06413374,-0.010678836,-0.031167153,0.0017897908,0.004633885,-0.020710615,-0.017759804,-0.033378623,0.07144754,-0.020998042,-0.011043488,-0.01997292,-0.011204712,-0.0143913245,-0.006954375
TCGA-RD-A7BS,-0.005203781,-0.026147883,-0.033313468,-0.017694183,-0.023914985,0.24546967,-0.024792101,0.015773617,-0.023537694,-0.014356839,-0.013445702,0.34191146,0.0073140627,-0.017467877,-0.009931494,0.020936823,0.07376518,-0.012112441,-0.019946797,-0.006169379,0.5933733,-0.015427947,-0.011555246,-0.021767894,-0.010198169,-0.017265437,-0.008721443,0.029342085,-0.000743411,0.6766457,-0.0076920073,-0.008388218,0.27126154,0.12317535,0.20733902,0.044714805,-0.001503129,-0.004164474,0.21974492,0.8594568,0.059796862,-0.0016019656,0.35649577,0.0032060547,-0.014432276,0.20358092,-0.004313333,-0.017022079,-0.02307926,-0.052435756,-0.0064390614,-0.027740013,-0.009589411,-0.008124279,-0.010365985,0.002762775,-0.03244955,0.0272025,-0.012843096,-0.012033443,-0.014946268,-0.007412391,-0.010962844,-0.009320815
TCGA-RD-A7BW,-0.008774343,-0.051275413,-0.03335107,-0.021768665,-0.0217879,0.27128822,-0.021062879,0.025364377,-0.04590709,-0.02699754,-0.004707141,0.31067997,-0.013384515,-0.020932313,-0.021030657,-0.0021843826,0.001614179,-0.021497875,-0.03801441,0.015248721,0.49436066,-0.020118505,-0.018331142,-0.013656256,-0.009004813,-0.018609762,-0.00870271,-0.0088343695,-0.0004725447,0.45513326,0.031378835,-0.008452399,0.31142277,0.13027406,0.15633574,-0.0043149106,-0.007036623,-0.006005774,0.20214489,0.7492976,0.07759035,0.03193795,0.35001066,-0.0046832003,0.018955112,0.19439349,0.004518075,-0.031577047,-0.031376608,-0.053047247,-0.0029083025,-0.023232706,-0.011440471,-0.023025619,-0.01980997,0.052384984,-0.036579173,0.0048053414,-0.009985103,0.0026172455,-0.032476027,-0.009039161,-0.006329622,-0.010897347
TCGA-RD-A7C1,-0.011104484,-0.021205815,-0.059970893,-0.014954949,-0.02794643,0.51741123,-0.012659843,0.033975516,-0.03181053,-0.016913496,-0.038776353,0.5430907,0.0011088366,-0.024028268,-0.007513082,-0.007938543,0.015780637,-0.010018278,-0.016688352,-0.0058080424,0.8052555,-0.018232703,-0.017736858,-0.027220175,-0.0025036084,-0.027546665,-0.00820774,-0.008261827,-0.022313293,0.75909495,-0.00932295,-0.002089421,0.3693976,0.13245964,0.34808862,-0.008140877,-0.013276825,0.022097802,0.2916603,1.1218797,-0.0034877993,-0.011443502,0.3674426,-0.002346013,-0.01130534,0.22840443,-0.008444654,-0.024313908,-0.033630747,-0.072905056,-0.025735438,-0.03233976,-0.010980688,-0.01248776,-0.0033807184,-0.013987093,-0.03004349,0.0026744225,-0.023047268,-0.0129362345,-0.015877426,0.016925238,-0.012682776,-0.004751762
TCGA-RD-A8MV,-0.010100074,-0.014945105,-0.048120663,-0.009487892,-0.026126293,0.31499144,-0.0134806,0.042915758,-0.02395599,-0.020406645,-0.031990375,0.5186651,-0.0056727408,-0.016384399,-0.013544802,-0.0025359343,0.06538227,0.01903929,-0.0018112184,-0.011087973,0.6500924,-0.027351795,-0.008382035,-0.022023428,-0.014686956,-0.016621098,0.009981429,0.0015789885,-0.011362707,0.72929156,-0.009513333,-0.0070919944,0.2741266,0.15217838,0.29927874,-0.0045219623,-0.009659461,-0.006077469,0.28360963,1.0094405,0.041260317,-0.007845878,0.3862437,0.03368244,-0.01505957,0.13895613,-0.0060306606,-0.016359398,-0.024261842,-0.059228033,-0.008768675,-0.032989435,-0.01028779,-0.0066644847,-0.016875565,-0.008399252,-0.026482238,0.017630674,-0.0220552,-0.01572429,-0.0056779385,-0.010059429,-0.010421529,-0.009976052
TCGA-RD-A8MW,5.560764e-05,-0.02217704,-0.022736922,-0.010274904,-0.017540045,0.24212465,-0.010621772,0.08678916,-0.029150577,-0.014997757,-0.018767085,0.40488747,0.019363156,-0.016312037,-0.009726275,0.04533043,0.07390164,-0.0056814784,-0.017875232,-0.009729901,0.5844758,-0.017043512,-0.018248446,-0.009985588,-0.013088645,-0.012184868,-0.00547982,0.021544045,-0.008732925,0.49884564,-0.006146122,-0.011555148,0.26532558,0.087060705,0.18152198,-0.005983101,-0.00019536528,-0.00062296237,0.20809767,0.8108359,0.037121903,-0.004498862,0.30049956,-0.0044697598,-0.0054859743,0.12290818,-0.005974284,-0.010459123,-0.024162145,-0.038868744,-0.0041484255,-0.017768305,-0.00828447,-0.004011428,-0.010275238,0.01329833,-0.017969053,0.022605352,-0.010336127,-0.009916529,-0.016681582,0.026622564,0.039778735,-0.0071760966
TCGA-RD-A8N0,-0.0058846544,-0.039918713,-0.035098463,-0.018878713,-0.021998208,0.39764792,-0.02073266,0.024404038,-0.03418841,-0.018642584,-0.01744558,0.44963574,-0.016567538,-0.019002635,-0.018934872,-0.00062855857,0.023875002,-0.012131793,-0.023520693,0.010659586,0.6456341,-0.027446382,-0.01224016,-0.021755887,-0.017648876,-0.018651998,-0.0070480844,-0.010700404,0.012200795,0.65710425,-0.008100667,-0.011197538,0.3283335,0.09920116,0.22262868,0.015122594,-0.0049028243,-0.0062228693,0.23395842,0.9934509,0.07162778,-0.0064828065,0.41133425,0.0077618277,-0.006635081,0.25317413,-0.010733782,-0.01674524,-0.022240374,-0.049776822,-0.009173976,-0.027970094,-0.0071699223,-0.014276087,-0.019251958,-0.0012996362,-0.032790497,0.021568751,-0.017546998,-0.011395181,-0.018601853,-0.008804702,-0.008714286,-0.009658078
TCGA-RD-A8N1,-0.008459619,-0.02042056,-0.019544706,-0.0076207807,-0.017444843,0.3232659,-0.01563255,0.05471413,-0.022945924,-0.020626117,-0.021602495,0.4600982,0.008873401,-0.021398822,-0.01613153,0.072777,0.030186983,-0.0129699,-0.01830972,-0.0053253025,0.6610821,-0.02048859,-0.009947645,-0.009108074,-0.010084359,-0.014892339,-0.0070850663,0.002860645,-0.0067517315,0.6697928,-0.013776675,-0.016340854,0.31922388,0.10989444,0.15751967,-0.0072661247,-0.007875219,-0.01205687,0.21026279,0.9494742,0.036476918,-0.01173708,0.35247105,0.0017912083,-0.0021537433,0.15556997,-0.0036809323,-0.0028502494,-0.025606576,-0.041941535,-0.0057858755,-0.0206383,-0.0100110285,-0.011848066,-0.009827476,-0.009266226,-0.02093803,0.056946173,-0.016202174,-0.015186882,-0.007541323,-0.006212921,-0.01498141,-0.0064108325
TCGA-RD-A8N2,-0.011671392,-0.046797685,-0.027871432,-0.01658629,-0.021623954,0.23520033,-0.019109808,0.022395184,-0.040314056,-0.024954328,-0.0144239785,0.25981966,-0.011205714,-0.012840002,-0.017419182,0.021164346,-0.0012669079,-0.016598698,-0.023098595,0.016914938,0.3294768,-0.014242141,-0.019581072,-0.018366255,-0.008059246,-0.00701566,-0.016329475,-0.0010082345,0.010385189,0.28956324,-0.005660044,-0.009821858,0.23462579,0.15855731,0.13224334,-0.0031615458,-0.00044633355,-0.012796141,0.097549155,0.564939,0.05803392,0.07164731,0.22304526,0.009301989,-0.0027228529,0.1893543,-0.0055000065,-0.021287955,-0.028123688,-0.04222496,0.0049904124,-0.00783292,-0.0064220806,-0.017227616,-0.015369103,0.035004288,-0.023831172,0.008953981,-0.008284474,-0.011102838,-0.0337402,-0.009316417,-0.004779976,-0.009107019
TCGA-RD-A8N4,-0.012744144,-0.048450854,-0.028130362,-0.023106884,-0.015885876,0.24080272,-0.024356563,0.012793382,-0.034823813,-0.029306747,-0.022520162,0.2624249,-0.012080282,-0.0126945395,-0.021839846,0.008899464,0.018610124,-0.019484136,-0.02010496,0.0034983559,0.4065721,-0.016157176,-0.020430265,-0.022819761,-0.0039383527,-0.009813199,-0.008776915,-0.005913918,-0.0061338022,0.29618168,-0.0075719664,-0.0052091214,0.32288817,0.116056554,0.1339951,-0.008938318,-0.013503369,-0.007869435,0.13539284,0.65438986,0.016641822,0.01720687,0.23469463,0.010037571,-0.004852413,0.22808053,0.0009311801,-0.022609025,-0.023580695,-0.045591846,-0.001926288,-0.014980308,-0.010103989,-0.024247812,-0.010262843,0.027220778,-0.031351186,0.020159878,-0.009296959,-0.01095975,-0.023269035,-0.011578133,-0.009051627,-0.0032159546
TCGA-RD-A8N5,-0.01749472,-0.01940637,-0.031903006,-0.011493608,-0.021852782,0.29102987,-0.020622326,0.034082122,-0.028310938,0.031808008,-0.02069949,0.40403262,-0.007597086,-0.019663464,-0.013714178,-0.00529302,0.019015929,-0.011342274,-0.018048419,-0.013949133,0.589001,-0.015734755,-0.017072722,-0.011812621,-0.013658368,-0.0153869465,-0.01426292,0.03604492,0.009483866,0.5877683,-0.012224512,-0.010696916,0.2136696,0.13621627,0.22541296,0.0065817176,-0.004014656,0.0035257847,0.22850752,0.87426937,0.08529779,0.0030165915,0.37607306,0.012669824,-0.008115791,0.21874268,-0.005562852,-0.021367498,-0.033032637,-0.04780522,-0.011274749,-0.030152313,-0.005836797,-0.0033697397,-0.019676665,0.026415184,-0.035734568,0.048809018,-0.0036021152,-0.010825533,-0.018529467,-0.010653204,-0.007771789,-0.010784852
TCGA-RD-A8N6,-0.003598021,-0.034926057,-0.029560566,-0.021670593,-0.023297109,0.24150993,-0.018109376,0.035469733,-0.032583766,-0.018625803,-0.02141995,0.3661408,-0.006016452,0.0007727989,-0.013057976,-0.00078629656,0.09724664,-0.011370917,-0.018565502,-0.01213777,0.5746293,-0.017169923,-0.017581271,-0.01682094,0.0025373457,-0.004178909,0.004133364,0.025418438,-0.0101390155,0.4184718,0.04631164,-0.016122263,0.33881217,0.09356811,0.10206407,-0.009380058,-0.006957753,-0.010442169,0.18730538,0.7335368,0.018974692,-0.012057698,0.29795653,0.01958955,0.022312388,0.16675529,-0.010867132,-0.020029647,-0.022168105,-0.052108042,0.091479406,-0.010508427,-0.012890862,-0.020466443,-0.013825923,0.023379521,-0.01745917,0.020482715,-0.01519016,-0.007834398,-0.022321956,-0.012239618,-0.011062255,-0.0088655725
TCGA-RD-A8N9,-0.010026924,-0.028850036,-0.04060132,-0.022933673,-0.024221418,0.29699028,-0.017416183,0.031774834,-0.039857615,-0.028171059,-0.017830031,0.3880197,-0.008722838,-0.015818797,-0.019120166,-0.008049415,0.044489663,0.02733873,-0.024686635,-0.011414692,0.6305988,-0.025928186,-0.021481512,-0.020658772,0.007066767,-0.01660045,-0.012373472,-0.011976067,0.017673396,0.62847143,-0.011959594,-0.00625487,0.27003258,0.11124182,0.26346403,-0.0073665213,-0.009939053,-0.0026168353,0.19892457,0.9502919,0.067842215,0.01923225,0.36641392,-0.0071570026,-0.009477676,0.24431989,-0.010791073,-0.030211188,-0.035634413,-0.058792304,0.007087755,-0.039497815,-0.011408028,-0.0064824424,-0.015476615,0.02754934,-0.0417334,0.014638494,-0.018477106,-0.007175398,-0.02942251,-0.010647191,-0.0068377666,-0.011778165
TCGA-RD-A8NB,-0.009307127,-0.031215027,-0.04381942,-0.013081909,-0.022901464,0.42667675,-0.020961648,0.05540341,-0.037041582,-0.028169915,-0.028118525,0.49046046,-0.013302365,-0.01930618,-0.012592483,0.0039158436,0.018079411,-0.011567995,-0.020129118,-0.0066284584,0.6951938,-0.019680664,-0.017702252,-0.0282914,-0.013344273,-0.014992054,-0.009780397,-0.011582972,-0.009254893,0.6701447,-0.012739171,-0.006680345,0.37033248,0.11233942,0.2665068,-0.0031005035,-0.011083183,-0.0017724915,0.2713365,1.0401727,0.024607414,0.008891243,0.3763008,0.016283289,-0.00872301,0.2702495,-0.009107033,-0.023837838,-0.03272706,-0.06990821,-0.013327387,-0.033515748,-0.010166557,-0.011435047,-0.021389607,-0.002715351,-0.028924832,0.019584218,-0.014735629,-0.012278859,-0.017866638,-0.010108361,-0.012118497,-0.008080337
TCGA-SW-A7EA,-0.00368379,-0.022918498,-0.07645602,-0.007985851,-0.028819649,0.48255014,-0.015111715,0.046192806,-0.029383745,-0.019275514,-0.033729665,0.5822562,-0.01391576,-0.023750179,-0.01268857,-0.021846797,0.0010704009,-0.012772095,-0.018008217,-0.014867506,0.7144084,-0.021255216,-0.016345996,-0.029080842,-0.014029393,-0.025169771,-0.012158737,-0.012309716,-0.02005021,0.6137964,-0.006059894,-0.008614517,0.32055435,0.08702487,0.2595874,-0.0063024582,0.0012483746,-0.0053217374,0.2716982,1.040761,0.025888057,-0.0062705055,0.31374896,0.049190998,-0.011145165,0.18937835,-0.007205112,-0.023817372,-0.027755998,-0.07418924,-0.013649123,-0.033429433,-0.011527651,0.017950755,-0.01718069,-0.008622848,-0.021470636,0.012999378,-0.02751222,-0.010080499,-0.011341991,-0.0097806305,-0.010648174,-0.014389768
TCGA-SW-A7EB,-0.009433635,-0.021789247,-0.029794622,-0.013673935,-0.020790776,0.30423522,-0.01695216,0.03980606,-0.029404819,-0.020424683,-0.016617348,0.41659334,0.019504294,-0.013419934,-0.009413832,0.052262716,0.02822756,0.0035311652,-0.015928758,-0.014642626,0.70950073,-0.016099617,-0.015284105,-0.013426111,-0.00598108,-0.017630255,0.032506865,0.03624972,-0.009667616,0.5237379,-0.0044827806,-0.012462024,0.37628245,0.085225634,0.18537252,0.005415082,-0.0076164757,0.022178696,0.22813992,0.98568165,0.022475636,-0.00921528,0.3925864,-0.0077461936,-0.009421027,0.19194052,-0.0075145047,-0.011983018,-0.020800121,-0.040838145,-0.0049509793,-0.016321199,-0.0095533,0.024249941,-0.009662317,-0.009310414,-0.022449052,0.07272442,-0.020812176,0.0029487386,-0.0048814532,0.08800572,-0.005400327,-0.014426466
TCGA-VQ-A8DT,0.013176372,-0.013038277,-0.068092294,-0.010871881,-0.033339627,0.42797384,-0.00783707,0.0015740328,-0.021712529,-0.015807083,-0.037746284,0.62970734,0.0008596247,-0.023711886,0.008005432,-0.01803891,0.0072734775,-0.013393092,-0.014515046,-0.016824251,0.8045862,-0.023681203,-0.004869195,-0.024293158,-0.017930957,-0.030352833,0.0026147133,-0.014102375,-0.022247039,0.74562955,-0.008525914,-0.012915843,0.36611807,0.15708315,0.27085328,-0.008450154,0.01590646,-0.015700268,0.2507747,1.1307625,-0.002525947,-0.016494269,0.33676112,0.08410208,-0.006954978,0.15862589,0.019806836,-0.00663941,-0.0312711,-0.082162924,-0.0015041567,-0.03327346,-0.019799747,0.01475298,-0.019686492,-0.0019793268,-0.02763884,0.044614427,-0.025564944,-0.01239565,-0.0052769827,-0.011165087,-0.011535974,-0.0120934155
TCGA-VQ-A8DU,0.024721075,-0.021516813,-0.027170286,-0.009520483,-0.015981644,0.2547223,-0.005364246,0.06785208,-0.019420128,0.009174634,-0.016826503,0.4660837,-0.014171282,-0.01531544,-0.01017911,0.019469576,0.051769786,-0.0046418775,-0.012846993,-0.0042634043,0.62565875,-0.018813087,-0.013812271,-0.012758663,-0.00915592,-0.00987124,-0.014533145,0.024823057,-0.009114699,0.50490654,-0.01093518,-0.008700257,0.29805636,0.102883935,0.24869528,-0.0098738875,-0.0138045065,-0.0051696887,0.27452272,0.8977754,0.010534917,-0.0063202963,0.32844347,-0.005153076,-0.002165672,0.17590939,-0.013338332,-0.0127951,-0.020843893,-0.04758019,0.05217492,-0.026274944,-0.011306611,-0.0021245559,-0.0001676809,-0.008644085,-0.012984006,0.04310522,-0.0056563024,-0.010957227,-0.021360908,0.079469636,-0.007832342,-0.008613984
TCGA-VQ-A8DV,-0.0067804316,-0.021423288,0.0020840531,7.6571014e-05,-0.019683655,0.20535964,-0.013389152,0.02897146,-0.026242686,0.031849943,-0.016020058,0.378093,0.04569196,-0.012541531,-0.0069458405,0.16596797,0.015156532,0.046116035,0.033761017,-0.023734694,0.54061717,-0.013095054,-0.011687668,-0.005684391,-0.006337678,-0.0153651405,0.04664158,0.122005284,-0.015859248,0.35474727,-0.0118334405,-0.004370299,0.29467055,0.10613832,0.09274784,-0.004192937,0.0021506883,-0.006312315,0.13884611,0.89286363,0.027755031,-0.020879846,0.23472711,0.014995446,-0.012003666,0.07767807,-0.012585156,-0.0166693,-0.021313606,-0.029598862,0.06399067,-0.017940909,0.062265497,0.04367562,-0.0058673937,0.009768739,-0.021662034,0.057484407,-0.018812995,-0.012453152,-0.012875557,0.028865095,-0.011043978,-0.012420643
TCGA-VQ-A8DZ,-0.009460835,-0.0126756,-0.005280521,-0.014424784,-0.015728716,0.27403408,-0.0034767399,0.02342439,-0.018145988,-0.0075183157,-0.018973343,0.41777968,0.058232717,-0.014952639,0.025818953,0.009538095,0.044119943,-0.0077816295,-0.009434726,0.013534541,0.6265354,-0.013685896,-0.007691237,0.011054251,0.009542904,-0.011932623,0.004836852,0.027231835,-0.0074159037,0.47155935,0.009909749,-0.008775154,0.24655992,0.06249692,0.16957086,0.0032689665,-0.005167163,-0.0037733032,0.16193253,0.8526457,-0.0023405026,-0.007924131,0.22491133,0.006992598,-0.0095805805,0.071544975,0.029483289,-0.017051255,-0.023241352,-0.03948018,0.11626509,-0.026150994,-0.0041061966,-0.008496336,-0.006731852,0.0037660615,-0.020349815,0.0027669421,-0.014762394,-0.016657323,-0.014155727,0.05692773,-0.013634255,-0.004481051
TCGA-VQ-A8E0,0.008480244,-0.015174896,-0.024412854,-0.011095364,-0.02426954,0.2793507,-0.021047048,0.030389111,-0.027622152,0.0025707483,-0.019581256,0.46446246,0.05573634,-0.020593243,-0.016254522,0.04392544,0.047391307,-0.0046827123,-0.010810722,-0.014804179,0.6732557,-0.013877527,-0.012263834,-0.014853204,-0.0020059692,-0.010083236,-0.0048462674,0.005601136,-0.016633112,0.49786586,0.011822138,-0.012777429,0.3504213,0.08088718,0.16111597,-0.0011528152,0.018131146,0.018409386,0.19656493,0.9723958,0.017464422,-0.014556779,0.3203114,0.035630044,0.0029073083,0.08175111,0.014826907,-0.017360594,-0.01885205,-0.041368313,0.021656968,-0.030649824,-0.0146067925,-0.0011294014,-0.0069349725,-0.0124615505,-0.02784428,0.074571684,-0.021469746,-0.007952005,-0.010678002,0.0362722,-0.008615783,-0.003177871
TCGA-VQ-A8E2,-0.012559568,-0.027299777,-0.020559357,-0.011432943,-0.018979179,0.27038997,-4.4247136e-06,0.03426307,-0.037293006,-0.030034853,-0.024588007,0.47798663,-0.0016016539,-0.019836713,-0.017951656,0.04785392,0.07176701,-0.01492811,-0.019760821,-0.012031359,0.7159401,-0.025235016,-0.015626162,-0.0103731025,0.070476845,-0.020615427,0.014165506,0.021430489,-0.01703548,0.4960039,-0.016242351,-0.012867825,0.27831227,0.14478563,0.18562254,-0.0032964724,0.014667868,-0.009219442,0.21763662,0.9454452,-0.006384816,-0.015915832,0.2827813,-0.009876218,0.012662545,0.15337363,-0.013216181,-0.019453267,-0.03282842,-0.057223454,0.030097049,-0.024129983,0.03496296,-0.017266717,-0.022473605,-0.009068671,-0.019818619,0.03667804,-0.014094759,-0.008669466,-0.029764008,0.07349933,-0.012382317,-0.014791852
TCGA-VQ-A8E3,0.017529998,-0.016573183,-0.074084796,0.0337936,-0.03545532,0.40973657,-0.0072374446,0.01487493,-0.03163187,-0.026448935,-0.038258098,0.5808735,-0.0119551215,-0.020844197,-0.014045742,0.0064163683,0.038402975,0.002456762,-0.00988805,-0.0074912435,0.7110964,-0.017208286,-0.019151568,-0.025311345,-0.016227964,-0.027120179,-0.0123459995,-0.011934462,-0.020178577,0.68956906,-0.0116734505,-0.00945585,0.40607762,0.1299716,0.28561088,-0.0012136801,-0.01540342,-0.0032158645,0.24048705,1.1353115,-0.003951104,-0.019733705,0.2982896,0.06673953,-0.004481722,0.146806,-0.005386577,-0.026130924,-0.030965582,-0.07262917,-0.015072737,-0.031113574,-0.0079884995,-0.009063643,-0.006104866,-0.00783623,-0.02435558,0.012015352,-0.025166493,-0.014698036,-0.000782107,-0.00997165,-0.011602609,-0.006667425
TCGA-VQ-A8E7,-0.0098155085,-0.018025178,-0.06472937,-0.0076363995,-0.03059523,0.36057767,-0.0170984,0.036088254,-0.033755388,-0.014574267,-0.02690788,0.5370878,0.0016082609,-0.014559514,-0.0027322092,-0.02021181,0.017735442,-0.013782822,-0.02000581,-0.017676946,0.64796394,-0.017565608,-0.011272556,-0.022908658,-0.014446057,-0.020010281,-0.012421148,-0.005533982,-0.020211425,0.59354067,-0.009363979,-0.00970717,0.32709157,0.1324069,0.29953945,-0.009206978,-0.016467972,0.016755875,0.24138159,1.0008123,0.08365041,-0.0070209736,0.3031072,0.04131504,-0.0075312457,0.090476446,-0.009400624,-0.026829338,-0.025524128,-0.066006005,-0.0045865136,-0.041613862,-0.008883625,0.0056210873,-0.018638548,-0.0069239214,-0.031215314,0.013113169,-0.022585005,0.0016547753,-0.013299257,-0.010561947,-0.014226817,-0.012484862
TCGA-VQ-A8P2,-0.0037060664,-0.025802705,-0.104195565,0.00026553846,-0.04162698,0.6997423,-0.023550449,0.040762663,-0.031486467,-0.032365635,-0.056437865,0.86002094,0.0072054616,-0.032489095,0.025497783,-0.030207625,-0.010899671,-0.018771809,0.0034263423,-0.018153286,1.0611751,-0.031276137,-0.019242559,-0.043407634,-0.013438357,-0.034395784,0.030028984,0.027021982,-0.032351695,0.8458932,-0.016499808,-0.014562659,0.44173783,0.11955163,0.2573625,-0.015150574,-0.018766029,-0.019550527,0.29633832,1.5008154,0.0039027045,-0.027774308,0.30439264,0.11093025,0.028965559,0.13933983,-0.012379717,-0.034481756,-0.039350063,-0.11929566,-0.0034739021,-0.050958857,-0.016455293,-0.008897853,-0.01971993,-0.018402707,-0.033274718,0.02055708,-0.04132645,-0.029547628,-0.018578056,-0.018144047,-0.017461633,-0.018335754
TCGA-VQ-A8P3,0.01743427,-0.019095322,-0.06697762,-0.014314425,-0.030464152,0.43200135,-0.007681558,0.05503601,-0.025732055,-0.02045681,-0.028212307,0.5460253,-0.011043169,-0.020291282,-0.0090238275,-0.01807257,0.016248344,-0.01615027,-0.014903507,-0.017004866,0.7362534,-0.027289197,-0.02027362,-0.027384402,-0.014002994,-0.022659864,-0.011596001,-0.015099667,-0.011769641,0.7022271,0.003896153,-0.0054605645,0.31911835,0.15485138,0.28973234,-0.007954272,-0.016135644,-0.0107671395,0.34627703,1.0964278,0.038073067,-0.012590471,0.3463142,0.06798281,-0.0101951845,0.21717009,-0.013108607,-0.026210349,-0.025356084,-0.07181566,-0.011841101,-0.036166586,-0.010356121,-0.0027395412,-0.017640587,-0.008521232,-0.02400906,-0.0066625495,-0.022566073,-0.013134366,-0.01649385,-0.0105771,-0.011246944,-0.013380009
TCGA-VQ-A8P5,-0.01480579,-0.015838895,-0.054242365,-0.01433065,-0.031004308,0.39456707,-0.0003569296,0.029396925,-0.039867245,-0.018291062,-0.023015415,0.48394865,-0.016445449,-0.018385198,0.00035866653,-0.011784831,0.022392152,-0.010357641,-0.009471772,0.017314635,0.7097003,-0.019631261,-0.017461158,-0.027773466,-0.018536722,-0.027184159,-0.009707058,-0.0103543205,-0.010717961,0.5920532,-0.013972386,-0.0067068185,0.381581,0.16115834,0.23765115,-0.0063484088,-0.010726754,0.039777283,0.31788585,1.0746969,0.024983715,-0.015921643,0.35005772,0.0076165833,-0.008419504,0.116233915,-0.008352549,-0.020911487,-0.022757422,-0.06826517,-0.01411665,-0.029691814,-0.015797548,-0.012258166,-0.022121739,-0.009818487,-0.01987053,0.0012631817,-0.023114366,-0.0129766585,-0.013802889,0.0016331049,-0.009785418,-0.013134903
TCGA-VQ-A8P8,-0.010468496,-0.030488402,-0.054905545,-0.013834909,-0.026198603,0.42080745,-0.020630514,0.031706925,-0.032241475,-0.020745665,-0.026940132,0.50268024,-0.015065538,-0.017906379,-0.016098788,-0.011595269,-0.0023860175,-0.010299564,-0.02131923,-0.009715786,0.7212221,-0.02269222,-0.012050516,-0.029970156,-0.015492519,-0.022477835,-0.011619475,-0.010160774,-0.013488296,0.68523514,-0.007408594,-0.0046899123,0.33587644,0.08899216,0.3042423,-0.009885727,-0.0013677878,-0.010917028,0.2708736,1.053745,0.05825822,-0.012307259,0.3909366,0.057515804,-0.009601641,0.21415058,0.0007006307,-0.02221567,-0.029642874,-0.06658436,-0.009827187,-0.0342611,-0.011514621,-0.0031836955,-0.01831565,-0.0058167498,-0.022214519,0.031407848,-0.022536948,-0.013683105,-0.019503862,-0.009257687,-0.009683749,-0.009227369
TCGA-VQ-A8PB,-0.012012219,-0.025662817,-0.065009035,-0.011459861,-0.036567695,0.55759376,-0.016458115,0.04707729,-0.035024032,-0.0188043,-0.035862107,0.6627252,-0.014805471,-0.024269305,-0.011237595,-0.016260529,0.005109993,-0.01461451,-0.02116282,-0.0031640427,0.8192328,-0.025236916,-0.016221248,-0.034672976,-0.012633453,-0.017542463,0.0023142174,-0.011287525,-0.01552956,0.7316347,-0.010454948,-0.014497671,0.32171366,0.14687377,0.34353852,-0.00824954,-0.010792926,0.004367832,0.30194396,1.1535971,0.0057782824,-0.01553927,0.25735906,0.08836367,-0.004796119,0.18939783,0.022277713,-0.021410609,-0.03473414,-0.08234076,-0.0008973493,-0.047296584,-0.011354992,-0.00824539,-0.025743417,-0.010432435,-0.022039676,0.008461708,-0.025807213,-0.013891582,-0.013667374,-0.005441184,-0.010635084,-0.012237811
TCGA-VQ-A8PC,-0.009500006,-0.022880938,-0.042088043,-0.007053909,-0.023494583,0.34452835,-0.013544161,0.027030637,-0.030800572,-0.017238107,-0.02131647,0.4759162,0.0024658493,-0.024572287,-0.0171065,-0.0040574525,0.042811614,0.016801592,-0.01669574,-0.005829935,0.62584466,-0.020894267,-0.015308803,-0.021582663,-0.016399447,-0.015093536,-0.010274138,-0.00861916,0.00054905144,0.6353005,-0.01810287,-0.011234244,0.3340533,0.1071229,0.28743756,-0.006687823,-0.0148390075,-0.0053208703,0.24673927,1.0194834,0.02996969,-0.009266517,0.38721442,0.04185352,-0.008468412,0.17494032,-0.0039323173,-0.02049968,-0.023357173,-0.06478427,-0.010753868,-0.035697024,-0.011934665,-0.0055470206,-0.0018079234,-0.0032801044,-0.023930425,0.039486695,-0.017981542,-0.011987735,-0.017640691,-0.006986394,-0.014661337,-0.008955445
TCGA-VQ-A8PD,-0.011044791,-0.025335848,-0.039855096,-0.016380373,-0.01943061,0.30819437,-0.017373173,0.062116925,-0.033428956,-0.01159978,-0.021927968,0.45783436,-0.009206667,-0.022712708,-0.017577112,0.0015809005,0.014696844,-0.008586281,-0.020229135,-0.006690136,0.687722,-0.02562226,-0.018353164,-0.017982442,-0.014593247,-0.019592714,-0.014639594,-0.007387852,-0.009688616,0.70852584,-0.013134288,-0.0031832238,0.36605382,0.11600201,0.30455753,-0.004997036,-0.011015102,-0.0056224233,0.22503659,1.0473342,0.05812471,0.012142584,0.45916116,0.03126756,-0.009517195,0.18126298,-0.011528859,-0.020772267,-0.030541807,-0.06686361,-0.017227583,-0.028620314,-0.009003878,0.0012205979,-0.013719874,-0.005547257,-0.030686215,0.04130147,-0.012685563,-0.012419932,-0.021936283,-0.011574386,-0.012638794,-0.003827787
TCGA-VQ-A8PE,-0.010431269,-0.020820346,-0.028508969,-0.0058144084,-0.017959366,0.18772808,-0.014766379,0.022776349,-0.023051022,-0.013755428,-0.021775633,0.40418273,-0.007894667,-0.010610081,-0.0118238535,0.020665728,0.039018776,-0.008394133,-0.011901636,-0.003456835,0.6860101,-0.023126451,-0.016077185,-0.0061414847,0.08812836,-0.011390461,-0.009553015,0.019755054,0.009134672,0.5248451,-0.011018468,0.0012657945,0.3513417,0.08958961,0.21614277,0.054968398,-0.008536808,-0.0069464613,0.32789922,0.96968925,0.056281257,-0.0009248196,0.24886288,-0.0013982519,-0.011655418,0.06921589,0.015071676,-0.013050353,-0.024165839,-0.052175146,0.024005018,-0.022078589,-0.008483635,0.011214707,-0.0058092787,-0.007519733,-0.017108291,0.007067088,-0.007646842,0.0031085238,-0.011852962,0.04842181,-0.010085503,-0.011151104
TCGA-VQ-A8PF,-0.0071099466,-0.0277696,-0.060092535,-0.015769541,-0.028447567,0.4562379,-0.013374206,0.02928808,-0.03616137,-0.024450451,-0.03532241,0.6115103,-0.015318695,-0.022668999,-0.022880588,-0.008769877,-0.004626116,-0.014800656,-0.022292677,-0.011133466,0.72702324,-0.022595007,-0.0109088775,-0.028454168,-0.013532734,-0.023569018,-0.014949456,-0.013202317,-0.016251612,0.74486613,-0.00877643,-0.013795214,0.37003857,0.11713571,0.26090497,-0.005125135,-0.017146267,-0.0047780066,0.24807286,1.1572906,0.0154022025,-0.010955285,0.3875646,0.039950486,-0.008642079,0.15544966,-0.0104520405,-0.02720852,-0.0325909,-0.078812346,-0.013016733,-0.03886089,-0.010948485,-0.007326063,-0.014098672,-0.007270173,-0.042716265,0.020908315,-0.027295548,-0.013726619,-0.020675179,-0.011374501,-0.017822212,-0.01495643
TCGA-VQ-A8PH,0.009317768,-0.01700721,-0.030580493,-0.016332205,-0.02222377,0.22927165,0.001542625,0.05292537,-0.020627927,-0.002769867,-0.027094537,0.5794059,-0.0072252196,-0.014406417,0.007245723,0.029918509,0.17218482,-0.011122203,-0.001156495,-0.01066673,0.66285133,-0.025190176,-0.014277127,-0.016814368,0.034042634,-0.018129366,0.014705261,0.00585032,-0.016646007,0.63913256,0.025587965,-0.010846178,0.38712642,0.091923386,0.26115513,-0.0076965876,-0.010002685,0.016223934,0.23148845,0.9669951,0.018896528,-0.0150628565,0.24356154,-0.0021713888,-0.012478174,0.08387321,0.06429804,-0.01628723,-0.021354679,-0.040785898,0.052869923,-0.02981222,-0.012076506,0.043248005,0.015040318,0.020531008,-0.018203171,0.048683695,-0.020058498,-0.014796927,-0.009676088,0.055713926,-0.01203873,-0.014982539
TCGA-VQ-A8PJ,0.007869533,-0.011818332,-0.018166477,-0.012553971,-0.017571317,0.18919243,-0.0045213536,0.00074500876,-0.02514668,-0.019419592,-0.015322459,0.4056255,0.016074914,-0.013777873,-0.0068243835,0.10448139,0.041500855,-0.004810275,-0.014280028,-0.008450841,0.6156118,-0.003206167,-0.010187147,-0.010764617,0.02459064,-0.011868153,-0.011802265,0.063072406,-0.020097703,0.47190702,0.036290936,-0.015365902,0.3649335,0.12057187,0.26680946,0.055463202,-0.009129151,-0.011184274,0.2850046,0.8926935,0.016819976,-0.013917506,0.24420522,0.04447609,-0.012718446,0.09247529,0.016210133,-0.023015385,-0.026954126,-0.046792135,0.1321679,-0.028996319,-0.004976169,0.0027895998,-0.013001396,-0.01438229,-0.0139250485,0.03199714,-0.017237348,-0.021271504,-0.015278867,0.034377728,-0.016496591,-0.010638515
TCGA-VQ-A8PK,-0.009510302,-0.023686416,-0.016919538,-0.008486125,-0.017693112,0.26579696,-0.0103243105,0.036994778,-0.029387504,-0.014469091,-0.013419922,0.40321958,0.043700088,-0.024125399,-0.009207732,0.099960044,0.07595038,-0.015942995,-0.019636787,-0.014913938,0.5975605,-0.01180556,-0.0064146486,-0.01579538,0.0453773,-0.013572835,-0.008474492,-0.005659234,-0.010903541,0.4967096,0.031782497,-0.0041706534,0.2938962,0.13076764,0.14830115,-0.0032552816,-0.011380451,-0.0040753973,0.20524958,0.9263462,0.03346263,-0.012696731,0.23757237,-0.0027962085,-0.0131628765,0.12849191,-0.0021789188,-0.009093199,-0.02666362,-0.039787732,0.017036593,-0.027580366,-0.008079309,0.011274325,-0.00983713,-0.011720334,-0.022839502,0.0064035626,-0.0044680685,-0.012347876,-0.014149932,0.076580204,-0.00890146,-0.009840234
TCGA-VQ-A8PM,-0.008839238,-0.021984605,-0.020831542,-0.014484917,-0.020786189,0.22243574,-0.011293367,0.042949893,-0.026236957,-0.0170454,-0.017328946,0.3979755,-0.0044977567,-0.014219779,-0.015288942,0.009748886,0.0040580677,-0.0095169,-0.016250763,-0.009665605,0.61935055,-0.01995955,-0.010122864,-0.010948008,-0.011642713,-0.016358249,-0.008464672,0.00945878,-0.0026490006,0.5705858,-0.008302478,-0.01013346,0.307301,0.12770209,0.20279457,0.0052441456,0.004496265,-0.007843301,0.2189678,0.93412,0.031939305,-0.0065515554,0.3530227,-0.004503125,-0.009537227,0.15240128,-0.007912295,-0.016908519,-0.020432584,-0.04336184,-0.0066874535,-0.023253053,-0.004172917,0.006182274,-0.017556932,-0.0075122956,-0.026836596,0.03176516,-0.010054588,-0.0112641305,-0.016709443,0.0061783604,0.00039117876,-0.013201758
TCGA-VQ-A8PO,-0.00017107558,-0.022459341,-0.07243856,-0.010579058,-0.032117993,0.50668913,-0.018699959,0.045471165,-0.030463258,-0.016278403,-0.04092744,0.58335847,-0.017193425,-0.018853754,-0.01212798,-0.018702835,-0.0018573897,-0.011740779,-0.007379395,-0.008616721,0.8058616,-0.021743821,-0.011285395,-0.022310369,-0.01649087,-0.027159601,-0.009733777,-0.01110029,-0.015586551,0.76717234,-0.010877652,-0.01035971,0.40265915,0.13530311,0.25596008,-0.010633627,-0.012418183,0.002134197,0.23610315,1.1824553,0.03108286,-0.016670756,0.38261837,0.06591214,-0.009732775,0.1441063,0.0019784102,-0.02576306,-0.036467444,-0.07108226,-0.021707442,-0.039321274,-0.015154483,0.017002268,-0.019233216,-0.0068362933,-0.029985959,0.021228762,-0.024701957,-0.013396911,-0.017782684,-0.014651371,-0.010166585,-0.014741365
TCGA-VQ-A8PP,-0.012478603,-0.03180615,-0.056690145,-0.012650334,-0.027747517,0.38325793,-0.017287044,0.062191337,-0.03213644,-0.015417489,-0.036733218,0.59754056,-0.015609555,-0.022990944,-0.008855907,-0.015805842,0.027465465,-0.013604018,-0.01222365,-0.014180291,0.7540629,-0.015148037,-0.00849325,-0.015365489,-0.021615442,-0.018928884,0.00027858373,-0.019146504,-0.00273993,0.64142895,-0.012335328,-0.0100752385,0.33131424,0.2148571,0.29286218,-0.013685674,-0.01571681,0.007817689,0.2577915,1.0973672,0.0026261176,0.0484166,0.32758045,0.035115097,-0.012711459,0.25736564,-0.015205152,-0.021274386,-0.03562802,-0.08214517,0.02588872,-0.035221495,-0.0121768685,0.006060019,-0.024132669,0.0077852267,-0.030423172,0.08745691,-0.019007843,-0.015399026,-0.018316777,-0.012507778,-0.011985373,-0.01600471
TCGA-VQ-A8PQ,0.00134757,-0.04377198,-0.02045589,-0.019268122,-0.019017791,0.43163687,-0.02099528,0.03741311,-0.04110902,-0.029662311,-0.021589497,0.4255049,-0.015621116,-0.01815944,-0.026130188,0.026754158,0.049261365,-0.020626638,-0.031024264,0.03222774,0.6682631,-0.03315056,-0.013856288,-0.016400455,-0.010830085,-0.023378165,-0.012350036,-0.0073020114,0.006936446,0.6925877,-0.012892727,-0.005785586,0.38187182,0.11588456,0.2149702,0.00971327,-0.007242295,-0.01183147,0.2952823,1.0661345,0.07828058,0.017947715,0.43276846,-0.007686693,-0.004493896,0.25829566,-0.007663022,-0.02347663,-0.032345094,-0.052767664,-0.01674243,-0.0200803,-0.010212607,-0.02243249,-0.02038202,0.00120909,-0.032733053,0.023698077,-0.012501568,-0.009522075,-0.021954257,-0.012506295,-0.015300946,-0.0046548042
TCGA-VQ-A8PU,-0.019891813,-0.00866946,-0.042543262,0.008390264,-0.03420045,0.29481614,-0.011386799,0.015043769,-0.024771892,-0.018232137,-0.02111234,0.49627605,-0.02163565,0.05575785,-0.009706816,0.0010933329,0.07757506,-0.00526827,-0.01455434,-0.015688946,0.74862427,-0.023238825,0.072052374,-0.018002247,-0.005662252,-0.009090792,-0.007431964,0.05035907,-0.013595122,0.61299646,0.026645223,-0.010827111,0.3173206,0.06349327,0.3171294,-0.007157446,-0.010453975,-0.012533816,0.21653444,1.0536394,0.005571923,-0.023506742,0.3120716,0.04645098,-0.013330646,0.15656036,0.02974555,-0.005285329,-0.018024985,-0.048504006,0.09772302,-0.024271805,-0.007883303,0.0015846054,-0.017224267,-0.011451455,-0.019892082,0.027890226,-0.022065679,-0.020461576,-0.0058078924,-0.008866358,-0.0074987514,-0.00999835
TCGA-VQ-A8PX,-0.010901698,0.0044721207,-0.03268862,-0.0101196375,-0.021921901,0.3345744,-0.01580012,0.018728554,-0.017886685,-0.012856146,-0.01841328,0.5005139,-0.0054909904,-0.014492726,-0.015406546,0.028618183,0.005558829,0.08141608,-0.01633815,-0.00032212771,0.72565705,-0.020304997,0.017967949,-0.013226526,-0.007538046,-0.021500733,0.001583159,0.018419279,-0.012168689,0.67466176,-0.012007255,-0.01081947,0.37096125,0.073833026,0.22098568,0.010898287,0.025562719,-0.0130576175,0.2193732,0.9782914,0.018383885,-0.012966488,0.3450383,0.0655956,0.00814784,0.12825644,0.04534113,-0.0032149837,-0.026778407,-0.035803087,0.002849472,-0.019766722,-0.011043988,-0.011209457,-0.0063831164,-0.0076474147,-0.021159435,0.04755175,-0.009754374,-0.016913682,0.0031591405,-0.003912859,-0.011092364,-0.012527784
TCGA-VQ-A91A,-0.016665868,-0.028124928,-0.057931237,-0.0114008915,-0.034491055,0.34643072,-0.013950182,0.028666819,-0.036455464,-0.01856387,-0.040552203,0.49686143,-0.013644612,-0.018574793,-0.014060926,-0.0113336705,0.025362669,-0.015419268,-0.023798034,-0.010812065,0.71552426,-0.026579946,-0.02295971,-0.02519879,-0.012612579,-0.01788805,-0.015080865,-0.014759267,0.021503717,0.6205499,-0.013735713,-0.011108862,0.32893148,0.1969424,0.21676862,-0.006805593,-0.013668506,-0.008621549,0.22477096,0.9968091,0.072919525,0.041966118,0.32448727,0.00067401957,-0.014998902,0.18191461,-0.016294738,-0.032254484,-0.035849683,-0.07238807,-0.012500436,-0.034730814,-0.0072998935,-0.011199225,-0.019890092,0.028646111,-0.03520541,0.038078476,-0.016953232,-0.013427691,-0.025369784,-0.0038961265,-0.011444048,-0.014733541
TCGA-VQ-A91D,0.009567776,-0.022005761,-0.0732002,-0.0034027547,-0.028582014,0.47816452,-0.019681938,0.049845096,-0.03768439,-0.02225714,-0.040123142,0.49275854,0.013720532,-0.020884592,-0.01049175,-0.021008816,0.006271253,-0.011911852,-0.021666992,-0.016935196,0.74943995,-0.018562432,-0.020303348,-0.022454489,-0.013666593,-0.026279578,-0.010115251,-0.014381301,-0.023320297,0.6060734,-0.0054606544,-0.009810745,0.34256685,0.086302504,0.28646964,0.0010962579,-0.017754944,-0.010156511,0.18367094,1.0129875,0.0070084715,-0.0028771244,0.36301565,0.02616653,-0.012863244,0.21489163,-0.011864544,-0.02550663,-0.025362806,-0.07632758,-0.00868878,-0.025931934,-0.0154905245,0.015623444,-0.023194835,-0.0058279173,-0.026057784,0.0173484,-0.020830385,-0.009482069,-0.006996126,-0.007506091,-0.008154212,-0.007676773
TCGA-VQ-A91E,-0.0009956332,-0.0193337,-0.059960388,-0.011566026,-0.033107474,0.5146835,-0.020678515,0.034203634,-0.026357103,-0.019050734,-0.03463053,0.59771085,-0.00089053577,-0.01854898,-0.016962504,-0.014482612,0.0060971687,-0.01161077,-0.010059031,-0.00787723,0.8480047,-0.018944427,-0.014863539,-0.027027806,-0.009838848,-0.031215206,-0.001152657,-0.010388724,-0.015869858,0.7467916,-0.0137306815,-0.007580553,0.36790675,0.07112961,0.31405818,-0.0064181914,5.4550357e-05,-0.0028500038,0.2626157,1.1959306,0.035312906,-0.016923672,0.33687353,0.05839604,-0.0067473333,0.20030439,0.0069887796,-0.019134324,-0.026436951,-0.06778036,0.02866888,-0.035128996,-0.012792911,-0.0038795792,-0.022578724,-0.009544411,-0.028756302,0.024086699,-0.027594082,-0.015932253,-0.011715746,-0.0027963712,-0.018029613,-0.012375918
TCGA-VQ-A91K,-0.008991974,-0.021557428,-0.07090987,-0.00794306,-0.029137302,0.48120338,-0.021310296,0.025218254,-0.025136529,-0.0261514,-0.038441215,0.5037745,-0.0019948701,-0.02187773,-0.018709011,-0.022733254,-0.0023833695,-0.013524148,-0.0165788,-0.017188637,0.7424506,-0.018641744,-0.01721979,-0.03180415,-0.013279241,-0.025337322,-0.009715545,-0.010479628,-0.016367206,0.6464326,-0.01203799,-0.0070678843,0.30530155,0.07047501,0.25255075,-0.010709181,-0.008594601,-0.012574559,0.23722386,0.9899074,0.0060509527,-0.0021207593,0.26398712,0.10814598,-0.0094618965,0.19795159,-0.013205918,-0.027039293,-0.02853262,-0.08821838,-0.011410682,-0.033706743,-0.017974025,-0.0028926658,-0.015493313,-0.010679924,-0.024422428,0.042155236,-0.02227605,-0.017631434,-0.0024890038,-0.0132674845,-0.010774578,-0.015915899
TCGA-VQ-A91N,-0.011834981,-0.014109409,-0.050319407,-0.015849734,-0.034388524,0.36973155,-0.0189094,0.037477523,-0.028092766,-0.0052693547,-0.017024687,0.52953786,-0.0055240192,-0.013693127,-0.007850021,-0.01326291,0.06743332,-0.0119514465,-0.0015228931,-0.0051122983,0.83580077,-0.02124045,0.00081389677,-0.014307399,-0.012753123,-0.015961314,0.004442899,-0.009813831,0.008977229,0.706079,-0.007587984,-0.011552679,0.39599133,0.21775095,0.31446183,0.0001218291,-0.005238845,-0.007856624,0.26906145,1.1578051,-0.003970397,-0.020109065,0.3944895,0.039510142,-0.00876837,0.09781623,0.009925145,-0.015455545,-0.034665007,-0.054535814,0.048835523,-0.026463702,-0.012204627,-0.0040789964,0.002101276,-0.00938928,-0.026246263,0.046965223,-0.015668051,-0.009767017,-0.009155413,-0.0019196812,-0.012004254,-0.012406714
TCGA-VQ-A91Q,-0.019361505,-0.02715091,-0.021973103,-0.020179018,-0.023299707,0.2736554,-0.013787275,0.022386165,-0.03515386,0.005742358,-0.015963173,0.45295215,-0.007949253,-0.025465319,-0.022612497,0.053259574,0.04055363,-0.0142127,-0.026982393,-0.021119405,0.67852056,-0.014805634,-0.013894486,-0.023394827,-0.018451294,-0.024390236,-0.011486212,-0.01316787,-0.009236815,0.68767464,-0.011376986,-0.018925736,0.34149152,0.15852611,0.098000124,-0.011740712,-0.0105011035,-0.008930319,0.23782492,1.0981148,0.029197108,-0.0046597836,0.34829116,-0.0040615858,-0.016326621,0.24983849,-2.0589447e-05,-0.017121732,-0.025101364,-0.05129607,0.0018828418,-0.032089952,-0.024172172,-0.0056985775,-0.011174728,-0.011666337,-0.029867684,0.014896557,-0.017719833,-0.012025999,-0.024694808,0.0003430061,-0.01405858,-0.0065512136
TCGA-VQ-A91S,-0.0053666104,-0.021517029,-0.06806915,0.004611438,-0.035717987,0.49043226,-0.01986584,0.023963343,-0.027323779,-0.00084661506,-0.030264586,0.60773087,-0.0102175325,-0.012888331,0.012137375,-0.014740484,0.0408677,-0.0062623443,-0.018863387,-0.0044850027,0.8684108,-0.027098149,-0.014322329,-0.017073987,-0.016358325,-0.027277768,0.0001378993,-0.016488964,-0.02284534,0.8207444,-0.010508465,-0.006600813,0.42836702,0.1252231,0.31489274,-0.0062343264,-0.0016367435,-0.0064028315,0.29416013,1.2931135,0.06326783,-0.012192217,0.41251498,0.027086778,-0.011153016,0.21278101,-0.012477983,-0.02210832,-0.034383226,-0.06599453,0.004829445,-0.033240005,-0.013026115,0.026150858,0.001988516,0.024967982,-0.02870104,0.01893871,-0.03527806,-0.012847144,-0.015886594,-0.011135955,-0.018119521,-0.018632801
TCGA-VQ-A91U,-0.016844083,-0.013894354,-0.05554373,-0.016501777,-0.035064492,0.25854897,0.009423405,0.039073236,-0.016068358,-0.015852671,-0.01951957,0.6578671,0.027123135,-0.013255283,0.028866325,-0.016622078,0.12236254,0.0120204445,-0.015417205,0.008032922,0.73112464,-0.033744574,0.00020921766,-0.011615954,-0.008403236,-0.021667495,-0.004361,0.006568955,-0.015947666,0.6471024,-0.0076930225,0.024201732,0.39354685,0.11157611,0.2821086,-0.015370487,0.01032556,0.0034611635,0.14284915,1.0189259,-0.00081844756,-0.017230839,0.33665335,0.010126629,-5.9070997e-05,0.123232074,0.041611522,-0.020094544,-0.033611704,-0.060027637,0.020889672,-0.04265763,-0.013008324,0.040979024,0.015197616,0.039849155,-0.028401207,0.057353623,-0.02565369,-0.015497539,-0.007760171,0.0013032639,-0.011986018,-0.010781654
TCGA-VQ-A91V,0.011835605,-0.020412697,-0.06268015,-0.009130644,-0.041282665,0.4096263,-0.01935204,0.012328243,-0.022046601,-0.013836794,-0.028524827,0.5128293,-0.02210802,-0.026152333,-0.010365005,-0.024073385,0.01785475,0.0009848056,-0.012081381,-0.025847442,0.6533917,-0.017859867,-0.0023260405,-0.034976415,-0.015699388,-0.021192286,-0.013937662,-0.004830396,-0.015042114,0.57881284,-0.014320049,-0.016966047,0.3907054,0.21461801,0.23333439,0.04729698,-0.016516598,-0.014908243,0.22942,0.97808814,0.023319894,-0.015651397,0.35190675,0.0837337,-0.012442863,0.21260822,0.0013266228,-0.022762036,-0.028957184,-0.08053904,0.058048565,-0.03886198,-0.009867677,0.0031702544,-0.0321132,-0.006124921,-0.024159785,0.019709483,-0.020464694,-0.017820222,-0.014008706,-0.012935932,-0.007991825,-0.009408147
TCGA-VQ-A91W,0.0007731641,-0.01809986,-0.0678594,-0.013351294,-0.027755592,0.44912323,-0.014781193,0.0300086,-0.03429839,-0.031588472,-0.037326466,0.61869776,-0.007294796,-0.02713185,0.0071755387,-0.013532806,0.003636057,-0.009575416,-0.0111941025,-0.010991102,0.7873726,-0.011819445,-0.019054677,-0.026409455,-0.0018875727,-0.031825278,0.02311122,0.006263995,-0.019225005,0.6782206,-0.016793683,-0.0115681095,0.35254684,0.0825493,0.28570718,0.008836221,-0.0062469263,-0.00765823,0.24724224,1.1102866,0.0072785923,0.016364008,0.3215022,0.045715433,0.0066604717,0.14210534,0.012705338,-0.02658835,-0.030217316,-0.083261795,-0.013071654,-0.037902318,-0.011356615,0.0060196724,-0.016208004,-0.013425249,-0.032148626,0.0009939289,-0.02412259,-0.016491763,-0.0042222836,-0.012798319,-0.010545971,-0.009800398
TCGA-VQ-A91X,0.0022438178,0.0026680734,-0.048347827,-0.013077109,-0.02623059,0.48865104,-0.014303154,0.018258076,-0.02267082,-0.01756172,-0.025513738,0.5758643,-0.009373084,-0.015027996,-0.011385756,-0.016181163,0.14554371,0.04199547,-0.0114044035,-0.013929539,0.7930267,-0.016063102,-0.0085044,-0.030736873,-0.003951392,-0.014547063,0.03222653,-0.013907297,-0.01853984,0.6805215,-0.0036410352,-0.0152166225,0.35653108,0.13284051,0.32235032,-0.009876287,-0.016735531,-0.009007655,0.27794912,1.0626273,-0.0045666806,-0.017274614,0.30091807,0.0014281245,-0.010608377,0.13988271,-0.0005460571,-0.022144962,-0.01891753,-0.06863727,-0.01972239,-0.03688166,-0.016900418,0.009237477,0.0034456295,-0.0100587085,-0.020285998,0.008680636,-0.021530353,-0.014257707,-0.013876694,0.041929517,-0.0147157125,-0.006815516
TCGA-VQ-A91Y,-0.012142083,-0.032944407,-0.019085918,-0.01340687,-0.018564261,0.22128469,-0.015283717,0.04339517,-0.03257069,-0.020360235,-0.015457364,0.28875107,-0.0038057058,-0.01879314,-0.012129904,0.048482522,0.0044681323,-0.0114269005,-0.024631666,-0.0061296355,0.42283878,-0.011002351,-0.015575742,-0.009823648,-0.009438032,-0.007854371,-0.009748372,-0.0015477915,0.00035363302,0.418266,-0.012084342,-0.010646464,0.24298453,0.1289122,0.14513545,-0.0062823975,-0.008337786,-0.00818792,0.1532475,0.70543873,0.06982801,0.040538546,0.2618323,0.014205443,-0.003631032,0.15188426,-0.004692491,-0.011264862,-0.027885383,-0.03963154,-0.0069147586,-0.018828588,-0.0063671065,-0.013210229,-0.010039747,-0.0035539435,-0.026558477,0.024566457,-0.0044478676,-0.009873134,-0.027273044,-0.010070388,-0.0040608747,-0.0063670455
TCGA-VQ-A91Z,-0.009620386,-0.021707103,-0.04239453,-0.016014667,-0.044070736,0.2501749,0.047405623,0.02557906,-0.02900437,-0.023181852,-0.030586105,0.46110737,-0.018768422,-0.013586052,0.0042191553,0.008709481,0.22603938,-0.024277851,-0.017422646,-0.007901322,0.6553577,-0.017075334,-0.016331084,-0.020664606,0.00043065567,-0.011610962,0.015929982,-0.011797112,0.010855578,0.45144975,-0.00031545386,-0.009562937,0.25404415,0.2314193,0.3638201,-0.00946282,-0.01785143,0.004289906,0.28234145,0.9494681,-0.0063310107,-0.0038856925,0.20310427,0.05720337,-0.011064895,0.15310425,-0.01681756,-0.03994188,-0.033960965,-0.07491145,0.25143468,-0.02429701,-0.020061381,-0.0032593808,-0.025782054,-0.013602589,-0.034550946,0.014049292,-0.02565625,0.059236098,-0.0017517619,0.03894948,0.0011067158,-0.0042498396
TCGA-VQ-A922,-0.017762497,-0.02694647,-0.016593596,-0.0040840553,-0.018393626,0.1774112,-0.00025240518,0.04214447,-0.03933239,0.015322091,-0.020696608,0.36543453,-0.003160486,-0.014901139,-0.010089281,0.07440521,0.038779017,-0.013802439,-0.022190202,-0.011294522,0.56873626,-0.01839355,-0.020343315,-0.014737321,0.055519138,-0.020276539,0.0020989347,-0.007427577,-0.010905602,0.41424817,-0.008484291,-0.009793114,0.2697908,0.1481227,0.21660484,0.012697829,-0.017032994,-0.0068340944,0.18212974,0.81902504,0.030619953,-0.006708024,0.24862671,-0.011236537,0.001415839,0.1634729,-0.004562361,-0.020277439,-0.014273001,-0.043378904,0.010612851,-0.03256235,-0.004448221,-0.008435668,-0.010295995,-0.0017366111,-0.021987792,0.013274939,-0.007676702,-0.011530887,-0.03014706,0.12128834,0.010978979,-0.011608871
TCGA-VQ-A924,0.0047369846,-0.019468563,-0.06583111,-0.0113029685,-0.0149305435,0.47599274,-0.0215609,0.03565667,-0.03051402,-0.023683425,-0.037911113,0.5906954,-0.008839953,-0.021842852,-0.005707766,-0.01922499,-0.004051946,-0.013316128,-0.021390624,-0.014236057,0.80292195,-0.016724382,-0.013764622,-0.023382511,-0.018103147,-0.023141857,-0.010884205,-0.008369936,-0.018952176,0.738564,-0.01512255,-0.010580524,0.32449633,0.09720117,0.25441656,-0.008112738,-0.010571018,-0.005473892,0.26615041,1.1353353,0.011376829,-0.016060933,0.32794267,0.115711585,-0.0021227326,0.17192647,-0.009854691,-0.025920022,-0.0344704,-0.07254353,-0.01819082,-0.03513353,-0.0074838893,-0.012211246,-0.011248583,-0.009705088,-0.025263473,0.01862318,-0.021519769,-0.010573271,-0.010297507,-0.0071196505,-0.011926044,-0.010635268
TCGA-VQ-A925,-0.013237075,-0.01694604,-0.02491885,-0.010887681,-0.021716526,0.35690832,-0.019945825,0.016570598,-0.033591572,0.010721882,-0.020456374,0.52594936,-0.008223654,-0.020900127,-0.014005022,0.04652365,0.052254796,-0.0155646,-0.011909105,-0.01620325,0.60191107,-0.016479682,0.0076181944,-0.014742307,-0.008605643,-0.026093401,-0.013173452,-0.0051948386,-0.015567411,0.60176504,0.017468974,-0.007785577,0.38092762,0.13140577,0.23501089,-0.008428925,-0.012481876,-0.008378659,0.2417579,1.0338569,0.015499363,-0.019175716,0.30319196,0.00067168893,-0.008774587,0.1585666,-0.0034792947,-0.0047048405,-0.02843459,-0.04486411,0.22323981,-0.027132493,-0.021168264,0.007183573,0.0002303496,-0.0061783735,-0.020205423,0.04708229,-0.020722222,-0.015039256,-0.020667985,-0.0059559345,-0.006274301,-0.016440663
TCGA-VQ-A927,-0.008478531,-0.01728059,-0.029253071,-0.016916187,-0.020393882,0.32517362,-0.016127115,0.052301798,-0.027435206,-0.010378966,-0.017056335,0.43015105,-0.0090452805,-0.020351775,-0.012417383,0.007163739,0.05672417,-0.008045222,-0.014302161,-0.007836546,0.6734984,-0.017649407,-0.01173619,-0.017373836,-0.014663375,-0.01539474,-0.0074491464,0.0051244423,-0.0053574275,0.69274926,-0.011876708,-0.008612104,0.29099894,0.07873686,0.24491023,0.005736637,-0.007612562,-0.00800813,0.23839973,0.9776535,0.0317076,-0.003486633,0.38116094,0.04676525,-0.0073206658,0.2079635,-0.010730943,-0.0111323865,-0.028333746,-0.048450828,-0.008256147,-0.025122868,-0.004784675,0.020476153,-0.008667879,-0.003039727,-0.02708619,0.08941399,-0.012129639,-0.012112933,-0.013702107,-0.012815946,-0.005427153,-0.009140188
TCGA-VQ-A928,-0.007724037,-0.019417038,-0.034299158,-0.017727092,-0.034105957,0.28667584,-0.027268125,0.026820255,-0.030674925,-0.020405129,-0.016234647,0.5222994,-0.011112294,-0.013551306,-0.013959659,-0.006029425,0.021683734,-0.01460455,0.0020551905,-0.02183018,0.73429406,-0.021393452,-0.015083949,-0.015215522,-0.011642443,-0.021145668,-0.011474352,0.033708163,-0.0043681343,0.6438996,-0.020787638,-0.012542213,0.34314567,0.14449066,0.22147952,0.01450122,-0.0059512206,-0.006160025,0.23521063,1.0186781,0.048608713,-0.0029019844,0.35715777,0.054049607,-0.011596712,0.21812771,-0.011062767,-0.014840308,-0.025335066,-0.05668226,-0.009950899,-0.0349518,-0.013728825,-0.014295988,-0.0143549675,-0.008138625,-0.029123966,0.08362266,-0.023017302,-0.016029809,-0.021639816,-0.010288727,-0.010635417,-0.011114527
TCGA-VQ-A92D,0.02145974,-0.017078131,-0.072302714,-0.008586758,-0.031571418,0.43490392,-0.018444018,0.028177686,-0.030535746,-0.01663522,-0.038089424,0.57954717,-0.01694063,-0.020477692,-0.003877834,-0.026273686,-0.00015746476,-0.015052396,-0.016971366,-0.023351928,0.65137064,-0.0106038,-0.011695326,-0.032191776,-0.014174978,-0.028943103,-0.009156383,-0.0061001065,-0.017808177,0.60107535,-0.009241578,-0.014884166,0.33963382,0.06978791,0.2078777,-0.008230332,-0.018254193,-0.015605409,0.2736985,1.0462211,0.0053630895,-0.014966125,0.3023516,0.01821842,-0.0045422995,0.16902556,-0.0034244494,-0.027953273,-0.02895571,-0.08019227,0.05896849,-0.038635425,-0.01355053,0.011795174,-0.01964611,-0.011685897,-0.02712768,0.018597374,-0.02476554,-0.010470785,-0.01888613,-0.010288948,-0.014951831,-0.017081542
TCGA-VQ-A94O,-0.0051271566,-0.013257139,-0.020869805,0.0050043375,-0.018551357,0.30834782,-0.0118526695,0.048535198,-0.021013632,-0.014440878,-0.020665176,0.40385818,-0.009503633,-0.014820734,-0.007867391,0.029114822,0.08761573,-0.009075824,0.011201145,-0.007532832,0.672941,-0.02185028,-0.010394951,-0.020255066,0.01153885,-0.01738237,-0.007969759,0.023152236,-0.013882115,0.44174612,-0.005609677,-0.0067916582,0.32404563,0.09492007,0.21565238,0.012667263,-0.0068054916,-0.007909171,0.23925474,0.85725707,-0.010987042,-0.0060270294,0.2267987,0.00012519956,-0.0105141075,0.13352525,0.03715346,-0.009076425,-0.027119998,-0.037057392,0.0071355375,0.025699155,-0.0070000766,-0.0035964034,-0.009489728,0.013640583,-0.016348079,0.03548199,-0.0068555614,-0.010560814,-0.009452622,0.09256747,-0.010594266,-0.011763548
TCGA-VQ-A94P,-0.011670556,-0.05304173,-0.03241208,-0.024714395,-0.0152469585,0.16845822,-0.030027349,0.016941343,-0.04562646,-0.030692156,-0.020437583,0.25643033,-0.012077504,-0.018413873,-0.027733069,-0.0089807175,-0.004230185,-0.015871527,-0.02945684,-0.00769044,0.3878128,-0.0154674705,-0.024927689,-0.019916527,-0.005733954,-0.020521954,-0.01290131,-0.0044048377,0.001996627,0.42854398,-0.009323446,-0.015017594,0.24696332,0.1151288,0.13943389,0.008308581,-0.014818472,-0.013074016,0.094525166,0.64901435,0.08203897,0.08533299,0.28632155,-0.0077324184,-0.014236713,0.19184612,0.00014344696,-0.034699295,-0.031546917,-0.058580436,-0.015669458,-0.026046513,-0.00954183,-0.024112813,-0.016663343,0.0039545135,-0.04456324,0.03247412,-0.010721203,0.00037744438,-0.0399979,-0.018977815,-0.006049658,0.022210734
TCGA-VQ-A94R,-0.01315382,-0.03295692,-0.06569797,-0.015482991,-0.03458026,0.3467927,-0.017279668,0.042188764,-0.047827236,-0.025541658,-0.043509103,0.520252,-0.011405422,-0.027163576,-0.012418903,-0.013285773,0.024988953,-0.020182291,-0.027356269,-0.0068233563,0.7305777,-0.023042154,-0.020126902,-0.027025456,-0.010547157,-0.028503606,-0.02090485,-0.0133930445,-0.0023047207,0.7213843,-0.01577146,-0.010465327,0.36850682,0.22782663,0.32744363,-0.007893683,-0.021060262,-0.012932659,0.21848308,1.0719748,0.04708788,0.016095009,0.37198663,0.045637373,-0.0010584644,0.14397362,-0.013724405,-0.031940408,-0.039946914,-0.08311519,-0.02373653,-0.03537063,-0.020395689,-0.023694271,-0.018331276,0.002042575,-0.033518694,0.0080181435,-0.021082157,-0.017824266,-0.021816714,-0.010410319,-0.012853982,-0.02214849
TCGA-VQ-A94T,0.035622947,-0.014815541,-0.04046337,-0.0048181037,-0.025499644,0.30856055,-0.0032162135,0.02843934,-0.024161136,0.048999682,-0.03405403,0.49962166,-0.014385412,-0.020754699,-0.0014574858,0.007373419,0.082184255,-0.019779168,-0.024417382,-0.0070684375,0.7426125,0.029473528,-0.0136191305,-0.03252223,-0.014038488,-0.02791767,-0.014612879,-0.0064027016,-0.013028059,0.49960816,-0.010936381,-0.013817538,0.30037042,0.13542156,0.2730826,0.041666508,-0.008582396,-0.013016999,0.23904431,0.99307775,-0.010290865,-0.013473078,0.27008653,-0.007919859,-0.017247932,0.09121387,-0.0034630166,-0.022845829,-0.03295324,-0.059922747,0.21257868,-0.035883717,-0.018623454,0.0015611995,-0.024536014,-0.025529936,-0.022632308,0.048735403,-0.025477614,-0.020999543,-0.014349997,-0.006543854,-0.011895826,-0.023195732
TCGA-VQ-A94U,-0.009242905,-0.027704075,-0.06374628,-0.011189913,-0.03190999,0.4752267,-0.021965493,0.019826083,-0.042232767,-0.025498323,-0.02502224,0.55238837,-0.020512242,-0.019567635,-0.01627064,-0.017568978,-0.0010381944,0.019130487,-0.025637764,0.0019986187,0.6572752,-0.020106785,-0.023445137,-0.024533467,-0.013202908,-0.030746339,-0.012493694,-0.006339884,-0.02208165,0.69722265,-0.019093728,-0.010654809,0.35636276,0.13017619,0.20662752,0.0140939,-0.015387786,-0.0069786734,0.24530548,1.0415281,0.019655898,-0.016523782,0.37965366,0.07615578,-0.010339167,0.19873792,0.004761236,-0.029883794,-0.03264824,-0.08040248,-0.011440594,-0.042349227,-0.016793445,-0.018108424,-0.016217994,-0.0055077896,-0.03683772,-0.001012417,-0.027072862,0.012494534,-0.025498074,-0.010843551,-0.020605147,-0.014561721
TCGA-VQ-AA64,-0.012711238,-0.01938514,-0.037633583,-0.008536145,-0.027696596,0.281899,-0.017396785,0.027673844,-0.039934695,-0.017568253,-0.0143835135,0.46921977,0.017899029,-0.012830226,-0.0017126575,-0.0065304954,0.07155899,-0.006778935,-0.017307784,-0.020548493,0.7031387,-0.02203436,-0.020344317,-0.015015855,-0.008364355,-0.019219566,-0.015226785,-0.008052789,-0.002060528,0.6293784,-0.013271926,-0.013211401,0.3331278,0.14507647,0.19088013,-0.003223123,-0.013133679,0.049266063,0.22843418,0.9888936,0.067570835,-0.0035385126,0.3089179,-0.014553133,-0.007363079,0.16213161,-0.0032247154,-0.02145763,-0.036792777,-0.05600881,0.11934759,-0.03435065,-0.010192704,-0.008561214,-0.014068675,-0.008469523,-0.02664101,0.07609881,-0.01552717,-0.01567673,-0.018584061,0.0433083,0.009000528,-0.016904445
TCGA-VQ-AA68,-0.00887923,-0.018278223,-0.066056065,-0.017254597,-0.038073283,0.3686972,-0.017227922,0.009460954,-0.020502772,-0.010097713,-0.013192508,0.53659904,-0.016311275,-0.02462862,-0.0015454735,0.0071167205,0.026796967,-0.010125625,-0.002545081,-0.013917867,0.6006644,-0.026498381,-0.013368386,-0.03441199,-0.014926861,-0.024293995,-0.016509727,0.008313262,-0.013901154,0.64400977,-0.0050506843,-0.012400055,0.34728062,0.11726108,0.23825191,0.023990091,-0.018256327,-0.01322384,0.25934574,0.9717828,0.021227226,-0.01242672,0.30135867,0.0938667,-0.012568466,0.20376958,-0.008586174,-0.019267814,-0.024948783,-0.0791021,0.048755508,-0.02931512,-0.012886029,0.0013787826,-0.01646198,-0.005430813,-0.022592044,0.020593785,-0.028243488,-0.014459898,-0.00054199947,-0.0051812907,-0.009961249,-0.017381238
TCGA-VQ-AA69,0.018658504,-0.025786728,-0.09361765,0.03675305,-0.03544952,0.6166081,0.012652218,0.056795895,-0.030473486,-0.028808758,-0.057580054,0.7120834,-0.015892763,-0.037566364,-0.0025195307,-0.028894877,0.01585069,-0.020317188,0.0066245175,-0.015062262,0.88798904,-0.024358619,-0.02807793,-0.037696414,0.017073333,-0.03635293,-0.004597266,-0.015507132,-0.028708085,0.74126625,0.0022684874,-0.016806412,0.3926251,0.12662108,0.28787476,0.0043474957,-0.031667307,-0.002403757,0.30202734,1.3283383,-0.014309328,-0.0056951744,0.2549253,0.06432653,-0.010983823,0.21266495,-0.01574988,-0.03232392,-0.030160217,-0.10237703,0.0036179768,-0.04709265,-0.018495636,-0.009959431,-0.016999966,-0.015808593,-0.027854485,0.06031104,-0.039734274,-0.019776411,0.011790257,3.9696693e-05,-0.013823306,-0.015511123
TCGA-VQ-AA6A,-0.0102979615,-0.02352749,-0.03862401,-0.008907617,-0.023284787,0.39381745,-0.0028340193,0.043234047,-0.02882425,-0.01672504,-0.022803191,0.5041179,0.018843178,-0.021310885,-0.0041517215,-0.003886289,0.074031144,-0.020038342,-0.010678888,-0.020065522,0.77953243,-0.017954286,0.0071859537,-0.019846069,-0.0012087126,-0.01825175,0.012306238,-0.01709762,-0.009906357,0.73111534,-0.011387584,-0.020129303,0.34794724,0.16425785,0.29841638,0.012049701,0.030805964,-0.018061582,0.24533457,1.1013942,-0.00031855959,-0.01936,0.35219544,0.06267493,0.009999377,0.12655453,-0.008581689,-0.011875616,-0.029583482,-0.0618573,0.087623626,-0.026198532,-0.014053483,0.023339264,-0.006597872,-0.013552205,-0.026065744,0.06624898,-0.02347692,-0.02530861,-0.013530826,0.04131381,0.015651813,-0.018050883
TCGA-VQ-AA6B,-0.004044902,-0.019166125,-0.06921713,0.009823575,-0.041377656,0.42867005,-0.011293206,0.04991208,-0.020553833,-0.022153057,-0.03318648,0.5608733,-0.013260747,-0.019526754,0.017576862,-0.011643933,0.071744725,-0.00090410677,-0.017674835,-0.02000637,0.820557,-0.015545336,-0.014068043,-0.029476317,-0.01602644,-0.022716979,0.0017845253,-0.0067591798,-0.02383172,0.65467405,-0.009991762,-0.013144065,0.3215956,0.122784,0.2502208,-0.005190309,-0.015537998,-0.011996544,0.3131633,1.0602448,0.017462727,-0.02012276,0.35875893,0.03986598,-0.0060931067,0.13397828,0.010897702,-0.016191062,-0.027177984,-0.07596968,-0.0064037517,-0.042831462,-0.008507071,0.0018417905,-0.0050349785,-0.0074688643,-0.020829223,0.053912178,-0.027344644,-0.018211767,-0.016631756,-0.01529395,-0.014159152,-0.004402346
TCGA-VQ-AA6D,-0.015983023,-0.022002613,-0.039238036,-0.009259876,-0.03230968,0.41681415,-0.009399065,0.02462766,-0.02817886,-0.013193429,-0.027176939,0.5980715,-0.016212339,-0.026478246,-0.00043750368,0.07366653,0.0676494,-0.0057585975,-0.011551038,-0.015338151,0.8946301,-0.019862916,-0.015348677,-0.022875573,-0.0023020701,-0.013196461,0.015328872,-0.014991529,-0.0061798226,0.6931288,0.010250041,-0.02138484,0.43217343,0.06679462,0.23498224,0.028325956,-0.013286676,-0.01304605,0.19647814,1.2622846,0.0012544701,-0.019809442,0.31986535,-0.0076001263,0.005888692,0.090001926,0.1168904,-0.011975246,-0.033971578,-0.054561585,0.019475702,-0.044346754,-0.01759423,-0.0067059477,-0.019628257,-0.016557937,-0.027748052,0.023184266,-0.01617764,-0.013092271,-0.014351958,0.14268298,-0.0071974457,-0.01958185
TCGA-VQ-AA6F,-0.01027873,-0.017279109,-0.02597483,-0.008749722,-0.01661142,0.28046787,-0.016113054,0.04117406,-0.02230209,-0.015600566,-0.01309811,0.3939674,-0.001731616,-0.01907938,-0.013515695,0.0017381732,0.03316383,0.016774667,-0.012981429,-0.013139243,0.5991812,-0.015677357,-0.007209626,-0.012987323,-0.010420681,-0.018113524,-0.008225899,0.0010686534,-0.0072857086,0.5475427,-0.011223829,-0.013589242,0.27720374,0.108954445,0.20468886,-0.008062787,0.02180754,-0.008783086,0.2418015,0.85612774,0.015577141,-0.010080788,0.38696915,0.0541568,-0.003933654,0.121238425,-0.007068089,-0.01241905,-0.016040012,-0.045219198,0.04137491,-0.024253964,-0.010987352,0.010342958,-0.01078026,-0.0064408956,-0.024181575,0.0380314,-0.01608609,-0.012559992,-0.009971986,-0.0043887566,-0.005547882,0.0016475419
TCGA-VQ-AA6G,0.009782095,-0.019152017,-0.059483778,-0.0073124976,-0.03560993,0.38887602,-0.023238434,0.014657794,-0.024189658,-0.005522711,-0.031972334,0.4454121,-0.008429801,-0.022123624,-0.009369116,-0.017102133,-0.004856106,0.007836451,-0.014365014,-0.01476654,0.6201797,-0.013056185,-0.01412063,-0.022925586,-0.02501841,-0.027309265,-0.014301841,-0.009582192,-0.0012010483,0.57789224,-0.012934046,-0.01717595,0.2800758,0.10492651,0.20979887,-0.008128429,-0.015326427,-0.011975534,0.23690027,0.9578948,0.008876459,-0.0029342037,0.30454916,0.08229984,-0.012918216,0.18542194,-0.01408759,-0.020381082,-0.024046874,-0.07518482,0.027867293,-0.03897533,-0.010080509,0.0061566806,-0.023062274,-0.0022995272,-0.031309254,0.045004036,-0.026336845,-0.011484943,-0.0082070995,-0.009309309,-0.017050732,-0.015618645
TCGA-VQ-AA6I,0.0055782637,-0.013466038,-0.06250118,-0.0046675424,-0.03282811,0.41754073,-0.01882926,0.05069779,-0.02629657,-0.013846879,-0.032555655,0.5085933,-0.009972939,-0.013087779,-0.016157024,-0.016462546,0.023970429,-0.0035688602,-0.0109278,-0.014124554,0.7304467,-0.015760276,-0.012542439,-0.023060141,-0.014345403,-0.032363676,-0.0119630275,-0.011159086,-0.014268319,0.6416588,-0.013873776,-0.008273564,0.36349896,0.123644486,0.26903248,-0.007874045,-0.01866083,-0.0081257345,0.27190608,1.0098896,0.051318627,-0.014319513,0.34479,0.10088509,-0.0062622814,0.2079283,0.002882211,-0.016605567,-0.027587162,-0.070491545,0.008352222,-0.028613996,-0.018242018,0.004724669,-0.012693971,-0.005168874,-0.021822931,0.041821223,-0.021251256,-0.011227089,-0.011170397,-0.0086284345,-0.01228982,-0.010870105
TCGA-VQ-AA6J,-0.0109911235,-0.022070672,-0.03562915,-0.00805088,-0.025617212,0.3699718,-0.016738838,0.04831504,-0.018370524,-0.017537985,-0.0319305,0.50604075,-0.010325025,-0.018014707,-0.01338129,0.03062538,0.036022905,-0.0077997297,-0.012854679,-0.009760486,0.7161864,-0.022049613,-0.013940885,-0.023251198,-0.01509067,-0.01736378,-0.016991913,-0.008462766,-0.012988744,0.69143903,-0.01112081,-0.0035642467,0.32572812,0.12537578,0.24390718,-0.007904452,-0.011216149,-0.010999759,0.2699351,1.1135631,0.046231862,-0.0067717046,0.3700416,-0.0050925664,-0.015036513,0.14905477,-0.0045820773,-0.0153151285,-0.023548093,-0.06170173,-0.0038331163,-0.031664953,-0.0062226607,0.015603336,-0.013249023,-0.014537726,-0.027858354,0.08312476,-0.020584622,-0.017368611,-0.01570103,0.0126626985,-0.016841091,-0.00917202
TCGA-VQ-AA6K,-0.008594367,0.019421928,-0.020906921,-0.011661226,-0.019881627,0.23890275,-0.016809408,0.014249381,-0.02330451,0.0057455394,-0.009512775,0.37273914,-0.009269219,-0.015827924,-0.013683947,0.013079999,0.027769985,-0.011373604,-0.009269984,-0.010636552,0.5019053,-0.017390858,-0.011283283,-0.009845481,-0.0039961245,-0.019936321,-0.010544907,0.011934086,-0.0061534224,0.513886,-0.006830401,-0.012648925,0.29381722,0.07088998,0.13312387,-0.0044252477,-0.0046317335,-0.0070576025,0.23802993,0.8846005,0.021568121,0.0047138054,0.3083349,0.041015018,-0.010487455,0.17448412,-0.005982764,-0.007640284,-0.017796446,-0.04039532,0.00927761,-0.026694823,-0.015344088,0.044266757,-0.0090516675,0.015378686,-0.019243523,0.03825362,-0.01617507,1.1564232e-05,-0.0051929075,-0.011837903,0.006009718,-0.011803081
TCGA-ZA-A8F6,-0.011082181,-0.030700264,-0.036013912,-0.018895349,-0.017763047,0.31157464,-0.01923827,0.011839941,-0.024100589,-0.02282285,-0.020875832,0.41860408,-0.012529724,-0.017729575,-0.01623922,-0.0061733695,0.051508274,-0.0144717805,-0.022727825,-0.010062485,0.56014025,-0.01781277,-0.009778339,-0.021756435,-0.012901429,-0.014984395,-0.007464377,-0.008301211,-0.01273082,0.5673792,-0.008976737,-0.0076972414,0.26724792,0.15930977,0.17431226,-0.0040500443,0.009495961,-0.017753843,0.22102606,0.87381625,0.02895441,0.040822677,0.374027,0.0012705149,-0.005996455,0.16962889,-0.003761094,-0.017525963,-0.0201173,-0.058321558,-0.012915747,-0.019109119,-0.011349837,-0.013743855,-0.020914782,-0.0035580662,-0.022436399,0.043485496,-0.01578469,-0.016038569,-0.020210594,-0.0037912987,-0.011764402,-0.0041784355
