patient_id,priv_meth_0,priv_meth_1,priv_meth_2,priv_meth_3,priv_meth_4,priv_meth_5,priv_meth_6,priv_meth_7,priv_meth_8,priv_meth_9,priv_meth_10,priv_meth_11,priv_meth_12,priv_meth_13,priv_meth_14,priv_meth_15,priv_meth_16,priv_meth_17,priv_meth_18,priv_meth_19,priv_meth_20,priv_meth_21,priv_meth_22,priv_meth_23,priv_meth_24,priv_meth_25,priv_meth_26,priv_meth_27,priv_meth_28,priv_meth_29,priv_meth_30,priv_meth_31,priv_meth_32,priv_meth_33,priv_meth_34,priv_meth_35,priv_meth_36,priv_meth_37,priv_meth_38,priv_meth_39,priv_meth_40,priv_meth_41,priv_meth_42,priv_meth_43,priv_meth_44,priv_meth_45,priv_meth_46,priv_meth_47,priv_meth_48,priv_meth_49,priv_meth_50,priv_meth_51,priv_meth_52,priv_meth_53,priv_meth_54,priv_meth_55,priv_meth_56,priv_meth_57,priv_meth_58,priv_meth_59,priv_meth_60,priv_meth_61,priv_meth_62,priv_meth_63
TCGA-3L-AA1B,-0.05140811,0.18169604,1.7853302,0.82688975,-0.27664563,1.8762705,2.2374294,0.8064846,0.062150043,-0.058590718,0.10140739,0.5256136,0.3818088,0.76043105,-0.009940796,0.25361067,-0.045013636,2.2446892,2.6030324,0.025745688,0.71942294,0.37415797,-0.0602687,-0.14592864,1.0141873,-0.0026094206,-0.25020692,0.18776357,2.2147584,-0.028578285,0.56802166,0.4446602,0.8116618,1.4090445,-0.18616028,0.64508516,0.04827255,2.4894018,0.23953833,0.3930334,-0.02607575,0.9444096,0.73445123,1.4292098,-0.16955516,1.6125774,2.1668653,0.40657628,0.35860223,0.17272112,-0.11435708,-0.19819485,-0.0002976388,-0.070733376,2.2192094,-0.3643319,-0.02740377,-0.09140909,1.2895963,1.5386567,-0.081915565,-0.008669647,-0.027582556,-0.23631027
TCGA-4N-A93T,-0.056813907,-0.012644759,1.6913189,0.5596343,-0.26235577,1.8509127,2.1424792,1.8064059,0.76868874,-0.027613888,0.8277277,0.5058426,0.16829875,1.2201995,-0.009485447,0.7877623,-0.014899935,2.058194,1.940859,-0.010493605,0.8420195,0.384656,-0.061152328,-0.2534155,1.8037062,0.009962574,-0.23494661,0.5108185,1.8283503,-0.011460629,0.6246191,0.27271414,0.4880069,1.3313334,-0.1436015,0.5707437,-0.052002724,2.2494621,0.18628405,0.32897758,-0.046230193,0.61348605,0.8889744,0.80443317,-0.13758634,1.3245192,1.8458159,0.196714,0.023095503,0.035377704,-0.06994457,-0.12920062,0.053969115,-0.072142534,1.7562984,-0.27278534,0.046240386,-0.045402814,0.37576845,1.645416,-0.09009866,0.27932578,-0.034287855,-0.1796673
TCGA-4T-AA8H,-0.036780324,0.1937228,1.4186844,0.6295635,-0.28565043,1.7429157,2.3058443,-0.021876927,0.24033678,-0.015620309,0.0724972,0.5349268,0.0339868,0.48600307,-0.023923773,0.28188935,-0.033430394,2.0219836,2.1746585,-0.017521529,0.7896984,-0.011295176,-0.053636294,-0.11713918,1.1230445,0.18636297,-0.25242475,0.46587098,2.028548,-0.016589107,0.8169577,0.45894575,0.5532976,1.0120159,-0.10553981,0.09198214,-0.011757585,2.3069289,0.3266828,0.5733376,-0.038489982,0.88683605,0.89248693,2.0919333,-0.16670981,1.7692765,1.8315178,0.62042487,0.41090202,0.6960129,-0.097814284,-0.12085918,-0.016932677,-0.05168989,1.9905068,-0.33260086,-0.002473382,-0.06928067,0.9630455,1.3697634,-0.08451778,0.12844539,-0.0016099185,-0.21293771
TCGA-5M-AAT4,-0.064824834,0.168575,1.7476451,0.3953109,-0.3095597,2.1859472,2.1796832,1.2974694,0.5840208,-0.019048303,0.29373688,0.25141624,0.38749585,1.1172199,-0.044075746,0.42764565,-0.04314143,2.1212099,2.330595,0.09453729,0.6618246,0.56250435,-0.086237244,-0.2401998,1.7505107,0.0015428271,-0.2753034,0.32256392,1.983964,-0.04033619,0.58558726,0.18605845,0.32086104,1.301233,-0.13523245,0.30692536,-0.0523138,2.5148335,0.22803895,0.27078277,-0.022885716,0.6002593,1.1989714,1.3759812,-0.18537316,1.7194412,2.0240393,0.2989049,0.6811569,0.053189263,-0.090192206,-0.15535684,-0.003814318,-0.040954735,1.8806324,-0.32266364,-0.009868812,-0.07254859,0.0828518,1.6845877,-0.09963488,0.26135507,-0.060052104,-0.24116898
TCGA-5M-AAT6,-0.006883615,0.19842088,0.86150527,0.341281,-0.1545761,1.3434858,1.1604817,0.93987036,-0.020211793,-0.02780792,0.049396276,0.26166525,0.18705256,0.5135366,-0.023324346,-0.0039220355,0.07777621,1.2059745,1.9482179,-0.026729692,0.4327045,0.836042,-0.040992945,-0.036003795,-0.010456672,-0.016666567,-0.12864196,-0.010816048,1.9216269,-0.003013023,0.09398277,0.21848315,0.139629,1.0434508,-0.15985034,0.9283324,-0.010365491,1.7161028,0.11175067,-0.010141114,-0.024063256,0.5189557,0.51894146,0.34482288,-0.10447516,1.0986302,1.4651737,-0.0050633512,0.2249291,0.5941052,-0.07917188,-0.13998082,0.35952833,-0.04177929,1.564888,-0.23258583,-0.028720874,-0.046652786,1.6136326,0.76013774,-0.028943349,0.03795823,-0.035008427,-0.1530862
TCGA-5M-AATE,-0.018570185,0.0692077,1.122251,0.22747982,-0.17844556,1.4586574,1.5155194,1.1484582,1.0179818,-0.03058095,0.037386592,0.54906654,0.35225895,1.2127129,-0.046708062,0.7266724,-0.01703014,1.7493788,1.9155434,-0.06646272,0.6008956,0.55317086,-0.026443228,-0.19113652,1.2205626,0.44107878,-0.22003913,-0.008930105,1.6758283,-0.030149916,0.18510748,0.14703362,0.06065342,0.9025334,-0.10856791,0.8506404,-0.037426703,2.073469,0.20778559,0.46617225,-0.012527118,0.7122451,0.53850645,0.35871124,-0.16976884,1.4245949,1.4474337,-0.0022433938,0.93970126,0.5430989,-0.082405455,-0.07615551,0.13458622,-0.03637641,1.6374761,-0.22612527,-0.011671094,-0.049972016,0.25236565,1.4130365,-0.04307821,0.24944964,-0.02370933,-0.17922089
TCGA-A6-2671,-0.0597012,-0.0017739848,1.9000728,0.98210174,-0.24041131,2.2551386,2.0019677,1.732043,1.1479305,-0.045808792,-0.0069313967,0.42346007,0.3148638,1.7838122,-0.045325365,0.60412455,0.029346455,2.0867581,2.5754986,-0.037489258,0.89913493,0.017680429,-0.085088275,-0.26050967,1.4184183,0.3604535,-0.25969806,-0.013480404,1.9870045,-0.06976893,0.3527043,0.2170337,0.07062384,1.2267394,-0.2113258,0.7631671,-0.04762518,2.4806514,0.49311334,0.6366433,-0.026373241,0.42831403,0.8026003,0.5321543,-0.18810222,1.453754,1.9376252,-0.00048232675,1.3780946,0.05484245,-0.09773349,-0.11779342,-0.039577555,-0.04703441,2.291178,-0.34630805,-0.009545924,-0.033442404,0.19239545,1.6961353,-0.07595843,0.24411204,-0.051482465,-0.21421246
TCGA-A6-2672,-0.048959695,0.50404394,2.0257795,0.027009476,-0.390956,2.1484735,2.8436909,0.24070044,0.2279153,-0.05654947,0.33837724,0.7996965,0.51695305,0.78632975,-0.017248103,-0.031170864,-0.044104226,2.700155,3.0747857,0.13207884,0.99580175,0.5674533,-0.12714061,-0.1377651,0.21632856,-0.0377524,-0.3448512,0.41321594,2.4977143,-0.0061522485,0.7423607,0.6116765,0.4049309,1.6912411,-0.19950737,0.5633157,-0.012079266,2.9162066,-0.011032209,0.40074003,-0.03359438,0.8648857,0.96433324,2.4420533,-0.18761523,1.8325921,2.5949588,0.6631535,0.14901991,0.7500948,-0.13923925,-0.18930733,0.010644615,-0.112556994,2.4132686,-0.4734212,-0.027855638,-0.0864737,1.0248957,1.5270743,-0.12276399,0.013438095,-0.037071712,-0.29063466
TCGA-A6-2675,-0.022870222,0.2682008,1.0080268,0.47493702,-0.16157807,1.5069246,1.1128851,1.1689025,0.8058455,-0.04359327,0.29426357,0.3828349,0.32309514,0.8024217,-0.037021756,0.59929085,0.15876052,1.3119798,1.6567484,-0.02943323,0.5541116,0.7663337,-0.05205184,-0.13578059,0.8650529,0.0139458105,-0.1626765,-0.02871807,1.7613236,-0.03516773,0.111486584,0.12926514,-0.018339643,1.109397,-0.13498387,0.9028917,-0.0395074,1.649745,0.07905493,0.111356646,-0.012963888,0.497797,0.5341806,0.05564425,-0.109681785,1.0308133,1.4156651,0.0133528635,0.5142354,0.8454795,-0.07003354,-0.088777594,0.10481255,-0.05266853,1.5185539,-0.2030422,-0.012515557,-0.033872616,0.5448849,1.1314256,-0.0201452,0.18445736,-0.043752484,-0.14585301
TCGA-A6-2677,-0.025818521,0.2442423,2.2161582,0.7754633,-0.3018342,2.5149405,2.3276842,0.732996,1.0473998,-0.025449157,0.4506528,0.5380961,0.33933982,0.98208773,-0.057403702,0.5044602,-0.06411281,2.5665562,2.893438,-0.032754257,0.8315597,0.3215469,-0.1137625,-0.17001463,1.2395899,0.009968899,-0.33794367,0.62527025,2.6964188,-0.039989192,0.5575197,0.6909588,0.41049516,1.3679844,-0.20315571,0.79834276,-0.01829152,2.8859026,0.34387183,0.30424672,-0.07150287,1.2555403,0.9206098,1.9408728,-0.21926081,2.0552118,2.436445,0.49530768,1.3144442,0.6051979,-0.1286315,-0.13621347,0.15270826,-0.095519334,2.5307121,-0.41201386,-0.04220914,-0.07402061,1.3529071,1.8684487,-0.12142016,0.03044488,-0.043608174,-0.26800057
TCGA-A6-2679,-0.037615005,0.42478114,1.7560197,0.7062608,-0.27794126,2.0377293,2.3382525,0.7833378,0.1978593,-0.039772015,0.22463262,0.6304844,0.33148018,0.9440414,-0.022724703,0.17440894,-0.038257536,2.4085798,2.344588,-0.047084305,0.74853367,0.08713578,-0.08604584,-0.192267,1.1347003,0.06748789,-0.26895508,0.50268656,2.155667,-0.006867157,0.7260586,0.33276236,0.65506107,1.2100731,-0.13578744,0.44550118,-0.001073892,2.344418,0.15891863,0.50271994,-0.0436085,0.707755,0.79645216,1.513102,-0.16004938,1.6025575,1.924745,0.30953008,0.43171674,0.45172977,-0.108834624,-0.14114411,0.144219,-0.06425961,2.1000233,-0.34020978,-0.009663268,-0.05150488,0.6073569,1.639549,-0.092657305,-0.0059071607,-0.014022362,-0.22719705
TCGA-A6-2680,-0.04449734,-0.005193967,1.6469866,0.6578884,-0.22535942,1.72201,1.9712148,0.6236195,0.25276738,-0.016538499,0.37793404,0.49968627,0.32978386,0.5170977,-0.04985502,0.45286378,-0.06440717,2.0348177,2.4010663,-0.035513666,0.8095568,0.46850073,-0.047351945,-0.14449368,1.1033891,0.0914481,-0.25470695,0.5427613,2.223885,-0.049238928,0.62706894,0.52982324,0.3264558,0.62011206,-0.15610492,0.32828858,-0.0025367418,2.5210078,0.52645504,0.6236685,-0.034008887,1.3913271,0.94331026,1.5383255,-0.17104612,1.7540163,2.1118355,0.41794294,1.0483143,0.59406173,-0.11064023,-0.15436308,-0.024793113,-0.07090894,2.28625,-0.31679586,-0.044221606,-0.06121145,0.97724897,1.4795656,-0.068200625,-0.011551922,-0.024942733,-0.19082695
TCGA-A6-2681,-0.040082447,0.42026252,1.5027243,0.55821633,-0.23419361,1.760985,2.005154,0.8840156,-0.013157926,-0.04424558,-0.0063290517,0.53429806,0.3329541,0.6830161,-0.052603185,0.1314134,-0.04475781,1.9595997,2.2412355,-0.03183441,0.48927695,0.069261745,-0.067909546,-0.14232087,1.0091797,0.5020158,-0.20173788,0.41689304,1.8631668,-0.003184498,0.38055402,0.34273592,0.50502753,1.0790637,-0.16340095,0.45766854,-0.005033256,2.1570034,0.23596807,0.38170776,-0.045128506,0.6869807,0.47395536,1.2094269,-0.13672397,1.4306091,1.7510234,0.33952886,0.4295717,0.2829401,-0.09500846,-0.16044198,-0.017064843,-0.060249288,2.02409,-0.30242777,0.019776575,-0.064461455,0.97525245,1.2339526,-0.081685595,0.08103069,-0.0067478493,-0.20194605
TCGA-A6-2682,-0.0019625474,0.20908976,1.2346326,0.27735305,-0.18798657,1.4049286,1.6523204,0.6632774,0.68091923,-0.019491898,0.4915208,0.43544585,0.4108804,0.6988671,-0.03925356,0.5506402,-0.024528243,1.6686587,1.9374394,-0.045489892,0.48310858,1.1311691,-0.025475247,-0.17630754,0.95872444,0.037494116,-0.18914461,-0.008359024,1.8024954,-0.016617598,0.19739017,-0.0059647434,-0.009848087,1.1767113,-0.09537975,0.5302001,-0.03849814,1.9118685,0.07813665,0.32228374,-0.017919427,0.45697707,0.6822214,0.3872801,-0.13040349,1.3012613,1.6434914,-0.006641324,0.6939702,0.62826455,-0.07580265,-0.0934762,-0.0011789501,-0.032290976,1.6847187,-0.24186523,-0.019883212,-0.045296367,0.5878501,1.4121772,-0.07788082,0.24402457,-0.036656495,-0.1586125
TCGA-A6-2684,-0.042627703,0.41259855,1.5866141,0.7514527,-0.2396895,1.9112257,1.8999232,1.2497691,0.13147846,-0.036298003,-0.0019477785,0.49752453,0.35248825,0.9252268,-0.02135226,0.15312445,-0.012101397,2.2116613,2.5725656,-0.020627758,0.75722617,0.12114979,-0.080145314,-0.14568992,1.1187097,0.06850955,-0.1985403,0.19991688,2.1364295,-0.027594943,0.36609903,0.44975922,0.7998725,1.2242198,-0.15993637,0.84670943,-0.03452633,2.4573138,0.40615106,0.0072205923,-0.043123625,1.0331416,0.75179636,0.73888475,-0.16802707,1.5684396,1.9825845,0.2692674,0.5775768,0.20826289,-0.124962226,-0.16998272,0.040890142,-0.058399864,2.1341667,-0.3346448,-0.023232078,-0.050987925,1.0714532,1.4306571,-0.07494073,-0.011614843,-0.031203112,-0.19821171
TCGA-A6-2685,-0.007540796,0.10098624,0.83557034,0.7495505,-0.14645308,1.3660944,1.303675,1.0945864,0.0015766807,-0.04338299,0.159136,0.38156438,0.27419254,0.5849147,-0.01028283,0.32642,0.20803079,1.3168092,1.8087041,-0.024726287,0.4659517,0.24539694,-0.035198558,-0.05915735,0.14687404,-0.0023736327,-0.14544052,-0.021622404,1.7884853,-0.026409803,0.19353196,0.21805911,0.4001426,1.0218488,-0.15991965,0.97260547,-0.002262542,1.8256445,0.33865306,0.14478996,-0.018564252,0.75978225,0.4099423,0.03274057,-0.11327032,0.96793836,1.5591309,-0.020386428,0.07015762,0.47734576,-0.093591355,-0.14131132,0.27051285,-0.056149583,1.5762521,-0.21100853,-0.0057654264,-0.03918584,1.498715,0.97044325,-0.040039934,0.08810518,-0.030818779,-0.13263087
TCGA-A6-2686,-0.036564242,0.5368828,2.123037,0.16858068,-0.4487896,2.3153143,3.0710938,0.5488582,0.63995594,-0.058990657,0.53257877,0.7630692,0.5899725,1.4462534,-0.06347826,0.010007478,-0.08882009,2.9644969,2.997625,-0.007474109,0.9081228,0.6000636,-0.11783882,-0.20981391,0.88081217,-0.00909509,-0.36580405,-0.015210449,2.3345792,-0.009074645,0.5182123,0.6887359,0.2450348,1.7076929,-0.19928977,0.614328,-0.03772735,3.0618453,0.2180018,0.4872766,-0.044856574,0.5147122,0.8771938,2.3537707,-0.18218075,1.9955872,2.549739,0.5911346,0.38771784,0.5439502,-0.11238598,-0.16656801,-0.030470002,-0.10288107,2.4800954,-0.46190348,-0.027846286,-0.101037376,0.7167352,1.838879,-0.15721731,0.059281077,-0.039307926,-0.28121603
TCGA-A6-3809,-0.038815603,0.3567493,1.7754052,0.10731411,-0.3774177,2.0551493,2.8458643,0.19449522,0.20801143,-0.026802985,0.15010378,0.6053422,0.27115119,0.54815185,-0.011878477,-0.018566607,-0.0805529,2.881345,2.9913487,0.0032007676,0.81742674,0.5578443,-0.10253894,-0.13727829,0.42076522,-0.042295292,-0.32886407,0.41718456,2.4681115,-0.012577972,0.7981277,0.72842944,0.4559077,1.6657959,-0.18656035,0.49173388,-0.028969532,2.749402,-0.009075483,0.36822763,-0.031533983,0.6447207,0.8316793,2.2763352,-0.18694024,1.8180753,2.4736035,0.39683372,0.12533668,0.8044788,-0.1365007,-0.18269162,-0.0070122676,-0.07929821,2.3163185,-0.44568965,-0.015508379,-0.084485024,0.72991115,1.5568159,-0.12686825,0.108535595,-0.03652389,-0.28406915
TCGA-A6-3810,-0.04283477,0.16061558,1.4116372,0.42166314,-0.1652161,1.8582244,1.433156,1.3286875,1.16466,-0.023331642,0.58482254,0.4362943,0.26982656,1.0142344,-0.029002875,0.7460766,0.031121973,1.4847872,2.2750785,-0.042972635,0.8805449,0.98868054,-0.048580114,-0.2009557,0.74076706,-0.002339463,-0.25064164,-0.011300203,1.8891063,-0.03977461,0.15763569,0.240517,-0.010548989,1.2177789,-0.1621798,0.92282206,-0.04205352,2.0948925,0.40602398,0.19550198,-0.0041518114,0.48921633,0.98255295,0.3455351,-0.16803987,1.416816,1.7483011,-0.009435614,1.0195059,1.039687,-0.063925855,-0.108257174,0.18629044,-0.056733884,1.8144733,-0.24842416,-0.022078292,-0.039086696,0.9234942,1.6449832,-0.040982243,0.29924625,-0.04305942,-0.1797065
TCGA-A6-4105,-0.052329857,0.178279,2.0978065,0.62722665,-0.37133303,2.628627,2.7970648,1.0130215,0.75783056,-0.05788191,0.10811851,0.5380196,0.5260724,1.5129519,-0.03364934,0.21974033,-0.03600679,2.6384432,2.8663125,-0.01146905,0.87212163,0.74034435,-0.10544576,-0.28643057,1.4837855,-0.0031866126,-0.3537679,-0.0068430393,2.2289288,-0.03946134,0.806979,0.49582744,0.30694276,1.5801206,-0.18609954,0.65881956,-0.05041747,2.8969057,0.30390933,0.60560423,-0.049983494,0.20721404,1.2137917,1.8018686,-0.21798432,1.9361796,2.3011642,0.43118888,1.0203407,0.03857013,-0.12981841,-0.17056559,-0.01889862,-0.046455566,2.2549534,-0.43996224,-0.008191843,-0.07543655,0.11666889,1.9674097,-0.1092655,0.15822797,-0.03733823,-0.28555915
TCGA-A6-4107,-0.069514446,0.62441146,2.4193935,0.38086164,-0.43928233,2.5320752,3.0105877,0.70886964,0.6455347,-0.0326147,0.063895725,1.0139416,0.37199447,1.1306024,-0.046018075,0.20939535,-0.07643192,3.0737355,3.429885,0.017697586,0.88218236,0.3478133,-0.13244145,-0.22630952,1.2565084,-0.0043978705,-0.39735797,0.44064665,2.835926,-0.0405918,1.0516925,0.55604136,0.69244343,1.6786801,-0.2357126,0.63113475,-0.017704962,3.2461002,0.61649907,0.514578,-0.057473887,0.8482263,1.112892,2.5855405,-0.24528292,2.4351766,2.7398243,0.8329253,0.74491096,0.37716627,-0.14047937,-0.20343406,-0.0026093037,-0.0986009,2.6784244,-0.5115629,-0.0066383514,-0.10782522,0.8755805,2.0682275,-0.15226537,0.18054995,-0.037299138,-0.33511642
TCGA-A6-5656,-0.017449928,0.18654895,1.6864941,0.45392284,-0.23789203,1.6845076,1.7766011,1.1512436,0.9765096,-0.005066789,0.6312791,0.4968107,0.3279003,0.91127264,-0.0135987345,0.6874371,-0.06652426,2.23419,2.3207362,-0.053289037,0.6243567,0.49456054,-0.059780773,-0.20041549,1.6428099,0.124408185,-0.26182228,0.40196836,2.0004334,-0.026191264,0.50875604,0.20511921,0.19713096,1.0920378,-0.11332418,0.2633881,-0.034769773,2.271836,0.016863,0.53033376,-0.023793539,0.81582916,0.918761,0.81678,-0.19768491,1.4639108,1.9342027,0.3123662,1.2522501,0.7738768,-0.09346074,-0.10518465,-0.01823104,-0.058922864,1.923881,-0.2945114,-0.026732642,-0.07142869,0.46014673,1.7346783,-0.08631354,0.15580338,-0.026547594,-0.20198427
TCGA-A6-5657,-0.020889452,0.15620358,1.520351,0.48149893,-0.29453596,2.1067781,2.0367951,1.2127894,0.08267577,-0.035606775,0.5008623,0.50438434,0.119406335,1.0626664,-0.044278134,0.2940124,-0.01726857,2.0426128,2.212716,-0.022451578,0.59194237,1.1276658,-0.06359281,-0.18252018,1.0407052,-0.013538957,-0.21451472,-0.02825805,2.1743937,-0.014520495,0.456131,0.057236217,0.1397097,1.5819839,-0.13205367,0.77300936,-0.024898684,2.3454502,0.16272907,0.28018805,-0.011921688,0.08866245,0.92062885,0.886185,-0.15371396,1.565431,2.036628,0.09797125,0.29565603,0.14070272,-0.09474533,-0.1562825,-0.0004600458,-0.057381153,1.9492667,-0.31761,-0.012144183,-0.06291367,0.83509266,1.503481,-0.078805044,0.32392934,-0.034591805,-0.2207288
TCGA-A6-5659,-0.063720025,0.11135991,2.0572672,0.6696925,-0.3987888,2.1739032,3.0167398,0.5679501,0.36460406,-0.045607336,0.22345415,0.8282344,0.34391162,1.0319463,-0.057116408,0.06727918,-0.0814842,2.6209326,2.7432048,-0.007765259,0.7080594,0.21352017,-0.11299294,-0.28196844,2.4334457,-0.013513478,-0.36999366,0.17753987,2.0615857,-0.0042548096,1.4440588,0.3874595,0.49790084,1.0670915,-0.14298503,0.05651094,-0.036403153,2.3531513,-0.008953315,0.8008411,-0.04756957,0.59356457,1.1905782,2.6567636,-0.19473529,1.9658381,2.0531049,0.6721203,0.9086048,0.09609642,-0.08668718,-0.1484316,-0.023201216,-0.08496995,2.2205946,-0.40491652,-0.0026110045,-0.06756595,0.075851105,1.7074215,-0.11560054,0.03466491,-0.02814932,-0.26563507
TCGA-A6-5660,-0.03700232,0.010640159,1.8434906,0.6592508,-0.2996879,2.0476031,2.4282813,0.8510139,1.2863044,-0.004002511,0.87043387,0.6234594,0.31254622,1.0720435,-0.047927156,0.7779947,-0.052722376,2.2738712,2.6444547,-0.03414507,0.7179851,0.94189006,-0.060258865,-0.24337761,1.8878094,0.09580784,-0.29297027,0.4549481,2.0679896,-0.03809089,0.6318909,0.4132946,0.063070856,0.9799945,-0.1570287,0.43065017,-0.033440378,2.6382163,0.36921537,0.7407779,-0.036646515,0.88891256,0.94205076,1.8335435,-0.20350826,2.0168254,2.0033538,0.37311393,1.6041762,0.074371226,-0.13303477,-0.12743609,-0.01595143,-0.095286086,2.4504158,-0.3484156,-0.020064851,-0.05870369,0.73158276,1.66402,-0.08879278,0.13332124,-0.044989184,-0.24060075
TCGA-A6-5661,-0.056740116,0.54588515,2.1797464,0.2696254,-0.46899018,2.4867857,3.0808883,0.6307698,0.47781342,-0.071865566,-0.006799083,0.89255023,0.6475567,1.3584597,-0.041524507,0.16911688,-0.041009493,3.2024858,3.5888016,0.22172125,1.0784017,0.3159898,-0.124230765,-0.18941228,0.519283,-0.018395841,-0.3855657,0.041085687,2.878787,-0.05062389,0.7185612,0.64342093,0.49533293,2.056124,-0.25123647,0.7867374,-0.017832307,3.3203385,0.42486438,0.5420128,-0.039628956,0.474613,0.9604937,2.19114,-0.23751168,2.1237464,2.9192526,0.60820377,0.24621479,0.4988255,-0.13343184,-0.21609429,-0.005407572,-0.10129918,2.862524,-0.51371306,-0.015869059,-0.09773618,1.1621541,1.9377736,-0.13099642,0.2559859,-0.033379,-0.3453352
TCGA-A6-5662,-0.010995722,0.051790908,1.6000198,0.68506163,-0.19658253,1.8051466,1.6466198,1.3535385,1.5993385,-0.0042545833,0.6458129,0.29510972,0.1883169,1.2295976,-0.045934547,0.6850572,-0.021506375,1.8164201,2.1588402,-0.08201924,0.91410524,0.4322375,-0.024689121,-0.1752517,0.577822,-0.013210115,-0.21806061,0.03322919,2.000111,-0.05301733,0.28899503,0.113064684,-0.019356882,1.1228192,-0.17133464,0.84470206,-0.042973097,2.0927703,0.29765093,0.21082391,0.044015743,0.8506004,0.80863684,0.12901711,-0.14966947,1.2859026,1.8200419,0.14777572,0.960304,0.5633061,-0.06148799,-0.09422958,0.29108727,-0.06519254,1.9617635,-0.23080142,-0.059859663,-0.019353982,1.003525,1.4513808,-0.08766289,0.13786146,-0.07186981,-0.16552284
TCGA-A6-5664,-0.035089657,0.36281663,1.496222,0.45903745,-0.26360607,1.967801,1.8840866,0.9947983,0.45361906,-0.023338852,0.28769067,0.34925,0.11649571,1.0675812,-0.03503289,0.40825215,0.04521906,1.7998507,2.194666,-0.010119907,0.8916902,1.0535939,-0.05750343,-0.18536814,0.95853895,-0.004943938,-0.1893541,-0.02047722,2.1670508,-0.03685456,0.2913137,0.1936637,0.26123545,1.4828429,-0.16882811,0.71503824,-0.04419243,2.3032966,0.19130634,0.29053393,-0.018550646,0.28531492,0.7063094,0.47437072,-0.14967236,1.564737,1.8334664,0.17340438,0.4152267,0.35478556,-0.099204205,-0.14517923,0.03680156,-0.07303065,2.0660977,-0.29736772,-0.010300357,-0.057346165,0.8092624,1.567838,-0.06751386,0.059764814,-0.04077604,-0.21648543
TCGA-A6-5665,-0.048985414,0.6621801,2.2161863,0.42792103,-0.49614573,2.6035998,3.2449245,0.5448277,0.82468736,-0.06771892,-0.015776237,1.1753285,0.41372636,1.3511039,-0.04123055,0.1870892,-0.044852413,3.2530901,3.6190813,0.27395812,1.1633149,0.30170026,-0.1443772,-0.19358777,0.32541674,-0.02086602,-0.41542545,0.008040529,2.8746526,-0.019920273,0.7025079,0.6261738,0.38062462,2.120724,-0.26096615,0.8164869,-0.028046032,3.299435,0.45494193,0.7415147,-0.048307415,0.41645056,1.2890193,2.5530605,-0.23960952,2.1449902,3.00373,0.62656003,0.33803934,0.5948396,-0.15802099,-0.21799266,0.19677208,-0.09170315,2.9320416,-0.5553745,-0.018924626,-0.094640955,1.1022774,2.0694518,-0.13970499,0.3910608,-0.039352164,-0.3473924
TCGA-A6-5666,-0.0043996237,-0.028457105,1.6000289,0.08387577,-0.17598902,1.5633571,1.4222655,0.39622125,1.6874865,-0.030209342,0.21086687,0.58402365,0.37595433,0.54930925,-0.042630326,0.34900892,-0.06356587,1.6353781,1.9920038,-0.043313436,0.5161934,0.32476008,-0.048177667,-0.100247495,0.71906346,-0.012262881,-0.25310272,0.04497866,1.7430931,-0.04283489,0.341246,0.33031794,-0.014928944,0.71259546,-0.13879403,0.59826,-0.036847565,2.2262073,0.43538314,0.41459483,-0.007847923,0.961043,0.57854396,1.1082302,-0.15543835,1.662476,1.52387,-0.0015015661,1.1126442,0.9882383,-0.07864037,-0.053549435,-0.022230437,-0.060862303,1.7099303,-0.25441214,-0.03808399,-0.06617175,0.67809683,1.5121021,-0.052404344,0.20699374,-0.00995594,-0.15004508
TCGA-A6-5667,-0.031945046,0.09227924,1.4630187,0.71937495,-0.18996878,1.9658722,1.5748596,1.3650329,1.1941249,-0.035585597,0.29128793,0.45168275,0.42587277,1.0076641,-0.03850537,0.76967466,-0.0043558395,1.6831665,2.2055953,-0.08112621,0.6102329,0.894925,-0.05755478,-0.16780153,0.69249654,0.03515666,-0.22244553,0.07878921,1.9265578,-0.0145037295,0.26751655,0.27582896,0.16237998,0.9639364,-0.17369062,1.0487299,-0.041395444,2.2784553,0.5508655,0.25054768,-0.015622275,0.9731952,0.8370728,0.56090045,-0.17371638,1.5697279,1.8605115,0.053457916,1.2397032,1.1468856,-0.08649402,-0.11733844,0.17108154,-0.03328959,1.9036729,-0.28127873,-0.025616208,-0.033950713,1.0855924,1.5575415,-0.047287684,0.2611137,-0.048060637,-0.16272731
TCGA-A6-6137,-0.01804932,-0.011210789,1.20298,0.4411534,-0.16188507,1.480303,1.5637904,0.9571243,0.6706628,-0.01951485,0.70978874,0.51241654,0.14204632,0.6183117,-0.043271273,0.43230072,-0.022689331,1.448949,1.7998754,-0.05332777,0.48969924,0.833138,-0.04573111,-0.13731676,1.1914104,0.07946643,-0.19184305,0.19549051,1.788765,-0.031053027,0.2816738,0.08403881,0.035204463,1.0207357,-0.097898416,0.31191218,-0.02135058,2.0828862,0.40854254,0.29062718,-0.005439871,0.67646754,0.6899623,0.5716623,-0.11409755,1.36266,1.5112019,0.19399098,0.73595124,0.78341484,-0.07297789,-0.08706435,-0.020735545,-0.06318172,1.6692333,-0.23676832,0.009320071,-0.051957734,0.71211094,1.1611888,-0.0642247,0.25457844,-0.048281565,-0.14694792
TCGA-A6-6138,-0.042837903,0.43967086,1.9041986,0.42545378,-0.31041178,2.2556176,2.5478113,1.6635654,0.53147054,-0.032301687,0.6371951,0.29280075,0.31950596,1.3468268,-0.065795384,0.347994,-0.05140614,2.596175,2.3728278,-0.03688777,0.8722685,0.8925877,-0.08735922,-0.23012248,1.9447948,-0.00902714,-0.26942724,-0.0017408048,2.1637063,-0.0048720245,0.85257715,-9.515323e-06,0.23084065,1.4243631,-0.11556268,0.50074834,-0.056462824,2.4792416,0.04628565,0.2681157,-0.025310436,0.3650055,1.012047,1.0519816,-0.18169916,1.7156842,2.089827,0.39010686,0.47534072,0.31475243,-0.09084918,-0.15116116,-0.008963575,-0.07113432,2.0098815,-0.33790806,-0.012952414,-0.07452922,0.10146578,1.7036481,-0.10855254,0.030526493,-0.049966495,-0.22328551
TCGA-A6-6140,-0.009119403,0.08781679,1.0494591,0.30491853,-0.17125124,1.532984,1.3001972,1.009522,1.0795785,-0.004495632,0.13504335,0.40320542,0.3335867,1.1878319,-0.036767673,0.5804421,0.45621654,1.252711,1.8134279,-0.03520405,0.60449994,0.5557132,-0.059456993,-0.14646977,0.19548193,-0.034051053,-0.21114595,-0.04467417,1.6673186,-0.04234781,-0.008009871,-0.0015879223,-0.06335245,1.0824373,-0.18534379,0.86249346,-0.041118424,1.6918838,0.7028224,0.29025006,-0.004569839,0.1427995,0.5758981,-0.0036195212,-0.15067542,1.194814,1.565482,-0.00087026134,1.0899558,0.91178787,-0.051214,-0.081947565,0.15045264,-0.05684966,1.7614077,-0.20606391,-0.011670427,-0.021202097,0.61918706,1.2090808,-0.012665342,0.21643952,-0.042468965,-0.13793926
TCGA-A6-6141,-0.017155647,0.2959383,1.2960937,0.5102188,-0.24284558,1.7380868,1.7852361,0.887585,0.20157735,-0.02298356,0.6579313,0.13279013,0.2794888,0.9233001,-0.018848175,0.56613433,-0.01569269,1.7589211,1.8710159,-0.00788521,0.7012883,0.52456695,-0.0500467,-0.16761047,1.3501086,0.041203402,-0.16251363,-0.004301124,1.9776615,-0.014680977,0.4044641,0.2146839,0.33426788,1.4120272,-0.102244675,0.52794635,-0.06176395,2.1180763,0.20128086,0.21137798,-0.0168005,0.18147135,0.6979267,0.48554695,-0.13366656,1.2334206,1.7397816,0.04726082,0.20385846,0.18177772,-0.07970334,-0.14648695,0.22345223,-0.06562201,1.6945461,-0.26299843,0.04282055,-0.037574213,0.72333527,1.2841835,-0.0788606,0.16820641,-0.033602707,-0.20457077
TCGA-A6-6142,-0.007657004,0.016225807,1.0257419,0.3248719,-0.122026086,1.2792206,1.0788362,0.82423353,0.28128558,-0.025274072,0.24761912,0.34686744,0.0888982,0.4335666,-0.018603299,0.052883558,0.014937844,1.2361269,1.7423156,-0.040756777,0.51968694,0.51534015,-0.027184537,-0.05224209,-0.0012269017,-0.027059225,-0.13884364,-0.008644235,1.679421,-0.00579937,0.04505257,0.26190302,0.34257573,0.79002655,-0.12138716,0.6228995,-0.009956489,1.6328934,-0.005209922,-0.0030768847,-0.04238459,1.2394378,0.6406669,0.012805551,-0.10457128,1.0644944,1.3895198,0.05674018,0.4278459,0.82440716,-0.09660681,-0.09935521,0.4455208,-0.053323414,1.2891393,-0.19744043,-0.033556733,-0.031409685,1.09449,0.87259424,-0.043291412,-0.015412864,-0.02800765,-0.10188048
TCGA-A6-6648,-0.0143356025,-0.016781412,0.96514213,0.5536217,-0.12841047,1.4419577,1.1883878,1.1454289,1.0996469,-0.027916435,0.42663988,0.4531719,0.08293048,0.9980202,-0.044522002,0.6713908,0.17700292,1.172021,1.7480139,-0.040396247,0.8756936,1.0474483,-0.045393415,-0.12689571,0.5915265,-0.023180343,-0.16314946,-0.034982193,1.7891326,-0.015746519,0.03618821,0.29239088,-0.027134055,0.8433405,-0.14585818,0.8113981,-0.04866631,1.7465994,0.45941806,0.26991972,-0.0023227641,0.5234962,0.67790514,-0.0065384596,-0.10020574,1.1747078,1.5844506,-0.020141065,0.8391845,0.88485295,-0.08370959,-0.07195323,0.1349858,-0.07546149,1.7872411,-0.2057575,-0.026806189,-0.019004567,0.8534709,1.0038388,-0.021736678,-0.0067752483,-0.061314117,-0.13758491
TCGA-A6-6649,-0.032550465,0.29442096,1.8515241,0.3282649,-0.36474183,2.50559,2.5835118,1.1145539,0.53537524,-0.051823575,0.15063214,0.7570176,0.3063396,1.5805013,-0.057643455,0.28523043,-0.011239934,2.450086,2.6549764,-0.003959623,0.76146674,0.5839425,-0.09689113,-0.25692663,0.9856731,-0.023751264,-0.30685923,-0.053455424,2.3955858,-0.045193113,0.6224504,0.1418985,0.07368661,1.7561893,-0.17863373,0.77241737,-0.034329183,2.5880973,0.3247915,0.5347607,-0.017263485,-0.019267203,1.1517664,1.0729403,-0.1853096,1.758232,2.2719786,0.039944276,0.32085907,0.2215935,-0.10673565,-0.17018962,-0.0069961683,-0.07444089,2.2770977,-0.39844725,0.03126534,-0.065444455,0.21778834,1.7387372,-0.1152329,0.3179539,-0.03260896,-0.2528515
TCGA-A6-6650,-0.032531854,0.3302409,1.5237736,0.4951375,-0.22232111,1.6765099,1.9595988,0.84364676,0.50398475,-0.020337345,0.19089726,0.40030527,0.49053434,0.7730633,-0.04284309,0.38688537,-0.08456614,2.4448783,2.4489996,-0.019664206,0.73113203,-0.011560584,-0.0683246,-0.13399974,1.2237629,0.4857309,-0.2476342,0.7264612,1.7716165,-0.023216315,0.45419687,0.5480175,0.712172,1.010564,-0.16612785,0.43559355,-0.010356272,2.5188203,0.43590063,0.3092302,-0.040395215,1.391415,0.5595793,1.324534,-0.15804414,1.4855,2.0107667,0.5319839,0.50294477,0.36957526,-0.09012105,-0.13579257,0.22439426,-0.040638946,2.3098974,-0.2977242,-0.016425349,-0.048741646,0.96098363,1.4772784,-0.07632099,0.020270433,-0.045162663,-0.20915042
TCGA-A6-6651,-0.02128504,-8.038096e-05,1.3902811,0.75576824,-0.19232933,1.8801916,1.5643864,0.93223256,0.92361176,-0.038340103,0.42927566,0.5775068,0.13038845,0.959229,-0.018925754,0.43653914,0.2799856,1.4381382,2.2039824,-0.032760058,0.68694025,0.73307717,-0.054494333,-0.08749822,-0.009382907,-0.019973567,-0.21908267,-0.034861192,2.1840422,-0.0066478895,0.055250574,0.20847192,0.24906561,1.4116554,-0.21689598,1.1978772,-0.02392534,2.0038693,0.36534172,0.108462855,-0.023564676,0.7426839,0.84354925,0.3719824,-0.14979188,1.57377,1.8491304,0.07113424,0.46614414,0.88084936,-0.10048475,-0.13938463,0.4526524,-0.076327026,2.0414357,-0.28823587,-0.04884271,-0.051325686,1.9185988,1.3410759,-0.04177575,0.12920888,-0.039301734,-0.18481104
TCGA-A6-6652,0.10867555,-0.0078032548,1.5894246,0.34861937,-0.2521102,2.1606333,2.0901384,1.1799407,1.2614574,-0.03375451,0.65017104,0.5856331,0.37797895,1.1456655,-0.024327645,0.53394544,-0.0061740456,1.9873085,2.251755,-0.06934366,0.86846817,0.7176008,-0.069710076,-0.19021194,1.1890008,-0.03774929,-0.23856346,0.028127816,2.3718288,-0.026626388,0.46129537,0.4249046,-0.023561755,1.2084885,-0.14937283,0.72261924,-0.049441356,2.523862,0.42999285,0.28038177,-0.03213874,1.3135852,1.220766,0.71162105,-0.17543533,1.895051,2.1045203,0.17527936,1.6717632,0.7597961,-0.09338788,-0.11381926,0.045413055,-0.07993858,2.2196693,-0.3258576,-0.09170857,-0.039333276,0.7623367,1.6926148,-0.1069326,0.13888481,-0.032340255,-0.21857539
TCGA-A6-6653,-0.06098224,0.65011495,2.9369078,0.30808777,-0.568614,3.1260493,3.8672757,0.6852095,0.9844973,-0.07722809,0.17491683,1.3498845,0.8154884,1.81939,-0.0554398,0.38199356,-0.075624935,3.9192274,4.02895,0.04326658,1.2556251,0.6203478,-0.16400494,-0.27591237,1.1583754,-0.031056171,-0.4801096,-0.03179271,3.1618025,-0.043446865,0.9764808,0.90250653,0.4148794,2.349842,-0.27899143,0.73026067,-0.04595434,3.8059428,0.44935128,0.82781166,-0.07839084,0.27488583,1.3209732,2.9257126,-0.2627045,2.465689,3.2284656,0.60891867,0.4127608,0.34022564,-0.16678327,-0.23042825,-0.0054763067,-0.13717245,3.084988,-0.61979437,-0.0031053387,-0.12923984,0.9899531,2.3835137,-0.15368724,0.27050358,-0.05024906,-0.39018625
TCGA-A6-6654,-0.029063964,0.24915908,1.669435,0.4359852,-0.2621051,2.0314972,2.1898246,1.1597826,0.3105635,-0.037692185,-0.0069237747,0.38403586,0.17113392,0.9529375,-0.03345431,0.15173012,-0.01739624,2.1233299,2.70137,-0.014693387,0.8630099,0.839934,-0.06056189,-0.14910011,0.563314,0.0076314043,-0.22222137,-0.013518514,2.4222984,-0.020121997,0.26023844,0.3668693,0.2007648,1.4867383,-0.20293169,0.9200013,-0.018751226,2.6612942,0.10133581,0.33459303,-0.027924193,0.74519944,0.79963166,0.90457326,-0.16472591,1.7992254,2.2700253,-0.005572431,0.705754,0.3941898,-0.12148034,-0.17900299,0.17133512,-0.078564495,2.2912316,-0.34671858,-0.02493543,-0.056546647,1.3190066,1.4309624,-0.061463248,0.14924519,-0.058213133,-0.21974981
TCGA-A6-6780,-0.062086113,0.2836278,2.0341964,0.008424866,-0.36231303,2.0279753,2.516814,0.5559089,0.77116543,-0.039479308,0.98617786,0.54958516,0.60562456,1.1534512,-0.042708647,0.30017513,-0.06769436,2.5929525,2.6873438,-0.009515624,0.8277458,1.0168399,-0.10217827,-0.22565989,1.2527609,-0.015735863,-0.3281484,0.28425014,2.421187,-0.019074934,0.5983575,0.4866352,0.39982894,1.4426899,-0.18315655,0.4633634,-0.048840243,2.8213634,0.29151487,0.6084043,-0.019362306,0.40084678,0.7142218,1.9836311,-0.16957958,1.8972936,2.4199827,0.43473822,0.56949496,0.15243524,-0.10363282,-0.15161322,-0.013115232,-0.10195042,2.3021152,-0.41002688,-0.024804296,-0.062633924,0.7688242,1.7510631,-0.10000451,-0.009279647,-0.024433399,-0.28038746
TCGA-A6-6781,-0.0105180675,0.10260327,1.3403803,0.6114109,-0.25173,1.9356881,1.7524595,1.0504788,0.4778372,-0.031219458,0.4938965,0.37280303,0.24182937,1.3234577,-0.045004103,0.42340142,-0.018640995,1.8693762,2.2149363,-0.026986936,0.56151855,0.93082565,-0.064415805,-0.18517408,0.6705094,-0.0047300532,-0.21708691,-0.027911637,2.1955187,-0.025235245,0.15274163,0.12214824,0.17217493,1.7101821,-0.17667413,0.76402414,-0.019689031,2.054987,0.25971255,0.14869353,-0.02282338,0.1846666,0.8038697,0.27735215,-0.14057435,1.4217142,1.7116661,-0.0047788257,0.055962764,0.38611275,-0.07847616,-0.14366652,0.092711955,-0.06664988,2.049578,-0.2847943,-0.011355056,-0.05219009,0.9272736,1.3537413,-0.06530382,0.07998322,-0.03161518,-0.2194604
TCGA-A6-6782,-0.019943446,0.096260995,1.3404226,0.3735072,-0.19902246,1.7686819,1.7589965,0.7714298,0.9489306,-0.03554423,0.43903065,0.45427415,0.26204285,0.94457185,-0.056930345,0.68152237,-0.010693311,1.7953017,2.0934582,-0.052565735,0.62273884,0.5005538,-0.056527328,-0.15735477,1.3460469,0.08895954,-0.22426799,0.24371812,1.9905895,-0.023528757,0.6111676,0.25315756,0.044040628,1.148536,-0.13604909,0.76420075,-0.023550777,2.3534331,0.32476035,0.22521833,-0.044542417,0.66483104,0.7546199,0.69290185,-0.16064273,1.5301596,1.6462384,0.09664432,0.69263214,0.7983914,-0.081182934,-0.09872598,-0.0008188203,-0.07880422,1.8143413,-0.24877575,-0.02431773,-0.041779023,0.6185988,1.3962679,-0.040549096,0.22995296,-0.012221147,-0.17950138
TCGA-A6-A565,-0.014366648,0.16308607,1.1197374,0.7016389,-0.1853837,1.6595352,1.4419111,1.2325549,-0.018187193,-0.042919423,0.030411951,0.2927686,0.26149836,0.73340833,0.07185472,0.17089355,0.13517012,1.5136948,2.1275387,-0.022784442,0.6010895,0.5034614,-0.050105628,-0.049560774,-0.019420853,-0.012146184,-0.14523122,-0.037029944,2.1281855,-0.002426314,0.09070024,0.21409106,0.38097316,1.4049178,-0.20448099,1.1196406,-0.011981565,1.893977,0.37062523,-0.0002145596,-0.02409459,0.6498974,0.6156122,-0.01365413,-0.11183893,1.1327063,1.6986202,-0.027237201,-0.01806933,0.36843216,-0.102243125,-0.16800974,0.4592946,-0.06041153,1.8473994,-0.26825663,-0.030858427,-0.039585754,1.7300166,1.1003065,-0.040318977,0.17624065,-0.053023506,-0.17462781
TCGA-A6-A566,-0.036182646,0.08785799,1.8828572,0.34058842,-0.37575144,2.3001604,2.6006215,0.55641145,0.2727997,-0.036181834,0.38052174,0.47757357,0.2799749,0.75884837,-0.012675409,0.0096239075,-0.063878186,2.603836,2.9311159,-0.021124717,0.7841874,1.0373183,-0.10028913,-0.1475745,0.56633687,-0.043041527,-0.31219742,0.09837352,2.687732,-0.015604322,0.6712927,0.65447503,0.75371486,1.7047882,-0.20645396,0.7405888,-0.023809144,2.8109,0.011238501,0.33655864,-0.036095437,1.0735232,1.0714718,1.852908,-0.19362892,1.9987241,2.4996488,0.46266818,0.20659049,0.8592627,-0.14041395,-0.20338698,0.25156987,-0.08756979,2.425485,-0.42461187,-0.038064588,-0.08614039,1.4371004,1.6583245,-0.1171091,0.021574784,-0.046616837,-0.26454017
TCGA-A6-A567,0.16455442,-0.021467926,0.9641862,0.2291899,-0.13507006,1.305523,1.0551807,1.1468364,0.7472435,-0.030463776,0.38918042,0.1583983,0.061204404,0.8032957,-0.032901995,0.20558983,0.06407982,1.2727561,1.5666479,-0.03229056,0.6006164,0.648511,-0.033568498,-0.11850554,0.65360755,-0.010820373,-0.16057616,-0.028250828,1.5058404,-0.03480008,0.22492829,0.17500879,0.035396747,0.70174575,-0.085946396,0.55602616,-0.059579015,1.553393,-0.004881916,0.12320903,-0.017987404,0.7833276,0.50914794,-0.004253793,-0.107723586,0.99097055,1.40778,-0.017863018,0.6444885,0.5382739,-0.07311431,-0.079452455,0.11536306,-0.031951513,1.352859,-0.16511993,-0.025562618,-0.014610841,0.42433304,0.9266156,-0.037968677,0.14092347,-0.03731983,-0.12392106
TCGA-A6-A56B,-0.04722194,-0.013270075,2.2088294,0.66432345,-0.3458363,2.4093823,2.515361,1.1467535,1.4783499,-0.028099535,0.95822614,0.43787768,0.366551,1.5975069,-0.07021956,0.55162424,-0.05015412,2.6503701,3.178591,-0.031193925,0.7827346,0.67013305,-0.09206877,-0.2937667,1.4788868,0.00781266,-0.34206074,0.12353746,2.4865701,-0.051495608,0.41190276,0.25046656,0.08945001,1.5640206,-0.2047631,0.50360966,-0.040597785,2.9129267,0.27805427,0.6104414,-0.032217257,0.8254521,1.2650334,1.2857634,-0.2223728,2.0403736,2.6254158,0.12067199,1.3904057,0.65519845,-0.099864155,-0.15923265,-0.01607646,-0.09822248,2.6728494,-0.39076665,-0.05997299,-0.050219893,0.46221834,2.2229652,-0.11649837,0.58455837,-0.032022722,-0.29351863
TCGA-A6-A5ZU,-0.009987491,-0.0034813664,1.5005164,0.15631747,-0.21792232,1.2708532,1.379156,0.5323643,0.5665868,-0.045237508,0.6155772,0.34496668,0.21372975,1.0733416,-0.032218855,0.4205251,-0.0007275101,1.6827115,2.1081119,-0.033509616,0.51601523,1.1241609,-0.03790793,-0.11908873,0.61954314,-0.017315235,-0.21461444,-0.020375185,1.8419955,-0.038592514,0.036984276,-0.025382677,-0.012787891,0.88412535,-0.10540022,0.40022132,-0.031222,1.9924848,-0.004032322,0.5855015,-0.019119237,0.46048266,0.69907385,0.62214404,-0.15575506,1.5804211,1.7492272,0.2178209,1.3893874,0.41861936,-0.086032115,-0.10994389,-0.022409946,-0.042299114,1.8881389,-0.23603177,-0.06787949,-0.08360954,0.8721058,1.2503573,-0.049995665,0.12542081,-0.007589835,-0.19721346
TCGA-AA-3488,-0.049045127,0.16315664,1.5868881,0.5628237,-0.23438752,1.6453879,2.1233053,1.4372306,0.47324938,-0.0034271383,0.6144366,0.5032841,0.41381946,1.2748141,-0.013842191,0.63360643,-0.033456247,2.1439285,2.2556288,-0.012369878,0.7824748,-0.0053426474,-0.097412586,-0.28235197,1.5091195,0.25298846,-0.2756906,-0.010233338,1.8242718,-0.014593258,0.22233282,0.14054562,0.12994847,0.9077227,-0.08640684,0.31355393,-0.026631532,1.955238,0.276666,0.3457785,-0.051435705,0.37411755,0.9092888,0.8402307,-0.15800421,1.4678218,1.6299641,0.32586753,0.86630803,0.9436534,-0.08481049,-0.1140908,-0.00041362643,-0.055838224,1.886184,-0.2545299,0.19223161,-0.062429156,-0.020126073,1.5541912,-0.064736545,0.27260065,-0.041045126,-0.18682465
TCGA-AA-3489,-0.03754144,0.029775187,1.2816498,0.5066088,-0.19777526,1.84603,1.6055518,1.4396938,0.30136132,-0.035268877,0.32107458,0.21069573,0.24622028,1.0546039,-0.023311896,0.4097618,0.06180865,1.7589746,2.0583742,-0.027106205,0.5659726,0.9531321,-0.057959408,-0.18662693,0.83880687,0.13024823,-0.17633991,-0.025302127,1.9951303,-0.041226294,0.19701195,0.12504235,0.047619417,1.3504047,-0.13723145,0.7881919,-0.019820662,2.2218168,0.16367942,0.18363936,-0.016267337,0.25829256,0.7410791,0.15911001,-0.13688262,1.3552791,1.741708,-0.03069197,0.41077822,0.26424074,-0.07804561,-0.12338092,-6.526113e-05,-0.060392927,1.6475915,-0.27555436,-0.0023504384,-0.050932176,0.644407,1.3330507,-0.044519156,0.21746492,-0.03478768,-0.19181228
TCGA-AA-3494,0.0478386,0.23401113,0.84948003,0.5365063,-0.14565471,1.2495341,1.2073996,0.9327047,0.8552755,-0.009768726,0.737138,0.08262499,0.16357203,0.8286135,-0.03599089,0.45767352,-0.00484559,1.3555195,1.6072297,-0.055350285,0.4748318,0.68866056,-0.03249119,-0.12579285,0.79784685,-0.022862172,-0.17785504,-0.022235714,1.7434328,-0.02684457,0.21659297,0.43301174,-0.035895336,0.84532416,-0.08672788,0.63823146,-0.06921815,1.4994726,-0.0013603705,-0.017873598,-0.021527197,0.8498752,0.5045269,0.045700546,-0.12062182,1.094068,1.1801633,0.486763,0.7042615,1.0703554,-0.08103026,-0.070346296,0.28898975,-0.059518453,1.3750329,-0.17426892,-0.013592134,-0.0059515852,0.6176127,1.2202832,-0.045057204,-0.00038500756,-0.03991448,-0.12984306
TCGA-AA-3495,-0.0457494,0.3451745,1.8125209,0.579558,-0.30784124,2.058618,2.0723693,1.2776757,0.8422025,-0.03634837,0.4448178,0.59796125,0.52541286,1.2124343,-0.042022727,0.57784474,-0.04878631,2.300275,2.5971127,-0.03325942,0.8334247,0.64823,-0.09026577,-0.2313355,1.5715579,-0.0250052,-0.29915488,0.1458562,2.2832365,-0.044360843,0.7412877,0.23646258,0.097672366,1.3208702,-0.157838,0.82897156,-0.03918883,2.5367053,0.14417017,0.65489876,-0.01839159,0.79650635,0.9654228,1.3137449,-0.18473187,1.7792203,2.084434,0.37601846,1.1011169,0.39846653,-0.116376795,-0.14147444,-0.0026913972,-0.083721094,2.3822105,-0.34850663,-0.023820916,-0.06748819,0.59332436,1.7273033,-0.0896603,0.24526644,-0.054951616,-0.2434901
TCGA-AA-3496,-0.030670533,-0.009048747,1.8390343,0.38387552,-0.30082855,2.06139,2.1823235,0.332247,0.87575257,-0.038966946,0.5555244,0.50050986,0.45450562,0.92668843,-0.03496215,0.18453136,-0.046568394,2.1163452,2.4280834,-0.037297107,0.60712594,0.7781402,-0.079379775,-0.1548612,0.97668386,-0.025523234,-0.29557157,0.1331035,2.1886427,-0.017859986,0.43160123,0.32943094,0.36004543,1.2133209,-0.17447011,0.7299752,-0.035672534,2.611211,0.41006148,0.5121553,-0.031644765,0.90073884,0.92351323,1.7540971,-0.19509904,1.9726789,2.2059126,0.3005966,1.1413035,0.58987755,-0.10922549,-0.15183796,0.06448255,-0.07871688,2.3257802,-0.35412824,-0.04332817,-0.0750226,1.4518038,1.5951163,-0.059921063,0.33012712,-0.032371636,-0.21722277
TCGA-AA-3502,-0.045937035,0.0014095828,1.9121946,0.47723362,-0.3199098,1.611589,2.3687515,-0.006813839,0.5010459,-0.003859084,0.77414393,0.5418715,0.09144556,0.680065,-0.08151652,0.70479614,-0.083960444,2.2252057,2.046486,-0.026918996,0.9081072,0.508848,-0.064336754,-0.19290455,2.6750882,-0.0057986937,-0.3176419,0.2740205,2.1626,-0.027295193,1.080732,0.24338903,-0.015607014,1.0528241,-0.056808125,0.00195238,-0.03281122,2.66177,0.3930878,0.6172827,-0.012647854,0.6238282,1.0879471,2.2019942,-0.18345319,1.8485779,1.9829587,1.1970572,0.52779573,0.61724335,-0.066941455,-0.13436782,-0.020293577,-0.098075934,2.1166716,-0.29134974,0.16834642,-0.08332317,0.5013898,1.5048614,-0.11423502,0.30322963,-0.013829124,-0.25989354
TCGA-AA-3506,-0.0028381608,0.02189371,1.3927568,0.2350919,-0.2335993,1.694987,1.6755209,0.7377572,0.13472003,-0.059181005,0.4352551,0.47574094,0.25491235,0.501698,-0.042406347,0.35135207,-0.061741382,1.836938,1.8384575,-0.04643515,0.5510157,0.79558307,-0.0674194,-0.14635424,1.2611482,0.030384047,-0.20236695,0.14317125,1.9014937,-0.009771842,0.52414155,0.35931242,0.19752447,1.126795,-0.058309626,0.54662603,-0.03959445,2.2008092,-0.010759718,0.33027166,-0.015157292,0.53564703,0.7208206,1.0451025,-0.13764004,1.4166808,1.5373503,0.2431518,0.48461115,0.5609668,-0.073151305,-0.10617969,-0.026580757,-0.08434248,1.816946,-0.2734621,-0.036263164,-0.058347136,0.28784794,1.4088207,-0.094845824,0.16396011,-0.05195735,-0.186567
TCGA-AA-3509,-0.012286468,0.05148477,1.4444343,0.9059159,-0.20357178,1.792299,2.04967,1.0174242,0.73226416,-0.003761662,-0.042004697,0.3796914,0.13896082,1.0243818,-0.038291227,0.46435276,-0.012941982,1.7352238,2.551436,-0.04221874,0.7365493,0.13565382,-0.06903895,-0.15715224,0.62386096,-0.009076925,-0.23352754,0.27310127,2.2002373,-0.056307085,0.4220304,0.33047667,0.52254707,1.1083453,-0.18775587,0.43099126,-0.002312118,2.217067,0.6536956,0.3571462,-0.03327815,0.63574743,1.0210209,1.2165009,-0.16545917,1.5200971,2.060312,0.44265258,0.7456289,0.50068116,-0.08195728,-0.12402936,0.15609474,-0.05088665,1.9368929,-0.32761297,-0.016888186,-0.040099565,1.2325978,1.3024988,-0.072787605,0.26086414,-0.018565921,-0.18335117
TCGA-AA-3510,-0.034141,0.013689034,1.3031414,0.5703737,-0.21973658,1.8814555,1.8466872,1.5768573,0.6075139,-0.05846432,0.66664034,0.45749202,0.5784327,1.0555999,-0.024186198,0.713118,0.039424364,2.0073578,2.0807106,-0.01880809,0.7278102,0.7089483,-0.085542284,-0.18360482,0.9770403,0.096717075,-0.21998473,-0.017181354,2.2009974,-0.039895456,0.37785113,0.18922456,0.13010009,1.4351267,-0.15596016,0.7461823,-0.049828798,2.3992226,0.34045634,0.28645587,-0.0153715415,0.5512174,0.62535983,0.18300998,-0.13457255,1.4954692,1.9250932,-0.024497576,0.1780889,0.30353218,-0.09577749,-0.13635762,-0.010771953,-0.07467755,1.9861436,-0.30976042,-0.03776573,-0.036989193,0.19345286,1.4172136,-0.06258689,0.025439892,-0.057875592,-0.21080433
TCGA-AA-3511,-0.024123957,0.14553134,1.341083,0.4357888,-0.1969797,1.6449752,1.6766791,1.2135142,0.65713346,-0.037420705,0.7825844,0.54986185,0.30251715,0.772025,-0.017532745,0.37533864,-0.0011605781,1.8827422,1.851273,-0.05853004,0.7628076,0.5623018,-0.051770847,-0.17313458,1.0418855,-0.009349535,-0.21668863,-0.004594795,1.986292,-0.025136543,0.45345366,0.17500482,-0.015985081,1.1790539,-0.10763015,0.6804983,-0.029410277,1.85411,-0.013874838,0.14429714,-0.010284001,0.67206717,0.8004627,0.36424685,-0.13163601,1.4086158,1.5690764,0.064989924,0.32018006,1.0386219,-0.06331655,-0.12031604,0.15818691,-0.07181834,1.7058417,-0.24944161,-0.049969114,-0.032784276,0.25902328,1.5138185,-0.06340269,-0.005697887,-0.026969349,-0.15373802
TCGA-AA-3655,-0.04626115,0.5659056,1.3955775,0.5093761,-0.24606231,1.6104937,1.7516298,1.2109284,0.6138803,-0.032912713,0.35063955,0.3332552,0.22691132,0.95448494,-0.06113371,0.96464854,0.035916943,1.9797044,2.2428143,-0.044233736,0.63075733,-0.0016834851,-0.058850236,-0.18803053,1.6246891,0.12770373,-0.22938049,-0.013007611,1.5491958,-0.04061517,0.40631667,0.48684424,0.13709828,1.0869316,-0.12982123,0.56175774,-0.037350696,2.2021446,0.41485876,0.101286665,-0.019948691,0.5006019,0.7615805,0.46008503,-0.13938689,1.2184113,1.72727,0.25678238,0.30564344,0.3485771,-0.08562053,-0.11841673,-0.02971226,-0.031789917,1.7273957,-0.28584763,0.0068590613,-0.06708942,0.3865361,1.64177,-0.07986642,0.22369996,-0.014937088,-0.1738988
TCGA-AA-3660,-0.025837919,0.29029685,1.7326688,0.52261037,-0.30317757,2.1058586,2.436947,0.6965981,0.8406646,-0.02104406,0.36805934,0.7738147,0.6860417,0.85980105,-0.030841568,0.27356744,-0.062238075,2.7217448,3.0926642,-0.02961786,0.44917777,0.25781137,-0.061408818,-0.1608149,0.65631646,0.24358803,-0.32144284,0.23326385,2.2766373,-0.018742621,0.41355348,0.61407626,0.17807123,1.1881727,-0.22091165,0.5498689,-0.0040753633,2.7328174,0.5835125,0.38318875,-0.06488405,1.0352361,0.8628702,1.7837412,-0.19212528,1.930522,2.0658014,0.47276247,1.3778278,0.6930106,-0.13883875,-0.16244435,-0.0013142572,-0.087399065,2.6233683,-0.42513853,-0.0267053,-0.088337384,1.4700834,1.676648,-0.09008857,-0.020528814,-0.016157722,-0.22281949
TCGA-AA-3662,-0.034311906,0.07657735,1.4203345,0.67145425,-0.17761841,1.3860239,1.4568349,0.40730813,0.032150526,-0.030638492,0.17681327,0.18426956,0.06892183,0.3409717,-0.012621659,-0.0020320246,-0.0363291,1.5503557,2.0659935,-0.028486067,0.5133135,-0.006922159,-0.03370688,-0.09564182,0.6398866,-0.0037318598,-0.16341227,0.085950226,1.6600714,-0.036281444,0.39987725,0.6030464,0.49070105,0.5834057,-0.1228537,0.4562466,-0.0134948315,1.962285,0.02064703,0.33987004,-0.034367114,0.8088744,0.78509504,0.8010674,-0.13741589,1.1112393,1.6588037,0.08814029,0.68064463,0.7712179,-0.11581866,-0.13241458,0.068861276,-0.049003493,1.6173959,-0.26122257,-0.019579733,-0.047843378,1.0994624,1.0909903,-0.0621431,-0.02971816,-0.01861474,-0.15031807
TCGA-AA-3663,-0.030282041,0.3689105,2.233489,-0.0014826288,-0.37954646,1.951458,2.6784174,0.14206156,0.74815744,-0.02580379,1.3346261,0.89783764,0.40463233,1.1964068,-0.033927865,0.44249776,-0.07127426,2.7103732,2.5556643,-0.02922742,0.79300904,0.7782869,-0.08337631,-0.18921818,1.1316715,-0.020775527,-0.3627604,-0.01797217,2.5726137,-0.011277588,0.64761525,0.38450688,0.25645357,1.98686,-0.14692858,0.54364836,-0.046373874,2.7330096,0.19393833,0.66016096,-0.013704687,0.6841545,1.3154764,1.6934388,-0.15662543,2.099087,2.4779086,0.49176627,0.008207642,1.1205679,-0.1025031,-0.20695825,-0.010206036,-0.074659474,2.4069204,-0.39560065,-0.07431199,-0.08827502,0.79185647,1.6376612,-0.09791924,0.3083886,-0.029071985,-0.24432014
TCGA-AA-3697,-0.02777722,0.11298506,1.1723282,0.47689775,-0.15534656,1.3919458,1.3057911,0.8664233,1.3553286,-0.009620215,0.35580492,0.49090585,0.37573063,0.7935778,-0.010308223,0.6309037,-0.013749835,1.3841193,1.8595409,-0.04865341,0.6187708,0.55737585,-0.06430157,-0.14455882,0.6117348,0.10781287,-0.21547894,-0.010736329,1.7704264,-0.015231945,0.3687333,0.24350919,-0.014612383,0.7314749,-0.15650304,0.69039065,-0.049500585,1.8568077,0.6345708,-0.012731529,-0.017443778,0.5796722,0.6646707,0.6399511,-0.12849055,1.3179618,1.2948294,0.25264138,1.1029454,1.528133,-0.04974503,-0.0502077,-0.0179255,-0.05418358,1.5076123,-0.22681998,-0.04096744,-0.011809009,0.19703174,1.0123676,-0.04479215,0.08538553,-0.052206993,-0.11471619
TCGA-AA-3713,-0.028286919,0.07677707,1.5397098,-0.012578336,-0.3050539,1.659779,1.9638264,0.03656372,0.41727144,-0.031321794,0.49032208,0.4163141,0.27516198,0.35646346,-0.033579025,0.0653036,-0.031814296,1.8651769,2.1377738,-0.026939182,0.5553939,0.6487822,-0.068717524,-0.11775954,0.5558951,-0.036734525,-0.2494313,-0.010021134,2.031705,-0.0025561375,0.39819354,0.21394718,0.21934389,1.2991217,-0.09967426,0.48467913,-0.0428751,2.0130384,0.020277467,0.2748896,-0.01856398,0.27579728,0.67500037,1.4193836,-0.13003507,1.4912132,1.7595651,0.43939096,-0.01432241,0.96360666,-0.068186186,-0.11876847,-0.0091987215,-0.0746296,1.6848072,-0.31552032,-0.020557962,-0.058141977,0.425857,1.2002221,-0.08891796,0.19047102,-0.023207154,-0.20319402
TCGA-AD-5900,-0.02708735,0.40301526,1.9273251,-0.0033048627,-0.42810532,2.5189579,2.9320645,0.7285273,0.8621723,-0.05912267,0.29814038,0.65907335,0.40999657,1.4008839,-0.039048176,-0.0002936341,-0.030323226,2.836786,3.126104,-0.0066126995,0.75929,0.96772754,-0.104106486,-0.21696065,0.54677653,-0.046873003,-0.3529217,-0.026778609,2.6174884,-0.03830899,0.42880502,0.47148803,0.20490393,2.026528,-0.21022473,0.8478375,-0.050426167,2.9384527,0.05478516,0.44984037,-0.032328084,0.19988802,1.049771,1.7441351,-0.20142834,1.9125788,2.6668885,0.17554288,0.3667758,0.43779624,-0.12943965,-0.16482045,0.078045845,-0.1012304,2.5762951,-0.45160183,-0.009091847,-0.08614467,0.78364116,1.9758868,-0.11427146,0.33658725,-0.036044788,-0.30695078
TCGA-AD-6548,-0.049644068,-0.004051617,1.7748686,0.18996114,-0.2844268,1.9823757,1.9771054,0.6428203,0.47465324,-0.029750442,0.6809393,0.39818922,0.5481957,0.524727,-0.025466556,-0.008912591,-0.044750568,2.138985,2.6098738,-0.022072418,0.75702053,0.7705564,-0.071640655,-0.08790996,0.55102783,-0.03017943,-0.25131774,0.17881146,2.5067444,-0.015102997,0.5540775,0.48557627,0.30641034,1.3350893,-0.17244726,0.7216089,-0.02572154,2.597249,0.18142115,0.3098876,-0.04034243,1.0637321,0.9929448,1.4841352,-0.16935603,1.8282374,2.1741374,0.39228785,0.66908616,0.95175385,-0.12001189,-0.1402311,0.027257826,-0.08276771,2.1681736,-0.35700148,-0.04994064,-0.08343298,1.4582729,1.4321972,-0.090774395,0.089598775,-0.037566923,-0.21797256
TCGA-AD-6888,-0.008737947,-0.020284673,1.3486098,0.3962264,-0.18531758,1.6860994,1.4762063,1.0977453,0.86722493,-0.0418293,0.75922954,0.26002565,0.2922819,0.85944027,-0.038021896,0.5062684,-0.022849152,1.5950477,1.8896428,-0.04833364,0.5406889,0.7009552,-0.052068215,-0.15001844,0.8683924,-0.020423947,-0.21236436,-0.022196162,1.7391242,-0.021403048,0.2564625,0.31874523,-0.008240863,0.9609332,-0.087537505,0.5195689,-0.033608373,2.044641,0.21179898,0.14057958,-0.013837297,1.006769,0.81795114,0.8805921,-0.12802923,1.3514024,1.6590252,0.07470916,0.97616017,0.8563001,-0.07494771,-0.08166957,-0.010703724,-0.061514653,1.6902983,-0.24096327,-0.061865743,-0.020265168,0.5516806,1.3488628,-0.060004186,0.14739126,-0.04950015,-0.14437972
TCGA-AD-6889,-0.07429924,0.59081674,2.7612908,0.25618804,-0.57930726,3.1220992,3.9116619,0.7063414,1.1632226,-0.07192227,0.466674,1.1301893,0.41583502,1.9990191,-0.04317692,0.31769732,-0.07074689,3.9568348,3.81613,0.23619108,1.2584616,0.46152315,-0.18586668,-0.3132865,1.379485,-0.035000492,-0.5123441,-0.004604561,3.1170151,-0.05242303,0.83484536,0.6884547,0.5208693,2.3023639,-0.24349701,0.8227312,-0.051555615,3.6771517,0.4495318,0.88827074,-0.07062943,0.116016,1.4128394,3.0685527,-0.2889606,2.596525,3.1686924,0.69856596,0.91809565,0.29788336,-0.14253502,-0.22573714,-0.03547992,-0.12916139,3.2304149,-0.5801329,-0.011985638,-0.13817212,0.39618802,2.4781299,-0.17501704,0.352049,-0.024627266,-0.42145944
TCGA-AD-6890,-0.03747735,0.08794491,1.1514556,0.3277711,-0.15607302,1.6678283,1.6676373,1.1351496,0.38077667,-0.048614483,0.20230833,0.34382185,0.38229915,0.9654381,-0.01586216,0.62278867,-0.006083312,1.689225,1.6877501,-0.037328057,0.6927051,0.87351793,-0.0419642,-0.21148172,1.4996976,0.4286626,-0.19454724,0.1474855,1.7187554,-0.023142746,0.42696804,0.15280984,0.27742612,0.9155126,-0.102047734,0.54157,-0.06793384,2.1200702,0.1067239,0.30738387,-0.03021777,0.407736,0.6008286,0.61422694,-0.11220346,1.2374648,1.6747917,0.087482765,0.74580085,0.27021927,-0.0656852,-0.10062041,-0.016283251,-0.056014385,1.631596,-0.23647979,0.029675595,-0.049179118,0.29301456,1.3423427,-0.06446922,-0.0027274755,-0.0392867,-0.16926503
TCGA-AD-6895,-0.04166798,0.2537017,1.7888498,0.2522997,-0.40607625,2.4138837,2.7082605,0.90096086,0.6948089,-0.08076619,0.35347614,0.69299114,0.40425482,1.3350074,-0.039499562,0.17215675,-0.035971735,2.6376326,2.7280762,-0.010635859,0.6156549,1.037884,-0.09611733,-0.21248703,0.85826665,-0.047986902,-0.33775532,-0.021836987,2.3812618,-0.03274657,0.66013587,0.30920476,0.18585992,1.91896,-0.18032625,0.8185747,-0.040739104,2.9181674,0.21772282,0.5216707,-0.035574682,0.018343315,1.1286366,1.9304655,-0.20593326,2.0092402,2.4210505,0.29826772,0.27720934,0.5522331,-0.12367045,-0.18897383,-0.0055801123,-0.08538326,2.4270852,-0.42157146,0.048050467,-0.082136035,0.8439856,1.9682844,-0.13028876,0.43907583,-0.040609132,-0.27754107
TCGA-AD-6899,-0.051614713,0.21999086,1.9812593,0.44132596,-0.33158702,2.1545355,2.499555,0.77246183,0.8810478,-0.032493662,0.43826726,0.6326389,0.23124528,1.3606292,-0.038512096,0.3560647,-0.023335455,2.1638827,2.4557633,0.007925181,0.93295866,0.90440696,-0.096598215,-0.25414088,1.5708317,0.08453651,-0.32130414,-0.009043063,2.0924072,-0.028878713,0.6327856,0.13722646,0.1926826,1.33444,-0.17930369,0.6620102,-0.054936297,2.4323783,0.2797883,0.68126214,-0.038868915,-0.011679101,1.0226182,1.6214443,-0.17896162,1.7142578,2.0082366,0.25780925,1.000658,-0.013051621,-0.084199615,-0.12831925,-0.005939984,-0.09449251,2.131207,-0.36776426,0.21341832,-0.059532024,0.6227268,1.7792933,-0.09370904,0.29511547,-0.016732916,-0.26028633
TCGA-AD-6901,-0.038740933,0.37776965,1.6988095,0.29680634,-0.32201618,2.3178043,2.3299427,1.0360808,0.90476084,-0.022884164,0.089901246,0.4782875,0.32745644,1.4341396,-0.053296532,0.67362064,-0.03899284,2.3410172,2.7115417,-0.01717211,0.72310334,1.0336941,-0.09503012,-0.24801934,1.2361312,0.13169742,-0.29884395,0.16485186,2.1789389,-0.028759463,0.493837,0.025915338,0.12734377,1.405887,-0.16165835,0.66550237,-0.031781994,2.388797,0.060015127,0.59418476,-0.012284734,0.38937116,1.1202508,1.5104704,-0.17890705,1.7558194,2.0250611,0.40649092,1.0760058,0.56060565,-0.09535249,-0.1363796,0.076211825,-0.061023265,2.2813342,-0.37249383,0.012481426,-0.05589185,0.41388372,1.8388907,-0.09310617,-0.0069072614,-0.030471608,-0.2368375
TCGA-AD-6963,0.046024345,-0.0062539442,0.86940765,0.27626127,-0.12582122,1.3284208,1.0611718,1.0031304,0.522463,-0.025988638,0.5675631,0.2880799,0.115747035,0.6707818,-0.018994287,0.2472704,0.0317786,1.0240723,1.5840858,-0.043595847,0.4902993,1.174956,-0.048508167,-0.11599427,0.3510044,-0.021986991,-0.13145901,-0.025594443,1.6406943,-0.01096731,0.00012299418,0.07596533,-0.014683172,0.9655432,-0.10533058,0.8224585,-0.032307822,1.6121333,0.09202357,-0.001738086,-0.023695985,0.31478477,0.4492651,-0.009007759,-0.09028321,1.0674618,1.2574784,-0.011468555,0.53675324,0.76465917,-0.06323545,-0.08012891,0.20361091,-0.051050823,1.2917738,-0.17007811,-0.010721741,-0.028050004,0.8386372,0.9838503,-0.03798936,0.08953925,-0.038246416,-0.12855399
TCGA-AD-6964,-0.0050913105,0.061238796,0.982641,0.24936646,-0.17713772,1.2522497,1.2117336,0.5900526,0.44733232,-0.025687773,0.5773552,0.28211492,0.357345,0.6965343,-0.012676083,0.4767273,0.18865333,1.4299126,1.5979232,-0.0145282475,0.47373447,1.0785779,-0.04364158,-0.10421609,0.43355832,-0.008156317,-0.14691615,-0.04304319,1.7966962,-0.0044236705,-0.008947826,-0.0036519878,-0.022544166,1.2397382,-0.101936914,0.52048546,-0.02331491,1.5747427,0.08777748,0.13238633,-0.01584326,0.094913475,0.5159473,0.019531257,-0.071643494,1.1470371,1.4070841,-0.029694045,0.102075145,0.76156175,-0.06525295,-0.11418612,0.19599791,-0.05012185,1.3495595,-0.22067593,-0.013569586,-0.023603283,0.74471253,0.8091402,-0.04526482,0.20625156,-0.021413062,-0.14859015
TCGA-AD-6965,-0.030598033,-0.018123258,1.4751091,0.15864532,-0.23842876,1.6484693,2.1162338,0.5464531,0.5707313,-0.0031530105,0.66886646,0.49005488,0.2876611,0.5787655,-0.045598794,0.4806352,-0.085225895,2.1382308,1.9547584,-0.025816781,0.5599332,0.7519366,-0.05550278,-0.1876673,1.9351617,-0.0037087523,-0.26225314,0.8980413,1.7055384,-0.018051267,0.8282981,0.35842907,0.22172639,0.85307294,-0.06619557,-0.0037452679,-0.0358188,2.1993546,-0.009298967,0.40372336,-0.019356875,1.0094047,1.0547975,2.007962,-0.15910761,1.5589802,1.5940628,0.67768645,1.4193242,0.6915906,-0.07108019,-0.099163435,-0.038188208,-0.052082896,1.9010707,-0.28734362,-0.026970414,-0.04553478,0.373715,1.2650208,-0.12098141,-0.014207752,-0.037901364,-0.18696982
TCGA-AD-A5EK,-0.057236154,0.53033775,2.337796,0.5771402,-0.4153528,2.5852044,2.6501067,1.2229763,1.6474392,-0.032094676,-0.0036909052,0.7384348,0.09399808,1.6688479,-0.071057014,0.4335949,-0.035005953,2.8451636,3.4777164,-0.0021613243,1.2688006,0.5047733,-0.14911388,-0.3185669,1.8880713,-0.026818374,-0.37875673,0.16506387,2.7177942,-0.027730009,0.80622923,0.5225315,0.24715513,2.2154536,-0.23287089,0.85287017,-0.09381716,3.171807,0.38016018,0.6640305,-0.062152416,0.71443254,1.3332125,1.7499897,-0.27593255,2.4148068,2.677123,0.8481543,1.3304334,0.77608347,-0.14291482,-0.11768692,0.076068714,-0.09530119,2.9636984,-0.44617844,-0.041405182,-0.08272096,0.80075854,2.1776776,-0.13296811,0.2965715,-0.058129277,-0.30078232
TCGA-AU-3779,-0.015396388,0.04928024,1.1888298,0.9016302,-0.18097536,1.817119,1.5059557,0.8179589,0.7092546,-0.01236375,-0.012225214,0.5823229,0.11586278,0.889538,-0.034086183,0.61951005,-0.013018715,1.4103541,2.1692338,-0.0559895,0.6581984,0.3218341,-0.04035853,-0.045317978,0.2505406,-0.027374793,-0.2104156,0.14562409,2.1326346,-0.042141955,0.24959368,0.5330655,0.641161,1.3614262,-0.21095565,1.1021402,-0.0050766454,1.9961147,0.8336241,0.15883577,-0.048237126,0.8155093,0.7221086,0.5589949,-0.1595418,1.4635998,1.56964,0.25635284,0.33341062,0.6596787,-0.080900736,-0.16864464,0.41351673,-0.052002978,2.130545,-0.3060541,-0.04106234,-0.059531786,1.910173,1.182381,-0.047772173,0.09852477,-0.013546382,-0.16542223
TCGA-AU-6004,-0.024643162,0.43624365,1.7253666,0.37932542,-0.3530775,2.3048108,2.4149754,0.81342757,0.30978408,-0.051716562,-0.012426759,0.63457555,0.44074813,1.0245365,-0.036041837,0.029261805,-0.018367764,2.5830326,2.8213527,-0.00096837006,0.7403426,0.71272343,-0.09979778,-0.14019278,0.20063013,-0.02958244,-0.27590364,-0.01793443,2.5312204,-0.012857459,0.43060395,0.59013456,0.3887871,1.8982472,-0.21977328,0.82891685,-0.003897842,2.806821,0.18995127,0.20487434,-0.02851898,0.42665118,0.9689353,1.555541,-0.16656649,1.7751728,2.3711457,0.30305713,0.09158921,0.42169684,-0.12513438,-0.18476354,0.14633036,-0.08567131,2.3871193,-0.4406817,0.011590217,-0.08446609,1.391427,1.5705417,-0.08249714,0.064071216,-0.028419787,-0.26433977
TCGA-AY-5543,-0.018999496,0.083375916,1.2658795,0.7290569,-0.18332766,1.5071808,1.8359141,0.584622,0.20978118,-0.019202525,-0.0026465834,0.21686523,0.10406439,0.49503312,-0.029482767,0.379509,-0.020234006,1.6770272,2.2120438,-0.024825953,0.67243195,0.16090484,-0.044821497,-0.09633248,0.8110557,0.11014982,-0.18927193,0.42780784,1.9755316,-0.0069658794,0.21743143,0.4950649,0.0986973,0.6675836,-0.16420111,0.70901835,-0.005615665,2.095164,0.5060861,0.18197031,-0.048283264,0.56560737,0.709469,1.0806965,-0.11721531,1.509132,1.7881135,0.16561733,0.9320316,0.07026199,-0.083945826,-0.14623076,0.27981013,-0.059364762,1.8854194,-0.2770092,-0.021080988,-0.02937125,1.4305832,1.2153071,-0.045074455,0.005994168,-0.01822002,-0.18127988
TCGA-AY-6197,-0.043048922,0.20881815,2.1858995,0.31033328,-0.4056972,2.3279593,2.7216833,0.77929705,1.0839994,-0.036303695,0.7789963,0.64779615,0.328584,1.3940599,-0.071328945,0.5535244,-0.0754778,2.783918,2.7479472,0.08412416,0.95940846,1.2012484,-0.090018466,-0.28853562,1.5986866,-0.009452986,-0.35529765,0.17254466,2.4738073,-0.0040304307,0.62355864,0.28212675,0.27694595,1.7877864,-0.19398093,0.5484696,-0.043415714,2.8562171,0.19821867,0.50864464,-0.032583095,0.05798909,0.75391436,2.1060345,-0.21251383,2.0973463,2.453338,0.4682358,0.52267945,0.09603119,-0.08505621,-0.16459706,-0.037123527,-0.0764777,2.6085975,-0.41507992,-0.022523966,-0.11073446,0.6142435,1.9492128,-0.12063056,0.1518283,-0.022584612,-0.2983433
TCGA-AY-6386,-0.03958365,0.6213432,1.8835113,0.51693887,-0.34019664,2.2442012,2.582111,0.5950799,0.20249403,-0.026582688,-0.019972295,0.8268594,0.4531556,0.97427535,-0.03680676,0.2572123,-0.035666924,2.7160306,2.7470574,-0.01747684,0.8415505,0.46539375,-0.09182995,-0.1531261,0.75086945,-0.011784427,-0.26815245,0.29435396,2.516192,-0.032920495,0.8107862,0.5762655,0.5651411,1.5686829,-0.19138534,0.57558954,-0.01815944,2.8029983,0.49738216,0.26991934,-0.040745694,0.6466445,1.0774409,1.9197323,-0.188572,1.8196106,2.2026246,0.7061119,0.46431136,0.31478095,-0.12515436,-0.18425506,0.14497052,-0.06708399,2.5203018,-0.42391038,-0.028525332,-0.080020815,1.2554249,1.7656505,-0.08960709,-0.011597748,-0.011244245,-0.27295214
TCGA-AY-A54L,-0.024909591,0.13335595,1.5281256,0.22888243,-0.2607238,1.5274378,2.0992339,0.11052233,0.17922677,-0.022528691,0.18987703,0.52608687,0.063413836,0.21991076,-0.023198796,0.09320827,-0.06700566,2.1218643,2.4468057,-0.0057796226,0.5687236,0.42368484,-0.02129606,-0.0938006,1.0790718,-0.017805692,-0.25662634,0.44521633,2.07866,-0.027278548,0.7448248,0.3342002,0.3580141,0.8477014,-0.11580022,0.25721288,-0.023473708,2.4949987,0.23414975,0.4247419,-0.01957853,1.5706077,0.7877983,1.9750565,-0.17240135,1.8251978,1.9319663,0.55158055,0.7648228,1.175016,-0.090012,-0.13420841,0.08436604,-0.06539035,2.0764341,-0.32296327,-0.04170528,-0.059111357,0.882215,1.2583908,-0.08994159,-0.0008667226,-0.02517446,-0.2070932
TCGA-AY-A69D,-0.045079246,0.07443329,2.1945934,0.91960275,-0.36778924,2.2440798,2.6665606,0.53683877,0.9037542,-0.04869127,0.05942879,0.81028455,0.56655806,1.4766586,-0.04833334,0.57540286,-0.00448295,2.4479969,3.3237503,0.16119279,1.0204678,0.14126365,-0.09093101,-0.19160321,0.7158184,0.19577649,-0.35293415,-0.0077965357,2.6847913,-0.056736726,0.5748407,0.429663,0.26399854,1.5943087,-0.28289306,0.7689398,-0.040055342,2.865455,0.6708517,0.6928694,-0.038909543,0.5282665,1.2404823,1.8796263,-0.1956745,2.2214992,2.530666,0.70078194,0.9089765,0.06128245,-0.12466003,-0.18553503,0.21598852,-0.1082914,2.6282518,-0.46294037,-0.045132633,-0.08244888,1.770768,2.0038984,-0.10328299,0.26375967,-0.01321208,-0.3241553
TCGA-AY-A71X,-0.04368676,0.36079663,2.2441738,0.5183201,-0.39037254,2.0435293,2.9770126,0.25415617,0.13324104,-0.030785633,0.3107318,0.6835,0.42730382,0.7269703,-0.014907467,0.2119669,-0.071604125,2.8753502,2.7224624,0.13162677,0.7744526,-0.052889097,-0.090701275,-0.2082464,1.6051874,0.23456764,-0.32311022,0.4127247,2.453096,-0.0067230547,1.0139906,0.39416972,0.77946997,1.2150203,-0.11251118,0.20910627,-0.03537298,2.7163858,0.75480783,0.2566464,-0.029540375,1.2617768,1.0549469,2.1606276,-0.1831005,1.9879287,2.1387393,0.8323619,0.36004627,0.4180608,-0.11524123,-0.17970847,-0.01988925,-0.0890256,2.5234659,-0.38924873,-0.04712543,-0.076396205,0.54830724,1.7532375,-0.14062576,-0.0034658087,-0.03284378,-0.254795
TCGA-AY-A8YK,-0.011215202,-0.018336205,0.504035,0.4479304,-0.079707794,0.9700434,0.8942756,1.0322498,0.34929472,-0.037095036,0.34243593,0.28052622,0.1879242,0.3824484,-0.00857321,0.5097347,0.08091524,0.7432692,0.97560894,-0.031250875,0.31835708,0.3671975,-0.017788751,-0.08045062,0.504073,-0.0010397636,-0.09703056,-0.0028626006,1.1017807,-0.0049591684,0.15345624,0.08893629,-0.001626951,0.46479186,-0.060800053,0.47876346,-0.006688633,1.0066466,-0.003442532,0.114699975,-0.01785288,0.36370158,0.30143163,-0.016520033,-0.086771056,0.89559484,0.82743716,-0.02201735,0.13978738,0.5760597,-0.04244565,-0.053141393,-0.0050434573,-0.0337394,1.0880845,-0.10036007,-0.004997954,-0.038168292,0.42351905,0.88310254,-0.021833895,0.07785508,-0.017020917,-0.089307986
TCGA-AZ-4308,-0.0059245727,0.31337595,1.1299652,0.50130093,-0.13881646,1.1811166,1.2313523,1.1561998,0.39559713,-0.014024623,0.8493493,0.34635034,0.0013922157,0.4833701,-0.03292084,0.6250477,-0.00067823305,1.249052,1.5282348,-0.05799485,0.41971526,0.46875423,-0.033769555,-0.08814352,0.6011606,-0.005516871,-0.15419725,-0.005399486,1.5739324,-0.025490716,0.1443972,0.20160578,0.15101388,0.7474329,-0.12360294,0.58643883,-0.016421286,1.7514322,0.35599914,0.0139268525,-0.030592306,0.7520777,0.52054995,0.28035378,-0.13126212,1.0692933,1.3165369,0.2486244,0.7096788,0.9114597,-0.0625552,-0.07776847,0.064068794,-0.057033163,1.5360905,-0.18448035,0.021296386,-0.031284124,1.1261581,1.0078326,-0.03512265,-0.00025968507,-0.039402124,-0.121084206
TCGA-AZ-4313,-0.014092768,0.44067007,0.921147,0.33394718,-0.15449193,1.1061652,1.122328,0.6080658,-0.022033494,-0.026738796,0.1476571,0.4457966,0.12630044,0.1937536,-0.008549719,0.20799515,0.044675548,1.1586436,1.7564641,-0.0096651865,0.3857055,0.29360676,-0.035928234,-0.004304811,-0.018625472,-0.007153881,-0.10852086,-0.013252459,1.7071173,0.12712392,0.05885503,0.28126013,0.201157,0.8508815,-0.14323455,0.7811364,-0.00414165,1.5250647,0.24864237,0.056676593,-0.029347,0.68884885,0.4481814,0.3701005,-0.08814522,0.96717155,1.2020805,0.095418155,0.097317904,0.5996208,-0.06447922,-0.12668748,0.3371101,-0.044233005,1.4252529,-0.19754809,-0.009926407,-0.04330216,1.6501689,0.56862265,-0.041791208,0.093257345,-0.026288405,-0.13384788
TCGA-AZ-4315,-0.02981376,0.13018234,1.4141057,0.7596602,-0.2367326,1.5937082,1.9085481,1.0750223,0.5445579,-0.031853996,0.40274715,0.33160982,-0.0028247386,1.1832048,-0.022039277,0.29569927,-0.007561058,2.0315547,2.1213331,-0.023725944,1.0379692,0.6201464,-0.06600389,-0.21348007,1.3171761,0.09977055,-0.23016326,-0.018552503,2.1671836,-0.034971546,0.43584394,0.37639064,0.2160976,1.1915915,-0.125041,0.83361363,-0.046254035,2.0139692,-0.010326129,0.12860161,0.13285659,0.1780143,0.5612593,0.6329906,-0.14451611,1.3913618,1.8916576,0.072065085,0.21347061,-0.0013549179,-0.10569749,-0.13833836,-0.017111413,-0.060951736,1.764695,-0.29940113,0.03193497,-0.033341315,0.2640301,1.4158713,-0.07876686,0.23941812,-0.023647942,-0.20273319
TCGA-AZ-4323,-0.012868556,0.014376488,0.992388,0.3723817,-0.18362972,1.7649012,1.4212567,1.2342637,0.098616496,-0.039599504,0.31276515,0.13297866,0.07131644,0.90106773,-0.026294706,0.26780555,0.16295944,1.3954958,1.7537415,-0.027580434,0.4636863,1.2888457,-0.039595764,-0.13289712,0.2160441,-0.009108922,-0.13232194,-0.06291836,1.7411889,-0.019330403,-0.011187035,-9.7143464e-05,0.11731677,1.3345214,-0.11165861,0.9292719,-0.032623786,1.7636169,-0.007061249,0.04611702,-0.005230541,-0.00953894,0.5951675,0.038629636,-0.10026132,1.1435808,1.5723162,-0.035829682,0.11285893,0.23418689,-0.08197565,-0.128157,0.15787254,-0.04290239,1.4147339,-0.23200457,-0.0068769935,-0.044038396,0.74457043,1.0955303,-0.05124369,0.108064346,-0.031576496,-0.1603147
TCGA-AZ-4614,-0.07574909,0.22753434,2.025931,0.25320065,-0.41507864,2.4596398,2.9946132,0.67931026,0.7934046,-0.052716084,0.13719124,0.7963218,0.58043075,1.2054229,-0.037106544,-0.0007382773,-0.06432416,2.9155252,3.3250952,-0.00017977376,1.1115892,0.14105067,-0.11572124,-0.20192246,0.9324705,-0.016543675,-0.38626748,0.14577101,2.3537552,-0.03662195,0.8284317,0.7420935,0.30122295,1.5470924,-0.23170304,0.40525234,-0.051134218,3.0443416,0.19412217,0.82655317,-0.05015085,0.47868794,1.2523409,2.8578467,-0.22213216,1.8716172,2.4698136,0.46674973,0.8500889,0.7068693,-0.106073014,-0.17835885,-0.024400353,-0.06830782,2.4847734,-0.4510199,0.20849188,-0.072215125,0.7618925,1.7786896,-0.1464559,0.4382978,-0.026130734,-0.28133196
TCGA-AZ-4615,-0.036898088,0.4165069,2.0010102,0.018573705,-0.40888,2.2937028,2.9801798,0.68974274,0.70599693,-0.07898242,0.24924695,0.90073997,0.43809152,1.5401157,-0.026688991,-0.009275909,-0.05612191,2.8481026,3.0750706,0.07198255,0.84058446,0.6042077,-0.12254044,-0.20577954,0.675533,-0.002779719,-0.35966074,-0.031542167,2.6043866,-0.00463832,0.5728584,0.5367493,0.39597774,1.9627508,-0.21345046,0.74301296,-0.024699483,3.0437286,0.36408836,0.4312672,-0.021834098,0.4170469,1.0568894,2.1751413,-0.20398717,1.8737631,2.52076,0.3565415,0.28833607,0.5764313,-0.12597251,-0.18891242,0.01115647,-0.08777233,2.4234304,-0.47316447,-0.028282551,-0.0864855,0.8867933,1.8399434,-0.122976616,0.34332532,-0.03083146,-0.3061709
TCGA-AZ-4616,-0.03411671,0.3611043,1.9681904,0.45577276,-0.32449362,2.117551,2.5083406,0.8857207,0.43839777,-0.044432055,-0.0012984037,0.547514,0.51512456,1.091077,-0.034869235,0.0060183033,-0.040520098,2.489786,2.9486842,-0.014076114,0.7305049,0.63464034,-0.09792746,-0.1902149,0.8964131,-0.003953896,-0.29034498,0.25806287,2.4919517,-0.009957884,0.49826306,0.39933008,0.59829825,1.5638009,-0.23551765,0.79040647,-0.028013075,2.9233227,0.11551102,0.4427164,-0.036422584,0.77231157,0.88603264,1.6004678,-0.19322628,1.8221416,2.4014547,0.22250797,0.6660227,0.10903234,-0.12225803,-0.19462821,0.11673628,-0.07208353,2.5820818,-0.41061422,-0.018813975,-0.08202607,1.3088664,1.6988997,-0.08598086,0.048882697,-0.026514558,-0.2789697
TCGA-AZ-4681,-0.01433993,0.19661447,1.2604524,0.6723749,-0.12827429,1.1425893,1.3560445,0.7768798,0.72553843,-0.019049933,0.54242355,0.5219697,0.3925597,0.43188825,-0.011191264,0.5156593,-0.016819885,1.5920349,2.043205,-0.05859902,0.66327506,0.2710686,-0.030018136,-0.04376972,0.43982592,-0.02032,-0.2012196,0.24372701,1.8135449,-0.027390987,0.2114445,0.1893194,0.4834022,0.61520845,-0.15059505,0.8735033,-0.021341706,1.827323,0.60281074,0.11996661,-0.018947009,1.8548768,0.5079359,0.91542405,-0.12400117,1.385643,1.334856,0.4065101,0.7539638,1.3209119,-0.07149918,-0.09726282,0.19978048,-0.03551875,1.6734315,-0.23399298,-0.06333523,-0.052637395,1.2098964,1.2459204,-0.03238492,-0.007605503,-0.0390247,-0.13006388
TCGA-AZ-4682,-0.0349614,-0.013696975,1.1532015,0.79263175,-0.16802312,1.7637926,1.9553728,1.5748538,0.79365283,-0.039258637,0.463338,0.31621322,0.2135864,1.0450097,-0.02832288,0.49844104,-0.012299523,1.9091291,2.0044696,-0.06691119,0.934045,0.4079486,-0.054439563,-0.20804527,1.5857412,0.0050513204,-0.22708653,-0.008266494,1.713772,-0.025749892,0.5302939,0.41321838,0.18147753,0.9233441,-0.11757483,0.68124723,-0.028585374,2.3651462,0.14560513,0.38257334,-0.005028609,0.9902937,0.38842237,0.3433776,-0.15049435,1.309219,1.6179053,0.027327508,0.95524114,0.64782053,-0.0921856,-0.09995847,-0.007482671,-0.067280956,1.9407709,-0.2475175,-0.032303598,-0.054701697,0.30001697,1.6904048,-0.054167725,-0.0033697404,-0.051085856,-0.13779816
TCGA-AZ-4684,-0.022459341,0.007063348,1.0914388,0.4921261,-0.14062215,1.4551413,1.5018901,0.87398446,0.7160323,-0.023944417,0.87868154,0.19074179,0.45451322,0.72123235,-0.018115453,0.3068794,-0.009686755,1.4555832,1.5987386,-0.05440634,0.42393395,0.7870428,-0.031529207,-0.15579848,0.847212,-0.025619289,-0.19306968,-0.0010302131,1.6113253,-0.027819097,0.4744545,0.27904385,0.034075253,0.9564451,-0.09332154,0.557627,-0.034332003,1.8112108,-0.0017222427,0.11949071,-0.027794782,0.80802906,0.6143344,0.41849434,-0.10904036,1.286451,1.4392843,0.08013187,0.6343347,0.8111384,-0.07545435,-0.0912813,0.21110725,-0.06954909,1.530186,-0.20214681,-0.016338518,-0.03983703,0.3564025,1.1492392,-0.05729968,0.04339656,-0.023351405,-0.13927536
TCGA-AZ-5403,-0.004413788,-0.005839595,0.7048774,0.5434726,-0.12384009,1.4397898,1.0835999,1.4015236,0.576444,-0.038146865,0.34424546,0.31450996,0.10362793,0.8871,-0.02699014,0.30544257,0.2850654,1.2108868,1.4782424,-0.04534957,0.5050538,0.79731697,-0.049234476,-0.14292282,0.60075927,-0.0046611615,-0.13953163,-0.038042538,1.5414622,-0.03183378,0.14770538,0.1556785,-0.014775964,1.100097,-0.088193335,0.72714967,-0.029595602,1.4879541,-0.0153705925,0.21151404,-0.006929394,0.6332692,0.45920095,-0.03260551,-0.10212237,0.89048135,1.4214087,-0.02087905,0.34444225,0.6645377,-0.084065825,-0.08992835,0.17981961,-0.05901099,1.3939266,-0.17269336,-0.006503249,-0.026454313,0.48765153,1.1176884,-0.04234392,0.09144374,-0.040251445,-0.12459133
TCGA-AZ-5407,-0.053429663,0.58525807,2.1251073,0.59066945,-0.3667249,2.1611738,2.7569904,0.40723452,0.15676905,-0.0077971513,0.43623713,0.8498203,0.3368926,0.83893305,-0.034390472,0.34387282,-0.04956792,2.617305,2.5936234,-0.015434602,0.9356377,0.39785057,-0.09361034,-0.19788387,1.421682,-0.007362799,-0.3203164,0.22541979,2.6000497,-0.015837468,0.96651524,0.56782365,0.69347304,1.621731,-0.17808335,0.5277956,-0.04268021,2.7529802,0.29333553,0.7221344,-0.04543934,0.6475244,0.92015165,2.0041409,-0.18144304,1.8686982,2.0591574,0.9252606,0.016205072,0.5145571,-0.09988992,-0.2080106,0.15839466,-0.06454115,2.3800986,-0.41914,0.05361107,-0.059536528,1.1507233,1.6712902,-0.1071798,-0.0014896732,-0.031413425,-0.2707537
TCGA-AZ-6598,-0.04214082,0.6306847,2.6492527,0.56270194,-0.5667426,2.975383,3.9810166,0.33284467,1.1107882,-0.070050545,0.2647882,1.067005,0.8833071,1.7353601,-0.06208257,0.21800017,-0.060838122,3.727991,3.8381639,-0.0019099222,1.1416296,0.34067142,-0.17345922,-0.30639932,1.0440891,-0.035536855,-0.501496,-0.025485216,3.1526406,-0.034241907,0.88956547,0.56584394,0.42969477,2.3766093,-0.26939505,0.9976442,-0.03981232,3.6088583,0.3041878,0.7866419,-0.06180022,0.32272542,1.3825477,3.07466,-0.27599558,2.6630502,3.156,0.71061915,0.81895876,0.69802564,-0.14277618,-0.24566662,-0.016803429,-0.12651284,3.0645373,-0.5927754,-0.03219762,-0.11496868,0.72628397,2.5018373,-0.17933919,0.4159611,-0.056004804,-0.37248978
TCGA-AZ-6599,-0.045424137,0.09775454,1.8721827,0.18920243,-0.34123123,1.559628,2.691001,-0.013481437,0.22852062,-0.034784146,0.52745926,0.2563953,0.21880649,0.4775665,-0.021436037,0.25286457,-0.07602186,2.4033148,1.9845189,-0.020641668,0.74497634,0.36099938,-0.09122009,-0.21478131,2.0721576,0.07763532,-0.27632758,0.31510982,1.8098786,-0.028895143,0.957242,0.4493128,0.3767288,0.9968094,-0.0038181634,-0.013779257,-0.05335865,2.3429115,0.067166284,0.5992784,-0.03626312,0.27979428,0.8126182,2.26048,-0.1695139,1.6297326,1.8386335,0.5034573,0.21884616,0.7776011,-0.07559061,-0.139735,-0.0525054,-0.07722829,1.7733697,-0.28952056,-0.013506542,-0.062443156,-0.0028057024,1.5080364,-0.14568977,0.18638809,0.15343046,-0.22647841
TCGA-AZ-6600,-0.032121096,0.3149541,1.9172205,0.5432885,-0.3086575,2.2223327,2.2161362,1.3467412,0.5592701,-0.037841212,0.43259755,0.63409853,0.4999586,1.4071759,-0.038219836,0.45492086,0.15110274,2.3565478,2.3938923,-0.008075516,0.8912053,0.7451999,-0.087042734,-0.25978968,1.619952,-0.0074957493,-0.2866768,-0.017443432,2.2271273,-0.034525584,0.4544793,0.27510807,0.14462723,1.6357735,-0.12522772,0.6617079,-0.029436452,2.6487062,0.04255962,0.7272935,-0.03444785,0.36621505,1.0380952,1.030974,-0.18797551,1.6353896,2.2082222,0.1934006,0.43799043,0.049941458,-0.104340434,-0.14219354,-0.020886874,-0.09979286,2.268876,-0.35172555,0.025429517,-0.0686615,0.19671756,1.5567507,-0.11086225,0.24964738,-0.03841652,-0.24371874
TCGA-AZ-6601,-0.02933147,0.25152087,1.8276176,0.118995875,-0.35013142,2.4680905,2.426198,0.93549144,0.7182961,-0.05396035,0.3859022,0.4593816,0.37315613,1.103,-0.04867136,0.20244321,-0.03102733,2.616727,2.7271278,-0.033709895,0.80724466,1.1943398,-0.08321656,-0.20615526,1.0664313,-0.025669444,-0.29066563,-0.0125707975,2.5030413,-0.021332288,0.3259227,0.50375897,-0.0011205456,1.7641381,-0.16745672,0.7988705,-0.055652756,2.7975736,0.038516738,0.35358065,-0.0032109462,0.5461689,0.9389038,1.2767947,-0.16375466,1.8907417,2.3667135,-0.0037199103,0.46505195,0.475377,-0.10704563,-0.16831802,-0.004823731,-0.087688945,2.2696726,-0.38928676,-0.024045141,-0.0628139,0.76869875,1.7677785,-0.09127567,0.15173721,-0.04543622,-0.27165934
TCGA-AZ-6603,-0.03118628,0.14370663,1.1842768,0.63479275,-0.14074594,1.3560638,1.4413126,1.1571617,0.17819323,-0.0137573425,0.17462751,0.4612678,0.27472565,0.45157692,-0.03911868,0.19884092,-0.0068625994,1.4555192,2.0353935,-0.034651652,0.29440752,0.069067806,-0.05610944,-0.118602954,0.75284314,0.08723035,-0.19165915,0.013484608,1.5152469,-0.019816374,0.5096136,0.17289478,0.4345166,0.83239776,-0.15227164,0.6467864,-0.0026820078,1.818481,0.4405926,0.3354992,-0.045655664,1.1001365,0.47573552,0.540128,-0.14878671,1.1538811,1.37347,0.02145113,0.6359387,0.5727013,-0.092871316,-0.10021605,0.04073209,-0.061955728,1.6197709,-0.2110111,-0.036674447,-0.047006227,0.90034395,1.1392294,-0.05948571,0.18748142,-0.03656077,-0.13293964
TCGA-AZ-6605,-0.01733774,0.26766777,1.4354724,0.34953874,-0.22131386,1.8959101,1.8112372,1.1997509,0.797262,-0.044434644,0.3952506,0.48745278,0.34096044,1.0440171,-0.0418043,0.7029979,-0.014751975,1.9303098,2.2709806,-0.023259131,0.5418671,1.285908,-0.04980094,-0.20449595,1.1613442,0.12676615,-0.23113747,-0.025756821,2.1321123,-0.024154248,0.28633058,0.1057454,-0.0085498225,1.2983991,-0.16065226,0.8489342,-0.028846756,2.3646953,0.3640358,0.4798162,-0.027479589,0.40408742,0.6924181,0.6779716,-0.15976854,1.6534323,2.0819063,-0.011636088,0.9925291,0.46194535,-0.09666962,-0.10689831,-0.011773238,-0.07607594,2.0574636,-0.29018426,-0.0030174924,-0.056702293,0.7808116,1.4612778,-0.04303195,0.2192164,-0.043421127,-0.19565617
TCGA-AZ-6606,-0.0488922,0.40672642,2.514162,0.2861841,-0.5041067,3.2502823,3.6178255,1.2231473,1.0897782,-0.06506705,0.16292682,0.8619346,0.47710642,1.9913418,-0.07662672,0.32539257,-0.037358534,3.3453124,3.4534607,0.021779833,1.1035177,0.583297,-0.12684457,-0.3307756,1.5551889,-0.009959693,-0.4452665,-0.01530904,2.8984013,-0.051793188,0.98600525,0.5133224,0.10150375,2.1198287,-0.21376751,0.752161,-0.050495077,3.6006172,0.12559767,0.7137409,-0.04507738,-0.004513429,1.5802555,2.2410493,-0.2602731,2.4562037,3.0282032,0.5317674,1.0899011,0.100836806,-0.14354847,-0.19448373,0.05423899,-0.11810955,2.8250358,-0.54636735,0.14681472,-0.10360175,0.20502877,2.20122,-0.15728103,0.42338338,-0.044124335,-0.36908162
TCGA-AZ-6607,-0.041980583,0.28630906,1.6969728,0.94477683,-0.29330146,2.457851,2.2894182,1.5230598,0.64033836,-0.048482254,0.04291048,0.39544806,0.42323944,1.6972424,-0.03510213,0.534478,0.0501658,2.4327168,2.6156533,-0.007944441,0.85971135,0.5183741,-0.07450362,-0.247525,1.0474347,0.18121332,-0.29845032,-0.03796112,2.3502061,-0.06452718,0.44975254,0.163463,0.24606046,1.7645874,-0.22588836,0.9214869,-0.040672388,2.5522745,0.5443245,0.38738796,-0.042718183,0.10049316,1.0002341,0.70172966,-0.1886751,1.7116035,2.1581264,0.14986524,0.42323273,0.07101164,-0.12802507,-0.17547187,0.018068314,-0.068852015,2.3306181,-0.37517816,0.060133114,-0.053131755,0.34609842,1.6987684,-0.10065701,0.4663433,-0.035980236,-0.24783912
TCGA-AZ-6608,-0.039551,0.34315044,1.6688659,0.6645414,-0.19147813,1.8138083,1.6779746,0.6925024,0.79329926,-0.005949618,0.3272337,0.35380825,0.3126622,0.52781326,-0.06153036,0.38026613,-0.077289246,1.9127545,2.8446398,-0.056451935,0.7973921,0.5162632,-0.031137517,-0.14641675,0.7223237,-0.018663649,-0.23402002,0.18225983,2.158126,-0.016197026,0.57552105,0.47319964,0.21335636,0.78569895,-0.16968094,0.5440969,-0.021915099,2.3826063,0.38136685,0.16045564,-0.060785826,1.7845521,1.037363,0.98293966,-0.18885885,1.3858439,2.0366862,0.5895119,1.2424378,0.98551595,-0.116340436,-0.11325617,0.17253114,-0.07275217,2.1442885,-0.2742965,-0.042678423,-0.028137688,1.5355715,1.5347141,-0.068615824,0.21996474,-0.04551733,-0.16837656
TCGA-CA-5254,-0.048296943,-0.00048948976,1.7814384,0.41787657,-0.3913558,2.0480382,2.908992,0.68153316,0.045331392,-0.04852504,0.155456,0.67557347,0.48714986,0.76605827,-0.03429581,-0.010872359,-0.08580494,2.7938654,2.5481634,0.37644118,0.8652888,0.10703987,-0.10763904,-0.24221407,1.3394045,-0.007954306,-0.3298432,0.045427803,2.1691673,-0.014119426,1.0436393,0.79873335,0.5783844,1.2464938,-0.15399736,0.32465956,-0.011706688,2.7385776,-0.015759913,0.7623431,-0.054764863,0.24037004,0.71682125,2.3317044,-0.18226624,1.647852,2.1079743,0.39180756,0.05876845,-0.023432558,-0.10868806,-0.19231094,-0.04017571,-0.09116206,2.1258097,-0.4065412,0.043175504,-0.10143527,-0.009527741,1.6516415,-0.11213835,-0.010767871,-0.032056168,-0.28646424
TCGA-CA-5255,-0.023026455,0.31129944,1.5298531,0.37512365,-0.29354498,2.3257074,2.088764,1.4489841,0.19423847,-0.0409997,0.14895847,0.4261315,0.28929257,1.3881356,-0.050242573,0.42730677,-0.004100271,2.2880816,2.4016533,-0.022206875,0.61600447,0.96266556,-0.068235815,-0.2277427,0.9560966,-0.0030581038,-0.23838703,-0.04172087,2.2984338,-0.039429095,0.42686114,0.25776166,0.24502304,1.811021,-0.16176674,0.80690444,-0.04876475,2.4781916,0.043687537,0.22392797,-0.01715241,0.13849492,0.8580088,0.59393984,-0.15657018,1.5909566,2.163646,0.08411445,0.19060391,0.14833215,-0.095039465,-0.16552295,0.0705163,-0.06744823,2.0317051,-0.34142026,0.010596403,-0.06138928,0.5342693,1.5882822,-0.0880379,0.3611707,-0.03269137,-0.23280933
TCGA-CA-5256,-0.003518541,0.25225967,1.6959848,0.36578247,-0.22015734,1.8146818,1.6287725,0.29896185,0.8715233,-0.0077743805,0.5960787,0.48438415,0.34633958,0.58191675,-0.022760814,0.17952004,-0.03773263,1.6204766,2.31639,-0.023835208,0.61346257,0.25046164,-0.0711546,-0.09721519,0.10399101,-0.037186008,-0.25288045,0.081163585,1.9069189,-0.04069237,0.18705404,0.56387246,0.1635335,0.88277406,-0.20980053,0.8240274,-0.032743867,2.2673583,1.1637743,0.12435396,-0.04702386,1.3307596,0.8909396,1.0422585,-0.16100948,1.844504,2.078633,0.68369853,1.0055413,1.3938065,-0.09139137,-0.14686826,-0.004638724,-0.0626446,2.042108,-0.33623978,-0.061509438,-0.048787873,1.2675132,1.5447037,-0.045035433,-0.002342083,-0.02932322,-0.17747346
TCGA-CA-5796,-0.02726422,0.61537933,1.9487213,0.9929797,-0.33700073,2.0081835,2.2755516,0.5604014,0.24905448,-0.015484506,0.4888651,0.8249343,0.21216322,0.8752885,-0.030197078,0.4512316,-0.02408739,2.2969859,2.228501,-0.0021077292,0.9588869,-0.032081358,-0.061335456,-0.14366148,1.1238996,-0.011304683,-0.28664538,-0.0013363187,2.2895808,-0.023907352,0.8319347,0.49921215,0.4444602,1.5248276,-0.15934497,0.6062762,-0.019971473,2.1141195,0.7716157,0.46721053,-0.035837185,0.57082564,0.9732122,1.3633797,-0.1869623,1.6384832,2.087491,0.58676755,-0.007201238,0.9166977,-0.07902967,-0.19853698,0.08489424,-0.08399572,2.2509224,-0.36850294,-0.009826367,-0.058847398,1.330012,1.3764225,-0.08213421,0.25460818,-0.020805556,-0.24075389
TCGA-CA-5797,-0.003008304,-0.02369239,0.6385304,0.28279036,-0.08439277,0.8771044,0.8316423,0.83779037,0.47167248,-0.015295804,1.0066993,0.12449442,0.097558476,0.37831545,-0.018723333,0.11689254,-0.00031580738,1.0406377,0.92413867,-0.027850349,0.4195162,0.66959614,-0.019808449,-0.0703238,0.63799894,-0.050386894,-0.12990807,-0.0020255942,1.0894997,-0.016524022,0.10752413,0.19314633,0.1754198,0.6843817,-0.07656552,0.34860852,-0.035633054,1.0341449,-0.010380871,-0.0020352397,-0.025431296,0.68674237,0.36081195,0.06996866,-0.08126878,0.71093374,0.97639304,0.15442313,0.42732608,0.9921502,-0.049193747,-0.0768018,0.08985112,-0.03332975,1.0453453,-0.12545149,-0.018891744,-0.037142515,0.36279827,0.7449607,-0.04698264,-0.0029754848,-0.03229817,-0.081391275
TCGA-CA-6715,-0.036121607,0.1771833,1.346699,0.6399913,-0.15094624,1.3363793,0.79317695,0.8600008,1.1863465,-0.032022577,0.43184984,0.4719416,0.24676904,0.68101436,-0.025447283,0.54060113,0.079266384,1.0497811,1.6364651,-0.011414861,0.64727145,0.5778323,-0.060167488,-0.12046968,0.39220205,-0.02462374,-0.1866785,-0.068034425,1.3690428,-0.03779983,-0.020682614,0.23075245,-0.015252664,0.8730745,-0.18620984,0.7003166,-0.030701915,1.4584293,0.79094243,0.19376385,-0.02029389,0.77687275,0.5518285,0.3502673,-0.11387,1.2157725,1.4436051,0.16837294,0.906354,1.1700021,-0.06530035,-0.089889705,-0.0012043342,-0.04261812,1.4735631,-0.20804007,-0.027117733,-0.017192407,0.612463,1.262967,-0.02729005,-0.029169995,-0.026649667,-0.11261807
TCGA-CA-6716,-0.08134887,0.82488364,2.369328,0.5136659,-0.45051894,3.0548346,3.3345554,1.0737193,1.4337897,-0.026341131,0.00060584396,0.93513256,0.46479824,1.7750157,-0.03610657,0.79593086,-0.016598662,3.0814047,3.4800391,0.0586005,1.1193014,0.5058422,-0.110296406,-0.33732137,1.6075468,0.049223676,-0.40231505,-0.009578856,2.7371287,-0.06827111,1.0023515,0.46692842,-0.0040657646,1.8857639,-0.23916404,0.8168753,-0.07556521,3.3432243,0.42938462,0.41798156,-0.051270314,0.2245131,1.3117592,2.0726209,-0.2602121,2.5297196,2.6380043,0.89745253,1.5514443,0.56675607,-0.14233519,-0.18302046,0.021691412,-0.10608897,2.8734634,-0.48775157,-0.007669635,-0.07934826,0.29388034,2.526157,-0.15901075,0.2769209,-0.051186185,-0.3365752
TCGA-CA-6717,-0.044188894,0.20803525,1.5912122,0.4957593,-0.30254,2.3032777,2.096559,1.0968878,0.5559876,-0.039792724,0.26352805,0.57359207,0.3108935,1.2784345,-0.05267876,0.39199522,0.11174403,1.9942344,2.3507988,-0.018100837,0.78193355,1.115811,-0.075807475,-0.22682069,0.96071446,-0.011487115,-0.25425935,-0.03647297,2.246803,-0.02323671,0.39994976,0.17516194,0.024751792,1.6879693,-0.17640023,0.9135419,-0.04144674,2.3469744,0.16047704,0.42135304,-0.01897783,0.032553956,0.9656456,0.85304433,-0.16536474,1.7321724,2.0686457,0.09905124,0.300655,0.4844043,-0.09374028,-0.16963652,0.19210964,-0.08351707,2.240868,-0.3297057,0.069597945,-0.07443782,0.83553475,1.4940317,-0.082418166,0.20947814,-0.032613084,-0.23572896
TCGA-CA-6718,-0.0640743,0.29080307,2.130023,0.41669485,-0.42871198,2.705897,2.9176972,1.4628603,0.526916,-0.06119895,0.5533783,0.6048655,0.5691169,1.7891977,-0.05773453,0.27167344,-0.020470371,2.964842,2.779176,0.09675379,0.97955793,1.0983297,-0.11950357,-0.27174607,1.2603755,-0.034068357,-0.3323017,-0.0334606,2.4718704,-0.050914805,0.48999786,0.21285617,0.40987173,2.0108259,-0.2100188,1.0499841,-0.059122503,3.0418053,0.10659349,0.44126725,-0.034976393,0.17723395,1.1405659,1.5109379,-0.20630871,2.0846627,2.6177475,0.08822994,0.37220109,-0.01676402,-0.13605787,-0.19545794,-0.001966399,-0.10256373,2.6761947,-0.45062742,-0.021076791,-0.0949119,0.48495305,2.0801868,-0.12605199,0.17383897,-0.038875178,-0.32228062
TCGA-CA-6719,-0.03612128,0.29151332,1.6981298,0.444173,-0.32843658,2.1799238,2.6496372,0.5900642,1.2358698,-0.006816711,0.19717598,0.5044477,0.35858595,1.1132938,-0.042343434,0.47512564,-0.039089624,2.413617,2.5535054,-0.0067610876,0.89100593,0.7581268,-0.057906277,-0.23084696,1.5715159,-0.018271903,-0.31704715,0.047637913,2.0110404,-0.04983302,0.78458285,0.3788764,0.054475136,1.2996589,-0.17893888,0.6115319,-0.072544925,2.6203923,0.028830692,0.46918565,-0.004722658,0.63338935,1.0036457,1.5799592,-0.21339886,1.9082018,2.2273753,0.48675144,1.1512169,0.8640586,-0.0952646,-0.12869251,-0.02264006,-0.09401974,2.3466232,-0.35246897,-0.020784682,-0.06998687,0.2200115,1.7123266,-0.10501007,0.4891904,-0.020744199,-0.23640747
TCGA-CK-4947,-0.033178996,0.19025041,1.6127084,0.30511597,-0.26040247,1.7892015,2.1599574,0.51658815,0.2355565,-0.020880083,0.097945504,0.7031935,0.48376098,0.6226512,-0.02424175,-0.014368392,-0.046621677,2.3203568,2.6078424,-0.019964306,0.6595487,0.6187315,-0.08433365,-0.12004252,0.80876505,-0.0073914365,-0.2522131,0.3220861,2.1379979,-0.0021059667,0.54882735,0.5893314,0.5990874,1.279341,-0.1711796,0.50779516,-0.010478871,2.3583775,0.064360574,0.44638878,-0.038084343,1.1649499,0.76702195,1.5451286,-0.16945279,1.6397303,2.0890267,0.2779021,0.6114367,0.6797861,-0.12440958,-0.13998461,0.12575029,-0.079398155,2.1410463,-0.3647831,-0.008167917,-0.06487294,1.3508523,1.3465078,-0.08201914,-0.0031017798,-0.040357348,-0.22905639
TCGA-CK-4948,-0.015366775,-0.017697515,1.2484446,0.06516237,-0.13004282,1.2443378,1.1490608,0.5934657,0.20853269,-0.02012289,0.45500755,0.36057705,0.20946215,0.20040447,-0.01950348,-0.0040596896,-0.011981005,1.4162275,1.7852607,-0.042510014,0.43885377,0.66929674,-0.03270017,-0.035748184,0.077534646,-0.018846989,-0.1564541,0.07343551,1.6595577,-0.011863129,0.24231279,0.24498092,0.39589816,0.99280316,-0.13704656,0.52558935,-0.0018703983,1.8419915,-0.016895654,0.13051382,-0.028300425,0.91838616,0.5319093,0.667085,-0.12830871,1.1821785,1.2946836,0.08922438,0.40440667,0.9917773,-0.09602804,-0.11113484,0.21468519,-0.051903915,1.4251359,-0.20467293,-0.027792273,-0.059673,1.2728058,0.9792027,-0.048923887,0.017276,-0.020060638,-0.12806751
TCGA-CK-4950,-0.048906926,0.33616328,1.697282,0.6046488,-0.33137497,2.091738,2.5893767,0.8403018,-0.00073236565,-0.03642874,0.0029158518,0.6858875,0.5446686,0.957557,-0.01751226,0.17322242,-0.039104003,2.4563591,2.5316017,-0.017818691,0.8329099,0.20062375,-0.09290239,-0.18978988,0.85395634,0.02266886,-0.28378522,0.06042127,2.3008657,-0.025714858,0.65287185,0.5835176,0.7856539,1.4795737,-0.18226682,0.57536095,-0.025204042,2.4824948,0.2065336,0.43599996,-0.025836488,0.8556236,0.88446623,1.4697036,-0.16623333,1.6215442,2.309071,0.48073405,-0.011954415,0.34534705,-0.118434206,-0.18508835,0.22226267,-0.094025515,2.305525,-0.39434025,-0.026659891,-0.065365374,0.9671997,1.5755705,-0.078118555,0.017285645,-0.02410138,-0.23466885
TCGA-CK-4951,-0.050381083,0.14826229,2.0131047,0.31874806,-0.39444742,2.641478,2.8030198,0.8680588,0.52949584,-0.050961453,0.015498884,0.82918495,0.74874556,1.2060385,-0.035609934,0.2674677,-0.06293312,2.9826415,3.1956553,-0.009011957,0.8841564,0.48800486,-0.12320256,-0.19048113,0.8006397,-0.023253445,-0.3565074,-0.0060696607,2.6856134,-0.035277143,0.51595,0.69212425,0.37391478,1.7290813,-0.23052624,0.64825994,-0.028491575,3.268849,0.4583361,0.49317425,-0.0498943,0.5870554,0.95904297,2.0826588,-0.21253505,2.0426648,2.5061133,0.33405715,0.3665642,0.4002356,-0.13959624,-0.21688373,-0.0025589957,-0.10422406,2.5855222,-0.47050378,-0.021519912,-0.078573935,0.9767502,1.9851216,-0.12403419,0.11229815,-0.044287637,-0.30344546
TCGA-CK-4952,-0.031981967,0.32676148,2.0729582,-0.008429846,-0.41356912,1.7284849,2.8517365,-0.06272399,0.10482404,-0.0668255,0.7269787,0.65538335,0.29679027,0.24896716,-0.0050675706,-0.019482592,-0.11911515,2.6960433,2.810397,0.06978695,0.69912463,0.40987673,-0.057562627,-0.13697658,1.1963185,-0.04679541,-0.3528578,0.37539598,2.471043,-0.013269268,1.1410311,0.6920365,0.46007866,1.324276,-0.10484699,-0.005936551,-0.029315028,2.799371,0.124946624,0.6508231,-0.024562784,0.96072406,0.901191,2.9615362,-0.16953611,2.015878,2.2374234,1.0207354,0.2737602,1.2497202,-0.09150544,-0.18255913,-0.013502667,-0.09108732,2.1404483,-0.3996225,-0.022914382,-0.08252502,0.89460814,1.4013808,-0.14593436,-0.0042012646,-0.01481605,-0.2657699
TCGA-CK-5912,-0.011933438,-0.021114653,1.2841676,0.41589266,-0.1685162,1.2009172,1.3501805,1.002684,0.90559673,-0.029233916,0.82366025,0.1540514,0.16784742,0.9334043,-0.042821717,0.34574896,-0.00822254,1.5731579,1.9492276,-0.03177544,0.63664955,0.21460989,-0.07020934,-0.17794906,1.0663497,0.1756586,-0.18517584,-0.031051084,1.5709713,-0.039059024,0.25733262,0.1592038,0.042749114,0.65520775,-0.10120624,0.18735804,-0.027776107,1.8700944,0.41001517,0.3817854,-0.04540944,1.1241515,0.72060853,0.105488755,-0.13280743,1.0228907,1.7149918,-0.0036825628,1.424482,0.09002072,-0.07801583,-0.06593203,-0.025557876,-0.06695355,1.7212776,-0.22123742,-0.046681967,-0.03595309,-0.0012135275,1.2522776,-0.05310413,0.11714501,-0.041773405,-0.13842161
TCGA-CK-5913,-0.032426104,0.47325987,2.0329037,-0.0013175813,-0.40529948,2.0261405,2.975512,-0.007420962,0.4277852,-0.05152611,0.2653121,1.0192221,0.35076684,0.69190085,-0.004275565,-0.015222127,-0.086942725,2.9588997,3.016445,-0.0021778645,0.8784893,0.22213978,-0.123068236,-0.10969005,0.13087058,-0.03536757,-0.34036127,0.3741998,2.494505,-0.004330608,0.8692518,0.80588883,0.419819,1.7613621,-0.19195077,0.33358023,-0.007292505,2.9940367,-0.007188447,0.60053843,-0.044205923,0.6875569,0.87272185,2.7446084,-0.18668321,1.8133541,2.516734,0.56300575,-0.0041351677,0.7707519,-0.12263074,-0.17839448,0.0738078,-0.094660416,2.420506,-0.4779736,-0.0050087785,-0.07988756,1.0149482,1.5151652,-0.13292722,0.19302304,-0.026025215,-0.2809994
TCGA-CK-5914,-0.06006957,0.25787276,2.1822898,0.41663167,-0.32471457,2.4683003,2.6039896,1.0994611,1.8545642,-0.018865624,0.24997732,0.7565847,0.51018274,1.344137,-0.071632944,0.8290133,-0.034170143,2.7642627,3.119136,-0.07384256,1.0097405,0.8413566,-0.112578444,-0.29420942,1.7937986,0.16041768,-0.37504512,0.50795734,2.7079458,-0.021143747,0.5783367,0.53183246,0.009217421,1.4274648,-0.21208994,1.0221593,-0.031270176,3.1160758,0.48362723,0.5006984,-0.033367984,0.6333733,1.06081,1.6695554,-0.254984,2.342612,2.436978,0.49463242,1.6711437,0.72510046,-0.10857353,-0.117508166,-0.0112793865,-0.08646561,2.5861754,-0.4090229,-0.04620453,-0.06167939,0.63001746,2.1988997,-0.107585944,0.19240281,-0.04452419,-0.26036096
TCGA-CK-5916,-0.052165758,0.556505,2.231129,0.49204654,-0.4437917,2.5550106,3.0730257,0.8293516,0.6473656,-0.05659944,0.17843923,0.95004404,0.52076626,1.2341263,-0.034288183,0.124861754,-0.029074136,3.0736954,3.3848917,0.040775746,0.9645508,0.46180603,-0.14234586,-0.19480741,0.43368596,-0.010833738,-0.3795935,-0.025666377,2.7638347,-0.03922441,0.627859,0.6331465,0.6482279,1.9905798,-0.2695534,0.8526572,-0.009279725,3.2553196,0.4197867,0.4520804,-0.06460436,0.2940653,0.999682,2.2344398,-0.21730152,2.116191,2.707236,0.43411613,0.4112321,0.35586196,-0.1353271,-0.23021041,0.07598248,-0.09952706,2.813553,-0.51936203,-0.008399209,-0.111423016,1.1796653,1.8782392,-0.13115948,0.17577553,-0.043467723,-0.33434278
TCGA-CK-6747,-0.028715847,0.7543693,1.9464253,0.62995213,-0.30484924,1.7659638,2.349412,0.5201318,0.5189878,-0.030022487,0.007975988,0.7383354,0.3174657,0.74727106,-0.04801116,0.6747123,-0.06240436,2.6209283,2.890587,0.07583271,0.85203725,0.29134148,-0.072393246,-0.14455968,1.3913468,0.34253505,-0.2883057,0.6428692,2.407776,-0.015254835,0.47572756,0.5713756,0.65060836,0.98600274,-0.15916161,0.37189662,-0.01970103,2.854614,0.5582636,0.47445786,-0.029603383,1.0111313,0.82232434,1.8391198,-0.17291725,1.8724573,2.2734663,0.7148926,0.7421637,0.20181656,-0.12164577,-0.14905535,0.0693104,-0.047129,2.5764606,-0.3931642,-0.0161174,-0.06630341,1.1910747,1.502278,-0.11143928,-0.0015476781,-0.015691662,-0.26359877
TCGA-CK-6748,-0.024287602,0.20876691,1.5974842,0.7191395,-0.27375337,2.198995,1.822953,1.1545724,1.1751659,-0.024477044,0.025148444,0.6521242,0.27162555,1.1082927,-0.047092978,0.736271,0.05609687,2.0423152,2.5557425,-0.039900944,0.91446286,0.54650915,-0.071565,-0.18821546,0.83551276,-0.0006156776,-0.30168498,-0.009017324,2.4664407,-0.04787549,0.39102012,0.34752473,0.024242276,1.433595,-0.20825715,1.1756529,-0.034797806,2.4830463,0.49795556,0.41210163,-0.046110675,0.47677773,0.97269416,0.81892335,-0.17660104,1.7484609,2.2563405,0.25857663,0.6874444,1.1738043,-0.101755224,-0.15190034,0.31591937,-0.085305415,2.3676543,-0.3106408,-0.023922445,-0.06548244,1.2766756,1.6371434,-0.06660547,0.2528373,-0.055156477,-0.21439265
TCGA-CK-6751,-0.04924254,0.51436263,2.0424502,0.40811226,-0.39978063,2.1242087,2.7118676,0.27293828,0.26097387,-0.017324345,0.24964243,0.6952422,0.32468238,0.71451175,-0.02615878,0.12941572,-0.06574839,2.7905009,2.841091,-0.016511202,0.7200322,0.6297731,-0.09554745,-0.16906843,1.00395,-0.022924185,-0.34101242,0.37228984,2.3481004,0.086973354,1.000066,0.7026532,0.7875012,1.4887861,-0.19414125,0.39257982,-0.024501927,3.032955,0.17607576,0.33733833,-0.027842278,0.93333113,0.9112398,2.6165555,-0.19844058,2.0909567,2.4434183,0.80539095,0.24834792,0.46017194,-0.13973984,-0.18326367,0.11674261,-0.09261539,2.4878187,-0.4576055,-0.0134731075,-0.07877092,0.9894745,1.5179712,-0.12673268,-0.0135771455,-0.030346299,-0.2804874
TCGA-CM-4743,-0.037611593,0.16525824,1.5820551,-0.013445293,-0.33161324,2.0006878,2.275773,1.0224923,0.31585574,-0.050302006,0.3865753,0.5933444,0.18845138,1.0146097,-0.03632499,-0.011585117,-0.014935627,2.1041386,2.3742185,0.0025797766,0.67250174,1.1686809,-0.086926766,-0.15671234,0.5662727,-0.037455946,-0.24370769,-0.040682092,2.1598287,-0.014544605,0.3814656,0.3020503,0.03706006,1.7741692,-0.16220218,0.83028966,-0.02824615,2.4332206,0.047443133,0.17391685,-0.007383702,-0.017674195,0.9186185,1.1360278,-0.14196385,1.5400704,2.0911465,0.16099703,0.038532957,0.18101612,-0.102664255,-0.15454657,0.039926298,-0.083651155,2.0101626,-0.3615256,-0.0010770607,-0.08919438,0.84310126,1.4887874,-0.09066024,0.31690985,-0.034911744,-0.2453763
TCGA-CM-4744,-0.028557375,0.20126747,1.8562489,-0.0203773,-0.3222183,1.7986486,2.2689805,0.34491765,0.26418963,-0.01967602,0.47478008,0.5450876,0.2251198,0.6555318,-0.035970137,-0.015572679,-0.076912165,2.644114,2.430835,-0.016281726,0.74529153,1.0674016,-0.09000062,-0.17139137,1.2612554,-0.032291245,-0.29583165,0.53646314,2.0808403,-0.019084843,0.7017759,0.4620186,0.4205504,1.2142237,-0.115659796,0.33187628,-0.03759263,2.6527233,-0.05412474,0.3928909,-0.03681419,0.9337827,0.7690893,2.173988,-0.18182027,1.6983863,1.9847732,0.32763052,0.67830545,0.60674894,-0.096447594,-0.14435081,-0.03284508,-0.08025532,1.9667407,-0.34670645,-0.028043756,-0.096390225,0.41916272,1.708836,-0.105922304,-0.014959022,-0.036681846,-0.2431444
TCGA-CM-4746,-0.046675082,0.048286982,1.5324396,0.55570936,-0.273653,1.7034336,1.7777343,0.42638686,0.6497701,-0.04473156,1.0323718,0.53995377,0.25152072,0.78848016,-0.03749549,0.3679984,-0.04584514,1.7028743,1.9263718,-0.030737398,0.6937281,0.5580635,-0.08371388,-0.18292452,1.444844,-0.0024607882,-0.26471782,-0.027991632,2.2030027,-0.033302538,0.38169613,0.090134926,-0.0021936975,1.2126911,-0.11058744,0.342659,-0.049410623,2.0676541,0.343955,0.34621286,-0.003084353,0.41123104,0.6637197,1.0993867,-0.16540524,1.6031538,1.6447275,0.5620467,0.40037537,1.1817636,-0.07503433,-0.11853435,-0.032325573,-0.07380005,2.0361023,-0.24325001,-0.04986919,-0.07169947,0.7802055,1.4016633,-0.07867397,0.27754024,-0.020076482,-0.2002999
TCGA-CM-4747,-0.037277628,0.3037938,2.1360624,0.38128337,-0.34226608,2.3295357,2.3532145,0.8671042,1.0021434,-0.044985272,0.3904655,0.73651314,0.24143736,1.3300061,-0.031017765,0.49262604,-0.029180685,2.6369672,2.7448308,-0.05585316,0.76157457,0.61055684,-0.07747011,-0.24405463,1.5668883,-0.00034355372,-0.34322223,0.018676046,2.5552506,-0.031122798,0.74436027,0.1627451,0.3513199,1.6583599,-0.16654883,0.86763465,-0.024663126,2.9349756,0.2307095,0.5245076,-0.04100158,0.68828297,1.1345943,1.5076556,-0.23454888,1.9935534,2.2754676,0.26972455,0.6653632,0.4524025,-0.115819946,-0.13412714,-0.006380123,-0.08580752,2.617802,-0.39319256,-0.0059000216,-0.07411518,0.6566128,2.03414,-0.10966243,0.17524011,-0.020197475,-0.26486233
TCGA-CM-4748,-0.034386374,0.25969905,1.5031606,0.48678362,-0.23558767,1.9691725,1.8802559,1.1028273,0.37394106,-0.039491385,0.88994217,0.4480573,0.20897345,1.0503914,-0.0346889,0.6492853,-0.008320247,1.7345672,1.9925169,-0.028535673,0.7007948,1.0950384,-0.0638339,-0.19455026,1.1415398,-0.012767364,-0.20154011,-0.02419199,1.8528066,-0.032052737,0.5520243,0.27212423,0.34748644,1.5299127,-0.11779338,0.7008108,-0.048122652,2.2123168,0.04902877,0.18255866,-0.010605749,0.3731621,0.8311219,0.657612,-0.13667671,1.4648874,1.7721136,0.20314507,0.5269212,0.63685167,-0.0727836,-0.12363366,-0.00853478,-0.07483839,1.8208225,-0.2803648,-0.016574515,-0.0279451,0.7506519,1.4966217,-0.079620786,0.41335064,-0.038789824,-0.18707125
TCGA-CM-4750,-0.03983489,0.027621627,1.7364321,0.20722724,-0.26517797,2.0417273,1.9024785,0.57805973,0.8741267,-0.0036825829,0.4530219,0.4609925,0.4733408,0.5743747,-0.036558952,0.20879656,-0.07436458,2.3427799,2.639816,-0.022774,0.67988366,0.5344252,-0.060294267,-0.13941474,1.0699701,-0.018884366,-0.29956108,0.4607478,2.1657393,-0.017031148,0.6027769,0.4757797,0.26613414,1.0094563,-0.17664593,0.5555056,-0.020522263,2.7001717,0.33456653,0.26965415,-0.042858567,1.4089862,0.8034912,1.5822333,-0.20219992,1.8605175,1.953387,0.55306184,1.0048871,1.0778877,-0.08541518,-0.1518345,-0.001934931,-0.082900696,2.11022,-0.3272252,-0.029273486,-0.07075698,1.0858512,1.6250055,-0.0782287,-0.02142365,-0.05096283,-0.21701019
TCGA-CM-4751,-0.047536623,0.19214277,1.6837329,-0.0042158035,-0.34485313,2.0560255,2.5634775,0.59440404,0.44051558,-0.045350116,0.5164929,0.53317124,0.32734165,0.9604963,-0.032796796,0.21669382,-0.06613808,2.525609,2.475306,-0.028439471,0.6995724,1.1306726,-0.090461455,-0.19141547,1.1222987,-0.03241848,-0.29801196,0.18743911,2.2294738,-0.031835236,0.6428334,0.36205044,0.3164392,1.4828438,-0.14368469,0.6142283,-0.035045583,2.6157577,-0.029156236,0.40073118,-0.021920145,0.5513317,0.67041177,1.768455,-0.16547859,1.7300338,2.173759,0.31966132,0.40242416,0.43869165,-0.0823502,-0.15079734,-0.015859663,-0.1028324,2.2021809,-0.39191374,0.043842554,-0.065348126,0.659739,1.5097754,-0.09086417,0.084862284,-0.04289936,-0.24009693
TCGA-CM-4752,-0.014940334,-0.020016408,1.1129931,0.26919866,-0.17455673,1.4040791,1.3475102,0.7104161,0.76313895,-0.014976419,1.125685,0.38016352,0.23554619,0.60072595,-0.041181874,0.21814203,-0.02399849,1.4655938,1.6726632,-0.05904295,0.40527055,0.92903376,-0.037317414,-0.117797546,0.7515956,-0.015323265,-0.19576606,-0.008253869,1.8624682,-0.0063717957,0.32358402,0.18842475,0.018606434,1.0035986,-0.10475458,0.49505478,-0.011132345,1.7150536,-0.011607416,0.23515543,-0.024922272,0.832432,0.8037552,0.6592343,-0.13310872,1.4360615,1.5792491,0.18323946,0.5034526,0.9406469,-0.07678464,-0.0865891,0.07429571,-0.066416316,1.6121945,-0.2097715,-0.038868718,-0.05460858,0.9749411,1.2350303,-0.053177923,0.2166991,-0.018399527,-0.13539712
TCGA-CM-5341,-0.038537104,0.2310429,1.8544129,0.6513428,-0.30743793,2.5733168,2.5419989,1.2865207,0.9534159,-0.036263026,-0.0037039965,0.74492794,0.4782044,1.4352163,-0.051538285,0.35534295,-0.002497108,2.532077,2.9383483,-0.026578987,0.832521,0.54568356,-0.08893423,-0.22510044,0.9967693,-0.015101068,-0.30052847,0.076726735,2.4453855,-0.03457233,0.7357222,0.49273545,0.5320973,1.6251825,-0.24177568,0.8917081,-0.037848484,3.0180829,0.5060572,0.4283263,-0.024427837,1.0752608,1.1255964,1.2433285,-0.22625355,1.9422128,2.5288532,0.16916335,0.90156347,0.39288026,-0.13450348,-0.18665358,0.10760732,-0.09004157,2.4008236,-0.40439567,-0.021707421,-0.05974983,0.8965004,1.8968855,-0.10587802,0.24168825,-0.06728021,-0.2605691
TCGA-CM-5344,-0.0034972893,0.07226211,1.0902742,0.5787336,-0.1570052,1.3914583,1.2411269,0.6683556,0.7521232,-0.021981414,0.08214516,0.3001955,0.22732787,0.39882722,-0.021438254,0.28630233,0.02899902,1.3970945,1.8747817,-0.03710245,0.5638369,0.4304329,-0.023098702,-0.05638972,0.26069567,-0.013158095,-0.17674042,0.1325571,1.8888113,-0.011756127,0.12383403,0.2839171,0.0042017046,0.63162273,-0.1559297,0.79208577,-0.029274702,2.032934,0.5925516,0.23910642,-0.015800498,1.0548232,0.59583926,0.4904741,-0.10560799,1.2940779,1.595349,-0.0015406922,0.6972963,0.99473447,-0.07606711,-0.109777115,0.16348109,-0.08020422,1.7103649,-0.21029694,-0.025655031,-0.047303643,1.2613554,1.0995845,-0.02842514,0.016318325,-0.02694439,-0.14078614
TCGA-CM-5348,-0.012754845,1.0430813e-06,1.5547935,0.14949477,-0.21852608,1.5614711,1.6108896,0.63436556,0.4733695,-0.024293123,0.60796106,0.27221137,0.26892623,0.606427,-0.019991988,0.269001,-0.033122957,1.8887128,2.1503453,-0.025706032,0.75996584,0.9767,-0.039486524,-0.13243808,0.7711595,-0.009717143,-0.22594093,-0.004674199,1.8857695,-0.023600724,0.25987893,0.3289145,0.040228046,1.2832025,-0.1224586,0.46655548,-0.041489735,2.1181278,-0.04471682,0.37464535,-0.02503921,0.8848673,0.90623397,0.7002603,-0.14117187,1.4478747,1.6380645,0.102165736,0.25957882,0.79124945,-0.06834779,-0.112998895,0.00037323684,-0.05342394,1.8093477,-0.25436422,-0.04136822,-0.038302355,0.5635964,1.29197,-0.077795565,0.04634363,-0.0070383074,-0.18600605
TCGA-CM-5349,-0.03548803,0.23735423,1.7045838,0.6455179,-0.32152292,2.196149,2.371581,0.946258,0.6893287,-0.032845594,0.22872928,0.8240059,0.41208574,1.2599784,-0.01811644,0.28923416,-0.009549535,2.3479695,2.8907244,-0.013352697,0.79373425,0.71564656,-0.06653767,-0.16408207,0.43514246,-0.01032064,-0.29811075,-0.018475022,2.6208642,-0.036341485,0.53606737,0.37106925,0.3370104,1.7252777,-0.26829538,1.0249153,-0.017996585,2.808508,0.66875136,0.4775458,-0.018463349,0.6422142,1.0246066,1.2416093,-0.1828316,1.9176567,2.4330409,0.20880878,0.4731893,0.42224285,-0.12944846,-0.1822202,0.22436553,-0.10097108,2.6075058,-0.42178106,-0.02751132,-0.06014685,1.5782998,1.6422069,-0.07920055,0.16515242,-0.031555187,-0.25020304
TCGA-CM-5860,-0.06537475,0.328784,1.8341073,0.35549575,-0.33184755,1.9815606,2.4276009,0.95681256,0.39102888,-0.0532978,0.4031962,0.6228639,0.5081874,0.7332474,-0.04782699,0.071675465,-0.05428957,2.3514001,2.1313174,-0.0021198015,0.7566024,0.6165619,-0.10356122,-0.25524113,1.8730916,0.10246572,-0.31015787,0.2605925,2.0302074,-0.008332773,0.8362607,0.26570994,0.3333515,1.3893749,-0.09153781,0.30312985,-0.029515866,2.267834,0.10122757,0.5803012,-0.04199624,0.30849713,0.63419163,2.0535874,-0.18441187,1.7493554,1.9398897,0.5664387,0.28266847,0.10591577,-0.087568276,-0.14338195,-0.04401438,-0.07241082,1.9889406,-0.36123818,0.17039916,-0.08726265,0.12678817,1.7507951,-0.12918894,0.0681627,-0.027271718,-0.22339645
TCGA-CM-5861,-0.033058576,0.3815158,1.9613782,0.2880295,-0.40585575,2.2461739,2.9099925,0.256133,0.63203716,-0.045798857,-0.0052069873,0.9787999,0.38594174,1.0866723,-0.017189533,-0.0062409663,-0.05521623,2.742295,3.1175342,0.25146514,0.8278621,-0.010050394,-0.12554736,-0.1434821,0.37756473,-0.036841244,-0.35773513,0.16952494,2.5368235,-0.014328447,0.43635827,0.538887,0.35863853,1.830616,-0.23254326,0.59846777,0.027229272,2.8925889,0.4635606,0.42314917,-0.04756737,0.1911412,1.0533049,2.3508701,-0.21267703,1.9329952,2.5185454,0.5266928,0.15414533,0.5376608,-0.11420703,-0.19181526,-0.0031309337,-0.07290203,2.7122319,-0.4752178,-0.025682956,-0.0609108,0.96551514,1.6801773,-0.112081766,0.2623525,-0.041380275,-0.3205166
TCGA-CM-5862,0.16672534,-0.012604745,1.567279,0.3494689,-0.23476402,1.8577753,2.1010501,0.48561475,0.6187799,-0.033550527,0.73655844,0.6261324,0.30545163,1.0245904,-0.03646229,0.3798987,-0.046771463,2.2574809,2.1603353,-0.004348144,0.7883498,0.754065,-0.017216133,-0.24156044,1.6625834,0.72165954,-0.2706059,0.22740887,2.079859,-0.015269582,0.4248401,0.12790425,0.2200277,1.3329518,-0.10371108,0.07815039,-0.040014382,2.5048437,-0.030775815,0.85739857,-0.003157609,0.69353706,0.8696143,0.731926,-0.1678256,1.4188619,2.0063019,-0.000432615,1.3846341,0.47055992,-0.11387259,-0.10440649,-0.010073552,-0.05270483,2.0769973,-0.35085952,-0.046382904,-0.04975867,-0.017931137,1.4825052,-0.091234684,0.11139591,-0.031160502,-0.18652591
TCGA-CM-5863,-0.020773252,0.13010262,1.5798862,0.7499766,-0.26376247,1.9266613,2.217051,0.7744115,-0.005305784,-0.027547577,0.35115746,0.4764543,0.18956774,0.6896851,-0.009719055,0.33048204,0.047152605,2.0095015,2.3584287,-0.023795245,0.6090515,0.5872498,-0.046210606,-0.09947876,0.67302436,-0.002318859,-0.21770318,0.009870384,2.402121,-0.015269461,0.52081096,0.38956526,0.40621006,1.4131272,-0.16300403,0.656463,-0.0016510386,2.3512833,0.39648455,0.35062262,-0.02569606,0.7227295,0.7979259,1.0281638,-0.14010033,1.6700943,1.9633082,0.26852602,0.105458915,0.6029086,-0.092551395,-0.17326236,0.24770173,-0.05911709,2.1408691,-0.33960602,-0.027713472,-0.0559613,1.5262467,1.1964532,-0.06729164,0.20533353,-0.021208208,-0.20757549
TCGA-CM-5864,-0.040814582,0.02526392,1.9603032,0.25093296,-0.25527385,2.0609643,2.3089275,0.59493876,1.1372281,-0.02111644,1.0188986,0.32494858,0.41763532,1.1361719,-0.036081307,0.44698048,-0.049650993,2.2170384,2.2595181,-0.047641005,0.9320681,0.42053115,-0.07107994,-0.2390683,1.3481307,0.3921306,-0.2924678,0.3399712,1.7503057,-0.040545847,0.68363434,0.44752675,0.4741875,0.8114339,-0.09843596,0.4224487,-0.05970986,2.3938453,0.10831208,0.3933339,-0.0028395283,0.82159185,0.68025655,1.3252174,-0.16749157,1.6749794,1.9818935,0.38897645,1.0906613,0.5217951,-0.07517298,-0.08987306,-0.0063827443,-0.07618319,1.9403803,-0.3389375,-0.056665387,-0.054411184,-0.01278379,1.8128765,-0.086507775,0.11137655,-0.009083718,-0.19984703
TCGA-CM-5868,-0.011552176,0.35109586,1.0788792,0.5324543,-0.15945166,1.3002924,1.2326007,0.81223726,0.6838672,-0.02025849,0.15319386,0.37801313,0.2569821,0.54706836,-0.028194113,0.35037148,-0.012151966,1.368059,2.1159194,-0.04072536,0.55816907,0.19900727,-0.035643883,-0.044252086,0.022375751,-0.024005866,-0.19413342,0.26488513,1.8308403,-0.015001388,0.10406406,0.16073759,0.15079123,0.7576131,-0.1998495,0.84039104,-0.013874843,1.8543007,0.64425874,0.009090845,-0.039676532,1.6021204,0.6276694,0.6539077,-0.14036249,1.204345,1.6738847,0.4694345,0.74299747,0.99332726,-0.08912776,-0.12819336,0.3078968,-0.040483885,1.9018357,-0.23844849,-0.037441358,-0.024694772,1.6922947,1.1108594,-0.036424477,0.08317446,-0.022862567,-0.14319573
TCGA-CM-6161,-0.046532836,-0.0053078844,1.6017644,0.53344274,-0.2404296,1.9827248,1.9682566,0.42501545,0.6596023,-0.022786217,0.41188693,0.44712818,0.42266527,0.78718555,-0.01631237,0.27096063,-0.032577634,1.8106877,2.5697885,-0.063310854,0.7166515,0.344559,-0.06302819,-0.112641744,0.2534117,-0.00483928,-0.23270829,0.057339203,2.343458,-0.015197456,0.5177139,0.61360675,0.60965234,1.1747646,-0.19462755,0.9031848,-0.0215518,2.5852506,0.30576515,0.33430624,-0.06568466,1.1260982,0.97453517,1.3325158,-0.16620205,1.9014436,1.9551013,0.74455476,0.8988508,1.1206163,-0.07813661,-0.15593244,0.31569204,-0.043614127,2.2288167,-0.33216053,-0.063588165,-0.06461271,1.5617062,1.5178478,-0.07820564,0.0033977786,-0.048519876,-0.18426174
TCGA-CM-6162,0.117463835,0.32195115,0.94788516,0.36612645,-0.1521462,1.2968638,1.1467755,0.7966184,0.064017355,-0.03059626,0.019670919,0.33870035,0.13486208,0.6707952,-0.0066037485,0.34588802,0.0486253,1.3157955,1.8706903,-0.024524527,0.508511,0.7420716,-0.035744444,-0.030233724,-0.023353448,-0.01886214,-0.12932639,-0.02658513,2.0249457,-0.008815554,-0.0015946247,0.0133088995,0.3071789,1.2191143,-0.17855702,1.0295404,-0.01325349,1.6457382,0.3324626,-0.004540978,-0.020351322,0.77490294,0.48153505,0.044263467,-0.10293766,0.9999274,1.4905605,-0.013493289,0.010860249,0.62739444,-0.07380131,-0.13897352,0.4458546,-0.06307438,1.5845553,-0.22372626,-0.03686305,-0.03169289,1.7733237,0.80917096,-0.020206314,0.034068238,-0.052293897,-0.15862475
TCGA-CM-6163,-0.035390574,0.2878871,1.8605326,0.544167,-0.2740338,2.1480768,1.8395859,1.6552591,0.7490398,-0.03153149,0.4886016,0.3950449,0.33501843,1.1626241,-0.035086352,0.5707501,-0.010389203,1.9521227,2.102639,-0.037291627,0.6997503,0.599691,-0.080751255,-0.1969472,1.0881311,-0.0024060875,-0.24787632,-0.0018639233,1.9971055,-0.067225106,0.35801074,0.4710211,0.05864513,1.1759002,-0.1524801,0.84253776,-0.04442783,2.33934,0.3565242,0.24023882,-0.0052217147,0.47178,0.89772266,0.79998446,-0.159344,1.6552393,1.9938934,0.01925046,0.56438375,0.41440532,-0.0740411,-0.1187783,-0.012676559,-0.06871653,1.8607466,-0.31016406,-0.0007049329,-0.04369239,0.77718145,1.6183298,-0.08991809,0.33568433,-0.0380545,-0.2038716
TCGA-CM-6164,-0.0029521154,0.3478282,1.2733613,0.54385155,-0.16088076,1.4978153,1.4015533,0.918833,0.67163223,-0.028331637,0.26506996,0.5183443,0.19643813,0.61714756,-0.028891493,0.46799198,-0.00022280402,1.5654237,2.1127882,-0.05198003,0.649069,0.52890754,-0.048411526,-0.051457226,-0.0046894685,-0.01496008,-0.1860713,-0.004403249,1.9995953,-0.0026457687,-0.0030218144,0.39688364,0.15512651,0.95549494,-0.20348234,1.1567404,-0.013016281,2.0570385,0.32453468,-0.00025309212,-0.024666836,1.0872514,0.6075812,0.55518275,-0.13032204,1.4315454,1.8196222,0.023156382,0.813964,0.7810867,-0.10917592,-0.12195702,0.35877246,-0.06887043,1.8554858,-0.26879343,-0.06026524,-0.036434088,1.5200157,1.1036261,-0.059752166,0.053292237,-0.04426149,-0.14922531
TCGA-CM-6165,-0.056146033,-0.0032992407,1.6403178,0.54977363,-0.28295884,2.1372573,2.0879726,1.3674457,0.6983419,-0.032507464,0.76186216,0.5821625,0.43114772,1.0928259,-0.0061610825,0.6754085,0.03918345,2.229789,2.3073108,-0.04473087,0.77064306,0.49015558,-0.07928371,-0.20533359,0.9659179,-0.00023236051,-0.25910026,-0.005674692,2.123022,-0.025569126,0.2210378,0.49905705,0.13092119,1.3132169,-0.13876782,0.65907735,-0.03505095,2.4773629,0.29675728,0.19210039,-0.023485564,0.8601947,0.7919325,0.47604752,-0.14981155,1.5982811,1.9964426,0.096555084,0.38193738,1.0065619,-0.1115736,-0.15401186,-0.00042113662,-0.08556987,2.1785197,-0.3241236,-0.039524656,-0.025586812,-0.0012497973,1.788363,-0.062255215,-0.015400911,-0.06421028,-0.2044174
TCGA-CM-6166,-0.06376152,-0.005837001,2.1188233,1.126692,-0.28207028,1.7472845,2.3071296,0.73458236,0.34329563,-0.041068252,0.11147114,0.6372321,0.50011253,0.71745646,-0.016562607,0.35631818,-0.01715426,2.0297942,2.6476705,-0.008467697,0.620135,0.0733192,-0.068007566,-0.19083723,1.384638,0.0067509897,-0.26842615,0.33777532,2.2708778,-0.022301411,0.7323223,0.38713476,0.571847,1.0243427,-0.20080702,0.66700155,-0.004593392,2.4950962,0.6549154,0.37089485,-0.042472336,1.3242536,0.85518944,1.4980907,-0.21111229,2.0913508,2.065173,0.6917788,1.1740477,0.4163924,-0.10802177,-0.18759502,0.1031445,-0.06763983,2.403954,-0.35530496,-0.051025607,-0.0803146,1.3512917,1.7390101,-0.07278655,0.20382667,-0.042666025,-0.2183467
TCGA-CM-6167,-0.010619878,0.10929681,1.2886183,0.57935375,-0.17690685,1.5812461,1.5226886,1.2070639,0.051564988,-0.039650492,0.15011555,0.32303968,0.15145442,0.8433159,-0.027479041,0.25999978,0.053244818,1.5653274,2.147594,-0.044117928,0.51656437,0.73490393,-0.031994656,-0.07933651,0.19544196,-0.01996854,-0.16646382,-0.029269943,2.2338762,-0.007821632,0.17288047,0.0642898,0.26608628,1.1930053,-0.19102137,0.94861126,-0.0068621277,1.9835835,0.28059644,0.103945464,-0.024662375,0.8353348,0.6172317,0.4096294,-0.1474113,1.3578062,1.898583,0.047035962,0.44615853,0.45165026,-0.10566727,-0.1668678,0.19084975,-0.05887842,1.9966606,-0.26310506,-0.027226744,-0.054201163,1.792192,1.0415004,-0.03956839,0.23726496,-0.04011196,-0.16975805
TCGA-CM-6168,-0.029580547,0.24888231,1.6318705,0.6461567,-0.26186302,2.081642,2.0276399,1.0150568,0.19377354,-0.046445277,0.60386777,0.6136334,0.28670132,0.94179857,-0.032843612,0.18392956,-0.02241044,2.1004884,2.5909991,-0.033373103,0.7079814,0.79392236,-0.06567496,-0.12770514,0.4272883,-0.0063305856,-0.24728222,-0.0014347647,2.4587476,-0.009065094,0.5033655,0.36195493,0.5429482,1.5637316,-0.21074143,0.88395613,-0.007513284,2.5082095,0.25428867,0.27306783,-0.015922071,0.7865001,0.8808634,1.1481274,-0.17704794,1.648614,2.266894,0.20563017,0.33449185,0.6676672,-0.12028414,-0.17827669,0.1889078,-0.06766995,2.3116007,-0.35712346,-0.029205007,-0.070787445,1.7100776,1.4457368,-0.07754263,0.20064525,-0.04385279,-0.2142096
TCGA-CM-6169,-0.030410944,-0.006777053,1.279734,0.42561108,-0.20891698,1.5118082,1.8035603,0.83203274,0.4635781,-0.03920773,0.93397146,0.20109151,0.21547855,0.78679985,-0.02904361,0.10678037,-0.024329951,1.7131609,1.7012963,-0.037070762,0.5072977,0.8330115,-0.040556923,-0.1673528,1.0749018,-0.0064513884,-0.1998495,0.112173945,1.594515,-0.0022033218,0.5168471,0.24116926,0.2485953,1.1783029,-0.07129625,0.29929835,-0.045218445,1.9100337,-0.011820464,0.12826142,-0.006887443,0.5282018,0.6791266,0.7884264,-0.13654788,1.2645559,1.7918606,0.032052994,0.4947127,0.4774882,-0.067782275,-0.09119084,-0.017423892,-0.05101604,1.4778397,-0.22689246,-0.02437598,-0.043246828,0.22207543,1.1860163,-0.070282996,0.29777312,-0.020142168,-0.1572257
TCGA-CM-6170,-0.01321922,0.14103828,1.2485417,0.93566006,-0.16065417,1.4638637,1.4686549,1.0634037,0.34067672,-0.043990467,0.49180946,0.6138332,0.2664167,0.66556716,-0.016264584,0.54062647,-0.028598446,1.5638907,2.0587904,-0.02677629,0.50050837,0.13728173,-0.03285153,-0.073411405,0.5386921,-0.006105034,-0.21133783,0.30473074,1.8381978,-0.03491572,0.3169754,0.31740743,0.48636365,0.7708521,-0.18971995,0.84699255,-0.006937444,2.252737,0.9232012,0.15366186,-0.035465147,1.4248745,0.41129386,0.45795816,-0.16947387,1.5768464,1.9427277,0.17917724,0.82406205,0.78250235,-0.09947731,-0.13765028,0.16863155,-0.061534982,1.8926547,-0.2535263,-0.039612416,-0.03974499,1.3995479,1.3330835,-0.04121354,0.18591928,-0.05098735,-0.1748547
TCGA-CM-6171,-0.02049397,0.21622495,2.1963632,0.16566032,-0.44495097,2.2828796,2.9603267,0.21870808,0.67164916,-0.070452675,0.05068092,0.82796353,0.5100594,1.0523164,-0.03824043,0.10133258,-0.05257665,2.9963067,3.3657978,0.15717714,0.7128285,0.2955874,-0.12725101,-0.120473735,0.14503153,-0.016916545,-0.36406842,0.08311539,2.4658725,-0.028321851,0.47668678,0.6676263,0.31369388,1.8236357,-0.20916443,0.4324054,-0.010165738,3.2017562,0.45081514,0.7892657,-0.031009106,0.5286934,1.0790952,2.3868108,-0.2146833,1.8941754,2.6101327,0.5224818,0.70643866,0.50883204,-0.14325891,-0.20930012,-0.011050866,-0.07900887,2.8050396,-0.47611603,-0.022025077,-0.09760387,1.1202761,1.6026553,-0.1429037,0.14162509,-0.03661988,-0.33415425
TCGA-CM-6172,-0.024964264,0.4437077,2.0325484,0.9132594,-0.31911957,2.56384,2.5187464,1.1441989,1.1062803,-0.054516386,0.4154407,0.94684565,0.33180827,1.3973343,-0.07129515,0.6389631,-0.0119859,2.4949923,2.6336713,-0.038218945,1.0561477,0.22344834,-0.07865478,-0.17744409,0.9551464,-0.029946143,-0.33063975,0.11068329,2.5709941,-0.027459372,0.42447853,0.37953928,0.15233102,1.7543013,-0.26690444,0.81729686,-0.024640473,2.637221,0.9961829,0.51123303,-0.030085245,0.64033264,1.1460537,1.2412108,-0.20011137,2.0220847,2.520286,0.6080686,0.69940823,0.6340607,-0.09584093,-0.16415352,-0.008510071,-0.113936596,2.569567,-0.41716596,-0.0389725,-0.07830934,1.5041708,1.6160549,-0.09328969,0.18844652,-0.015117504,-0.25937682
TCGA-CM-6674,-0.0078092637,0.28063333,1.250373,0.13644353,-0.21875428,1.6368473,1.4104201,0.7762201,0.46905714,-0.028956158,0.5166928,0.19110622,0.28110415,1.0725706,-0.04239439,0.77494454,-0.006495272,1.5199834,1.8481046,-0.018284915,0.61233413,1.3368909,-0.055330403,-0.16440538,0.693501,-0.010276544,-0.17703013,-0.051146496,2.0802495,-0.015668146,0.13830203,-0.01421571,-0.0008648629,1.4949229,-0.1374817,0.78710294,-0.031094436,1.9859593,0.41764313,0.06616135,-0.034056183,0.0925933,0.63781595,0.35826325,-0.099582806,1.2681228,1.5897577,-0.015939927,0.084531546,0.27879816,-0.065326884,-0.14765847,0.25573063,-0.060920607,1.8088524,-0.22917525,-0.026237473,-0.03397238,0.95223063,1.2723212,-0.059616234,0.12566805,-0.039433684,-0.19004075
TCGA-CM-6675,-0.072452545,0.46508622,2.239559,0.17374572,-0.4411571,2.1328337,3.0714433,-0.015402654,0.39597952,-0.03047342,0.48825988,0.6874901,0.3356249,0.71317804,-0.0397672,-0.013119573,-0.09382235,2.7759964,2.6241896,-0.00646977,0.9219361,0.7916807,-0.114111595,-0.24076651,1.8398379,-0.028340181,-0.4047323,0.37547156,2.454145,-0.008999648,1.3417237,0.55326545,0.19770028,1.3561488,-0.088072434,0.34222817,-0.061823387,2.872852,0.098244876,0.7587005,-0.046508458,0.19924136,0.9489301,3.6747756,-0.20108008,2.2914166,2.313332,1.2002704,0.2315778,0.89603865,-0.09540268,-0.15760589,-0.012300745,-0.10046228,2.3849921,-0.43741855,0.077139005,-0.089735255,0.6190031,1.8169607,-0.14711316,-0.01720507,-0.0047337664,-0.30033916
TCGA-CM-6676,-0.030767983,0.37132823,1.6663028,0.52786213,-0.21110411,1.9025371,1.6053628,0.976964,1.4537793,-0.021354852,0.77180743,0.44327727,0.34974554,1.028744,-0.029395798,0.50512916,-0.015373421,1.8128024,2.0897877,-0.058510106,0.57889426,1.1412956,-0.06532621,-0.19321162,1.1577317,-0.008416,-0.2372934,0.07942417,2.2361965,-0.014767495,0.3206265,0.28423837,-0.012780785,1.2800556,-0.16533406,0.90005994,-0.0519809,2.159393,0.23540308,0.26232165,-0.016135804,0.65778375,0.8788478,0.4534992,-0.16251414,1.5578238,1.8416502,0.17145829,0.93361837,1.2614926,-0.09314379,-0.10188379,0.12465928,-0.05708011,1.9307051,-0.2980543,-0.031253483,-0.04564922,0.82473963,1.6789861,-0.06230693,0.14221585,-0.044980872,-0.18581657
TCGA-CM-6677,-0.031501483,0.22804503,1.8311983,0.19387783,-0.30872256,1.9753002,2.3816264,0.7281067,0.27205008,-0.036399826,0.19258878,0.29508936,0.40387654,0.5081784,-0.0313346,-0.0077300267,-0.08539782,2.4904485,2.5920584,-0.019760786,0.74439776,0.5356039,-0.05404495,-0.16848192,1.1383162,0.13602246,-0.27350587,0.57004863,2.2278204,0.06543319,0.67838514,0.4275544,0.7242692,1.1128103,-0.16797984,0.3700589,-0.010279901,2.7153533,-0.005170786,0.40976772,-0.04564216,1.2781981,0.9550096,1.663696,-0.16522954,1.6486876,2.1772792,0.33457053,0.78573936,0.35994348,-0.1306157,-0.16241942,-0.008120562,-0.08584527,2.116149,-0.36362302,-0.047270108,-0.0871722,0.8576199,1.559631,-0.08512089,-0.023774756,-0.026832882,-0.23903535
TCGA-CM-6678,-0.0301287,0.12646009,1.9478601,1.0396837,-0.29104218,2.2334847,2.2469828,1.2220439,0.32155293,-0.049775433,-0.0140196,0.79631686,0.33862013,0.9205468,-0.060441326,0.3393444,-0.025091369,2.0982366,2.6414702,-0.0050078104,0.71778125,0.0725182,-0.07881344,-0.16803394,0.8362166,-0.003209646,-0.24632548,0.18936203,2.3845053,-0.042566262,0.50473166,0.20092411,0.6162755,1.3490982,-0.20782779,0.8424618,0.14661221,2.6020846,0.6721684,0.30460426,-0.034102403,0.6713338,1.0626216,1.0076464,-0.19941342,1.8287708,2.2960572,0.09613067,0.58581907,-0.002846577,-0.115809456,-0.17940457,-0.0041964096,-0.07307485,2.4242005,-0.37629852,-0.015969707,-0.07349989,1.4006096,1.7477208,-0.08941474,0.27275777,-0.043469448,-0.24343927
TCGA-CM-6679,-0.031642787,0.286896,1.3017734,0.5791098,-0.23132384,1.7550431,1.7422376,1.6248188,0.48948842,-0.03720729,0.22619963,0.29550865,0.17850834,0.9171235,-0.039802052,0.68027014,-0.0021822813,1.8721259,2.0942285,-0.046682652,0.7693533,0.5806385,-0.08710857,-0.21216516,1.0173787,0.097607434,-0.2045629,0.03820395,1.8043132,-0.021029223,0.24097645,0.1414135,0.23570146,1.2184888,-0.14983527,0.877556,-0.017005844,2.0125618,0.048656717,0.28645402,-0.050174292,0.48052418,0.8371074,0.3095922,-0.1659042,1.1477237,1.7491462,0.08542007,0.55808496,0.63212067,-0.09131679,-0.08301776,0.021327429,-0.070169285,1.6772469,-0.2549211,-0.026459057,-0.049247943,0.37633762,1.6012727,-0.073294684,0.06855916,-0.046498302,-0.17624687
TCGA-CM-6680,-0.033787344,0.24908976,1.5850769,0.867482,-0.24391733,1.7143394,2.074389,0.23374856,-0.0019966399,-0.00473539,0.07722144,0.50975,0.14142355,0.37542439,-0.02117813,0.42589876,-0.05247295,2.2098064,2.3325536,-0.015214318,0.779851,0.18002564,-0.052671243,-0.122282304,1.3388078,0.24573505,-0.24660447,0.48482206,2.0770655,-0.011973734,0.8142123,0.39764076,0.46632248,0.7165497,-0.16492695,0.5080962,-0.03465678,2.3396223,0.6211003,0.39960366,-0.028909234,0.6349499,0.4400447,1.6409137,-0.15041585,1.5747805,1.8683445,0.20989652,0.5944255,0.3441052,-0.09748945,-0.15974885,0.04225806,-0.07780958,2.2849472,-0.30213287,0.038190864,-0.06774866,1.5817591,1.2679024,-0.059935488,0.026539322,-0.018631015,-0.19638123
TCGA-D5-5537,-0.03536873,0.18226297,2.0032425,0.49152637,-0.333873,2.3194044,2.6321278,0.76665956,1.0337515,-0.02091472,-0.00873051,0.34676352,0.54514897,1.258614,-0.03597308,0.6052871,-0.036053367,2.4470873,2.7645586,-0.018672569,0.7941869,0.6549683,-0.10904986,-0.25997737,1.6177905,0.21682703,-0.31965184,-0.0066397483,2.2607064,-0.055297047,0.5900321,0.31325585,0.1841484,1.4227688,-0.15258127,0.607009,-0.039391812,2.9258502,0.44860584,0.4387262,-0.03327799,0.345762,1.1236134,2.018664,-0.20864718,1.8440276,2.1969507,0.47522563,1.647387,0.1947324,-0.12926602,-0.13995229,-0.003107053,-0.08058939,2.3721175,-0.4008766,0.030540526,-0.053010326,0.31427243,2.01405,-0.10504927,0.2743172,-0.02535179,-0.24693993
TCGA-D5-5538,-0.033080216,-0.009859738,1.5252126,0.09724252,-0.24077013,1.4630752,1.7570108,0.3534621,0.22400446,-0.020539857,1.0125349,0.45763353,0.32397518,0.41990182,-0.016910782,-0.0058740503,-0.057983935,1.9574596,2.1742876,-0.014571743,0.6948305,0.6453287,-0.05798008,-0.07990569,0.7401316,-0.0015461929,-0.22372714,0.16663252,2.0070126,-0.032707628,0.632015,0.4028659,0.23176494,0.98245126,-0.11284033,0.21507837,-0.024336917,2.2358546,0.24409099,0.58186114,-0.036234025,1.0138191,0.8209334,1.8725865,-0.14271669,1.7102298,1.6676674,0.4785928,0.7070217,0.4228584,-0.0907635,-0.13333777,-0.008253145,-0.05815771,2.011351,-0.30328664,-0.058285154,-0.062467303,1.4725257,1.255974,-0.10453447,0.017299231,-0.013618034,-0.1896622
TCGA-D5-5539,-0.029718509,0.3760358,1.4375608,0.56107354,-0.2561979,1.7628298,1.9428456,0.8282649,0.19653408,-0.01365144,0.042326078,0.4765288,0.36057553,0.6721827,-0.014485935,0.15172032,-0.020412372,1.824153,1.708547,-0.011949742,0.85925233,0.4114592,-0.054954715,-0.19622944,1.5974292,0.3097513,-0.17630924,-0.0025820886,1.6434907,-0.0025276416,0.45199695,0.022326438,0.14028311,1.1667609,-0.076008074,0.3335811,-0.035834942,1.8994367,0.07662166,0.3254405,-0.016371345,-0.0029196322,0.7042903,0.73913586,-0.1206272,1.1214633,1.4774017,-0.018173717,0.35464227,0.013491161,-0.088343225,-0.11570872,0.09536399,-0.0656266,1.7757139,-0.23625632,0.0138283605,-0.035890456,0.40035826,1.2232814,-0.08261584,0.15913871,-0.019258205,-0.19702436
TCGA-D5-5540,-0.041612577,0.3277521,2.158701,1.1864266,-0.35255802,2.495687,2.713336,1.6486961,1.3178849,-0.038218513,0.58702856,0.82645726,0.3621333,1.7780573,-0.06115179,0.8533547,-0.03413286,2.7753813,2.7568617,-0.04036228,1.0254549,0.35869497,-0.11549598,-0.29068825,1.7528389,-0.016052535,-0.33731288,0.07180787,2.7735052,-0.061443616,0.47459513,0.27701628,0.002808446,1.6049675,-0.19590966,1.0715632,-0.066858314,2.799167,0.36183888,0.59635574,-0.04781079,0.18750237,1.0840086,1.3512155,-0.2467391,2.2622948,2.2724445,0.36231303,1.3970449,0.20873111,-0.13777041,-0.15997726,-0.016263664,-0.08641242,2.853387,-0.3928519,-0.038703308,-0.057801444,0.61560875,2.1187282,-0.12471441,0.23607476,-0.021609314,-0.26704013
TCGA-D5-5541,-0.018356426,0.48043072,1.3227521,0.39924923,-0.1979027,1.6134964,1.3546988,1.04198,1.773418,-0.004216205,1.0208155,0.61065096,0.33411595,1.2413881,-0.0424692,0.6754315,-0.006702231,1.5074399,1.911104,-0.040139142,0.5369064,0.7243372,-0.05494824,-0.17304881,0.29556274,-0.016981894,-0.24077503,-0.046047203,1.7753092,-0.033881545,-0.0008938823,0.3936176,-0.018956041,1.102616,-0.19105923,0.9287322,-0.05216193,1.831033,0.48442808,-0.0013206642,-0.008320489,0.68620175,0.72768027,0.32570976,-0.14414565,1.3745774,1.7255974,0.15664998,0.8539972,1.0270494,-0.07773642,-0.077096745,0.15901381,-0.049600508,1.8057233,-0.25024068,-0.05542143,-0.028493006,0.72798806,1.5558095,-0.043418966,0.11037526,-0.04863509,-0.12992196
TCGA-D5-6529,-0.037419833,0.2609809,1.6672455,0.39585543,-0.30125043,2.2381685,2.0373073,1.0028809,0.7601841,-0.033229377,0.5728977,0.5936409,0.49919575,1.3327446,-0.02319151,0.40464276,-0.023574395,2.2572222,2.5464656,-0.031237936,0.6552516,1.3417745,-0.056905348,-0.2054468,1.0581018,-0.009370692,-0.27255172,-0.0019506429,2.436379,-0.046426114,0.5796306,0.041397028,0.31966954,1.5115238,-0.1813362,0.8918545,-0.04700322,2.6686118,0.3115229,0.32278067,-0.019127553,0.23448075,1.023599,1.2028197,-0.18378428,1.9644984,2.0519218,0.10438847,0.72337323,0.28802556,-0.100619785,-0.14499146,-0.00037805105,-0.07181137,2.2756913,-0.3754323,-0.022622552,-0.07211649,0.90167814,1.7002383,-0.08817142,0.21238312,-0.029885221,-0.25452563
TCGA-D5-6530,-0.020656152,0.5627245,1.3463221,0.27772367,-0.25211212,1.4789609,1.7501397,0.2365991,0.35919058,-0.039466444,0.5281392,0.44925615,0.3712658,1.0742142,-0.05727617,0.44970796,-0.022836432,1.8070304,1.7299346,-0.0067381025,0.6979069,0.8264126,-0.084100254,-0.16115892,1.1470623,0.111319445,-0.20805614,-0.0077767507,1.863149,0.040646542,0.17803669,0.21486649,-0.023847625,1.1061143,-0.09187352,0.39929786,-0.019310957,1.9782147,0.28081363,0.42425638,-0.027309269,0.16273214,0.35608235,1.0015309,-0.1255565,1.3809161,1.6456187,0.23024805,0.5949021,0.1409958,-0.048437037,-0.11664678,-0.0043944763,-0.051347353,1.7361819,-0.25501165,0.075035974,-0.046895355,0.7524473,1.2002088,-0.091564104,0.015861828,0.087408304,-0.16898178
TCGA-D5-6531,-0.032407347,0.39093667,2.3349957,0.06079911,-0.47511968,2.458745,3.1076336,0.32111868,0.9350707,-0.06075437,0.2767724,0.74397033,0.5401851,1.288337,-0.028301015,0.12647477,-0.103264205,3.233197,3.2657478,-0.01798181,0.96031773,0.9320653,-0.14586237,-0.25929534,1.3430144,-0.050650157,-0.4353517,0.41161725,2.6433363,-0.023368997,0.99686533,0.75493026,0.063428484,1.7484255,-0.17675984,0.5977876,-0.06946861,3.1742833,0.12313709,0.62233996,-0.039043766,0.5057168,1.0614444,2.6212595,-0.25133604,2.283036,2.568494,0.7773369,0.9869485,0.33139163,-0.10946168,-0.18156056,0.03291531,-0.083457574,2.8005145,-0.49120194,-0.059990864,-0.10992183,0.35698244,2.2240674,-0.12161332,-0.0017381933,-0.042319532,-0.3452877
TCGA-D5-6532,-0.0629725,0.012495801,1.4502896,-0.01952568,-0.24743669,1.7654597,1.6992925,0.5448206,1.2705302,-0.017047001,0.49354455,0.46269777,0.21279421,0.654951,-0.05820745,0.33850124,-0.06045081,2.0422714,2.298031,-0.0609967,0.490001,0.55450445,-0.041984107,-0.18330549,1.4962255,-0.027497306,-0.2420051,0.23545182,1.7506055,-0.032886773,0.60506755,0.61738527,-0.012321977,0.72143036,-0.11445363,0.57846,-0.017583167,2.2596252,0.05319956,0.39484873,-0.038226686,0.94905734,0.7370359,1.4402031,-0.17392223,1.7121456,1.6778882,0.38403547,0.93584657,1.1225791,-0.09577265,-0.06618225,-0.021805316,-0.0774225,1.643169,-0.2906756,-0.064527325,-0.048690718,0.32544416,1.5440423,-0.070105374,-0.019992724,-0.030292723,-0.179946
TCGA-D5-6533,-0.033193905,0.24079819,1.5374032,0.7056205,-0.20643942,1.7709181,1.6817615,0.9303463,0.6668786,-0.023153028,0.73286456,0.60598946,0.23675172,0.6547024,-0.030465653,0.38833973,-0.03071307,1.8346578,2.3876688,-0.019964581,0.66867024,0.33251294,-0.056083597,-0.102683656,0.592718,-0.01847061,-0.24917427,0.39283526,2.0255911,-0.04919001,0.57501566,0.2079584,0.40236896,1.2403562,-0.2234789,0.69220364,-0.0055781784,2.3255773,0.7871288,0.12068117,-0.038408007,1.6071737,0.9718932,0.985169,-0.18745402,1.8241277,2.1568983,0.5533365,1.1427125,0.8958607,-0.12019099,-0.1596126,0.27750453,-0.066006765,2.0662172,-0.33167097,-0.06257936,-0.052672643,1.7396567,1.5916036,-0.048684064,0.15527345,-0.057517,-0.18516515
TCGA-D5-6534,-0.013321835,0.3213027,1.326738,0.3871497,-0.25754997,1.8656797,1.7980337,0.66366965,0.1360169,-0.0503608,0.0026124492,0.55427283,0.24450733,0.66730994,-0.03133547,0.0078002736,0.004136674,1.9158248,2.4446256,-0.026711816,0.57331425,0.714647,-0.057563055,-0.092824414,0.15047103,-0.011782076,-0.21393462,-0.025670333,2.2785697,-0.014157452,0.33918634,0.4001818,0.45195952,1.4188743,-0.19125855,0.86492854,-0.013292402,2.3917935,0.04765315,0.2114425,-0.034657594,0.47283918,0.69963497,0.9345954,-0.14073013,1.4852402,1.9256105,0.039882686,0.15938862,0.42280555,-0.11091971,-0.16611056,0.20841627,-0.061456133,2.0171893,-0.34055683,-0.027483324,-0.05351674,1.4673133,1.1891335,-0.06720032,0.14684883,-0.021607876,-0.20610924
TCGA-D5-6535,-0.024813225,0.39997452,1.6353002,0.5448503,-0.26578286,1.6835761,2.2722166,0.7791249,0.14972185,-0.043517146,0.20344332,0.5159777,0.31679353,0.8348658,-0.029962424,0.22151801,-0.03502663,2.3442168,2.5125349,-0.02899358,0.7006776,-0.0005073499,-0.059691448,-0.1584114,0.8849618,0.30252773,-0.24128452,0.25733948,2.2591994,-0.032057766,0.51830405,0.24033882,0.6064071,1.3050944,-0.17371307,0.5560987,-0.01567063,2.3848505,0.253294,0.25847134,-0.050966777,0.9628005,0.86708146,1.091812,-0.15301669,1.4999105,2.0366528,0.2347189,0.265045,0.30281544,-0.09212362,-0.13671926,-0.0075140083,-0.062069654,2.0258307,-0.35496205,-0.033438023,-0.040052295,0.8753817,1.455424,-0.09668602,-0.0017919618,-0.0010406476,-0.21522549
TCGA-D5-6536,-0.002222214,0.22836138,1.365332,0.65918595,-0.21193095,1.7827189,1.8199513,0.6317621,0.77331775,-0.0032220297,0.21611795,0.5901874,0.051796556,1.0369945,-0.047490414,0.7087019,-0.009748615,1.7691755,1.9848554,-0.030439658,0.41764614,0.35978833,-0.03440496,-0.12864001,1.0590017,0.16807048,-0.242467,-0.02470934,2.1491044,-0.0396472,0.27231544,0.16897182,-0.008224774,1.171571,-0.09831581,0.7444829,-0.032086797,2.176364,0.4987619,0.34944105,-0.022895783,0.11297652,0.7219382,0.7036049,-0.14709829,1.6047605,1.7609,-0.00058396906,0.84330225,0.58295006,-0.057436775,-0.12510113,0.058059327,-0.040704697,2.003092,-0.25961465,-0.00082305254,-0.04108834,1.2526023,1.476362,-0.06465506,0.43207413,-0.02208743,-0.21222806
TCGA-D5-6537,-0.032500595,0.05038753,1.7593479,0.63335586,-0.25539467,1.856975,1.9096031,0.9127462,1.1983545,-0.009979968,0.4879807,0.6376334,0.37594444,1.1788645,-0.052094277,0.41147307,-0.06223203,2.1916687,2.3365033,-0.01600652,0.931132,1.3221829,-0.040527623,-0.22155686,1.9251578,0.011127427,-0.2829938,0.38458824,2.174534,-0.041683707,0.75241387,0.30632442,0.012485677,0.9922469,-0.1659289,0.41304708,-0.06223401,2.6183052,0.3692627,0.49379998,-0.021119261,0.66620076,1.0348799,1.6457125,-0.19681521,1.7540476,2.0122,0.5602131,1.742769,0.5122751,-0.08308533,-0.107468106,-0.028701961,-0.07438028,2.0834427,-0.31553063,-0.032338057,-0.06437408,0.61699265,1.5964955,-0.083200626,0.12564588,-0.03642425,-0.23307383
TCGA-D5-6538,-0.031189097,0.17076775,2.3543353,0.22037445,-0.41947412,2.408907,3.356778,-0.012941207,1.2825761,-0.04922157,0.07629157,0.873723,0.22048621,0.8397628,-0.08829561,0.041261382,-0.11460461,3.320637,3.337374,0.25728932,0.8031246,0.34457022,-0.09882162,-0.23570986,1.5784512,-0.010832227,-0.39933437,0.6505451,2.4558845,0.12927604,1.0944415,0.854513,0.36084798,1.4575409,-0.18996975,0.25734037,-0.031726427,3.3314455,0.34225857,0.8438432,-0.061660912,1.0448623,1.0581266,3.0172064,-0.22340941,2.447352,2.7196627,0.9893284,1.3076717,0.5683875,-0.1378843,-0.16636358,-0.014513395,-0.08555343,2.837237,-0.4692049,-0.03133999,-0.060933065,0.833872,1.8988314,-0.1087623,0.10822799,-0.017260661,-0.28687724
TCGA-D5-6539,-0.018127834,0.28726834,1.2495041,0.61206865,-0.2042651,1.7339941,1.7244605,0.91537726,0.21589136,-0.03608194,-0.005957488,0.38903826,0.3767519,0.8486052,-0.016310303,0.3980619,0.1787629,1.6300955,2.3128707,-0.03534923,0.6054377,0.4356968,-0.045767054,-0.09015564,0.2878965,0.10954697,-0.18454444,-0.03961642,2.151568,-0.012058648,0.23206311,0.26080388,0.2848633,1.2757716,-0.18788521,0.91987866,-0.009380617,2.1115701,0.6491989,0.12128997,-0.02550799,0.54663974,0.67389715,0.32116348,-0.1158085,1.1655074,1.7879785,-0.009688956,0.1864586,0.44583103,-0.095634304,-0.14886928,0.22928375,-0.07816438,1.9682201,-0.29057515,-0.012126763,-0.036659032,1.3733758,1.0821997,-0.032676253,0.20603482,-0.033709195,-0.17065096
TCGA-D5-6540,-0.04057055,0.33894408,2.1794841,0.023539428,-0.4355289,2.4578648,3.0112808,0.7167353,0.5898691,-0.068385154,0.40696833,0.68857574,0.50730205,1.3492591,-0.046483673,-0.0025275045,-0.07850296,2.9342082,2.8793027,0.0038266834,0.99427754,0.7236684,-0.12308055,-0.2615064,1.2107549,-0.039148655,-0.35111073,-0.029719615,2.4687073,-0.02846925,0.7291377,0.4652058,0.3729422,2.0038087,-0.17847273,0.5168934,-0.05039924,2.9730537,-0.010499015,0.34542602,-0.037954252,0.44377297,1.0138208,1.8991389,-0.21669345,2.077526,2.4992697,0.562902,0.018786862,0.3071177,-0.11603599,-0.184645,-0.032129265,-0.10266226,2.4491274,-0.44936678,-0.020993264,-0.10291924,0.28384823,2.0665097,-0.14865236,0.25147453,-0.04048111,-0.3086835
TCGA-D5-6541,-0.03448562,0.014716897,1.113388,0.27409375,-0.22529328,1.6973448,1.8299693,1.2293906,0.16031966,-0.018577017,0.32852802,0.4539977,0.17515408,0.7784841,-0.022403488,0.4470295,-0.0017038736,1.8780531,1.7538527,-0.018982498,0.5373108,0.8810889,-0.053855192,-0.16102421,1.4840533,-0.0013920926,-0.18042867,0.14975873,1.7874569,-0.0047646887,0.46596253,0.22942068,0.35019726,0.9571721,-0.11209389,0.6233378,-0.019710371,2.0163367,0.11259816,0.13256522,-0.0028991925,0.47487146,0.740383,0.80524755,-0.11545543,1.3270615,1.560708,0.067854136,0.66159946,0.17741162,-0.06864038,-0.13808633,-0.007402271,-0.0611851,1.5237654,-0.26564616,-0.0023880906,-0.053317655,0.21982363,1.274927,-0.067028,0.06996049,-0.037789654,-0.17341666
TCGA-D5-6898,-0.019324481,-0.0077314577,1.3845639,0.32079417,-0.16991095,1.5192056,1.5244573,0.8199661,1.1449738,-0.018127808,0.6474312,0.4670091,0.20969336,0.62880576,-0.037571743,0.29160374,-0.025186414,1.8470738,2.1462877,-0.08053371,0.54219604,0.7836452,-0.060891964,-0.11206148,0.54617923,-0.015391988,-0.23391221,0.20803338,2.1607585,0.11728078,0.4144024,0.5630907,0.16440637,1.021659,-0.14268486,0.88982624,-0.021964693,2.144912,0.007706442,0.2223804,-0.043277845,1.3636817,0.7386673,1.0014784,-0.12519255,1.5030266,1.8412752,0.23737468,0.579063,1.2946063,-0.08990851,-0.10021198,0.21194567,-0.03286565,1.8733249,-0.2469286,-0.0542442,-0.0698021,1.243272,1.2014648,-0.07322442,0.031191096,-0.05258592,-0.15676166
TCGA-D5-6920,-0.03533427,0.13754451,1.7411016,0.6574532,-0.27271372,2.1765301,2.076944,1.1824691,0.2068351,-0.042790547,0.11176968,0.5514196,0.5422075,1.0049218,-0.025348922,0.24427524,-0.015745947,2.2331347,2.6043084,-0.016381921,0.9128855,0.35515362,-0.091196,-0.13774161,0.5633215,-0.003108592,-0.24330118,0.05799294,2.3849957,-0.02853552,0.44016737,0.48841655,0.6300906,1.4034688,-0.21307516,0.8929366,-0.03695378,2.6910884,0.30625767,0.3046225,-0.042720996,1.0341531,0.7464991,0.8201695,-0.16517822,1.6092318,2.0579307,0.033336684,0.36791348,0.43082553,-0.1290381,-0.17114852,0.050323598,-0.08589455,2.3301234,-0.3624545,-0.04725076,-0.06406999,1.1125531,1.3753548,-0.083587244,0.001452704,-0.061003704,-0.21636854
TCGA-D5-6922,-0.02090616,-0.0043079457,1.0499133,0.30703217,-0.108974695,1.2068013,1.2098423,0.828868,0.61218506,-0.009938997,0.45685953,0.28613296,0.3482422,0.50459677,-0.00569615,0.25251862,-0.027420564,1.3643559,1.379424,-0.055261083,0.39319137,0.24326795,-0.031770322,-0.10595024,0.72497183,-0.005941321,-0.18557924,-0.011261636,1.1193672,-0.002243894,0.27266455,0.27869383,-0.019402085,0.3722751,-0.088042095,0.23090963,-0.017698688,1.4580613,0.02446128,0.0440857,-0.021384073,1.0591987,0.29624006,0.40020406,-0.09585527,1.041488,1.1671252,-0.013425182,0.8209857,0.8684574,-0.07954392,-0.07315744,-0.04176558,-0.03956249,1.3484983,-0.16197585,-0.038705006,-0.03647075,0.029424462,1.0636193,-0.039029673,0.056268964,-0.022139534,-0.10381484
TCGA-D5-6923,-0.018825715,-0.0014727473,1.1713831,0.40092146,-0.18053354,1.8702723,1.6293788,1.3814236,1.3601825,-0.043243047,0.43260938,0.70804507,0.10609395,1.1637925,-0.039598696,0.63582754,0.35008782,1.6635555,2.0680768,-0.051831543,0.69377166,1.0066578,-0.059724074,-0.16784827,0.59951234,-0.026723688,-0.21172975,-0.025372207,2.0195286,-0.028243497,-0.0014172163,0.13951747,-0.024927378,1.1541244,-0.17903861,0.9759119,-0.04129338,2.079906,0.5854874,0.28526413,-0.010755241,0.49664253,0.8390003,0.37654513,-0.14536473,1.4526407,1.6333027,0.071216926,1.2790779,0.6467649,-0.09375784,-0.09251928,0.09609991,-0.06229412,1.9254941,-0.27570328,-0.014496135,-0.04669882,0.69177634,1.3840147,-0.06630264,0.40308502,-0.05067731,-0.17466491
TCGA-D5-6924,-0.042955976,0.25946873,1.4206071,0.43699825,-0.2001454,1.7763284,1.3726635,1.0384097,1.1566983,-0.047710452,0.30373698,0.4940171,0.2400609,0.990584,-0.031533238,0.5041398,-0.024484327,1.6394067,2.130136,-0.060178217,0.6231431,1.1171255,-0.05744415,-0.20756505,0.9079705,0.19748111,-0.20466363,0.027667444,1.8603548,-0.036290985,0.17508969,0.1028421,0.051600643,0.8180471,-0.15546258,0.7454957,-0.037815902,2.0609787,0.26385224,0.29553336,-0.0041735023,0.53968954,0.75994897,0.7875203,-0.15165854,1.6040728,1.7021129,0.18051739,1.0865148,0.88241607,-0.09165908,-0.091104254,-0.012526557,-0.07361412,1.7411119,-0.2819435,-0.015613846,-0.06636125,0.41960666,1.4896845,-0.06213944,0.06974504,-0.045721047,-0.16776036
TCGA-D5-6926,-0.033673298,0.06368774,1.4404927,0.70982474,-0.18937086,1.8102759,1.8881823,1.4312537,0.9807397,-0.02732395,0.26524106,0.39207482,0.28775856,1.1196079,-0.037654262,0.32293013,-0.014879832,1.8052706,1.8315556,-0.03573424,0.60738796,0.66186947,-0.068532705,-0.19886492,1.2294198,0.06399295,-0.22480606,-0.008435182,1.7680769,-0.028246028,0.45133042,0.20661446,0.0067446474,1.1310574,-0.09689257,0.5175387,-0.033046182,1.9370213,-0.01884955,0.1909571,-0.028530354,0.69219357,0.58171546,0.54140735,-0.16180824,1.3795075,1.5257615,0.13071314,0.8137221,0.77734756,-0.11462356,-0.09334236,-0.021589316,-0.06384981,1.8256367,-0.25514787,0.023837928,-0.040834002,0.08332098,1.3083717,-0.08237054,0.14331025,-0.0025670168,-0.17294258
TCGA-D5-6927,-0.026240995,0.08370747,1.0357883,0.38611352,-0.18182367,1.570975,1.5440311,1.4021708,0.10556212,-0.03162379,0.2774078,0.29673597,0.37919357,1.0225643,0.0077051017,0.38831708,0.21509881,1.5196255,1.7548877,-0.026062181,0.8371182,0.9439581,-0.06526068,-0.15263617,0.38689142,-0.010686383,-0.15524241,-0.046161864,2.0108075,-0.034986358,0.08981533,0.23015563,0.15128696,1.3919399,-0.12450242,0.88897437,-0.050274234,1.7931089,0.08477346,0.1551739,-0.0044387775,0.08309883,0.62858427,-0.002791424,-0.092773646,1.0648373,1.4042794,-0.013914769,-0.011196466,0.37074867,-0.077768095,-0.11769297,0.09816984,-0.057799082,1.5428413,-0.24123357,-0.009605742,-0.037667762,0.7514054,1.1801616,-0.05799622,0.04931371,-0.05967034,-0.1758536
TCGA-D5-6928,-0.013580267,0.13136399,1.3502529,-0.0025515053,-0.268022,1.7589408,1.7254503,0.6088998,0.28817573,-0.06433997,0.6387844,0.3484684,0.26594484,0.809873,-0.030507052,0.14610577,-0.006426887,1.7682816,1.8957634,-0.019599078,0.569779,1.2667611,-0.06651191,-0.12328123,0.28527147,-0.02694509,-0.19962357,-0.040848598,1.8707573,-0.011165269,0.22343983,0.22645359,-0.011193336,1.5564908,-0.10737681,0.7285529,-0.029925406,2.1592402,-0.013233236,0.25269988,-0.014084684,0.028830413,0.6212579,0.8665815,-0.11186581,1.4315633,1.7905474,-0.012313755,-0.00063426944,0.4866504,-0.077625826,-0.12400937,-0.0016417637,-0.06480755,1.6685872,-0.28382578,-0.0051497975,-0.06723791,0.7219574,1.2911578,-0.08231207,0.16001123,-0.02487514,-0.20064686
TCGA-D5-6929,-0.0022122175,0.21695025,1.2296273,0.33919936,-0.1655011,1.4227203,1.42104,0.5932591,0.5535384,-0.0103214225,0.50821286,0.25177747,0.4457563,0.41420963,0.004629532,0.21344417,-0.017392686,1.5081925,2.0434968,-0.025093336,0.4419077,0.70159537,-0.03631309,-0.075792946,0.31506297,-0.026336322,-0.1824587,-0.0060746986,1.8128625,0.057393137,0.27891663,0.4440751,0.13550459,0.93600446,-0.15493803,0.5745001,-0.0032656814,2.117535,0.19237825,0.26468167,-0.0373684,1.0828843,0.571866,0.79151034,-0.12693277,1.3718135,1.6766131,0.13171208,0.62730664,0.8993394,-0.0858604,-0.13113937,-0.0018769834,-0.06659239,1.757517,-0.23435323,-0.0377073,-0.046121817,1.2830505,1.2088674,-0.053860724,-0.015597132,-0.024371734,-0.17127728
TCGA-D5-6930,-0.042187877,0.3292538,1.7998846,0.106869504,-0.38063735,2.3532302,2.6722002,0.7740634,0.6810348,-0.05019138,0.19185066,0.6527007,0.5908869,1.3229727,-0.06156685,0.31832197,-0.033360846,2.7707074,2.8101754,-0.015627297,0.82675844,0.81096834,-0.10529411,-0.21738052,0.79415864,-0.023830304,-0.32303035,-0.049646463,2.4361641,-0.029409966,0.39123654,0.40626335,0.10055887,1.9525356,-0.17190458,0.7838058,-0.03990617,2.9768639,0.18323569,0.44828808,-0.026131714,0.040304042,0.91959316,1.4321355,-0.17441583,1.9351498,2.4007921,0.09411605,0.061720207,0.46180964,-0.09995406,-0.17396715,-0.009475502,-0.08725798,2.2355862,-0.41024104,-0.0073224613,-0.07498978,0.52217424,1.7241684,-0.116923034,0.28106984,-0.03205466,-0.28036472
TCGA-D5-6931,-0.02042532,0.13710465,1.5630871,0.14044382,-0.32651755,1.9719399,2.4459546,0.5114372,0.39555153,-0.04574236,0.61433226,0.44560203,0.279147,0.99122643,-0.023209205,0.2572154,-0.053397037,2.2701418,2.3981333,-0.01887122,0.7041808,1.2123512,-0.07291866,-0.15074477,0.89774907,-0.025170762,-0.27956745,0.0786746,2.1796954,-0.031653237,0.5682113,0.40045112,0.1594648,1.384637,-0.13618857,0.5876792,-0.050068866,2.473494,-0.012315256,0.37026355,-0.008359436,0.5053796,0.8999267,1.8045877,-0.16027708,1.7904893,2.1300318,0.3156321,0.16600773,0.5063046,-0.092927225,-0.14195001,-0.013308701,-0.09569397,2.0918834,-0.3641285,-0.018346908,-0.074530914,0.81177133,1.5686971,-0.112751186,0.2932357,-0.026876858,-0.23355345
TCGA-D5-6932,-0.035839356,0.6816196,1.4809821,0.7110253,-0.20031774,1.7513762,1.5578128,1.2751719,0.6141159,-0.00728658,0.6323103,0.31896985,0.09704181,0.8564111,-0.03680746,0.47265056,-0.0014519965,1.9675103,2.0664513,-0.01770849,0.94820136,0.37956923,-0.05611827,-0.18325554,1.0677603,-0.016128307,-0.18583722,-0.00023605411,1.6471288,-0.04860046,0.29465717,0.30669603,0.09574311,1.0619308,-0.14698178,0.72218734,-0.064841196,1.9072576,0.2289769,0.08047719,-0.026936084,0.9835111,0.70356345,0.13318826,-0.12077768,1.2876881,1.7114214,0.18543431,0.9681631,0.64841676,-0.062838286,-0.088955775,0.10296571,-0.062333226,1.849157,-0.23652421,-0.030705532,-0.007107454,0.4161909,1.3715895,-0.07522601,0.19259691,-0.03083056,-0.15687865
TCGA-D5-7000,-0.0435303,0.30277777,2.023694,0.18329296,-0.37293032,1.9346197,2.781532,0.26886815,0.42133158,-0.042785536,0.35981515,0.5752738,0.4831207,0.7393253,-0.02645417,0.04994438,-0.071789436,2.8048284,2.9061768,-0.008460767,0.8771779,0.51993495,-0.11884917,-0.15574294,0.9956873,-0.014718316,-0.34453598,0.26475403,2.4514294,-0.007324852,0.81869406,0.71337336,0.6219929,1.4657509,-0.17906496,0.4561544,-0.021717336,2.7730246,0.19395472,0.30271298,-0.02972514,0.9001087,0.9620104,2.4836485,-0.19306046,1.7919906,2.2473261,0.743632,0.5491733,0.68574584,-0.10007819,-0.1826092,-0.013076583,-0.080263555,2.231449,-0.42671466,-0.04335062,-0.07107196,1.0229841,1.7529811,-0.115249075,-0.0013415839,-0.009221204,-0.29049587
TCGA-DM-A0X9,-0.061485823,0.17947064,2.118755,0.22309317,-0.35073778,2.001499,2.7054467,-0.017062431,0.55936426,-0.029710619,-0.007722636,0.9028875,0.6151819,0.88719976,-0.0532204,-0.028699258,-0.09508532,2.7407494,2.8804271,-0.005586356,0.8998489,0.38914257,-0.11497823,-0.20030081,1.3508149,-0.018709732,-0.37091163,0.3446662,2.1363046,-0.027150517,0.8851612,0.5539352,0.5053372,1.1579763,-0.16266155,0.37826404,-0.02829711,2.758664,0.3830175,0.6054853,-0.05205166,1.0456564,0.93554884,2.9317017,-0.18423238,2.194168,2.3908198,0.5726831,0.8061115,0.7041209,-0.11350355,-0.15539446,0.00014315546,-0.09411744,2.463458,-0.41406712,-0.028151324,-0.0949925,0.6833909,1.6668006,-0.104246296,0.081613764,-0.0048256908,-0.28227392
TCGA-DM-A0XD,-0.049367607,0.27241874,1.9217056,-0.0066779987,-0.3855065,2.500038,2.6587503,0.986767,0.40565693,-0.058588,0.15524954,0.61812097,0.46669793,1.1289191,-0.027832536,-0.008044665,-0.049964603,2.813278,2.7441113,-0.017993996,0.84326535,1.0749005,-0.10377079,-0.23572636,1.5792906,-0.015298431,-0.3212214,0.22733022,2.2440965,-0.025726214,0.5951078,0.47746617,0.19369313,1.535631,-0.13608173,0.3301124,-0.027380276,2.7240846,-0.027557192,0.27761155,-0.021713417,0.7204949,1.1138495,1.8166676,-0.17225724,1.657393,2.3152132,0.1940775,0.5256015,0.016870327,-0.10972456,-0.15498427,-0.0091352975,-0.07971523,2.2013853,-0.39146614,-0.027176013,-0.10646144,0.1209767,1.7157509,-0.122424684,-0.0024672728,-0.055366825,-0.28172803
TCGA-DM-A0XF,-0.032926183,0.023591574,1.4626411,0.74102587,-0.20828235,1.9023223,1.7560077,1.4104929,0.36865842,-0.021622268,0.04517009,0.2870961,0.21917345,1.0124501,-0.025783842,0.12954783,-0.0049436702,1.908868,2.3016613,-0.041281134,0.77171916,0.16349459,-0.06499919,-0.14965777,0.31704587,-0.017156238,-0.21955077,0.0675344,2.0452433,-0.0172731,0.20722036,0.3909327,0.53828144,1.2097594,-0.2000768,0.75349003,-0.0046713515,2.0267615,0.26493964,0.29039818,-0.044777896,1.0046986,0.7789869,0.5180666,-0.16065891,1.5077739,1.7152164,0.063098565,0.8066405,0.32812476,-0.12063086,-0.13418554,0.15509756,-0.056923736,2.1194725,-0.3167545,-0.03151543,-0.046848018,1.3332468,1.4001478,-0.06701589,-0.008079677,-0.057234593,-0.1945025
TCGA-DM-A1D0,-0.02265505,0.045098558,1.4463127,0.7677848,-0.14840256,1.6558036,1.5068451,1.3655907,0.85549384,-0.030281713,0.31952178,0.3996042,0.15851204,0.7085275,-0.021863734,0.43627816,0.18041267,1.5529233,2.4096086,-0.06097194,0.7793223,0.05712786,-0.03352934,-0.07653246,-0.02746576,-0.01271627,-0.21638612,-0.010189818,2.1657653,-0.03238276,0.03631718,0.40393615,-0.0027244752,1.2912264,-0.234555,0.91880083,-0.029954666,2.0126069,0.55810994,-0.014062713,-0.0077897753,1.0431012,0.66181964,0.0386407,-0.14178737,1.3809195,1.8258572,-0.0042765127,0.65169257,0.9679968,-0.08807686,-0.10765028,0.23683827,-0.06283372,2.0484893,-0.2839077,-0.035202898,-0.017208908,1.4954084,1.336869,-0.0420681,0.18992808,-0.020839307,-0.1560333
TCGA-DM-A1D4,-0.06674635,0.4040482,2.0383816,0.38820484,-0.45970273,2.554883,3.104828,0.610794,1.103441,-0.040924527,0.36991927,0.6142003,0.23758908,1.6384081,-0.041062903,0.40921387,-0.051464617,3.3747594,3.1179788,-0.0126891285,1.242925,0.8959756,-0.14015464,-0.29483533,1.8130354,-0.01909296,-0.38707685,0.1773364,2.3372774,-0.03028894,0.8867276,0.5144729,0.5639783,1.9257889,-0.17743613,0.25850254,-0.03851014,3.2583325,-0.010205981,0.6417026,-0.06008966,0.4712237,1.2124214,2.175775,-0.21408014,1.9691935,2.4177306,0.72851586,1.0795466,0.35761982,-0.119346194,-0.16064592,-0.006190296,-0.09636311,2.4210165,-0.45885536,-0.019943839,-0.09569021,-0.050255507,2.2561255,-0.14841247,0.17344645,-0.050026923,-0.2924638
TCGA-DM-A1D6,-0.035475448,0.036004514,2.2516806,0.60847324,-0.31042036,2.4942136,2.3674011,0.95792776,1.2764806,-0.052067585,0.5808162,0.69410974,0.06736582,1.763525,-0.07522975,1.0555822,-0.05296218,2.4079666,2.3588507,-0.021287443,1.3627362,0.48371702,-0.09929861,-0.23032527,1.3079499,0.20702924,-0.32193577,-0.018497506,2.3778472,-0.023437163,0.43400168,0.36471838,-0.0013736909,1.481761,-0.14990047,0.40559405,-0.06289895,2.769625,1.1343049,0.74169713,-0.032998607,0.285824,0.89275163,1.1790228,-0.139113,1.7688258,2.1704047,0.3765049,0.7693221,1.0585896,-0.08581858,-0.12350499,-0.0075891586,-0.07446183,2.366124,-0.3539792,-0.0069621517,-0.03957396,0.51231986,1.6038568,-0.12056883,0.4414808,-0.023366062,-0.26833138
TCGA-DM-A1D7,-0.041367233,0.030447997,1.8035839,0.71246976,-0.28992805,2.0701604,2.2214456,1.6301266,0.9756655,-0.038418975,0.91063535,0.5495325,0.43442592,1.3010447,-0.04180329,0.5401786,-0.017580759,2.2128634,2.5137231,-0.053260054,0.69732124,0.68611956,-0.10582825,-0.24080253,1.3274812,0.11607367,-0.30905735,-0.014462641,2.26404,-0.04501035,0.38061178,0.22831197,0.2322732,1.4669608,-0.15017498,0.54398155,-0.03383569,2.4627874,0.38495213,0.4300896,-0.04302926,0.19736607,0.9362175,0.977472,-0.18023506,1.963656,2.058812,0.0011336431,0.81370085,0.5211908,-0.10470796,-0.16094355,0.12909316,-0.09134984,2.4027944,-0.35312614,0.05525691,-0.04369638,0.50657773,1.8990272,-0.08424808,0.39864343,-0.047246154,-0.23705578
TCGA-DM-A1D8,-0.055447657,0.67542654,2.3579328,0.7058026,-0.40665808,2.4135394,2.767622,1.1626155,0.55590636,-0.042341303,0.5732952,0.75630695,0.6140219,1.3132225,-0.03125837,0.14989832,-0.057920646,3.1097405,3.305451,0.03859417,0.82388216,-0.00023028515,-0.10325881,-0.24850939,1.3260891,-0.0054672165,-0.37582955,0.38258073,2.4196045,-0.017349657,0.95389265,0.60277665,0.99722517,1.5675155,-0.25498232,0.5825177,-0.015287719,3.0418665,0.27329564,0.5330203,-0.06732681,1.2744855,1.2353376,1.8320066,-0.20529626,2.0299132,2.6827116,0.9282129,0.86757714,0.2903219,-0.13168585,-0.20113695,-0.010219413,-0.08081084,2.7788186,-0.48256993,-0.050977893,-0.07552359,0.7793707,1.8549618,-0.13087955,0.15003023,-0.030628745,-0.26554528
TCGA-DM-A1D9,-0.030073622,0.13031133,1.6953392,0.7352876,-0.24923904,1.8028315,2.0941663,0.39874446,0.50642043,-0.024258016,0.3279218,0.41724128,0.08933417,0.70021844,-0.024179468,0.45348838,-0.027869463,2.265646,2.4080532,-0.036482986,0.90134025,-0.0005209204,-0.03164297,-0.15225965,1.3790053,-0.00093415676,-0.23816407,0.4150441,2.1584134,-0.033935472,0.76457137,0.48330992,0.65129894,1.0492347,-0.17321075,0.32688996,-0.033130396,2.3384545,0.7381834,0.4682986,-0.03596502,1.353858,0.93520814,1.5659753,-0.15134767,1.712957,1.9657562,0.64833677,0.716392,0.8698667,-0.094243795,-0.1462921,0.31080338,-0.07791164,2.252605,-0.36865467,-0.035093173,-0.021774074,1.2741491,1.4394703,-0.068555295,0.17145035,-0.019074064,-0.20950341
TCGA-DM-A1DA,-0.052907538,0.25239605,2.3752925,0.3435973,-0.45980355,2.2826507,3.3280594,0.026215332,0.26443627,-0.033887945,-0.002484905,0.6357952,0.6245336,0.95664394,-0.050944943,-0.00031441674,-0.09641603,3.642802,3.0953584,0.21802436,1.1361045,-0.021327777,-0.11884824,-0.25860718,1.7486544,-0.022412531,-0.39552364,0.695238,2.1926975,-0.015868176,1.2645957,1.1003989,0.85493535,1.455585,-0.16523252,0.015978608,-0.049944803,3.2529864,-0.04387821,0.71616185,-0.06171229,1.0088003,1.1520342,3.2706637,-0.18916868,1.9887555,2.670377,0.6749432,0.53210366,0.24297813,-0.117461555,-0.21860401,0.014623746,-0.10438333,2.7433472,-0.51152617,-0.009098674,-0.0968648,0.1894162,1.767714,-0.16544741,-0.02457343,-0.03464763,-0.27685305
TCGA-DM-A1DB,-0.03200169,0.3188554,1.7081901,0.9664719,-0.26789412,2.3958955,2.1066382,1.549516,1.8095886,-0.017773813,0.27899465,0.60122937,0.37474406,1.6378301,-0.040297315,0.9019503,0.12534209,2.2569597,2.5273416,-0.038722172,1.112682,0.63628966,-0.129553,-0.23843281,1.287386,0.30612302,-0.30678624,0.009922426,2.2363894,-0.06514951,0.13795978,0.091372155,-0.0029496884,1.5731465,-0.21577871,0.9205723,-0.044846915,2.5834367,0.54686725,0.44217968,-0.055969603,0.0036178455,0.9393462,0.9164979,-0.18819223,1.7461023,2.0958488,0.27476418,1.6837254,0.18344805,-0.0939508,-0.16013168,0.04092139,-0.046627548,2.2640762,-0.35885465,-0.0039348374,-0.04413306,0.6172965,1.7005149,-0.08644773,0.7572779,-0.03937052,-0.23556717
TCGA-DM-A1HA,-0.04258171,0.19519849,2.4586756,-0.002380695,-0.42229086,3.0678325,3.1231987,1.0161598,2.46742,-0.052234598,1.1947594,0.6685712,0.46985105,1.8661344,-0.06274456,0.5080709,-0.049986325,3.2486937,3.293998,-0.09354993,1.1435493,0.60716015,-0.12633494,-0.22069538,1.7489501,-0.016384328,-0.40754077,0.6539851,2.9801147,-0.042553406,0.48080987,0.3999646,-0.00969786,1.8456943,-0.14305653,0.74182236,-0.05936603,3.6342385,0.47747046,0.57821774,-0.034294795,0.690599,1.68383,2.5628822,-0.20897041,2.5176342,2.8390532,0.32516778,1.3064553,0.093973376,-0.13454127,-0.15197125,-0.0018123344,-0.12415502,3.0966916,-0.50061077,-0.0615506,-0.058004465,0.47830746,2.2943792,-0.15771268,0.5520656,-0.031609815,-0.323439
TCGA-DM-A1HB,-0.06558608,0.26653618,2.1176848,0.19612098,-0.45509052,2.447303,3.047234,0.5400206,0.6838729,-0.04811126,0.3917707,0.82640404,0.5246156,1.096235,-0.037186824,0.1816749,-0.06187274,2.725739,2.8595493,0.15853967,0.86295545,0.60449815,-0.12696742,-0.26332968,1.0496154,-0.05110048,-0.3661399,-0.017665552,2.493635,-0.043503184,0.85092753,0.56362396,0.0025308672,1.7351973,-0.16230662,0.3566269,-0.049653832,2.9524772,0.08782735,0.5265622,-0.02664399,0.059698254,1.1753243,2.352584,-0.20862468,2.0423398,2.5078619,0.67124355,-0.0004895762,0.6051883,-0.12450075,-0.16408025,-0.020174,-0.084646516,2.1705284,-0.45742637,0.14228724,-0.08131202,0.3073436,1.9423673,-0.12828948,0.32454827,-0.017559562,-0.3066235
TCGA-DM-A280,-0.038017806,0.09958865,1.4169123,0.62841964,-0.23803608,1.7688638,1.8211049,0.985802,-0.02751943,-0.03769355,0.09720331,0.56757563,0.19591887,0.5832191,-0.015449469,0.122148395,0.15928619,1.750676,2.355924,-0.022573303,0.70451885,0.60577434,-0.046897694,-0.10629387,0.6452708,0.03256602,-0.18353014,0.050749157,2.2222002,-0.015460059,0.41699675,0.22492225,0.7466059,1.443119,-0.1710367,0.6421588,-0.0072179227,2.0718944,-0.005581728,0.41348028,-0.027726708,0.76662076,0.79517823,0.74592173,-0.14286385,1.3799304,1.7309523,0.12494476,0.11962509,0.2833065,-0.10590335,-0.16679607,0.23102807,-0.04773849,2.057276,-0.29908732,-0.015287264,-0.05191976,1.5666081,1.2204722,-0.06319605,0.109835245,-0.031721525,-0.20506226
TCGA-DM-A282,-0.007585149,0.47166908,1.8403053,0.9249528,-0.25918373,1.9052548,2.114761,1.0782939,0.25336203,-0.029601946,-0.049975816,0.47243792,0.2061217,0.7612024,-0.029891869,0.46423653,-0.018995922,2.1457534,2.6275787,-0.019502057,0.6692567,-0.023060683,-0.061354328,-0.16369544,1.1999056,0.14338006,-0.25567743,0.49303672,2.1928537,-0.04486798,0.5701247,0.1895228,0.94149786,0.9480004,-0.2048482,0.77658826,0.14515683,2.4665205,1.1655395,0.11521298,-0.05595314,0.8681898,0.95375234,1.0147136,-0.17847438,1.649467,1.8112383,0.3184256,0.80147094,0.51236755,-0.108873144,-0.16442043,0.08164734,-0.04662684,2.249119,-0.3235371,-0.008144616,-0.02854834,0.7859671,1.6396613,-0.089518234,0.20443462,-0.02251753,-0.19346435
TCGA-DM-A285,-0.033091906,0.21286821,1.553434,0.4213364,-0.26099092,1.7456318,2.078556,0.4448105,0.31049997,-0.018441893,0.15663415,0.4584545,0.32740018,0.6760257,-0.032522094,0.16196412,-0.039891712,2.0383904,2.2847903,-0.017044336,0.70977384,0.43098876,-0.07911164,-0.11613219,0.70121396,-0.009216916,-0.2567483,0.28057247,2.0070412,-0.011355202,0.5355161,0.5282229,0.5050897,1.1893266,-0.17012244,0.45190093,-0.010994132,2.3221037,-0.0032897256,0.27286306,-0.035921708,1.048072,0.65922254,1.4000311,-0.14478052,1.6353402,1.924573,0.35995317,0.62572414,0.63795245,-0.087235235,-0.14816248,0.121972285,-0.07569676,2.0593364,-0.32166678,-0.042345718,-0.06442775,0.9340698,1.3758055,-0.09205963,-0.007838205,-0.03386658,-0.18466076
TCGA-DM-A288,-0.068421096,0.4957435,1.9817274,0.4312412,-0.37973067,2.3949008,2.8654127,0.8285402,1.2653713,-0.020388836,0.42545366,0.6482815,0.379541,1.4071968,-0.07152592,0.6626914,-0.070603125,2.9528885,2.8666961,0.034030646,1.1095033,0.6522333,-0.1339778,-0.29973543,2.0645323,-0.0027408854,-0.3692287,0.13152246,2.6130881,-0.030564684,0.82249194,0.5689836,0.35662144,1.8330691,-0.1508288,0.39986676,-0.06439535,2.8946276,0.43525428,0.6017756,-0.012107945,0.0014927089,1.1728753,1.9150052,-0.23609053,1.9542593,2.3784006,0.56690794,0.54393345,0.5722133,-0.109837584,-0.1560548,-0.01980675,-0.06080978,2.3685818,-0.42253152,0.26712057,-0.06819204,0.38441193,2.1172564,-0.11890401,0.11292044,-0.036858264,-0.2534777
TCGA-DM-A28A,-0.05284434,0.38326848,2.5380983,0.66018504,-0.36652625,2.9277675,2.615753,1.5053788,2.0626805,-0.030507628,0.45160893,0.63782007,0.3062993,2.1998506,-0.08007508,0.89326113,-0.0064263092,3.191722,3.3798075,-0.0048968764,1.423015,0.70401114,-0.118178226,-0.32669914,1.7435893,-0.016823007,-0.36101782,0.15602738,2.938847,-0.07635509,0.4674554,0.5259746,0.025366196,2.1724892,-0.22607914,0.7823428,-0.06527988,3.1934133,0.35621262,0.7000612,-0.026890045,0.41961288,1.5229287,1.6700225,-0.2567819,2.1861565,2.8619058,0.33215022,1.3512589,-0.0039941245,-0.12493747,-0.16182491,0.07766381,-0.12575412,2.974218,-0.46274948,-0.03361759,-0.07599419,0.46395645,2.2531686,-0.12857805,0.47713932,-0.057538,-0.31695083
TCGA-DM-A28C,-0.07557131,-0.0017768629,2.063124,1.0819235,-0.350083,2.5983384,2.7421353,1.8645304,1.1243166,-0.046875667,0.5697517,0.81641525,0.29075518,1.7956094,-0.028322158,0.97792435,-0.0067954683,2.7527301,2.909921,-0.03329627,1.0012184,0.19402832,-0.10012529,-0.33549902,1.6500607,0.29596624,-0.31721458,-0.031830426,2.3330417,-0.051152933,0.5698446,0.50553536,0.48338097,1.7091689,-0.19617446,0.77288467,-0.039924245,2.802577,0.40889046,0.45765263,-0.046280652,0.61974674,1.3630677,0.76452076,-0.21586242,1.9551519,2.5695634,0.08380789,0.52813387,0.55373436,-0.13772032,-0.14123663,-0.020190028,-0.090242125,2.6757874,-0.40567967,-0.002853619,-0.04413114,-0.007086852,2.1875448,-0.11615252,0.29348093,-0.042794254,-0.27895233
TCGA-DM-A28E,-0.05470229,0.44511235,1.3932098,0.57066196,-0.19504036,1.8227482,1.7304106,1.0967784,0.9780976,-0.026553068,0.46595356,0.58622146,0.25707805,0.91269726,-0.022688214,0.5354025,0.12388252,1.8354769,2.7504985,-0.03557846,0.69962424,-0.023635345,-0.041809976,-0.067880265,-0.0072992938,-0.004572026,-0.2658301,0.17743623,2.2224388,-0.05155734,0.3148474,0.5461956,0.3719961,1.0504955,-0.24209635,1.0642589,0.26140106,2.3038778,0.9941864,-0.035572365,-0.036865827,1.3038251,0.8612939,0.78393096,-0.17690492,1.6928844,2.2298675,0.3459971,1.0460684,1.3572439,-0.08169815,-0.15540817,0.16319236,-0.057435073,1.9708506,-0.32709026,-0.06629249,-0.071174435,1.9173769,1.8584319,-0.055019256,-0.012290476,-0.0125434315,-0.15277167
TCGA-DM-A28F,-0.038067624,0.31831872,1.5583984,0.26640508,-0.28310436,1.7668002,2.079146,0.8632087,0.9340214,-0.018512191,0.7896688,0.5337452,0.20973726,0.86408323,-0.060742904,0.6125641,-0.053142548,2.1202466,2.2216768,-0.014775838,0.71253484,1.0064045,-0.061396994,-0.22107856,2.097388,-0.018549228,-0.27849463,0.25266936,2.0956125,-0.008274943,0.5270388,0.49644262,0.23612927,1.0971733,-0.10026504,0.31334108,-0.038496207,2.3266313,0.07172227,0.55612695,-0.007707582,0.51315737,1.0094146,1.716445,-0.17703693,1.7559443,1.9081559,0.30484176,1.3605933,0.8428504,-0.07507301,-0.095785335,-0.01489451,-0.068441406,1.917929,-0.30871633,-0.012515512,-0.04929982,0.5507969,1.828474,-0.09610688,0.3244484,-0.027729291,-0.23177814
TCGA-DM-A28G,-0.05198521,-0.009542475,1.8290837,0.30894676,-0.30248925,1.9288877,2.4272435,0.3408849,0.6332367,-0.021100566,0.16158369,0.42114383,0.3054106,0.69339514,-0.023496974,0.2965341,-0.046884563,2.30706,2.5386806,-0.024618687,0.7418085,0.68711966,-0.08973555,-0.23009637,1.9120045,0.038242128,-0.28648195,0.28197417,1.9685923,-0.042495344,0.8880585,0.45158452,0.35206294,0.8435391,-0.105639234,0.2500557,-0.062247586,2.6811054,0.38237703,0.56726784,-0.034610853,0.6689965,0.9758953,1.5525284,-0.1845475,1.7333364,1.9149354,0.29699522,0.94698143,0.62051,-0.108105026,-0.11423745,-0.022922674,-0.100181274,1.998696,-0.33226296,-0.0051790737,-0.041999217,-0.0038071312,1.8968954,-0.078310825,0.19552912,-0.012025246,-0.2240465
TCGA-DM-A28H,-0.036255263,0.17668474,2.3111432,0.5881682,-0.34372658,2.3055835,2.4627595,0.4320756,1.3121914,-0.0114959655,1.3789726,0.50795585,0.37635243,1.2962732,-0.059040476,0.5438653,-0.053271253,2.4166594,2.801479,-0.02958933,0.9474503,0.90489,-0.10212948,-0.26327106,1.2812774,-0.006879588,-0.36051425,0.1994088,2.3344023,-0.063819416,0.5405728,0.37476078,0.35674122,1.6470236,-0.18432918,0.5709653,-0.04586761,2.7319522,0.31129783,0.62028843,-0.042671006,0.8619938,1.0422264,1.6953912,-0.19821091,1.8117043,2.154743,0.54677826,1.2092718,0.19493976,-0.08142895,-0.11208556,0.09824598,-0.086050995,2.4699523,-0.37170255,-0.035140928,-0.062300205,0.7466487,2.0439773,-0.11771285,-0.0017410595,-0.030586565,-0.28052485
TCGA-DM-A28K,-0.05920867,-0.011310808,1.5154508,0.5821031,-0.27673903,1.7831985,2.3243399,0.53158146,0.14435914,-0.0045121084,0.14365217,0.4947529,0.27009854,0.86002225,-0.07416459,0.7005217,-0.0679852,2.1631064,2.1134531,0.022755144,0.6208882,0.048776995,-0.05867074,-0.22623749,2.3108687,0.69263166,-0.2644101,0.097910225,2.1549406,-0.04530926,0.86390585,0.16967216,0.045459174,0.8218842,-0.07068491,-0.004125826,-0.030073678,2.4424732,0.8520153,0.64573294,-0.0048616887,-0.0015383557,0.65979785,1.7516307,-0.1556072,1.4652361,1.8209295,0.27300537,0.42732853,0.124885246,-0.07237405,-0.12493423,-0.04840501,-0.07052044,1.6969721,-0.28035936,0.23053464,-0.077554405,-0.00016121194,1.2648997,-0.08628517,0.42252147,-0.01730218,-0.23199645
TCGA-DM-A28M,-0.059510697,-0.007162966,2.085657,0.44487768,-0.27537113,1.9161235,2.3126857,1.2238107,0.6283495,-0.025368676,0.01801803,0.47802347,0.41871092,0.9901345,-0.030977914,0.47762078,-0.037196342,2.5328715,2.6260052,-0.021947645,0.92678726,0.27889633,-0.068122,-0.24237476,2.0650916,0.034922235,-0.27317703,0.37201273,1.9635463,-0.037744425,0.71073747,0.49428296,0.31756014,0.93777966,-0.1329203,0.20026782,-0.04228596,2.7694528,0.2787371,0.6442443,-0.038195714,1.0951812,0.6996241,1.4880316,-0.18628524,1.8582311,1.8231168,0.3891769,0.48698163,-0.013173289,-0.09383484,-0.13869342,-0.031441916,-0.07399822,2.1328416,-0.35027528,0.048325643,-0.0754041,0.0077506118,2.086863,-0.087181434,0.06647355,-0.0133936545,-0.23078988
TCGA-F4-6459,-0.050677337,0.18882033,1.9302124,1.1715628,-0.25060734,2.3176022,2.1906514,1.2760386,0.69831914,-0.03878055,0.28279728,0.38786092,0.387906,1.4446027,-0.026473043,0.31194544,-0.019381424,2.0925598,2.9466648,-0.037367787,0.90015,0.17302397,-0.07210878,-0.17365307,0.8550612,-0.0042009777,-0.28076252,0.010971364,2.3828247,-0.055608798,0.48288506,0.48156345,0.534759,1.4641585,-0.22234873,0.9241546,-0.015665336,2.6981392,0.6589532,0.3145466,-0.045481395,1.128961,0.89284647,0.6319357,-0.19757219,1.739296,2.1929727,0.06961889,0.82998925,0.35764295,-0.12692504,-0.17348798,-0.00065089617,-0.08271054,2.6157045,-0.35532686,-0.05472168,-0.060595978,1.494359,1.77605,-0.08562219,0.3843467,-0.019631563,-0.23387785
TCGA-F4-6460,-0.00959771,-0.006619503,1.4916545,0.8276872,-0.17246494,1.9261811,1.6751671,1.2441005,0.6719997,-0.055830367,0.31654146,0.3466759,0.41165626,1.0363894,-0.028709922,0.4598635,-0.004124374,1.7204199,2.4647453,-0.046614017,0.7335296,0.37834203,-0.036760043,-0.1211222,-0.014016899,0.0827128,-0.21639521,-0.022262203,2.182663,-0.020042915,-0.012130744,0.2032686,0.37888047,1.377405,-0.22473848,0.9097898,-0.04537129,2.2142558,0.26699173,0.32202584,-0.03469653,1.0189841,0.8866293,-0.018464176,-0.15150835,1.5096166,2.0941455,-0.003380897,0.6493145,0.70982194,-0.10730044,-0.15200718,0.32379493,-0.06679514,2.094542,-0.29828033,-0.032691624,-0.069040544,1.4600346,1.2848223,-0.043621738,-0.0021664195,-0.030464454,-0.19693486
TCGA-F4-6461,-0.053967196,0.50617,2.4610229,0.34606326,-0.44332606,2.8219097,3.082477,0.5498404,1.0131216,-0.05312204,0.302626,0.9197188,0.5685702,1.4068972,-0.02438435,0.07909515,-0.046990093,3.331382,3.545672,-0.024822062,1.1156101,0.71991855,-0.119161285,-0.20097335,0.52831334,-0.028262898,-0.4093573,-0.013608487,3.2533023,-0.028699903,0.6850458,0.64042777,0.51450014,2.2324727,-0.26059288,1.0986633,-0.041979875,3.453816,0.10833414,0.540517,-0.031879883,1.0428262,1.404358,1.8518549,-0.23076797,2.3799312,2.9525082,0.44000065,0.562303,0.899387,-0.18816434,-0.22636878,0.2931845,-0.113759115,3.0124156,-0.49839544,-0.06866687,-0.088522956,1.2629662,2.0088527,-0.14528112,0.17986882,-0.054098386,-0.31510052
TCGA-F4-6463,-0.019435748,-0.009221674,1.3880023,0.42786932,-0.1996493,1.557073,1.6868193,0.8126824,0.24238841,-0.017567331,0.28300402,0.16924204,0.30855957,0.7798141,-0.010709488,0.44066897,-0.014390669,1.6557012,1.7647412,-0.026675481,0.4553274,0.58203745,-0.034301247,-0.14434037,0.9634047,-0.011989086,-0.17061839,-0.022831393,1.7696929,-0.035888948,0.32739228,0.02214246,0.120727606,0.91712433,-0.13159838,0.37531245,-0.034382775,1.9238129,0.32489744,0.30753353,-0.019226996,0.33045673,0.61369604,0.54037875,-0.115747824,1.2357974,1.5316008,-0.014781545,0.7242488,0.2679472,-0.07752497,-0.11570585,-0.0084571885,-0.06064576,1.5766016,-0.27251074,-0.011893097,-0.053872254,0.47085902,1.3281173,-0.048833072,0.3357994,-0.017036784,-0.17473081
TCGA-F4-6569,-0.025111133,0.28601068,1.4765843,0.35499513,-0.28215665,2.110101,2.0596201,0.9264661,0.84061426,-0.02971076,0.28669038,0.35063258,0.38840073,1.3054593,-0.039229933,0.4671403,-0.013277629,2.2445862,2.484876,-0.030390054,0.72042084,1.2106409,-0.0662276,-0.19479895,0.9384204,-0.003852705,-0.24835567,-0.011707696,2.3971539,-0.039301377,0.44155642,0.28850436,0.12554535,1.4992516,-0.17944631,0.8707848,-0.048859667,2.6092834,0.087783776,0.5316561,-0.016896065,0.3032846,0.8184796,0.8934449,-0.17003204,1.6862087,2.1268413,0.06679232,0.92325705,0.53223604,-0.09232112,-0.14247589,-0.002262674,-0.073583364,2.0888543,-0.33496532,-0.024074031,-0.07544505,0.90892345,1.4549623,-0.07944818,0.21444178,-0.016223036,-0.22947733
TCGA-F4-6570,-0.026790947,0.44368988,1.9527954,0.26055074,-0.40227237,2.4625354,2.9295812,0.2606323,0.5103596,-0.06946357,-0.0051294127,0.918315,0.5817666,1.1455761,-0.034075353,0.027375914,-0.042981956,2.9096558,3.1449273,-0.0063139754,0.8559994,0.5072322,-0.10504512,-0.15569834,0.43545297,-0.02762923,-0.37067243,0.19927,2.625455,-0.023594746,0.69089395,0.60935205,0.4626394,1.8689523,-0.24562648,0.70259106,-0.024941709,2.9305542,0.22365035,0.49612123,-0.045067642,0.58412313,1.1341056,2.3466842,-0.19247566,1.9620328,2.481517,0.42882717,0.5506468,0.503005,-0.13901861,-0.19233921,-0.0036208467,-0.091664135,2.5500953,-0.50077695,-0.03204232,-0.10194478,1.2126905,1.724867,-0.12731993,-0.007855903,-0.042315133,-0.29876837
TCGA-F4-6703,-0.008105776,0.004045382,0.86139214,0.28665906,-0.15439264,1.4279655,1.072235,1.3959768,0.17208743,-0.04949246,0.33182046,0.16760342,0.03247741,0.89788616,-0.017867262,0.3162857,0.30156934,1.2335415,1.5853188,-0.020003855,0.5721124,1.2955642,-0.040109124,-0.113473356,0.07123409,-0.007241507,-0.100281075,-0.057737734,1.8309523,-0.010989253,-0.0004779268,-0.00273546,0.035828486,1.3527017,-0.12476357,1.003665,-0.029480282,1.5959392,-0.017699044,0.028429318,-0.0030412527,-0.0039923885,0.4223581,-0.03905512,-0.09087788,1.0627832,1.3724948,-0.048050445,0.048263267,0.32066596,-0.07553452,-0.11420242,0.20973846,-0.049736973,1.3890083,-0.20410605,-0.011907897,-0.043181818,0.9531991,1.0237149,-0.041396018,0.13051732,-0.04013437,-0.15201007
TCGA-F4-6704,-0.0031316902,-0.003947766,1.0576633,0.5489086,-0.16755122,1.251219,1.2603222,0.47560376,0.80837405,-0.024898535,0.4576698,0.3203574,0.117134236,0.75138265,-0.01983419,0.43444875,-0.020651637,1.2969232,1.5876261,-0.047856566,0.5940453,0.7440928,-0.027694343,-0.0834253,0.27039325,-0.038358126,-0.16992521,-0.0048379195,1.7337272,-0.009452661,0.06865749,0.035613097,-0.018245144,0.9036098,-0.11972772,0.5067919,-0.032393605,1.6630176,0.29507312,0.10134879,-0.00883014,0.3156377,0.61638457,0.32208723,-0.096859545,1.3870312,1.4066231,0.17035799,0.4216981,0.9960455,-0.059458632,-0.108748235,0.08048636,-0.06337241,1.605626,-0.21894912,-0.014419134,-0.034194212,0.73629445,1.1197797,-0.035758074,0.09196184,-0.011602782,-0.16653292
TCGA-F4-6805,-0.017138401,0.13234662,1.267495,0.9037543,-0.19064152,1.7059785,1.5977627,1.4216275,-0.018229127,-0.041067943,-0.018879175,0.42751268,0.17329557,0.74528044,-0.004803886,0.4361668,0.059792135,1.5306158,2.1851194,-0.016480599,0.5847296,0.25400877,-0.04715925,-0.09375069,0.2778366,-0.0061488557,-0.16848159,-0.015862208,2.0969703,-0.030253967,0.34562773,0.26864433,0.62763053,1.3575927,-0.22583807,0.9438846,0.058312878,2.1836944,0.5157609,0.058082443,-0.04377961,0.7623688,0.77717304,0.12836406,-0.15007874,1.2158068,1.8647902,0.0564363,0.2799356,0.21533638,-0.10573508,-0.1701299,0.2122037,-0.04877464,1.9203764,-0.3017083,-0.017095534,-0.05850299,1.6586937,1.1144203,-0.06451764,0.21079181,-0.038089976,-0.17337152
TCGA-F4-6806,-0.04604537,0.36913502,1.910605,0.46126083,-0.35896367,2.0547664,2.6831248,0.51217276,0.117667705,-0.02371101,-0.024873514,0.71436,0.3531806,0.8586658,-0.025493005,0.12753248,-0.042860642,2.540911,2.7194457,-0.008230879,0.8711486,0.20468542,-0.09507487,-0.1620272,1.0186465,0.082259856,-0.31177968,0.18333748,2.4209294,-0.0127791865,0.8823012,0.58821034,0.49574822,1.248896,-0.19382034,0.59673893,-0.0041277106,2.7815378,0.5161977,0.53845716,-0.05008881,0.6640337,0.9254547,2.224133,-0.1899256,1.7500682,2.4055483,0.54468817,0.277429,0.39801225,-0.11039764,-0.18259281,-0.02402356,-0.10515869,2.4910195,-0.41651055,-0.011509194,-0.059416443,1.0462716,1.6799383,-0.1079127,0.11492197,-0.021148043,-0.26164186
TCGA-F4-6807,-0.015987406,0.19704665,1.6154733,0.21490338,-0.25412983,2.0676777,1.9891667,0.67091495,0.40723658,-0.04004585,0.089185305,0.48105726,0.31594995,0.73131365,-0.025032962,0.14464459,-0.024543785,2.1131492,2.5509608,-0.03224991,0.723808,0.27638575,-0.064131446,-0.09373412,0.47589722,-0.008729092,-0.2282126,-0.0017242748,2.376007,-0.013394703,0.4913569,0.3937371,0.45209265,1.2396867,-0.19621472,0.86302215,-0.009760408,2.5563986,0.6037382,0.08708629,-0.027191622,1.0163779,0.9347809,1.1786114,-0.1465978,1.7423652,2.0583222,0.18963516,0.5228466,0.5268365,-0.12307483,-0.1635389,0.23566617,-0.070785366,2.343145,-0.34954497,-0.040091727,-0.047118153,1.3320503,1.3810865,-0.074106835,0.12845899,-0.020579644,-0.21851759
TCGA-F4-6808,-0.020581594,0.0045930743,1.0225744,0.34166384,-0.1491497,1.394966,1.5461208,0.74707305,0.6073429,0.0647772,0.43886593,0.1306692,0.23248981,0.38635102,-0.016971169,0.115383856,-0.021325333,1.5957093,2.2905824,-0.05981682,0.43112317,0.35109228,-0.03761483,-0.06415808,0.064467415,-0.021201575,-0.18131934,0.11092061,1.6190269,-0.006144617,0.18941987,0.27381152,0.27324042,0.6195646,-0.15478101,0.4694135,-0.017670488,1.7667868,0.36537918,-0.020182468,-0.022221087,1.3339434,0.6258863,0.7564324,-0.12897512,1.3590705,1.419558,0.013245262,0.7167587,0.9788199,-0.08857371,-0.10455362,0.056905903,-0.06707531,1.7062013,-0.23360148,-0.053556602,-0.025669137,1.1504105,1.0873865,-0.02540326,-0.000834174,-0.022488294,-0.13452885
TCGA-F4-6809,-0.032680742,0.19143902,1.9209641,0.7508931,-0.28288192,2.178456,2.4298582,1.37536,0.42056468,-0.04663138,0.008096881,0.5200643,0.48778352,1.0582818,-0.030211112,0.27120894,-0.025151296,2.3864644,3.0842724,-0.024114937,0.65107757,0.18826872,-0.07313796,-0.17950939,0.6730254,-0.00039698704,-0.25286278,-0.020145668,2.5920298,-0.023811635,0.36219868,0.41377634,0.5247381,1.4468868,-0.24121039,0.98272985,-0.01427151,2.7741096,0.39483026,0.43001205,-0.041073922,0.9323356,0.9701392,0.8552801,-0.20631254,1.6820086,2.2482872,-0.0017991618,0.67869407,0.08893938,-0.13338028,-0.1959065,0.0877147,-0.083411,2.5096414,-0.38377836,-0.034222677,-0.06729167,1.2210745,1.7613052,-0.078415155,0.19793227,-0.043759745,-0.22887571
TCGA-F4-6855,-0.059358753,0.024417304,1.7512162,0.7264138,-0.26920664,1.9351141,2.1293142,0.9746662,0.2879302,-0.03523465,0.119729154,0.5620304,0.4076964,0.8248938,-0.018675203,0.300194,-0.046158217,2.0543482,2.5499902,-0.010983723,0.7820184,-0.027459515,-0.090929255,-0.17698067,1.3864905,0.02067272,-0.27090406,0.061173197,2.0620725,-0.03201751,0.41640258,0.37396446,0.73583525,1.0298581,-0.1740026,0.5544486,-0.014068454,2.5191746,0.7311795,0.6288672,-0.03686514,0.9655754,0.7714984,1.299458,-0.16599461,1.6007496,2.039069,0.2662977,0.46188557,0.6299378,-0.11146273,-0.169037,-0.01105185,-0.06506451,2.2221897,-0.34668788,-0.020099936,-0.062221337,1.0290955,1.5658286,-0.08334243,0.22449142,-0.008712542,-0.22560011
TCGA-F4-6856,-0.047794294,0.39348215,1.6201322,0.24163455,-0.2977605,1.9877697,2.0227637,0.5304852,0.42248675,-0.033272885,0.42484796,0.56827146,0.32236317,0.98010755,-0.035033945,0.40542904,-0.01623043,2.0699542,2.159569,-0.0013248356,0.64921945,0.68574923,-0.10374808,-0.19029988,1.0320262,-0.0121451765,-0.22113602,-0.038524266,2.2519586,-0.032666795,0.36297187,0.07075358,0.051207863,1.4273525,-0.12685646,0.63636583,-0.017097123,2.3099966,0.5832006,0.18883342,-0.0139738275,-0.00806371,0.79514545,1.1682687,-0.13884936,1.6678149,1.9135906,0.18753491,-0.0010061406,0.24826914,-0.070598885,-0.16350889,-0.0007450305,-0.060412765,1.8701693,-0.312543,-0.020332992,-0.041147184,0.6604994,1.3195715,-0.09468257,0.28131226,-0.028528174,-0.23374148
TCGA-G4-6293,-0.034364324,0.012642194,1.5292543,0.092969984,-0.25409895,1.8603349,2.0391269,0.545456,0.4805146,-0.020157011,0.35119525,0.58486426,0.53259915,0.4262201,-0.028259993,-0.0017789357,-0.07073886,2.3054173,2.7620533,-0.035734143,0.6501432,0.79378545,-0.06142789,-0.11545332,0.7417119,-0.027356017,-0.23950456,0.44397143,2.2951035,-0.008158389,0.5973081,0.5682176,0.47620502,1.0423672,-0.17312719,0.56285155,-0.03029336,2.5536082,0.19540751,0.33741868,-0.037365537,1.4414829,0.74361783,1.6562638,-0.15661964,1.8864439,1.9940659,0.482405,0.68110174,0.33599436,-0.11029854,-0.15056394,0.13726115,-0.06854787,2.3156948,-0.32449803,-0.06111428,-0.068905406,1.1149534,1.4304227,-0.06063206,-0.022405531,-0.02269118,-0.2302974
TCGA-G4-6294,-0.039020047,0.37573278,2.1407046,0.7401517,-0.302366,2.4336412,2.6326659,1.3806698,1.3885053,-0.061121684,0.3523632,0.48130122,0.16487549,1.8299947,-0.067142636,0.74990094,-0.0016398089,2.6169221,2.8737478,-0.02209402,0.97842073,0.4552673,-0.09426417,-0.3098381,1.8949372,0.3402454,-0.29348743,-0.009473435,2.2421126,-0.067467056,0.53780884,0.45929396,0.47560626,1.4865745,-0.102068916,0.6260049,-0.050349783,3.0705225,-0.0022572346,0.71919715,-0.02942329,0.6744945,1.0042074,0.8739361,-0.21506326,1.7479612,2.3327985,0.21766107,1.4473853,0.27519444,-0.14716534,-0.13593118,-0.028644115,-0.07321458,2.247532,-0.35465425,0.0210011,-0.051676698,-0.004748759,1.9183228,-0.14347094,0.3782585,-0.0478353,-0.24559759
TCGA-G4-6295,-0.002333529,0.08041123,0.90698993,0.023637827,-0.11997664,0.8908162,0.84307486,0.14267401,0.251082,-0.020574128,0.44090697,0.1390575,0.17787905,0.11610563,-0.021332975,0.13829222,-0.02498131,1.0746853,1.4548678,-0.025962291,0.36454624,0.7274904,-0.021761341,-0.00911774,0.15546805,-0.023651294,-0.12984693,0.14717984,1.3868259,-0.009173529,0.09289925,0.3217575,0.2581788,0.41493022,-0.09583222,0.3212682,-0.017525343,1.5179403,0.075383425,0.07035403,-0.020456795,1.2288988,0.3671645,0.7489513,-0.081017576,1.1626701,1.3943621,0.19595613,0.873863,0.9998944,-0.056736838,-0.099913895,0.2264427,-0.046624083,1.1261601,-0.15652786,-0.06209429,-0.03357718,1.100917,0.6926289,-0.034438573,-0.028558597,-0.04918351,-0.11220827
TCGA-G4-6297,-0.038864594,0.28259343,1.5643204,0.20588228,-0.1929471,1.6706889,1.7480416,0.77558297,0.10298711,-0.044495933,0.12751889,0.47302133,0.3359409,0.41277632,-0.046879034,-0.011594496,-0.028292967,1.8872898,2.2592475,-0.010976344,0.67876244,0.28029996,-0.026698217,-0.1115839,0.5800489,0.23183468,-0.21564506,0.42362502,1.8197579,-0.019015253,0.47074234,0.28111595,0.39494994,0.9477606,-0.1553903,0.6148154,-0.0115574105,2.1145236,0.06667316,0.19773145,-0.03930353,1.234124,0.77435625,0.7633065,-0.12757167,1.3209676,1.9530509,0.11313638,0.46764928,0.40525204,-0.11286398,-0.12842855,0.11471372,-0.04414029,1.7717178,-0.28884026,-0.04680955,-0.050586283,1.0783393,1.2094024,-0.05734833,-0.025555125,-0.02195747,-0.16717699
TCGA-G4-6299,-0.052259933,0.525307,2.3084145,0.07837564,-0.44251233,2.7327046,3.0767632,0.93839115,0.6547408,-0.08824738,0.0937502,0.8504809,0.5239103,1.6419561,-0.045468595,0.039612867,-0.04565553,2.9621022,3.2380793,0.15869322,1.0571257,0.72676617,-0.12082285,-0.2339556,0.6743886,-0.027835896,-0.35484612,-0.023846408,2.8030665,-0.049298003,0.6450968,0.4706633,0.055579312,2.0890224,-0.2371953,0.7430116,-0.029428033,3.3264592,0.29412585,0.46846753,-0.04429577,-0.018409586,1.1535838,2.0797591,-0.19761108,2.126809,2.7553809,0.3245787,0.5754697,0.27037436,-0.12731577,-0.18785205,0.021502314,-0.095274016,2.5074239,-0.49234533,-0.012134704,-0.07999422,0.58406264,1.8747652,-0.13309936,0.29747778,-0.034995016,-0.3224524
TCGA-G4-6303,-0.06116293,0.1851776,1.9044356,0.6765098,-0.28038654,2.2194047,2.4072287,1.1029581,1.1194409,-0.03519577,0.3206996,0.82566917,0.22353221,1.0668252,-0.07872959,0.56056297,-0.028126398,2.617563,3.01613,-0.03102005,1.1166743,0.26265466,-0.07630177,-0.180766,0.97019565,-0.023478566,-0.33267483,0.28362057,2.6728237,-0.05366536,0.49774885,0.76786447,0.10784214,1.4555361,-0.25456062,0.88861984,-0.0027210787,2.9795167,0.5632546,0.38063923,-0.026380142,1.2863837,1.1981915,1.3283522,-0.22377895,1.8753729,2.5482492,0.51320815,1.5006597,1.0436397,-0.13852195,-0.14554012,-8.923188e-06,-0.10189047,2.6736627,-0.37596914,-0.04385617,-0.05230801,1.1302176,1.7755995,-0.077844314,-0.0025067031,-0.052265663,-0.25176117
TCGA-G4-6304,-0.024823597,0.3099798,1.4686925,0.26643294,-0.23498957,2.0331802,1.7909839,0.86647695,-0.008110031,-0.036081575,-0.015799254,0.40940467,0.27169093,0.6044368,-0.01583672,-0.014341581,-0.0036550786,1.8436196,2.408344,-0.018709233,0.65776354,1.0549628,-0.07259047,-0.07335406,0.018966414,-0.007141702,-0.17679034,-0.017306512,2.3726165,-0.0036220055,0.24923545,0.46982563,0.29622233,1.4316326,-0.19246964,0.9137328,-0.0035415755,2.3924701,0.057536855,0.11950812,-0.032978404,0.5663879,0.8494003,0.93642557,-0.123121195,1.5104975,2.0152555,-0.0032372326,0.44097257,0.20857409,-0.11706104,-0.16104467,0.34568566,-0.06823731,2.0192351,-0.34397155,-0.021898482,-0.074148476,1.4942789,1.2094501,-0.057478335,0.110089354,-0.041776177,-0.22131991
TCGA-G4-6306,-0.06225893,0.041118406,1.5656451,0.70129406,-0.23294047,1.944388,1.8804448,1.3433298,0.73387235,-0.03290541,0.82320255,0.6011022,0.45383593,0.78289396,-0.020488683,0.5590924,-0.017403947,1.9213684,1.9727037,-0.03351361,0.78293765,0.4423439,-0.07335305,-0.2228096,2.1208684,0.1465837,-0.24518915,0.1505867,1.9110065,-0.019921815,0.63033366,0.24560516,0.4265411,0.8900708,-0.11192904,0.5835676,-0.04894413,2.2966309,-0.0074330233,0.1221451,-0.03956773,0.2424698,0.8961353,1.3724879,-0.21057425,1.5461391,1.8224268,0.40248662,0.6762114,0.60413605,-0.07756057,-0.10059681,-0.039988134,-0.063041314,1.8282734,-0.2969824,-0.019715361,-0.07018643,0.376024,1.3440056,-0.060415562,0.5691636,-0.015922045,-0.1744411
TCGA-G4-6307,-0.00750781,0.21573342,0.92238724,0.8188116,-0.1357333,1.3239114,1.4203901,0.9133193,0.6694618,-0.0028587868,0.13929161,0.54244226,0.17639074,0.632659,-0.0159242,0.24271879,-0.006968368,1.5209576,1.9694408,-0.053883977,0.5715538,0.016892605,-0.037192352,-0.057130158,0.15950514,-0.047588404,-0.1789063,0.055995386,1.6713848,-0.025305796,0.2196539,0.687776,0.09011539,0.8984499,-0.15196551,0.7912416,-0.019291317,1.5498374,0.282958,-0.006060687,-0.018129354,1.6335803,0.48517618,0.009809211,-0.12233629,1.1420554,1.4926734,0.42152536,0.4570338,1.4157237,-0.10430043,-0.1296108,0.69923383,-0.033006437,1.6115488,-0.21570866,-0.044000294,-0.022203816,1.238398,1.0626459,-0.043869354,0.064444415,-0.07635568,-0.12767975
TCGA-G4-6309,-0.008559814,-0.007511671,0.93938565,0.3391798,-0.16196218,1.096704,1.2518215,1.0454192,0.13924937,-0.021541376,0.31955865,0.45901278,0.17920534,0.6279981,-0.01642578,0.23350134,-0.025130395,1.4581192,2.0076046,-0.014061095,0.5055043,0.1833565,-0.06266331,-0.059055436,0.06974408,-0.0038491834,-0.15824118,-0.02209261,1.6003133,-0.011405247,0.016932685,0.27248833,0.420309,0.8636279,-0.1587649,0.64894897,-0.0019435966,1.4320631,0.45894828,0.11652951,-0.017032264,0.9724518,0.5468784,0.30669856,-0.09414514,0.87789214,1.533908,-0.00064347236,-0.007990534,0.5024722,-0.07793621,-0.16019756,0.154107,-0.053955097,1.607867,-0.24397814,-0.018824201,-0.02870374,1.3985339,0.9502076,-0.023090687,-0.011619583,-0.049193714,-0.1354761
TCGA-G4-6310,-0.042481057,0.32695383,1.5881135,0.6644346,-0.2619464,2.3612,2.0493968,1.2422836,1.2779691,-0.050288554,0.53248537,0.5322874,0.27941686,1.449595,-0.050639268,1.0038772,-0.01591469,1.9927427,2.4357886,-0.017664002,0.78366286,1.209097,-0.035054125,-0.24783309,1.5561953,0.13962084,-0.28678316,-0.009204455,2.1813571,-0.05227111,0.52229565,-0.007213909,0.20024678,1.6287711,-0.18203692,0.7877236,-0.04577901,2.426576,0.19811206,0.5418004,-0.021280525,0.45060635,0.9162968,1.0027963,-0.21020007,1.7476233,2.1313784,0.49514705,1.2415345,0.59894073,-0.08748071,-0.13017498,0.014518134,-0.061690617,2.3085964,-0.33581942,0.023023121,-0.06491851,0.9935953,1.7995918,-0.08297988,0.16863811,-0.05127607,-0.22472869
TCGA-G4-6311,0.067136966,0.088299915,1.3460454,0.27406883,-0.20098332,1.7752681,1.5712228,0.8859022,0.9320401,-0.019296836,0.40207115,0.3938307,0.31366602,0.83414316,-0.045694407,0.4639979,0.014582153,1.7573717,1.8175131,-0.03486027,0.48969278,1.0141532,-0.057949033,-0.15551509,0.8829764,-0.008943132,-0.19078223,-0.0120384,1.7879657,-0.027443657,0.13927957,0.27648222,-0.0027983203,1.1620756,-0.12939106,0.74156386,-0.03267644,2.0676126,0.2206906,0.22471365,-0.01616957,0.5949013,0.5691146,0.6554276,-0.14271522,1.4796485,1.6508873,-0.01453413,0.8399481,0.71217215,-0.08808432,-0.11265496,-0.00047766865,-0.066839874,1.9257267,-0.25747585,-0.0031103399,-0.038453292,0.67396116,1.3927008,-0.06553485,0.09909232,-0.036822245,-0.16811202
TCGA-G4-6314,-0.022968082,0.33384478,1.3666381,0.4471718,-0.21015607,1.6386245,1.7830186,0.9702657,0.22160938,-0.032680783,0.23024282,0.61023325,0.21233253,0.54271173,-0.027026305,0.3759818,-0.023516823,1.8041353,2.2549384,-0.0070065707,0.591069,0.43008155,-0.03762263,-0.120279446,0.90368634,0.10313136,-0.17330259,-0.0061465725,2.143053,-0.021091828,0.32640582,0.19797164,0.2142017,0.95029664,-0.15445691,0.62675345,-0.012484459,2.2951484,0.64600503,0.3192921,-0.04342851,0.75825644,0.5620193,0.8058114,-0.14984573,1.5210108,1.7166544,0.1275324,0.63934827,0.55387,-0.095713966,-0.14730778,-0.0032729157,-0.0466211,1.9946522,-0.27658767,-0.0042251777,-0.057680644,1.02276,1.3502505,-0.06923625,0.08876195,-0.03453547,-0.19483827
TCGA-G4-6315,-0.026042772,0.19647911,1.537114,0.39192674,-0.2402374,1.9497855,1.8862844,0.9245254,1.2059994,-0.024853585,0.77221453,0.5551204,0.076964125,1.0431113,-0.0375521,0.59452057,-0.009283141,1.7764474,2.262996,-0.036879953,0.7163461,0.8423884,-0.072037935,-0.20411222,1.0572664,-0.004160021,-0.24321607,-0.027966132,2.2195325,-0.044237535,0.4106359,0.323497,0.020769412,1.4193921,-0.1638117,0.7687854,-0.03568771,2.3457544,0.5662115,0.31374344,-0.024809057,0.60413104,0.97046,0.5878259,-0.15854287,1.5888355,2.000109,0.14690158,0.83992016,0.80485153,-0.08849027,-0.11172227,-0.0069058198,-0.069219194,2.1233227,-0.31124458,-0.023539675,-0.023913322,0.72489697,1.6932182,-0.06232951,0.27597445,-0.04404021,-0.19505338
TCGA-G4-6317,-0.017375648,-0.018389745,1.517907,0.91005063,-0.20606785,1.618658,1.6982663,0.6455855,0.9676665,-0.011060529,0.5253506,0.72632986,0.17620918,0.94274217,-0.039926603,0.20790765,-0.013759448,1.8520322,2.7530925,-0.053351637,0.73001623,0.19291477,-0.032937735,-0.11929683,0.3662942,-0.0155289415,-0.26617333,0.27166155,2.1608055,-0.016992,0.4877302,0.61632335,0.056450196,1.0915306,-0.22600709,0.72359234,-0.0128766,2.146265,0.76975834,0.104328275,-0.03487476,1.4186189,0.9760507,0.7261413,-0.16249333,1.5018152,2.123929,0.34239537,0.67381936,0.6104588,-0.1094807,-0.12432901,0.1287131,-0.09541806,2.2132566,-0.31980574,-0.0637986,-0.045755886,1.8065449,1.4009973,-0.016340176,0.20372319,0.027780432,-0.18827496
TCGA-G4-6320,-0.06308156,0.31315982,2.4364445,0.45559418,-0.48686132,2.451372,3.185312,0.33858833,0.7178431,-0.029363513,0.670107,0.9942903,0.4373913,1.1752554,-0.034368996,0.34307906,-0.08771534,2.961206,2.87671,0.16831397,0.92638236,0.4296364,-0.12519783,-0.27365145,1.8831903,-0.04316325,-0.4316407,0.21721098,2.5637739,-0.024507184,1.1366255,0.5307181,0.2708104,1.6983472,-0.15705004,0.45759463,-0.043836493,2.992826,0.18357208,0.71262765,-0.034470394,0.6791342,1.1847148,2.9135203,-0.21738029,2.4019804,2.5141723,0.9615296,0.4336295,0.7837395,-0.10729587,-0.19521184,-0.007466516,-0.086597264,2.605778,-0.4648532,-0.027580826,-0.08697802,0.46309903,2.0136967,-0.13532221,0.1402133,-0.015703818,-0.3181927
TCGA-G4-6321,-0.04226677,0.58224225,1.9806982,0.37363547,-0.4039681,2.320429,2.791277,0.41319638,0.3231731,-0.05503858,-0.0049954928,0.915124,0.52842164,1.0959803,-0.021722406,0.04517036,-0.02631337,2.6886358,2.8856282,0.06303334,0.83004963,0.4332597,-0.10582723,-0.1821204,0.5554159,-0.016343033,-0.33011064,-0.009196388,2.6017876,-0.013611564,0.6710787,0.5707676,0.4553565,1.9084628,-0.21537331,0.73088676,-0.0103225475,2.8528147,0.38064447,0.56057423,-0.040596034,0.4528265,0.90679663,1.894127,-0.1871154,1.889762,2.403509,0.58014375,-0.00092558115,0.53830296,-0.120357834,-0.20297094,0.20825797,-0.08944158,2.4397984,-0.44732532,-0.00034662252,-0.08382842,1.0714478,1.6634754,-0.10676231,0.14761409,-0.032066956,-0.2903129
TCGA-G4-6322,-0.061207384,0.0001526624,1.7790729,-0.025654292,-0.37008852,1.6087061,2.3893566,-0.008492158,0.7585011,-0.024015192,1.1855559,0.8459068,0.15063202,0.6628009,-0.00039870274,0.2139543,-0.06885264,2.547738,2.29703,-0.04019879,0.805085,0.8134455,-0.10062551,-0.1389313,1.0219734,-0.040243015,-0.30930483,0.037990633,2.3331366,-0.0051708086,0.48953158,0.41758174,0.363043,1.5430232,-0.07027099,0.38324594,-0.031415842,2.506873,-0.027458584,0.5807856,-0.036064178,1.2458291,1.0958027,2.141541,-0.16602428,1.7821872,2.0182738,0.9170991,0.18424512,1.8526036,-0.10375845,-0.14315613,-0.0018996351,-0.079834774,1.9123169,-0.359143,-0.056758802,-0.07774383,0.60044014,1.4639698,-0.16306925,-0.01794219,-0.02859429,-0.20387414
TCGA-G4-6323,-0.035633903,-0.0009270296,1.5759884,0.07106647,-0.29378602,1.9650198,2.2608187,0.5990678,0.2919727,-0.02807949,0.68141454,0.27925953,0.2393681,0.8675803,-0.018638674,0.20234671,-0.035073876,2.126027,2.118271,-0.027032433,0.57751185,0.9068307,-0.071836114,-0.18416451,1.2130431,-0.002012228,-0.24194889,0.002685005,1.816338,-0.023212273,0.5815068,0.3127341,0.30936596,1.3234414,-0.090897515,0.33722514,-0.04087234,2.4873703,-0.004133317,0.22238451,-0.018064478,0.55552167,0.77284855,1.3667948,-0.124942675,1.6506495,1.937032,0.19164883,0.1093303,0.3710857,-0.08373408,-0.1483389,0.016694725,-0.072853565,1.8745396,-0.31511804,-0.02428033,-0.057849985,0.15893802,1.4329214,-0.0816466,0.09797849,-0.020597732,-0.21319757
TCGA-G4-6586,-0.04690555,0.45117742,2.0776463,-0.002887122,-0.41761288,2.2810783,2.9811661,0.27506515,0.18848093,-0.060235824,0.2888048,0.8733399,0.46723697,0.80177945,-0.04287889,-0.010333137,-0.059722334,2.8580806,3.3698783,0.007482959,0.73905295,0.48779994,-0.12947232,-0.15091145,0.29534435,-0.041000534,-0.36066273,0.069747254,2.4318414,-0.011528127,0.8096853,0.7183586,0.46540934,1.6857812,-0.19606912,0.60447246,-0.018012324,2.9998236,0.06558133,0.43217215,-0.037021093,0.63503146,1.0140078,2.5851605,-0.19220358,1.8448598,2.6276412,0.54926217,0.19572674,0.6029339,-0.12088163,-0.18773098,0.0827986,-0.096453644,2.5745654,-0.47733068,-0.024515327,-0.09812958,0.87050265,1.585227,-0.1408228,0.23475702,-0.027292935,-0.28620777
TCGA-G4-6588,-0.04397632,0.38898337,2.1566784,0.27853143,-0.44365034,2.507559,3.1397686,0.10012087,0.5300329,-0.028016781,0.24804762,0.9891862,0.41398764,0.91182387,-0.03288732,-0.025572691,-0.058301467,2.9739268,3.1758611,0.06936394,0.9345551,0.6416868,-0.12448195,-0.17779534,0.43839163,-0.04334627,-0.37089357,-0.0053901677,2.7167006,-0.006612338,0.6355198,0.75036424,0.47666055,1.841765,-0.22504754,0.6072261,-0.011128767,3.1270404,0.34019583,0.50085264,-0.031239262,0.4522758,1.0727074,2.357262,-0.20304385,2.183969,2.620512,0.5859673,0.13773617,0.71541184,-0.13120763,-0.20806666,-0.008140767,-0.09599122,2.586038,-0.49288416,-0.023382235,-0.08165072,0.9614724,1.8004824,-0.13618386,0.22017564,-0.031185443,-0.30769503
TCGA-G4-6625,-0.01942384,0.45140862,1.4946002,0.7015614,-0.1931736,1.8305296,1.7040603,1.1262118,0.2310736,-0.021877287,0.13941258,0.3854757,0.3527765,0.8568542,-0.012737616,0.21482673,0.008939501,1.796247,2.4761455,-0.055435043,0.7361642,0.3275628,-0.042051557,-0.08347515,0.2939749,-0.010803807,-0.20961156,-0.008977118,2.3922195,-0.01952505,0.22640376,0.6131199,0.22936764,1.3137085,-0.20805116,0.9892172,0.03901223,2.4483306,0.3110297,0.15179533,-0.026940865,1.0074475,0.6446894,0.5580609,-0.1566259,1.335322,2.0236948,0.26930988,0.51507664,0.6099785,-0.116976395,-0.16883929,0.163589,-0.06252442,2.0790935,-0.30209106,-0.029062325,-0.053011525,1.4488406,1.2373759,-0.054029286,0.15162453,-0.04537854,-0.18578021
TCGA-G4-6627,-0.02893724,0.018144473,1.5373924,0.4542521,-0.26028395,1.9843007,1.8215232,1.1779228,0.64133567,-0.05784251,0.58905023,0.3838218,0.3646425,1.0961246,-0.04234866,0.44752768,-0.011550592,1.956672,2.1412396,-0.045556776,0.60803455,1.166185,-0.055484235,-0.17316344,0.646154,-0.022084927,-0.229098,-0.025295367,2.2029865,-0.02120296,0.29492846,0.22305495,0.16929269,1.4387709,-0.15779626,0.9229054,-0.03061432,2.2447288,0.12994613,0.30842412,-0.0054961215,0.17075828,0.8098288,0.612257,-0.14248198,1.5715209,1.9735422,-0.014340366,0.19677937,0.36100715,-0.0901123,-0.13762692,0.036102206,-0.0682955,1.9958503,-0.31734273,-0.015082552,-0.06873264,0.68832093,1.3787661,-0.06905712,0.23803623,-0.033435807,-0.21196835
TCGA-G4-6628,-0.033053156,0.40657645,2.079892,0.0009610085,-0.39204174,2.381808,2.9644365,0.60720116,0.5629028,-0.06977334,0.39109972,0.7264051,0.44454953,1.2504865,-0.04261041,-0.014455623,-0.044665743,2.793415,3.065269,-0.020623503,0.9163302,0.7530412,-0.10199527,-0.15895809,0.30804503,-0.027964756,-0.3380776,-0.00981163,2.7399406,-0.015087092,0.4282021,0.60333943,0.5037575,1.8897396,-0.22455509,0.77512443,-0.036369484,3.1448996,-0.0055002035,0.24412185,-0.037639465,0.6693135,1.1757693,1.9435633,-0.1807794,1.9930906,2.6839132,0.16433181,0.27301168,0.6138345,-0.1449701,-0.1835717,0.0513245,-0.092778765,2.710223,-0.46069828,-0.042212702,-0.102761425,1.0685439,1.8178426,-0.12220452,0.08202796,-0.032314338,-0.29160276
TCGA-NH-A50T,-0.03666302,-0.012644789,1.9439341,0.36876297,-0.21493235,1.7382299,2.051169,0.5086127,1.026346,-0.017469242,0.93031675,0.36435506,0.3684481,0.8015675,-0.033417325,0.06736945,-0.05396681,2.2417095,2.5717952,-0.048886463,0.9129788,0.3435984,-0.06951847,-0.1311891,0.86824447,-0.0181927,-0.2781059,0.56021875,2.0948236,-0.0019556459,0.25385708,0.76047003,0.025946507,0.7944418,-0.16108657,0.5021674,-0.039119665,2.6988988,0.27637494,0.23527673,-0.033699565,1.8198332,0.9420808,1.6151254,-0.18187028,1.9465802,2.2360742,0.36860728,1.4610604,0.9443613,-0.068273954,-0.118820764,0.058786996,-0.08969867,2.3114223,-0.3289219,-0.07321719,-0.06005116,1.2529658,1.5912122,-0.05779582,-0.017859308,-0.05375874,-0.2144014
TCGA-NH-A50U,-0.0028055483,0.2410946,1.6909882,0.18171228,-0.27757162,1.6284522,2.3759336,0.539406,0.5799506,-0.008666774,0.9814386,0.24960779,0.26766124,0.57387555,-0.035520297,0.29591313,-0.031760715,2.1752753,2.0790913,-0.021157837,0.7531426,0.35577315,-0.10612269,-0.16060525,1.4331757,-0.0010108621,-0.24408679,-0.001241995,1.8580592,-0.04974871,0.55591995,0.41555583,0.3350529,0.983368,-0.10919964,-0.007847825,-0.045496974,2.156267,0.05565074,0.19337669,-0.02277143,0.2624178,0.70346206,1.460752,-0.15404753,1.3035938,1.8998435,0.25076398,0.4112115,0.5169941,-0.096762426,-0.0998392,-0.03333521,-0.083535574,1.9589165,-0.31068143,-0.0027459243,-0.030471548,-0.014794687,1.4048815,-0.10344157,0.1257884,0.02326179,-0.21605046
TCGA-NH-A50V,-0.03780094,0.15785936,2.0761952,0.3464191,-0.33852294,2.2312472,2.6735225,1.1647842,0.78537846,-0.0390331,0.8130164,0.62555677,0.3652188,1.562374,-0.055140793,0.44018653,-0.04850578,2.725467,2.6336057,-0.0146178,0.8016034,0.66280293,-0.097863145,-0.25139415,1.8223155,0.017523602,-0.315594,0.0267069,2.134314,-0.025296075,0.71714383,0.1371761,0.3130699,1.5866187,-0.1505952,0.56689525,-0.039410997,2.7418785,0.03311418,0.39779016,-0.031261105,0.60216826,0.9147916,1.5173452,-0.19962846,1.8289942,2.3102474,0.2234314,0.37796813,-0.0046735443,-0.102265336,-0.15666635,0.048654735,-0.08484646,2.1949692,-0.36547413,-0.022382611,-0.06603792,0.40388975,1.9413728,-0.10486611,0.30539906,-0.03499679,-0.2534171
TCGA-NH-A6GA,-0.07304937,-0.0023810759,1.8333656,0.1920676,-0.31313863,2.5678632,2.3883648,1.5639275,0.79776776,-0.047195863,0.4904504,0.44035727,0.12045393,1.3388058,-0.058697123,0.5243405,-0.022814168,2.4612486,2.595434,-0.018577132,0.84885496,0.8385339,-0.05388238,-0.27845964,1.6326711,0.079490975,-0.31036007,0.10394657,2.1966,-0.033752915,0.8248032,0.32467133,0.3807068,1.5028493,-0.15054062,0.52046853,-0.053376984,2.7669053,-0.0046974807,0.71233606,-0.030115843,0.5227405,1.2058825,1.3300983,-0.19806992,1.6880997,2.3942091,0.2048821,0.62026256,0.15140676,-0.12887609,-0.15768702,-0.01393237,-0.06625893,2.3370256,-0.3531627,-0.039830405,-0.060329735,0.120391555,1.8411732,-0.12598671,0.2506836,-0.04591523,-0.2503892
TCGA-NH-A6GB,-0.02414064,-0.0046796813,1.7484087,-0.011279326,-0.2734236,1.8073705,2.1338837,0.24559699,0.36987975,-0.025935302,0.6296035,0.4360405,0.20461082,0.35856357,-0.022766052,-0.0065276544,-0.049428787,2.3635414,2.4490457,-0.040521648,0.6669949,0.82816535,-0.062340584,-0.08440288,1.0667213,-0.031206295,-0.26367334,0.25173625,2.2492204,-0.042526376,0.70562816,0.3786906,0.25555274,1.0736947,-0.108077906,0.474712,-0.034815352,2.539539,0.14269814,0.471048,-0.028938124,1.1584108,1.025904,2.004893,-0.1701216,1.7785742,2.1329877,0.5417141,0.5296627,1.0664655,-0.1089286,-0.16114388,-0.018280916,-0.09183568,2.1611452,-0.320651,-0.029946435,-0.06609531,1.191144,1.2339524,-0.11291865,0.13987187,-0.02411511,-0.19983067
TCGA-NH-A6GC,-0.04537975,0.42136645,1.3757564,0.79291576,-0.23556702,1.3619022,1.8298066,0.7689602,0.16347827,-0.01770699,0.5550512,0.47773737,0.086895235,0.7423736,-0.026964227,0.64790386,-0.024563951,1.4821337,1.7958567,-0.023743935,0.3778436,-0.013294634,-0.059342034,-0.2126569,1.7596682,0.15620556,-0.23457745,-0.017462375,1.7471068,-0.04722076,0.60065806,-0.004520628,0.42979494,0.998604,-0.13623266,0.5030812,-0.0023198314,1.7867901,0.62904656,0.5894029,-0.026637474,0.32659775,1.019464,0.680927,-0.16237448,1.0823475,1.5734739,0.27958828,0.42175204,0.5692748,-0.07880309,-0.12900992,-0.011183395,-0.06661488,1.932914,-0.24367121,0.55372524,-0.032425765,0.82652503,1.5370101,-0.07950874,0.4798407,-0.011615365,-0.17527959
TCGA-NH-A8F7,-0.028896758,0.008009892,0.8181176,0.50697815,-0.1277288,1.242695,1.1036453,1.0070825,0.7348913,-0.017659072,0.24348533,0.22374386,0.008122228,0.65861624,-0.019357441,0.5636373,-0.0065224725,1.4005439,2.2263365,-0.04759521,0.4870564,0.5044492,-0.036946863,-0.07019553,0.18565208,-0.011939009,-0.17596003,0.30128333,1.7014028,-0.014231822,0.074761406,0.45388848,0.0604525,0.76888686,-0.17966978,0.8576744,-0.009197141,1.787878,0.47613347,0.26703483,-0.024975462,1.2806433,0.50360966,0.39765453,-0.14742398,1.1906437,1.6441077,0.38416183,1.1687988,1.0869112,-0.078598104,-0.09842547,0.29423353,-0.061393064,1.6505289,-0.23800679,-0.055477884,-0.0293541,1.224217,1.0332088,-0.04774266,-0.005872266,-0.059476115,-0.13186263
TCGA-NH-A8F8,-0.034309868,0.30357003,1.7503957,0.31763947,-0.2876511,2.1094964,2.0884328,1.189398,0.3782329,-0.05024547,0.43145582,0.26675704,0.5382357,1.1783406,-0.036802433,0.22778487,-0.026346905,2.3670602,2.3952832,-0.028596435,0.7082043,0.82483894,-0.058716107,-0.237161,1.2406878,-0.003940213,-0.26385167,-0.010809458,1.9971714,-0.050930183,0.5739033,0.19807811,0.27331668,1.2542218,-0.13435768,0.64480245,-0.063783765,2.6530228,-0.008893487,0.608151,-0.01609124,0.50900203,0.93628746,1.0778382,-0.1600937,1.5729133,2.076849,-0.010343911,1.0772439,0.29817504,-0.10545426,-0.13310264,-0.0064070784,-0.056079347,2.1079826,-0.34336242,-0.024981491,-0.0749002,0.12567326,1.6892313,-0.09319512,0.3038283,-0.028439794,-0.25268555
TCGA-QG-A5YV,-0.05733311,0.14168707,1.8220695,1.101217,-0.27770594,1.9912776,2.3765855,0.5884105,0.5431975,-0.012576878,0.045053773,0.65765136,0.34313694,0.71663225,-0.004647375,0.59299064,-0.054911245,2.2543762,2.8464887,-0.035341762,0.7589541,-0.023022842,-0.03256706,-0.19140415,1.1067356,-0.019746615,-0.31109393,0.35179165,2.3736892,-0.060615964,0.7160079,0.48518813,0.39790422,1.0359153,-0.20635991,0.54846084,-0.037478607,2.7394369,1.2225548,0.47856498,-0.029787624,1.0782322,1.0496547,1.5594848,-0.21221566,2.0985646,2.2391438,0.5179972,1.1526928,0.74631965,-0.1300235,-0.16803758,0.035747543,-0.08358036,2.3806586,-0.3877811,-0.023358112,-0.0540619,1.3311607,1.8388648,-0.067776695,0.21753526,-0.039194558,-0.2478185
TCGA-QG-A5YW,-0.0154849915,-0.0035267787,1.8022264,0.3537618,-0.21074975,1.6221474,1.9319227,0.3397536,0.60953486,-0.0077311546,0.73517257,0.6147376,0.3974004,0.4761875,-0.02684362,0.0722912,-0.06623056,2.3345103,2.453989,-0.025185535,0.76343685,0.36403888,-0.055225756,-0.095657356,0.8946751,-0.009833651,-0.25578734,0.5062287,2.2052238,-0.0028378759,0.3406676,0.40400094,0.23931816,0.8060012,-0.155439,0.2929864,-0.0037782954,2.3012142,0.26711833,0.22510633,-0.040880404,1.809443,0.79427147,1.5199856,-0.15339874,1.9390626,1.9880767,0.4183494,0.9058768,0.78216606,-0.12131591,-0.15096208,0.043664463,-0.070687614,2.125146,-0.30211782,-0.04378478,-0.061802268,1.3198301,1.3314286,-0.058975007,-0.0027690863,-0.02759836,-0.19566056
TCGA-QG-A5YX,-0.03327825,-0.02659132,1.4158303,0.86812717,-0.123314574,1.1514764,1.4845155,0.44983336,0.46395856,-0.033703715,0.8283706,0.45164624,0.14974701,0.598567,-0.009402096,0.2603641,-0.02508125,1.3617554,1.6253674,-0.017994812,0.49496254,-0.033847652,-0.058998663,-0.1084433,1.1298409,-0.01285927,-0.18225917,0.2920731,1.5991015,-0.01064688,0.43579018,0.38838124,0.22162396,0.26304767,-0.12105554,0.009037361,-0.0022097446,1.7946627,0.65751934,0.41480398,-0.03649685,1.1754131,0.6816527,0.7998116,-0.11772066,1.0782665,1.6695443,0.25202504,0.49779785,0.19893053,-0.07765297,-0.08267512,-0.035289373,-0.077090256,1.7416486,-0.21818566,-0.024860568,-0.032279905,0.6151538,1.26376,-0.039706048,0.19918862,-0.013765748,-0.12336043
TCGA-QG-A5Z1,-0.062531225,0.22623889,2.3292387,0.5547213,-0.3518351,2.717511,2.7562485,1.3985566,1.3445449,-0.026439091,0.50185066,0.7843273,0.33344343,1.3663979,-0.06468638,0.89011556,-0.040808868,2.7169695,2.8168695,-0.021221302,1.0124937,0.6800035,-0.0852213,-0.2894677,1.8910675,0.0008458197,-0.35834125,-0.008279844,2.543335,-0.03665336,0.9820215,0.71896344,0.034393854,1.5790248,-0.18911223,0.7633695,-0.056724854,2.9753575,0.56380665,0.8685515,-0.045691967,0.6311978,1.2124864,1.7216024,-0.22000818,2.2360299,2.4491746,0.5050319,1.1353092,0.90502465,-0.11304549,-0.13651285,-0.002841957,-0.09389948,2.4768834,-0.40797278,-0.02493526,-0.058857966,0.28245127,2.016464,-0.12039168,0.3780011,-0.0666654,-0.26659605
TCGA-QG-A5Z2,-0.054647017,0.3587318,2.0636094,0.3866368,-0.45315012,2.4415786,3.1480234,0.71330357,0.83236426,-0.039817892,0.70499825,0.9315197,0.28407022,1.3136272,-0.04744985,0.3202733,-0.04406212,2.6637528,2.8623657,0.061090186,0.88281566,0.7210626,-0.13830021,-0.2540376,1.2391975,-0.017999073,-0.3709384,-0.025979457,2.509809,-0.025364,0.7725856,0.42271435,0.013808409,1.9180672,-0.17759453,0.53612155,-0.029540947,2.914973,0.3245023,0.7907177,-0.03279924,-0.012650348,1.0693706,2.2993693,-0.20002373,1.8361938,2.4846842,0.48351783,0.012850642,0.4209581,-0.11277624,-0.18091926,-0.035295885,-0.085894406,2.4972453,-0.456004,0.19967796,-0.082696185,0.4428766,1.9866823,-0.11357738,0.31453228,-0.01934833,-0.30301163
TCGA-QL-A97D,-0.051401515,0.40465385,1.8665525,0.6197526,-0.2566919,1.691564,2.2283201,0.8151377,0.15235013,-0.030475387,0.30892244,0.4724293,0.51487917,1.1273215,-0.038951974,0.16109467,-0.061170883,2.3771057,2.583688,-0.035024192,0.797877,0.023350243,-0.06693039,-0.14524163,0.7307714,0.3009524,-0.26482067,0.43022713,2.2536862,-0.008940831,0.51305056,0.612304,0.5876203,1.1227878,-0.19949378,0.56555265,-0.002639421,2.3875294,0.25357607,0.19930702,-0.032764863,1.0571684,0.66230047,0.96866316,-0.1621597,1.6208979,2.262064,0.28290272,0.28008246,0.18436152,-0.12701216,-0.15845399,-0.0053727734,-0.05684943,2.2038097,-0.3714069,-0.042891953,-0.044438723,0.91185147,1.4141754,-0.08339619,-0.0015865341,0.02617602,-0.2115012
TCGA-RU-A8FL,-0.046820134,0.133891,1.9149987,0.30903226,-0.27698663,1.7963244,2.018668,0.78253996,1.7938875,-0.01903486,1.4754587,0.8114499,0.42189083,1.1454254,-0.04412214,0.57277626,-0.050761968,2.1724908,2.3659604,-0.020446511,0.62185276,0.8687819,-0.07873424,-0.19607349,1.081141,0.0038839504,-0.30365342,0.3736247,2.091092,-0.017228184,0.21265085,0.39699847,-0.008541546,1.3379146,-0.18117408,0.4958184,-0.041631646,2.3567524,0.05030535,0.36524373,-0.014868583,1.133097,1.1726978,1.4421937,-0.16294132,1.7259382,2.1587386,0.48956782,1.0252824,0.840127,-0.06278617,-0.12768626,-0.0006416716,-0.068822585,2.2169797,-0.3332407,-0.087446816,-0.08749681,0.884417,1.7400503,-0.09286185,0.1525547,-0.021121917,-0.22013782
TCGA-SS-A7HO,-0.031205384,-0.021272358,1.5308627,0.5129238,-0.19397731,1.2230808,1.4970562,-0.000118282675,0.72683775,-0.0043095225,1.1910669,0.32081637,0.23906828,0.2690172,-0.024709988,0.121361315,-0.065634996,1.4255089,1.6838571,-0.020292034,0.54418856,0.5194082,-0.023973882,-0.0918034,0.7789591,-0.002860849,-0.20613141,0.37749138,1.8961713,-0.010571717,0.63646096,0.22891088,0.24058488,0.8918372,-0.12295127,0.14943649,-0.043052733,1.8773626,0.18928425,0.43856817,-0.017072791,1.0901121,0.6785391,1.5741134,-0.1737542,1.620275,1.5674528,0.65866196,0.8615394,0.66083175,-0.054780837,-0.13276704,-0.014367128,-0.042844515,1.7614782,-0.24795876,-0.060742307,-0.052180745,1.7580994,1.2465917,-0.07784556,-0.0015732866,-0.0043428144,-0.17622498
TCGA-T9-A92H,-0.040534604,0.13881496,1.768146,0.3030077,-0.22968762,1.8956362,1.7711878,1.7093635,1.097334,-0.0334135,0.6668954,0.6305077,0.29160318,1.2960192,-0.03556605,0.45019633,-0.052019138,2.1212826,2.1769078,-0.046316817,0.9470448,0.2555199,-0.106588855,-0.23709972,1.8422474,0.17381935,-0.30369198,0.085565686,2.0075214,-0.049617812,0.3200811,0.61784345,0.20186482,0.97991306,-0.14941233,0.7076047,-0.072746016,2.300324,0.3815494,0.44639653,-0.033207312,0.9688399,0.8874994,0.79078394,-0.1481233,1.3826587,1.9993973,0.2539453,0.73608786,0.67361677,-0.06762994,-0.08651759,-0.024902875,-0.055363763,1.9608698,-0.2730427,-0.02403652,-0.055705477,0.3592037,1.8349515,-0.08179207,0.07807192,-0.046110954,-0.21568497
TCGA-WS-AB45,-0.027553577,0.29434776,1.6297618,0.34392026,-0.30029115,2.1558363,2.1369307,0.91102886,0.33501282,-0.04984744,0.17079735,0.56900424,0.3752216,1.0213239,-0.026437996,0.052392654,-0.00822715,2.2740128,2.5776193,-0.034203712,0.7297013,1.0797981,-0.06953098,-0.122197084,0.06297021,-0.022117978,-0.24844308,-0.04383808,2.588223,-0.017604617,0.37591812,0.4810251,0.43097937,1.7909017,-0.2008276,1.0182168,-0.0057912725,2.5225804,0.22784097,0.27388394,-0.02347457,0.51776874,0.8892165,0.8975959,-0.17061171,1.658472,2.1465595,0.15806414,0.02127181,0.59972966,-0.12328213,-0.19754401,0.2004108,-0.09017843,2.2881303,-0.36046597,-0.029729424,-0.066805415,1.5812758,1.4985474,-0.07517078,0.19551334,-0.0363797,-0.2362893
